[2026-07-15 20:44:03] model=btwm domain=dmc task=dmc_walker_walk
seed=1 gpu=1 steps=1000000 logdir=/home/zhangpeiying01/lfy/btwm-7.7/runs/btwm_dmc_walker_walk_seed1_w002_b11_1m
variant=v2 param_matched=1 inv_weight=0.02 head_weight=0.0 inv_bins=11 confidence_gating=False policy_weight=0.0
command: python /home/zhangpeiying01/lfy/btwm-7.7/dreamerv3/dreamerv3/main.py --logdir /home/zhangpeiying01/lfy/btwm-7.7/runs/btwm_dmc_walker_walk_seed1_w002_b11_1m --configs dmc_vision --task dmc_walker_walk --seed 1 --run.steps 1000000 --replay.size 300000 --agent.use_btwm True --agent.inv_loss_weight 0.02 --agent.inv_head_loss_weight 0.0 --agent.inv_num_bins 11 --agent.inv_confidence_gating False --agent.inv_policy_weight 0.0 --batch_size 8 --batch_length 32 --report_length 32
---  ___                           __   ______ ---
--- |   \ _ _ ___ __ _ _ __  ___ _ \ \ / /__ / ---
--- | |) | '_/ -_) _` | '  \/ -_) '/\ V / |_ \ ---
--- |___/|_| \___\__,_|_|_|_\___|_|  \_/ |___/ ---
Replica: 0 / 1
Logdir: /home/zhangpeiying01/lfy/btwm-7.7/runs/btwm_dmc_walker_walk_seed1_w002_b11_1m
Run script: train
Observations
  is_first         Space(bool, shape=(), low=False, high=True)
  is_last          Space(bool, shape=(), low=False, high=True)
  is_terminal      Space(bool, shape=(), low=False, high=True)
  reward           Space(float32, shape=(), low=-inf, high=inf)
  image            Space(uint8, shape=(64, 64, 3), low=0, high=255)
Actions
  action           Space(float32, shape=(6,), low=-1.0, high=1.0)
Extras
  consec           Space(int32, shape=(), low=-2147483648, high=2147483647)
  stepid           Space(uint8, shape=(20,), low=0, high=255)
  dyn/deter        Space(float32, shape=(8192,), low=-inf, high=inf)
  dyn/stoch        Space(float32, shape=(32, 64), low=-inf, high=inf)
JAX devices (1): [cuda:0]
Policy devices: cuda:0
Train devices:  cuda:0
Initializing parameters...
Optimizer opt has 168,129,360 params:
    97,664,578 dyn
    20,282,115 dec
    12,850,431 val
    12,601,356 pol
    10,749,183 rew
    10,488,833 con
     3,492,864 enc
Done initializing!
Compiling 1 checkpoint groups...
Largest checkpoint group: 2 GB
Compiling train and report...
Train cost analysis:
  FLOPS:            2.3e+11
  Memory (temp):    1.8e+09
  Memory (inputs):  2.1e+09
  Memory (outputs): 2.1e+09
  Memory (code):    4.1e+06

Report cost analysis:
  FLOPS:            8.4e+09
  Memory (temp):    3.4e+08
  Memory (inputs):  4.9e+08
  Memory (outputs): 1.0e+07
  Memory (code):    8.1e+06

Done compiling!
Found existing checkpoint.
Loading checkpoint: /home/zhangpeiying01/lfy/btwm-7.7/runs/btwm_dmc_walker_walk_seed1_w002_b11_1m/ckpt/20260715T163501F766470
Loaded checkpoint.
Start training loop

--------------------[Agent Step 353_392]--------------------
Metrics filtered by: 'score|length|fps|ratio|train/loss/|train/acc/|train/inv/|train/rand/'
train/acc/inv 0.52 / train/inv/ce 1.6 / train/inv/confidence 0.24 / train/inv/confidence_gating 0 / train/inv/effective_rep_weight 0.02 / train/inv/head_objective 0.67 / train/inv/head_weight 0 / train/inv/objective 0.67 / train/inv/policy_weight_max 1 / train/inv/policy_weight_mean 1 / train/inv/policy_weight_min 1 / train/inv/policy_weight_std 0 / train/inv/valid_frac 1 / train/inv/weight 0.02 / train/loss/con 0.02 / train/loss/dyn 3.43 / train/loss/image 2.64 / train/loss/inv 0.01 / train/loss/policy -4.9e-3 / train/loss/rep 3.43 / train/loss/repval 0.8 / train/loss/rew 0.62 / train/loss/value 0.76 / replay/replay_ratio 969.38 / fps/policy 4.49 / fps/train 1149.8

Writing metrics: /home/zhangpeiying01/lfy/btwm-7.7/runs/btwm_dmc_walker_walk_seed1_w002_b11_1m/metrics.jsonl
Writing metrics: /home/zhangpeiying01/lfy/btwm-7.7/runs/btwm_dmc_walker_walk_seed1_w002_b11_1m/scores.jsonl

--------------------[Agent Step 354_080]--------------------
Metrics filtered by: 'score|length|fps|ratio|train/loss/|train/acc/|train/inv/|train/rand/'
train/acc/inv 0.52 / train/inv/ce 1.59 / train/inv/confidence 0.24 / train/inv/confidence_gating 0 / train/inv/effective_rep_weight 0.02 / train/inv/head_objective 0.66 / train/inv/head_weight 0 / train/inv/objective 0.66 / train/inv/policy_weight_max 1 / train/inv/policy_weight_mean 1 / train/inv/policy_weight_min 1 / train/inv/policy_weight_std 0 / train/inv/valid_frac 1 / train/inv/weight 0.02 / train/loss/con 0.02 / train/loss/dyn 3.06 / train/loss/image 2.55 / train/loss/inv 0.01 / train/loss/policy -4.2e-3 / train/loss/rep 3.06 / train/loss/repval 0.81 / train/loss/rew 0.62 / train/loss/value 0.77 / replay/replay_ratio 264 / fps/policy 5.66 / fps/train 1449.64

Writing metrics: /home/zhangpeiying01/lfy/btwm-7.7/runs/btwm_dmc_walker_walk_seed1_w002_b11_1m/metrics.jsonl
Writing metrics: /home/zhangpeiying01/lfy/btwm-7.7/runs/btwm_dmc_walker_walk_seed1_w002_b11_1m/scores.jsonl

--------------------[Agent Step 354_800]--------------------
Metrics filtered by: 'score|length|fps|ratio|train/loss/|train/acc/|train/inv/|train/rand/'
train/acc/inv 0.52 / train/inv/ce 1.6 / train/inv/confidence 0.24 / train/inv/confidence_gating 0 / train/inv/effective_rep_weight 0.02 / train/inv/head_objective 0.67 / train/inv/head_weight 0 / train/inv/objective 0.67 / train/inv/policy_weight_max 1 / train/inv/policy_weight_mean 1 / train/inv/policy_weight_min 1 / train/inv/policy_weight_std 0 / train/inv/valid_frac 1 / train/inv/weight 0.02 / train/loss/con 0.02 / train/loss/dyn 2.76 / train/loss/image 2.36 / train/loss/inv 0.01 / train/loss/policy -7.1e-3 / train/loss/rep 2.76 / train/loss/repval 0.8 / train/loss/rew 0.63 / train/loss/value 0.76 / replay/replay_ratio 264 / fps/policy 5.93 / fps/train 1517.1

Writing metrics: /home/zhangpeiying01/lfy/btwm-7.7/runs/btwm_dmc_walker_walk_seed1_w002_b11_1m/metrics.jsonl
Writing metrics: /home/zhangpeiying01/lfy/btwm-7.7/runs/btwm_dmc_walker_walk_seed1_w002_b11_1m/scores.jsonl

--------------------[Agent Step 355_248]--------------------
Metrics filtered by: 'score|length|fps|ratio|train/loss/|train/acc/|train/inv/|train/rand/'
train/acc/inv 0.52 / train/inv/ce 1.6 / train/inv/confidence 0.24 / train/inv/confidence_gating 0 / train/inv/effective_rep_weight 0.02 / train/inv/head_objective 0.67 / train/inv/head_weight 0 / train/inv/objective 0.67 / train/inv/policy_weight_max 1 / train/inv/policy_weight_mean 1 / train/inv/policy_weight_min 1 / train/inv/policy_weight_std 0 / train/inv/valid_frac 1 / train/inv/weight 0.02 / train/loss/con 0.02 / train/loss/dyn 2.66 / train/loss/image 2.3 / train/loss/inv 0.01 / train/loss/policy -6.5e-3 / train/loss/rep 2.66 / train/loss/repval 0.8 / train/loss/rew 0.62 / train/loss/value 0.76 / replay/replay_ratio 264 / fps/policy 3.72 / fps/train 951.99

Writing metrics: /home/zhangpeiying01/lfy/btwm-7.7/runs/btwm_dmc_walker_walk_seed1_w002_b11_1m/scores.jsonl
Writing metrics: /home/zhangpeiying01/lfy/btwm-7.7/runs/btwm_dmc_walker_walk_seed1_w002_b11_1m/metrics.jsonl

--------------------[Agent Step 356_048]--------------------
Metrics filtered by: 'score|length|fps|ratio|train/loss/|train/acc/|train/inv/|train/rand/'
train/acc/inv 0.52 / train/inv/ce 1.6 / train/inv/confidence 0.24 / train/inv/confidence_gating 0 / train/inv/effective_rep_weight 0.02 / train/inv/head_objective 0.67 / train/inv/head_weight 0 / train/inv/objective 0.67 / train/inv/policy_weight_max 1 / train/inv/policy_weight_mean 1 / train/inv/policy_weight_min 1 / train/inv/policy_weight_std 0 / train/inv/valid_frac 1 / train/inv/weight 0.02 / train/loss/con 0.02 / train/loss/dyn 2.67 / train/loss/image 2.3 / train/loss/inv 0.01 / train/loss/policy -7.8e-3 / train/loss/rep 2.67 / train/loss/repval 0.8 / train/loss/rew 0.63 / train/loss/value 0.76 / replay/replay_ratio 264 / fps/policy 6.56 / fps/train 1678.59

Writing metrics: /home/zhangpeiying01/lfy/btwm-7.7/runs/btwm_dmc_walker_walk_seed1_w002_b11_1m/metrics.jsonl
Writing metrics: /home/zhangpeiying01/lfy/btwm-7.7/runs/btwm_dmc_walker_walk_seed1_w002_b11_1m/scores.jsonl

--------------------[Agent Step 356_752]--------------------
Metrics filtered by: 'score|length|fps|ratio|train/loss/|train/acc/|train/inv/|train/rand/'
train/acc/inv 0.52 / train/inv/ce 1.6 / train/inv/confidence 0.24 / train/inv/confidence_gating 0 / train/inv/effective_rep_weight 0.02 / train/inv/head_objective 0.67 / train/inv/head_weight 0 / train/inv/objective 0.67 / train/inv/policy_weight_max 1 / train/inv/policy_weight_mean 1 / train/inv/policy_weight_min 1 / train/inv/policy_weight_std 0 / train/inv/valid_frac 1 / train/inv/weight 0.02 / train/loss/con 0.02 / train/loss/dyn 2.63 / train/loss/image 2.28 / train/loss/inv 0.01 / train/loss/policy -3.2e-3 / train/loss/rep 2.63 / train/loss/repval 0.8 / train/loss/rew 0.63 / train/loss/value 0.76 / replay/replay_ratio 264 / fps/policy 5.86 / fps/train 1500.24

Writing metrics: /home/zhangpeiying01/lfy/btwm-7.7/runs/btwm_dmc_walker_walk_seed1_w002_b11_1m/scores.jsonl
Writing metrics: /home/zhangpeiying01/lfy/btwm-7.7/runs/btwm_dmc_walker_walk_seed1_w002_b11_1m/metrics.jsonl

--------------------[Agent Step 357_456]--------------------
Metrics filtered by: 'score|length|fps|ratio|train/loss/|train/acc/|train/inv/|train/rand/'
train/acc/inv 0.52 / train/inv/ce 1.6 / train/inv/confidence 0.24 / train/inv/confidence_gating 0 / train/inv/effective_rep_weight 0.02 / train/inv/head_objective 0.67 / train/inv/head_weight 0 / train/inv/objective 0.67 / train/inv/policy_weight_max 1 / train/inv/policy_weight_mean 1 / train/inv/policy_weight_min 1 / train/inv/policy_weight_std 0 / train/inv/valid_frac 1 / train/inv/weight 0.02 / train/loss/con 0.02 / train/loss/dyn 2.64 / train/loss/image 2.28 / train/loss/inv 0.01 / train/loss/policy -7.1e-3 / train/loss/rep 2.64 / train/loss/repval 0.8 / train/loss/rew 0.62 / train/loss/value 0.76 / replay/replay_ratio 264 / fps/policy 5.79 / fps/train 1481

Writing metrics: /home/zhangpeiying01/lfy/btwm-7.7/runs/btwm_dmc_walker_walk_seed1_w002_b11_1m/metrics.jsonl
Writing metrics: /home/zhangpeiying01/lfy/btwm-7.7/runs/btwm_dmc_walker_walk_seed1_w002_b11_1m/scores.jsonl

--------------------[Agent Step 358_160]--------------------
Metrics filtered by: 'score|length|fps|ratio|train/loss/|train/acc/|train/inv/|train/rand/'
train/acc/inv 0.52 / train/inv/ce 1.6 / train/inv/confidence 0.24 / train/inv/confidence_gating 0 / train/inv/effective_rep_weight 0.02 / train/inv/head_objective 0.67 / train/inv/head_weight 0 / train/inv/objective 0.67 / train/inv/policy_weight_max 1 / train/inv/policy_weight_mean 1 / train/inv/policy_weight_min 1 / train/inv/policy_weight_std 0 / train/inv/valid_frac 1 / train/inv/weight 0.02 / train/loss/con 0.02 / train/loss/dyn 2.65 / train/loss/image 2.31 / train/loss/inv 0.01 / train/loss/policy -8.1e-3 / train/loss/rep 2.65 / train/loss/repval 0.8 / train/loss/rew 0.62 / train/loss/value 0.76 / replay/replay_ratio 264 / fps/policy 5.78 / fps/train 1478.87

Writing metrics: /home/zhangpeiying01/lfy/btwm-7.7/runs/btwm_dmc_walker_walk_seed1_w002_b11_1m/scores.jsonl
Writing metrics: /home/zhangpeiying01/lfy/btwm-7.7/runs/btwm_dmc_walker_walk_seed1_w002_b11_1m/metrics.jsonl

--------------------[Agent Step 358_864]--------------------
Metrics filtered by: 'score|length|fps|ratio|train/loss/|train/acc/|train/inv/|train/rand/'
train/acc/inv 0.52 / train/inv/ce 1.6 / train/inv/confidence 0.24 / train/inv/confidence_gating 0 / train/inv/effective_rep_weight 0.02 / train/inv/head_objective 0.67 / train/inv/head_weight 0 / train/inv/objective 0.67 / train/inv/policy_weight_max 1 / train/inv/policy_weight_mean 1 / train/inv/policy_weight_min 1 / train/inv/policy_weight_std 0 / train/inv/valid_frac 1 / train/inv/weight 0.02 / train/loss/con 0.02 / train/loss/dyn 2.57 / train/loss/image 2.24 / train/loss/inv 0.01 / train/loss/policy -7.4e-3 / train/loss/rep 2.57 / train/loss/repval 0.8 / train/loss/rew 0.63 / train/loss/value 0.76 / replay/replay_ratio 264 / fps/policy 5.75 / fps/train 1472.53

Writing metrics: /home/zhangpeiying01/lfy/btwm-7.7/runs/btwm_dmc_walker_walk_seed1_w002_b11_1m/metrics.jsonl
Writing metrics: /home/zhangpeiying01/lfy/btwm-7.7/runs/btwm_dmc_walker_walk_seed1_w002_b11_1m/scores.jsonl

--------------------[Agent Step 359_552]--------------------
Metrics filtered by: 'score|length|fps|ratio|train/loss/|train/acc/|train/inv/|train/rand/'
train/acc/inv 0.52 / train/inv/ce 1.6 / train/inv/confidence 0.24 / train/inv/confidence_gating 0 / train/inv/effective_rep_weight 0.02 / train/inv/head_objective 0.67 / train/inv/head_weight 0 / train/inv/objective 0.67 / train/inv/policy_weight_max 1 / train/inv/policy_weight_mean 1 / train/inv/policy_weight_min 1 / train/inv/policy_weight_std 0 / train/inv/valid_frac 1 / train/inv/weight 0.02 / train/loss/con 0.02 / train/loss/dyn 2.6 / train/loss/image 2.27 / train/loss/inv 0.01 / train/loss/policy -9.5e-3 / train/loss/rep 2.6 / train/loss/repval 0.8 / train/loss/rew 0.62 / train/loss/value 0.76 / replay/replay_ratio 264 / fps/policy 5.73 / fps/train 1467.15

Writing metrics: /home/zhangpeiying01/lfy/btwm-7.7/runs/btwm_dmc_walker_walk_seed1_w002_b11_1m/metrics.jsonl
Writing metrics: /home/zhangpeiying01/lfy/btwm-7.7/runs/btwm_dmc_walker_walk_seed1_w002_b11_1m/scores.jsonl

--------------------[Agent Step 360_256]--------------------
Metrics filtered by: 'score|length|fps|ratio|train/loss/|train/acc/|train/inv/|train/rand/'
train/acc/inv 0.52 / train/inv/ce 1.6 / train/inv/confidence 0.24 / train/inv/confidence_gating 0 / train/inv/effective_rep_weight 0.02 / train/inv/head_objective 0.67 / train/inv/head_weight 0 / train/inv/objective 0.67 / train/inv/policy_weight_max 1 / train/inv/policy_weight_mean 1 / train/inv/policy_weight_min 1 / train/inv/policy_weight_std 0 / train/inv/valid_frac 1 / train/inv/weight 0.02 / train/loss/con 0.02 / train/loss/dyn 2.69 / train/loss/image 2.29 / train/loss/inv 0.01 / train/loss/policy -7.5e-3 / train/loss/rep 2.69 / train/loss/repval 0.8 / train/loss/rew 0.63 / train/loss/value 0.76 / replay/replay_ratio 264 / fps/policy 5.76 / fps/train 1474.11

Writing metrics: /home/zhangpeiying01/lfy/btwm-7.7/runs/btwm_dmc_walker_walk_seed1_w002_b11_1m/scores.jsonl
Writing metrics: /home/zhangpeiying01/lfy/btwm-7.7/runs/btwm_dmc_walker_walk_seed1_w002_b11_1m/metrics.jsonl

--------------------[Agent Step 360_960]--------------------
Metrics filtered by: 'score|length|fps|ratio|train/loss/|train/acc/|train/inv/|train/rand/'
train/acc/inv 0.52 / train/inv/ce 1.61 / train/inv/confidence 0.23 / train/inv/confidence_gating 0 / train/inv/effective_rep_weight 0.02 / train/inv/head_objective 0.67 / train/inv/head_weight 0 / train/inv/objective 0.67 / train/inv/policy_weight_max 1 / train/inv/policy_weight_mean 1 / train/inv/policy_weight_min 1 / train/inv/policy_weight_std 0 / train/inv/valid_frac 1 / train/inv/weight 0.02 / train/loss/con 0.02 / train/loss/dyn 2.6 / train/loss/image 2.23 / train/loss/inv 0.01 / train/loss/policy -7.5e-3 / train/loss/rep 2.6 / train/loss/repval 0.8 / train/loss/rew 0.63 / train/loss/value 0.76 / replay/replay_ratio 264 / fps/policy 5.78 / fps/train 1478.73

Writing metrics: /home/zhangpeiying01/lfy/btwm-7.7/runs/btwm_dmc_walker_walk_seed1_w002_b11_1m/metrics.jsonl
Writing metrics: /home/zhangpeiying01/lfy/btwm-7.7/runs/btwm_dmc_walker_walk_seed1_w002_b11_1m/scores.jsonl

--------------------[Agent Step 361_664]--------------------
Metrics filtered by: 'score|length|fps|ratio|train/loss/|train/acc/|train/inv/|train/rand/'
train/acc/inv 0.53 / train/inv/ce 1.6 / train/inv/confidence 0.24 / train/inv/confidence_gating 0 / train/inv/effective_rep_weight 0.02 / train/inv/head_objective 0.67 / train/inv/head_weight 0 / train/inv/objective 0.67 / train/inv/policy_weight_max 1 / train/inv/policy_weight_mean 1 / train/inv/policy_weight_min 1 / train/inv/policy_weight_std 0 / train/inv/valid_frac 1 / train/inv/weight 0.02 / train/loss/con 0.02 / train/loss/dyn 2.59 / train/loss/image 2.24 / train/loss/inv 0.01 / train/loss/policy -8e-3 / train/loss/rep 2.59 / train/loss/repval 0.8 / train/loss/rew 0.63 / train/loss/value 0.76 / replay/replay_ratio 264 / fps/policy 5.74 / fps/train 1468.96

Writing metrics: /home/zhangpeiying01/lfy/btwm-7.7/runs/btwm_dmc_walker_walk_seed1_w002_b11_1m/metrics.jsonl
Writing metrics: /home/zhangpeiying01/lfy/btwm-7.7/runs/btwm_dmc_walker_walk_seed1_w002_b11_1m/scores.jsonl

--------------------[Agent Step 362_368]--------------------
Metrics filtered by: 'score|length|fps|ratio|train/loss/|train/acc/|train/inv/|train/rand/'
train/acc/inv 0.52 / train/inv/ce 1.6 / train/inv/confidence 0.24 / train/inv/confidence_gating 0 / train/inv/effective_rep_weight 0.02 / train/inv/head_objective 0.67 / train/inv/head_weight 0 / train/inv/objective 0.67 / train/inv/policy_weight_max 1 / train/inv/policy_weight_mean 1 / train/inv/policy_weight_min 1 / train/inv/policy_weight_std 0 / train/inv/valid_frac 1 / train/inv/weight 0.02 / train/loss/con 0.02 / train/loss/dyn 2.59 / train/loss/image 2.23 / train/loss/inv 0.01 / train/loss/policy -6.8e-3 / train/loss/rep 2.59 / train/loss/repval 0.8 / train/loss/rew 0.63 / train/loss/value 0.76 / replay/replay_ratio 264 / fps/policy 5.78 / fps/train 1478.78

Writing metrics: /home/zhangpeiying01/lfy/btwm-7.7/runs/btwm_dmc_walker_walk_seed1_w002_b11_1m/scores.jsonl
Writing metrics: /home/zhangpeiying01/lfy/btwm-7.7/runs/btwm_dmc_walker_walk_seed1_w002_b11_1m/metrics.jsonl

--------------------[Agent Step 363_072]--------------------
Metrics filtered by: 'score|length|fps|ratio|train/loss/|train/acc/|train/inv/|train/rand/'
train/acc/inv 0.52 / train/inv/ce 1.61 / train/inv/confidence 0.23 / train/inv/confidence_gating 0 / train/inv/effective_rep_weight 0.02 / train/inv/head_objective 0.67 / train/inv/head_weight 0 / train/inv/objective 0.67 / train/inv/policy_weight_max 1 / train/inv/policy_weight_mean 1 / train/inv/policy_weight_min 1 / train/inv/policy_weight_std 0 / train/inv/valid_frac 1 / train/inv/weight 0.02 / train/loss/con 0.02 / train/loss/dyn 2.59 / train/loss/image 2.2 / train/loss/inv 0.01 / train/loss/policy -3e-3 / train/loss/rep 2.59 / train/loss/repval 0.8 / train/loss/rew 0.63 / train/loss/value 0.76 / replay/replay_ratio 264 / fps/policy 5.77 / fps/train 1475.84

Writing metrics: /home/zhangpeiying01/lfy/btwm-7.7/runs/btwm_dmc_walker_walk_seed1_w002_b11_1m/metrics.jsonl
Writing metrics: /home/zhangpeiying01/lfy/btwm-7.7/runs/btwm_dmc_walker_walk_seed1_w002_b11_1m/scores.jsonl

--------------------[Agent Step 363_776]--------------------
Metrics filtered by: 'score|length|fps|ratio|train/loss/|train/acc/|train/inv/|train/rand/'
train/acc/inv 0.52 / train/inv/ce 1.61 / train/inv/confidence 0.23 / train/inv/confidence_gating 0 / train/inv/effective_rep_weight 0.02 / train/inv/head_objective 0.67 / train/inv/head_weight 0 / train/inv/objective 0.67 / train/inv/policy_weight_max 1 / train/inv/policy_weight_mean 1 / train/inv/policy_weight_min 1 / train/inv/policy_weight_std 0 / train/inv/valid_frac 1 / train/inv/weight 0.02 / train/loss/con 0.02 / train/loss/dyn 2.54 / train/loss/image 2.18 / train/loss/inv 0.01 / train/loss/policy 7.5e-5 / train/loss/rep 2.54 / train/loss/repval 0.79 / train/loss/rew 0.63 / train/loss/value 0.76 / replay/replay_ratio 264 / fps/policy 5.78 / fps/train 1479.67

Writing metrics: /home/zhangpeiying01/lfy/btwm-7.7/runs/btwm_dmc_walker_walk_seed1_w002_b11_1m/metrics.jsonl
Writing metrics: /home/zhangpeiying01/lfy/btwm-7.7/runs/btwm_dmc_walker_walk_seed1_w002_b11_1m/scores.jsonl

--------------------[Agent Step 364_464]--------------------
Metrics filtered by: 'score|length|fps|ratio|train/loss/|train/acc/|train/inv/|train/rand/'
train/acc/inv 0.52 / train/inv/ce 1.6 / train/inv/confidence 0.24 / train/inv/confidence_gating 0 / train/inv/effective_rep_weight 0.02 / train/inv/head_objective 0.67 / train/inv/head_weight 0 / train/inv/objective 0.67 / train/inv/policy_weight_max 1 / train/inv/policy_weight_mean 1 / train/inv/policy_weight_min 1 / train/inv/policy_weight_std 0 / train/inv/valid_frac 1 / train/inv/weight 0.02 / train/loss/con 0.02 / train/loss/dyn 2.58 / train/loss/image 2.2 / train/loss/inv 0.01 / train/loss/policy -3.6e-3 / train/loss/rep 2.58 / train/loss/repval 0.8 / train/loss/rew 0.63 / train/loss/value 0.76 / replay/replay_ratio 264 / fps/policy 5.68 / fps/train 1455.14

Writing metrics: /home/zhangpeiying01/lfy/btwm-7.7/runs/btwm_dmc_walker_walk_seed1_w002_b11_1m/metrics.jsonl
Writing metrics: /home/zhangpeiying01/lfy/btwm-7.7/runs/btwm_dmc_walker_walk_seed1_w002_b11_1m/scores.jsonl

--------------------[Agent Step 365_152]--------------------
Metrics filtered by: 'score|length|fps|ratio|train/loss/|train/acc/|train/inv/|train/rand/'
train/acc/inv 0.52 / train/inv/ce 1.61 / train/inv/confidence 0.24 / train/inv/confidence_gating 0 / train/inv/effective_rep_weight 0.02 / train/inv/head_objective 0.67 / train/inv/head_weight 0 / train/inv/objective 0.67 / train/inv/policy_weight_max 1 / train/inv/policy_weight_mean 1 / train/inv/policy_weight_min 1 / train/inv/policy_weight_std 0 / train/inv/valid_frac 1 / train/inv/weight 0.02 / train/loss/con 0.02 / train/loss/dyn 2.58 / train/loss/image 2.22 / train/loss/inv 0.01 / train/loss/policy -2.8e-3 / train/loss/rep 2.58 / train/loss/repval 0.79 / train/loss/rew 0.63 / train/loss/value 0.76 / replay/replay_ratio 264 / fps/policy 5.72 / fps/train 1464.77

Writing metrics: /home/zhangpeiying01/lfy/btwm-7.7/runs/btwm_dmc_walker_walk_seed1_w002_b11_1m/metrics.jsonl
Writing metrics: /home/zhangpeiying01/lfy/btwm-7.7/runs/btwm_dmc_walker_walk_seed1_w002_b11_1m/scores.jsonl

--------------------[Agent Step 365_872]--------------------
Metrics filtered by: 'score|length|fps|ratio|train/loss/|train/acc/|train/inv/|train/rand/'
train/acc/inv 0.52 / train/inv/ce 1.61 / train/inv/confidence 0.23 / train/inv/confidence_gating 0 / train/inv/effective_rep_weight 0.02 / train/inv/head_objective 0.67 / train/inv/head_weight 0 / train/inv/objective 0.67 / train/inv/policy_weight_max 1 / train/inv/policy_weight_mean 1 / train/inv/policy_weight_min 1 / train/inv/policy_weight_std 0 / train/inv/valid_frac 1 / train/inv/weight 0.02 / train/loss/con 0.02 / train/loss/dyn 2.59 / train/loss/image 2.21 / train/loss/inv 0.01 / train/loss/policy -2.4e-3 / train/loss/rep 2.59 / train/loss/repval 0.79 / train/loss/rew 0.63 / train/loss/value 0.76 / replay/replay_ratio 264 / fps/policy 5.9 / fps/train 1510.74

Writing metrics: /home/zhangpeiying01/lfy/btwm-7.7/runs/btwm_dmc_walker_walk_seed1_w002_b11_1m/scores.jsonl
Writing metrics: /home/zhangpeiying01/lfy/btwm-7.7/runs/btwm_dmc_walker_walk_seed1_w002_b11_1m/metrics.jsonl

--------------------[Agent Step 366_592]--------------------
Metrics filtered by: 'score|length|fps|ratio|train/loss/|train/acc/|train/inv/|train/rand/'
train/acc/inv 0.52 / train/inv/ce 1.6 / train/inv/confidence 0.24 / train/inv/confidence_gating 0 / train/inv/effective_rep_weight 0.02 / train/inv/head_objective 0.67 / train/inv/head_weight 0 / train/inv/objective 0.67 / train/inv/policy_weight_max 1 / train/inv/policy_weight_mean 1 / train/inv/policy_weight_min 1 / train/inv/policy_weight_std 0 / train/inv/valid_frac 1 / train/inv/weight 0.02 / train/loss/con 0.02 / train/loss/dyn 2.6 / train/loss/image 2.21 / train/loss/inv 0.01 / train/loss/policy -5.7e-3 / train/loss/rep 2.6 / train/loss/repval 0.79 / train/loss/rew 0.63 / train/loss/value 0.75 / replay/replay_ratio 264 / fps/policy 5.88 / fps/train 1505.47

Writing metrics: /home/zhangpeiying01/lfy/btwm-7.7/runs/btwm_dmc_walker_walk_seed1_w002_b11_1m/metrics.jsonl
Writing metrics: /home/zhangpeiying01/lfy/btwm-7.7/runs/btwm_dmc_walker_walk_seed1_w002_b11_1m/scores.jsonl

--------------------[Agent Step 367_328]--------------------
Metrics filtered by: 'score|length|fps|ratio|train/loss/|train/acc/|train/inv/|train/rand/'
train/acc/inv 0.53 / train/inv/ce 1.6 / train/inv/confidence 0.24 / train/inv/confidence_gating 0 / train/inv/effective_rep_weight 0.02 / train/inv/head_objective 0.67 / train/inv/head_weight 0 / train/inv/objective 0.67 / train/inv/policy_weight_max 1 / train/inv/policy_weight_mean 1 / train/inv/policy_weight_min 1 / train/inv/policy_weight_std 0 / train/inv/valid_frac 1 / train/inv/weight 0.02 / train/loss/con 0.02 / train/loss/dyn 2.57 / train/loss/image 2.2 / train/loss/inv 0.01 / train/loss/policy -4.2e-3 / train/loss/rep 2.57 / train/loss/repval 0.79 / train/loss/rew 0.63 / train/loss/value 0.75 / replay/replay_ratio 264 / fps/policy 6.01 / fps/train 1538.31

Writing metrics: /home/zhangpeiying01/lfy/btwm-7.7/runs/btwm_dmc_walker_walk_seed1_w002_b11_1m/metrics.jsonl
Writing metrics: /home/zhangpeiying01/lfy/btwm-7.7/runs/btwm_dmc_walker_walk_seed1_w002_b11_1m/scores.jsonl

--------------------[Agent Step 368_064]--------------------
Metrics filtered by: 'score|length|fps|ratio|train/loss/|train/acc/|train/inv/|train/rand/'
train/acc/inv 0.52 / train/inv/ce 1.62 / train/inv/confidence 0.23 / train/inv/confidence_gating 0 / train/inv/effective_rep_weight 0.02 / train/inv/head_objective 0.67 / train/inv/head_weight 0 / train/inv/objective 0.67 / train/inv/policy_weight_max 1 / train/inv/policy_weight_mean 1 / train/inv/policy_weight_min 1 / train/inv/policy_weight_std 0 / train/inv/valid_frac 1 / train/inv/weight 0.02 / train/loss/con 0.02 / train/loss/dyn 2.59 / train/loss/image 2.15 / train/loss/inv 0.01 / train/loss/policy -1.6e-3 / train/loss/rep 2.59 / train/loss/repval 0.78 / train/loss/rew 0.63 / train/loss/value 0.75 / replay/replay_ratio 264 / fps/policy 6.04 / fps/train 1547.12

Writing metrics: /home/zhangpeiying01/lfy/btwm-7.7/runs/btwm_dmc_walker_walk_seed1_w002_b11_1m/scores.jsonl
Writing metrics: /home/zhangpeiying01/lfy/btwm-7.7/runs/btwm_dmc_walker_walk_seed1_w002_b11_1m/metrics.jsonl

--------------------[Agent Step 368_800]--------------------
Metrics filtered by: 'score|length|fps|ratio|train/loss/|train/acc/|train/inv/|train/rand/'
episode/score 980.95 / episode/length 1001 / train/acc/inv 0.52 / train/inv/ce 1.62 / train/inv/confidence 0.23 / train/inv/confidence_gating 0 / train/inv/effective_rep_weight 0.02 / train/inv/head_objective 0.67 / train/inv/head_weight 0 / train/inv/objective 0.67 / train/inv/policy_weight_max 1 / train/inv/policy_weight_mean 1 / train/inv/policy_weight_min 1 / train/inv/policy_weight_std 0 / train/inv/valid_frac 1 / train/inv/weight 0.02 / train/loss/con 0.02 / train/loss/dyn 2.56 / train/loss/image 2.16 / train/loss/inv 0.01 / train/loss/policy -5.1e-3 / train/loss/rep 2.56 / train/loss/repval 0.78 / train/loss/rew 0.63 / train/loss/value 0.75 / replay/replay_ratio 264 / fps/policy 6.05 / fps/train 1548.78

Writing metrics: /home/zhangpeiying01/lfy/btwm-7.7/runs/btwm_dmc_walker_walk_seed1_w002_b11_1m/metrics.jsonl
Writing metrics: /home/zhangpeiying01/lfy/btwm-7.7/runs/btwm_dmc_walker_walk_seed1_w002_b11_1m/scores.jsonl

--------------------[Agent Step 369_520]--------------------
Metrics filtered by: 'score|length|fps|ratio|train/loss/|train/acc/|train/inv/|train/rand/'
train/acc/inv 0.52 / train/inv/ce 1.62 / train/inv/confidence 0.23 / train/inv/confidence_gating 0 / train/inv/effective_rep_weight 0.02 / train/inv/head_objective 0.68 / train/inv/head_weight 0 / train/inv/objective 0.68 / train/inv/policy_weight_max 1 / train/inv/policy_weight_mean 1 / train/inv/policy_weight_min 1 / train/inv/policy_weight_std 0 / train/inv/valid_frac 1 / train/inv/weight 0.02 / train/loss/con 0.02 / train/loss/dyn 2.7 / train/loss/image 2.32 / train/loss/inv 0.01 / train/loss/policy -1.8e-3 / train/loss/rep 2.7 / train/loss/repval 0.78 / train/loss/rew 0.63 / train/loss/value 0.75 / replay/replay_ratio 264 / fps/policy 5.91 / fps/train 1511.7

Writing metrics: /home/zhangpeiying01/lfy/btwm-7.7/runs/btwm_dmc_walker_walk_seed1_w002_b11_1m/metrics.jsonl
Writing metrics: /home/zhangpeiying01/lfy/btwm-7.7/runs/btwm_dmc_walker_walk_seed1_w002_b11_1m/scores.jsonl

--------------------[Agent Step 370_208]--------------------
Metrics filtered by: 'score|length|fps|ratio|train/loss/|train/acc/|train/inv/|train/rand/'
train/acc/inv 0.52 / train/inv/ce 1.62 / train/inv/confidence 0.23 / train/inv/confidence_gating 0 / train/inv/effective_rep_weight 0.02 / train/inv/head_objective 0.68 / train/inv/head_weight 0 / train/inv/objective 0.68 / train/inv/policy_weight_max 1 / train/inv/policy_weight_mean 1 / train/inv/policy_weight_min 1 / train/inv/policy_weight_std 0 / train/inv/valid_frac 1 / train/inv/weight 0.02 / train/loss/con 0.02 / train/loss/dyn 2.73 / train/loss/image 2.34 / train/loss/inv 0.01 / train/loss/policy -1.3e-3 / train/loss/rep 2.73 / train/loss/repval 0.78 / train/loss/rew 0.63 / train/loss/value 0.75 / replay/replay_ratio 264 / fps/policy 5.72 / fps/train 1464.36

Writing metrics: /home/zhangpeiying01/lfy/btwm-7.7/runs/btwm_dmc_walker_walk_seed1_w002_b11_1m/scores.jsonl
Writing metrics: /home/zhangpeiying01/lfy/btwm-7.7/runs/btwm_dmc_walker_walk_seed1_w002_b11_1m/metrics.jsonl

--------------------[Agent Step 370_912]--------------------
Metrics filtered by: 'score|length|fps|ratio|train/loss/|train/acc/|train/inv/|train/rand/'
train/acc/inv 0.52 / train/inv/ce 1.61 / train/inv/confidence 0.23 / train/inv/confidence_gating 0 / train/inv/effective_rep_weight 0.02 / train/inv/head_objective 0.67 / train/inv/head_weight 0 / train/inv/objective 0.67 / train/inv/policy_weight_max 1 / train/inv/policy_weight_mean 1 / train/inv/policy_weight_min 1 / train/inv/policy_weight_std 0 / train/inv/valid_frac 1 / train/inv/weight 0.02 / train/loss/con 0.02 / train/loss/dyn 2.6 / train/loss/image 2.25 / train/loss/inv 0.01 / train/loss/policy -5.5e-3 / train/loss/rep 2.6 / train/loss/repval 0.78 / train/loss/rew 0.63 / train/loss/value 0.75 / replay/replay_ratio 264 / fps/policy 5.73 / fps/train 1467.85

Writing metrics: /home/zhangpeiying01/lfy/btwm-7.7/runs/btwm_dmc_walker_walk_seed1_w002_b11_1m/scores.jsonl
Writing metrics: /home/zhangpeiying01/lfy/btwm-7.7/runs/btwm_dmc_walker_walk_seed1_w002_b11_1m/metrics.jsonl

--------------------[Agent Step 371_632]--------------------
Metrics filtered by: 'score|length|fps|ratio|train/loss/|train/acc/|train/inv/|train/rand/'
train/acc/inv 0.52 / train/inv/ce 1.62 / train/inv/confidence 0.23 / train/inv/confidence_gating 0 / train/inv/effective_rep_weight 0.02 / train/inv/head_objective 0.68 / train/inv/head_weight 0 / train/inv/objective 0.68 / train/inv/policy_weight_max 1 / train/inv/policy_weight_mean 1 / train/inv/policy_weight_min 1 / train/inv/policy_weight_std 0 / train/inv/valid_frac 1 / train/inv/weight 0.02 / train/loss/con 0.02 / train/loss/dyn 2.64 / train/loss/image 2.28 / train/loss/inv 0.01 / train/loss/policy -4.6e-3 / train/loss/rep 2.64 / train/loss/repval 0.78 / train/loss/rew 0.63 / train/loss/value 0.75 / replay/replay_ratio 264 / fps/policy 5.91 / fps/train 1512.4

Writing metrics: /home/zhangpeiying01/lfy/btwm-7.7/runs/btwm_dmc_walker_walk_seed1_w002_b11_1m/metrics.jsonl
Writing metrics: /home/zhangpeiying01/lfy/btwm-7.7/runs/btwm_dmc_walker_walk_seed1_w002_b11_1m/scores.jsonl

--------------------[Agent Step 372_336]--------------------
Metrics filtered by: 'score|length|fps|ratio|train/loss/|train/acc/|train/inv/|train/rand/'
train/acc/inv 0.52 / train/inv/ce 1.62 / train/inv/confidence 0.23 / train/inv/confidence_gating 0 / train/inv/effective_rep_weight 0.02 / train/inv/head_objective 0.67 / train/inv/head_weight 0 / train/inv/objective 0.67 / train/inv/policy_weight_max 1 / train/inv/policy_weight_mean 1 / train/inv/policy_weight_min 1 / train/inv/policy_weight_std 0 / train/inv/valid_frac 1 / train/inv/weight 0.02 / train/loss/con 0.02 / train/loss/dyn 2.57 / train/loss/image 2.19 / train/loss/inv 0.01 / train/loss/policy -5.9e-3 / train/loss/rep 2.57 / train/loss/repval 0.78 / train/loss/rew 0.63 / train/loss/value 0.74 / replay/replay_ratio 264 / fps/policy 5.86 / fps/train 1499.77

Writing metrics: /home/zhangpeiying01/lfy/btwm-7.7/runs/btwm_dmc_walker_walk_seed1_w002_b11_1m/metrics.jsonl
Writing metrics: /home/zhangpeiying01/lfy/btwm-7.7/runs/btwm_dmc_walker_walk_seed1_w002_b11_1m/scores.jsonl

--------------------[Agent Step 373_040]--------------------
Metrics filtered by: 'score|length|fps|ratio|train/loss/|train/acc/|train/inv/|train/rand/'
train/acc/inv 0.52 / train/inv/ce 1.62 / train/inv/confidence 0.23 / train/inv/confidence_gating 0 / train/inv/effective_rep_weight 0.02 / train/inv/head_objective 0.67 / train/inv/head_weight 0 / train/inv/objective 0.67 / train/inv/policy_weight_max 1 / train/inv/policy_weight_mean 1 / train/inv/policy_weight_min 1 / train/inv/policy_weight_std 0 / train/inv/valid_frac 1 / train/inv/weight 0.02 / train/loss/con 0.02 / train/loss/dyn 2.55 / train/loss/image 2.2 / train/loss/inv 0.01 / train/loss/policy -6e-3 / train/loss/rep 2.55 / train/loss/repval 0.78 / train/loss/rew 0.63 / train/loss/value 0.75 / replay/replay_ratio 264 / fps/policy 5.85 / fps/train 1498.5

Writing metrics: /home/zhangpeiying01/lfy/btwm-7.7/runs/btwm_dmc_walker_walk_seed1_w002_b11_1m/metrics.jsonl
Writing metrics: /home/zhangpeiying01/lfy/btwm-7.7/runs/btwm_dmc_walker_walk_seed1_w002_b11_1m/scores.jsonl
Saving checkpoint: /home/zhangpeiying01/lfy/btwm-7.7/runs/btwm_dmc_walker_walk_seed1_w002_b11_1m/ckpt/20260715T214651F222187
Saved checkpoint.

--------------------[Agent Step 373_744]--------------------
Metrics filtered by: 'score|length|fps|ratio|train/loss/|train/acc/|train/inv/|train/rand/'
train/acc/inv 0.52 / train/inv/ce 1.62 / train/inv/confidence 0.23 / train/inv/confidence_gating 0 / train/inv/effective_rep_weight 0.02 / train/inv/head_objective 0.68 / train/inv/head_weight 0 / train/inv/objective 0.68 / train/inv/policy_weight_max 1 / train/inv/policy_weight_mean 1 / train/inv/policy_weight_min 1 / train/inv/policy_weight_std 0 / train/inv/valid_frac 1 / train/inv/weight 0.02 / train/loss/con 0.02 / train/loss/dyn 2.59 / train/loss/image 2.2 / train/loss/inv 0.01 / train/loss/policy -4.5e-3 / train/loss/rep 2.59 / train/loss/repval 0.78 / train/loss/rew 0.63 / train/loss/value 0.75 / replay/replay_ratio 264 / fps/policy 5.8 / fps/train 1485.49

Writing metrics: /home/zhangpeiying01/lfy/btwm-7.7/runs/btwm_dmc_walker_walk_seed1_w002_b11_1m/metrics.jsonl
Writing metrics: /home/zhangpeiying01/lfy/btwm-7.7/runs/btwm_dmc_walker_walk_seed1_w002_b11_1m/scores.jsonl

--------------------[Agent Step 374_448]--------------------
Metrics filtered by: 'score|length|fps|ratio|train/loss/|train/acc/|train/inv/|train/rand/'
train/acc/inv 0.52 / train/inv/ce 1.62 / train/inv/confidence 0.23 / train/inv/confidence_gating 0 / train/inv/effective_rep_weight 0.02 / train/inv/head_objective 0.67 / train/inv/head_weight 0 / train/inv/objective 0.67 / train/inv/policy_weight_max 1 / train/inv/policy_weight_mean 1 / train/inv/policy_weight_min 1 / train/inv/policy_weight_std 0 / train/inv/valid_frac 1 / train/inv/weight 0.02 / train/loss/con 0.02 / train/loss/dyn 2.58 / train/loss/image 2.2 / train/loss/inv 0.01 / train/loss/policy -6.2e-3 / train/loss/rep 2.58 / train/loss/repval 0.78 / train/loss/rew 0.63 / train/loss/value 0.75 / replay/replay_ratio 264 / fps/policy 5.77 / fps/train 1476.56

Writing metrics: /home/zhangpeiying01/lfy/btwm-7.7/runs/btwm_dmc_walker_walk_seed1_w002_b11_1m/metrics.jsonl
Writing metrics: /home/zhangpeiying01/lfy/btwm-7.7/runs/btwm_dmc_walker_walk_seed1_w002_b11_1m/scores.jsonl

--------------------[Agent Step 375_152]--------------------
Metrics filtered by: 'score|length|fps|ratio|train/loss/|train/acc/|train/inv/|train/rand/'
train/acc/inv 0.52 / train/inv/ce 1.62 / train/inv/confidence 0.23 / train/inv/confidence_gating 0 / train/inv/effective_rep_weight 0.02 / train/inv/head_objective 0.67 / train/inv/head_weight 0 / train/inv/objective 0.67 / train/inv/policy_weight_max 1 / train/inv/policy_weight_mean 1 / train/inv/policy_weight_min 1 / train/inv/policy_weight_std 0 / train/inv/valid_frac 1 / train/inv/weight 0.02 / train/loss/con 0.02 / train/loss/dyn 2.57 / train/loss/image 2.19 / train/loss/inv 0.01 / train/loss/policy -5.6e-3 / train/loss/rep 2.57 / train/loss/repval 0.78 / train/loss/rew 0.63 / train/loss/value 0.75 / replay/replay_ratio 264 / fps/policy 5.84 / fps/train 1496.29

Writing metrics: /home/zhangpeiying01/lfy/btwm-7.7/runs/btwm_dmc_walker_walk_seed1_w002_b11_1m/metrics.jsonl
Writing metrics: /home/zhangpeiying01/lfy/btwm-7.7/runs/btwm_dmc_walker_walk_seed1_w002_b11_1m/scores.jsonl

--------------------[Agent Step 375_872]--------------------
Metrics filtered by: 'score|length|fps|ratio|train/loss/|train/acc/|train/inv/|train/rand/'
train/acc/inv 0.52 / train/inv/ce 1.62 / train/inv/confidence 0.23 / train/inv/confidence_gating 0 / train/inv/effective_rep_weight 0.02 / train/inv/head_objective 0.68 / train/inv/head_weight 0 / train/inv/objective 0.68 / train/inv/policy_weight_max 1 / train/inv/policy_weight_mean 1 / train/inv/policy_weight_min 1 / train/inv/policy_weight_std 0 / train/inv/valid_frac 1 / train/inv/weight 0.02 / train/loss/con 0.02 / train/loss/dyn 2.56 / train/loss/image 2.17 / train/loss/inv 0.01 / train/loss/policy -9.4e-4 / train/loss/rep 2.56 / train/loss/repval 0.78 / train/loss/rew 0.63 / train/loss/value 0.74 / replay/replay_ratio 264 / fps/policy 5.88 / fps/train 1505.3

Writing metrics: /home/zhangpeiying01/lfy/btwm-7.7/runs/btwm_dmc_walker_walk_seed1_w002_b11_1m/scores.jsonl
Writing metrics: /home/zhangpeiying01/lfy/btwm-7.7/runs/btwm_dmc_walker_walk_seed1_w002_b11_1m/metrics.jsonl

--------------------[Agent Step 376_592]--------------------
Metrics filtered by: 'score|length|fps|ratio|train/loss/|train/acc/|train/inv/|train/rand/'
train/acc/inv 0.52 / train/inv/ce 1.62 / train/inv/confidence 0.23 / train/inv/confidence_gating 0 / train/inv/effective_rep_weight 0.02 / train/inv/head_objective 0.67 / train/inv/head_weight 0 / train/inv/objective 0.67 / train/inv/policy_weight_max 1 / train/inv/policy_weight_mean 1 / train/inv/policy_weight_min 1 / train/inv/policy_weight_std 0 / train/inv/valid_frac 1 / train/inv/weight 0.02 / train/loss/con 0.02 / train/loss/dyn 2.59 / train/loss/image 2.19 / train/loss/inv 0.01 / train/loss/policy -4.6e-3 / train/loss/rep 2.59 / train/loss/repval 0.78 / train/loss/rew 0.63 / train/loss/value 0.74 / replay/replay_ratio 264 / fps/policy 5.89 / fps/train 1506.72

Writing metrics: /home/zhangpeiying01/lfy/btwm-7.7/runs/btwm_dmc_walker_walk_seed1_w002_b11_1m/metrics.jsonl
Writing metrics: /home/zhangpeiying01/lfy/btwm-7.7/runs/btwm_dmc_walker_walk_seed1_w002_b11_1m/scores.jsonl

--------------------[Agent Step 377_296]--------------------
Metrics filtered by: 'score|length|fps|ratio|train/loss/|train/acc/|train/inv/|train/rand/'
train/acc/inv 0.52 / train/inv/ce 1.62 / train/inv/confidence 0.23 / train/inv/confidence_gating 0 / train/inv/effective_rep_weight 0.02 / train/inv/head_objective 0.67 / train/inv/head_weight 0 / train/inv/objective 0.67 / train/inv/policy_weight_max 1 / train/inv/policy_weight_mean 1 / train/inv/policy_weight_min 1 / train/inv/policy_weight_std 0 / train/inv/valid_frac 1 / train/inv/weight 0.02 / train/loss/con 0.02 / train/loss/dyn 2.54 / train/loss/image 2.13 / train/loss/inv 0.01 / train/loss/policy -3.4e-3 / train/loss/rep 2.54 / train/loss/repval 0.78 / train/loss/rew 0.63 / train/loss/value 0.74 / replay/replay_ratio 264 / fps/policy 5.86 / fps/train 1499.56

Writing metrics: /home/zhangpeiying01/lfy/btwm-7.7/runs/btwm_dmc_walker_walk_seed1_w002_b11_1m/scores.jsonl
Writing metrics: /home/zhangpeiying01/lfy/btwm-7.7/runs/btwm_dmc_walker_walk_seed1_w002_b11_1m/metrics.jsonl

--------------------[Agent Step 377_984]--------------------
Metrics filtered by: 'score|length|fps|ratio|train/loss/|train/acc/|train/inv/|train/rand/'
train/acc/inv 0.52 / train/inv/ce 1.61 / train/inv/confidence 0.23 / train/inv/confidence_gating 0 / train/inv/effective_rep_weight 0.02 / train/inv/head_objective 0.67 / train/inv/head_weight 0 / train/inv/objective 0.67 / train/inv/policy_weight_max 1 / train/inv/policy_weight_mean 1 / train/inv/policy_weight_min 1 / train/inv/policy_weight_std 0 / train/inv/valid_frac 1 / train/inv/weight 0.02 / train/loss/con 0.02 / train/loss/dyn 2.59 / train/loss/image 2.18 / train/loss/inv 0.01 / train/loss/policy -6.5e-3 / train/loss/rep 2.59 / train/loss/repval 0.78 / train/loss/rew 0.63 / train/loss/value 0.75 / replay/replay_ratio 264 / fps/policy 5.72 / fps/train 1465.41

Writing metrics: /home/zhangpeiying01/lfy/btwm-7.7/runs/btwm_dmc_walker_walk_seed1_w002_b11_1m/scores.jsonl
Writing metrics: /home/zhangpeiying01/lfy/btwm-7.7/runs/btwm_dmc_walker_walk_seed1_w002_b11_1m/metrics.jsonl

--------------------[Agent Step 378_688]--------------------
Metrics filtered by: 'score|length|fps|ratio|train/loss/|train/acc/|train/inv/|train/rand/'
train/acc/inv 0.52 / train/inv/ce 1.61 / train/inv/confidence 0.23 / train/inv/confidence_gating 0 / train/inv/effective_rep_weight 0.02 / train/inv/head_objective 0.67 / train/inv/head_weight 0 / train/inv/objective 0.67 / train/inv/policy_weight_max 1 / train/inv/policy_weight_mean 1 / train/inv/policy_weight_min 1 / train/inv/policy_weight_std 0 / train/inv/valid_frac 1 / train/inv/weight 0.02 / train/loss/con 0.02 / train/loss/dyn 2.59 / train/loss/image 2.18 / train/loss/inv 0.01 / train/loss/policy -7.5e-3 / train/loss/rep 2.59 / train/loss/repval 0.78 / train/loss/rew 0.63 / train/loss/value 0.74 / replay/replay_ratio 264 / fps/policy 5.78 / fps/train 1478.71

Writing metrics: /home/zhangpeiying01/lfy/btwm-7.7/runs/btwm_dmc_walker_walk_seed1_w002_b11_1m/metrics.jsonl
Writing metrics: /home/zhangpeiying01/lfy/btwm-7.7/runs/btwm_dmc_walker_walk_seed1_w002_b11_1m/scores.jsonl

--------------------[Agent Step 379_392]--------------------
Metrics filtered by: 'score|length|fps|ratio|train/loss/|train/acc/|train/inv/|train/rand/'
train/acc/inv 0.52 / train/inv/ce 1.61 / train/inv/confidence 0.23 / train/inv/confidence_gating 0 / train/inv/effective_rep_weight 0.02 / train/inv/head_objective 0.67 / train/inv/head_weight 0 / train/inv/objective 0.67 / train/inv/policy_weight_max 1 / train/inv/policy_weight_mean 1 / train/inv/policy_weight_min 1 / train/inv/policy_weight_std 0 / train/inv/valid_frac 1 / train/inv/weight 0.02 / train/loss/con 0.02 / train/loss/dyn 2.58 / train/loss/image 2.19 / train/loss/inv 0.01 / train/loss/policy -6.5e-3 / train/loss/rep 2.58 / train/loss/repval 0.78 / train/loss/rew 0.63 / train/loss/value 0.75 / replay/replay_ratio 264 / fps/policy 5.76 / fps/train 1474.51

Writing metrics: /home/zhangpeiying01/lfy/btwm-7.7/runs/btwm_dmc_walker_walk_seed1_w002_b11_1m/metrics.jsonl
Writing metrics: /home/zhangpeiying01/lfy/btwm-7.7/runs/btwm_dmc_walker_walk_seed1_w002_b11_1m/scores.jsonl

--------------------[Agent Step 380_096]--------------------
Metrics filtered by: 'score|length|fps|ratio|train/loss/|train/acc/|train/inv/|train/rand/'
train/acc/inv 0.52 / train/inv/ce 1.61 / train/inv/confidence 0.23 / train/inv/confidence_gating 0 / train/inv/effective_rep_weight 0.02 / train/inv/head_objective 0.67 / train/inv/head_weight 0 / train/inv/objective 0.67 / train/inv/policy_weight_max 1 / train/inv/policy_weight_mean 1 / train/inv/policy_weight_min 1 / train/inv/policy_weight_std 0 / train/inv/valid_frac 1 / train/inv/weight 0.02 / train/loss/con 0.02 / train/loss/dyn 2.54 / train/loss/image 2.15 / train/loss/inv 0.01 / train/loss/policy -8.1e-3 / train/loss/rep 2.54 / train/loss/repval 0.78 / train/loss/rew 0.63 / train/loss/value 0.75 / replay/replay_ratio 264 / fps/policy 5.79 / fps/train 1481.95

Writing metrics: /home/zhangpeiying01/lfy/btwm-7.7/runs/btwm_dmc_walker_walk_seed1_w002_b11_1m/metrics.jsonl
Writing metrics: /home/zhangpeiying01/lfy/btwm-7.7/runs/btwm_dmc_walker_walk_seed1_w002_b11_1m/scores.jsonl

--------------------[Agent Step 380_800]--------------------
Metrics filtered by: 'score|length|fps|ratio|train/loss/|train/acc/|train/inv/|train/rand/'
train/acc/inv 0.52 / train/inv/ce 1.62 / train/inv/confidence 0.23 / train/inv/confidence_gating 0 / train/inv/effective_rep_weight 0.02 / train/inv/head_objective 0.68 / train/inv/head_weight 0 / train/inv/objective 0.68 / train/inv/policy_weight_max 1 / train/inv/policy_weight_mean 1 / train/inv/policy_weight_min 1 / train/inv/policy_weight_std 0 / train/inv/valid_frac 1 / train/inv/weight 0.02 / train/loss/con 0.02 / train/loss/dyn 2.58 / train/loss/image 2.16 / train/loss/inv 0.01 / train/loss/policy -4.9e-3 / train/loss/rep 2.58 / train/loss/repval 0.78 / train/loss/rew 0.63 / train/loss/value 0.74 / replay/replay_ratio 264 / fps/policy 5.8 / fps/train 1484.34

Writing metrics: /home/zhangpeiying01/lfy/btwm-7.7/runs/btwm_dmc_walker_walk_seed1_w002_b11_1m/scores.jsonl
Writing metrics: /home/zhangpeiying01/lfy/btwm-7.7/runs/btwm_dmc_walker_walk_seed1_w002_b11_1m/metrics.jsonl

--------------------[Agent Step 381_504]--------------------
Metrics filtered by: 'score|length|fps|ratio|train/loss/|train/acc/|train/inv/|train/rand/'
train/acc/inv 0.52 / train/inv/ce 1.61 / train/inv/confidence 0.23 / train/inv/confidence_gating 0 / train/inv/effective_rep_weight 0.02 / train/inv/head_objective 0.67 / train/inv/head_weight 0 / train/inv/objective 0.67 / train/inv/policy_weight_max 1 / train/inv/policy_weight_mean 1 / train/inv/policy_weight_min 1 / train/inv/policy_weight_std 0 / train/inv/valid_frac 1 / train/inv/weight 0.02 / train/loss/con 0.02 / train/loss/dyn 2.54 / train/loss/image 2.15 / train/loss/inv 0.01 / train/loss/policy -5.7e-3 / train/loss/rep 2.54 / train/loss/repval 0.78 / train/loss/rew 0.63 / train/loss/value 0.74 / replay/replay_ratio 264 / fps/policy 5.8 / fps/train 1484.49

Writing metrics: /home/zhangpeiying01/lfy/btwm-7.7/runs/btwm_dmc_walker_walk_seed1_w002_b11_1m/metrics.jsonl
Writing metrics: /home/zhangpeiying01/lfy/btwm-7.7/runs/btwm_dmc_walker_walk_seed1_w002_b11_1m/scores.jsonl

--------------------[Agent Step 382_208]--------------------
Metrics filtered by: 'score|length|fps|ratio|train/loss/|train/acc/|train/inv/|train/rand/'
train/acc/inv 0.52 / train/inv/ce 1.61 / train/inv/confidence 0.23 / train/inv/confidence_gating 0 / train/inv/effective_rep_weight 0.02 / train/inv/head_objective 0.67 / train/inv/head_weight 0 / train/inv/objective 0.67 / train/inv/policy_weight_max 1 / train/inv/policy_weight_mean 1 / train/inv/policy_weight_min 1 / train/inv/policy_weight_std 0 / train/inv/valid_frac 1 / train/inv/weight 0.02 / train/loss/con 0.02 / train/loss/dyn 2.56 / train/loss/image 2.16 / train/loss/inv 0.01 / train/loss/policy -5.5e-3 / train/loss/rep 2.56 / train/loss/repval 0.78 / train/loss/rew 0.63 / train/loss/value 0.75 / replay/replay_ratio 264 / fps/policy 5.76 / fps/train 1475.71

Writing metrics: /home/zhangpeiying01/lfy/btwm-7.7/runs/btwm_dmc_walker_walk_seed1_w002_b11_1m/metrics.jsonl
Writing metrics: /home/zhangpeiying01/lfy/btwm-7.7/runs/btwm_dmc_walker_walk_seed1_w002_b11_1m/scores.jsonl

--------------------[Agent Step 382_896]--------------------
Metrics filtered by: 'score|length|fps|ratio|train/loss/|train/acc/|train/inv/|train/rand/'
train/acc/inv 0.52 / train/inv/ce 1.61 / train/inv/confidence 0.23 / train/inv/confidence_gating 0 / train/inv/effective_rep_weight 0.02 / train/inv/head_objective 0.67 / train/inv/head_weight 0 / train/inv/objective 0.67 / train/inv/policy_weight_max 1 / train/inv/policy_weight_mean 1 / train/inv/policy_weight_min 1 / train/inv/policy_weight_std 0 / train/inv/valid_frac 1 / train/inv/weight 0.02 / train/loss/con 0.02 / train/loss/dyn 2.57 / train/loss/image 2.16 / train/loss/inv 0.01 / train/loss/policy -8.4e-3 / train/loss/rep 2.57 / train/loss/repval 0.78 / train/loss/rew 0.63 / train/loss/value 0.75 / replay/replay_ratio 264 / fps/policy 5.73 / fps/train 1466.68

Writing metrics: /home/zhangpeiying01/lfy/btwm-7.7/runs/btwm_dmc_walker_walk_seed1_w002_b11_1m/metrics.jsonl
Writing metrics: /home/zhangpeiying01/lfy/btwm-7.7/runs/btwm_dmc_walker_walk_seed1_w002_b11_1m/scores.jsonl

--------------------[Agent Step 383_584]--------------------
Metrics filtered by: 'score|length|fps|ratio|train/loss/|train/acc/|train/inv/|train/rand/'
train/acc/inv 0.52 / train/inv/ce 1.61 / train/inv/confidence 0.23 / train/inv/confidence_gating 0 / train/inv/effective_rep_weight 0.02 / train/inv/head_objective 0.67 / train/inv/head_weight 0 / train/inv/objective 0.67 / train/inv/policy_weight_max 1 / train/inv/policy_weight_mean 1 / train/inv/policy_weight_min 1 / train/inv/policy_weight_std 0 / train/inv/valid_frac 1 / train/inv/weight 0.02 / train/loss/con 0.02 / train/loss/dyn 2.54 / train/loss/image 2.11 / train/loss/inv 0.01 / train/loss/policy -4.8e-3 / train/loss/rep 2.54 / train/loss/repval 0.78 / train/loss/rew 0.63 / train/loss/value 0.74 / replay/replay_ratio 264 / fps/policy 5.69 / fps/train 1457.45

Writing metrics: /home/zhangpeiying01/lfy/btwm-7.7/runs/btwm_dmc_walker_walk_seed1_w002_b11_1m/metrics.jsonl
Writing metrics: /home/zhangpeiying01/lfy/btwm-7.7/runs/btwm_dmc_walker_walk_seed1_w002_b11_1m/scores.jsonl

--------------------[Agent Step 384_272]--------------------
Metrics filtered by: 'score|length|fps|ratio|train/loss/|train/acc/|train/inv/|train/rand/'
train/acc/inv 0.52 / train/inv/ce 1.62 / train/inv/confidence 0.23 / train/inv/confidence_gating 0 / train/inv/effective_rep_weight 0.02 / train/inv/head_objective 0.67 / train/inv/head_weight 0 / train/inv/objective 0.67 / train/inv/policy_weight_max 1 / train/inv/policy_weight_mean 1 / train/inv/policy_weight_min 1 / train/inv/policy_weight_std 0 / train/inv/valid_frac 1 / train/inv/weight 0.02 / train/loss/con 0.02 / train/loss/dyn 2.54 / train/loss/image 2.12 / train/loss/inv 0.01 / train/loss/policy -6e-3 / train/loss/rep 2.54 / train/loss/repval 0.78 / train/loss/rew 0.63 / train/loss/value 0.74 / replay/replay_ratio 264 / fps/policy 5.67 / fps/train 1452.61

Writing metrics: /home/zhangpeiying01/lfy/btwm-7.7/runs/btwm_dmc_walker_walk_seed1_w002_b11_1m/metrics.jsonl
Writing metrics: /home/zhangpeiying01/lfy/btwm-7.7/runs/btwm_dmc_walker_walk_seed1_w002_b11_1m/scores.jsonl

--------------------[Agent Step 384_960]--------------------
Metrics filtered by: 'score|length|fps|ratio|train/loss/|train/acc/|train/inv/|train/rand/'
episode/score 931.59 / episode/length 1001 / train/acc/inv 0.52 / train/inv/ce 1.61 / train/inv/confidence 0.23 / train/inv/confidence_gating 0 / train/inv/effective_rep_weight 0.02 / train/inv/head_objective 0.67 / train/inv/head_weight 0 / train/inv/objective 0.67 / train/inv/policy_weight_max 1 / train/inv/policy_weight_mean 1 / train/inv/policy_weight_min 1 / train/inv/policy_weight_std 0 / train/inv/valid_frac 1 / train/inv/weight 0.02 / train/loss/con 0.02 / train/loss/dyn 2.64 / train/loss/image 2.23 / train/loss/inv 0.01 / train/loss/policy -4.9e-3 / train/loss/rep 2.64 / train/loss/repval 0.78 / train/loss/rew 0.63 / train/loss/value 0.75 / replay/replay_ratio 264 / fps/policy 5.69 / fps/train 1457.59

Writing metrics: /home/zhangpeiying01/lfy/btwm-7.7/runs/btwm_dmc_walker_walk_seed1_w002_b11_1m/metrics.jsonl
Writing metrics: /home/zhangpeiying01/lfy/btwm-7.7/runs/btwm_dmc_walker_walk_seed1_w002_b11_1m/scores.jsonl

--------------------[Agent Step 385_648]--------------------
Metrics filtered by: 'score|length|fps|ratio|train/loss/|train/acc/|train/inv/|train/rand/'
train/acc/inv 0.52 / train/inv/ce 1.62 / train/inv/confidence 0.23 / train/inv/confidence_gating 0 / train/inv/effective_rep_weight 0.02 / train/inv/head_objective 0.68 / train/inv/head_weight 0 / train/inv/objective 0.68 / train/inv/policy_weight_max 1 / train/inv/policy_weight_mean 1 / train/inv/policy_weight_min 1 / train/inv/policy_weight_std 0 / train/inv/valid_frac 1 / train/inv/weight 0.02 / train/loss/con 0.02 / train/loss/dyn 2.69 / train/loss/image 2.28 / train/loss/inv 0.01 / train/loss/policy -2.3e-3 / train/loss/rep 2.69 / train/loss/repval 0.78 / train/loss/rew 0.63 / train/loss/value 0.75 / replay/replay_ratio 264 / fps/policy 5.7 / fps/train 1460.17

Writing metrics: /home/zhangpeiying01/lfy/btwm-7.7/runs/btwm_dmc_walker_walk_seed1_w002_b11_1m/metrics.jsonl
Writing metrics: /home/zhangpeiying01/lfy/btwm-7.7/runs/btwm_dmc_walker_walk_seed1_w002_b11_1m/scores.jsonl

--------------------[Agent Step 386_336]--------------------
Metrics filtered by: 'score|length|fps|ratio|train/loss/|train/acc/|train/inv/|train/rand/'
train/acc/inv 0.53 / train/inv/ce 1.61 / train/inv/confidence 0.24 / train/inv/confidence_gating 0 / train/inv/effective_rep_weight 0.02 / train/inv/head_objective 0.67 / train/inv/head_weight 0 / train/inv/objective 0.67 / train/inv/policy_weight_max 1 / train/inv/policy_weight_mean 1 / train/inv/policy_weight_min 1 / train/inv/policy_weight_std 0 / train/inv/valid_frac 1 / train/inv/weight 0.02 / train/loss/con 0.02 / train/loss/dyn 2.6 / train/loss/image 2.22 / train/loss/inv 0.01 / train/loss/policy -6.6e-3 / train/loss/rep 2.6 / train/loss/repval 0.79 / train/loss/rew 0.63 / train/loss/value 0.75 / replay/replay_ratio 264 / fps/policy 5.69 / fps/train 1457.75

Writing metrics: /home/zhangpeiying01/lfy/btwm-7.7/runs/btwm_dmc_walker_walk_seed1_w002_b11_1m/scores.jsonl
Writing metrics: /home/zhangpeiying01/lfy/btwm-7.7/runs/btwm_dmc_walker_walk_seed1_w002_b11_1m/metrics.jsonl

--------------------[Agent Step 387_024]--------------------
Metrics filtered by: 'score|length|fps|ratio|train/loss/|train/acc/|train/inv/|train/rand/'
train/acc/inv 0.53 / train/inv/ce 1.61 / train/inv/confidence 0.23 / train/inv/confidence_gating 0 / train/inv/effective_rep_weight 0.02 / train/inv/head_objective 0.67 / train/inv/head_weight 0 / train/inv/objective 0.67 / train/inv/policy_weight_max 1 / train/inv/policy_weight_mean 1 / train/inv/policy_weight_min 1 / train/inv/policy_weight_std 0 / train/inv/valid_frac 1 / train/inv/weight 0.02 / train/loss/con 0.02 / train/loss/dyn 2.6 / train/loss/image 2.19 / train/loss/inv 0.01 / train/loss/policy -3.9e-3 / train/loss/rep 2.6 / train/loss/repval 0.78 / train/loss/rew 0.63 / train/loss/value 0.75 / replay/replay_ratio 264 / fps/policy 5.7 / fps/train 1460.1

Writing metrics: /home/zhangpeiying01/lfy/btwm-7.7/runs/btwm_dmc_walker_walk_seed1_w002_b11_1m/metrics.jsonl
Writing metrics: /home/zhangpeiying01/lfy/btwm-7.7/runs/btwm_dmc_walker_walk_seed1_w002_b11_1m/scores.jsonl

--------------------[Agent Step 387_712]--------------------
Metrics filtered by: 'score|length|fps|ratio|train/loss/|train/acc/|train/inv/|train/rand/'
train/acc/inv 0.53 / train/inv/ce 1.61 / train/inv/confidence 0.24 / train/inv/confidence_gating 0 / train/inv/effective_rep_weight 0.02 / train/inv/head_objective 0.67 / train/inv/head_weight 0 / train/inv/objective 0.67 / train/inv/policy_weight_max 1 / train/inv/policy_weight_mean 1 / train/inv/policy_weight_min 1 / train/inv/policy_weight_std 0 / train/inv/valid_frac 1 / train/inv/weight 0.02 / train/loss/con 0.02 / train/loss/dyn 2.52 / train/loss/image 2.14 / train/loss/inv 0.01 / train/loss/policy -3.9e-3 / train/loss/rep 2.52 / train/loss/repval 0.78 / train/loss/rew 0.63 / train/loss/value 0.75 / replay/replay_ratio 264 / fps/policy 5.7 / fps/train 1458.05

Writing metrics: /home/zhangpeiying01/lfy/btwm-7.7/runs/btwm_dmc_walker_walk_seed1_w002_b11_1m/metrics.jsonl
Writing metrics: /home/zhangpeiying01/lfy/btwm-7.7/runs/btwm_dmc_walker_walk_seed1_w002_b11_1m/scores.jsonl

--------------------[Agent Step 388_400]--------------------
Metrics filtered by: 'score|length|fps|ratio|train/loss/|train/acc/|train/inv/|train/rand/'
train/acc/inv 0.53 / train/inv/ce 1.61 / train/inv/confidence 0.24 / train/inv/confidence_gating 0 / train/inv/effective_rep_weight 0.02 / train/inv/head_objective 0.67 / train/inv/head_weight 0 / train/inv/objective 0.67 / train/inv/policy_weight_max 1 / train/inv/policy_weight_mean 1 / train/inv/policy_weight_min 1 / train/inv/policy_weight_std 0 / train/inv/valid_frac 1 / train/inv/weight 0.02 / train/loss/con 0.02 / train/loss/dyn 2.54 / train/loss/image 2.15 / train/loss/inv 0.01 / train/loss/policy -7.2e-3 / train/loss/rep 2.54 / train/loss/repval 0.78 / train/loss/rew 0.63 / train/loss/value 0.75 / replay/replay_ratio 264 / fps/policy 5.69 / fps/train 1455.88

Writing metrics: /home/zhangpeiying01/lfy/btwm-7.7/runs/btwm_dmc_walker_walk_seed1_w002_b11_1m/metrics.jsonl
Writing metrics: /home/zhangpeiying01/lfy/btwm-7.7/runs/btwm_dmc_walker_walk_seed1_w002_b11_1m/scores.jsonl

--------------------[Agent Step 389_088]--------------------
Metrics filtered by: 'score|length|fps|ratio|train/loss/|train/acc/|train/inv/|train/rand/'
train/acc/inv 0.53 / train/inv/ce 1.61 / train/inv/confidence 0.24 / train/inv/confidence_gating 0 / train/inv/effective_rep_weight 0.02 / train/inv/head_objective 0.67 / train/inv/head_weight 0 / train/inv/objective 0.67 / train/inv/policy_weight_max 1 / train/inv/policy_weight_mean 1 / train/inv/policy_weight_min 1 / train/inv/policy_weight_std 0 / train/inv/valid_frac 1 / train/inv/weight 0.02 / train/loss/con 0.02 / train/loss/dyn 2.56 / train/loss/image 2.16 / train/loss/inv 0.01 / train/loss/policy -6.5e-3 / train/loss/rep 2.56 / train/loss/repval 0.78 / train/loss/rew 0.63 / train/loss/value 0.75 / replay/replay_ratio 264 / fps/policy 5.69 / fps/train 1456.17

Writing metrics: /home/zhangpeiying01/lfy/btwm-7.7/runs/btwm_dmc_walker_walk_seed1_w002_b11_1m/metrics.jsonl
Writing metrics: /home/zhangpeiying01/lfy/btwm-7.7/runs/btwm_dmc_walker_walk_seed1_w002_b11_1m/scores.jsonl

--------------------[Agent Step 389_776]--------------------
Metrics filtered by: 'score|length|fps|ratio|train/loss/|train/acc/|train/inv/|train/rand/'
train/acc/inv 0.52 / train/inv/ce 1.62 / train/inv/confidence 0.23 / train/inv/confidence_gating 0 / train/inv/effective_rep_weight 0.02 / train/inv/head_objective 0.67 / train/inv/head_weight 0 / train/inv/objective 0.67 / train/inv/policy_weight_max 1 / train/inv/policy_weight_mean 1 / train/inv/policy_weight_min 1 / train/inv/policy_weight_std 0 / train/inv/valid_frac 1 / train/inv/weight 0.02 / train/loss/con 0.02 / train/loss/dyn 2.58 / train/loss/image 2.16 / train/loss/inv 0.01 / train/loss/policy -4.7e-3 / train/loss/rep 2.58 / train/loss/repval 0.78 / train/loss/rew 0.63 / train/loss/value 0.75 / replay/replay_ratio 264 / fps/policy 5.68 / fps/train 1454.55

Writing metrics: /home/zhangpeiying01/lfy/btwm-7.7/runs/btwm_dmc_walker_walk_seed1_w002_b11_1m/metrics.jsonl
Writing metrics: /home/zhangpeiying01/lfy/btwm-7.7/runs/btwm_dmc_walker_walk_seed1_w002_b11_1m/scores.jsonl

--------------------[Agent Step 390_480]--------------------
Metrics filtered by: 'score|length|fps|ratio|train/loss/|train/acc/|train/inv/|train/rand/'
train/acc/inv 0.52 / train/inv/ce 1.61 / train/inv/confidence 0.23 / train/inv/confidence_gating 0 / train/inv/effective_rep_weight 0.02 / train/inv/head_objective 0.67 / train/inv/head_weight 0 / train/inv/objective 0.67 / train/inv/policy_weight_max 1 / train/inv/policy_weight_mean 1 / train/inv/policy_weight_min 1 / train/inv/policy_weight_std 0 / train/inv/valid_frac 1 / train/inv/weight 0.02 / train/loss/con 0.02 / train/loss/dyn 2.55 / train/loss/image 2.16 / train/loss/inv 0.01 / train/loss/policy -8.1e-3 / train/loss/rep 2.55 / train/loss/repval 0.78 / train/loss/rew 0.63 / train/loss/value 0.75 / replay/replay_ratio 264 / fps/policy 5.74 / fps/train 1469.34

Writing metrics: /home/zhangpeiying01/lfy/btwm-7.7/runs/btwm_dmc_walker_walk_seed1_w002_b11_1m/metrics.jsonl
Writing metrics: /home/zhangpeiying01/lfy/btwm-7.7/runs/btwm_dmc_walker_walk_seed1_w002_b11_1m/scores.jsonl

--------------------[Agent Step 391_168]--------------------
Metrics filtered by: 'score|length|fps|ratio|train/loss/|train/acc/|train/inv/|train/rand/'
train/acc/inv 0.53 / train/inv/ce 1.61 / train/inv/confidence 0.24 / train/inv/confidence_gating 0 / train/inv/effective_rep_weight 0.02 / train/inv/head_objective 0.67 / train/inv/head_weight 0 / train/inv/objective 0.67 / train/inv/policy_weight_max 1 / train/inv/policy_weight_mean 1 / train/inv/policy_weight_min 1 / train/inv/policy_weight_std 0 / train/inv/valid_frac 1 / train/inv/weight 0.02 / train/loss/con 0.02 / train/loss/dyn 2.57 / train/loss/image 2.14 / train/loss/inv 0.01 / train/loss/policy -7.8e-3 / train/loss/rep 2.57 / train/loss/repval 0.78 / train/loss/rew 0.63 / train/loss/value 0.75 / replay/replay_ratio 264 / fps/policy 5.7 / fps/train 1459

Writing metrics: /home/zhangpeiying01/lfy/btwm-7.7/runs/btwm_dmc_walker_walk_seed1_w002_b11_1m/metrics.jsonl
Writing metrics: /home/zhangpeiying01/lfy/btwm-7.7/runs/btwm_dmc_walker_walk_seed1_w002_b11_1m/scores.jsonl

--------------------[Agent Step 391_856]--------------------
Metrics filtered by: 'score|length|fps|ratio|train/loss/|train/acc/|train/inv/|train/rand/'
train/acc/inv 0.53 / train/inv/ce 1.61 / train/inv/confidence 0.24 / train/inv/confidence_gating 0 / train/inv/effective_rep_weight 0.02 / train/inv/head_objective 0.67 / train/inv/head_weight 0 / train/inv/objective 0.67 / train/inv/policy_weight_max 1 / train/inv/policy_weight_mean 1 / train/inv/policy_weight_min 1 / train/inv/policy_weight_std 0 / train/inv/valid_frac 1 / train/inv/weight 0.02 / train/loss/con 0.02 / train/loss/dyn 2.58 / train/loss/image 2.14 / train/loss/inv 0.01 / train/loss/policy -5.8e-3 / train/loss/rep 2.58 / train/loss/repval 0.78 / train/loss/rew 0.63 / train/loss/value 0.75 / replay/replay_ratio 264 / fps/policy 5.69 / fps/train 1456.41

Writing metrics: /home/zhangpeiying01/lfy/btwm-7.7/runs/btwm_dmc_walker_walk_seed1_w002_b11_1m/metrics.jsonl
Writing metrics: /home/zhangpeiying01/lfy/btwm-7.7/runs/btwm_dmc_walker_walk_seed1_w002_b11_1m/scores.jsonl

--------------------[Agent Step 392_544]--------------------
Metrics filtered by: 'score|length|fps|ratio|train/loss/|train/acc/|train/inv/|train/rand/'
train/acc/inv 0.53 / train/inv/ce 1.61 / train/inv/confidence 0.24 / train/inv/confidence_gating 0 / train/inv/effective_rep_weight 0.02 / train/inv/head_objective 0.67 / train/inv/head_weight 0 / train/inv/objective 0.67 / train/inv/policy_weight_max 1 / train/inv/policy_weight_mean 1 / train/inv/policy_weight_min 1 / train/inv/policy_weight_std 0 / train/inv/valid_frac 1 / train/inv/weight 0.02 / train/loss/con 0.02 / train/loss/dyn 2.55 / train/loss/image 2.13 / train/loss/inv 0.01 / train/loss/policy -5e-3 / train/loss/rep 2.55 / train/loss/repval 0.78 / train/loss/rew 0.63 / train/loss/value 0.74 / replay/replay_ratio 264 / fps/policy 5.7 / fps/train 1459.45

Writing metrics: /home/zhangpeiying01/lfy/btwm-7.7/runs/btwm_dmc_walker_walk_seed1_w002_b11_1m/metrics.jsonl
Writing metrics: /home/zhangpeiying01/lfy/btwm-7.7/runs/btwm_dmc_walker_walk_seed1_w002_b11_1m/scores.jsonl

--------------------[Agent Step 393_232]--------------------
Metrics filtered by: 'score|length|fps|ratio|train/loss/|train/acc/|train/inv/|train/rand/'
train/acc/inv 0.53 / train/inv/ce 1.61 / train/inv/confidence 0.23 / train/inv/confidence_gating 0 / train/inv/effective_rep_weight 0.02 / train/inv/head_objective 0.67 / train/inv/head_weight 0 / train/inv/objective 0.67 / train/inv/policy_weight_max 1 / train/inv/policy_weight_mean 1 / train/inv/policy_weight_min 1 / train/inv/policy_weight_std 0 / train/inv/valid_frac 1 / train/inv/weight 0.02 / train/loss/con 0.02 / train/loss/dyn 2.55 / train/loss/image 2.13 / train/loss/inv 0.01 / train/loss/policy -6.1e-3 / train/loss/rep 2.55 / train/loss/repval 0.78 / train/loss/rew 0.63 / train/loss/value 0.74 / replay/replay_ratio 264 / fps/policy 5.65 / fps/train 1446.49

Writing metrics: /home/zhangpeiying01/lfy/btwm-7.7/runs/btwm_dmc_walker_walk_seed1_w002_b11_1m/metrics.jsonl
Writing metrics: /home/zhangpeiying01/lfy/btwm-7.7/runs/btwm_dmc_walker_walk_seed1_w002_b11_1m/scores.jsonl

--------------------[Agent Step 393_920]--------------------
Metrics filtered by: 'score|length|fps|ratio|train/loss/|train/acc/|train/inv/|train/rand/'
train/acc/inv 0.53 / train/inv/ce 1.6 / train/inv/confidence 0.24 / train/inv/confidence_gating 0 / train/inv/effective_rep_weight 0.02 / train/inv/head_objective 0.67 / train/inv/head_weight 0 / train/inv/objective 0.67 / train/inv/policy_weight_max 1 / train/inv/policy_weight_mean 1 / train/inv/policy_weight_min 1 / train/inv/policy_weight_std 0 / train/inv/valid_frac 1 / train/inv/weight 0.02 / train/loss/con 0.02 / train/loss/dyn 2.58 / train/loss/image 2.14 / train/loss/inv 0.01 / train/loss/policy -7.5e-3 / train/loss/rep 2.58 / train/loss/repval 0.78 / train/loss/rew 0.63 / train/loss/value 0.74 / replay/replay_ratio 264 / fps/policy 5.67 / fps/train 1451.75

Writing metrics: /home/zhangpeiying01/lfy/btwm-7.7/runs/btwm_dmc_walker_walk_seed1_w002_b11_1m/metrics.jsonl
Writing metrics: /home/zhangpeiying01/lfy/btwm-7.7/runs/btwm_dmc_walker_walk_seed1_w002_b11_1m/scores.jsonl
Saving checkpoint: /home/zhangpeiying01/lfy/btwm-7.7/runs/btwm_dmc_walker_walk_seed1_w002_b11_1m/ckpt/20260715T224653F810475
Saved checkpoint.

--------------------[Agent Step 394_608]--------------------
Metrics filtered by: 'score|length|fps|ratio|train/loss/|train/acc/|train/inv/|train/rand/'
train/acc/inv 0.53 / train/inv/ce 1.61 / train/inv/confidence 0.24 / train/inv/confidence_gating 0 / train/inv/effective_rep_weight 0.02 / train/inv/head_objective 0.67 / train/inv/head_weight 0 / train/inv/objective 0.67 / train/inv/policy_weight_max 1 / train/inv/policy_weight_mean 1 / train/inv/policy_weight_min 1 / train/inv/policy_weight_std 0 / train/inv/valid_frac 1 / train/inv/weight 0.02 / train/loss/con 0.02 / train/loss/dyn 2.55 / train/loss/image 2.11 / train/loss/inv 0.01 / train/loss/policy -9.5e-3 / train/loss/rep 2.55 / train/loss/repval 0.77 / train/loss/rew 0.63 / train/loss/value 0.74 / replay/replay_ratio 264 / fps/policy 5.6 / fps/train 1434.62

Writing metrics: /home/zhangpeiying01/lfy/btwm-7.7/runs/btwm_dmc_walker_walk_seed1_w002_b11_1m/metrics.jsonl
Writing metrics: /home/zhangpeiying01/lfy/btwm-7.7/runs/btwm_dmc_walker_walk_seed1_w002_b11_1m/scores.jsonl

--------------------[Agent Step 395_312]--------------------
Metrics filtered by: 'score|length|fps|ratio|train/loss/|train/acc/|train/inv/|train/rand/'
train/acc/inv 0.53 / train/inv/ce 1.61 / train/inv/confidence 0.24 / train/inv/confidence_gating 0 / train/inv/effective_rep_weight 0.02 / train/inv/head_objective 0.67 / train/inv/head_weight 0 / train/inv/objective 0.67 / train/inv/policy_weight_max 1 / train/inv/policy_weight_mean 1 / train/inv/policy_weight_min 1 / train/inv/policy_weight_std 0 / train/inv/valid_frac 1 / train/inv/weight 0.02 / train/loss/con 0.02 / train/loss/dyn 2.55 / train/loss/image 2.12 / train/loss/inv 0.01 / train/loss/policy -9.6e-3 / train/loss/rep 2.55 / train/loss/repval 0.78 / train/loss/rew 0.63 / train/loss/value 0.74 / replay/replay_ratio 264 / fps/policy 5.76 / fps/train 1473.93

Writing metrics: /home/zhangpeiying01/lfy/btwm-7.7/runs/btwm_dmc_walker_walk_seed1_w002_b11_1m/scores.jsonl
Writing metrics: /home/zhangpeiying01/lfy/btwm-7.7/runs/btwm_dmc_walker_walk_seed1_w002_b11_1m/metrics.jsonl

--------------------[Agent Step 396_000]--------------------
Metrics filtered by: 'score|length|fps|ratio|train/loss/|train/acc/|train/inv/|train/rand/'
train/acc/inv 0.53 / train/inv/ce 1.61 / train/inv/confidence 0.24 / train/inv/confidence_gating 0 / train/inv/effective_rep_weight 0.02 / train/inv/head_objective 0.67 / train/inv/head_weight 0 / train/inv/objective 0.67 / train/inv/policy_weight_max 1 / train/inv/policy_weight_mean 1 / train/inv/policy_weight_min 1 / train/inv/policy_weight_std 0 / train/inv/valid_frac 1 / train/inv/weight 0.02 / train/loss/con 0.02 / train/loss/dyn 2.56 / train/loss/image 2.11 / train/loss/inv 0.01 / train/loss/policy -8.3e-3 / train/loss/rep 2.56 / train/loss/repval 0.78 / train/loss/rew 0.63 / train/loss/value 0.75 / replay/replay_ratio 264 / fps/policy 5.66 / fps/train 1448.97

Writing metrics: /home/zhangpeiying01/lfy/btwm-7.7/runs/btwm_dmc_walker_walk_seed1_w002_b11_1m/metrics.jsonl
Writing metrics: /home/zhangpeiying01/lfy/btwm-7.7/runs/btwm_dmc_walker_walk_seed1_w002_b11_1m/scores.jsonl

--------------------[Agent Step 396_688]--------------------
Metrics filtered by: 'score|length|fps|ratio|train/loss/|train/acc/|train/inv/|train/rand/'
train/acc/inv 0.53 / train/inv/ce 1.61 / train/inv/confidence 0.23 / train/inv/confidence_gating 0 / train/inv/effective_rep_weight 0.02 / train/inv/head_objective 0.67 / train/inv/head_weight 0 / train/inv/objective 0.67 / train/inv/policy_weight_max 1 / train/inv/policy_weight_mean 1 / train/inv/policy_weight_min 1 / train/inv/policy_weight_std 0 / train/inv/valid_frac 1 / train/inv/weight 0.02 / train/loss/con 0.02 / train/loss/dyn 2.5 / train/loss/image 2.07 / train/loss/inv 0.01 / train/loss/policy -3.8e-3 / train/loss/rep 2.5 / train/loss/repval 0.78 / train/loss/rew 0.63 / train/loss/value 0.74 / replay/replay_ratio 264 / fps/policy 5.66 / fps/train 1448.7

Writing metrics: /home/zhangpeiying01/lfy/btwm-7.7/runs/btwm_dmc_walker_walk_seed1_w002_b11_1m/scores.jsonl
Writing metrics: /home/zhangpeiying01/lfy/btwm-7.7/runs/btwm_dmc_walker_walk_seed1_w002_b11_1m/metrics.jsonl

--------------------[Agent Step 397_376]--------------------
Metrics filtered by: 'score|length|fps|ratio|train/loss/|train/acc/|train/inv/|train/rand/'
train/acc/inv 0.53 / train/inv/ce 1.6 / train/inv/confidence 0.24 / train/inv/confidence_gating 0 / train/inv/effective_rep_weight 0.02 / train/inv/head_objective 0.67 / train/inv/head_weight 0 / train/inv/objective 0.67 / train/inv/policy_weight_max 1 / train/inv/policy_weight_mean 1 / train/inv/policy_weight_min 1 / train/inv/policy_weight_std 0 / train/inv/valid_frac 1 / train/inv/weight 0.02 / train/loss/con 0.02 / train/loss/dyn 2.69 / train/loss/image 2.15 / train/loss/inv 0.01 / train/loss/policy -7.9e-3 / train/loss/rep 2.69 / train/loss/repval 0.78 / train/loss/rew 0.63 / train/loss/value 0.75 / replay/replay_ratio 264 / fps/policy 5.7 / fps/train 1459.76

Writing metrics: /home/zhangpeiying01/lfy/btwm-7.7/runs/btwm_dmc_walker_walk_seed1_w002_b11_1m/metrics.jsonl
Writing metrics: /home/zhangpeiying01/lfy/btwm-7.7/runs/btwm_dmc_walker_walk_seed1_w002_b11_1m/scores.jsonl

--------------------[Agent Step 398_064]--------------------
Metrics filtered by: 'score|length|fps|ratio|train/loss/|train/acc/|train/inv/|train/rand/'
train/acc/inv 0.53 / train/inv/ce 1.61 / train/inv/confidence 0.24 / train/inv/confidence_gating 0 / train/inv/effective_rep_weight 0.02 / train/inv/head_objective 0.67 / train/inv/head_weight 0 / train/inv/objective 0.67 / train/inv/policy_weight_max 1 / train/inv/policy_weight_mean 1 / train/inv/policy_weight_min 1 / train/inv/policy_weight_std 0 / train/inv/valid_frac 1 / train/inv/weight 0.02 / train/loss/con 0.02 / train/loss/dyn 2.5 / train/loss/image 2.09 / train/loss/inv 0.01 / train/loss/policy -5e-3 / train/loss/rep 2.5 / train/loss/repval 0.78 / train/loss/rew 0.64 / train/loss/value 0.75 / replay/replay_ratio 264 / fps/policy 5.67 / fps/train 1452.28

Writing metrics: /home/zhangpeiying01/lfy/btwm-7.7/runs/btwm_dmc_walker_walk_seed1_w002_b11_1m/metrics.jsonl
Writing metrics: /home/zhangpeiying01/lfy/btwm-7.7/runs/btwm_dmc_walker_walk_seed1_w002_b11_1m/scores.jsonl

--------------------[Agent Step 398_752]--------------------
Metrics filtered by: 'score|length|fps|ratio|train/loss/|train/acc/|train/inv/|train/rand/'
train/acc/inv 0.53 / train/inv/ce 1.61 / train/inv/confidence 0.23 / train/inv/confidence_gating 0 / train/inv/effective_rep_weight 0.02 / train/inv/head_objective 0.67 / train/inv/head_weight 0 / train/inv/objective 0.67 / train/inv/policy_weight_max 1 / train/inv/policy_weight_mean 1 / train/inv/policy_weight_min 1 / train/inv/policy_weight_std 0 / train/inv/valid_frac 1 / train/inv/weight 0.02 / train/loss/con 0.02 / train/loss/dyn 2.52 / train/loss/image 2.07 / train/loss/inv 0.01 / train/loss/policy -3.1e-3 / train/loss/rep 2.52 / train/loss/repval 0.78 / train/loss/rew 0.64 / train/loss/value 0.74 / replay/replay_ratio 264 / fps/policy 5.7 / fps/train 1459.29

Writing metrics: /home/zhangpeiying01/lfy/btwm-7.7/runs/btwm_dmc_walker_walk_seed1_w002_b11_1m/scores.jsonl
Writing metrics: /home/zhangpeiying01/lfy/btwm-7.7/runs/btwm_dmc_walker_walk_seed1_w002_b11_1m/metrics.jsonl

--------------------[Agent Step 399_440]--------------------
Metrics filtered by: 'score|length|fps|ratio|train/loss/|train/acc/|train/inv/|train/rand/'
train/acc/inv 0.53 / train/inv/ce 1.61 / train/inv/confidence 0.23 / train/inv/confidence_gating 0 / train/inv/effective_rep_weight 0.02 / train/inv/head_objective 0.67 / train/inv/head_weight 0 / train/inv/objective 0.67 / train/inv/policy_weight_max 1 / train/inv/policy_weight_mean 1 / train/inv/policy_weight_min 1 / train/inv/policy_weight_std 0 / train/inv/valid_frac 1 / train/inv/weight 0.02 / train/loss/con 0.02 / train/loss/dyn 2.53 / train/loss/image 2.08 / train/loss/inv 0.01 / train/loss/policy -3.8e-3 / train/loss/rep 2.53 / train/loss/repval 0.78 / train/loss/rew 0.64 / train/loss/value 0.75 / replay/replay_ratio 264 / fps/policy 5.66 / fps/train 1449.2

Writing metrics: /home/zhangpeiying01/lfy/btwm-7.7/runs/btwm_dmc_walker_walk_seed1_w002_b11_1m/metrics.jsonl
Writing metrics: /home/zhangpeiying01/lfy/btwm-7.7/runs/btwm_dmc_walker_walk_seed1_w002_b11_1m/scores.jsonl

--------------------[Agent Step 400_128]--------------------
Metrics filtered by: 'score|length|fps|ratio|train/loss/|train/acc/|train/inv/|train/rand/'
train/acc/inv 0.53 / train/inv/ce 1.61 / train/inv/confidence 0.24 / train/inv/confidence_gating 0 / train/inv/effective_rep_weight 0.02 / train/inv/head_objective 0.67 / train/inv/head_weight 0 / train/inv/objective 0.67 / train/inv/policy_weight_max 1 / train/inv/policy_weight_mean 1 / train/inv/policy_weight_min 1 / train/inv/policy_weight_std 0 / train/inv/valid_frac 1 / train/inv/weight 0.02 / train/loss/con 0.02 / train/loss/dyn 2.51 / train/loss/image 2.08 / train/loss/inv 0.01 / train/loss/policy -4.8e-3 / train/loss/rep 2.51 / train/loss/repval 0.78 / train/loss/rew 0.64 / train/loss/value 0.74 / replay/replay_ratio 264 / fps/policy 5.65 / fps/train 1446.54

Writing metrics: /home/zhangpeiying01/lfy/btwm-7.7/runs/btwm_dmc_walker_walk_seed1_w002_b11_1m/metrics.jsonl
Writing metrics: /home/zhangpeiying01/lfy/btwm-7.7/runs/btwm_dmc_walker_walk_seed1_w002_b11_1m/scores.jsonl

--------------------[Agent Step 400_816]--------------------
Metrics filtered by: 'score|length|fps|ratio|train/loss/|train/acc/|train/inv/|train/rand/'
episode/score 978.83 / episode/length 1001 / train/acc/inv 0.53 / train/inv/ce 1.6 / train/inv/confidence 0.24 / train/inv/confidence_gating 0 / train/inv/effective_rep_weight 0.02 / train/inv/head_objective 0.67 / train/inv/head_weight 0 / train/inv/objective 0.67 / train/inv/policy_weight_max 1 / train/inv/policy_weight_mean 1 / train/inv/policy_weight_min 1 / train/inv/policy_weight_std 0 / train/inv/valid_frac 1 / train/inv/weight 0.02 / train/loss/con 0.02 / train/loss/dyn 2.54 / train/loss/image 2.12 / train/loss/inv 0.01 / train/loss/policy -4e-3 / train/loss/rep 2.54 / train/loss/repval 0.78 / train/loss/rew 0.63 / train/loss/value 0.75 / replay/replay_ratio 264 / fps/policy 5.68 / fps/train 1454.31

Writing metrics: /home/zhangpeiying01/lfy/btwm-7.7/runs/btwm_dmc_walker_walk_seed1_w002_b11_1m/metrics.jsonl
Writing metrics: /home/zhangpeiying01/lfy/btwm-7.7/runs/btwm_dmc_walker_walk_seed1_w002_b11_1m/scores.jsonl

--------------------[Agent Step 401_504]--------------------
Metrics filtered by: 'score|length|fps|ratio|train/loss/|train/acc/|train/inv/|train/rand/'
train/acc/inv 0.53 / train/inv/ce 1.61 / train/inv/confidence 0.24 / train/inv/confidence_gating 0 / train/inv/effective_rep_weight 0.02 / train/inv/head_objective 0.67 / train/inv/head_weight 0 / train/inv/objective 0.67 / train/inv/policy_weight_max 1 / train/inv/policy_weight_mean 1 / train/inv/policy_weight_min 1 / train/inv/policy_weight_std 0 / train/inv/valid_frac 1 / train/inv/weight 0.02 / train/loss/con 0.02 / train/loss/dyn 2.68 / train/loss/image 2.28 / train/loss/inv 0.01 / train/loss/policy -5.5e-3 / train/loss/rep 2.68 / train/loss/repval 0.78 / train/loss/rew 0.63 / train/loss/value 0.75 / replay/replay_ratio 264 / fps/policy 5.67 / fps/train 1452.72

Writing metrics: /home/zhangpeiying01/lfy/btwm-7.7/runs/btwm_dmc_walker_walk_seed1_w002_b11_1m/metrics.jsonl
Writing metrics: /home/zhangpeiying01/lfy/btwm-7.7/runs/btwm_dmc_walker_walk_seed1_w002_b11_1m/scores.jsonl

--------------------[Agent Step 402_192]--------------------
Metrics filtered by: 'score|length|fps|ratio|train/loss/|train/acc/|train/inv/|train/rand/'
train/acc/inv 0.53 / train/inv/ce 1.61 / train/inv/confidence 0.24 / train/inv/confidence_gating 0 / train/inv/effective_rep_weight 0.02 / train/inv/head_objective 0.67 / train/inv/head_weight 0 / train/inv/objective 0.67 / train/inv/policy_weight_max 1 / train/inv/policy_weight_mean 1 / train/inv/policy_weight_min 1 / train/inv/policy_weight_std 0 / train/inv/valid_frac 1 / train/inv/weight 0.02 / train/loss/con 0.02 / train/loss/dyn 2.65 / train/loss/image 2.22 / train/loss/inv 0.01 / train/loss/policy -6.8e-3 / train/loss/rep 2.65 / train/loss/repval 0.78 / train/loss/rew 0.63 / train/loss/value 0.75 / replay/replay_ratio 264 / fps/policy 5.67 / fps/train 1450.36

Writing metrics: /home/zhangpeiying01/lfy/btwm-7.7/runs/btwm_dmc_walker_walk_seed1_w002_b11_1m/metrics.jsonl
Writing metrics: /home/zhangpeiying01/lfy/btwm-7.7/runs/btwm_dmc_walker_walk_seed1_w002_b11_1m/scores.jsonl

--------------------[Agent Step 402_880]--------------------
Metrics filtered by: 'score|length|fps|ratio|train/loss/|train/acc/|train/inv/|train/rand/'
train/acc/inv 0.53 / train/inv/ce 1.61 / train/inv/confidence 0.23 / train/inv/confidence_gating 0 / train/inv/effective_rep_weight 0.02 / train/inv/head_objective 0.67 / train/inv/head_weight 0 / train/inv/objective 0.67 / train/inv/policy_weight_max 1 / train/inv/policy_weight_mean 1 / train/inv/policy_weight_min 1 / train/inv/policy_weight_std 0 / train/inv/valid_frac 1 / train/inv/weight 0.02 / train/loss/con 0.02 / train/loss/dyn 2.58 / train/loss/image 2.16 / train/loss/inv 0.01 / train/loss/policy -6.4e-3 / train/loss/rep 2.58 / train/loss/repval 0.78 / train/loss/rew 0.64 / train/loss/value 0.75 / replay/replay_ratio 264 / fps/policy 5.67 / fps/train 1450.85

Writing metrics: /home/zhangpeiying01/lfy/btwm-7.7/runs/btwm_dmc_walker_walk_seed1_w002_b11_1m/scores.jsonl
Writing metrics: /home/zhangpeiying01/lfy/btwm-7.7/runs/btwm_dmc_walker_walk_seed1_w002_b11_1m/metrics.jsonl

--------------------[Agent Step 403_568]--------------------
Metrics filtered by: 'score|length|fps|ratio|train/loss/|train/acc/|train/inv/|train/rand/'
train/acc/inv 0.53 / train/inv/ce 1.61 / train/inv/confidence 0.24 / train/inv/confidence_gating 0 / train/inv/effective_rep_weight 0.02 / train/inv/head_objective 0.67 / train/inv/head_weight 0 / train/inv/objective 0.67 / train/inv/policy_weight_max 1 / train/inv/policy_weight_mean 1 / train/inv/policy_weight_min 1 / train/inv/policy_weight_std 0 / train/inv/valid_frac 1 / train/inv/weight 0.02 / train/loss/con 0.02 / train/loss/dyn 2.48 / train/loss/image 2.09 / train/loss/inv 0.01 / train/loss/policy -5.9e-3 / train/loss/rep 2.48 / train/loss/repval 0.78 / train/loss/rew 0.64 / train/loss/value 0.75 / replay/replay_ratio 264 / fps/policy 5.63 / fps/train 1441.58

Writing metrics: /home/zhangpeiying01/lfy/btwm-7.7/runs/btwm_dmc_walker_walk_seed1_w002_b11_1m/metrics.jsonl
Writing metrics: /home/zhangpeiying01/lfy/btwm-7.7/runs/btwm_dmc_walker_walk_seed1_w002_b11_1m/scores.jsonl

--------------------[Agent Step 404_256]--------------------
Metrics filtered by: 'score|length|fps|ratio|train/loss/|train/acc/|train/inv/|train/rand/'
train/acc/inv 0.53 / train/inv/ce 1.61 / train/inv/confidence 0.24 / train/inv/confidence_gating 0 / train/inv/effective_rep_weight 0.02 / train/inv/head_objective 0.67 / train/inv/head_weight 0 / train/inv/objective 0.67 / train/inv/policy_weight_max 1 / train/inv/policy_weight_mean 1 / train/inv/policy_weight_min 1 / train/inv/policy_weight_std 0 / train/inv/valid_frac 1 / train/inv/weight 0.02 / train/loss/con 0.02 / train/loss/dyn 2.53 / train/loss/image 2.12 / train/loss/inv 0.01 / train/loss/policy -2.2e-3 / train/loss/rep 2.53 / train/loss/repval 0.78 / train/loss/rew 0.63 / train/loss/value 0.75 / replay/replay_ratio 264 / fps/policy 5.65 / fps/train 1446.6

Writing metrics: /home/zhangpeiying01/lfy/btwm-7.7/runs/btwm_dmc_walker_walk_seed1_w002_b11_1m/scores.jsonl
Writing metrics: /home/zhangpeiying01/lfy/btwm-7.7/runs/btwm_dmc_walker_walk_seed1_w002_b11_1m/metrics.jsonl

--------------------[Agent Step 404_944]--------------------
Metrics filtered by: 'score|length|fps|ratio|train/loss/|train/acc/|train/inv/|train/rand/'
train/acc/inv 0.53 / train/inv/ce 1.61 / train/inv/confidence 0.24 / train/inv/confidence_gating 0 / train/inv/effective_rep_weight 0.02 / train/inv/head_objective 0.67 / train/inv/head_weight 0 / train/inv/objective 0.67 / train/inv/policy_weight_max 1 / train/inv/policy_weight_mean 1 / train/inv/policy_weight_min 1 / train/inv/policy_weight_std 0 / train/inv/valid_frac 1 / train/inv/weight 0.02 / train/loss/con 0.02 / train/loss/dyn 2.51 / train/loss/image 2.09 / train/loss/inv 0.01 / train/loss/policy -4.8e-3 / train/loss/rep 2.51 / train/loss/repval 0.78 / train/loss/rew 0.63 / train/loss/value 0.75 / replay/replay_ratio 264 / fps/policy 5.64 / fps/train 1443.73

Writing metrics: /home/zhangpeiying01/lfy/btwm-7.7/runs/btwm_dmc_walker_walk_seed1_w002_b11_1m/metrics.jsonl
Writing metrics: /home/zhangpeiying01/lfy/btwm-7.7/runs/btwm_dmc_walker_walk_seed1_w002_b11_1m/scores.jsonl

--------------------[Agent Step 405_632]--------------------
Metrics filtered by: 'score|length|fps|ratio|train/loss/|train/acc/|train/inv/|train/rand/'
train/acc/inv 0.53 / train/inv/ce 1.6 / train/inv/confidence 0.24 / train/inv/confidence_gating 0 / train/inv/effective_rep_weight 0.02 / train/inv/head_objective 0.67 / train/inv/head_weight 0 / train/inv/objective 0.67 / train/inv/policy_weight_max 1 / train/inv/policy_weight_mean 1 / train/inv/policy_weight_min 1 / train/inv/policy_weight_std 0 / train/inv/valid_frac 1 / train/inv/weight 0.02 / train/loss/con 0.02 / train/loss/dyn 2.59 / train/loss/image 2.13 / train/loss/inv 0.01 / train/loss/policy -3.3e-3 / train/loss/rep 2.59 / train/loss/repval 0.78 / train/loss/rew 0.63 / train/loss/value 0.75 / replay/replay_ratio 264 / fps/policy 5.64 / fps/train 1444.29

Writing metrics: /home/zhangpeiying01/lfy/btwm-7.7/runs/btwm_dmc_walker_walk_seed1_w002_b11_1m/metrics.jsonl
Writing metrics: /home/zhangpeiying01/lfy/btwm-7.7/runs/btwm_dmc_walker_walk_seed1_w002_b11_1m/scores.jsonl

--------------------[Agent Step 406_320]--------------------
Metrics filtered by: 'score|length|fps|ratio|train/loss/|train/acc/|train/inv/|train/rand/'
train/acc/inv 0.53 / train/inv/ce 1.6 / train/inv/confidence 0.24 / train/inv/confidence_gating 0 / train/inv/effective_rep_weight 0.02 / train/inv/head_objective 0.67 / train/inv/head_weight 0 / train/inv/objective 0.67 / train/inv/policy_weight_max 1 / train/inv/policy_weight_mean 1 / train/inv/policy_weight_min 1 / train/inv/policy_weight_std 0 / train/inv/valid_frac 1 / train/inv/weight 0.02 / train/loss/con 0.02 / train/loss/dyn 2.51 / train/loss/image 2.12 / train/loss/inv 0.01 / train/loss/policy -6.8e-3 / train/loss/rep 2.51 / train/loss/repval 0.78 / train/loss/rew 0.63 / train/loss/value 0.75 / replay/replay_ratio 264 / fps/policy 5.66 / fps/train 1448.65

Writing metrics: /home/zhangpeiying01/lfy/btwm-7.7/runs/btwm_dmc_walker_walk_seed1_w002_b11_1m/metrics.jsonl
Writing metrics: /home/zhangpeiying01/lfy/btwm-7.7/runs/btwm_dmc_walker_walk_seed1_w002_b11_1m/scores.jsonl

--------------------[Agent Step 407_008]--------------------
Metrics filtered by: 'score|length|fps|ratio|train/loss/|train/acc/|train/inv/|train/rand/'
train/acc/inv 0.53 / train/inv/ce 1.61 / train/inv/confidence 0.24 / train/inv/confidence_gating 0 / train/inv/effective_rep_weight 0.02 / train/inv/head_objective 0.67 / train/inv/head_weight 0 / train/inv/objective 0.67 / train/inv/policy_weight_max 1 / train/inv/policy_weight_mean 1 / train/inv/policy_weight_min 1 / train/inv/policy_weight_std 0 / train/inv/valid_frac 1 / train/inv/weight 0.02 / train/loss/con 0.02 / train/loss/dyn 2.54 / train/loss/image 2.08 / train/loss/inv 0.01 / train/loss/policy -2.7e-3 / train/loss/rep 2.54 / train/loss/repval 0.77 / train/loss/rew 0.64 / train/loss/value 0.74 / replay/replay_ratio 264 / fps/policy 5.64 / fps/train 1444.45

Writing metrics: /home/zhangpeiying01/lfy/btwm-7.7/runs/btwm_dmc_walker_walk_seed1_w002_b11_1m/metrics.jsonl
Writing metrics: /home/zhangpeiying01/lfy/btwm-7.7/runs/btwm_dmc_walker_walk_seed1_w002_b11_1m/scores.jsonl

--------------------[Agent Step 407_696]--------------------
Metrics filtered by: 'score|length|fps|ratio|train/loss/|train/acc/|train/inv/|train/rand/'
train/acc/inv 0.53 / train/inv/ce 1.6 / train/inv/confidence 0.24 / train/inv/confidence_gating 0 / train/inv/effective_rep_weight 0.02 / train/inv/head_objective 0.67 / train/inv/head_weight 0 / train/inv/objective 0.67 / train/inv/policy_weight_max 1 / train/inv/policy_weight_mean 1 / train/inv/policy_weight_min 1 / train/inv/policy_weight_std 0 / train/inv/valid_frac 1 / train/inv/weight 0.02 / train/loss/con 0.02 / train/loss/dyn 2.56 / train/loss/image 2.14 / train/loss/inv 0.01 / train/loss/policy -4.2e-3 / train/loss/rep 2.56 / train/loss/repval 0.78 / train/loss/rew 0.63 / train/loss/value 0.74 / replay/replay_ratio 264 / fps/policy 5.65 / fps/train 1446.86

Writing metrics: /home/zhangpeiying01/lfy/btwm-7.7/runs/btwm_dmc_walker_walk_seed1_w002_b11_1m/scores.jsonl
Writing metrics: /home/zhangpeiying01/lfy/btwm-7.7/runs/btwm_dmc_walker_walk_seed1_w002_b11_1m/metrics.jsonl

--------------------[Agent Step 408_384]--------------------
Metrics filtered by: 'score|length|fps|ratio|train/loss/|train/acc/|train/inv/|train/rand/'
train/acc/inv 0.53 / train/inv/ce 1.6 / train/inv/confidence 0.24 / train/inv/confidence_gating 0 / train/inv/effective_rep_weight 0.02 / train/inv/head_objective 0.67 / train/inv/head_weight 0 / train/inv/objective 0.67 / train/inv/policy_weight_max 1 / train/inv/policy_weight_mean 1 / train/inv/policy_weight_min 1 / train/inv/policy_weight_std 0 / train/inv/valid_frac 1 / train/inv/weight 0.02 / train/loss/con 0.02 / train/loss/dyn 2.52 / train/loss/image 2.09 / train/loss/inv 0.01 / train/loss/policy -3.4e-3 / train/loss/rep 2.52 / train/loss/repval 0.77 / train/loss/rew 0.63 / train/loss/value 0.74 / replay/replay_ratio 264 / fps/policy 5.63 / fps/train 1440.98

Writing metrics: /home/zhangpeiying01/lfy/btwm-7.7/runs/btwm_dmc_walker_walk_seed1_w002_b11_1m/scores.jsonl
Writing metrics: /home/zhangpeiying01/lfy/btwm-7.7/runs/btwm_dmc_walker_walk_seed1_w002_b11_1m/metrics.jsonl

--------------------[Agent Step 409_072]--------------------
Metrics filtered by: 'score|length|fps|ratio|train/loss/|train/acc/|train/inv/|train/rand/'
train/acc/inv 0.53 / train/inv/ce 1.6 / train/inv/confidence 0.24 / train/inv/confidence_gating 0 / train/inv/effective_rep_weight 0.02 / train/inv/head_objective 0.67 / train/inv/head_weight 0 / train/inv/objective 0.67 / train/inv/policy_weight_max 1 / train/inv/policy_weight_mean 1 / train/inv/policy_weight_min 1 / train/inv/policy_weight_std 0 / train/inv/valid_frac 1 / train/inv/weight 0.02 / train/loss/con 0.02 / train/loss/dyn 2.5 / train/loss/image 2.08 / train/loss/inv 0.01 / train/loss/policy -2.8e-3 / train/loss/rep 2.5 / train/loss/repval 0.78 / train/loss/rew 0.63 / train/loss/value 0.74 / replay/replay_ratio 264 / fps/policy 5.69 / fps/train 1456.08

Writing metrics: /home/zhangpeiying01/lfy/btwm-7.7/runs/btwm_dmc_walker_walk_seed1_w002_b11_1m/metrics.jsonl
Writing metrics: /home/zhangpeiying01/lfy/btwm-7.7/runs/btwm_dmc_walker_walk_seed1_w002_b11_1m/scores.jsonl

--------------------[Agent Step 409_760]--------------------
Metrics filtered by: 'score|length|fps|ratio|train/loss/|train/acc/|train/inv/|train/rand/'
train/acc/inv 0.53 / train/inv/ce 1.61 / train/inv/confidence 0.24 / train/inv/confidence_gating 0 / train/inv/effective_rep_weight 0.02 / train/inv/head_objective 0.67 / train/inv/head_weight 0 / train/inv/objective 0.67 / train/inv/policy_weight_max 1 / train/inv/policy_weight_mean 1 / train/inv/policy_weight_min 1 / train/inv/policy_weight_std 0 / train/inv/valid_frac 1 / train/inv/weight 0.02 / train/loss/con 0.02 / train/loss/dyn 2.53 / train/loss/image 2.06 / train/loss/inv 0.01 / train/loss/policy -3e-3 / train/loss/rep 2.53 / train/loss/repval 0.77 / train/loss/rew 0.64 / train/loss/value 0.74 / replay/replay_ratio 264 / fps/policy 5.67 / fps/train 1450.33

Writing metrics: /home/zhangpeiying01/lfy/btwm-7.7/runs/btwm_dmc_walker_walk_seed1_w002_b11_1m/metrics.jsonl
Writing metrics: /home/zhangpeiying01/lfy/btwm-7.7/runs/btwm_dmc_walker_walk_seed1_w002_b11_1m/scores.jsonl

--------------------[Agent Step 410_448]--------------------
Metrics filtered by: 'score|length|fps|ratio|train/loss/|train/acc/|train/inv/|train/rand/'
train/acc/inv 0.53 / train/inv/ce 1.61 / train/inv/confidence 0.24 / train/inv/confidence_gating 0 / train/inv/effective_rep_weight 0.02 / train/inv/head_objective 0.67 / train/inv/head_weight 0 / train/inv/objective 0.67 / train/inv/policy_weight_max 1 / train/inv/policy_weight_mean 1 / train/inv/policy_weight_min 1 / train/inv/policy_weight_std 0 / train/inv/valid_frac 1 / train/inv/weight 0.02 / train/loss/con 0.02 / train/loss/dyn 2.55 / train/loss/image 2.08 / train/loss/inv 0.01 / train/loss/policy -1.1e-3 / train/loss/rep 2.55 / train/loss/repval 0.77 / train/loss/rew 0.64 / train/loss/value 0.74 / replay/replay_ratio 264 / fps/policy 5.66 / fps/train 1448.16

Writing metrics: /home/zhangpeiying01/lfy/btwm-7.7/runs/btwm_dmc_walker_walk_seed1_w002_b11_1m/metrics.jsonl
Writing metrics: /home/zhangpeiying01/lfy/btwm-7.7/runs/btwm_dmc_walker_walk_seed1_w002_b11_1m/scores.jsonl

--------------------[Agent Step 411_136]--------------------
Metrics filtered by: 'score|length|fps|ratio|train/loss/|train/acc/|train/inv/|train/rand/'
train/acc/inv 0.53 / train/inv/ce 1.6 / train/inv/confidence 0.24 / train/inv/confidence_gating 0 / train/inv/effective_rep_weight 0.02 / train/inv/head_objective 0.67 / train/inv/head_weight 0 / train/inv/objective 0.67 / train/inv/policy_weight_max 1 / train/inv/policy_weight_mean 1 / train/inv/policy_weight_min 1 / train/inv/policy_weight_std 0 / train/inv/valid_frac 1 / train/inv/weight 0.02 / train/loss/con 0.02 / train/loss/dyn 2.53 / train/loss/image 2.08 / train/loss/inv 0.01 / train/loss/policy -3.3e-3 / train/loss/rep 2.53 / train/loss/repval 0.78 / train/loss/rew 0.64 / train/loss/value 0.75 / replay/replay_ratio 264 / fps/policy 5.63 / fps/train 1441.21

Writing metrics: /home/zhangpeiying01/lfy/btwm-7.7/runs/btwm_dmc_walker_walk_seed1_w002_b11_1m/metrics.jsonl
Writing metrics: /home/zhangpeiying01/lfy/btwm-7.7/runs/btwm_dmc_walker_walk_seed1_w002_b11_1m/scores.jsonl

--------------------[Agent Step 411_824]--------------------
Metrics filtered by: 'score|length|fps|ratio|train/loss/|train/acc/|train/inv/|train/rand/'
train/acc/inv 0.53 / train/inv/ce 1.61 / train/inv/confidence 0.24 / train/inv/confidence_gating 0 / train/inv/effective_rep_weight 0.02 / train/inv/head_objective 0.67 / train/inv/head_weight 0 / train/inv/objective 0.67 / train/inv/policy_weight_max 1 / train/inv/policy_weight_mean 1 / train/inv/policy_weight_min 1 / train/inv/policy_weight_std 0 / train/inv/valid_frac 1 / train/inv/weight 0.02 / train/loss/con 0.02 / train/loss/dyn 2.53 / train/loss/image 2.08 / train/loss/inv 0.01 / train/loss/policy -4.9e-3 / train/loss/rep 2.53 / train/loss/repval 0.77 / train/loss/rew 0.64 / train/loss/value 0.74 / replay/replay_ratio 264 / fps/policy 5.65 / fps/train 1445.93

Writing metrics: /home/zhangpeiying01/lfy/btwm-7.7/runs/btwm_dmc_walker_walk_seed1_w002_b11_1m/metrics.jsonl
Writing metrics: /home/zhangpeiying01/lfy/btwm-7.7/runs/btwm_dmc_walker_walk_seed1_w002_b11_1m/scores.jsonl

--------------------[Agent Step 412_512]--------------------
Metrics filtered by: 'score|length|fps|ratio|train/loss/|train/acc/|train/inv/|train/rand/'
train/acc/inv 0.53 / train/inv/ce 1.6 / train/inv/confidence 0.24 / train/inv/confidence_gating 0 / train/inv/effective_rep_weight 0.02 / train/inv/head_objective 0.67 / train/inv/head_weight 0 / train/inv/objective 0.67 / train/inv/policy_weight_max 1 / train/inv/policy_weight_mean 1 / train/inv/policy_weight_min 1 / train/inv/policy_weight_std 0 / train/inv/valid_frac 1 / train/inv/weight 0.02 / train/loss/con 0.02 / train/loss/dyn 2.58 / train/loss/image 2.08 / train/loss/inv 0.01 / train/loss/policy -5.8e-3 / train/loss/rep 2.58 / train/loss/repval 0.77 / train/loss/rew 0.64 / train/loss/value 0.74 / replay/replay_ratio 264 / fps/policy 5.66 / fps/train 1448.27

Writing metrics: /home/zhangpeiying01/lfy/btwm-7.7/runs/btwm_dmc_walker_walk_seed1_w002_b11_1m/scores.jsonl
Writing metrics: /home/zhangpeiying01/lfy/btwm-7.7/runs/btwm_dmc_walker_walk_seed1_w002_b11_1m/metrics.jsonl

--------------------[Agent Step 413_200]--------------------
Metrics filtered by: 'score|length|fps|ratio|train/loss/|train/acc/|train/inv/|train/rand/'
train/acc/inv 0.53 / train/inv/ce 1.6 / train/inv/confidence 0.24 / train/inv/confidence_gating 0 / train/inv/effective_rep_weight 0.02 / train/inv/head_objective 0.67 / train/inv/head_weight 0 / train/inv/objective 0.67 / train/inv/policy_weight_max 1 / train/inv/policy_weight_mean 1 / train/inv/policy_weight_min 1 / train/inv/policy_weight_std 0 / train/inv/valid_frac 1 / train/inv/weight 0.02 / train/loss/con 0.02 / train/loss/dyn 2.51 / train/loss/image 2.08 / train/loss/inv 0.01 / train/loss/policy -6.5e-3 / train/loss/rep 2.51 / train/loss/repval 0.77 / train/loss/rew 0.64 / train/loss/value 0.74 / replay/replay_ratio 264 / fps/policy 5.63 / fps/train 1442.55

Writing metrics: /home/zhangpeiying01/lfy/btwm-7.7/runs/btwm_dmc_walker_walk_seed1_w002_b11_1m/metrics.jsonl
Writing metrics: /home/zhangpeiying01/lfy/btwm-7.7/runs/btwm_dmc_walker_walk_seed1_w002_b11_1m/scores.jsonl

--------------------[Agent Step 413_888]--------------------
Metrics filtered by: 'score|length|fps|ratio|train/loss/|train/acc/|train/inv/|train/rand/'
train/acc/inv 0.53 / train/inv/ce 1.6 / train/inv/confidence 0.24 / train/inv/confidence_gating 0 / train/inv/effective_rep_weight 0.02 / train/inv/head_objective 0.67 / train/inv/head_weight 0 / train/inv/objective 0.67 / train/inv/policy_weight_max 1 / train/inv/policy_weight_mean 1 / train/inv/policy_weight_min 1 / train/inv/policy_weight_std 0 / train/inv/valid_frac 1 / train/inv/weight 0.02 / train/loss/con 0.02 / train/loss/dyn 2.51 / train/loss/image 2.06 / train/loss/inv 0.01 / train/loss/policy -5e-3 / train/loss/rep 2.51 / train/loss/repval 0.77 / train/loss/rew 0.63 / train/loss/value 0.74 / replay/replay_ratio 264 / fps/policy 5.63 / fps/train 1441.59

Writing metrics: /home/zhangpeiying01/lfy/btwm-7.7/runs/btwm_dmc_walker_walk_seed1_w002_b11_1m/metrics.jsonl
Writing metrics: /home/zhangpeiying01/lfy/btwm-7.7/runs/btwm_dmc_walker_walk_seed1_w002_b11_1m/scores.jsonl
Saving checkpoint: /home/zhangpeiying01/lfy/btwm-7.7/runs/btwm_dmc_walker_walk_seed1_w002_b11_1m/ckpt/20260715T234656F227674
Saved checkpoint.

--------------------[Agent Step 414_576]--------------------
Metrics filtered by: 'score|length|fps|ratio|train/loss/|train/acc/|train/inv/|train/rand/'
train/acc/inv 0.53 / train/inv/ce 1.6 / train/inv/confidence 0.24 / train/inv/confidence_gating 0 / train/inv/effective_rep_weight 0.02 / train/inv/head_objective 0.67 / train/inv/head_weight 0 / train/inv/objective 0.67 / train/inv/policy_weight_max 1 / train/inv/policy_weight_mean 1 / train/inv/policy_weight_min 1 / train/inv/policy_weight_std 0 / train/inv/valid_frac 1 / train/inv/weight 0.02 / train/loss/con 0.02 / train/loss/dyn 2.58 / train/loss/image 2.1 / train/loss/inv 0.01 / train/loss/policy -7.1e-3 / train/loss/rep 2.58 / train/loss/repval 0.77 / train/loss/rew 0.63 / train/loss/value 0.74 / replay/replay_ratio 264 / fps/policy 5.55 / fps/train 1420

Writing metrics: /home/zhangpeiying01/lfy/btwm-7.7/runs/btwm_dmc_walker_walk_seed1_w002_b11_1m/scores.jsonl
Writing metrics: /home/zhangpeiying01/lfy/btwm-7.7/runs/btwm_dmc_walker_walk_seed1_w002_b11_1m/metrics.jsonl

--------------------[Agent Step 415_264]--------------------
Metrics filtered by: 'score|length|fps|ratio|train/loss/|train/acc/|train/inv/|train/rand/'
train/acc/inv 0.53 / train/inv/ce 1.59 / train/inv/confidence 0.24 / train/inv/confidence_gating 0 / train/inv/effective_rep_weight 0.02 / train/inv/head_objective 0.66 / train/inv/head_weight 0 / train/inv/objective 0.66 / train/inv/policy_weight_max 1 / train/inv/policy_weight_mean 1 / train/inv/policy_weight_min 1 / train/inv/policy_weight_std 0 / train/inv/valid_frac 1 / train/inv/weight 0.02 / train/loss/con 0.02 / train/loss/dyn 2.5 / train/loss/image 2.07 / train/loss/inv 0.01 / train/loss/policy -0.01 / train/loss/rep 2.5 / train/loss/repval 0.77 / train/loss/rew 0.63 / train/loss/value 0.74 / replay/replay_ratio 264 / fps/policy 5.66 / fps/train 1447.78

Writing metrics: /home/zhangpeiying01/lfy/btwm-7.7/runs/btwm_dmc_walker_walk_seed1_w002_b11_1m/metrics.jsonl
Writing metrics: /home/zhangpeiying01/lfy/btwm-7.7/runs/btwm_dmc_walker_walk_seed1_w002_b11_1m/scores.jsonl

--------------------[Agent Step 415_952]--------------------
Metrics filtered by: 'score|length|fps|ratio|train/loss/|train/acc/|train/inv/|train/rand/'
train/acc/inv 0.53 / train/inv/ce 1.6 / train/inv/confidence 0.24 / train/inv/confidence_gating 0 / train/inv/effective_rep_weight 0.02 / train/inv/head_objective 0.67 / train/inv/head_weight 0 / train/inv/objective 0.67 / train/inv/policy_weight_max 1 / train/inv/policy_weight_mean 1 / train/inv/policy_weight_min 1 / train/inv/policy_weight_std 0 / train/inv/valid_frac 1 / train/inv/weight 0.02 / train/loss/con 0.02 / train/loss/dyn 2.51 / train/loss/image 2.07 / train/loss/inv 0.01 / train/loss/policy -6e-3 / train/loss/rep 2.51 / train/loss/repval 0.77 / train/loss/rew 0.64 / train/loss/value 0.74 / replay/replay_ratio 264 / fps/policy 5.65 / fps/train 1447.48

Writing metrics: /home/zhangpeiying01/lfy/btwm-7.7/runs/btwm_dmc_walker_walk_seed1_w002_b11_1m/metrics.jsonl
Writing metrics: /home/zhangpeiying01/lfy/btwm-7.7/runs/btwm_dmc_walker_walk_seed1_w002_b11_1m/scores.jsonl

--------------------[Agent Step 416_640]--------------------
Metrics filtered by: 'score|length|fps|ratio|train/loss/|train/acc/|train/inv/|train/rand/'
train/acc/inv 0.53 / train/inv/ce 1.6 / train/inv/confidence 0.24 / train/inv/confidence_gating 0 / train/inv/effective_rep_weight 0.02 / train/inv/head_objective 0.67 / train/inv/head_weight 0 / train/inv/objective 0.67 / train/inv/policy_weight_max 1 / train/inv/policy_weight_mean 1 / train/inv/policy_weight_min 1 / train/inv/policy_weight_std 0 / train/inv/valid_frac 1 / train/inv/weight 0.02 / train/loss/con 0.02 / train/loss/dyn 2.59 / train/loss/image 2.08 / train/loss/inv 0.01 / train/loss/policy -5.3e-3 / train/loss/rep 2.59 / train/loss/repval 0.77 / train/loss/rew 0.64 / train/loss/value 0.74 / replay/replay_ratio 264 / fps/policy 5.65 / fps/train 1445.17

Writing metrics: /home/zhangpeiying01/lfy/btwm-7.7/runs/btwm_dmc_walker_walk_seed1_w002_b11_1m/metrics.jsonl
Writing metrics: /home/zhangpeiying01/lfy/btwm-7.7/runs/btwm_dmc_walker_walk_seed1_w002_b11_1m/scores.jsonl

--------------------[Agent Step 417_328]--------------------
Metrics filtered by: 'score|length|fps|ratio|train/loss/|train/acc/|train/inv/|train/rand/'
episode/score 916.04 / episode/length 1001 / train/acc/inv 0.53 / train/inv/ce 1.61 / train/inv/confidence 0.24 / train/inv/confidence_gating 0 / train/inv/effective_rep_weight 0.02 / train/inv/head_objective 0.67 / train/inv/head_weight 0 / train/inv/objective 0.67 / train/inv/policy_weight_max 1 / train/inv/policy_weight_mean 1 / train/inv/policy_weight_min 1 / train/inv/policy_weight_std 0 / train/inv/valid_frac 1 / train/inv/weight 0.02 / train/loss/con 0.02 / train/loss/dyn 2.71 / train/loss/image 2.25 / train/loss/inv 0.01 / train/loss/policy -2e-3 / train/loss/rep 2.71 / train/loss/repval 0.77 / train/loss/rew 0.64 / train/loss/value 0.74 / replay/replay_ratio 264 / fps/policy 5.66 / fps/train 1450.18

Writing metrics: /home/zhangpeiying01/lfy/btwm-7.7/runs/btwm_dmc_walker_walk_seed1_w002_b11_1m/scores.jsonl
Writing metrics: /home/zhangpeiying01/lfy/btwm-7.7/runs/btwm_dmc_walker_walk_seed1_w002_b11_1m/metrics.jsonl

--------------------[Agent Step 418_016]--------------------
Metrics filtered by: 'score|length|fps|ratio|train/loss/|train/acc/|train/inv/|train/rand/'
train/acc/inv 0.53 / train/inv/ce 1.6 / train/inv/confidence 0.24 / train/inv/confidence_gating 0 / train/inv/effective_rep_weight 0.02 / train/inv/head_objective 0.67 / train/inv/head_weight 0 / train/inv/objective 0.67 / train/inv/policy_weight_max 1 / train/inv/policy_weight_mean 1 / train/inv/policy_weight_min 1 / train/inv/policy_weight_std 0 / train/inv/valid_frac 1 / train/inv/weight 0.02 / train/loss/con 0.02 / train/loss/dyn 2.57 / train/loss/image 2.18 / train/loss/inv 0.01 / train/loss/policy -3.6e-3 / train/loss/rep 2.57 / train/loss/repval 0.77 / train/loss/rew 0.64 / train/loss/value 0.74 / replay/replay_ratio 264 / fps/policy 5.67 / fps/train 1451.46

Writing metrics: /home/zhangpeiying01/lfy/btwm-7.7/runs/btwm_dmc_walker_walk_seed1_w002_b11_1m/metrics.jsonl
Writing metrics: /home/zhangpeiying01/lfy/btwm-7.7/runs/btwm_dmc_walker_walk_seed1_w002_b11_1m/scores.jsonl

--------------------[Agent Step 418_704]--------------------
Metrics filtered by: 'score|length|fps|ratio|train/loss/|train/acc/|train/inv/|train/rand/'
train/acc/inv 0.53 / train/inv/ce 1.6 / train/inv/confidence 0.24 / train/inv/confidence_gating 0 / train/inv/effective_rep_weight 0.02 / train/inv/head_objective 0.67 / train/inv/head_weight 0 / train/inv/objective 0.67 / train/inv/policy_weight_max 1 / train/inv/policy_weight_mean 1 / train/inv/policy_weight_min 1 / train/inv/policy_weight_std 0 / train/inv/valid_frac 1 / train/inv/weight 0.02 / train/loss/con 0.02 / train/loss/dyn 2.59 / train/loss/image 2.19 / train/loss/inv 0.01 / train/loss/policy -5.7e-3 / train/loss/rep 2.59 / train/loss/repval 0.77 / train/loss/rew 0.64 / train/loss/value 0.74 / replay/replay_ratio 264 / fps/policy 5.64 / fps/train 1444.43

Writing metrics: /home/zhangpeiying01/lfy/btwm-7.7/runs/btwm_dmc_walker_walk_seed1_w002_b11_1m/scores.jsonl
Writing metrics: /home/zhangpeiying01/lfy/btwm-7.7/runs/btwm_dmc_walker_walk_seed1_w002_b11_1m/metrics.jsonl

--------------------[Agent Step 419_392]--------------------
Metrics filtered by: 'score|length|fps|ratio|train/loss/|train/acc/|train/inv/|train/rand/'
train/acc/inv 0.53 / train/inv/ce 1.61 / train/inv/confidence 0.24 / train/inv/confidence_gating 0 / train/inv/effective_rep_weight 0.02 / train/inv/head_objective 0.67 / train/inv/head_weight 0 / train/inv/objective 0.67 / train/inv/policy_weight_max 1 / train/inv/policy_weight_mean 1 / train/inv/policy_weight_min 1 / train/inv/policy_weight_std 0 / train/inv/valid_frac 1 / train/inv/weight 0.02 / train/loss/con 0.02 / train/loss/dyn 2.51 / train/loss/image 2.09 / train/loss/inv 0.01 / train/loss/policy -3.7e-3 / train/loss/rep 2.51 / train/loss/repval 0.77 / train/loss/rew 0.64 / train/loss/value 0.74 / replay/replay_ratio 264 / fps/policy 5.65 / fps/train 1447.21

Writing metrics: /home/zhangpeiying01/lfy/btwm-7.7/runs/btwm_dmc_walker_walk_seed1_w002_b11_1m/scores.jsonl
Writing metrics: /home/zhangpeiying01/lfy/btwm-7.7/runs/btwm_dmc_walker_walk_seed1_w002_b11_1m/metrics.jsonl

--------------------[Agent Step 420_080]--------------------
Metrics filtered by: 'score|length|fps|ratio|train/loss/|train/acc/|train/inv/|train/rand/'
train/acc/inv 0.53 / train/inv/ce 1.61 / train/inv/confidence 0.24 / train/inv/confidence_gating 0 / train/inv/effective_rep_weight 0.02 / train/inv/head_objective 0.67 / train/inv/head_weight 0 / train/inv/objective 0.67 / train/inv/policy_weight_max 1 / train/inv/policy_weight_mean 1 / train/inv/policy_weight_min 1 / train/inv/policy_weight_std 0 / train/inv/valid_frac 1 / train/inv/weight 0.02 / train/loss/con 0.02 / train/loss/dyn 2.55 / train/loss/image 2.1 / train/loss/inv 0.01 / train/loss/policy -5.5e-3 / train/loss/rep 2.55 / train/loss/repval 0.77 / train/loss/rew 0.64 / train/loss/value 0.74 / replay/replay_ratio 264 / fps/policy 5.64 / fps/train 1443.15

Writing metrics: /home/zhangpeiying01/lfy/btwm-7.7/runs/btwm_dmc_walker_walk_seed1_w002_b11_1m/metrics.jsonl
Writing metrics: /home/zhangpeiying01/lfy/btwm-7.7/runs/btwm_dmc_walker_walk_seed1_w002_b11_1m/scores.jsonl

--------------------[Agent Step 420_768]--------------------
Metrics filtered by: 'score|length|fps|ratio|train/loss/|train/acc/|train/inv/|train/rand/'
train/acc/inv 0.53 / train/inv/ce 1.6 / train/inv/confidence 0.24 / train/inv/confidence_gating 0 / train/inv/effective_rep_weight 0.02 / train/inv/head_objective 0.67 / train/inv/head_weight 0 / train/inv/objective 0.67 / train/inv/policy_weight_max 1 / train/inv/policy_weight_mean 1 / train/inv/policy_weight_min 1 / train/inv/policy_weight_std 0 / train/inv/valid_frac 1 / train/inv/weight 0.02 / train/loss/con 0.02 / train/loss/dyn 2.52 / train/loss/image 2.13 / train/loss/inv 0.01 / train/loss/policy -5.8e-3 / train/loss/rep 2.52 / train/loss/repval 0.77 / train/loss/rew 0.63 / train/loss/value 0.74 / replay/replay_ratio 264 / fps/policy 5.65 / fps/train 1445.44

Writing metrics: /home/zhangpeiying01/lfy/btwm-7.7/runs/btwm_dmc_walker_walk_seed1_w002_b11_1m/metrics.jsonl
Writing metrics: /home/zhangpeiying01/lfy/btwm-7.7/runs/btwm_dmc_walker_walk_seed1_w002_b11_1m/scores.jsonl

--------------------[Agent Step 421_456]--------------------
Metrics filtered by: 'score|length|fps|ratio|train/loss/|train/acc/|train/inv/|train/rand/'
train/acc/inv 0.53 / train/inv/ce 1.6 / train/inv/confidence 0.24 / train/inv/confidence_gating 0 / train/inv/effective_rep_weight 0.02 / train/inv/head_objective 0.67 / train/inv/head_weight 0 / train/inv/objective 0.67 / train/inv/policy_weight_max 1 / train/inv/policy_weight_mean 1 / train/inv/policy_weight_min 1 / train/inv/policy_weight_std 0 / train/inv/valid_frac 1 / train/inv/weight 0.02 / train/loss/con 0.02 / train/loss/dyn 2.56 / train/loss/image 2.13 / train/loss/inv 0.01 / train/loss/policy -5.4e-3 / train/loss/rep 2.56 / train/loss/repval 0.77 / train/loss/rew 0.63 / train/loss/value 0.74 / replay/replay_ratio 264 / fps/policy 5.64 / fps/train 1443.26

Writing metrics: /home/zhangpeiying01/lfy/btwm-7.7/runs/btwm_dmc_walker_walk_seed1_w002_b11_1m/metrics.jsonl
Writing metrics: /home/zhangpeiying01/lfy/btwm-7.7/runs/btwm_dmc_walker_walk_seed1_w002_b11_1m/scores.jsonl

--------------------[Agent Step 422_144]--------------------
Metrics filtered by: 'score|length|fps|ratio|train/loss/|train/acc/|train/inv/|train/rand/'
train/acc/inv 0.53 / train/inv/ce 1.61 / train/inv/confidence 0.24 / train/inv/confidence_gating 0 / train/inv/effective_rep_weight 0.02 / train/inv/head_objective 0.67 / train/inv/head_weight 0 / train/inv/objective 0.67 / train/inv/policy_weight_max 1 / train/inv/policy_weight_mean 1 / train/inv/policy_weight_min 1 / train/inv/policy_weight_std 0 / train/inv/valid_frac 1 / train/inv/weight 0.02 / train/loss/con 0.02 / train/loss/dyn 2.54 / train/loss/image 2.07 / train/loss/inv 0.01 / train/loss/policy -7.1e-3 / train/loss/rep 2.54 / train/loss/repval 0.76 / train/loss/rew 0.64 / train/loss/value 0.73 / replay/replay_ratio 264 / fps/policy 5.65 / fps/train 1445.29

Writing metrics: /home/zhangpeiying01/lfy/btwm-7.7/runs/btwm_dmc_walker_walk_seed1_w002_b11_1m/scores.jsonl
Writing metrics: /home/zhangpeiying01/lfy/btwm-7.7/runs/btwm_dmc_walker_walk_seed1_w002_b11_1m/metrics.jsonl

--------------------[Agent Step 422_832]--------------------
Metrics filtered by: 'score|length|fps|ratio|train/loss/|train/acc/|train/inv/|train/rand/'
train/acc/inv 0.53 / train/inv/ce 1.61 / train/inv/confidence 0.24 / train/inv/confidence_gating 0 / train/inv/effective_rep_weight 0.02 / train/inv/head_objective 0.67 / train/inv/head_weight 0 / train/inv/objective 0.67 / train/inv/policy_weight_max 1 / train/inv/policy_weight_mean 1 / train/inv/policy_weight_min 1 / train/inv/policy_weight_std 0 / train/inv/valid_frac 1 / train/inv/weight 0.02 / train/loss/con 0.02 / train/loss/dyn 2.48 / train/loss/image 2.03 / train/loss/inv 0.01 / train/loss/policy -5.7e-3 / train/loss/rep 2.48 / train/loss/repval 0.76 / train/loss/rew 0.64 / train/loss/value 0.73 / replay/replay_ratio 264 / fps/policy 5.65 / fps/train 1445.63

Writing metrics: /home/zhangpeiying01/lfy/btwm-7.7/runs/btwm_dmc_walker_walk_seed1_w002_b11_1m/metrics.jsonl
Writing metrics: /home/zhangpeiying01/lfy/btwm-7.7/runs/btwm_dmc_walker_walk_seed1_w002_b11_1m/scores.jsonl

--------------------[Agent Step 423_520]--------------------
Metrics filtered by: 'score|length|fps|ratio|train/loss/|train/acc/|train/inv/|train/rand/'
train/acc/inv 0.53 / train/inv/ce 1.6 / train/inv/confidence 0.24 / train/inv/confidence_gating 0 / train/inv/effective_rep_weight 0.02 / train/inv/head_objective 0.67 / train/inv/head_weight 0 / train/inv/objective 0.67 / train/inv/policy_weight_max 1 / train/inv/policy_weight_mean 1 / train/inv/policy_weight_min 1 / train/inv/policy_weight_std 0 / train/inv/valid_frac 1 / train/inv/weight 0.02 / train/loss/con 0.02 / train/loss/dyn 2.53 / train/loss/image 2.09 / train/loss/inv 0.01 / train/loss/policy -8.2e-3 / train/loss/rep 2.53 / train/loss/repval 0.77 / train/loss/rew 0.64 / train/loss/value 0.74 / replay/replay_ratio 264 / fps/policy 5.63 / fps/train 1441.51

Writing metrics: /home/zhangpeiying01/lfy/btwm-7.7/runs/btwm_dmc_walker_walk_seed1_w002_b11_1m/scores.jsonl
Writing metrics: /home/zhangpeiying01/lfy/btwm-7.7/runs/btwm_dmc_walker_walk_seed1_w002_b11_1m/metrics.jsonl

--------------------[Agent Step 424_208]--------------------
Metrics filtered by: 'score|length|fps|ratio|train/loss/|train/acc/|train/inv/|train/rand/'
train/acc/inv 0.53 / train/inv/ce 1.59 / train/inv/confidence 0.24 / train/inv/confidence_gating 0 / train/inv/effective_rep_weight 0.02 / train/inv/head_objective 0.66 / train/inv/head_weight 0 / train/inv/objective 0.66 / train/inv/policy_weight_max 1 / train/inv/policy_weight_mean 1 / train/inv/policy_weight_min 1 / train/inv/policy_weight_std 0 / train/inv/valid_frac 1 / train/inv/weight 0.02 / train/loss/con 0.02 / train/loss/dyn 2.51 / train/loss/image 2.07 / train/loss/inv 0.01 / train/loss/policy -5.2e-3 / train/loss/rep 2.51 / train/loss/repval 0.77 / train/loss/rew 0.63 / train/loss/value 0.74 / replay/replay_ratio 264 / fps/policy 5.64 / fps/train 1444.11

Writing metrics: /home/zhangpeiying01/lfy/btwm-7.7/runs/btwm_dmc_walker_walk_seed1_w002_b11_1m/metrics.jsonl
Writing metrics: /home/zhangpeiying01/lfy/btwm-7.7/runs/btwm_dmc_walker_walk_seed1_w002_b11_1m/scores.jsonl

--------------------[Agent Step 424_896]--------------------
Metrics filtered by: 'score|length|fps|ratio|train/loss/|train/acc/|train/inv/|train/rand/'
train/acc/inv 0.53 / train/inv/ce 1.59 / train/inv/confidence 0.24 / train/inv/confidence_gating 0 / train/inv/effective_rep_weight 0.02 / train/inv/head_objective 0.66 / train/inv/head_weight 0 / train/inv/objective 0.66 / train/inv/policy_weight_max 1 / train/inv/policy_weight_mean 1 / train/inv/policy_weight_min 1 / train/inv/policy_weight_std 0 / train/inv/valid_frac 1 / train/inv/weight 0.02 / train/loss/con 0.02 / train/loss/dyn 2.52 / train/loss/image 2.08 / train/loss/inv 0.01 / train/loss/policy -6.4e-3 / train/loss/rep 2.52 / train/loss/repval 0.77 / train/loss/rew 0.63 / train/loss/value 0.74 / replay/replay_ratio 264 / fps/policy 5.65 / fps/train 1445.54

Writing metrics: /home/zhangpeiying01/lfy/btwm-7.7/runs/btwm_dmc_walker_walk_seed1_w002_b11_1m/metrics.jsonl
Writing metrics: /home/zhangpeiying01/lfy/btwm-7.7/runs/btwm_dmc_walker_walk_seed1_w002_b11_1m/scores.jsonl

--------------------[Agent Step 425_584]--------------------
Metrics filtered by: 'score|length|fps|ratio|train/loss/|train/acc/|train/inv/|train/rand/'
train/acc/inv 0.53 / train/inv/ce 1.59 / train/inv/confidence 0.24 / train/inv/confidence_gating 0 / train/inv/effective_rep_weight 0.02 / train/inv/head_objective 0.66 / train/inv/head_weight 0 / train/inv/objective 0.66 / train/inv/policy_weight_max 1 / train/inv/policy_weight_mean 1 / train/inv/policy_weight_min 1 / train/inv/policy_weight_std 0 / train/inv/valid_frac 1 / train/inv/weight 0.02 / train/loss/con 0.02 / train/loss/dyn 2.55 / train/loss/image 2.07 / train/loss/inv 0.01 / train/loss/policy -6.2e-3 / train/loss/rep 2.55 / train/loss/repval 0.77 / train/loss/rew 0.64 / train/loss/value 0.74 / replay/replay_ratio 264 / fps/policy 5.64 / fps/train 1444.54

Writing metrics: /home/zhangpeiying01/lfy/btwm-7.7/runs/btwm_dmc_walker_walk_seed1_w002_b11_1m/metrics.jsonl
Writing metrics: /home/zhangpeiying01/lfy/btwm-7.7/runs/btwm_dmc_walker_walk_seed1_w002_b11_1m/scores.jsonl

--------------------[Agent Step 426_272]--------------------
Metrics filtered by: 'score|length|fps|ratio|train/loss/|train/acc/|train/inv/|train/rand/'
train/acc/inv 0.53 / train/inv/ce 1.6 / train/inv/confidence 0.24 / train/inv/confidence_gating 0 / train/inv/effective_rep_weight 0.02 / train/inv/head_objective 0.67 / train/inv/head_weight 0 / train/inv/objective 0.67 / train/inv/policy_weight_max 1 / train/inv/policy_weight_mean 1 / train/inv/policy_weight_min 1 / train/inv/policy_weight_std 0 / train/inv/valid_frac 1 / train/inv/weight 0.02 / train/loss/con 0.02 / train/loss/dyn 2.51 / train/loss/image 2.05 / train/loss/inv 0.01 / train/loss/policy -5.7e-3 / train/loss/rep 2.51 / train/loss/repval 0.77 / train/loss/rew 0.63 / train/loss/value 0.73 / replay/replay_ratio 264 / fps/policy 5.64 / fps/train 1443.19

Writing metrics: /home/zhangpeiying01/lfy/btwm-7.7/runs/btwm_dmc_walker_walk_seed1_w002_b11_1m/scores.jsonl
Writing metrics: /home/zhangpeiying01/lfy/btwm-7.7/runs/btwm_dmc_walker_walk_seed1_w002_b11_1m/metrics.jsonl

--------------------[Agent Step 426_960]--------------------
Metrics filtered by: 'score|length|fps|ratio|train/loss/|train/acc/|train/inv/|train/rand/'
train/acc/inv 0.53 / train/inv/ce 1.59 / train/inv/confidence 0.24 / train/inv/confidence_gating 0 / train/inv/effective_rep_weight 0.02 / train/inv/head_objective 0.66 / train/inv/head_weight 0 / train/inv/objective 0.66 / train/inv/policy_weight_max 1 / train/inv/policy_weight_mean 1 / train/inv/policy_weight_min 1 / train/inv/policy_weight_std 0 / train/inv/valid_frac 1 / train/inv/weight 0.02 / train/loss/con 0.02 / train/loss/dyn 2.5 / train/loss/image 2.06 / train/loss/inv 0.01 / train/loss/policy -0.01 / train/loss/rep 2.5 / train/loss/repval 0.77 / train/loss/rew 0.64 / train/loss/value 0.74 / replay/replay_ratio 264 / fps/policy 5.64 / fps/train 1443.85

Writing metrics: /home/zhangpeiying01/lfy/btwm-7.7/runs/btwm_dmc_walker_walk_seed1_w002_b11_1m/metrics.jsonl
Writing metrics: /home/zhangpeiying01/lfy/btwm-7.7/runs/btwm_dmc_walker_walk_seed1_w002_b11_1m/scores.jsonl

--------------------[Agent Step 427_648]--------------------
Metrics filtered by: 'score|length|fps|ratio|train/loss/|train/acc/|train/inv/|train/rand/'
train/acc/inv 0.53 / train/inv/ce 1.59 / train/inv/confidence 0.24 / train/inv/confidence_gating 0 / train/inv/effective_rep_weight 0.02 / train/inv/head_objective 0.66 / train/inv/head_weight 0 / train/inv/objective 0.66 / train/inv/policy_weight_max 1 / train/inv/policy_weight_mean 1 / train/inv/policy_weight_min 1 / train/inv/policy_weight_std 0 / train/inv/valid_frac 1 / train/inv/weight 0.02 / train/loss/con 0.02 / train/loss/dyn 2.5 / train/loss/image 2.05 / train/loss/inv 0.01 / train/loss/policy -7.6e-3 / train/loss/rep 2.5 / train/loss/repval 0.77 / train/loss/rew 0.64 / train/loss/value 0.74 / replay/replay_ratio 264 / fps/policy 5.63 / fps/train 1441.19

Writing metrics: /home/zhangpeiying01/lfy/btwm-7.7/runs/btwm_dmc_walker_walk_seed1_w002_b11_1m/metrics.jsonl
Writing metrics: /home/zhangpeiying01/lfy/btwm-7.7/runs/btwm_dmc_walker_walk_seed1_w002_b11_1m/scores.jsonl

--------------------[Agent Step 428_336]--------------------
Metrics filtered by: 'score|length|fps|ratio|train/loss/|train/acc/|train/inv/|train/rand/'
train/acc/inv 0.53 / train/inv/ce 1.6 / train/inv/confidence 0.24 / train/inv/confidence_gating 0 / train/inv/effective_rep_weight 0.02 / train/inv/head_objective 0.67 / train/inv/head_weight 0 / train/inv/objective 0.67 / train/inv/policy_weight_max 1 / train/inv/policy_weight_mean 1 / train/inv/policy_weight_min 1 / train/inv/policy_weight_std 0 / train/inv/valid_frac 1 / train/inv/weight 0.02 / train/loss/con 0.02 / train/loss/dyn 2.54 / train/loss/image 2.05 / train/loss/inv 0.01 / train/loss/policy -6.9e-3 / train/loss/rep 2.54 / train/loss/repval 0.77 / train/loss/rew 0.64 / train/loss/value 0.74 / replay/replay_ratio 264 / fps/policy 5.64 / fps/train 1442.95

Writing metrics: /home/zhangpeiying01/lfy/btwm-7.7/runs/btwm_dmc_walker_walk_seed1_w002_b11_1m/metrics.jsonl
Writing metrics: /home/zhangpeiying01/lfy/btwm-7.7/runs/btwm_dmc_walker_walk_seed1_w002_b11_1m/scores.jsonl

--------------------[Agent Step 429_024]--------------------
Metrics filtered by: 'score|length|fps|ratio|train/loss/|train/acc/|train/inv/|train/rand/'
train/acc/inv 0.53 / train/inv/ce 1.59 / train/inv/confidence 0.24 / train/inv/confidence_gating 0 / train/inv/effective_rep_weight 0.02 / train/inv/head_objective 0.66 / train/inv/head_weight 0 / train/inv/objective 0.66 / train/inv/policy_weight_max 1 / train/inv/policy_weight_mean 1 / train/inv/policy_weight_min 1 / train/inv/policy_weight_std 0 / train/inv/valid_frac 1 / train/inv/weight 0.02 / train/loss/con 0.02 / train/loss/dyn 2.5 / train/loss/image 2.04 / train/loss/inv 0.01 / train/loss/policy -5.3e-3 / train/loss/rep 2.5 / train/loss/repval 0.77 / train/loss/rew 0.64 / train/loss/value 0.74 / replay/replay_ratio 264 / fps/policy 5.64 / fps/train 1444.92

Writing metrics: /home/zhangpeiying01/lfy/btwm-7.7/runs/btwm_dmc_walker_walk_seed1_w002_b11_1m/metrics.jsonl
Writing metrics: /home/zhangpeiying01/lfy/btwm-7.7/runs/btwm_dmc_walker_walk_seed1_w002_b11_1m/scores.jsonl

--------------------[Agent Step 429_712]--------------------
Metrics filtered by: 'score|length|fps|ratio|train/loss/|train/acc/|train/inv/|train/rand/'
train/acc/inv 0.53 / train/inv/ce 1.6 / train/inv/confidence 0.24 / train/inv/confidence_gating 0 / train/inv/effective_rep_weight 0.02 / train/inv/head_objective 0.67 / train/inv/head_weight 0 / train/inv/objective 0.67 / train/inv/policy_weight_max 1 / train/inv/policy_weight_mean 1 / train/inv/policy_weight_min 1 / train/inv/policy_weight_std 0 / train/inv/valid_frac 1 / train/inv/weight 0.02 / train/loss/con 0.02 / train/loss/dyn 2.48 / train/loss/image 2.03 / train/loss/inv 0.01 / train/loss/policy -9.5e-3 / train/loss/rep 2.48 / train/loss/repval 0.77 / train/loss/rew 0.64 / train/loss/value 0.74 / replay/replay_ratio 264 / fps/policy 5.64 / fps/train 1444.55

Writing metrics: /home/zhangpeiying01/lfy/btwm-7.7/runs/btwm_dmc_walker_walk_seed1_w002_b11_1m/scores.jsonl
Writing metrics: /home/zhangpeiying01/lfy/btwm-7.7/runs/btwm_dmc_walker_walk_seed1_w002_b11_1m/metrics.jsonl

--------------------[Agent Step 430_400]--------------------
Metrics filtered by: 'score|length|fps|ratio|train/loss/|train/acc/|train/inv/|train/rand/'
train/acc/inv 0.53 / train/inv/ce 1.6 / train/inv/confidence 0.24 / train/inv/confidence_gating 0 / train/inv/effective_rep_weight 0.02 / train/inv/head_objective 0.67 / train/inv/head_weight 0 / train/inv/objective 0.67 / train/inv/policy_weight_max 1 / train/inv/policy_weight_mean 1 / train/inv/policy_weight_min 1 / train/inv/policy_weight_std 0 / train/inv/valid_frac 1 / train/inv/weight 0.02 / train/loss/con 0.02 / train/loss/dyn 2.53 / train/loss/image 2.04 / train/loss/inv 0.01 / train/loss/policy -0.01 / train/loss/rep 2.53 / train/loss/repval 0.77 / train/loss/rew 0.64 / train/loss/value 0.74 / replay/replay_ratio 264 / fps/policy 5.64 / fps/train 1443.38

Writing metrics: /home/zhangpeiying01/lfy/btwm-7.7/runs/btwm_dmc_walker_walk_seed1_w002_b11_1m/scores.jsonl
Writing metrics: /home/zhangpeiying01/lfy/btwm-7.7/runs/btwm_dmc_walker_walk_seed1_w002_b11_1m/metrics.jsonl

--------------------[Agent Step 431_088]--------------------
Metrics filtered by: 'score|length|fps|ratio|train/loss/|train/acc/|train/inv/|train/rand/'
train/acc/inv 0.53 / train/inv/ce 1.6 / train/inv/confidence 0.24 / train/inv/confidence_gating 0 / train/inv/effective_rep_weight 0.02 / train/inv/head_objective 0.67 / train/inv/head_weight 0 / train/inv/objective 0.67 / train/inv/policy_weight_max 1 / train/inv/policy_weight_mean 1 / train/inv/policy_weight_min 1 / train/inv/policy_weight_std 0 / train/inv/valid_frac 1 / train/inv/weight 0.02 / train/loss/con 0.02 / train/loss/dyn 2.5 / train/loss/image 2.02 / train/loss/inv 0.01 / train/loss/policy -8.9e-3 / train/loss/rep 2.5 / train/loss/repval 0.77 / train/loss/rew 0.64 / train/loss/value 0.74 / replay/replay_ratio 264 / fps/policy 5.63 / fps/train 1441.43

Writing metrics: /home/zhangpeiying01/lfy/btwm-7.7/runs/btwm_dmc_walker_walk_seed1_w002_b11_1m/scores.jsonl
Writing metrics: /home/zhangpeiying01/lfy/btwm-7.7/runs/btwm_dmc_walker_walk_seed1_w002_b11_1m/metrics.jsonl

--------------------[Agent Step 431_776]--------------------
Metrics filtered by: 'score|length|fps|ratio|train/loss/|train/acc/|train/inv/|train/rand/'
train/acc/inv 0.53 / train/inv/ce 1.6 / train/inv/confidence 0.24 / train/inv/confidence_gating 0 / train/inv/effective_rep_weight 0.02 / train/inv/head_objective 0.67 / train/inv/head_weight 0 / train/inv/objective 0.67 / train/inv/policy_weight_max 1 / train/inv/policy_weight_mean 1 / train/inv/policy_weight_min 1 / train/inv/policy_weight_std 0 / train/inv/valid_frac 1 / train/inv/weight 0.02 / train/loss/con 0.02 / train/loss/dyn 2.48 / train/loss/image 2.02 / train/loss/inv 0.01 / train/loss/policy -9.9e-3 / train/loss/rep 2.48 / train/loss/repval 0.77 / train/loss/rew 0.64 / train/loss/value 0.74 / replay/replay_ratio 264 / fps/policy 5.64 / fps/train 1442.88

Writing metrics: /home/zhangpeiying01/lfy/btwm-7.7/runs/btwm_dmc_walker_walk_seed1_w002_b11_1m/metrics.jsonl
Writing metrics: /home/zhangpeiying01/lfy/btwm-7.7/runs/btwm_dmc_walker_walk_seed1_w002_b11_1m/scores.jsonl

--------------------[Agent Step 432_464]--------------------
Metrics filtered by: 'score|length|fps|ratio|train/loss/|train/acc/|train/inv/|train/rand/'
train/acc/inv 0.53 / train/inv/ce 1.59 / train/inv/confidence 0.24 / train/inv/confidence_gating 0 / train/inv/effective_rep_weight 0.02 / train/inv/head_objective 0.66 / train/inv/head_weight 0 / train/inv/objective 0.66 / train/inv/policy_weight_max 1 / train/inv/policy_weight_mean 1 / train/inv/policy_weight_min 1 / train/inv/policy_weight_std 0 / train/inv/valid_frac 1 / train/inv/weight 0.02 / train/loss/con 0.02 / train/loss/dyn 2.53 / train/loss/image 2.03 / train/loss/inv 0.01 / train/loss/policy -4.4e-3 / train/loss/rep 2.53 / train/loss/repval 0.77 / train/loss/rew 0.64 / train/loss/value 0.74 / replay/replay_ratio 264 / fps/policy 5.63 / fps/train 1441.79

Writing metrics: /home/zhangpeiying01/lfy/btwm-7.7/runs/btwm_dmc_walker_walk_seed1_w002_b11_1m/scores.jsonl
Writing metrics: /home/zhangpeiying01/lfy/btwm-7.7/runs/btwm_dmc_walker_walk_seed1_w002_b11_1m/metrics.jsonl

--------------------[Agent Step 433_152]--------------------
Metrics filtered by: 'score|length|fps|ratio|train/loss/|train/acc/|train/inv/|train/rand/'
episode/score 979.22 / episode/length 1001 / train/acc/inv 0.53 / train/inv/ce 1.61 / train/inv/confidence 0.24 / train/inv/confidence_gating 0 / train/inv/effective_rep_weight 0.02 / train/inv/head_objective 0.67 / train/inv/head_weight 0 / train/inv/objective 0.67 / train/inv/policy_weight_max 1 / train/inv/policy_weight_mean 1 / train/inv/policy_weight_min 1 / train/inv/policy_weight_std 0 / train/inv/valid_frac 1 / train/inv/weight 0.02 / train/loss/con 0.02 / train/loss/dyn 2.56 / train/loss/image 2.1 / train/loss/inv 0.01 / train/loss/policy -4.1e-3 / train/loss/rep 2.56 / train/loss/repval 0.77 / train/loss/rew 0.64 / train/loss/value 0.74 / replay/replay_ratio 264 / fps/policy 5.64 / fps/train 1443.15

Writing metrics: /home/zhangpeiying01/lfy/btwm-7.7/runs/btwm_dmc_walker_walk_seed1_w002_b11_1m/metrics.jsonl
Writing metrics: /home/zhangpeiying01/lfy/btwm-7.7/runs/btwm_dmc_walker_walk_seed1_w002_b11_1m/scores.jsonl

--------------------[Agent Step 433_840]--------------------
Metrics filtered by: 'score|length|fps|ratio|train/loss/|train/acc/|train/inv/|train/rand/'
train/acc/inv 0.53 / train/inv/ce 1.61 / train/inv/confidence 0.24 / train/inv/confidence_gating 0 / train/inv/effective_rep_weight 0.02 / train/inv/head_objective 0.67 / train/inv/head_weight 0 / train/inv/objective 0.67 / train/inv/policy_weight_max 1 / train/inv/policy_weight_mean 1 / train/inv/policy_weight_min 1 / train/inv/policy_weight_std 0 / train/inv/valid_frac 1 / train/inv/weight 0.02 / train/loss/con 0.02 / train/loss/dyn 2.68 / train/loss/image 2.19 / train/loss/inv 0.01 / train/loss/policy -3.8e-3 / train/loss/rep 2.68 / train/loss/repval 0.77 / train/loss/rew 0.64 / train/loss/value 0.74 / replay/replay_ratio 264 / fps/policy 5.64 / fps/train 1443.79

Writing metrics: /home/zhangpeiying01/lfy/btwm-7.7/runs/btwm_dmc_walker_walk_seed1_w002_b11_1m/metrics.jsonl
Writing metrics: /home/zhangpeiying01/lfy/btwm-7.7/runs/btwm_dmc_walker_walk_seed1_w002_b11_1m/scores.jsonl

--------------------[Agent Step 434_528]--------------------
Metrics filtered by: 'score|length|fps|ratio|train/loss/|train/acc/|train/inv/|train/rand/'
train/acc/inv 0.53 / train/inv/ce 1.6 / train/inv/confidence 0.24 / train/inv/confidence_gating 0 / train/inv/effective_rep_weight 0.02 / train/inv/head_objective 0.67 / train/inv/head_weight 0 / train/inv/objective 0.67 / train/inv/policy_weight_max 1 / train/inv/policy_weight_mean 1 / train/inv/policy_weight_min 1 / train/inv/policy_weight_std 0 / train/inv/valid_frac 1 / train/inv/weight 0.02 / train/loss/con 0.02 / train/loss/dyn 2.58 / train/loss/image 2.14 / train/loss/inv 0.01 / train/loss/policy -7e-3 / train/loss/rep 2.58 / train/loss/repval 0.77 / train/loss/rew 0.64 / train/loss/value 0.74 / replay/replay_ratio 264 / fps/policy 5.64 / fps/train 1444.61

Writing metrics: /home/zhangpeiying01/lfy/btwm-7.7/runs/btwm_dmc_walker_walk_seed1_w002_b11_1m/metrics.jsonl
Writing metrics: /home/zhangpeiying01/lfy/btwm-7.7/runs/btwm_dmc_walker_walk_seed1_w002_b11_1m/scores.jsonl
Saving checkpoint: /home/zhangpeiying01/lfy/btwm-7.7/runs/btwm_dmc_walker_walk_seed1_w002_b11_1m/ckpt/20260716T004656F435427
Saved checkpoint.

--------------------[Agent Step 435_200]--------------------
Metrics filtered by: 'score|length|fps|ratio|train/loss/|train/acc/|train/inv/|train/rand/'
train/acc/inv 0.53 / train/inv/ce 1.59 / train/inv/confidence 0.24 / train/inv/confidence_gating 0 / train/inv/effective_rep_weight 0.02 / train/inv/head_objective 0.66 / train/inv/head_weight 0 / train/inv/objective 0.66 / train/inv/policy_weight_max 1 / train/inv/policy_weight_mean 1 / train/inv/policy_weight_min 1 / train/inv/policy_weight_std 0 / train/inv/valid_frac 1 / train/inv/weight 0.02 / train/loss/con 0.02 / train/loss/dyn 2.57 / train/loss/image 2.12 / train/loss/inv 0.01 / train/loss/policy -8.4e-3 / train/loss/rep 2.57 / train/loss/repval 0.77 / train/loss/rew 0.64 / train/loss/value 0.74 / replay/replay_ratio 264 / fps/policy 5.58 / fps/train 1427.94

Writing metrics: /home/zhangpeiying01/lfy/btwm-7.7/runs/btwm_dmc_walker_walk_seed1_w002_b11_1m/metrics.jsonl
Writing metrics: /home/zhangpeiying01/lfy/btwm-7.7/runs/btwm_dmc_walker_walk_seed1_w002_b11_1m/scores.jsonl

--------------------[Agent Step 435_888]--------------------
Metrics filtered by: 'score|length|fps|ratio|train/loss/|train/acc/|train/inv/|train/rand/'
train/acc/inv 0.53 / train/inv/ce 1.6 / train/inv/confidence 0.24 / train/inv/confidence_gating 0 / train/inv/effective_rep_weight 0.02 / train/inv/head_objective 0.67 / train/inv/head_weight 0 / train/inv/objective 0.67 / train/inv/policy_weight_max 1 / train/inv/policy_weight_mean 1 / train/inv/policy_weight_min 1 / train/inv/policy_weight_std 0 / train/inv/valid_frac 1 / train/inv/weight 0.02 / train/loss/con 0.02 / train/loss/dyn 2.48 / train/loss/image 2.05 / train/loss/inv 0.01 / train/loss/policy -7e-3 / train/loss/rep 2.48 / train/loss/repval 0.77 / train/loss/rew 0.64 / train/loss/value 0.74 / replay/replay_ratio 264 / fps/policy 5.66 / fps/train 1448.33

Writing metrics: /home/zhangpeiying01/lfy/btwm-7.7/runs/btwm_dmc_walker_walk_seed1_w002_b11_1m/metrics.jsonl
Writing metrics: /home/zhangpeiying01/lfy/btwm-7.7/runs/btwm_dmc_walker_walk_seed1_w002_b11_1m/scores.jsonl

--------------------[Agent Step 436_576]--------------------
Metrics filtered by: 'score|length|fps|ratio|train/loss/|train/acc/|train/inv/|train/rand/'
train/acc/inv 0.53 / train/inv/ce 1.6 / train/inv/confidence 0.24 / train/inv/confidence_gating 0 / train/inv/effective_rep_weight 0.02 / train/inv/head_objective 0.67 / train/inv/head_weight 0 / train/inv/objective 0.67 / train/inv/policy_weight_max 1 / train/inv/policy_weight_mean 1 / train/inv/policy_weight_min 1 / train/inv/policy_weight_std 0 / train/inv/valid_frac 1 / train/inv/weight 0.02 / train/loss/con 0.02 / train/loss/dyn 2.49 / train/loss/image 2.04 / train/loss/inv 0.01 / train/loss/policy -8.9e-3 / train/loss/rep 2.49 / train/loss/repval 0.77 / train/loss/rew 0.64 / train/loss/value 0.74 / replay/replay_ratio 264 / fps/policy 5.65 / fps/train 1446.97

Writing metrics: /home/zhangpeiying01/lfy/btwm-7.7/runs/btwm_dmc_walker_walk_seed1_w002_b11_1m/metrics.jsonl
Writing metrics: /home/zhangpeiying01/lfy/btwm-7.7/runs/btwm_dmc_walker_walk_seed1_w002_b11_1m/scores.jsonl

--------------------[Agent Step 437_264]--------------------
Metrics filtered by: 'score|length|fps|ratio|train/loss/|train/acc/|train/inv/|train/rand/'
train/acc/inv 0.53 / train/inv/ce 1.6 / train/inv/confidence 0.24 / train/inv/confidence_gating 0 / train/inv/effective_rep_weight 0.02 / train/inv/head_objective 0.67 / train/inv/head_weight 0 / train/inv/objective 0.67 / train/inv/policy_weight_max 1 / train/inv/policy_weight_mean 1 / train/inv/policy_weight_min 1 / train/inv/policy_weight_std 0 / train/inv/valid_frac 1 / train/inv/weight 0.02 / train/loss/con 0.02 / train/loss/dyn 2.53 / train/loss/image 2.06 / train/loss/inv 0.01 / train/loss/policy -8.5e-3 / train/loss/rep 2.53 / train/loss/repval 0.77 / train/loss/rew 0.64 / train/loss/value 0.74 / replay/replay_ratio 264 / fps/policy 5.65 / fps/train 1446.24

Writing metrics: /home/zhangpeiying01/lfy/btwm-7.7/runs/btwm_dmc_walker_walk_seed1_w002_b11_1m/scores.jsonl
Writing metrics: /home/zhangpeiying01/lfy/btwm-7.7/runs/btwm_dmc_walker_walk_seed1_w002_b11_1m/metrics.jsonl

--------------------[Agent Step 437_952]--------------------
Metrics filtered by: 'score|length|fps|ratio|train/loss/|train/acc/|train/inv/|train/rand/'
train/acc/inv 0.53 / train/inv/ce 1.6 / train/inv/confidence 0.24 / train/inv/confidence_gating 0 / train/inv/effective_rep_weight 0.02 / train/inv/head_objective 0.67 / train/inv/head_weight 0 / train/inv/objective 0.67 / train/inv/policy_weight_max 1 / train/inv/policy_weight_mean 1 / train/inv/policy_weight_min 1 / train/inv/policy_weight_std 0 / train/inv/valid_frac 1 / train/inv/weight 0.02 / train/loss/con 0.02 / train/loss/dyn 2.49 / train/loss/image 2.02 / train/loss/inv 0.01 / train/loss/policy -7e-3 / train/loss/rep 2.49 / train/loss/repval 0.76 / train/loss/rew 0.64 / train/loss/value 0.73 / replay/replay_ratio 264 / fps/policy 5.64 / fps/train 1444.28

Writing metrics: /home/zhangpeiying01/lfy/btwm-7.7/runs/btwm_dmc_walker_walk_seed1_w002_b11_1m/scores.jsonl
Writing metrics: /home/zhangpeiying01/lfy/btwm-7.7/runs/btwm_dmc_walker_walk_seed1_w002_b11_1m/metrics.jsonl

--------------------[Agent Step 438_640]--------------------
Metrics filtered by: 'score|length|fps|ratio|train/loss/|train/acc/|train/inv/|train/rand/'
train/acc/inv 0.53 / train/inv/ce 1.59 / train/inv/confidence 0.24 / train/inv/confidence_gating 0 / train/inv/effective_rep_weight 0.02 / train/inv/head_objective 0.66 / train/inv/head_weight 0 / train/inv/objective 0.66 / train/inv/policy_weight_max 1 / train/inv/policy_weight_mean 1 / train/inv/policy_weight_min 1 / train/inv/policy_weight_std 0 / train/inv/valid_frac 1 / train/inv/weight 0.02 / train/loss/con 0.02 / train/loss/dyn 2.51 / train/loss/image 2.05 / train/loss/inv 0.01 / train/loss/policy -8.3e-3 / train/loss/rep 2.51 / train/loss/repval 0.76 / train/loss/rew 0.64 / train/loss/value 0.74 / replay/replay_ratio 264 / fps/policy 5.66 / fps/train 1449

Writing metrics: /home/zhangpeiying01/lfy/btwm-7.7/runs/btwm_dmc_walker_walk_seed1_w002_b11_1m/metrics.jsonl
Writing metrics: /home/zhangpeiying01/lfy/btwm-7.7/runs/btwm_dmc_walker_walk_seed1_w002_b11_1m/scores.jsonl

--------------------[Agent Step 439_328]--------------------
Metrics filtered by: 'score|length|fps|ratio|train/loss/|train/acc/|train/inv/|train/rand/'
train/acc/inv 0.53 / train/inv/ce 1.59 / train/inv/confidence 0.24 / train/inv/confidence_gating 0 / train/inv/effective_rep_weight 0.02 / train/inv/head_objective 0.66 / train/inv/head_weight 0 / train/inv/objective 0.66 / train/inv/policy_weight_max 1 / train/inv/policy_weight_mean 1 / train/inv/policy_weight_min 1 / train/inv/policy_weight_std 0 / train/inv/valid_frac 1 / train/inv/weight 0.02 / train/loss/con 0.02 / train/loss/dyn 2.51 / train/loss/image 2.01 / train/loss/inv 0.01 / train/loss/policy -9e-3 / train/loss/rep 2.51 / train/loss/repval 0.77 / train/loss/rew 0.64 / train/loss/value 0.74 / replay/replay_ratio 264 / fps/policy 5.66 / fps/train 1448.8

Writing metrics: /home/zhangpeiying01/lfy/btwm-7.7/runs/btwm_dmc_walker_walk_seed1_w002_b11_1m/metrics.jsonl
Writing metrics: /home/zhangpeiying01/lfy/btwm-7.7/runs/btwm_dmc_walker_walk_seed1_w002_b11_1m/scores.jsonl

--------------------[Agent Step 440_016]--------------------
Metrics filtered by: 'score|length|fps|ratio|train/loss/|train/acc/|train/inv/|train/rand/'
train/acc/inv 0.53 / train/inv/ce 1.6 / train/inv/confidence 0.24 / train/inv/confidence_gating 0 / train/inv/effective_rep_weight 0.02 / train/inv/head_objective 0.67 / train/inv/head_weight 0 / train/inv/objective 0.67 / train/inv/policy_weight_max 1 / train/inv/policy_weight_mean 1 / train/inv/policy_weight_min 1 / train/inv/policy_weight_std 0 / train/inv/valid_frac 1 / train/inv/weight 0.02 / train/loss/con 0.02 / train/loss/dyn 2.5 / train/loss/image 2.02 / train/loss/inv 0.01 / train/loss/policy -9.3e-3 / train/loss/rep 2.5 / train/loss/repval 0.76 / train/loss/rew 0.64 / train/loss/value 0.74 / replay/replay_ratio 264 / fps/policy 5.65 / fps/train 1445.27

Writing metrics: /home/zhangpeiying01/lfy/btwm-7.7/runs/btwm_dmc_walker_walk_seed1_w002_b11_1m/metrics.jsonl
Writing metrics: /home/zhangpeiying01/lfy/btwm-7.7/runs/btwm_dmc_walker_walk_seed1_w002_b11_1m/scores.jsonl

--------------------[Agent Step 440_704]--------------------
Metrics filtered by: 'score|length|fps|ratio|train/loss/|train/acc/|train/inv/|train/rand/'
train/acc/inv 0.53 / train/inv/ce 1.6 / train/inv/confidence 0.24 / train/inv/confidence_gating 0 / train/inv/effective_rep_weight 0.02 / train/inv/head_objective 0.67 / train/inv/head_weight 0 / train/inv/objective 0.67 / train/inv/policy_weight_max 1 / train/inv/policy_weight_mean 1 / train/inv/policy_weight_min 1 / train/inv/policy_weight_std 0 / train/inv/valid_frac 1 / train/inv/weight 0.02 / train/loss/con 0.02 / train/loss/dyn 2.49 / train/loss/image 1.99 / train/loss/inv 0.01 / train/loss/policy -5.8e-3 / train/loss/rep 2.49 / train/loss/repval 0.76 / train/loss/rew 0.64 / train/loss/value 0.73 / replay/replay_ratio 264 / fps/policy 5.62 / fps/train 1439.6

Writing metrics: /home/zhangpeiying01/lfy/btwm-7.7/runs/btwm_dmc_walker_walk_seed1_w002_b11_1m/metrics.jsonl
Writing metrics: /home/zhangpeiying01/lfy/btwm-7.7/runs/btwm_dmc_walker_walk_seed1_w002_b11_1m/scores.jsonl

--------------------[Agent Step 441_392]--------------------
Metrics filtered by: 'score|length|fps|ratio|train/loss/|train/acc/|train/inv/|train/rand/'
train/acc/inv 0.53 / train/inv/ce 1.59 / train/inv/confidence 0.24 / train/inv/confidence_gating 0 / train/inv/effective_rep_weight 0.02 / train/inv/head_objective 0.66 / train/inv/head_weight 0 / train/inv/objective 0.66 / train/inv/policy_weight_max 1 / train/inv/policy_weight_mean 1 / train/inv/policy_weight_min 1 / train/inv/policy_weight_std 0 / train/inv/valid_frac 1 / train/inv/weight 0.02 / train/loss/con 0.02 / train/loss/dyn 2.51 / train/loss/image 2.04 / train/loss/inv 0.01 / train/loss/policy -0.01 / train/loss/rep 2.51 / train/loss/repval 0.76 / train/loss/rew 0.64 / train/loss/value 0.73 / replay/replay_ratio 264 / fps/policy 5.67 / fps/train 1450.83

Writing metrics: /home/zhangpeiying01/lfy/btwm-7.7/runs/btwm_dmc_walker_walk_seed1_w002_b11_1m/metrics.jsonl
Writing metrics: /home/zhangpeiying01/lfy/btwm-7.7/runs/btwm_dmc_walker_walk_seed1_w002_b11_1m/scores.jsonl

--------------------[Agent Step 442_080]--------------------
Metrics filtered by: 'score|length|fps|ratio|train/loss/|train/acc/|train/inv/|train/rand/'
train/acc/inv 0.53 / train/inv/ce 1.59 / train/inv/confidence 0.24 / train/inv/confidence_gating 0 / train/inv/effective_rep_weight 0.02 / train/inv/head_objective 0.66 / train/inv/head_weight 0 / train/inv/objective 0.66 / train/inv/policy_weight_max 1 / train/inv/policy_weight_mean 1 / train/inv/policy_weight_min 1 / train/inv/policy_weight_std 0 / train/inv/valid_frac 1 / train/inv/weight 0.02 / train/loss/con 0.02 / train/loss/dyn 2.51 / train/loss/image 2.04 / train/loss/inv 0.01 / train/loss/policy -0.01 / train/loss/rep 2.51 / train/loss/repval 0.77 / train/loss/rew 0.64 / train/loss/value 0.73 / replay/replay_ratio 264 / fps/policy 5.65 / fps/train 1445.41

Writing metrics: /home/zhangpeiying01/lfy/btwm-7.7/runs/btwm_dmc_walker_walk_seed1_w002_b11_1m/metrics.jsonl
Writing metrics: /home/zhangpeiying01/lfy/btwm-7.7/runs/btwm_dmc_walker_walk_seed1_w002_b11_1m/scores.jsonl

--------------------[Agent Step 442_768]--------------------
Metrics filtered by: 'score|length|fps|ratio|train/loss/|train/acc/|train/inv/|train/rand/'
train/acc/inv 0.53 / train/inv/ce 1.59 / train/inv/confidence 0.24 / train/inv/confidence_gating 0 / train/inv/effective_rep_weight 0.02 / train/inv/head_objective 0.66 / train/inv/head_weight 0 / train/inv/objective 0.66 / train/inv/policy_weight_max 1 / train/inv/policy_weight_mean 1 / train/inv/policy_weight_min 1 / train/inv/policy_weight_std 0 / train/inv/valid_frac 1 / train/inv/weight 0.02 / train/loss/con 0.02 / train/loss/dyn 2.51 / train/loss/image 2.04 / train/loss/inv 0.01 / train/loss/policy -9.2e-3 / train/loss/rep 2.51 / train/loss/repval 0.76 / train/loss/rew 0.64 / train/loss/value 0.73 / replay/replay_ratio 264 / fps/policy 5.65 / fps/train 1445.28

Writing metrics: /home/zhangpeiying01/lfy/btwm-7.7/runs/btwm_dmc_walker_walk_seed1_w002_b11_1m/metrics.jsonl
Writing metrics: /home/zhangpeiying01/lfy/btwm-7.7/runs/btwm_dmc_walker_walk_seed1_w002_b11_1m/scores.jsonl

--------------------[Agent Step 443_456]--------------------
Metrics filtered by: 'score|length|fps|ratio|train/loss/|train/acc/|train/inv/|train/rand/'
train/acc/inv 0.53 / train/inv/ce 1.6 / train/inv/confidence 0.24 / train/inv/confidence_gating 0 / train/inv/effective_rep_weight 0.02 / train/inv/head_objective 0.67 / train/inv/head_weight 0 / train/inv/objective 0.67 / train/inv/policy_weight_max 1 / train/inv/policy_weight_mean 1 / train/inv/policy_weight_min 1 / train/inv/policy_weight_std 0 / train/inv/valid_frac 1 / train/inv/weight 0.02 / train/loss/con 0.02 / train/loss/dyn 2.49 / train/loss/image 2 / train/loss/inv 0.01 / train/loss/policy -6.2e-3 / train/loss/rep 2.49 / train/loss/repval 0.76 / train/loss/rew 0.64 / train/loss/value 0.73 / replay/replay_ratio 264 / fps/policy 5.64 / fps/train 1443.19

Writing metrics: /home/zhangpeiying01/lfy/btwm-7.7/runs/btwm_dmc_walker_walk_seed1_w002_b11_1m/metrics.jsonl
Writing metrics: /home/zhangpeiying01/lfy/btwm-7.7/runs/btwm_dmc_walker_walk_seed1_w002_b11_1m/scores.jsonl

--------------------[Agent Step 444_144]--------------------
Metrics filtered by: 'score|length|fps|ratio|train/loss/|train/acc/|train/inv/|train/rand/'
train/acc/inv 0.53 / train/inv/ce 1.6 / train/inv/confidence 0.24 / train/inv/confidence_gating 0 / train/inv/effective_rep_weight 0.02 / train/inv/head_objective 0.67 / train/inv/head_weight 0 / train/inv/objective 0.67 / train/inv/policy_weight_max 1 / train/inv/policy_weight_mean 1 / train/inv/policy_weight_min 1 / train/inv/policy_weight_std 0 / train/inv/valid_frac 1 / train/inv/weight 0.02 / train/loss/con 0.02 / train/loss/dyn 2.55 / train/loss/image 2.04 / train/loss/inv 0.01 / train/loss/policy -6.3e-3 / train/loss/rep 2.55 / train/loss/repval 0.76 / train/loss/rew 0.64 / train/loss/value 0.73 / replay/replay_ratio 264 / fps/policy 5.63 / fps/train 1441.42

Writing metrics: /home/zhangpeiying01/lfy/btwm-7.7/runs/btwm_dmc_walker_walk_seed1_w002_b11_1m/scores.jsonl
Writing metrics: /home/zhangpeiying01/lfy/btwm-7.7/runs/btwm_dmc_walker_walk_seed1_w002_b11_1m/metrics.jsonl

--------------------[Agent Step 444_832]--------------------
Metrics filtered by: 'score|length|fps|ratio|train/loss/|train/acc/|train/inv/|train/rand/'
train/acc/inv 0.53 / train/inv/ce 1.59 / train/inv/confidence 0.24 / train/inv/confidence_gating 0 / train/inv/effective_rep_weight 0.02 / train/inv/head_objective 0.66 / train/inv/head_weight 0 / train/inv/objective 0.66 / train/inv/policy_weight_max 1 / train/inv/policy_weight_mean 1 / train/inv/policy_weight_min 1 / train/inv/policy_weight_std 0 / train/inv/valid_frac 1 / train/inv/weight 0.02 / train/loss/con 0.02 / train/loss/dyn 2.5 / train/loss/image 2.02 / train/loss/inv 0.01 / train/loss/policy -6.9e-3 / train/loss/rep 2.5 / train/loss/repval 0.76 / train/loss/rew 0.64 / train/loss/value 0.74 / replay/replay_ratio 264 / fps/policy 5.62 / fps/train 1437.73

Writing metrics: /home/zhangpeiying01/lfy/btwm-7.7/runs/btwm_dmc_walker_walk_seed1_w002_b11_1m/metrics.jsonl
Writing metrics: /home/zhangpeiying01/lfy/btwm-7.7/runs/btwm_dmc_walker_walk_seed1_w002_b11_1m/scores.jsonl

--------------------[Agent Step 445_520]--------------------
Metrics filtered by: 'score|length|fps|ratio|train/loss/|train/acc/|train/inv/|train/rand/'
train/acc/inv 0.53 / train/inv/ce 1.59 / train/inv/confidence 0.24 / train/inv/confidence_gating 0 / train/inv/effective_rep_weight 0.02 / train/inv/head_objective 0.66 / train/inv/head_weight 0 / train/inv/objective 0.66 / train/inv/policy_weight_max 1 / train/inv/policy_weight_mean 1 / train/inv/policy_weight_min 1 / train/inv/policy_weight_std 0 / train/inv/valid_frac 1 / train/inv/weight 0.02 / train/loss/con 0.02 / train/loss/dyn 2.51 / train/loss/image 2 / train/loss/inv 0.01 / train/loss/policy -8.3e-3 / train/loss/rep 2.51 / train/loss/repval 0.77 / train/loss/rew 0.64 / train/loss/value 0.73 / replay/replay_ratio 264 / fps/policy 5.62 / fps/train 1439.07

Writing metrics: /home/zhangpeiying01/lfy/btwm-7.7/runs/btwm_dmc_walker_walk_seed1_w002_b11_1m/scores.jsonl
Writing metrics: /home/zhangpeiying01/lfy/btwm-7.7/runs/btwm_dmc_walker_walk_seed1_w002_b11_1m/metrics.jsonl

--------------------[Agent Step 446_208]--------------------
Metrics filtered by: 'score|length|fps|ratio|train/loss/|train/acc/|train/inv/|train/rand/'
train/acc/inv 0.53 / train/inv/ce 1.59 / train/inv/confidence 0.24 / train/inv/confidence_gating 0 / train/inv/effective_rep_weight 0.02 / train/inv/head_objective 0.66 / train/inv/head_weight 0 / train/inv/objective 0.66 / train/inv/policy_weight_max 1 / train/inv/policy_weight_mean 1 / train/inv/policy_weight_min 1 / train/inv/policy_weight_std 0 / train/inv/valid_frac 1 / train/inv/weight 0.02 / train/loss/con 0.02 / train/loss/dyn 2.52 / train/loss/image 2.02 / train/loss/inv 0.01 / train/loss/policy -7.9e-3 / train/loss/rep 2.52 / train/loss/repval 0.77 / train/loss/rew 0.64 / train/loss/value 0.74 / replay/replay_ratio 264 / fps/policy 5.63 / fps/train 1441.29

Writing metrics: /home/zhangpeiying01/lfy/btwm-7.7/runs/btwm_dmc_walker_walk_seed1_w002_b11_1m/metrics.jsonl
Writing metrics: /home/zhangpeiying01/lfy/btwm-7.7/runs/btwm_dmc_walker_walk_seed1_w002_b11_1m/scores.jsonl

--------------------[Agent Step 446_896]--------------------
Metrics filtered by: 'score|length|fps|ratio|train/loss/|train/acc/|train/inv/|train/rand/'
train/acc/inv 0.53 / train/inv/ce 1.59 / train/inv/confidence 0.24 / train/inv/confidence_gating 0 / train/inv/effective_rep_weight 0.02 / train/inv/head_objective 0.66 / train/inv/head_weight 0 / train/inv/objective 0.66 / train/inv/policy_weight_max 1 / train/inv/policy_weight_mean 1 / train/inv/policy_weight_min 1 / train/inv/policy_weight_std 0 / train/inv/valid_frac 1 / train/inv/weight 0.02 / train/loss/con 0.02 / train/loss/dyn 2.48 / train/loss/image 2 / train/loss/inv 0.01 / train/loss/policy -9.2e-3 / train/loss/rep 2.48 / train/loss/repval 0.76 / train/loss/rew 0.64 / train/loss/value 0.73 / replay/replay_ratio 264 / fps/policy 5.67 / fps/train 1450.5

Writing metrics: /home/zhangpeiying01/lfy/btwm-7.7/runs/btwm_dmc_walker_walk_seed1_w002_b11_1m/scores.jsonl
Writing metrics: /home/zhangpeiying01/lfy/btwm-7.7/runs/btwm_dmc_walker_walk_seed1_w002_b11_1m/metrics.jsonl

--------------------[Agent Step 447_584]--------------------
Metrics filtered by: 'score|length|fps|ratio|train/loss/|train/acc/|train/inv/|train/rand/'
train/acc/inv 0.53 / train/inv/ce 1.6 / train/inv/confidence 0.24 / train/inv/confidence_gating 0 / train/inv/effective_rep_weight 0.02 / train/inv/head_objective 0.67 / train/inv/head_weight 0 / train/inv/objective 0.67 / train/inv/policy_weight_max 1 / train/inv/policy_weight_mean 1 / train/inv/policy_weight_min 1 / train/inv/policy_weight_std 0 / train/inv/valid_frac 1 / train/inv/weight 0.02 / train/loss/con 0.02 / train/loss/dyn 2.48 / train/loss/image 2 / train/loss/inv 0.01 / train/loss/policy -6.9e-3 / train/loss/rep 2.48 / train/loss/repval 0.76 / train/loss/rew 0.64 / train/loss/value 0.73 / replay/replay_ratio 264 / fps/policy 5.65 / fps/train 1446.77

Writing metrics: /home/zhangpeiying01/lfy/btwm-7.7/runs/btwm_dmc_walker_walk_seed1_w002_b11_1m/scores.jsonl
Writing metrics: /home/zhangpeiying01/lfy/btwm-7.7/runs/btwm_dmc_walker_walk_seed1_w002_b11_1m/metrics.jsonl

--------------------[Agent Step 448_272]--------------------
Metrics filtered by: 'score|length|fps|ratio|train/loss/|train/acc/|train/inv/|train/rand/'
train/acc/inv 0.53 / train/inv/ce 1.59 / train/inv/confidence 0.24 / train/inv/confidence_gating 0 / train/inv/effective_rep_weight 0.02 / train/inv/head_objective 0.66 / train/inv/head_weight 0 / train/inv/objective 0.66 / train/inv/policy_weight_max 1 / train/inv/policy_weight_mean 1 / train/inv/policy_weight_min 1 / train/inv/policy_weight_std 0 / train/inv/valid_frac 1 / train/inv/weight 0.02 / train/loss/con 0.02 / train/loss/dyn 2.5 / train/loss/image 1.99 / train/loss/inv 0.01 / train/loss/policy -6.3e-3 / train/loss/rep 2.5 / train/loss/repval 0.76 / train/loss/rew 0.64 / train/loss/value 0.73 / replay/replay_ratio 264 / fps/policy 5.64 / fps/train 1444.75

Writing metrics: /home/zhangpeiying01/lfy/btwm-7.7/runs/btwm_dmc_walker_walk_seed1_w002_b11_1m/metrics.jsonl
Writing metrics: /home/zhangpeiying01/lfy/btwm-7.7/runs/btwm_dmc_walker_walk_seed1_w002_b11_1m/scores.jsonl

--------------------[Agent Step 448_960]--------------------
Metrics filtered by: 'score|length|fps|ratio|train/loss/|train/acc/|train/inv/|train/rand/'
episode/score 909.1 / episode/length 1001 / train/acc/inv 0.53 / train/inv/ce 1.59 / train/inv/confidence 0.24 / train/inv/confidence_gating 0 / train/inv/effective_rep_weight 0.02 / train/inv/head_objective 0.66 / train/inv/head_weight 0 / train/inv/objective 0.66 / train/inv/policy_weight_max 1 / train/inv/policy_weight_mean 1 / train/inv/policy_weight_min 1 / train/inv/policy_weight_std 0 / train/inv/valid_frac 1 / train/inv/weight 0.02 / train/loss/con 0.02 / train/loss/dyn 2.52 / train/loss/image 2 / train/loss/inv 0.01 / train/loss/policy -7.8e-3 / train/loss/rep 2.52 / train/loss/repval 0.76 / train/loss/rew 0.64 / train/loss/value 0.73 / replay/replay_ratio 264 / fps/policy 5.65 / fps/train 1445.99

Writing metrics: /home/zhangpeiying01/lfy/btwm-7.7/runs/btwm_dmc_walker_walk_seed1_w002_b11_1m/scores.jsonl
Writing metrics: /home/zhangpeiying01/lfy/btwm-7.7/runs/btwm_dmc_walker_walk_seed1_w002_b11_1m/metrics.jsonl

--------------------[Agent Step 449_648]--------------------
Metrics filtered by: 'score|length|fps|ratio|train/loss/|train/acc/|train/inv/|train/rand/'
train/acc/inv 0.53 / train/inv/ce 1.61 / train/inv/confidence 0.24 / train/inv/confidence_gating 0 / train/inv/effective_rep_weight 0.02 / train/inv/head_objective 0.67 / train/inv/head_weight 0 / train/inv/objective 0.67 / train/inv/policy_weight_max 1 / train/inv/policy_weight_mean 1 / train/inv/policy_weight_min 1 / train/inv/policy_weight_std 0 / train/inv/valid_frac 1 / train/inv/weight 0.02 / train/loss/con 0.02 / train/loss/dyn 2.66 / train/loss/image 2.16 / train/loss/inv 0.01 / train/loss/policy -1.8e-3 / train/loss/rep 2.66 / train/loss/repval 0.76 / train/loss/rew 0.64 / train/loss/value 0.73 / replay/replay_ratio 264 / fps/policy 5.63 / fps/train 1442.39

Writing metrics: /home/zhangpeiying01/lfy/btwm-7.7/runs/btwm_dmc_walker_walk_seed1_w002_b11_1m/metrics.jsonl
Writing metrics: /home/zhangpeiying01/lfy/btwm-7.7/runs/btwm_dmc_walker_walk_seed1_w002_b11_1m/scores.jsonl

--------------------[Agent Step 450_336]--------------------
Metrics filtered by: 'score|length|fps|ratio|train/loss/|train/acc/|train/inv/|train/rand/'
train/acc/inv 0.53 / train/inv/ce 1.61 / train/inv/confidence 0.24 / train/inv/confidence_gating 0 / train/inv/effective_rep_weight 0.02 / train/inv/head_objective 0.67 / train/inv/head_weight 0 / train/inv/objective 0.67 / train/inv/policy_weight_max 1 / train/inv/policy_weight_mean 1 / train/inv/policy_weight_min 1 / train/inv/policy_weight_std 0 / train/inv/valid_frac 1 / train/inv/weight 0.02 / train/loss/con 0.02 / train/loss/dyn 2.55 / train/loss/image 2.07 / train/loss/inv 0.01 / train/loss/policy -1.3e-3 / train/loss/rep 2.55 / train/loss/repval 0.76 / train/loss/rew 0.64 / train/loss/value 0.73 / replay/replay_ratio 264 / fps/policy 5.65 / fps/train 1445.48

Writing metrics: /home/zhangpeiying01/lfy/btwm-7.7/runs/btwm_dmc_walker_walk_seed1_w002_b11_1m/metrics.jsonl
Writing metrics: /home/zhangpeiying01/lfy/btwm-7.7/runs/btwm_dmc_walker_walk_seed1_w002_b11_1m/scores.jsonl

--------------------[Agent Step 451_024]--------------------
Metrics filtered by: 'score|length|fps|ratio|train/loss/|train/acc/|train/inv/|train/rand/'
train/acc/inv 0.53 / train/inv/ce 1.6 / train/inv/confidence 0.24 / train/inv/confidence_gating 0 / train/inv/effective_rep_weight 0.02 / train/inv/head_objective 0.67 / train/inv/head_weight 0 / train/inv/objective 0.67 / train/inv/policy_weight_max 1 / train/inv/policy_weight_mean 1 / train/inv/policy_weight_min 1 / train/inv/policy_weight_std 0 / train/inv/valid_frac 1 / train/inv/weight 0.02 / train/loss/con 0.02 / train/loss/dyn 2.57 / train/loss/image 2.08 / train/loss/inv 0.01 / train/loss/policy -4.2e-3 / train/loss/rep 2.57 / train/loss/repval 0.76 / train/loss/rew 0.64 / train/loss/value 0.73 / replay/replay_ratio 264 / fps/policy 5.63 / fps/train 1440.77

Writing metrics: /home/zhangpeiying01/lfy/btwm-7.7/runs/btwm_dmc_walker_walk_seed1_w002_b11_1m/scores.jsonl
Writing metrics: /home/zhangpeiying01/lfy/btwm-7.7/runs/btwm_dmc_walker_walk_seed1_w002_b11_1m/metrics.jsonl

--------------------[Agent Step 451_712]--------------------
Metrics filtered by: 'score|length|fps|ratio|train/loss/|train/acc/|train/inv/|train/rand/'
train/acc/inv 0.53 / train/inv/ce 1.6 / train/inv/confidence 0.24 / train/inv/confidence_gating 0 / train/inv/effective_rep_weight 0.02 / train/inv/head_objective 0.67 / train/inv/head_weight 0 / train/inv/objective 0.67 / train/inv/policy_weight_max 1 / train/inv/policy_weight_mean 1 / train/inv/policy_weight_min 1 / train/inv/policy_weight_std 0 / train/inv/valid_frac 1 / train/inv/weight 0.02 / train/loss/con 0.02 / train/loss/dyn 2.53 / train/loss/image 2.05 / train/loss/inv 0.01 / train/loss/policy -8.7e-3 / train/loss/rep 2.53 / train/loss/repval 0.76 / train/loss/rew 0.64 / train/loss/value 0.73 / replay/replay_ratio 264 / fps/policy 5.64 / fps/train 1444.18

Writing metrics: /home/zhangpeiying01/lfy/btwm-7.7/runs/btwm_dmc_walker_walk_seed1_w002_b11_1m/scores.jsonl
Writing metrics: /home/zhangpeiying01/lfy/btwm-7.7/runs/btwm_dmc_walker_walk_seed1_w002_b11_1m/metrics.jsonl

--------------------[Agent Step 452_400]--------------------
Metrics filtered by: 'score|length|fps|ratio|train/loss/|train/acc/|train/inv/|train/rand/'
train/acc/inv 0.53 / train/inv/ce 1.6 / train/inv/confidence 0.24 / train/inv/confidence_gating 0 / train/inv/effective_rep_weight 0.02 / train/inv/head_objective 0.67 / train/inv/head_weight 0 / train/inv/objective 0.67 / train/inv/policy_weight_max 1 / train/inv/policy_weight_mean 1 / train/inv/policy_weight_min 1 / train/inv/policy_weight_std 0 / train/inv/valid_frac 1 / train/inv/weight 0.02 / train/loss/con 0.02 / train/loss/dyn 2.46 / train/loss/image 1.99 / train/loss/inv 0.01 / train/loss/policy -5.7e-3 / train/loss/rep 2.46 / train/loss/repval 0.76 / train/loss/rew 0.64 / train/loss/value 0.73 / replay/replay_ratio 264 / fps/policy 5.65 / fps/train 1447.68

Writing metrics: /home/zhangpeiying01/lfy/btwm-7.7/runs/btwm_dmc_walker_walk_seed1_w002_b11_1m/metrics.jsonl
Writing metrics: /home/zhangpeiying01/lfy/btwm-7.7/runs/btwm_dmc_walker_walk_seed1_w002_b11_1m/scores.jsonl

--------------------[Agent Step 453_088]--------------------
Metrics filtered by: 'score|length|fps|ratio|train/loss/|train/acc/|train/inv/|train/rand/'
train/acc/inv 0.53 / train/inv/ce 1.59 / train/inv/confidence 0.24 / train/inv/confidence_gating 0 / train/inv/effective_rep_weight 0.02 / train/inv/head_objective 0.66 / train/inv/head_weight 0 / train/inv/objective 0.66 / train/inv/policy_weight_max 1 / train/inv/policy_weight_mean 1 / train/inv/policy_weight_min 1 / train/inv/policy_weight_std 0 / train/inv/valid_frac 1 / train/inv/weight 0.02 / train/loss/con 0.02 / train/loss/dyn 2.51 / train/loss/image 2.01 / train/loss/inv 0.01 / train/loss/policy -4.8e-3 / train/loss/rep 2.51 / train/loss/repval 0.76 / train/loss/rew 0.64 / train/loss/value 0.73 / replay/replay_ratio 264 / fps/policy 5.64 / fps/train 1445.09

Writing metrics: /home/zhangpeiying01/lfy/btwm-7.7/runs/btwm_dmc_walker_walk_seed1_w002_b11_1m/metrics.jsonl
Writing metrics: /home/zhangpeiying01/lfy/btwm-7.7/runs/btwm_dmc_walker_walk_seed1_w002_b11_1m/scores.jsonl

--------------------[Agent Step 453_776]--------------------
Metrics filtered by: 'score|length|fps|ratio|train/loss/|train/acc/|train/inv/|train/rand/'
train/acc/inv 0.53 / train/inv/ce 1.6 / train/inv/confidence 0.24 / train/inv/confidence_gating 0 / train/inv/effective_rep_weight 0.02 / train/inv/head_objective 0.67 / train/inv/head_weight 0 / train/inv/objective 0.67 / train/inv/policy_weight_max 1 / train/inv/policy_weight_mean 1 / train/inv/policy_weight_min 1 / train/inv/policy_weight_std 0 / train/inv/valid_frac 1 / train/inv/weight 0.02 / train/loss/con 0.02 / train/loss/dyn 2.5 / train/loss/image 2.03 / train/loss/inv 0.01 / train/loss/policy -4.6e-3 / train/loss/rep 2.5 / train/loss/repval 0.76 / train/loss/rew 0.64 / train/loss/value 0.73 / replay/replay_ratio 264 / fps/policy 5.65 / fps/train 1445.2

Writing metrics: /home/zhangpeiying01/lfy/btwm-7.7/runs/btwm_dmc_walker_walk_seed1_w002_b11_1m/metrics.jsonl
Writing metrics: /home/zhangpeiying01/lfy/btwm-7.7/runs/btwm_dmc_walker_walk_seed1_w002_b11_1m/scores.jsonl

--------------------[Agent Step 454_464]--------------------
Metrics filtered by: 'score|length|fps|ratio|train/loss/|train/acc/|train/inv/|train/rand/'
train/acc/inv 0.53 / train/inv/ce 1.59 / train/inv/confidence 0.24 / train/inv/confidence_gating 0 / train/inv/effective_rep_weight 0.02 / train/inv/head_objective 0.66 / train/inv/head_weight 0 / train/inv/objective 0.66 / train/inv/policy_weight_max 1 / train/inv/policy_weight_mean 1 / train/inv/policy_weight_min 1 / train/inv/policy_weight_std 0 / train/inv/valid_frac 1 / train/inv/weight 0.02 / train/loss/con 0.02 / train/loss/dyn 2.49 / train/loss/image 2 / train/loss/inv 0.01 / train/loss/policy -0.01 / train/loss/rep 2.49 / train/loss/repval 0.76 / train/loss/rew 0.64 / train/loss/value 0.73 / replay/replay_ratio 264 / fps/policy 5.62 / fps/train 1438.52

Writing metrics: /home/zhangpeiying01/lfy/btwm-7.7/runs/btwm_dmc_walker_walk_seed1_w002_b11_1m/metrics.jsonl
Writing metrics: /home/zhangpeiying01/lfy/btwm-7.7/runs/btwm_dmc_walker_walk_seed1_w002_b11_1m/scores.jsonl

--------------------[Agent Step 455_152]--------------------
Metrics filtered by: 'score|length|fps|ratio|train/loss/|train/acc/|train/inv/|train/rand/'
train/acc/inv 0.53 / train/inv/ce 1.6 / train/inv/confidence 0.24 / train/inv/confidence_gating 0 / train/inv/effective_rep_weight 0.02 / train/inv/head_objective 0.67 / train/inv/head_weight 0 / train/inv/objective 0.67 / train/inv/policy_weight_max 1 / train/inv/policy_weight_mean 1 / train/inv/policy_weight_min 1 / train/inv/policy_weight_std 0 / train/inv/valid_frac 1 / train/inv/weight 0.02 / train/loss/con 0.02 / train/loss/dyn 2.54 / train/loss/image 2.02 / train/loss/inv 0.01 / train/loss/policy -5.5e-3 / train/loss/rep 2.54 / train/loss/repval 0.76 / train/loss/rew 0.64 / train/loss/value 0.73 / replay/replay_ratio 264 / fps/policy 5.65 / fps/train 1446.48

Writing metrics: /home/zhangpeiying01/lfy/btwm-7.7/runs/btwm_dmc_walker_walk_seed1_w002_b11_1m/metrics.jsonl
Writing metrics: /home/zhangpeiying01/lfy/btwm-7.7/runs/btwm_dmc_walker_walk_seed1_w002_b11_1m/scores.jsonl
Saving checkpoint: /home/zhangpeiying01/lfy/btwm-7.7/runs/btwm_dmc_walker_walk_seed1_w002_b11_1m/ckpt/20260716T014658F710274
Saved checkpoint.

--------------------[Agent Step 455_824]--------------------
Metrics filtered by: 'score|length|fps|ratio|train/loss/|train/acc/|train/inv/|train/rand/'
train/acc/inv 0.53 / train/inv/ce 1.59 / train/inv/confidence 0.24 / train/inv/confidence_gating 0 / train/inv/effective_rep_weight 0.02 / train/inv/head_objective 0.66 / train/inv/head_weight 0 / train/inv/objective 0.66 / train/inv/policy_weight_max 1 / train/inv/policy_weight_mean 1 / train/inv/policy_weight_min 1 / train/inv/policy_weight_std 0 / train/inv/valid_frac 1 / train/inv/weight 0.02 / train/loss/con 0.02 / train/loss/dyn 2.49 / train/loss/image 1.99 / train/loss/inv 0.01 / train/loss/policy -5.2e-3 / train/loss/rep 2.49 / train/loss/repval 0.76 / train/loss/rew 0.64 / train/loss/value 0.74 / replay/replay_ratio 264 / fps/policy 5.54 / fps/train 1417.69

Writing metrics: /home/zhangpeiying01/lfy/btwm-7.7/runs/btwm_dmc_walker_walk_seed1_w002_b11_1m/metrics.jsonl
Writing metrics: /home/zhangpeiying01/lfy/btwm-7.7/runs/btwm_dmc_walker_walk_seed1_w002_b11_1m/scores.jsonl

--------------------[Agent Step 456_512]--------------------
Metrics filtered by: 'score|length|fps|ratio|train/loss/|train/acc/|train/inv/|train/rand/'
train/acc/inv 0.53 / train/inv/ce 1.6 / train/inv/confidence 0.24 / train/inv/confidence_gating 0 / train/inv/effective_rep_weight 0.02 / train/inv/head_objective 0.67 / train/inv/head_weight 0 / train/inv/objective 0.67 / train/inv/policy_weight_max 1 / train/inv/policy_weight_mean 1 / train/inv/policy_weight_min 1 / train/inv/policy_weight_std 0 / train/inv/valid_frac 1 / train/inv/weight 0.02 / train/loss/con 0.02 / train/loss/dyn 2.49 / train/loss/image 1.98 / train/loss/inv 0.01 / train/loss/policy -4.4e-3 / train/loss/rep 2.49 / train/loss/repval 0.76 / train/loss/rew 0.64 / train/loss/value 0.73 / replay/replay_ratio 264 / fps/policy 5.66 / fps/train 1447.99

Writing metrics: /home/zhangpeiying01/lfy/btwm-7.7/runs/btwm_dmc_walker_walk_seed1_w002_b11_1m/metrics.jsonl
Writing metrics: /home/zhangpeiying01/lfy/btwm-7.7/runs/btwm_dmc_walker_walk_seed1_w002_b11_1m/scores.jsonl

--------------------[Agent Step 457_200]--------------------
Metrics filtered by: 'score|length|fps|ratio|train/loss/|train/acc/|train/inv/|train/rand/'
train/acc/inv 0.53 / train/inv/ce 1.59 / train/inv/confidence 0.24 / train/inv/confidence_gating 0 / train/inv/effective_rep_weight 0.02 / train/inv/head_objective 0.66 / train/inv/head_weight 0 / train/inv/objective 0.66 / train/inv/policy_weight_max 1 / train/inv/policy_weight_mean 1 / train/inv/policy_weight_min 1 / train/inv/policy_weight_std 0 / train/inv/valid_frac 1 / train/inv/weight 0.02 / train/loss/con 0.02 / train/loss/dyn 2.51 / train/loss/image 2 / train/loss/inv 0.01 / train/loss/policy -5.7e-3 / train/loss/rep 2.51 / train/loss/repval 0.76 / train/loss/rew 0.64 / train/loss/value 0.73 / replay/replay_ratio 264 / fps/policy 5.65 / fps/train 1447.37

Writing metrics: /home/zhangpeiying01/lfy/btwm-7.7/runs/btwm_dmc_walker_walk_seed1_w002_b11_1m/metrics.jsonl
Writing metrics: /home/zhangpeiying01/lfy/btwm-7.7/runs/btwm_dmc_walker_walk_seed1_w002_b11_1m/scores.jsonl

--------------------[Agent Step 457_888]--------------------
Metrics filtered by: 'score|length|fps|ratio|train/loss/|train/acc/|train/inv/|train/rand/'
train/acc/inv 0.53 / train/inv/ce 1.6 / train/inv/confidence 0.24 / train/inv/confidence_gating 0 / train/inv/effective_rep_weight 0.02 / train/inv/head_objective 0.67 / train/inv/head_weight 0 / train/inv/objective 0.67 / train/inv/policy_weight_max 1 / train/inv/policy_weight_mean 1 / train/inv/policy_weight_min 1 / train/inv/policy_weight_std 0 / train/inv/valid_frac 1 / train/inv/weight 0.02 / train/loss/con 0.02 / train/loss/dyn 2.54 / train/loss/image 2 / train/loss/inv 0.01 / train/loss/policy -5.8e-3 / train/loss/rep 2.54 / train/loss/repval 0.76 / train/loss/rew 0.64 / train/loss/value 0.73 / replay/replay_ratio 264 / fps/policy 5.65 / fps/train 1446.18

Writing metrics: /home/zhangpeiying01/lfy/btwm-7.7/runs/btwm_dmc_walker_walk_seed1_w002_b11_1m/metrics.jsonl
Writing metrics: /home/zhangpeiying01/lfy/btwm-7.7/runs/btwm_dmc_walker_walk_seed1_w002_b11_1m/scores.jsonl

--------------------[Agent Step 458_576]--------------------
Metrics filtered by: 'score|length|fps|ratio|train/loss/|train/acc/|train/inv/|train/rand/'
train/acc/inv 0.53 / train/inv/ce 1.6 / train/inv/confidence 0.24 / train/inv/confidence_gating 0 / train/inv/effective_rep_weight 0.02 / train/inv/head_objective 0.67 / train/inv/head_weight 0 / train/inv/objective 0.67 / train/inv/policy_weight_max 1 / train/inv/policy_weight_mean 1 / train/inv/policy_weight_min 1 / train/inv/policy_weight_std 0 / train/inv/valid_frac 1 / train/inv/weight 0.02 / train/loss/con 0.02 / train/loss/dyn 2.49 / train/loss/image 2 / train/loss/inv 0.01 / train/loss/policy -7.7e-3 / train/loss/rep 2.49 / train/loss/repval 0.76 / train/loss/rew 0.64 / train/loss/value 0.73 / replay/replay_ratio 264 / fps/policy 5.66 / fps/train 1447.85

Writing metrics: /home/zhangpeiying01/lfy/btwm-7.7/runs/btwm_dmc_walker_walk_seed1_w002_b11_1m/metrics.jsonl
Writing metrics: /home/zhangpeiying01/lfy/btwm-7.7/runs/btwm_dmc_walker_walk_seed1_w002_b11_1m/scores.jsonl

--------------------[Agent Step 459_264]--------------------
Metrics filtered by: 'score|length|fps|ratio|train/loss/|train/acc/|train/inv/|train/rand/'
train/acc/inv 0.54 / train/inv/ce 1.58 / train/inv/confidence 0.24 / train/inv/confidence_gating 0 / train/inv/effective_rep_weight 0.02 / train/inv/head_objective 0.66 / train/inv/head_weight 0 / train/inv/objective 0.66 / train/inv/policy_weight_max 1 / train/inv/policy_weight_mean 1 / train/inv/policy_weight_min 1 / train/inv/policy_weight_std 0 / train/inv/valid_frac 1 / train/inv/weight 0.02 / train/loss/con 0.02 / train/loss/dyn 2.5 / train/loss/image 2 / train/loss/inv 0.01 / train/loss/policy -4.8e-3 / train/loss/rep 2.5 / train/loss/repval 0.76 / train/loss/rew 0.64 / train/loss/value 0.73 / replay/replay_ratio 264 / fps/policy 5.64 / fps/train 1442.68

Writing metrics: /home/zhangpeiying01/lfy/btwm-7.7/runs/btwm_dmc_walker_walk_seed1_w002_b11_1m/metrics.jsonl
Writing metrics: /home/zhangpeiying01/lfy/btwm-7.7/runs/btwm_dmc_walker_walk_seed1_w002_b11_1m/scores.jsonl

--------------------[Agent Step 459_952]--------------------
Metrics filtered by: 'score|length|fps|ratio|train/loss/|train/acc/|train/inv/|train/rand/'
train/acc/inv 0.53 / train/inv/ce 1.6 / train/inv/confidence 0.24 / train/inv/confidence_gating 0 / train/inv/effective_rep_weight 0.02 / train/inv/head_objective 0.67 / train/inv/head_weight 0 / train/inv/objective 0.67 / train/inv/policy_weight_max 1 / train/inv/policy_weight_mean 1 / train/inv/policy_weight_min 1 / train/inv/policy_weight_std 0 / train/inv/valid_frac 1 / train/inv/weight 0.02 / train/loss/con 0.02 / train/loss/dyn 2.5 / train/loss/image 1.97 / train/loss/inv 0.01 / train/loss/policy -4.9e-3 / train/loss/rep 2.5 / train/loss/repval 0.75 / train/loss/rew 0.64 / train/loss/value 0.73 / replay/replay_ratio 264 / fps/policy 5.63 / fps/train 1442.34

Writing metrics: /home/zhangpeiying01/lfy/btwm-7.7/runs/btwm_dmc_walker_walk_seed1_w002_b11_1m/scores.jsonl
Writing metrics: /home/zhangpeiying01/lfy/btwm-7.7/runs/btwm_dmc_walker_walk_seed1_w002_b11_1m/metrics.jsonl

--------------------[Agent Step 460_640]--------------------
Metrics filtered by: 'score|length|fps|ratio|train/loss/|train/acc/|train/inv/|train/rand/'
train/acc/inv 0.53 / train/inv/ce 1.59 / train/inv/confidence 0.24 / train/inv/confidence_gating 0 / train/inv/effective_rep_weight 0.02 / train/inv/head_objective 0.66 / train/inv/head_weight 0 / train/inv/objective 0.66 / train/inv/policy_weight_max 1 / train/inv/policy_weight_mean 1 / train/inv/policy_weight_min 1 / train/inv/policy_weight_std 0 / train/inv/valid_frac 1 / train/inv/weight 0.02 / train/loss/con 0.02 / train/loss/dyn 2.5 / train/loss/image 1.98 / train/loss/inv 0.01 / train/loss/policy -7.5e-3 / train/loss/rep 2.5 / train/loss/repval 0.76 / train/loss/rew 0.64 / train/loss/value 0.73 / replay/replay_ratio 264 / fps/policy 5.63 / fps/train 1440.09

Writing metrics: /home/zhangpeiying01/lfy/btwm-7.7/runs/btwm_dmc_walker_walk_seed1_w002_b11_1m/scores.jsonl
Writing metrics: /home/zhangpeiying01/lfy/btwm-7.7/runs/btwm_dmc_walker_walk_seed1_w002_b11_1m/metrics.jsonl

--------------------[Agent Step 461_328]--------------------
Metrics filtered by: 'score|length|fps|ratio|train/loss/|train/acc/|train/inv/|train/rand/'
train/acc/inv 0.53 / train/inv/ce 1.59 / train/inv/confidence 0.24 / train/inv/confidence_gating 0 / train/inv/effective_rep_weight 0.02 / train/inv/head_objective 0.66 / train/inv/head_weight 0 / train/inv/objective 0.66 / train/inv/policy_weight_max 1 / train/inv/policy_weight_mean 1 / train/inv/policy_weight_min 1 / train/inv/policy_weight_std 0 / train/inv/valid_frac 1 / train/inv/weight 0.02 / train/loss/con 0.02 / train/loss/dyn 2.48 / train/loss/image 1.96 / train/loss/inv 0.01 / train/loss/policy -7e-3 / train/loss/rep 2.48 / train/loss/repval 0.76 / train/loss/rew 0.64 / train/loss/value 0.73 / replay/replay_ratio 264 / fps/policy 5.67 / fps/train 1452.13

Writing metrics: /home/zhangpeiying01/lfy/btwm-7.7/runs/btwm_dmc_walker_walk_seed1_w002_b11_1m/metrics.jsonl
Writing metrics: /home/zhangpeiying01/lfy/btwm-7.7/runs/btwm_dmc_walker_walk_seed1_w002_b11_1m/scores.jsonl

--------------------[Agent Step 462_016]--------------------
Metrics filtered by: 'score|length|fps|ratio|train/loss/|train/acc/|train/inv/|train/rand/'
train/acc/inv 0.53 / train/inv/ce 1.59 / train/inv/confidence 0.24 / train/inv/confidence_gating 0 / train/inv/effective_rep_weight 0.02 / train/inv/head_objective 0.66 / train/inv/head_weight 0 / train/inv/objective 0.66 / train/inv/policy_weight_max 1 / train/inv/policy_weight_mean 1 / train/inv/policy_weight_min 1 / train/inv/policy_weight_std 0 / train/inv/valid_frac 1 / train/inv/weight 0.02 / train/loss/con 0.02 / train/loss/dyn 2.51 / train/loss/image 1.98 / train/loss/inv 0.01 / train/loss/policy -5.2e-3 / train/loss/rep 2.51 / train/loss/repval 0.75 / train/loss/rew 0.64 / train/loss/value 0.73 / replay/replay_ratio 264 / fps/policy 5.67 / fps/train 1450.73

Writing metrics: /home/zhangpeiying01/lfy/btwm-7.7/runs/btwm_dmc_walker_walk_seed1_w002_b11_1m/metrics.jsonl
Writing metrics: /home/zhangpeiying01/lfy/btwm-7.7/runs/btwm_dmc_walker_walk_seed1_w002_b11_1m/scores.jsonl

--------------------[Agent Step 462_704]--------------------
Metrics filtered by: 'score|length|fps|ratio|train/loss/|train/acc/|train/inv/|train/rand/'
train/acc/inv 0.53 / train/inv/ce 1.6 / train/inv/confidence 0.24 / train/inv/confidence_gating 0 / train/inv/effective_rep_weight 0.02 / train/inv/head_objective 0.67 / train/inv/head_weight 0 / train/inv/objective 0.67 / train/inv/policy_weight_max 1 / train/inv/policy_weight_mean 1 / train/inv/policy_weight_min 1 / train/inv/policy_weight_std 0 / train/inv/valid_frac 1 / train/inv/weight 0.02 / train/loss/con 0.02 / train/loss/dyn 2.48 / train/loss/image 1.94 / train/loss/inv 0.01 / train/loss/policy -4e-3 / train/loss/rep 2.48 / train/loss/repval 0.75 / train/loss/rew 0.64 / train/loss/value 0.72 / replay/replay_ratio 264 / fps/policy 5.71 / fps/train 1460.51

Writing metrics: /home/zhangpeiying01/lfy/btwm-7.7/runs/btwm_dmc_walker_walk_seed1_w002_b11_1m/metrics.jsonl
Writing metrics: /home/zhangpeiying01/lfy/btwm-7.7/runs/btwm_dmc_walker_walk_seed1_w002_b11_1m/scores.jsonl

--------------------[Agent Step 463_392]--------------------
Metrics filtered by: 'score|length|fps|ratio|train/loss/|train/acc/|train/inv/|train/rand/'
train/acc/inv 0.53 / train/inv/ce 1.6 / train/inv/confidence 0.24 / train/inv/confidence_gating 0 / train/inv/effective_rep_weight 0.02 / train/inv/head_objective 0.67 / train/inv/head_weight 0 / train/inv/objective 0.67 / train/inv/policy_weight_max 1 / train/inv/policy_weight_mean 1 / train/inv/policy_weight_min 1 / train/inv/policy_weight_std 0 / train/inv/valid_frac 1 / train/inv/weight 0.02 / train/loss/con 0.02 / train/loss/dyn 2.5 / train/loss/image 1.95 / train/loss/inv 0.01 / train/loss/policy -0.01 / train/loss/rep 2.5 / train/loss/repval 0.75 / train/loss/rew 0.64 / train/loss/value 0.72 / replay/replay_ratio 264 / fps/policy 5.66 / fps/train 1448.18

Writing metrics: /home/zhangpeiying01/lfy/btwm-7.7/runs/btwm_dmc_walker_walk_seed1_w002_b11_1m/metrics.jsonl
Writing metrics: /home/zhangpeiying01/lfy/btwm-7.7/runs/btwm_dmc_walker_walk_seed1_w002_b11_1m/scores.jsonl

--------------------[Agent Step 464_080]--------------------
Metrics filtered by: 'score|length|fps|ratio|train/loss/|train/acc/|train/inv/|train/rand/'
train/acc/inv 0.53 / train/inv/ce 1.59 / train/inv/confidence 0.24 / train/inv/confidence_gating 0 / train/inv/effective_rep_weight 0.02 / train/inv/head_objective 0.66 / train/inv/head_weight 0 / train/inv/objective 0.66 / train/inv/policy_weight_max 1 / train/inv/policy_weight_mean 1 / train/inv/policy_weight_min 1 / train/inv/policy_weight_std 0 / train/inv/valid_frac 1 / train/inv/weight 0.02 / train/loss/con 0.02 / train/loss/dyn 2.49 / train/loss/image 1.96 / train/loss/inv 0.01 / train/loss/policy -8.9e-3 / train/loss/rep 2.49 / train/loss/repval 0.76 / train/loss/rew 0.64 / train/loss/value 0.73 / replay/replay_ratio 264 / fps/policy 5.66 / fps/train 1449

Writing metrics: /home/zhangpeiying01/lfy/btwm-7.7/runs/btwm_dmc_walker_walk_seed1_w002_b11_1m/metrics.jsonl
Writing metrics: /home/zhangpeiying01/lfy/btwm-7.7/runs/btwm_dmc_walker_walk_seed1_w002_b11_1m/scores.jsonl

--------------------[Agent Step 464_768]--------------------
Metrics filtered by: 'score|length|fps|ratio|train/loss/|train/acc/|train/inv/|train/rand/'
train/acc/inv 0.53 / train/inv/ce 1.59 / train/inv/confidence 0.24 / train/inv/confidence_gating 0 / train/inv/effective_rep_weight 0.02 / train/inv/head_objective 0.66 / train/inv/head_weight 0 / train/inv/objective 0.66 / train/inv/policy_weight_max 1 / train/inv/policy_weight_mean 1 / train/inv/policy_weight_min 1 / train/inv/policy_weight_std 0 / train/inv/valid_frac 1 / train/inv/weight 0.02 / train/loss/con 0.02 / train/loss/dyn 2.51 / train/loss/image 1.98 / train/loss/inv 0.01 / train/loss/policy -4.9e-3 / train/loss/rep 2.51 / train/loss/repval 0.76 / train/loss/rew 0.64 / train/loss/value 0.73 / replay/replay_ratio 264 / fps/policy 5.66 / fps/train 1447.94

Writing metrics: /home/zhangpeiying01/lfy/btwm-7.7/runs/btwm_dmc_walker_walk_seed1_w002_b11_1m/metrics.jsonl
Writing metrics: /home/zhangpeiying01/lfy/btwm-7.7/runs/btwm_dmc_walker_walk_seed1_w002_b11_1m/scores.jsonl

--------------------[Agent Step 465_456]--------------------
Metrics filtered by: 'score|length|fps|ratio|train/loss/|train/acc/|train/inv/|train/rand/'
episode/score 990.13 / episode/length 1001 / train/acc/inv 0.53 / train/inv/ce 1.6 / train/inv/confidence 0.24 / train/inv/confidence_gating 0 / train/inv/effective_rep_weight 0.02 / train/inv/head_objective 0.67 / train/inv/head_weight 0 / train/inv/objective 0.67 / train/inv/policy_weight_max 1 / train/inv/policy_weight_mean 1 / train/inv/policy_weight_min 1 / train/inv/policy_weight_std 0 / train/inv/valid_frac 1 / train/inv/weight 0.02 / train/loss/con 0.02 / train/loss/dyn 2.62 / train/loss/image 2.08 / train/loss/inv 0.01 / train/loss/policy -2.4e-3 / train/loss/rep 2.62 / train/loss/repval 0.75 / train/loss/rew 0.64 / train/loss/value 0.73 / replay/replay_ratio 264 / fps/policy 5.65 / fps/train 1446.74

Writing metrics: /home/zhangpeiying01/lfy/btwm-7.7/runs/btwm_dmc_walker_walk_seed1_w002_b11_1m/metrics.jsonl
Writing metrics: /home/zhangpeiying01/lfy/btwm-7.7/runs/btwm_dmc_walker_walk_seed1_w002_b11_1m/scores.jsonl

--------------------[Agent Step 466_144]--------------------
Metrics filtered by: 'score|length|fps|ratio|train/loss/|train/acc/|train/inv/|train/rand/'
train/acc/inv 0.53 / train/inv/ce 1.6 / train/inv/confidence 0.24 / train/inv/confidence_gating 0 / train/inv/effective_rep_weight 0.02 / train/inv/head_objective 0.67 / train/inv/head_weight 0 / train/inv/objective 0.67 / train/inv/policy_weight_max 1 / train/inv/policy_weight_mean 1 / train/inv/policy_weight_min 1 / train/inv/policy_weight_std 0 / train/inv/valid_frac 1 / train/inv/weight 0.02 / train/loss/con 0.02 / train/loss/dyn 2.64 / train/loss/image 2.07 / train/loss/inv 0.01 / train/loss/policy -6.6e-4 / train/loss/rep 2.64 / train/loss/repval 0.75 / train/loss/rew 0.64 / train/loss/value 0.73 / replay/replay_ratio 264 / fps/policy 5.65 / fps/train 1446.51

Writing metrics: /home/zhangpeiying01/lfy/btwm-7.7/runs/btwm_dmc_walker_walk_seed1_w002_b11_1m/metrics.jsonl
Writing metrics: /home/zhangpeiying01/lfy/btwm-7.7/runs/btwm_dmc_walker_walk_seed1_w002_b11_1m/scores.jsonl

--------------------[Agent Step 466_832]--------------------
Metrics filtered by: 'score|length|fps|ratio|train/loss/|train/acc/|train/inv/|train/rand/'
train/acc/inv 0.53 / train/inv/ce 1.59 / train/inv/confidence 0.24 / train/inv/confidence_gating 0 / train/inv/effective_rep_weight 0.02 / train/inv/head_objective 0.66 / train/inv/head_weight 0 / train/inv/objective 0.66 / train/inv/policy_weight_max 1 / train/inv/policy_weight_mean 1 / train/inv/policy_weight_min 1 / train/inv/policy_weight_std 0 / train/inv/valid_frac 1 / train/inv/weight 0.02 / train/loss/con 0.02 / train/loss/dyn 2.61 / train/loss/image 2.05 / train/loss/inv 0.01 / train/loss/policy -6.4e-3 / train/loss/rep 2.61 / train/loss/repval 0.76 / train/loss/rew 0.64 / train/loss/value 0.73 / replay/replay_ratio 264 / fps/policy 5.67 / fps/train 1450.27

Writing metrics: /home/zhangpeiying01/lfy/btwm-7.7/runs/btwm_dmc_walker_walk_seed1_w002_b11_1m/metrics.jsonl
Writing metrics: /home/zhangpeiying01/lfy/btwm-7.7/runs/btwm_dmc_walker_walk_seed1_w002_b11_1m/scores.jsonl

--------------------[Agent Step 467_520]--------------------
Metrics filtered by: 'score|length|fps|ratio|train/loss/|train/acc/|train/inv/|train/rand/'
train/acc/inv 0.54 / train/inv/ce 1.59 / train/inv/confidence 0.24 / train/inv/confidence_gating 0 / train/inv/effective_rep_weight 0.02 / train/inv/head_objective 0.66 / train/inv/head_weight 0 / train/inv/objective 0.66 / train/inv/policy_weight_max 1 / train/inv/policy_weight_mean 1 / train/inv/policy_weight_min 1 / train/inv/policy_weight_std 0 / train/inv/valid_frac 1 / train/inv/weight 0.02 / train/loss/con 0.02 / train/loss/dyn 2.55 / train/loss/image 2.03 / train/loss/inv 0.01 / train/loss/policy -7.8e-3 / train/loss/rep 2.55 / train/loss/repval 0.76 / train/loss/rew 0.64 / train/loss/value 0.73 / replay/replay_ratio 264 / fps/policy 5.65 / fps/train 1447.09

Writing metrics: /home/zhangpeiying01/lfy/btwm-7.7/runs/btwm_dmc_walker_walk_seed1_w002_b11_1m/scores.jsonl
Writing metrics: /home/zhangpeiying01/lfy/btwm-7.7/runs/btwm_dmc_walker_walk_seed1_w002_b11_1m/metrics.jsonl

--------------------[Agent Step 468_208]--------------------
Metrics filtered by: 'score|length|fps|ratio|train/loss/|train/acc/|train/inv/|train/rand/'
train/acc/inv 0.54 / train/inv/ce 1.59 / train/inv/confidence 0.24 / train/inv/confidence_gating 0 / train/inv/effective_rep_weight 0.02 / train/inv/head_objective 0.66 / train/inv/head_weight 0 / train/inv/objective 0.66 / train/inv/policy_weight_max 1 / train/inv/policy_weight_mean 1 / train/inv/policy_weight_min 1 / train/inv/policy_weight_std 0 / train/inv/valid_frac 1 / train/inv/weight 0.02 / train/loss/con 0.02 / train/loss/dyn 2.53 / train/loss/image 2.02 / train/loss/inv 0.01 / train/loss/policy -0.01 / train/loss/rep 2.53 / train/loss/repval 0.76 / train/loss/rew 0.64 / train/loss/value 0.73 / replay/replay_ratio 264 / fps/policy 5.63 / fps/train 1440.52

Writing metrics: /home/zhangpeiying01/lfy/btwm-7.7/runs/btwm_dmc_walker_walk_seed1_w002_b11_1m/metrics.jsonl
Writing metrics: /home/zhangpeiying01/lfy/btwm-7.7/runs/btwm_dmc_walker_walk_seed1_w002_b11_1m/scores.jsonl

--------------------[Agent Step 468_896]--------------------
Metrics filtered by: 'score|length|fps|ratio|train/loss/|train/acc/|train/inv/|train/rand/'
train/acc/inv 0.53 / train/inv/ce 1.59 / train/inv/confidence 0.24 / train/inv/confidence_gating 0 / train/inv/effective_rep_weight 0.02 / train/inv/head_objective 0.66 / train/inv/head_weight 0 / train/inv/objective 0.66 / train/inv/policy_weight_max 1 / train/inv/policy_weight_mean 1 / train/inv/policy_weight_min 1 / train/inv/policy_weight_std 0 / train/inv/valid_frac 1 / train/inv/weight 0.02 / train/loss/con 0.02 / train/loss/dyn 2.52 / train/loss/image 2 / train/loss/inv 0.01 / train/loss/policy -7.8e-3 / train/loss/rep 2.52 / train/loss/repval 0.76 / train/loss/rew 0.64 / train/loss/value 0.73 / replay/replay_ratio 264 / fps/policy 5.65 / fps/train 1446.08

Writing metrics: /home/zhangpeiying01/lfy/btwm-7.7/runs/btwm_dmc_walker_walk_seed1_w002_b11_1m/metrics.jsonl
Writing metrics: /home/zhangpeiying01/lfy/btwm-7.7/runs/btwm_dmc_walker_walk_seed1_w002_b11_1m/scores.jsonl

--------------------[Agent Step 469_584]--------------------
Metrics filtered by: 'score|length|fps|ratio|train/loss/|train/acc/|train/inv/|train/rand/'
train/acc/inv 0.53 / train/inv/ce 1.59 / train/inv/confidence 0.24 / train/inv/confidence_gating 0 / train/inv/effective_rep_weight 0.02 / train/inv/head_objective 0.66 / train/inv/head_weight 0 / train/inv/objective 0.66 / train/inv/policy_weight_max 1 / train/inv/policy_weight_mean 1 / train/inv/policy_weight_min 1 / train/inv/policy_weight_std 0 / train/inv/valid_frac 1 / train/inv/weight 0.02 / train/loss/con 0.02 / train/loss/dyn 2.48 / train/loss/image 1.99 / train/loss/inv 0.01 / train/loss/policy -0.01 / train/loss/rep 2.48 / train/loss/repval 0.76 / train/loss/rew 0.64 / train/loss/value 0.74 / replay/replay_ratio 264 / fps/policy 5.64 / fps/train 1444

Writing metrics: /home/zhangpeiying01/lfy/btwm-7.7/runs/btwm_dmc_walker_walk_seed1_w002_b11_1m/metrics.jsonl
Writing metrics: /home/zhangpeiying01/lfy/btwm-7.7/runs/btwm_dmc_walker_walk_seed1_w002_b11_1m/scores.jsonl

--------------------[Agent Step 470_272]--------------------
Metrics filtered by: 'score|length|fps|ratio|train/loss/|train/acc/|train/inv/|train/rand/'
train/acc/inv 0.53 / train/inv/ce 1.6 / train/inv/confidence 0.24 / train/inv/confidence_gating 0 / train/inv/effective_rep_weight 0.02 / train/inv/head_objective 0.67 / train/inv/head_weight 0 / train/inv/objective 0.67 / train/inv/policy_weight_max 1 / train/inv/policy_weight_mean 1 / train/inv/policy_weight_min 1 / train/inv/policy_weight_std 0 / train/inv/valid_frac 1 / train/inv/weight 0.02 / train/loss/con 0.02 / train/loss/dyn 2.46 / train/loss/image 1.93 / train/loss/inv 0.01 / train/loss/policy -8.1e-3 / train/loss/rep 2.46 / train/loss/repval 0.76 / train/loss/rew 0.64 / train/loss/value 0.73 / replay/replay_ratio 264 / fps/policy 5.64 / fps/train 1443.18

Writing metrics: /home/zhangpeiying01/lfy/btwm-7.7/runs/btwm_dmc_walker_walk_seed1_w002_b11_1m/metrics.jsonl
Writing metrics: /home/zhangpeiying01/lfy/btwm-7.7/runs/btwm_dmc_walker_walk_seed1_w002_b11_1m/scores.jsonl

--------------------[Agent Step 470_960]--------------------
Metrics filtered by: 'score|length|fps|ratio|train/loss/|train/acc/|train/inv/|train/rand/'
train/acc/inv 0.53 / train/inv/ce 1.59 / train/inv/confidence 0.24 / train/inv/confidence_gating 0 / train/inv/effective_rep_weight 0.02 / train/inv/head_objective 0.66 / train/inv/head_weight 0 / train/inv/objective 0.66 / train/inv/policy_weight_max 1 / train/inv/policy_weight_mean 1 / train/inv/policy_weight_min 1 / train/inv/policy_weight_std 0 / train/inv/valid_frac 1 / train/inv/weight 0.02 / train/loss/con 0.02 / train/loss/dyn 2.48 / train/loss/image 1.97 / train/loss/inv 0.01 / train/loss/policy -6.2e-3 / train/loss/rep 2.48 / train/loss/repval 0.76 / train/loss/rew 0.64 / train/loss/value 0.73 / replay/replay_ratio 264 / fps/policy 5.63 / fps/train 1440.72

Writing metrics: /home/zhangpeiying01/lfy/btwm-7.7/runs/btwm_dmc_walker_walk_seed1_w002_b11_1m/metrics.jsonl
Writing metrics: /home/zhangpeiying01/lfy/btwm-7.7/runs/btwm_dmc_walker_walk_seed1_w002_b11_1m/scores.jsonl

--------------------[Agent Step 471_648]--------------------
Metrics filtered by: 'score|length|fps|ratio|train/loss/|train/acc/|train/inv/|train/rand/'
train/acc/inv 0.53 / train/inv/ce 1.6 / train/inv/confidence 0.24 / train/inv/confidence_gating 0 / train/inv/effective_rep_weight 0.02 / train/inv/head_objective 0.67 / train/inv/head_weight 0 / train/inv/objective 0.67 / train/inv/policy_weight_max 1 / train/inv/policy_weight_mean 1 / train/inv/policy_weight_min 1 / train/inv/policy_weight_std 0 / train/inv/valid_frac 1 / train/inv/weight 0.02 / train/loss/con 0.02 / train/loss/dyn 2.55 / train/loss/image 1.96 / train/loss/inv 0.01 / train/loss/policy -2.7e-3 / train/loss/rep 2.55 / train/loss/repval 0.76 / train/loss/rew 0.64 / train/loss/value 0.73 / replay/replay_ratio 264 / fps/policy 5.63 / fps/train 1442.05

Writing metrics: /home/zhangpeiying01/lfy/btwm-7.7/runs/btwm_dmc_walker_walk_seed1_w002_b11_1m/metrics.jsonl
Writing metrics: /home/zhangpeiying01/lfy/btwm-7.7/runs/btwm_dmc_walker_walk_seed1_w002_b11_1m/scores.jsonl

--------------------[Agent Step 472_336]--------------------
Metrics filtered by: 'score|length|fps|ratio|train/loss/|train/acc/|train/inv/|train/rand/'
train/acc/inv 0.53 / train/inv/ce 1.59 / train/inv/confidence 0.24 / train/inv/confidence_gating 0 / train/inv/effective_rep_weight 0.02 / train/inv/head_objective 0.66 / train/inv/head_weight 0 / train/inv/objective 0.66 / train/inv/policy_weight_max 1 / train/inv/policy_weight_mean 1 / train/inv/policy_weight_min 1 / train/inv/policy_weight_std 0 / train/inv/valid_frac 1 / train/inv/weight 0.02 / train/loss/con 0.02 / train/loss/dyn 2.49 / train/loss/image 1.96 / train/loss/inv 0.01 / train/loss/policy -6.5e-3 / train/loss/rep 2.49 / train/loss/repval 0.76 / train/loss/rew 0.64 / train/loss/value 0.73 / replay/replay_ratio 264 / fps/policy 5.63 / fps/train 1441.96

Writing metrics: /home/zhangpeiying01/lfy/btwm-7.7/runs/btwm_dmc_walker_walk_seed1_w002_b11_1m/scores.jsonl
Writing metrics: /home/zhangpeiying01/lfy/btwm-7.7/runs/btwm_dmc_walker_walk_seed1_w002_b11_1m/metrics.jsonl

--------------------[Agent Step 473_024]--------------------
Metrics filtered by: 'score|length|fps|ratio|train/loss/|train/acc/|train/inv/|train/rand/'
train/acc/inv 0.53 / train/inv/ce 1.59 / train/inv/confidence 0.24 / train/inv/confidence_gating 0 / train/inv/effective_rep_weight 0.02 / train/inv/head_objective 0.66 / train/inv/head_weight 0 / train/inv/objective 0.66 / train/inv/policy_weight_max 1 / train/inv/policy_weight_mean 1 / train/inv/policy_weight_min 1 / train/inv/policy_weight_std 0 / train/inv/valid_frac 1 / train/inv/weight 0.02 / train/loss/con 0.02 / train/loss/dyn 2.47 / train/loss/image 1.94 / train/loss/inv 0.01 / train/loss/policy -5.6e-3 / train/loss/rep 2.47 / train/loss/repval 0.76 / train/loss/rew 0.64 / train/loss/value 0.73 / replay/replay_ratio 264 / fps/policy 5.62 / fps/train 1438.83

Writing metrics: /home/zhangpeiying01/lfy/btwm-7.7/runs/btwm_dmc_walker_walk_seed1_w002_b11_1m/metrics.jsonl
Writing metrics: /home/zhangpeiying01/lfy/btwm-7.7/runs/btwm_dmc_walker_walk_seed1_w002_b11_1m/scores.jsonl

--------------------[Agent Step 473_712]--------------------
Metrics filtered by: 'score|length|fps|ratio|train/loss/|train/acc/|train/inv/|train/rand/'
train/acc/inv 0.53 / train/inv/ce 1.59 / train/inv/confidence 0.24 / train/inv/confidence_gating 0 / train/inv/effective_rep_weight 0.02 / train/inv/head_objective 0.66 / train/inv/head_weight 0 / train/inv/objective 0.66 / train/inv/policy_weight_max 1 / train/inv/policy_weight_mean 1 / train/inv/policy_weight_min 1 / train/inv/policy_weight_std 0 / train/inv/valid_frac 1 / train/inv/weight 0.02 / train/loss/con 0.02 / train/loss/dyn 2.51 / train/loss/image 1.97 / train/loss/inv 0.01 / train/loss/policy -7.9e-3 / train/loss/rep 2.51 / train/loss/repval 0.76 / train/loss/rew 0.64 / train/loss/value 0.73 / replay/replay_ratio 264 / fps/policy 5.63 / fps/train 1440.48

Writing metrics: /home/zhangpeiying01/lfy/btwm-7.7/runs/btwm_dmc_walker_walk_seed1_w002_b11_1m/scores.jsonl
Writing metrics: /home/zhangpeiying01/lfy/btwm-7.7/runs/btwm_dmc_walker_walk_seed1_w002_b11_1m/metrics.jsonl

--------------------[Agent Step 474_400]--------------------
Metrics filtered by: 'score|length|fps|ratio|train/loss/|train/acc/|train/inv/|train/rand/'
train/acc/inv 0.53 / train/inv/ce 1.59 / train/inv/confidence 0.24 / train/inv/confidence_gating 0 / train/inv/effective_rep_weight 0.02 / train/inv/head_objective 0.66 / train/inv/head_weight 0 / train/inv/objective 0.66 / train/inv/policy_weight_max 1 / train/inv/policy_weight_mean 1 / train/inv/policy_weight_min 1 / train/inv/policy_weight_std 0 / train/inv/valid_frac 1 / train/inv/weight 0.02 / train/loss/con 0.02 / train/loss/dyn 2.5 / train/loss/image 1.95 / train/loss/inv 0.01 / train/loss/policy -0.01 / train/loss/rep 2.5 / train/loss/repval 0.76 / train/loss/rew 0.64 / train/loss/value 0.73 / replay/replay_ratio 264 / fps/policy 5.63 / fps/train 1440.13

Writing metrics: /home/zhangpeiying01/lfy/btwm-7.7/runs/btwm_dmc_walker_walk_seed1_w002_b11_1m/metrics.jsonl
Writing metrics: /home/zhangpeiying01/lfy/btwm-7.7/runs/btwm_dmc_walker_walk_seed1_w002_b11_1m/scores.jsonl

--------------------[Agent Step 475_088]--------------------
Metrics filtered by: 'score|length|fps|ratio|train/loss/|train/acc/|train/inv/|train/rand/'
train/acc/inv 0.53 / train/inv/ce 1.59 / train/inv/confidence 0.24 / train/inv/confidence_gating 0 / train/inv/effective_rep_weight 0.02 / train/inv/head_objective 0.66 / train/inv/head_weight 0 / train/inv/objective 0.66 / train/inv/policy_weight_max 1 / train/inv/policy_weight_mean 1 / train/inv/policy_weight_min 1 / train/inv/policy_weight_std 0 / train/inv/valid_frac 1 / train/inv/weight 0.02 / train/loss/con 0.02 / train/loss/dyn 2.48 / train/loss/image 1.94 / train/loss/inv 0.01 / train/loss/policy -8.6e-3 / train/loss/rep 2.48 / train/loss/repval 0.76 / train/loss/rew 0.64 / train/loss/value 0.73 / replay/replay_ratio 264 / fps/policy 5.65 / fps/train 1445.77

Writing metrics: /home/zhangpeiying01/lfy/btwm-7.7/runs/btwm_dmc_walker_walk_seed1_w002_b11_1m/metrics.jsonl
Writing metrics: /home/zhangpeiying01/lfy/btwm-7.7/runs/btwm_dmc_walker_walk_seed1_w002_b11_1m/scores.jsonl
Saving checkpoint: /home/zhangpeiying01/lfy/btwm-7.7/runs/btwm_dmc_walker_walk_seed1_w002_b11_1m/ckpt/20260716T024659F208877
Saved checkpoint.

--------------------[Agent Step 475_760]--------------------
Metrics filtered by: 'score|length|fps|ratio|train/loss/|train/acc/|train/inv/|train/rand/'
train/acc/inv 0.53 / train/inv/ce 1.59 / train/inv/confidence 0.24 / train/inv/confidence_gating 0 / train/inv/effective_rep_weight 0.02 / train/inv/head_objective 0.66 / train/inv/head_weight 0 / train/inv/objective 0.66 / train/inv/policy_weight_max 1 / train/inv/policy_weight_mean 1 / train/inv/policy_weight_min 1 / train/inv/policy_weight_std 0 / train/inv/valid_frac 1 / train/inv/weight 0.02 / train/loss/con 0.02 / train/loss/dyn 2.55 / train/loss/image 1.97 / train/loss/inv 0.01 / train/loss/policy -7.9e-3 / train/loss/rep 2.55 / train/loss/repval 0.76 / train/loss/rew 0.64 / train/loss/value 0.73 / replay/replay_ratio 264 / fps/policy 5.57 / fps/train 1424.76

Writing metrics: /home/zhangpeiying01/lfy/btwm-7.7/runs/btwm_dmc_walker_walk_seed1_w002_b11_1m/metrics.jsonl
Writing metrics: /home/zhangpeiying01/lfy/btwm-7.7/runs/btwm_dmc_walker_walk_seed1_w002_b11_1m/scores.jsonl

--------------------[Agent Step 476_448]--------------------
Metrics filtered by: 'score|length|fps|ratio|train/loss/|train/acc/|train/inv/|train/rand/'
train/acc/inv 0.54 / train/inv/ce 1.59 / train/inv/confidence 0.24 / train/inv/confidence_gating 0 / train/inv/effective_rep_weight 0.02 / train/inv/head_objective 0.66 / train/inv/head_weight 0 / train/inv/objective 0.66 / train/inv/policy_weight_max 1 / train/inv/policy_weight_mean 1 / train/inv/policy_weight_min 1 / train/inv/policy_weight_std 0 / train/inv/valid_frac 1 / train/inv/weight 0.02 / train/loss/con 0.02 / train/loss/dyn 2.51 / train/loss/image 1.96 / train/loss/inv 0.01 / train/loss/policy -4.5e-3 / train/loss/rep 2.51 / train/loss/repval 0.76 / train/loss/rew 0.64 / train/loss/value 0.73 / replay/replay_ratio 264 / fps/policy 5.65 / fps/train 1445.15

Writing metrics: /home/zhangpeiying01/lfy/btwm-7.7/runs/btwm_dmc_walker_walk_seed1_w002_b11_1m/scores.jsonl
Writing metrics: /home/zhangpeiying01/lfy/btwm-7.7/runs/btwm_dmc_walker_walk_seed1_w002_b11_1m/metrics.jsonl

--------------------[Agent Step 477_136]--------------------
Metrics filtered by: 'score|length|fps|ratio|train/loss/|train/acc/|train/inv/|train/rand/'
train/acc/inv 0.53 / train/inv/ce 1.59 / train/inv/confidence 0.24 / train/inv/confidence_gating 0 / train/inv/effective_rep_weight 0.02 / train/inv/head_objective 0.66 / train/inv/head_weight 0 / train/inv/objective 0.66 / train/inv/policy_weight_max 1 / train/inv/policy_weight_mean 1 / train/inv/policy_weight_min 1 / train/inv/policy_weight_std 0 / train/inv/valid_frac 1 / train/inv/weight 0.02 / train/loss/con 0.02 / train/loss/dyn 2.48 / train/loss/image 1.94 / train/loss/inv 0.01 / train/loss/policy -6.8e-3 / train/loss/rep 2.48 / train/loss/repval 0.76 / train/loss/rew 0.64 / train/loss/value 0.73 / replay/replay_ratio 264 / fps/policy 5.66 / fps/train 1448.7

Writing metrics: /home/zhangpeiying01/lfy/btwm-7.7/runs/btwm_dmc_walker_walk_seed1_w002_b11_1m/metrics.jsonl
Writing metrics: /home/zhangpeiying01/lfy/btwm-7.7/runs/btwm_dmc_walker_walk_seed1_w002_b11_1m/scores.jsonl

--------------------[Agent Step 477_824]--------------------
Metrics filtered by: 'score|length|fps|ratio|train/loss/|train/acc/|train/inv/|train/rand/'
train/acc/inv 0.54 / train/inv/ce 1.59 / train/inv/confidence 0.24 / train/inv/confidence_gating 0 / train/inv/effective_rep_weight 0.02 / train/inv/head_objective 0.66 / train/inv/head_weight 0 / train/inv/objective 0.66 / train/inv/policy_weight_max 1 / train/inv/policy_weight_mean 1 / train/inv/policy_weight_min 1 / train/inv/policy_weight_std 0 / train/inv/valid_frac 1 / train/inv/weight 0.02 / train/loss/con 0.02 / train/loss/dyn 2.45 / train/loss/image 1.91 / train/loss/inv 0.01 / train/loss/policy -5.4e-3 / train/loss/rep 2.45 / train/loss/repval 0.76 / train/loss/rew 0.64 / train/loss/value 0.73 / replay/replay_ratio 264 / fps/policy 5.62 / fps/train 1438.32

Writing metrics: /home/zhangpeiying01/lfy/btwm-7.7/runs/btwm_dmc_walker_walk_seed1_w002_b11_1m/scores.jsonl
Writing metrics: /home/zhangpeiying01/lfy/btwm-7.7/runs/btwm_dmc_walker_walk_seed1_w002_b11_1m/metrics.jsonl

--------------------[Agent Step 478_512]--------------------
Metrics filtered by: 'score|length|fps|ratio|train/loss/|train/acc/|train/inv/|train/rand/'
train/acc/inv 0.53 / train/inv/ce 1.59 / train/inv/confidence 0.24 / train/inv/confidence_gating 0 / train/inv/effective_rep_weight 0.02 / train/inv/head_objective 0.66 / train/inv/head_weight 0 / train/inv/objective 0.66 / train/inv/policy_weight_max 1 / train/inv/policy_weight_mean 1 / train/inv/policy_weight_min 1 / train/inv/policy_weight_std 0 / train/inv/valid_frac 1 / train/inv/weight 0.02 / train/loss/con 0.02 / train/loss/dyn 2.54 / train/loss/image 1.92 / train/loss/inv 0.01 / train/loss/policy -3.9e-3 / train/loss/rep 2.54 / train/loss/repval 0.75 / train/loss/rew 0.64 / train/loss/value 0.73 / replay/replay_ratio 264 / fps/policy 5.63 / fps/train 1441.35

Writing metrics: /home/zhangpeiying01/lfy/btwm-7.7/runs/btwm_dmc_walker_walk_seed1_w002_b11_1m/metrics.jsonl
Writing metrics: /home/zhangpeiying01/lfy/btwm-7.7/runs/btwm_dmc_walker_walk_seed1_w002_b11_1m/scores.jsonl

--------------------[Agent Step 479_200]--------------------
Metrics filtered by: 'score|length|fps|ratio|train/loss/|train/acc/|train/inv/|train/rand/'
train/acc/inv 0.53 / train/inv/ce 1.59 / train/inv/confidence 0.24 / train/inv/confidence_gating 0 / train/inv/effective_rep_weight 0.02 / train/inv/head_objective 0.66 / train/inv/head_weight 0 / train/inv/objective 0.66 / train/inv/policy_weight_max 1 / train/inv/policy_weight_mean 1 / train/inv/policy_weight_min 1 / train/inv/policy_weight_std 0 / train/inv/valid_frac 1 / train/inv/weight 0.02 / train/loss/con 0.02 / train/loss/dyn 2.47 / train/loss/image 1.92 / train/loss/inv 0.01 / train/loss/policy -0.01 / train/loss/rep 2.47 / train/loss/repval 0.76 / train/loss/rew 0.64 / train/loss/value 0.73 / replay/replay_ratio 264 / fps/policy 5.63 / fps/train 1441.4

Writing metrics: /home/zhangpeiying01/lfy/btwm-7.7/runs/btwm_dmc_walker_walk_seed1_w002_b11_1m/metrics.jsonl
Writing metrics: /home/zhangpeiying01/lfy/btwm-7.7/runs/btwm_dmc_walker_walk_seed1_w002_b11_1m/scores.jsonl

--------------------[Agent Step 479_888]--------------------
Metrics filtered by: 'score|length|fps|ratio|train/loss/|train/acc/|train/inv/|train/rand/'
train/acc/inv 0.53 / train/inv/ce 1.59 / train/inv/confidence 0.24 / train/inv/confidence_gating 0 / train/inv/effective_rep_weight 0.02 / train/inv/head_objective 0.66 / train/inv/head_weight 0 / train/inv/objective 0.66 / train/inv/policy_weight_max 1 / train/inv/policy_weight_mean 1 / train/inv/policy_weight_min 1 / train/inv/policy_weight_std 0 / train/inv/valid_frac 1 / train/inv/weight 0.02 / train/loss/con 0.02 / train/loss/dyn 2.47 / train/loss/image 1.91 / train/loss/inv 0.01 / train/loss/policy -4.1e-3 / train/loss/rep 2.47 / train/loss/repval 0.75 / train/loss/rew 0.64 / train/loss/value 0.73 / replay/replay_ratio 264 / fps/policy 5.62 / fps/train 1438.96

Writing metrics: /home/zhangpeiying01/lfy/btwm-7.7/runs/btwm_dmc_walker_walk_seed1_w002_b11_1m/scores.jsonl
Writing metrics: /home/zhangpeiying01/lfy/btwm-7.7/runs/btwm_dmc_walker_walk_seed1_w002_b11_1m/metrics.jsonl

--------------------[Agent Step 480_576]--------------------
Metrics filtered by: 'score|length|fps|ratio|train/loss/|train/acc/|train/inv/|train/rand/'
train/acc/inv 0.53 / train/inv/ce 1.59 / train/inv/confidence 0.24 / train/inv/confidence_gating 0 / train/inv/effective_rep_weight 0.02 / train/inv/head_objective 0.66 / train/inv/head_weight 0 / train/inv/objective 0.66 / train/inv/policy_weight_max 1 / train/inv/policy_weight_mean 1 / train/inv/policy_weight_min 1 / train/inv/policy_weight_std 0 / train/inv/valid_frac 1 / train/inv/weight 0.02 / train/loss/con 0.02 / train/loss/dyn 2.51 / train/loss/image 1.94 / train/loss/inv 0.01 / train/loss/policy -5.5e-3 / train/loss/rep 2.51 / train/loss/repval 0.75 / train/loss/rew 0.64 / train/loss/value 0.73 / replay/replay_ratio 264 / fps/policy 5.63 / fps/train 1442.44

Writing metrics: /home/zhangpeiying01/lfy/btwm-7.7/runs/btwm_dmc_walker_walk_seed1_w002_b11_1m/metrics.jsonl
Writing metrics: /home/zhangpeiying01/lfy/btwm-7.7/runs/btwm_dmc_walker_walk_seed1_w002_b11_1m/scores.jsonl

--------------------[Agent Step 481_264]--------------------
Metrics filtered by: 'score|length|fps|ratio|train/loss/|train/acc/|train/inv/|train/rand/'
episode/score 990.48 / episode/length 1001 / train/acc/inv 0.53 / train/inv/ce 1.59 / train/inv/confidence 0.24 / train/inv/confidence_gating 0 / train/inv/effective_rep_weight 0.02 / train/inv/head_objective 0.66 / train/inv/head_weight 0 / train/inv/objective 0.66 / train/inv/policy_weight_max 1 / train/inv/policy_weight_mean 1 / train/inv/policy_weight_min 1 / train/inv/policy_weight_std 0 / train/inv/valid_frac 1 / train/inv/weight 0.02 / train/loss/con 0.02 / train/loss/dyn 2.52 / train/loss/image 1.99 / train/loss/inv 0.01 / train/loss/policy -9e-3 / train/loss/rep 2.52 / train/loss/repval 0.75 / train/loss/rew 0.64 / train/loss/value 0.72 / replay/replay_ratio 264 / fps/policy 5.63 / fps/train 1442.46

Writing metrics: /home/zhangpeiying01/lfy/btwm-7.7/runs/btwm_dmc_walker_walk_seed1_w002_b11_1m/scores.jsonl
Writing metrics: /home/zhangpeiying01/lfy/btwm-7.7/runs/btwm_dmc_walker_walk_seed1_w002_b11_1m/metrics.jsonl

--------------------[Agent Step 481_952]--------------------
Metrics filtered by: 'score|length|fps|ratio|train/loss/|train/acc/|train/inv/|train/rand/'
train/acc/inv 0.53 / train/inv/ce 1.6 / train/inv/confidence 0.24 / train/inv/confidence_gating 0 / train/inv/effective_rep_weight 0.02 / train/inv/head_objective 0.67 / train/inv/head_weight 0 / train/inv/objective 0.67 / train/inv/policy_weight_max 1 / train/inv/policy_weight_mean 1 / train/inv/policy_weight_min 1 / train/inv/policy_weight_std 0 / train/inv/valid_frac 1 / train/inv/weight 0.02 / train/loss/con 0.02 / train/loss/dyn 2.58 / train/loss/image 2.01 / train/loss/inv 0.01 / train/loss/policy 1.2e-3 / train/loss/rep 2.58 / train/loss/repval 0.75 / train/loss/rew 0.64 / train/loss/value 0.73 / replay/replay_ratio 264 / fps/policy 5.64 / fps/train 1443.69

Writing metrics: /home/zhangpeiying01/lfy/btwm-7.7/runs/btwm_dmc_walker_walk_seed1_w002_b11_1m/metrics.jsonl
Writing metrics: /home/zhangpeiying01/lfy/btwm-7.7/runs/btwm_dmc_walker_walk_seed1_w002_b11_1m/scores.jsonl

--------------------[Agent Step 482_640]--------------------
Metrics filtered by: 'score|length|fps|ratio|train/loss/|train/acc/|train/inv/|train/rand/'
train/acc/inv 0.53 / train/inv/ce 1.59 / train/inv/confidence 0.24 / train/inv/confidence_gating 0 / train/inv/effective_rep_weight 0.02 / train/inv/head_objective 0.66 / train/inv/head_weight 0 / train/inv/objective 0.66 / train/inv/policy_weight_max 1 / train/inv/policy_weight_mean 1 / train/inv/policy_weight_min 1 / train/inv/policy_weight_std 0 / train/inv/valid_frac 1 / train/inv/weight 0.02 / train/loss/con 0.02 / train/loss/dyn 2.57 / train/loss/image 2.03 / train/loss/inv 0.01 / train/loss/policy 3e-3 / train/loss/rep 2.57 / train/loss/repval 0.76 / train/loss/rew 0.64 / train/loss/value 0.73 / replay/replay_ratio 264 / fps/policy 5.64 / fps/train 1442.76

Writing metrics: /home/zhangpeiying01/lfy/btwm-7.7/runs/btwm_dmc_walker_walk_seed1_w002_b11_1m/metrics.jsonl
Writing metrics: /home/zhangpeiying01/lfy/btwm-7.7/runs/btwm_dmc_walker_walk_seed1_w002_b11_1m/scores.jsonl

--------------------[Agent Step 483_328]--------------------
Metrics filtered by: 'score|length|fps|ratio|train/loss/|train/acc/|train/inv/|train/rand/'
train/acc/inv 0.53 / train/inv/ce 1.59 / train/inv/confidence 0.24 / train/inv/confidence_gating 0 / train/inv/effective_rep_weight 0.02 / train/inv/head_objective 0.66 / train/inv/head_weight 0 / train/inv/objective 0.66 / train/inv/policy_weight_max 1 / train/inv/policy_weight_mean 1 / train/inv/policy_weight_min 1 / train/inv/policy_weight_std 0 / train/inv/valid_frac 1 / train/inv/weight 0.02 / train/loss/con 0.02 / train/loss/dyn 2.52 / train/loss/image 2.01 / train/loss/inv 0.01 / train/loss/policy -3.2e-3 / train/loss/rep 2.52 / train/loss/repval 0.76 / train/loss/rew 0.64 / train/loss/value 0.73 / replay/replay_ratio 264 / fps/policy 5.63 / fps/train 1440.47

Writing metrics: /home/zhangpeiying01/lfy/btwm-7.7/runs/btwm_dmc_walker_walk_seed1_w002_b11_1m/metrics.jsonl
Writing metrics: /home/zhangpeiying01/lfy/btwm-7.7/runs/btwm_dmc_walker_walk_seed1_w002_b11_1m/scores.jsonl

--------------------[Agent Step 484_016]--------------------
Metrics filtered by: 'score|length|fps|ratio|train/loss/|train/acc/|train/inv/|train/rand/'
train/acc/inv 0.54 / train/inv/ce 1.58 / train/inv/confidence 0.25 / train/inv/confidence_gating 0 / train/inv/effective_rep_weight 0.02 / train/inv/head_objective 0.66 / train/inv/head_weight 0 / train/inv/objective 0.66 / train/inv/policy_weight_max 1 / train/inv/policy_weight_mean 1 / train/inv/policy_weight_min 1 / train/inv/policy_weight_std 0 / train/inv/valid_frac 1 / train/inv/weight 0.02 / train/loss/con 0.02 / train/loss/dyn 2.49 / train/loss/image 1.98 / train/loss/inv 0.01 / train/loss/policy -4.8e-3 / train/loss/rep 2.49 / train/loss/repval 0.77 / train/loss/rew 0.64 / train/loss/value 0.75 / replay/replay_ratio 264 / fps/policy 5.63 / fps/train 1440.93

Writing metrics: /home/zhangpeiying01/lfy/btwm-7.7/runs/btwm_dmc_walker_walk_seed1_w002_b11_1m/metrics.jsonl
Writing metrics: /home/zhangpeiying01/lfy/btwm-7.7/runs/btwm_dmc_walker_walk_seed1_w002_b11_1m/scores.jsonl

--------------------[Agent Step 484_704]--------------------
Metrics filtered by: 'score|length|fps|ratio|train/loss/|train/acc/|train/inv/|train/rand/'
train/acc/inv 0.54 / train/inv/ce 1.59 / train/inv/confidence 0.24 / train/inv/confidence_gating 0 / train/inv/effective_rep_weight 0.02 / train/inv/head_objective 0.66 / train/inv/head_weight 0 / train/inv/objective 0.66 / train/inv/policy_weight_max 1 / train/inv/policy_weight_mean 1 / train/inv/policy_weight_min 1 / train/inv/policy_weight_std 0 / train/inv/valid_frac 1 / train/inv/weight 0.02 / train/loss/con 0.02 / train/loss/dyn 2.46 / train/loss/image 1.95 / train/loss/inv 0.01 / train/loss/policy -3.8e-3 / train/loss/rep 2.46 / train/loss/repval 0.76 / train/loss/rew 0.64 / train/loss/value 0.73 / replay/replay_ratio 264 / fps/policy 5.61 / fps/train 1436.83

Writing metrics: /home/zhangpeiying01/lfy/btwm-7.7/runs/btwm_dmc_walker_walk_seed1_w002_b11_1m/metrics.jsonl
Writing metrics: /home/zhangpeiying01/lfy/btwm-7.7/runs/btwm_dmc_walker_walk_seed1_w002_b11_1m/scores.jsonl

--------------------[Agent Step 485_392]--------------------
Metrics filtered by: 'score|length|fps|ratio|train/loss/|train/acc/|train/inv/|train/rand/'
train/acc/inv 0.54 / train/inv/ce 1.58 / train/inv/confidence 0.25 / train/inv/confidence_gating 0 / train/inv/effective_rep_weight 0.02 / train/inv/head_objective 0.66 / train/inv/head_weight 0 / train/inv/objective 0.66 / train/inv/policy_weight_max 1 / train/inv/policy_weight_mean 1 / train/inv/policy_weight_min 1 / train/inv/policy_weight_std 0 / train/inv/valid_frac 1 / train/inv/weight 0.02 / train/loss/con 0.02 / train/loss/dyn 2.5 / train/loss/image 1.99 / train/loss/inv 0.01 / train/loss/policy -3.9e-3 / train/loss/rep 2.5 / train/loss/repval 0.77 / train/loss/rew 0.64 / train/loss/value 0.74 / replay/replay_ratio 264 / fps/policy 5.65 / fps/train 1445.57

Writing metrics: /home/zhangpeiying01/lfy/btwm-7.7/runs/btwm_dmc_walker_walk_seed1_w002_b11_1m/metrics.jsonl
Writing metrics: /home/zhangpeiying01/lfy/btwm-7.7/runs/btwm_dmc_walker_walk_seed1_w002_b11_1m/scores.jsonl

--------------------[Agent Step 486_080]--------------------
Metrics filtered by: 'score|length|fps|ratio|train/loss/|train/acc/|train/inv/|train/rand/'
train/acc/inv 0.54 / train/inv/ce 1.58 / train/inv/confidence 0.25 / train/inv/confidence_gating 0 / train/inv/effective_rep_weight 0.02 / train/inv/head_objective 0.66 / train/inv/head_weight 0 / train/inv/objective 0.66 / train/inv/policy_weight_max 1 / train/inv/policy_weight_mean 1 / train/inv/policy_weight_min 1 / train/inv/policy_weight_std 0 / train/inv/valid_frac 1 / train/inv/weight 0.02 / train/loss/con 0.02 / train/loss/dyn 2.51 / train/loss/image 1.98 / train/loss/inv 0.01 / train/loss/policy -5.6e-3 / train/loss/rep 2.51 / train/loss/repval 0.76 / train/loss/rew 0.64 / train/loss/value 0.74 / replay/replay_ratio 264 / fps/policy 5.65 / fps/train 1446.44

Writing metrics: /home/zhangpeiying01/lfy/btwm-7.7/runs/btwm_dmc_walker_walk_seed1_w002_b11_1m/metrics.jsonl
Writing metrics: /home/zhangpeiying01/lfy/btwm-7.7/runs/btwm_dmc_walker_walk_seed1_w002_b11_1m/scores.jsonl

--------------------[Agent Step 486_768]--------------------
Metrics filtered by: 'score|length|fps|ratio|train/loss/|train/acc/|train/inv/|train/rand/'
train/acc/inv 0.54 / train/inv/ce 1.59 / train/inv/confidence 0.24 / train/inv/confidence_gating 0 / train/inv/effective_rep_weight 0.02 / train/inv/head_objective 0.66 / train/inv/head_weight 0 / train/inv/objective 0.66 / train/inv/policy_weight_max 1 / train/inv/policy_weight_mean 1 / train/inv/policy_weight_min 1 / train/inv/policy_weight_std 0 / train/inv/valid_frac 1 / train/inv/weight 0.02 / train/loss/con 0.02 / train/loss/dyn 2.51 / train/loss/image 1.96 / train/loss/inv 0.01 / train/loss/policy -5.1e-3 / train/loss/rep 2.51 / train/loss/repval 0.76 / train/loss/rew 0.64 / train/loss/value 0.73 / replay/replay_ratio 264 / fps/policy 5.64 / fps/train 1442.85

Writing metrics: /home/zhangpeiying01/lfy/btwm-7.7/runs/btwm_dmc_walker_walk_seed1_w002_b11_1m/metrics.jsonl
Writing metrics: /home/zhangpeiying01/lfy/btwm-7.7/runs/btwm_dmc_walker_walk_seed1_w002_b11_1m/scores.jsonl

--------------------[Agent Step 487_456]--------------------
Metrics filtered by: 'score|length|fps|ratio|train/loss/|train/acc/|train/inv/|train/rand/'
train/acc/inv 0.54 / train/inv/ce 1.59 / train/inv/confidence 0.24 / train/inv/confidence_gating 0 / train/inv/effective_rep_weight 0.02 / train/inv/head_objective 0.66 / train/inv/head_weight 0 / train/inv/objective 0.66 / train/inv/policy_weight_max 1 / train/inv/policy_weight_mean 1 / train/inv/policy_weight_min 1 / train/inv/policy_weight_std 0 / train/inv/valid_frac 1 / train/inv/weight 0.02 / train/loss/con 0.02 / train/loss/dyn 2.5 / train/loss/image 1.93 / train/loss/inv 0.01 / train/loss/policy 4.6e-3 / train/loss/rep 2.5 / train/loss/repval 0.77 / train/loss/rew 0.64 / train/loss/value 0.73 / replay/replay_ratio 264 / fps/policy 5.64 / fps/train 1443.04

Writing metrics: /home/zhangpeiying01/lfy/btwm-7.7/runs/btwm_dmc_walker_walk_seed1_w002_b11_1m/scores.jsonl
Writing metrics: /home/zhangpeiying01/lfy/btwm-7.7/runs/btwm_dmc_walker_walk_seed1_w002_b11_1m/metrics.jsonl

--------------------[Agent Step 488_144]--------------------
Metrics filtered by: 'score|length|fps|ratio|train/loss/|train/acc/|train/inv/|train/rand/'
train/acc/inv 0.54 / train/inv/ce 1.58 / train/inv/confidence 0.24 / train/inv/confidence_gating 0 / train/inv/effective_rep_weight 0.02 / train/inv/head_objective 0.66 / train/inv/head_weight 0 / train/inv/objective 0.66 / train/inv/policy_weight_max 1 / train/inv/policy_weight_mean 1 / train/inv/policy_weight_min 1 / train/inv/policy_weight_std 0 / train/inv/valid_frac 1 / train/inv/weight 0.02 / train/loss/con 0.02 / train/loss/dyn 2.49 / train/loss/image 1.94 / train/loss/inv 0.01 / train/loss/policy -0.01 / train/loss/rep 2.49 / train/loss/repval 0.79 / train/loss/rew 0.64 / train/loss/value 0.76 / replay/replay_ratio 264 / fps/policy 5.63 / fps/train 1440.15

Writing metrics: /home/zhangpeiying01/lfy/btwm-7.7/runs/btwm_dmc_walker_walk_seed1_w002_b11_1m/metrics.jsonl
Writing metrics: /home/zhangpeiying01/lfy/btwm-7.7/runs/btwm_dmc_walker_walk_seed1_w002_b11_1m/scores.jsonl

--------------------[Agent Step 488_832]--------------------
Metrics filtered by: 'score|length|fps|ratio|train/loss/|train/acc/|train/inv/|train/rand/'
train/acc/inv 0.53 / train/inv/ce 1.59 / train/inv/confidence 0.24 / train/inv/confidence_gating 0 / train/inv/effective_rep_weight 0.02 / train/inv/head_objective 0.66 / train/inv/head_weight 0 / train/inv/objective 0.66 / train/inv/policy_weight_max 1 / train/inv/policy_weight_mean 1 / train/inv/policy_weight_min 1 / train/inv/policy_weight_std 0 / train/inv/valid_frac 1 / train/inv/weight 0.02 / train/loss/con 0.02 / train/loss/dyn 2.5 / train/loss/image 1.94 / train/loss/inv 0.01 / train/loss/policy 4.5e-3 / train/loss/rep 2.5 / train/loss/repval 0.79 / train/loss/rew 0.64 / train/loss/value 0.76 / replay/replay_ratio 264 / fps/policy 5.64 / fps/train 1442.83

Writing metrics: /home/zhangpeiying01/lfy/btwm-7.7/runs/btwm_dmc_walker_walk_seed1_w002_b11_1m/metrics.jsonl
Writing metrics: /home/zhangpeiying01/lfy/btwm-7.7/runs/btwm_dmc_walker_walk_seed1_w002_b11_1m/scores.jsonl

--------------------[Agent Step 489_520]--------------------
Metrics filtered by: 'score|length|fps|ratio|train/loss/|train/acc/|train/inv/|train/rand/'
train/acc/inv 0.53 / train/inv/ce 1.59 / train/inv/confidence 0.24 / train/inv/confidence_gating 0 / train/inv/effective_rep_weight 0.02 / train/inv/head_objective 0.66 / train/inv/head_weight 0 / train/inv/objective 0.66 / train/inv/policy_weight_max 1 / train/inv/policy_weight_mean 1 / train/inv/policy_weight_min 1 / train/inv/policy_weight_std 0 / train/inv/valid_frac 1 / train/inv/weight 0.02 / train/loss/con 0.02 / train/loss/dyn 2.5 / train/loss/image 1.95 / train/loss/inv 0.01 / train/loss/policy -6.1e-3 / train/loss/rep 2.5 / train/loss/repval 0.79 / train/loss/rew 0.64 / train/loss/value 0.76 / replay/replay_ratio 264 / fps/policy 5.63 / fps/train 1442.36

Writing metrics: /home/zhangpeiying01/lfy/btwm-7.7/runs/btwm_dmc_walker_walk_seed1_w002_b11_1m/metrics.jsonl
Writing metrics: /home/zhangpeiying01/lfy/btwm-7.7/runs/btwm_dmc_walker_walk_seed1_w002_b11_1m/scores.jsonl

--------------------[Agent Step 490_208]--------------------
Metrics filtered by: 'score|length|fps|ratio|train/loss/|train/acc/|train/inv/|train/rand/'
train/acc/inv 0.54 / train/inv/ce 1.58 / train/inv/confidence 0.24 / train/inv/confidence_gating 0 / train/inv/effective_rep_weight 0.02 / train/inv/head_objective 0.66 / train/inv/head_weight 0 / train/inv/objective 0.66 / train/inv/policy_weight_max 1 / train/inv/policy_weight_mean 1 / train/inv/policy_weight_min 1 / train/inv/policy_weight_std 0 / train/inv/valid_frac 1 / train/inv/weight 0.02 / train/loss/con 0.02 / train/loss/dyn 2.47 / train/loss/image 1.95 / train/loss/inv 0.01 / train/loss/policy -0.01 / train/loss/rep 2.47 / train/loss/repval 0.78 / train/loss/rew 0.64 / train/loss/value 0.75 / replay/replay_ratio 264 / fps/policy 5.65 / fps/train 1447.47

Writing metrics: /home/zhangpeiying01/lfy/btwm-7.7/runs/btwm_dmc_walker_walk_seed1_w002_b11_1m/metrics.jsonl
Writing metrics: /home/zhangpeiying01/lfy/btwm-7.7/runs/btwm_dmc_walker_walk_seed1_w002_b11_1m/scores.jsonl

--------------------[Agent Step 490_896]--------------------
Metrics filtered by: 'score|length|fps|ratio|train/loss/|train/acc/|train/inv/|train/rand/'
train/acc/inv 0.54 / train/inv/ce 1.58 / train/inv/confidence 0.25 / train/inv/confidence_gating 0 / train/inv/effective_rep_weight 0.02 / train/inv/head_objective 0.66 / train/inv/head_weight 0 / train/inv/objective 0.66 / train/inv/policy_weight_max 1 / train/inv/policy_weight_mean 1 / train/inv/policy_weight_min 1 / train/inv/policy_weight_std 0 / train/inv/valid_frac 1 / train/inv/weight 0.02 / train/loss/con 0.02 / train/loss/dyn 2.48 / train/loss/image 1.96 / train/loss/inv 0.01 / train/loss/policy 3.1e-3 / train/loss/rep 2.48 / train/loss/repval 0.78 / train/loss/rew 0.64 / train/loss/value 0.75 / replay/replay_ratio 264 / fps/policy 5.63 / fps/train 1441.82

Writing metrics: /home/zhangpeiying01/lfy/btwm-7.7/runs/btwm_dmc_walker_walk_seed1_w002_b11_1m/metrics.jsonl
Writing metrics: /home/zhangpeiying01/lfy/btwm-7.7/runs/btwm_dmc_walker_walk_seed1_w002_b11_1m/scores.jsonl

--------------------[Agent Step 491_584]--------------------
Metrics filtered by: 'score|length|fps|ratio|train/loss/|train/acc/|train/inv/|train/rand/'
train/acc/inv 0.54 / train/inv/ce 1.58 / train/inv/confidence 0.24 / train/inv/confidence_gating 0 / train/inv/effective_rep_weight 0.02 / train/inv/head_objective 0.66 / train/inv/head_weight 0 / train/inv/objective 0.66 / train/inv/policy_weight_max 1 / train/inv/policy_weight_mean 1 / train/inv/policy_weight_min 1 / train/inv/policy_weight_std 0 / train/inv/valid_frac 1 / train/inv/weight 0.02 / train/loss/con 0.02 / train/loss/dyn 2.48 / train/loss/image 1.9 / train/loss/inv 0.01 / train/loss/policy -3.7e-3 / train/loss/rep 2.48 / train/loss/repval 0.78 / train/loss/rew 0.64 / train/loss/value 0.74 / replay/replay_ratio 264 / fps/policy 5.61 / fps/train 1436.57

Writing metrics: /home/zhangpeiying01/lfy/btwm-7.7/runs/btwm_dmc_walker_walk_seed1_w002_b11_1m/metrics.jsonl
Writing metrics: /home/zhangpeiying01/lfy/btwm-7.7/runs/btwm_dmc_walker_walk_seed1_w002_b11_1m/scores.jsonl

--------------------[Agent Step 492_272]--------------------
Metrics filtered by: 'score|length|fps|ratio|train/loss/|train/acc/|train/inv/|train/rand/'
train/acc/inv 0.53 / train/inv/ce 1.59 / train/inv/confidence 0.24 / train/inv/confidence_gating 0 / train/inv/effective_rep_weight 0.02 / train/inv/head_objective 0.66 / train/inv/head_weight 0 / train/inv/objective 0.66 / train/inv/policy_weight_max 1 / train/inv/policy_weight_mean 1 / train/inv/policy_weight_min 1 / train/inv/policy_weight_std 0 / train/inv/valid_frac 1 / train/inv/weight 0.02 / train/loss/con 0.02 / train/loss/dyn 2.45 / train/loss/image 1.9 / train/loss/inv 0.01 / train/loss/policy 1.9e-3 / train/loss/rep 2.45 / train/loss/repval 0.78 / train/loss/rew 0.64 / train/loss/value 0.74 / replay/replay_ratio 264 / fps/policy 5.61 / fps/train 1436.71

Writing metrics: /home/zhangpeiying01/lfy/btwm-7.7/runs/btwm_dmc_walker_walk_seed1_w002_b11_1m/metrics.jsonl
Writing metrics: /home/zhangpeiying01/lfy/btwm-7.7/runs/btwm_dmc_walker_walk_seed1_w002_b11_1m/scores.jsonl

--------------------[Agent Step 492_960]--------------------
Metrics filtered by: 'score|length|fps|ratio|train/loss/|train/acc/|train/inv/|train/rand/'
train/acc/inv 0.54 / train/inv/ce 1.58 / train/inv/confidence 0.25 / train/inv/confidence_gating 0 / train/inv/effective_rep_weight 0.02 / train/inv/head_objective 0.66 / train/inv/head_weight 0 / train/inv/objective 0.66 / train/inv/policy_weight_max 1 / train/inv/policy_weight_mean 1 / train/inv/policy_weight_min 1 / train/inv/policy_weight_std 0 / train/inv/valid_frac 1 / train/inv/weight 0.02 / train/loss/con 0.02 / train/loss/dyn 2.45 / train/loss/image 1.92 / train/loss/inv 0.01 / train/loss/policy -1.1e-3 / train/loss/rep 2.45 / train/loss/repval 0.78 / train/loss/rew 0.64 / train/loss/value 0.75 / replay/replay_ratio 264 / fps/policy 5.67 / fps/train 1450.99

Writing metrics: /home/zhangpeiying01/lfy/btwm-7.7/runs/btwm_dmc_walker_walk_seed1_w002_b11_1m/metrics.jsonl
Writing metrics: /home/zhangpeiying01/lfy/btwm-7.7/runs/btwm_dmc_walker_walk_seed1_w002_b11_1m/scores.jsonl

--------------------[Agent Step 493_648]--------------------
Metrics filtered by: 'score|length|fps|ratio|train/loss/|train/acc/|train/inv/|train/rand/'
train/acc/inv 0.54 / train/inv/ce 1.59 / train/inv/confidence 0.24 / train/inv/confidence_gating 0 / train/inv/effective_rep_weight 0.02 / train/inv/head_objective 0.66 / train/inv/head_weight 0 / train/inv/objective 0.66 / train/inv/policy_weight_max 1 / train/inv/policy_weight_mean 1 / train/inv/policy_weight_min 1 / train/inv/policy_weight_std 0 / train/inv/valid_frac 1 / train/inv/weight 0.02 / train/loss/con 0.02 / train/loss/dyn 2.49 / train/loss/image 1.93 / train/loss/inv 0.01 / train/loss/policy -5.3e-4 / train/loss/rep 2.49 / train/loss/repval 0.78 / train/loss/rew 0.64 / train/loss/value 0.75 / replay/replay_ratio 264 / fps/policy 5.6 / fps/train 1434.14

Writing metrics: /home/zhangpeiying01/lfy/btwm-7.7/runs/btwm_dmc_walker_walk_seed1_w002_b11_1m/scores.jsonl
Writing metrics: /home/zhangpeiying01/lfy/btwm-7.7/runs/btwm_dmc_walker_walk_seed1_w002_b11_1m/metrics.jsonl

--------------------[Agent Step 494_336]--------------------
Metrics filtered by: 'score|length|fps|ratio|train/loss/|train/acc/|train/inv/|train/rand/'
train/acc/inv 0.54 / train/inv/ce 1.58 / train/inv/confidence 0.24 / train/inv/confidence_gating 0 / train/inv/effective_rep_weight 0.02 / train/inv/head_objective 0.66 / train/inv/head_weight 0 / train/inv/objective 0.66 / train/inv/policy_weight_max 1 / train/inv/policy_weight_mean 1 / train/inv/policy_weight_min 1 / train/inv/policy_weight_std 0 / train/inv/valid_frac 1 / train/inv/weight 0.02 / train/loss/con 0.02 / train/loss/dyn 2.51 / train/loss/image 1.93 / train/loss/inv 0.01 / train/loss/policy -0.01 / train/loss/rep 2.51 / train/loss/repval 0.76 / train/loss/rew 0.64 / train/loss/value 0.73 / replay/replay_ratio 264 / fps/policy 5.62 / fps/train 1437.78

Writing metrics: /home/zhangpeiying01/lfy/btwm-7.7/runs/btwm_dmc_walker_walk_seed1_w002_b11_1m/scores.jsonl
Writing metrics: /home/zhangpeiying01/lfy/btwm-7.7/runs/btwm_dmc_walker_walk_seed1_w002_b11_1m/metrics.jsonl

--------------------[Agent Step 495_024]--------------------
Metrics filtered by: 'score|length|fps|ratio|train/loss/|train/acc/|train/inv/|train/rand/'
train/acc/inv 0.54 / train/inv/ce 1.59 / train/inv/confidence 0.24 / train/inv/confidence_gating 0 / train/inv/effective_rep_weight 0.02 / train/inv/head_objective 0.66 / train/inv/head_weight 0 / train/inv/objective 0.66 / train/inv/policy_weight_max 1 / train/inv/policy_weight_mean 1 / train/inv/policy_weight_min 1 / train/inv/policy_weight_std 0 / train/inv/valid_frac 1 / train/inv/weight 0.02 / train/loss/con 0.02 / train/loss/dyn 2.47 / train/loss/image 1.92 / train/loss/inv 0.01 / train/loss/policy -4.7e-3 / train/loss/rep 2.47 / train/loss/repval 0.76 / train/loss/rew 0.64 / train/loss/value 0.73 / replay/replay_ratio 264 / fps/policy 5.64 / fps/train 1444.31

Writing metrics: /home/zhangpeiying01/lfy/btwm-7.7/runs/btwm_dmc_walker_walk_seed1_w002_b11_1m/metrics.jsonl
Writing metrics: /home/zhangpeiying01/lfy/btwm-7.7/runs/btwm_dmc_walker_walk_seed1_w002_b11_1m/scores.jsonl

--------------------[Agent Step 495_712]--------------------
Metrics filtered by: 'score|length|fps|ratio|train/loss/|train/acc/|train/inv/|train/rand/'
train/acc/inv 0.54 / train/inv/ce 1.58 / train/inv/confidence 0.24 / train/inv/confidence_gating 0 / train/inv/effective_rep_weight 0.02 / train/inv/head_objective 0.66 / train/inv/head_weight 0 / train/inv/objective 0.66 / train/inv/policy_weight_max 1 / train/inv/policy_weight_mean 1 / train/inv/policy_weight_min 1 / train/inv/policy_weight_std 0 / train/inv/valid_frac 1 / train/inv/weight 0.02 / train/loss/con 0.02 / train/loss/dyn 2.49 / train/loss/image 1.92 / train/loss/inv 0.01 / train/loss/policy -7.8e-4 / train/loss/rep 2.49 / train/loss/repval 0.75 / train/loss/rew 0.64 / train/loss/value 0.73 / replay/replay_ratio 264 / fps/policy 5.65 / fps/train 1447.44

Writing metrics: /home/zhangpeiying01/lfy/btwm-7.7/runs/btwm_dmc_walker_walk_seed1_w002_b11_1m/scores.jsonl
Writing metrics: /home/zhangpeiying01/lfy/btwm-7.7/runs/btwm_dmc_walker_walk_seed1_w002_b11_1m/metrics.jsonl
Saving checkpoint: /home/zhangpeiying01/lfy/btwm-7.7/runs/btwm_dmc_walker_walk_seed1_w002_b11_1m/ckpt/20260716T034659F441673
Saved checkpoint.

--------------------[Agent Step 496_384]--------------------
Metrics filtered by: 'score|length|fps|ratio|train/loss/|train/acc/|train/inv/|train/rand/'
train/acc/inv 0.54 / train/inv/ce 1.58 / train/inv/confidence 0.24 / train/inv/confidence_gating 0 / train/inv/effective_rep_weight 0.02 / train/inv/head_objective 0.66 / train/inv/head_weight 0 / train/inv/objective 0.66 / train/inv/policy_weight_max 1 / train/inv/policy_weight_mean 1 / train/inv/policy_weight_min 1 / train/inv/policy_weight_std 0 / train/inv/valid_frac 1 / train/inv/weight 0.02 / train/loss/con 0.02 / train/loss/dyn 2.55 / train/loss/image 1.95 / train/loss/inv 0.01 / train/loss/policy -2.5e-3 / train/loss/rep 2.55 / train/loss/repval 0.75 / train/loss/rew 0.64 / train/loss/value 0.73 / replay/replay_ratio 264 / fps/policy 5.56 / fps/train 1423.04

Writing metrics: /home/zhangpeiying01/lfy/btwm-7.7/runs/btwm_dmc_walker_walk_seed1_w002_b11_1m/metrics.jsonl
Writing metrics: /home/zhangpeiying01/lfy/btwm-7.7/runs/btwm_dmc_walker_walk_seed1_w002_b11_1m/scores.jsonl

--------------------[Agent Step 497_072]--------------------
Metrics filtered by: 'score|length|fps|ratio|train/loss/|train/acc/|train/inv/|train/rand/'
episode/score 985.15 / episode/length 1001 / train/acc/inv 0.54 / train/inv/ce 1.58 / train/inv/confidence 0.25 / train/inv/confidence_gating 0 / train/inv/effective_rep_weight 0.02 / train/inv/head_objective 0.66 / train/inv/head_weight 0 / train/inv/objective 0.66 / train/inv/policy_weight_max 1 / train/inv/policy_weight_mean 1 / train/inv/policy_weight_min 1 / train/inv/policy_weight_std 0 / train/inv/valid_frac 1 / train/inv/weight 0.02 / train/loss/con 0.02 / train/loss/dyn 2.41 / train/loss/image 1.91 / train/loss/inv 0.01 / train/loss/policy -5.2e-4 / train/loss/rep 2.41 / train/loss/repval 0.76 / train/loss/rew 0.64 / train/loss/value 0.73 / replay/replay_ratio 264 / fps/policy 5.67 / fps/train 1452.59

Writing metrics: /home/zhangpeiying01/lfy/btwm-7.7/runs/btwm_dmc_walker_walk_seed1_w002_b11_1m/metrics.jsonl
Writing metrics: /home/zhangpeiying01/lfy/btwm-7.7/runs/btwm_dmc_walker_walk_seed1_w002_b11_1m/scores.jsonl

--------------------[Agent Step 497_760]--------------------
Metrics filtered by: 'score|length|fps|ratio|train/loss/|train/acc/|train/inv/|train/rand/'
train/acc/inv 0.53 / train/inv/ce 1.59 / train/inv/confidence 0.24 / train/inv/confidence_gating 0 / train/inv/effective_rep_weight 0.02 / train/inv/head_objective 0.66 / train/inv/head_weight 0 / train/inv/objective 0.66 / train/inv/policy_weight_max 1 / train/inv/policy_weight_mean 1 / train/inv/policy_weight_min 1 / train/inv/policy_weight_std 0 / train/inv/valid_frac 1 / train/inv/weight 0.02 / train/loss/con 0.02 / train/loss/dyn 2.66 / train/loss/image 2.08 / train/loss/inv 0.01 / train/loss/policy -8.8e-3 / train/loss/rep 2.66 / train/loss/repval 0.76 / train/loss/rew 0.64 / train/loss/value 0.73 / replay/replay_ratio 264 / fps/policy 5.63 / fps/train 1442.23

Writing metrics: /home/zhangpeiying01/lfy/btwm-7.7/runs/btwm_dmc_walker_walk_seed1_w002_b11_1m/metrics.jsonl
Writing metrics: /home/zhangpeiying01/lfy/btwm-7.7/runs/btwm_dmc_walker_walk_seed1_w002_b11_1m/scores.jsonl

--------------------[Agent Step 498_448]--------------------
Metrics filtered by: 'score|length|fps|ratio|train/loss/|train/acc/|train/inv/|train/rand/'
train/acc/inv 0.54 / train/inv/ce 1.58 / train/inv/confidence 0.24 / train/inv/confidence_gating 0 / train/inv/effective_rep_weight 0.02 / train/inv/head_objective 0.66 / train/inv/head_weight 0 / train/inv/objective 0.66 / train/inv/policy_weight_max 1 / train/inv/policy_weight_mean 1 / train/inv/policy_weight_min 1 / train/inv/policy_weight_std 0 / train/inv/valid_frac 1 / train/inv/weight 0.02 / train/loss/con 0.02 / train/loss/dyn 2.58 / train/loss/image 2.01 / train/loss/inv 0.01 / train/loss/policy -5.8e-3 / train/loss/rep 2.58 / train/loss/repval 0.76 / train/loss/rew 0.64 / train/loss/value 0.74 / replay/replay_ratio 264 / fps/policy 5.63 / fps/train 1441.53

Writing metrics: /home/zhangpeiying01/lfy/btwm-7.7/runs/btwm_dmc_walker_walk_seed1_w002_b11_1m/metrics.jsonl
Writing metrics: /home/zhangpeiying01/lfy/btwm-7.7/runs/btwm_dmc_walker_walk_seed1_w002_b11_1m/scores.jsonl

--------------------[Agent Step 499_136]--------------------
Metrics filtered by: 'score|length|fps|ratio|train/loss/|train/acc/|train/inv/|train/rand/'
train/acc/inv 0.54 / train/inv/ce 1.59 / train/inv/confidence 0.24 / train/inv/confidence_gating 0 / train/inv/effective_rep_weight 0.02 / train/inv/head_objective 0.66 / train/inv/head_weight 0 / train/inv/objective 0.66 / train/inv/policy_weight_max 1 / train/inv/policy_weight_mean 1 / train/inv/policy_weight_min 1 / train/inv/policy_weight_std 0 / train/inv/valid_frac 1 / train/inv/weight 0.02 / train/loss/con 0.02 / train/loss/dyn 2.53 / train/loss/image 2.01 / train/loss/inv 0.01 / train/loss/policy -2.9e-3 / train/loss/rep 2.53 / train/loss/repval 0.76 / train/loss/rew 0.64 / train/loss/value 0.74 / replay/replay_ratio 264 / fps/policy 5.62 / fps/train 1439.48

Writing metrics: /home/zhangpeiying01/lfy/btwm-7.7/runs/btwm_dmc_walker_walk_seed1_w002_b11_1m/metrics.jsonl
Writing metrics: /home/zhangpeiying01/lfy/btwm-7.7/runs/btwm_dmc_walker_walk_seed1_w002_b11_1m/scores.jsonl

--------------------[Agent Step 499_824]--------------------
Metrics filtered by: 'score|length|fps|ratio|train/loss/|train/acc/|train/inv/|train/rand/'
train/acc/inv 0.54 / train/inv/ce 1.58 / train/inv/confidence 0.24 / train/inv/confidence_gating 0 / train/inv/effective_rep_weight 0.02 / train/inv/head_objective 0.66 / train/inv/head_weight 0 / train/inv/objective 0.66 / train/inv/policy_weight_max 1 / train/inv/policy_weight_mean 1 / train/inv/policy_weight_min 1 / train/inv/policy_weight_std 0 / train/inv/valid_frac 1 / train/inv/weight 0.02 / train/loss/con 0.02 / train/loss/dyn 2.47 / train/loss/image 1.95 / train/loss/inv 0.01 / train/loss/policy 9.6e-6 / train/loss/rep 2.47 / train/loss/repval 0.76 / train/loss/rew 0.64 / train/loss/value 0.73 / replay/replay_ratio 264 / fps/policy 5.65 / fps/train 1445.99

Writing metrics: /home/zhangpeiying01/lfy/btwm-7.7/runs/btwm_dmc_walker_walk_seed1_w002_b11_1m/metrics.jsonl
Writing metrics: /home/zhangpeiying01/lfy/btwm-7.7/runs/btwm_dmc_walker_walk_seed1_w002_b11_1m/scores.jsonl

--------------------[Agent Step 500_512]--------------------
Metrics filtered by: 'score|length|fps|ratio|train/loss/|train/acc/|train/inv/|train/rand/'
train/acc/inv 0.54 / train/inv/ce 1.58 / train/inv/confidence 0.25 / train/inv/confidence_gating 0 / train/inv/effective_rep_weight 0.02 / train/inv/head_objective 0.66 / train/inv/head_weight 0 / train/inv/objective 0.66 / train/inv/policy_weight_max 1 / train/inv/policy_weight_mean 1 / train/inv/policy_weight_min 1 / train/inv/policy_weight_std 0 / train/inv/valid_frac 1 / train/inv/weight 0.02 / train/loss/con 0.02 / train/loss/dyn 2.51 / train/loss/image 1.95 / train/loss/inv 0.01 / train/loss/policy -8.1e-3 / train/loss/rep 2.51 / train/loss/repval 0.77 / train/loss/rew 0.64 / train/loss/value 0.74 / replay/replay_ratio 264 / fps/policy 5.65 / fps/train 1445.37

Writing metrics: /home/zhangpeiying01/lfy/btwm-7.7/runs/btwm_dmc_walker_walk_seed1_w002_b11_1m/scores.jsonl
Writing metrics: /home/zhangpeiying01/lfy/btwm-7.7/runs/btwm_dmc_walker_walk_seed1_w002_b11_1m/metrics.jsonl

--------------------[Agent Step 501_200]--------------------
Metrics filtered by: 'score|length|fps|ratio|train/loss/|train/acc/|train/inv/|train/rand/'
train/acc/inv 0.54 / train/inv/ce 1.58 / train/inv/confidence 0.24 / train/inv/confidence_gating 0 / train/inv/effective_rep_weight 0.02 / train/inv/head_objective 0.66 / train/inv/head_weight 0 / train/inv/objective 0.66 / train/inv/policy_weight_max 1 / train/inv/policy_weight_mean 1 / train/inv/policy_weight_min 1 / train/inv/policy_weight_std 0 / train/inv/valid_frac 1 / train/inv/weight 0.02 / train/loss/con 0.02 / train/loss/dyn 2.5 / train/loss/image 1.95 / train/loss/inv 0.01 / train/loss/policy -2.9e-3 / train/loss/rep 2.5 / train/loss/repval 0.77 / train/loss/rew 0.64 / train/loss/value 0.74 / replay/replay_ratio 264 / fps/policy 5.63 / fps/train 1441.73

Writing metrics: /home/zhangpeiying01/lfy/btwm-7.7/runs/btwm_dmc_walker_walk_seed1_w002_b11_1m/metrics.jsonl
Writing metrics: /home/zhangpeiying01/lfy/btwm-7.7/runs/btwm_dmc_walker_walk_seed1_w002_b11_1m/scores.jsonl

--------------------[Agent Step 501_888]--------------------
Metrics filtered by: 'score|length|fps|ratio|train/loss/|train/acc/|train/inv/|train/rand/'
train/acc/inv 0.54 / train/inv/ce 1.59 / train/inv/confidence 0.24 / train/inv/confidence_gating 0 / train/inv/effective_rep_weight 0.02 / train/inv/head_objective 0.66 / train/inv/head_weight 0 / train/inv/objective 0.66 / train/inv/policy_weight_max 1 / train/inv/policy_weight_mean 1 / train/inv/policy_weight_min 1 / train/inv/policy_weight_std 0 / train/inv/valid_frac 1 / train/inv/weight 0.02 / train/loss/con 0.02 / train/loss/dyn 2.46 / train/loss/image 1.91 / train/loss/inv 0.01 / train/loss/policy -4e-3 / train/loss/rep 2.46 / train/loss/repval 0.76 / train/loss/rew 0.64 / train/loss/value 0.74 / replay/replay_ratio 264 / fps/policy 5.6 / fps/train 1434.73

Writing metrics: /home/zhangpeiying01/lfy/btwm-7.7/runs/btwm_dmc_walker_walk_seed1_w002_b11_1m/metrics.jsonl
Writing metrics: /home/zhangpeiying01/lfy/btwm-7.7/runs/btwm_dmc_walker_walk_seed1_w002_b11_1m/scores.jsonl

--------------------[Agent Step 502_576]--------------------
Metrics filtered by: 'score|length|fps|ratio|train/loss/|train/acc/|train/inv/|train/rand/'
train/acc/inv 0.54 / train/inv/ce 1.58 / train/inv/confidence 0.25 / train/inv/confidence_gating 0 / train/inv/effective_rep_weight 0.02 / train/inv/head_objective 0.66 / train/inv/head_weight 0 / train/inv/objective 0.66 / train/inv/policy_weight_max 1 / train/inv/policy_weight_mean 1 / train/inv/policy_weight_min 1 / train/inv/policy_weight_std 0 / train/inv/valid_frac 1 / train/inv/weight 0.02 / train/loss/con 0.02 / train/loss/dyn 2.44 / train/loss/image 1.9 / train/loss/inv 0.01 / train/loss/policy -4.5e-3 / train/loss/rep 2.44 / train/loss/repval 0.76 / train/loss/rew 0.64 / train/loss/value 0.73 / replay/replay_ratio 264 / fps/policy 5.62 / fps/train 1439.71

Writing metrics: /home/zhangpeiying01/lfy/btwm-7.7/runs/btwm_dmc_walker_walk_seed1_w002_b11_1m/metrics.jsonl
Writing metrics: /home/zhangpeiying01/lfy/btwm-7.7/runs/btwm_dmc_walker_walk_seed1_w002_b11_1m/scores.jsonl

--------------------[Agent Step 503_264]--------------------
Metrics filtered by: 'score|length|fps|ratio|train/loss/|train/acc/|train/inv/|train/rand/'
train/acc/inv 0.54 / train/inv/ce 1.58 / train/inv/confidence 0.24 / train/inv/confidence_gating 0 / train/inv/effective_rep_weight 0.02 / train/inv/head_objective 0.66 / train/inv/head_weight 0 / train/inv/objective 0.66 / train/inv/policy_weight_max 1 / train/inv/policy_weight_mean 1 / train/inv/policy_weight_min 1 / train/inv/policy_weight_std 0 / train/inv/valid_frac 1 / train/inv/weight 0.02 / train/loss/con 0.02 / train/loss/dyn 2.44 / train/loss/image 1.9 / train/loss/inv 0.01 / train/loss/policy -5.8e-3 / train/loss/rep 2.44 / train/loss/repval 0.76 / train/loss/rew 0.64 / train/loss/value 0.73 / replay/replay_ratio 264 / fps/policy 5.63 / fps/train 1440.46

Writing metrics: /home/zhangpeiying01/lfy/btwm-7.7/runs/btwm_dmc_walker_walk_seed1_w002_b11_1m/metrics.jsonl
Writing metrics: /home/zhangpeiying01/lfy/btwm-7.7/runs/btwm_dmc_walker_walk_seed1_w002_b11_1m/scores.jsonl

--------------------[Agent Step 503_952]--------------------
Metrics filtered by: 'score|length|fps|ratio|train/loss/|train/acc/|train/inv/|train/rand/'
train/acc/inv 0.53 / train/inv/ce 1.59 / train/inv/confidence 0.24 / train/inv/confidence_gating 0 / train/inv/effective_rep_weight 0.02 / train/inv/head_objective 0.66 / train/inv/head_weight 0 / train/inv/objective 0.66 / train/inv/policy_weight_max 1 / train/inv/policy_weight_mean 1 / train/inv/policy_weight_min 1 / train/inv/policy_weight_std 0 / train/inv/valid_frac 1 / train/inv/weight 0.02 / train/loss/con 0.02 / train/loss/dyn 2.46 / train/loss/image 1.89 / train/loss/inv 0.01 / train/loss/policy -1.5e-3 / train/loss/rep 2.46 / train/loss/repval 0.76 / train/loss/rew 0.64 / train/loss/value 0.73 / replay/replay_ratio 264 / fps/policy 5.63 / fps/train 1442.01

Writing metrics: /home/zhangpeiying01/lfy/btwm-7.7/runs/btwm_dmc_walker_walk_seed1_w002_b11_1m/metrics.jsonl
Writing metrics: /home/zhangpeiying01/lfy/btwm-7.7/runs/btwm_dmc_walker_walk_seed1_w002_b11_1m/scores.jsonl

--------------------[Agent Step 504_640]--------------------
Metrics filtered by: 'score|length|fps|ratio|train/loss/|train/acc/|train/inv/|train/rand/'
train/acc/inv 0.54 / train/inv/ce 1.58 / train/inv/confidence 0.24 / train/inv/confidence_gating 0 / train/inv/effective_rep_weight 0.02 / train/inv/head_objective 0.66 / train/inv/head_weight 0 / train/inv/objective 0.66 / train/inv/policy_weight_max 1 / train/inv/policy_weight_mean 1 / train/inv/policy_weight_min 1 / train/inv/policy_weight_std 0 / train/inv/valid_frac 1 / train/inv/weight 0.02 / train/loss/con 0.02 / train/loss/dyn 2.46 / train/loss/image 1.91 / train/loss/inv 0.01 / train/loss/policy -3.6e-3 / train/loss/rep 2.46 / train/loss/repval 0.76 / train/loss/rew 0.64 / train/loss/value 0.73 / replay/replay_ratio 264 / fps/policy 5.64 / fps/train 1445.03

Writing metrics: /home/zhangpeiying01/lfy/btwm-7.7/runs/btwm_dmc_walker_walk_seed1_w002_b11_1m/metrics.jsonl
Writing metrics: /home/zhangpeiying01/lfy/btwm-7.7/runs/btwm_dmc_walker_walk_seed1_w002_b11_1m/scores.jsonl

--------------------[Agent Step 505_328]--------------------
Metrics filtered by: 'score|length|fps|ratio|train/loss/|train/acc/|train/inv/|train/rand/'
train/acc/inv 0.54 / train/inv/ce 1.58 / train/inv/confidence 0.24 / train/inv/confidence_gating 0 / train/inv/effective_rep_weight 0.02 / train/inv/head_objective 0.66 / train/inv/head_weight 0 / train/inv/objective 0.66 / train/inv/policy_weight_max 1 / train/inv/policy_weight_mean 1 / train/inv/policy_weight_min 1 / train/inv/policy_weight_std 0 / train/inv/valid_frac 1 / train/inv/weight 0.02 / train/loss/con 0.02 / train/loss/dyn 2.51 / train/loss/image 1.92 / train/loss/inv 0.01 / train/loss/policy -0.01 / train/loss/rep 2.51 / train/loss/repval 0.76 / train/loss/rew 0.64 / train/loss/value 0.73 / replay/replay_ratio 264 / fps/policy 5.66 / fps/train 1447.87

Writing metrics: /home/zhangpeiying01/lfy/btwm-7.7/runs/btwm_dmc_walker_walk_seed1_w002_b11_1m/metrics.jsonl
Writing metrics: /home/zhangpeiying01/lfy/btwm-7.7/runs/btwm_dmc_walker_walk_seed1_w002_b11_1m/scores.jsonl

--------------------[Agent Step 506_016]--------------------
Metrics filtered by: 'score|length|fps|ratio|train/loss/|train/acc/|train/inv/|train/rand/'
train/acc/inv 0.54 / train/inv/ce 1.58 / train/inv/confidence 0.24 / train/inv/confidence_gating 0 / train/inv/effective_rep_weight 0.02 / train/inv/head_objective 0.66 / train/inv/head_weight 0 / train/inv/objective 0.66 / train/inv/policy_weight_max 1 / train/inv/policy_weight_mean 1 / train/inv/policy_weight_min 1 / train/inv/policy_weight_std 0 / train/inv/valid_frac 1 / train/inv/weight 0.02 / train/loss/con 0.02 / train/loss/dyn 2.47 / train/loss/image 1.91 / train/loss/inv 0.01 / train/loss/policy -8.1e-3 / train/loss/rep 2.47 / train/loss/repval 0.76 / train/loss/rew 0.64 / train/loss/value 0.74 / replay/replay_ratio 264 / fps/policy 5.62 / fps/train 1438.07

Writing metrics: /home/zhangpeiying01/lfy/btwm-7.7/runs/btwm_dmc_walker_walk_seed1_w002_b11_1m/metrics.jsonl
Writing metrics: /home/zhangpeiying01/lfy/btwm-7.7/runs/btwm_dmc_walker_walk_seed1_w002_b11_1m/scores.jsonl

--------------------[Agent Step 506_704]--------------------
Metrics filtered by: 'score|length|fps|ratio|train/loss/|train/acc/|train/inv/|train/rand/'
train/acc/inv 0.54 / train/inv/ce 1.57 / train/inv/confidence 0.25 / train/inv/confidence_gating 0 / train/inv/effective_rep_weight 0.02 / train/inv/head_objective 0.66 / train/inv/head_weight 0 / train/inv/objective 0.66 / train/inv/policy_weight_max 1 / train/inv/policy_weight_mean 1 / train/inv/policy_weight_min 1 / train/inv/policy_weight_std 0 / train/inv/valid_frac 1 / train/inv/weight 0.02 / train/loss/con 0.02 / train/loss/dyn 2.43 / train/loss/image 1.89 / train/loss/inv 0.01 / train/loss/policy -3.6e-3 / train/loss/rep 2.43 / train/loss/repval 0.76 / train/loss/rew 0.64 / train/loss/value 0.73 / replay/replay_ratio 264 / fps/policy 5.65 / fps/train 1445.58

Writing metrics: /home/zhangpeiying01/lfy/btwm-7.7/runs/btwm_dmc_walker_walk_seed1_w002_b11_1m/metrics.jsonl
Writing metrics: /home/zhangpeiying01/lfy/btwm-7.7/runs/btwm_dmc_walker_walk_seed1_w002_b11_1m/scores.jsonl

--------------------[Agent Step 507_392]--------------------
Metrics filtered by: 'score|length|fps|ratio|train/loss/|train/acc/|train/inv/|train/rand/'
train/acc/inv 0.54 / train/inv/ce 1.58 / train/inv/confidence 0.25 / train/inv/confidence_gating 0 / train/inv/effective_rep_weight 0.02 / train/inv/head_objective 0.66 / train/inv/head_weight 0 / train/inv/objective 0.66 / train/inv/policy_weight_max 1 / train/inv/policy_weight_mean 1 / train/inv/policy_weight_min 1 / train/inv/policy_weight_std 0 / train/inv/valid_frac 1 / train/inv/weight 0.02 / train/loss/con 0.02 / train/loss/dyn 2.48 / train/loss/image 1.92 / train/loss/inv 0.01 / train/loss/policy -9.4e-3 / train/loss/rep 2.48 / train/loss/repval 0.76 / train/loss/rew 0.64 / train/loss/value 0.73 / replay/replay_ratio 264 / fps/policy 5.65 / fps/train 1446.51

Writing metrics: /home/zhangpeiying01/lfy/btwm-7.7/runs/btwm_dmc_walker_walk_seed1_w002_b11_1m/metrics.jsonl
Writing metrics: /home/zhangpeiying01/lfy/btwm-7.7/runs/btwm_dmc_walker_walk_seed1_w002_b11_1m/scores.jsonl

--------------------[Agent Step 508_080]--------------------
Metrics filtered by: 'score|length|fps|ratio|train/loss/|train/acc/|train/inv/|train/rand/'
train/acc/inv 0.54 / train/inv/ce 1.57 / train/inv/confidence 0.25 / train/inv/confidence_gating 0 / train/inv/effective_rep_weight 0.02 / train/inv/head_objective 0.65 / train/inv/head_weight 0 / train/inv/objective 0.65 / train/inv/policy_weight_max 1 / train/inv/policy_weight_mean 1 / train/inv/policy_weight_min 1 / train/inv/policy_weight_std 0 / train/inv/valid_frac 1 / train/inv/weight 0.02 / train/loss/con 0.02 / train/loss/dyn 2.55 / train/loss/image 1.93 / train/loss/inv 0.01 / train/loss/policy -7.5e-3 / train/loss/rep 2.55 / train/loss/repval 0.76 / train/loss/rew 0.64 / train/loss/value 0.73 / replay/replay_ratio 264 / fps/policy 5.65 / fps/train 1446.16

Writing metrics: /home/zhangpeiying01/lfy/btwm-7.7/runs/btwm_dmc_walker_walk_seed1_w002_b11_1m/metrics.jsonl
Writing metrics: /home/zhangpeiying01/lfy/btwm-7.7/runs/btwm_dmc_walker_walk_seed1_w002_b11_1m/scores.jsonl

--------------------[Agent Step 508_832]--------------------
Metrics filtered by: 'score|length|fps|ratio|train/loss/|train/acc/|train/inv/|train/rand/'
train/acc/inv 0.54 / train/inv/ce 1.58 / train/inv/confidence 0.25 / train/inv/confidence_gating 0 / train/inv/effective_rep_weight 0.02 / train/inv/head_objective 0.66 / train/inv/head_weight 0 / train/inv/objective 0.66 / train/inv/policy_weight_max 1 / train/inv/policy_weight_mean 1 / train/inv/policy_weight_min 1 / train/inv/policy_weight_std 0 / train/inv/valid_frac 1 / train/inv/weight 0.02 / train/loss/con 0.02 / train/loss/dyn 2.45 / train/loss/image 1.9 / train/loss/inv 0.01 / train/loss/policy -0.01 / train/loss/rep 2.45 / train/loss/repval 0.76 / train/loss/rew 0.64 / train/loss/value 0.73 / replay/replay_ratio 264 / fps/policy 6.26 / fps/train 1602.84

Writing metrics: /home/zhangpeiying01/lfy/btwm-7.7/runs/btwm_dmc_walker_walk_seed1_w002_b11_1m/metrics.jsonl
Writing metrics: /home/zhangpeiying01/lfy/btwm-7.7/runs/btwm_dmc_walker_walk_seed1_w002_b11_1m/scores.jsonl

--------------------[Agent Step 510_064]--------------------
Metrics filtered by: 'score|length|fps|ratio|train/loss/|train/acc/|train/inv/|train/rand/'
train/acc/inv 0.54 / train/inv/ce 1.58 / train/inv/confidence 0.24 / train/inv/confidence_gating 0 / train/inv/effective_rep_weight 0.02 / train/inv/head_objective 0.66 / train/inv/head_weight 0 / train/inv/objective 0.66 / train/inv/policy_weight_max 1 / train/inv/policy_weight_mean 1 / train/inv/policy_weight_min 1 / train/inv/policy_weight_std 0 / train/inv/valid_frac 1 / train/inv/weight 0.02 / train/loss/con 0.02 / train/loss/dyn 2.49 / train/loss/image 1.88 / train/loss/inv 0.01 / train/loss/policy -6.9e-3 / train/loss/rep 2.49 / train/loss/repval 0.75 / train/loss/rew 0.64 / train/loss/value 0.73 / replay/replay_ratio 264 / fps/policy 10.18 / fps/train 2606.8

Writing metrics: /home/zhangpeiying01/lfy/btwm-7.7/runs/btwm_dmc_walker_walk_seed1_w002_b11_1m/metrics.jsonl
Writing metrics: /home/zhangpeiying01/lfy/btwm-7.7/runs/btwm_dmc_walker_walk_seed1_w002_b11_1m/scores.jsonl

--------------------[Agent Step 511_296]--------------------
Metrics filtered by: 'score|length|fps|ratio|train/loss/|train/acc/|train/inv/|train/rand/'
train/acc/inv 0.54 / train/inv/ce 1.58 / train/inv/confidence 0.24 / train/inv/confidence_gating 0 / train/inv/effective_rep_weight 0.02 / train/inv/head_objective 0.66 / train/inv/head_weight 0 / train/inv/objective 0.66 / train/inv/policy_weight_max 1 / train/inv/policy_weight_mean 1 / train/inv/policy_weight_min 1 / train/inv/policy_weight_std 0 / train/inv/valid_frac 1 / train/inv/weight 0.02 / train/loss/con 0.02 / train/loss/dyn 2.51 / train/loss/image 1.89 / train/loss/inv 0.01 / train/loss/policy -6.2e-3 / train/loss/rep 2.51 / train/loss/repval 0.76 / train/loss/rew 0.64 / train/loss/value 0.73 / replay/replay_ratio 264 / fps/policy 10.14 / fps/train 2595.94

Writing metrics: /home/zhangpeiying01/lfy/btwm-7.7/runs/btwm_dmc_walker_walk_seed1_w002_b11_1m/metrics.jsonl
Writing metrics: /home/zhangpeiying01/lfy/btwm-7.7/runs/btwm_dmc_walker_walk_seed1_w002_b11_1m/scores.jsonl

--------------------[Agent Step 512_528]--------------------
Metrics filtered by: 'score|length|fps|ratio|train/loss/|train/acc/|train/inv/|train/rand/'
train/acc/inv 0.54 / train/inv/ce 1.58 / train/inv/confidence 0.25 / train/inv/confidence_gating 0 / train/inv/effective_rep_weight 0.02 / train/inv/head_objective 0.66 / train/inv/head_weight 0 / train/inv/objective 0.66 / train/inv/policy_weight_max 1 / train/inv/policy_weight_mean 1 / train/inv/policy_weight_min 1 / train/inv/policy_weight_std 0 / train/inv/valid_frac 1 / train/inv/weight 0.02 / train/loss/con 0.02 / train/loss/dyn 2.44 / train/loss/image 1.88 / train/loss/inv 0.01 / train/loss/policy -5.9e-3 / train/loss/rep 2.44 / train/loss/repval 0.76 / train/loss/rew 0.64 / train/loss/value 0.73 / replay/replay_ratio 264 / fps/policy 10.15 / fps/train 2597.92

Writing metrics: /home/zhangpeiying01/lfy/btwm-7.7/runs/btwm_dmc_walker_walk_seed1_w002_b11_1m/scores.jsonl
Writing metrics: /home/zhangpeiying01/lfy/btwm-7.7/runs/btwm_dmc_walker_walk_seed1_w002_b11_1m/metrics.jsonl

--------------------[Agent Step 513_760]--------------------
Metrics filtered by: 'score|length|fps|ratio|train/loss/|train/acc/|train/inv/|train/rand/'
episode/score 870.48 / episode/length 1001 / train/acc/inv 0.54 / train/inv/ce 1.59 / train/inv/confidence 0.24 / train/inv/confidence_gating 0 / train/inv/effective_rep_weight 0.02 / train/inv/head_objective 0.66 / train/inv/head_weight 0 / train/inv/objective 0.66 / train/inv/policy_weight_max 1 / train/inv/policy_weight_mean 1 / train/inv/policy_weight_min 1 / train/inv/policy_weight_std 0 / train/inv/valid_frac 1 / train/inv/weight 0.02 / train/loss/con 0.02 / train/loss/dyn 2.57 / train/loss/image 1.98 / train/loss/inv 0.01 / train/loss/policy -2.5e-3 / train/loss/rep 2.57 / train/loss/repval 0.76 / train/loss/rew 0.64 / train/loss/value 0.73 / replay/replay_ratio 264 / fps/policy 10.14 / fps/train 2594.83

Writing metrics: /home/zhangpeiying01/lfy/btwm-7.7/runs/btwm_dmc_walker_walk_seed1_w002_b11_1m/metrics.jsonl
Writing metrics: /home/zhangpeiying01/lfy/btwm-7.7/runs/btwm_dmc_walker_walk_seed1_w002_b11_1m/scores.jsonl

--------------------[Agent Step 514_976]--------------------
Metrics filtered by: 'score|length|fps|ratio|train/loss/|train/acc/|train/inv/|train/rand/'
train/acc/inv 0.54 / train/inv/ce 1.58 / train/inv/confidence 0.25 / train/inv/confidence_gating 0 / train/inv/effective_rep_weight 0.02 / train/inv/head_objective 0.66 / train/inv/head_weight 0 / train/inv/objective 0.66 / train/inv/policy_weight_max 1 / train/inv/policy_weight_mean 1 / train/inv/policy_weight_min 1 / train/inv/policy_weight_std 0 / train/inv/valid_frac 1 / train/inv/weight 0.02 / train/loss/con 0.02 / train/loss/dyn 2.45 / train/loss/image 1.92 / train/loss/inv 0.01 / train/loss/policy -2.3e-3 / train/loss/rep 2.45 / train/loss/repval 0.76 / train/loss/rew 0.64 / train/loss/value 0.73 / replay/replay_ratio 264 / fps/policy 10.12 / fps/train 2589.89

Writing metrics: /home/zhangpeiying01/lfy/btwm-7.7/runs/btwm_dmc_walker_walk_seed1_w002_b11_1m/metrics.jsonl
Writing metrics: /home/zhangpeiying01/lfy/btwm-7.7/runs/btwm_dmc_walker_walk_seed1_w002_b11_1m/scores.jsonl

--------------------[Agent Step 516_192]--------------------
Metrics filtered by: 'score|length|fps|ratio|train/loss/|train/acc/|train/inv/|train/rand/'
train/acc/inv 0.54 / train/inv/ce 1.57 / train/inv/confidence 0.25 / train/inv/confidence_gating 0 / train/inv/effective_rep_weight 0.02 / train/inv/head_objective 0.66 / train/inv/head_weight 0 / train/inv/objective 0.66 / train/inv/policy_weight_max 1 / train/inv/policy_weight_mean 1 / train/inv/policy_weight_min 1 / train/inv/policy_weight_std 0 / train/inv/valid_frac 1 / train/inv/weight 0.02 / train/loss/con 0.02 / train/loss/dyn 2.45 / train/loss/image 1.92 / train/loss/inv 0.01 / train/loss/policy -6.4e-3 / train/loss/rep 2.45 / train/loss/repval 0.76 / train/loss/rew 0.64 / train/loss/value 0.73 / replay/replay_ratio 264 / fps/policy 10.1 / fps/train 2586.75

Writing metrics: /home/zhangpeiying01/lfy/btwm-7.7/runs/btwm_dmc_walker_walk_seed1_w002_b11_1m/scores.jsonl
Writing metrics: /home/zhangpeiying01/lfy/btwm-7.7/runs/btwm_dmc_walker_walk_seed1_w002_b11_1m/metrics.jsonl

--------------------[Agent Step 517_408]--------------------
Metrics filtered by: 'score|length|fps|ratio|train/loss/|train/acc/|train/inv/|train/rand/'
train/acc/inv 0.54 / train/inv/ce 1.58 / train/inv/confidence 0.24 / train/inv/confidence_gating 0 / train/inv/effective_rep_weight 0.02 / train/inv/head_objective 0.66 / train/inv/head_weight 0 / train/inv/objective 0.66 / train/inv/policy_weight_max 1 / train/inv/policy_weight_mean 1 / train/inv/policy_weight_min 1 / train/inv/policy_weight_std 0 / train/inv/valid_frac 1 / train/inv/weight 0.02 / train/loss/con 0.02 / train/loss/dyn 2.45 / train/loss/image 1.88 / train/loss/inv 0.01 / train/loss/policy -4.8e-3 / train/loss/rep 2.45 / train/loss/repval 0.76 / train/loss/rew 0.64 / train/loss/value 0.73 / replay/replay_ratio 264 / fps/policy 10.04 / fps/train 2570.5

Writing metrics: /home/zhangpeiying01/lfy/btwm-7.7/runs/btwm_dmc_walker_walk_seed1_w002_b11_1m/metrics.jsonl
Writing metrics: /home/zhangpeiying01/lfy/btwm-7.7/runs/btwm_dmc_walker_walk_seed1_w002_b11_1m/scores.jsonl

--------------------[Agent Step 518_624]--------------------
Metrics filtered by: 'score|length|fps|ratio|train/loss/|train/acc/|train/inv/|train/rand/'
train/acc/inv 0.54 / train/inv/ce 1.58 / train/inv/confidence 0.25 / train/inv/confidence_gating 0 / train/inv/effective_rep_weight 0.02 / train/inv/head_objective 0.66 / train/inv/head_weight 0 / train/inv/objective 0.66 / train/inv/policy_weight_max 1 / train/inv/policy_weight_mean 1 / train/inv/policy_weight_min 1 / train/inv/policy_weight_std 0 / train/inv/valid_frac 1 / train/inv/weight 0.02 / train/loss/con 0.02 / train/loss/dyn 2.53 / train/loss/image 1.9 / train/loss/inv 0.01 / train/loss/policy -4.5e-3 / train/loss/rep 2.53 / train/loss/repval 0.76 / train/loss/rew 0.64 / train/loss/value 0.73 / replay/replay_ratio 264 / fps/policy 10.09 / fps/train 2583.49

Writing metrics: /home/zhangpeiying01/lfy/btwm-7.7/runs/btwm_dmc_walker_walk_seed1_w002_b11_1m/metrics.jsonl
Writing metrics: /home/zhangpeiying01/lfy/btwm-7.7/runs/btwm_dmc_walker_walk_seed1_w002_b11_1m/scores.jsonl

--------------------[Agent Step 519_856]--------------------
Metrics filtered by: 'score|length|fps|ratio|train/loss/|train/acc/|train/inv/|train/rand/'
train/acc/inv 0.54 / train/inv/ce 1.58 / train/inv/confidence 0.25 / train/inv/confidence_gating 0 / train/inv/effective_rep_weight 0.02 / train/inv/head_objective 0.66 / train/inv/head_weight 0 / train/inv/objective 0.66 / train/inv/policy_weight_max 1 / train/inv/policy_weight_mean 1 / train/inv/policy_weight_min 1 / train/inv/policy_weight_std 0 / train/inv/valid_frac 1 / train/inv/weight 0.02 / train/loss/con 0.02 / train/loss/dyn 2.45 / train/loss/image 1.9 / train/loss/inv 0.01 / train/loss/policy -6.5e-3 / train/loss/rep 2.45 / train/loss/repval 0.76 / train/loss/rew 0.64 / train/loss/value 0.73 / replay/replay_ratio 264 / fps/policy 10.25 / fps/train 2624.35

Writing metrics: /home/zhangpeiying01/lfy/btwm-7.7/runs/btwm_dmc_walker_walk_seed1_w002_b11_1m/metrics.jsonl
Writing metrics: /home/zhangpeiying01/lfy/btwm-7.7/runs/btwm_dmc_walker_walk_seed1_w002_b11_1m/scores.jsonl

--------------------[Agent Step 521_088]--------------------
Metrics filtered by: 'score|length|fps|ratio|train/loss/|train/acc/|train/inv/|train/rand/'
train/acc/inv 0.54 / train/inv/ce 1.57 / train/inv/confidence 0.25 / train/inv/confidence_gating 0 / train/inv/effective_rep_weight 0.02 / train/inv/head_objective 0.66 / train/inv/head_weight 0 / train/inv/objective 0.66 / train/inv/policy_weight_max 1 / train/inv/policy_weight_mean 1 / train/inv/policy_weight_min 1 / train/inv/policy_weight_std 0 / train/inv/valid_frac 1 / train/inv/weight 0.02 / train/loss/con 0.02 / train/loss/dyn 2.47 / train/loss/image 1.9 / train/loss/inv 0.01 / train/loss/policy -8.6e-3 / train/loss/rep 2.47 / train/loss/repval 0.76 / train/loss/rew 0.64 / train/loss/value 0.73 / replay/replay_ratio 264 / fps/policy 10.24 / fps/train 2620.43

Writing metrics: /home/zhangpeiying01/lfy/btwm-7.7/runs/btwm_dmc_walker_walk_seed1_w002_b11_1m/scores.jsonl
Writing metrics: /home/zhangpeiying01/lfy/btwm-7.7/runs/btwm_dmc_walker_walk_seed1_w002_b11_1m/metrics.jsonl
Saving checkpoint: /home/zhangpeiying01/lfy/btwm-7.7/runs/btwm_dmc_walker_walk_seed1_w002_b11_1m/ckpt/20260716T044700F738984
Saved checkpoint.

--------------------[Agent Step 522_304]--------------------
Metrics filtered by: 'score|length|fps|ratio|train/loss/|train/acc/|train/inv/|train/rand/'
train/acc/inv 0.54 / train/inv/ce 1.57 / train/inv/confidence 0.25 / train/inv/confidence_gating 0 / train/inv/effective_rep_weight 0.02 / train/inv/head_objective 0.66 / train/inv/head_weight 0 / train/inv/objective 0.66 / train/inv/policy_weight_max 1 / train/inv/policy_weight_mean 1 / train/inv/policy_weight_min 1 / train/inv/policy_weight_std 0 / train/inv/valid_frac 1 / train/inv/weight 0.02 / train/loss/con 0.02 / train/loss/dyn 2.49 / train/loss/image 1.9 / train/loss/inv 0.01 / train/loss/policy -9.2e-3 / train/loss/rep 2.49 / train/loss/repval 0.76 / train/loss/rew 0.64 / train/loss/value 0.73 / replay/replay_ratio 264 / fps/policy 10.08 / fps/train 2579.91

Writing metrics: /home/zhangpeiying01/lfy/btwm-7.7/runs/btwm_dmc_walker_walk_seed1_w002_b11_1m/metrics.jsonl
Writing metrics: /home/zhangpeiying01/lfy/btwm-7.7/runs/btwm_dmc_walker_walk_seed1_w002_b11_1m/scores.jsonl

--------------------[Agent Step 523_536]--------------------
Metrics filtered by: 'score|length|fps|ratio|train/loss/|train/acc/|train/inv/|train/rand/'
train/acc/inv 0.54 / train/inv/ce 1.58 / train/inv/confidence 0.25 / train/inv/confidence_gating 0 / train/inv/effective_rep_weight 0.02 / train/inv/head_objective 0.66 / train/inv/head_weight 0 / train/inv/objective 0.66 / train/inv/policy_weight_max 1 / train/inv/policy_weight_mean 1 / train/inv/policy_weight_min 1 / train/inv/policy_weight_std 0 / train/inv/valid_frac 1 / train/inv/weight 0.02 / train/loss/con 0.02 / train/loss/dyn 2.45 / train/loss/image 1.87 / train/loss/inv 0.01 / train/loss/policy -0.01 / train/loss/rep 2.45 / train/loss/repval 0.75 / train/loss/rew 0.64 / train/loss/value 0.72 / replay/replay_ratio 264 / fps/policy 10.25 / fps/train 2624.26

Writing metrics: /home/zhangpeiying01/lfy/btwm-7.7/runs/btwm_dmc_walker_walk_seed1_w002_b11_1m/metrics.jsonl
Writing metrics: /home/zhangpeiying01/lfy/btwm-7.7/runs/btwm_dmc_walker_walk_seed1_w002_b11_1m/scores.jsonl

--------------------[Agent Step 524_768]--------------------
Metrics filtered by: 'score|length|fps|ratio|train/loss/|train/acc/|train/inv/|train/rand/'
train/acc/inv 0.54 / train/inv/ce 1.57 / train/inv/confidence 0.25 / train/inv/confidence_gating 0 / train/inv/effective_rep_weight 0.02 / train/inv/head_objective 0.66 / train/inv/head_weight 0 / train/inv/objective 0.66 / train/inv/policy_weight_max 1 / train/inv/policy_weight_mean 1 / train/inv/policy_weight_min 1 / train/inv/policy_weight_std 0 / train/inv/valid_frac 1 / train/inv/weight 0.02 / train/loss/con 0.02 / train/loss/dyn 2.45 / train/loss/image 1.86 / train/loss/inv 0.01 / train/loss/policy -6.6e-3 / train/loss/rep 2.45 / train/loss/repval 0.75 / train/loss/rew 0.64 / train/loss/value 0.73 / replay/replay_ratio 264 / fps/policy 10.2 / fps/train 2610.69

Writing metrics: /home/zhangpeiying01/lfy/btwm-7.7/runs/btwm_dmc_walker_walk_seed1_w002_b11_1m/scores.jsonl
Writing metrics: /home/zhangpeiying01/lfy/btwm-7.7/runs/btwm_dmc_walker_walk_seed1_w002_b11_1m/metrics.jsonl

--------------------[Agent Step 526_000]--------------------
Metrics filtered by: 'score|length|fps|ratio|train/loss/|train/acc/|train/inv/|train/rand/'
train/acc/inv 0.54 / train/inv/ce 1.58 / train/inv/confidence 0.25 / train/inv/confidence_gating 0 / train/inv/effective_rep_weight 0.02 / train/inv/head_objective 0.66 / train/inv/head_weight 0 / train/inv/objective 0.66 / train/inv/policy_weight_max 1 / train/inv/policy_weight_mean 1 / train/inv/policy_weight_min 1 / train/inv/policy_weight_std 0 / train/inv/valid_frac 1 / train/inv/weight 0.02 / train/loss/con 0.02 / train/loss/dyn 2.45 / train/loss/image 1.85 / train/loss/inv 0.01 / train/loss/policy -9.8e-3 / train/loss/rep 2.45 / train/loss/repval 0.75 / train/loss/rew 0.64 / train/loss/value 0.73 / replay/replay_ratio 264 / fps/policy 10.26 / fps/train 2625.65

Writing metrics: /home/zhangpeiying01/lfy/btwm-7.7/runs/btwm_dmc_walker_walk_seed1_w002_b11_1m/metrics.jsonl
Writing metrics: /home/zhangpeiying01/lfy/btwm-7.7/runs/btwm_dmc_walker_walk_seed1_w002_b11_1m/scores.jsonl

--------------------[Agent Step 527_232]--------------------
Metrics filtered by: 'score|length|fps|ratio|train/loss/|train/acc/|train/inv/|train/rand/'
train/acc/inv 0.54 / train/inv/ce 1.58 / train/inv/confidence 0.25 / train/inv/confidence_gating 0 / train/inv/effective_rep_weight 0.02 / train/inv/head_objective 0.66 / train/inv/head_weight 0 / train/inv/objective 0.66 / train/inv/policy_weight_max 1 / train/inv/policy_weight_mean 1 / train/inv/policy_weight_min 1 / train/inv/policy_weight_std 0 / train/inv/valid_frac 1 / train/inv/weight 0.02 / train/loss/con 0.02 / train/loss/dyn 2.44 / train/loss/image 1.85 / train/loss/inv 0.01 / train/loss/policy -8.4e-3 / train/loss/rep 2.44 / train/loss/repval 0.76 / train/loss/rew 0.64 / train/loss/value 0.73 / replay/replay_ratio 264 / fps/policy 10.26 / fps/train 2625.87

Writing metrics: /home/zhangpeiying01/lfy/btwm-7.7/runs/btwm_dmc_walker_walk_seed1_w002_b11_1m/metrics.jsonl
Writing metrics: /home/zhangpeiying01/lfy/btwm-7.7/runs/btwm_dmc_walker_walk_seed1_w002_b11_1m/scores.jsonl

--------------------[Agent Step 528_464]--------------------
Metrics filtered by: 'score|length|fps|ratio|train/loss/|train/acc/|train/inv/|train/rand/'
train/acc/inv 0.54 / train/inv/ce 1.57 / train/inv/confidence 0.25 / train/inv/confidence_gating 0 / train/inv/effective_rep_weight 0.02 / train/inv/head_objective 0.66 / train/inv/head_weight 0 / train/inv/objective 0.66 / train/inv/policy_weight_max 1 / train/inv/policy_weight_mean 1 / train/inv/policy_weight_min 1 / train/inv/policy_weight_std 0 / train/inv/valid_frac 1 / train/inv/weight 0.02 / train/loss/con 0.02 / train/loss/dyn 2.46 / train/loss/image 1.86 / train/loss/inv 0.01 / train/loss/policy -6.7e-3 / train/loss/rep 2.46 / train/loss/repval 0.76 / train/loss/rew 0.64 / train/loss/value 0.73 / replay/replay_ratio 264 / fps/policy 10.25 / fps/train 2623.91

Writing metrics: /home/zhangpeiying01/lfy/btwm-7.7/runs/btwm_dmc_walker_walk_seed1_w002_b11_1m/metrics.jsonl
Writing metrics: /home/zhangpeiying01/lfy/btwm-7.7/runs/btwm_dmc_walker_walk_seed1_w002_b11_1m/scores.jsonl

--------------------[Agent Step 529_696]--------------------
Metrics filtered by: 'score|length|fps|ratio|train/loss/|train/acc/|train/inv/|train/rand/'
episode/score 941.76 / episode/length 1001 / train/acc/inv 0.54 / train/inv/ce 1.58 / train/inv/confidence 0.24 / train/inv/confidence_gating 0 / train/inv/effective_rep_weight 0.02 / train/inv/head_objective 0.66 / train/inv/head_weight 0 / train/inv/objective 0.66 / train/inv/policy_weight_max 1 / train/inv/policy_weight_mean 1 / train/inv/policy_weight_min 1 / train/inv/policy_weight_std 0 / train/inv/valid_frac 1 / train/inv/weight 0.02 / train/loss/con 0.02 / train/loss/dyn 2.58 / train/loss/image 1.97 / train/loss/inv 0.01 / train/loss/policy -4.6e-3 / train/loss/rep 2.58 / train/loss/repval 0.75 / train/loss/rew 0.64 / train/loss/value 0.73 / replay/replay_ratio 264 / fps/policy 10.24 / fps/train 2621.05

Writing metrics: /home/zhangpeiying01/lfy/btwm-7.7/runs/btwm_dmc_walker_walk_seed1_w002_b11_1m/metrics.jsonl
Writing metrics: /home/zhangpeiying01/lfy/btwm-7.7/runs/btwm_dmc_walker_walk_seed1_w002_b11_1m/scores.jsonl

--------------------[Agent Step 530_928]--------------------
Metrics filtered by: 'score|length|fps|ratio|train/loss/|train/acc/|train/inv/|train/rand/'
train/acc/inv 0.54 / train/inv/ce 1.58 / train/inv/confidence 0.25 / train/inv/confidence_gating 0 / train/inv/effective_rep_weight 0.02 / train/inv/head_objective 0.66 / train/inv/head_weight 0 / train/inv/objective 0.66 / train/inv/policy_weight_max 1 / train/inv/policy_weight_mean 1 / train/inv/policy_weight_min 1 / train/inv/policy_weight_std 0 / train/inv/valid_frac 1 / train/inv/weight 0.02 / train/loss/con 0.02 / train/loss/dyn 2.54 / train/loss/image 1.94 / train/loss/inv 0.01 / train/loss/policy -8.5e-3 / train/loss/rep 2.54 / train/loss/repval 0.76 / train/loss/rew 0.64 / train/loss/value 0.73 / replay/replay_ratio 264 / fps/policy 10.25 / fps/train 2624.16

Writing metrics: /home/zhangpeiying01/lfy/btwm-7.7/runs/btwm_dmc_walker_walk_seed1_w002_b11_1m/metrics.jsonl
Writing metrics: /home/zhangpeiying01/lfy/btwm-7.7/runs/btwm_dmc_walker_walk_seed1_w002_b11_1m/scores.jsonl

--------------------[Agent Step 532_160]--------------------
Metrics filtered by: 'score|length|fps|ratio|train/loss/|train/acc/|train/inv/|train/rand/'
train/acc/inv 0.54 / train/inv/ce 1.57 / train/inv/confidence 0.25 / train/inv/confidence_gating 0 / train/inv/effective_rep_weight 0.02 / train/inv/head_objective 0.66 / train/inv/head_weight 0 / train/inv/objective 0.66 / train/inv/policy_weight_max 1 / train/inv/policy_weight_mean 1 / train/inv/policy_weight_min 1 / train/inv/policy_weight_std 0 / train/inv/valid_frac 1 / train/inv/weight 0.02 / train/loss/con 0.02 / train/loss/dyn 2.49 / train/loss/image 1.9 / train/loss/inv 0.01 / train/loss/policy -9.8e-3 / train/loss/rep 2.49 / train/loss/repval 0.76 / train/loss/rew 0.64 / train/loss/value 0.73 / replay/replay_ratio 264 / fps/policy 10.25 / fps/train 2623.71

Writing metrics: /home/zhangpeiying01/lfy/btwm-7.7/runs/btwm_dmc_walker_walk_seed1_w002_b11_1m/metrics.jsonl
Writing metrics: /home/zhangpeiying01/lfy/btwm-7.7/runs/btwm_dmc_walker_walk_seed1_w002_b11_1m/scores.jsonl

--------------------[Agent Step 533_392]--------------------
Metrics filtered by: 'score|length|fps|ratio|train/loss/|train/acc/|train/inv/|train/rand/'
train/acc/inv 0.54 / train/inv/ce 1.58 / train/inv/confidence 0.24 / train/inv/confidence_gating 0 / train/inv/effective_rep_weight 0.02 / train/inv/head_objective 0.66 / train/inv/head_weight 0 / train/inv/objective 0.66 / train/inv/policy_weight_max 1 / train/inv/policy_weight_mean 1 / train/inv/policy_weight_min 1 / train/inv/policy_weight_std 0 / train/inv/valid_frac 1 / train/inv/weight 0.02 / train/loss/con 0.02 / train/loss/dyn 2.48 / train/loss/image 1.86 / train/loss/inv 0.01 / train/loss/policy -0.01 / train/loss/rep 2.48 / train/loss/repval 0.76 / train/loss/rew 0.64 / train/loss/value 0.73 / replay/replay_ratio 264 / fps/policy 10.25 / fps/train 2623.93

Writing metrics: /home/zhangpeiying01/lfy/btwm-7.7/runs/btwm_dmc_walker_walk_seed1_w002_b11_1m/metrics.jsonl
Writing metrics: /home/zhangpeiying01/lfy/btwm-7.7/runs/btwm_dmc_walker_walk_seed1_w002_b11_1m/scores.jsonl

--------------------[Agent Step 534_624]--------------------
Metrics filtered by: 'score|length|fps|ratio|train/loss/|train/acc/|train/inv/|train/rand/'
train/acc/inv 0.54 / train/inv/ce 1.57 / train/inv/confidence 0.25 / train/inv/confidence_gating 0 / train/inv/effective_rep_weight 0.02 / train/inv/head_objective 0.66 / train/inv/head_weight 0 / train/inv/objective 0.66 / train/inv/policy_weight_max 1 / train/inv/policy_weight_mean 1 / train/inv/policy_weight_min 1 / train/inv/policy_weight_std 0 / train/inv/valid_frac 1 / train/inv/weight 0.02 / train/loss/con 0.02 / train/loss/dyn 2.47 / train/loss/image 1.88 / train/loss/inv 0.01 / train/loss/policy -9.1e-3 / train/loss/rep 2.47 / train/loss/repval 0.76 / train/loss/rew 0.64 / train/loss/value 0.73 / replay/replay_ratio 264 / fps/policy 10.22 / fps/train 2615.23

Writing metrics: /home/zhangpeiying01/lfy/btwm-7.7/runs/btwm_dmc_walker_walk_seed1_w002_b11_1m/scores.jsonl
Writing metrics: /home/zhangpeiying01/lfy/btwm-7.7/runs/btwm_dmc_walker_walk_seed1_w002_b11_1m/metrics.jsonl

--------------------[Agent Step 535_856]--------------------
Metrics filtered by: 'score|length|fps|ratio|train/loss/|train/acc/|train/inv/|train/rand/'
train/acc/inv 0.54 / train/inv/ce 1.58 / train/inv/confidence 0.25 / train/inv/confidence_gating 0 / train/inv/effective_rep_weight 0.02 / train/inv/head_objective 0.66 / train/inv/head_weight 0 / train/inv/objective 0.66 / train/inv/policy_weight_max 1 / train/inv/policy_weight_mean 1 / train/inv/policy_weight_min 1 / train/inv/policy_weight_std 0 / train/inv/valid_frac 1 / train/inv/weight 0.02 / train/loss/con 0.02 / train/loss/dyn 2.46 / train/loss/image 1.87 / train/loss/inv 0.01 / train/loss/policy -8.3e-3 / train/loss/rep 2.46 / train/loss/repval 0.75 / train/loss/rew 0.64 / train/loss/value 0.73 / replay/replay_ratio 264 / fps/policy 10.24 / fps/train 2621.04

Writing metrics: /home/zhangpeiying01/lfy/btwm-7.7/runs/btwm_dmc_walker_walk_seed1_w002_b11_1m/metrics.jsonl
Writing metrics: /home/zhangpeiying01/lfy/btwm-7.7/runs/btwm_dmc_walker_walk_seed1_w002_b11_1m/scores.jsonl

--------------------[Agent Step 537_088]--------------------
Metrics filtered by: 'score|length|fps|ratio|train/loss/|train/acc/|train/inv/|train/rand/'
train/acc/inv 0.54 / train/inv/ce 1.58 / train/inv/confidence 0.25 / train/inv/confidence_gating 0 / train/inv/effective_rep_weight 0.02 / train/inv/head_objective 0.66 / train/inv/head_weight 0 / train/inv/objective 0.66 / train/inv/policy_weight_max 1 / train/inv/policy_weight_mean 1 / train/inv/policy_weight_min 1 / train/inv/policy_weight_std 0 / train/inv/valid_frac 1 / train/inv/weight 0.02 / train/loss/con 0.02 / train/loss/dyn 2.59 / train/loss/image 1.89 / train/loss/inv 0.01 / train/loss/policy -9.8e-3 / train/loss/rep 2.59 / train/loss/repval 0.75 / train/loss/rew 0.64 / train/loss/value 0.73 / replay/replay_ratio 264 / fps/policy 10.25 / fps/train 2623.24

Writing metrics: /home/zhangpeiying01/lfy/btwm-7.7/runs/btwm_dmc_walker_walk_seed1_w002_b11_1m/metrics.jsonl
Writing metrics: /home/zhangpeiying01/lfy/btwm-7.7/runs/btwm_dmc_walker_walk_seed1_w002_b11_1m/scores.jsonl

--------------------[Agent Step 538_320]--------------------
Metrics filtered by: 'score|length|fps|ratio|train/loss/|train/acc/|train/inv/|train/rand/'
train/acc/inv 0.54 / train/inv/ce 1.58 / train/inv/confidence 0.24 / train/inv/confidence_gating 0 / train/inv/effective_rep_weight 0.02 / train/inv/head_objective 0.66 / train/inv/head_weight 0 / train/inv/objective 0.66 / train/inv/policy_weight_max 1 / train/inv/policy_weight_mean 1 / train/inv/policy_weight_min 1 / train/inv/policy_weight_std 0 / train/inv/valid_frac 1 / train/inv/weight 0.02 / train/loss/con 0.02 / train/loss/dyn 2.44 / train/loss/image 1.84 / train/loss/inv 0.01 / train/loss/policy -0.01 / train/loss/rep 2.44 / train/loss/repval 0.75 / train/loss/rew 0.64 / train/loss/value 0.73 / replay/replay_ratio 264 / fps/policy 10.25 / fps/train 2624.27

Writing metrics: /home/zhangpeiying01/lfy/btwm-7.7/runs/btwm_dmc_walker_walk_seed1_w002_b11_1m/metrics.jsonl
Writing metrics: /home/zhangpeiying01/lfy/btwm-7.7/runs/btwm_dmc_walker_walk_seed1_w002_b11_1m/scores.jsonl

--------------------[Agent Step 539_552]--------------------
Metrics filtered by: 'score|length|fps|ratio|train/loss/|train/acc/|train/inv/|train/rand/'
train/acc/inv 0.54 / train/inv/ce 1.57 / train/inv/confidence 0.25 / train/inv/confidence_gating 0 / train/inv/effective_rep_weight 0.02 / train/inv/head_objective 0.66 / train/inv/head_weight 0 / train/inv/objective 0.66 / train/inv/policy_weight_max 1 / train/inv/policy_weight_mean 1 / train/inv/policy_weight_min 1 / train/inv/policy_weight_std 0 / train/inv/valid_frac 1 / train/inv/weight 0.02 / train/loss/con 0.02 / train/loss/dyn 2.47 / train/loss/image 1.86 / train/loss/inv 0.01 / train/loss/policy -0.01 / train/loss/rep 2.47 / train/loss/repval 0.76 / train/loss/rew 0.64 / train/loss/value 0.73 / replay/replay_ratio 264 / fps/policy 10.25 / fps/train 2624.07

Writing metrics: /home/zhangpeiying01/lfy/btwm-7.7/runs/btwm_dmc_walker_walk_seed1_w002_b11_1m/metrics.jsonl
Writing metrics: /home/zhangpeiying01/lfy/btwm-7.7/runs/btwm_dmc_walker_walk_seed1_w002_b11_1m/scores.jsonl

--------------------[Agent Step 540_800]--------------------
Metrics filtered by: 'score|length|fps|ratio|train/loss/|train/acc/|train/inv/|train/rand/'
train/acc/inv 0.54 / train/inv/ce 1.57 / train/inv/confidence 0.25 / train/inv/confidence_gating 0 / train/inv/effective_rep_weight 0.02 / train/inv/head_objective 0.66 / train/inv/head_weight 0 / train/inv/objective 0.66 / train/inv/policy_weight_max 1 / train/inv/policy_weight_mean 1 / train/inv/policy_weight_min 1 / train/inv/policy_weight_std 0 / train/inv/valid_frac 1 / train/inv/weight 0.02 / train/loss/con 0.02 / train/loss/dyn 2.46 / train/loss/image 1.84 / train/loss/inv 0.01 / train/loss/policy -7e-3 / train/loss/rep 2.46 / train/loss/repval 0.76 / train/loss/rew 0.64 / train/loss/value 0.73 / replay/replay_ratio 264 / fps/policy 10.27 / fps/train 2629.28

Writing metrics: /home/zhangpeiying01/lfy/btwm-7.7/runs/btwm_dmc_walker_walk_seed1_w002_b11_1m/metrics.jsonl
Writing metrics: /home/zhangpeiying01/lfy/btwm-7.7/runs/btwm_dmc_walker_walk_seed1_w002_b11_1m/scores.jsonl

--------------------[Agent Step 542_032]--------------------
Metrics filtered by: 'score|length|fps|ratio|train/loss/|train/acc/|train/inv/|train/rand/'
train/acc/inv 0.54 / train/inv/ce 1.57 / train/inv/confidence 0.25 / train/inv/confidence_gating 0 / train/inv/effective_rep_weight 0.02 / train/inv/head_objective 0.66 / train/inv/head_weight 0 / train/inv/objective 0.66 / train/inv/policy_weight_max 1 / train/inv/policy_weight_mean 1 / train/inv/policy_weight_min 1 / train/inv/policy_weight_std 0 / train/inv/valid_frac 1 / train/inv/weight 0.02 / train/loss/con 0.02 / train/loss/dyn 2.45 / train/loss/image 1.85 / train/loss/inv 0.01 / train/loss/policy -0.01 / train/loss/rep 2.45 / train/loss/repval 0.76 / train/loss/rew 0.64 / train/loss/value 0.73 / replay/replay_ratio 264 / fps/policy 10.24 / fps/train 2620.25

Writing metrics: /home/zhangpeiying01/lfy/btwm-7.7/runs/btwm_dmc_walker_walk_seed1_w002_b11_1m/metrics.jsonl
Writing metrics: /home/zhangpeiying01/lfy/btwm-7.7/runs/btwm_dmc_walker_walk_seed1_w002_b11_1m/scores.jsonl

--------------------[Agent Step 543_264]--------------------
Metrics filtered by: 'score|length|fps|ratio|train/loss/|train/acc/|train/inv/|train/rand/'
train/acc/inv 0.54 / train/inv/ce 1.58 / train/inv/confidence 0.25 / train/inv/confidence_gating 0 / train/inv/effective_rep_weight 0.02 / train/inv/head_objective 0.66 / train/inv/head_weight 0 / train/inv/objective 0.66 / train/inv/policy_weight_max 1 / train/inv/policy_weight_mean 1 / train/inv/policy_weight_min 1 / train/inv/policy_weight_std 0 / train/inv/valid_frac 1 / train/inv/weight 0.02 / train/loss/con 0.02 / train/loss/dyn 2.52 / train/loss/image 1.85 / train/loss/inv 0.01 / train/loss/policy -9.8e-3 / train/loss/rep 2.52 / train/loss/repval 0.75 / train/loss/rew 0.64 / train/loss/value 0.73 / replay/replay_ratio 264 / fps/policy 10.25 / fps/train 2624.48

Writing metrics: /home/zhangpeiying01/lfy/btwm-7.7/runs/btwm_dmc_walker_walk_seed1_w002_b11_1m/metrics.jsonl
Writing metrics: /home/zhangpeiying01/lfy/btwm-7.7/runs/btwm_dmc_walker_walk_seed1_w002_b11_1m/scores.jsonl

--------------------[Agent Step 544_496]--------------------
Metrics filtered by: 'score|length|fps|ratio|train/loss/|train/acc/|train/inv/|train/rand/'
train/acc/inv 0.54 / train/inv/ce 1.56 / train/inv/confidence 0.25 / train/inv/confidence_gating 0 / train/inv/effective_rep_weight 0.02 / train/inv/head_objective 0.65 / train/inv/head_weight 0 / train/inv/objective 0.65 / train/inv/policy_weight_max 1 / train/inv/policy_weight_mean 1 / train/inv/policy_weight_min 1 / train/inv/policy_weight_std 0 / train/inv/valid_frac 1 / train/inv/weight 0.02 / train/loss/con 0.02 / train/loss/dyn 2.52 / train/loss/image 1.86 / train/loss/inv 0.01 / train/loss/policy -9.7e-3 / train/loss/rep 2.52 / train/loss/repval 0.76 / train/loss/rew 0.64 / train/loss/value 0.73 / replay/replay_ratio 264 / fps/policy 10.23 / fps/train 2619.78

Writing metrics: /home/zhangpeiying01/lfy/btwm-7.7/runs/btwm_dmc_walker_walk_seed1_w002_b11_1m/metrics.jsonl
Writing metrics: /home/zhangpeiying01/lfy/btwm-7.7/runs/btwm_dmc_walker_walk_seed1_w002_b11_1m/scores.jsonl

--------------------[Agent Step 545_728]--------------------
Metrics filtered by: 'score|length|fps|ratio|train/loss/|train/acc/|train/inv/|train/rand/'
episode/score 860.61 / episode/length 1001 / train/acc/inv 0.54 / train/inv/ce 1.57 / train/inv/confidence 0.25 / train/inv/confidence_gating 0 / train/inv/effective_rep_weight 0.02 / train/inv/head_objective 0.66 / train/inv/head_weight 0 / train/inv/objective 0.66 / train/inv/policy_weight_max 1 / train/inv/policy_weight_mean 1 / train/inv/policy_weight_min 1 / train/inv/policy_weight_std 0 / train/inv/valid_frac 1 / train/inv/weight 0.02 / train/loss/con 0.02 / train/loss/dyn 2.59 / train/loss/image 1.93 / train/loss/inv 0.01 / train/loss/policy -9.3e-3 / train/loss/rep 2.59 / train/loss/repval 0.75 / train/loss/rew 0.64 / train/loss/value 0.73 / replay/replay_ratio 264 / fps/policy 10.24 / fps/train 2621.04

Writing metrics: /home/zhangpeiying01/lfy/btwm-7.7/runs/btwm_dmc_walker_walk_seed1_w002_b11_1m/metrics.jsonl
Writing metrics: /home/zhangpeiying01/lfy/btwm-7.7/runs/btwm_dmc_walker_walk_seed1_w002_b11_1m/scores.jsonl

--------------------[Agent Step 546_960]--------------------
Metrics filtered by: 'score|length|fps|ratio|train/loss/|train/acc/|train/inv/|train/rand/'
train/acc/inv 0.54 / train/inv/ce 1.58 / train/inv/confidence 0.25 / train/inv/confidence_gating 0 / train/inv/effective_rep_weight 0.02 / train/inv/head_objective 0.66 / train/inv/head_weight 0 / train/inv/objective 0.66 / train/inv/policy_weight_max 1 / train/inv/policy_weight_mean 1 / train/inv/policy_weight_min 1 / train/inv/policy_weight_std 0 / train/inv/valid_frac 1 / train/inv/weight 0.02 / train/loss/con 0.02 / train/loss/dyn 2.64 / train/loss/image 1.94 / train/loss/inv 0.01 / train/loss/policy -7.9e-3 / train/loss/rep 2.64 / train/loss/repval 0.75 / train/loss/rew 0.64 / train/loss/value 0.73 / replay/replay_ratio 264 / fps/policy 10.26 / fps/train 2627.35

Writing metrics: /home/zhangpeiying01/lfy/btwm-7.7/runs/btwm_dmc_walker_walk_seed1_w002_b11_1m/metrics.jsonl
Writing metrics: /home/zhangpeiying01/lfy/btwm-7.7/runs/btwm_dmc_walker_walk_seed1_w002_b11_1m/scores.jsonl

--------------------[Agent Step 548_192]--------------------
Metrics filtered by: 'score|length|fps|ratio|train/loss/|train/acc/|train/inv/|train/rand/'
train/acc/inv 0.54 / train/inv/ce 1.57 / train/inv/confidence 0.25 / train/inv/confidence_gating 0 / train/inv/effective_rep_weight 0.02 / train/inv/head_objective 0.65 / train/inv/head_weight 0 / train/inv/objective 0.65 / train/inv/policy_weight_max 1 / train/inv/policy_weight_mean 1 / train/inv/policy_weight_min 1 / train/inv/policy_weight_std 0 / train/inv/valid_frac 1 / train/inv/weight 0.02 / train/loss/con 0.02 / train/loss/dyn 2.6 / train/loss/image 1.92 / train/loss/inv 0.01 / train/loss/policy -0.01 / train/loss/rep 2.6 / train/loss/repval 0.76 / train/loss/rew 0.64 / train/loss/value 0.73 / replay/replay_ratio 264 / fps/policy 10.23 / fps/train 2619.59

Writing metrics: /home/zhangpeiying01/lfy/btwm-7.7/runs/btwm_dmc_walker_walk_seed1_w002_b11_1m/metrics.jsonl
Writing metrics: /home/zhangpeiying01/lfy/btwm-7.7/runs/btwm_dmc_walker_walk_seed1_w002_b11_1m/scores.jsonl

--------------------[Agent Step 549_424]--------------------
Metrics filtered by: 'score|length|fps|ratio|train/loss/|train/acc/|train/inv/|train/rand/'
train/acc/inv 0.54 / train/inv/ce 1.57 / train/inv/confidence 0.25 / train/inv/confidence_gating 0 / train/inv/effective_rep_weight 0.02 / train/inv/head_objective 0.66 / train/inv/head_weight 0 / train/inv/objective 0.66 / train/inv/policy_weight_max 1 / train/inv/policy_weight_mean 1 / train/inv/policy_weight_min 1 / train/inv/policy_weight_std 0 / train/inv/valid_frac 1 / train/inv/weight 0.02 / train/loss/con 0.02 / train/loss/dyn 2.54 / train/loss/image 1.87 / train/loss/inv 0.01 / train/loss/policy -0.01 / train/loss/rep 2.54 / train/loss/repval 0.76 / train/loss/rew 0.64 / train/loss/value 0.73 / replay/replay_ratio 264 / fps/policy 10.26 / fps/train 2626.34

Writing metrics: /home/zhangpeiying01/lfy/btwm-7.7/runs/btwm_dmc_walker_walk_seed1_w002_b11_1m/metrics.jsonl
Writing metrics: /home/zhangpeiying01/lfy/btwm-7.7/runs/btwm_dmc_walker_walk_seed1_w002_b11_1m/scores.jsonl

--------------------[Agent Step 550_656]--------------------
Metrics filtered by: 'score|length|fps|ratio|train/loss/|train/acc/|train/inv/|train/rand/'
train/acc/inv 0.54 / train/inv/ce 1.57 / train/inv/confidence 0.25 / train/inv/confidence_gating 0 / train/inv/effective_rep_weight 0.02 / train/inv/head_objective 0.66 / train/inv/head_weight 0 / train/inv/objective 0.66 / train/inv/policy_weight_max 1 / train/inv/policy_weight_mean 1 / train/inv/policy_weight_min 1 / train/inv/policy_weight_std 0 / train/inv/valid_frac 1 / train/inv/weight 0.02 / train/loss/con 0.02 / train/loss/dyn 2.53 / train/loss/image 1.88 / train/loss/inv 0.01 / train/loss/policy -8.7e-3 / train/loss/rep 2.53 / train/loss/repval 0.76 / train/loss/rew 0.64 / train/loss/value 0.73 / replay/replay_ratio 264 / fps/policy 10.25 / fps/train 2623.73

Writing metrics: /home/zhangpeiying01/lfy/btwm-7.7/runs/btwm_dmc_walker_walk_seed1_w002_b11_1m/metrics.jsonl
Writing metrics: /home/zhangpeiying01/lfy/btwm-7.7/runs/btwm_dmc_walker_walk_seed1_w002_b11_1m/scores.jsonl

--------------------[Agent Step 551_888]--------------------
Metrics filtered by: 'score|length|fps|ratio|train/loss/|train/acc/|train/inv/|train/rand/'
train/acc/inv 0.54 / train/inv/ce 1.57 / train/inv/confidence 0.25 / train/inv/confidence_gating 0 / train/inv/effective_rep_weight 0.02 / train/inv/head_objective 0.65 / train/inv/head_weight 0 / train/inv/objective 0.65 / train/inv/policy_weight_max 1 / train/inv/policy_weight_mean 1 / train/inv/policy_weight_min 1 / train/inv/policy_weight_std 0 / train/inv/valid_frac 1 / train/inv/weight 0.02 / train/loss/con 0.02 / train/loss/dyn 2.49 / train/loss/image 1.85 / train/loss/inv 0.01 / train/loss/policy -1e-2 / train/loss/rep 2.49 / train/loss/repval 0.76 / train/loss/rew 0.64 / train/loss/value 0.73 / replay/replay_ratio 264 / fps/policy 10.25 / fps/train 2623.37

Writing metrics: /home/zhangpeiying01/lfy/btwm-7.7/runs/btwm_dmc_walker_walk_seed1_w002_b11_1m/scores.jsonl
Writing metrics: /home/zhangpeiying01/lfy/btwm-7.7/runs/btwm_dmc_walker_walk_seed1_w002_b11_1m/metrics.jsonl

--------------------[Agent Step 553_120]--------------------
Metrics filtered by: 'score|length|fps|ratio|train/loss/|train/acc/|train/inv/|train/rand/'
train/acc/inv 0.54 / train/inv/ce 1.57 / train/inv/confidence 0.25 / train/inv/confidence_gating 0 / train/inv/effective_rep_weight 0.02 / train/inv/head_objective 0.65 / train/inv/head_weight 0 / train/inv/objective 0.65 / train/inv/policy_weight_max 1 / train/inv/policy_weight_mean 1 / train/inv/policy_weight_min 1 / train/inv/policy_weight_std 0 / train/inv/valid_frac 1 / train/inv/weight 0.02 / train/loss/con 0.02 / train/loss/dyn 2.52 / train/loss/image 1.86 / train/loss/inv 0.01 / train/loss/policy -6.7e-3 / train/loss/rep 2.52 / train/loss/repval 0.76 / train/loss/rew 0.64 / train/loss/value 0.73 / replay/replay_ratio 264 / fps/policy 10.26 / fps/train 2627.71

Writing metrics: /home/zhangpeiying01/lfy/btwm-7.7/runs/btwm_dmc_walker_walk_seed1_w002_b11_1m/metrics.jsonl
Writing metrics: /home/zhangpeiying01/lfy/btwm-7.7/runs/btwm_dmc_walker_walk_seed1_w002_b11_1m/scores.jsonl

--------------------[Agent Step 554_352]--------------------
Metrics filtered by: 'score|length|fps|ratio|train/loss/|train/acc/|train/inv/|train/rand/'
train/acc/inv 0.54 / train/inv/ce 1.57 / train/inv/confidence 0.25 / train/inv/confidence_gating 0 / train/inv/effective_rep_weight 0.02 / train/inv/head_objective 0.65 / train/inv/head_weight 0 / train/inv/objective 0.65 / train/inv/policy_weight_max 1 / train/inv/policy_weight_mean 1 / train/inv/policy_weight_min 1 / train/inv/policy_weight_std 0 / train/inv/valid_frac 1 / train/inv/weight 0.02 / train/loss/con 0.02 / train/loss/dyn 2.51 / train/loss/image 1.85 / train/loss/inv 0.01 / train/loss/policy -8.9e-3 / train/loss/rep 2.51 / train/loss/repval 0.75 / train/loss/rew 0.64 / train/loss/value 0.73 / replay/replay_ratio 264 / fps/policy 10.25 / fps/train 2623.91

Writing metrics: /home/zhangpeiying01/lfy/btwm-7.7/runs/btwm_dmc_walker_walk_seed1_w002_b11_1m/scores.jsonl
Writing metrics: /home/zhangpeiying01/lfy/btwm-7.7/runs/btwm_dmc_walker_walk_seed1_w002_b11_1m/metrics.jsonl

--------------------[Agent Step 555_600]--------------------
Metrics filtered by: 'score|length|fps|ratio|train/loss/|train/acc/|train/inv/|train/rand/'
train/acc/inv 0.54 / train/inv/ce 1.57 / train/inv/confidence 0.25 / train/inv/confidence_gating 0 / train/inv/effective_rep_weight 0.02 / train/inv/head_objective 0.66 / train/inv/head_weight 0 / train/inv/objective 0.66 / train/inv/policy_weight_max 1 / train/inv/policy_weight_mean 1 / train/inv/policy_weight_min 1 / train/inv/policy_weight_std 0 / train/inv/valid_frac 1 / train/inv/weight 0.02 / train/loss/con 0.02 / train/loss/dyn 2.57 / train/loss/image 1.87 / train/loss/inv 0.01 / train/loss/policy -9.5e-3 / train/loss/rep 2.57 / train/loss/repval 0.75 / train/loss/rew 0.64 / train/loss/value 0.73 / replay/replay_ratio 264 / fps/policy 10.27 / fps/train 2630.29

Writing metrics: /home/zhangpeiying01/lfy/btwm-7.7/runs/btwm_dmc_walker_walk_seed1_w002_b11_1m/metrics.jsonl
Writing metrics: /home/zhangpeiying01/lfy/btwm-7.7/runs/btwm_dmc_walker_walk_seed1_w002_b11_1m/scores.jsonl

--------------------[Agent Step 556_848]--------------------
Metrics filtered by: 'score|length|fps|ratio|train/loss/|train/acc/|train/inv/|train/rand/'
train/acc/inv 0.54 / train/inv/ce 1.57 / train/inv/confidence 0.25 / train/inv/confidence_gating 0 / train/inv/effective_rep_weight 0.02 / train/inv/head_objective 0.65 / train/inv/head_weight 0 / train/inv/objective 0.65 / train/inv/policy_weight_max 1 / train/inv/policy_weight_mean 1 / train/inv/policy_weight_min 1 / train/inv/policy_weight_std 0 / train/inv/valid_frac 1 / train/inv/weight 0.02 / train/loss/con 0.02 / train/loss/dyn 2.54 / train/loss/image 1.84 / train/loss/inv 0.01 / train/loss/policy -8.6e-3 / train/loss/rep 2.54 / train/loss/repval 0.76 / train/loss/rew 0.64 / train/loss/value 0.73 / replay/replay_ratio 264 / fps/policy 10.27 / fps/train 2629.55

Writing metrics: /home/zhangpeiying01/lfy/btwm-7.7/runs/btwm_dmc_walker_walk_seed1_w002_b11_1m/metrics.jsonl
Writing metrics: /home/zhangpeiying01/lfy/btwm-7.7/runs/btwm_dmc_walker_walk_seed1_w002_b11_1m/scores.jsonl

--------------------[Agent Step 558_080]--------------------
Metrics filtered by: 'score|length|fps|ratio|train/loss/|train/acc/|train/inv/|train/rand/'
train/acc/inv 0.54 / train/inv/ce 1.57 / train/inv/confidence 0.25 / train/inv/confidence_gating 0 / train/inv/effective_rep_weight 0.02 / train/inv/head_objective 0.65 / train/inv/head_weight 0 / train/inv/objective 0.65 / train/inv/policy_weight_max 1 / train/inv/policy_weight_mean 1 / train/inv/policy_weight_min 1 / train/inv/policy_weight_std 0 / train/inv/valid_frac 1 / train/inv/weight 0.02 / train/loss/con 0.02 / train/loss/dyn 2.56 / train/loss/image 1.83 / train/loss/inv 0.01 / train/loss/policy -0.01 / train/loss/rep 2.56 / train/loss/repval 0.75 / train/loss/rew 0.64 / train/loss/value 0.73 / replay/replay_ratio 264 / fps/policy 10.25 / fps/train 2623.6

Writing metrics: /home/zhangpeiying01/lfy/btwm-7.7/runs/btwm_dmc_walker_walk_seed1_w002_b11_1m/metrics.jsonl
Writing metrics: /home/zhangpeiying01/lfy/btwm-7.7/runs/btwm_dmc_walker_walk_seed1_w002_b11_1m/scores.jsonl
Saving checkpoint: /home/zhangpeiying01/lfy/btwm-7.7/runs/btwm_dmc_walker_walk_seed1_w002_b11_1m/ckpt/20260716T054701F578868
Saved checkpoint.

--------------------[Agent Step 559_296]--------------------
Metrics filtered by: 'score|length|fps|ratio|train/loss/|train/acc/|train/inv/|train/rand/'
train/acc/inv 0.54 / train/inv/ce 1.57 / train/inv/confidence 0.25 / train/inv/confidence_gating 0 / train/inv/effective_rep_weight 0.02 / train/inv/head_objective 0.66 / train/inv/head_weight 0 / train/inv/objective 0.66 / train/inv/policy_weight_max 1 / train/inv/policy_weight_mean 1 / train/inv/policy_weight_min 1 / train/inv/policy_weight_std 0 / train/inv/valid_frac 1 / train/inv/weight 0.02 / train/loss/con 0.02 / train/loss/dyn 2.58 / train/loss/image 1.82 / train/loss/inv 0.01 / train/loss/policy -7.4e-3 / train/loss/rep 2.58 / train/loss/repval 0.75 / train/loss/rew 0.64 / train/loss/value 0.72 / replay/replay_ratio 264 / fps/policy 10.06 / fps/train 2575.33

Writing metrics: /home/zhangpeiying01/lfy/btwm-7.7/runs/btwm_dmc_walker_walk_seed1_w002_b11_1m/metrics.jsonl
Writing metrics: /home/zhangpeiying01/lfy/btwm-7.7/runs/btwm_dmc_walker_walk_seed1_w002_b11_1m/scores.jsonl

--------------------[Agent Step 560_528]--------------------
Metrics filtered by: 'score|length|fps|ratio|train/loss/|train/acc/|train/inv/|train/rand/'
train/acc/inv 0.54 / train/inv/ce 1.56 / train/inv/confidence 0.25 / train/inv/confidence_gating 0 / train/inv/effective_rep_weight 0.02 / train/inv/head_objective 0.65 / train/inv/head_weight 0 / train/inv/objective 0.65 / train/inv/policy_weight_max 1 / train/inv/policy_weight_mean 1 / train/inv/policy_weight_min 1 / train/inv/policy_weight_std 0 / train/inv/valid_frac 1 / train/inv/weight 0.02 / train/loss/con 0.02 / train/loss/dyn 2.58 / train/loss/image 1.85 / train/loss/inv 0.01 / train/loss/policy -9.3e-3 / train/loss/rep 2.58 / train/loss/repval 0.75 / train/loss/rew 0.64 / train/loss/value 0.72 / replay/replay_ratio 264 / fps/policy 10.26 / fps/train 2627.33

Writing metrics: /home/zhangpeiying01/lfy/btwm-7.7/runs/btwm_dmc_walker_walk_seed1_w002_b11_1m/scores.jsonl
Writing metrics: /home/zhangpeiying01/lfy/btwm-7.7/runs/btwm_dmc_walker_walk_seed1_w002_b11_1m/metrics.jsonl

--------------------[Agent Step 561_760]--------------------
Metrics filtered by: 'score|length|fps|ratio|train/loss/|train/acc/|train/inv/|train/rand/'
episode/score 986.9 / episode/length 1001 / train/acc/inv 0.54 / train/inv/ce 1.57 / train/inv/confidence 0.25 / train/inv/confidence_gating 0 / train/inv/effective_rep_weight 0.02 / train/inv/head_objective 0.66 / train/inv/head_weight 0 / train/inv/objective 0.66 / train/inv/policy_weight_max 1 / train/inv/policy_weight_mean 1 / train/inv/policy_weight_min 1 / train/inv/policy_weight_std 0 / train/inv/valid_frac 1 / train/inv/weight 0.02 / train/loss/con 0.02 / train/loss/dyn 2.52 / train/loss/image 1.9 / train/loss/inv 0.01 / train/loss/policy -9.6e-3 / train/loss/rep 2.52 / train/loss/repval 0.75 / train/loss/rew 0.64 / train/loss/value 0.73 / replay/replay_ratio 264 / fps/policy 10.26 / fps/train 2626.28

Writing metrics: /home/zhangpeiying01/lfy/btwm-7.7/runs/btwm_dmc_walker_walk_seed1_w002_b11_1m/metrics.jsonl
Writing metrics: /home/zhangpeiying01/lfy/btwm-7.7/runs/btwm_dmc_walker_walk_seed1_w002_b11_1m/scores.jsonl

--------------------[Agent Step 563_008]--------------------
Metrics filtered by: 'score|length|fps|ratio|train/loss/|train/acc/|train/inv/|train/rand/'
train/acc/inv 0.54 / train/inv/ce 1.57 / train/inv/confidence 0.25 / train/inv/confidence_gating 0 / train/inv/effective_rep_weight 0.02 / train/inv/head_objective 0.66 / train/inv/head_weight 0 / train/inv/objective 0.66 / train/inv/policy_weight_max 1 / train/inv/policy_weight_mean 1 / train/inv/policy_weight_min 1 / train/inv/policy_weight_std 0 / train/inv/valid_frac 1 / train/inv/weight 0.02 / train/loss/con 0.02 / train/loss/dyn 2.62 / train/loss/image 1.9 / train/loss/inv 0.01 / train/loss/policy -0.01 / train/loss/rep 2.62 / train/loss/repval 0.76 / train/loss/rew 0.64 / train/loss/value 0.73 / replay/replay_ratio 264 / fps/policy 10.24 / fps/train 2622.29

Writing metrics: /home/zhangpeiying01/lfy/btwm-7.7/runs/btwm_dmc_walker_walk_seed1_w002_b11_1m/metrics.jsonl
Writing metrics: /home/zhangpeiying01/lfy/btwm-7.7/runs/btwm_dmc_walker_walk_seed1_w002_b11_1m/scores.jsonl

--------------------[Agent Step 564_240]--------------------
Metrics filtered by: 'score|length|fps|ratio|train/loss/|train/acc/|train/inv/|train/rand/'
train/acc/inv 0.54 / train/inv/ce 1.57 / train/inv/confidence 0.25 / train/inv/confidence_gating 0 / train/inv/effective_rep_weight 0.02 / train/inv/head_objective 0.66 / train/inv/head_weight 0 / train/inv/objective 0.66 / train/inv/policy_weight_max 1 / train/inv/policy_weight_mean 1 / train/inv/policy_weight_min 1 / train/inv/policy_weight_std 0 / train/inv/valid_frac 1 / train/inv/weight 0.02 / train/loss/con 0.02 / train/loss/dyn 2.61 / train/loss/image 1.85 / train/loss/inv 0.01 / train/loss/policy -0.01 / train/loss/rep 2.61 / train/loss/repval 0.76 / train/loss/rew 0.64 / train/loss/value 0.73 / replay/replay_ratio 264 / fps/policy 10.24 / fps/train 2620.84

Writing metrics: /home/zhangpeiying01/lfy/btwm-7.7/runs/btwm_dmc_walker_walk_seed1_w002_b11_1m/metrics.jsonl
Writing metrics: /home/zhangpeiying01/lfy/btwm-7.7/runs/btwm_dmc_walker_walk_seed1_w002_b11_1m/scores.jsonl

--------------------[Agent Step 565_472]--------------------
Metrics filtered by: 'score|length|fps|ratio|train/loss/|train/acc/|train/inv/|train/rand/'
train/acc/inv 0.54 / train/inv/ce 1.57 / train/inv/confidence 0.25 / train/inv/confidence_gating 0 / train/inv/effective_rep_weight 0.02 / train/inv/head_objective 0.66 / train/inv/head_weight 0 / train/inv/objective 0.66 / train/inv/policy_weight_max 1 / train/inv/policy_weight_mean 1 / train/inv/policy_weight_min 1 / train/inv/policy_weight_std 0 / train/inv/valid_frac 1 / train/inv/weight 0.02 / train/loss/con 0.02 / train/loss/dyn 2.52 / train/loss/image 1.84 / train/loss/inv 0.01 / train/loss/policy -0.01 / train/loss/rep 2.52 / train/loss/repval 0.75 / train/loss/rew 0.64 / train/loss/value 0.73 / replay/replay_ratio 264 / fps/policy 10.25 / fps/train 2624.11

Writing metrics: /home/zhangpeiying01/lfy/btwm-7.7/runs/btwm_dmc_walker_walk_seed1_w002_b11_1m/metrics.jsonl
Writing metrics: /home/zhangpeiying01/lfy/btwm-7.7/runs/btwm_dmc_walker_walk_seed1_w002_b11_1m/scores.jsonl

--------------------[Agent Step 566_704]--------------------
Metrics filtered by: 'score|length|fps|ratio|train/loss/|train/acc/|train/inv/|train/rand/'
train/acc/inv 0.54 / train/inv/ce 1.57 / train/inv/confidence 0.25 / train/inv/confidence_gating 0 / train/inv/effective_rep_weight 0.02 / train/inv/head_objective 0.65 / train/inv/head_weight 0 / train/inv/objective 0.65 / train/inv/policy_weight_max 1 / train/inv/policy_weight_mean 1 / train/inv/policy_weight_min 1 / train/inv/policy_weight_std 0 / train/inv/valid_frac 1 / train/inv/weight 0.02 / train/loss/con 0.02 / train/loss/dyn 2.5 / train/loss/image 1.82 / train/loss/inv 0.01 / train/loss/policy -8.4e-3 / train/loss/rep 2.5 / train/loss/repval 0.75 / train/loss/rew 0.64 / train/loss/value 0.72 / replay/replay_ratio 264 / fps/policy 10.24 / fps/train 2622.25

Writing metrics: /home/zhangpeiying01/lfy/btwm-7.7/runs/btwm_dmc_walker_walk_seed1_w002_b11_1m/metrics.jsonl
Writing metrics: /home/zhangpeiying01/lfy/btwm-7.7/runs/btwm_dmc_walker_walk_seed1_w002_b11_1m/scores.jsonl

--------------------[Agent Step 567_952]--------------------
Metrics filtered by: 'score|length|fps|ratio|train/loss/|train/acc/|train/inv/|train/rand/'
train/acc/inv 0.54 / train/inv/ce 1.57 / train/inv/confidence 0.25 / train/inv/confidence_gating 0 / train/inv/effective_rep_weight 0.02 / train/inv/head_objective 0.66 / train/inv/head_weight 0 / train/inv/objective 0.66 / train/inv/policy_weight_max 1 / train/inv/policy_weight_mean 1 / train/inv/policy_weight_min 1 / train/inv/policy_weight_std 0 / train/inv/valid_frac 1 / train/inv/weight 0.02 / train/loss/con 0.02 / train/loss/dyn 2.49 / train/loss/image 1.82 / train/loss/inv 0.01 / train/loss/policy -7.2e-3 / train/loss/rep 2.49 / train/loss/repval 0.75 / train/loss/rew 0.64 / train/loss/value 0.72 / replay/replay_ratio 264 / fps/policy 10.28 / fps/train 2631.21

Writing metrics: /home/zhangpeiying01/lfy/btwm-7.7/runs/btwm_dmc_walker_walk_seed1_w002_b11_1m/metrics.jsonl
Writing metrics: /home/zhangpeiying01/lfy/btwm-7.7/runs/btwm_dmc_walker_walk_seed1_w002_b11_1m/scores.jsonl

--------------------[Agent Step 569_200]--------------------
Metrics filtered by: 'score|length|fps|ratio|train/loss/|train/acc/|train/inv/|train/rand/'
train/acc/inv 0.54 / train/inv/ce 1.57 / train/inv/confidence 0.25 / train/inv/confidence_gating 0 / train/inv/effective_rep_weight 0.02 / train/inv/head_objective 0.66 / train/inv/head_weight 0 / train/inv/objective 0.66 / train/inv/policy_weight_max 1 / train/inv/policy_weight_mean 1 / train/inv/policy_weight_min 1 / train/inv/policy_weight_std 0 / train/inv/valid_frac 1 / train/inv/weight 0.02 / train/loss/con 0.02 / train/loss/dyn 2.51 / train/loss/image 1.8 / train/loss/inv 0.01 / train/loss/policy -0.01 / train/loss/rep 2.51 / train/loss/repval 0.75 / train/loss/rew 0.64 / train/loss/value 0.72 / replay/replay_ratio 264 / fps/policy 10.28 / fps/train 2630.76

Writing metrics: /home/zhangpeiying01/lfy/btwm-7.7/runs/btwm_dmc_walker_walk_seed1_w002_b11_1m/scores.jsonl
Writing metrics: /home/zhangpeiying01/lfy/btwm-7.7/runs/btwm_dmc_walker_walk_seed1_w002_b11_1m/metrics.jsonl

--------------------[Agent Step 570_432]--------------------
Metrics filtered by: 'score|length|fps|ratio|train/loss/|train/acc/|train/inv/|train/rand/'
train/acc/inv 0.54 / train/inv/ce 1.57 / train/inv/confidence 0.25 / train/inv/confidence_gating 0 / train/inv/effective_rep_weight 0.02 / train/inv/head_objective 0.66 / train/inv/head_weight 0 / train/inv/objective 0.66 / train/inv/policy_weight_max 1 / train/inv/policy_weight_mean 1 / train/inv/policy_weight_min 1 / train/inv/policy_weight_std 0 / train/inv/valid_frac 1 / train/inv/weight 0.02 / train/loss/con 0.02 / train/loss/dyn 2.42 / train/loss/image 1.79 / train/loss/inv 0.01 / train/loss/policy -0.01 / train/loss/rep 2.42 / train/loss/repval 0.75 / train/loss/rew 0.64 / train/loss/value 0.72 / replay/replay_ratio 264 / fps/policy 10.24 / fps/train 2622.26

Writing metrics: /home/zhangpeiying01/lfy/btwm-7.7/runs/btwm_dmc_walker_walk_seed1_w002_b11_1m/metrics.jsonl
Writing metrics: /home/zhangpeiying01/lfy/btwm-7.7/runs/btwm_dmc_walker_walk_seed1_w002_b11_1m/scores.jsonl

--------------------[Agent Step 571_680]--------------------
Metrics filtered by: 'score|length|fps|ratio|train/loss/|train/acc/|train/inv/|train/rand/'
train/acc/inv 0.54 / train/inv/ce 1.57 / train/inv/confidence 0.25 / train/inv/confidence_gating 0 / train/inv/effective_rep_weight 0.02 / train/inv/head_objective 0.65 / train/inv/head_weight 0 / train/inv/objective 0.65 / train/inv/policy_weight_max 1 / train/inv/policy_weight_mean 1 / train/inv/policy_weight_min 1 / train/inv/policy_weight_std 0 / train/inv/valid_frac 1 / train/inv/weight 0.02 / train/loss/con 0.02 / train/loss/dyn 2.43 / train/loss/image 1.8 / train/loss/inv 0.01 / train/loss/policy -8.6e-3 / train/loss/rep 2.43 / train/loss/repval 0.75 / train/loss/rew 0.64 / train/loss/value 0.72 / replay/replay_ratio 264 / fps/policy 10.22 / fps/train 2617.53

Writing metrics: /home/zhangpeiying01/lfy/btwm-7.7/runs/btwm_dmc_walker_walk_seed1_w002_b11_1m/metrics.jsonl
Writing metrics: /home/zhangpeiying01/lfy/btwm-7.7/runs/btwm_dmc_walker_walk_seed1_w002_b11_1m/scores.jsonl

--------------------[Agent Step 572_912]--------------------
Metrics filtered by: 'score|length|fps|ratio|train/loss/|train/acc/|train/inv/|train/rand/'
train/acc/inv 0.54 / train/inv/ce 1.57 / train/inv/confidence 0.25 / train/inv/confidence_gating 0 / train/inv/effective_rep_weight 0.02 / train/inv/head_objective 0.65 / train/inv/head_weight 0 / train/inv/objective 0.65 / train/inv/policy_weight_max 1 / train/inv/policy_weight_mean 1 / train/inv/policy_weight_min 1 / train/inv/policy_weight_std 0 / train/inv/valid_frac 1 / train/inv/weight 0.02 / train/loss/con 0.02 / train/loss/dyn 2.42 / train/loss/image 1.79 / train/loss/inv 0.01 / train/loss/policy -9.4e-3 / train/loss/rep 2.42 / train/loss/repval 0.75 / train/loss/rew 0.64 / train/loss/value 0.72 / replay/replay_ratio 264 / fps/policy 10.26 / fps/train 2626.8

Writing metrics: /home/zhangpeiying01/lfy/btwm-7.7/runs/btwm_dmc_walker_walk_seed1_w002_b11_1m/metrics.jsonl
Writing metrics: /home/zhangpeiying01/lfy/btwm-7.7/runs/btwm_dmc_walker_walk_seed1_w002_b11_1m/scores.jsonl

--------------------[Agent Step 574_160]--------------------
Metrics filtered by: 'score|length|fps|ratio|train/loss/|train/acc/|train/inv/|train/rand/'
train/acc/inv 0.54 / train/inv/ce 1.57 / train/inv/confidence 0.25 / train/inv/confidence_gating 0 / train/inv/effective_rep_weight 0.02 / train/inv/head_objective 0.66 / train/inv/head_weight 0 / train/inv/objective 0.66 / train/inv/policy_weight_max 1 / train/inv/policy_weight_mean 1 / train/inv/policy_weight_min 1 / train/inv/policy_weight_std 0 / train/inv/valid_frac 1 / train/inv/weight 0.02 / train/loss/con 0.02 / train/loss/dyn 2.4 / train/loss/image 1.77 / train/loss/inv 0.01 / train/loss/policy -0.01 / train/loss/rep 2.4 / train/loss/repval 0.75 / train/loss/rew 0.64 / train/loss/value 0.73 / replay/replay_ratio 264 / fps/policy 10.28 / fps/train 2630.72

Writing metrics: /home/zhangpeiying01/lfy/btwm-7.7/runs/btwm_dmc_walker_walk_seed1_w002_b11_1m/scores.jsonl
Writing metrics: /home/zhangpeiying01/lfy/btwm-7.7/runs/btwm_dmc_walker_walk_seed1_w002_b11_1m/metrics.jsonl

--------------------[Agent Step 575_408]--------------------
Metrics filtered by: 'score|length|fps|ratio|train/loss/|train/acc/|train/inv/|train/rand/'
train/acc/inv 0.54 / train/inv/ce 1.57 / train/inv/confidence 0.25 / train/inv/confidence_gating 0 / train/inv/effective_rep_weight 0.02 / train/inv/head_objective 0.65 / train/inv/head_weight 0 / train/inv/objective 0.65 / train/inv/policy_weight_max 1 / train/inv/policy_weight_mean 1 / train/inv/policy_weight_min 1 / train/inv/policy_weight_std 0 / train/inv/valid_frac 1 / train/inv/weight 0.02 / train/loss/con 0.02 / train/loss/dyn 2.41 / train/loss/image 1.78 / train/loss/inv 0.01 / train/loss/policy -0.01 / train/loss/rep 2.41 / train/loss/repval 0.75 / train/loss/rew 0.64 / train/loss/value 0.73 / replay/replay_ratio 264 / fps/policy 10.27 / fps/train 2629.24

Writing metrics: /home/zhangpeiying01/lfy/btwm-7.7/runs/btwm_dmc_walker_walk_seed1_w002_b11_1m/metrics.jsonl
Writing metrics: /home/zhangpeiying01/lfy/btwm-7.7/runs/btwm_dmc_walker_walk_seed1_w002_b11_1m/scores.jsonl

--------------------[Agent Step 576_640]--------------------
Metrics filtered by: 'score|length|fps|ratio|train/loss/|train/acc/|train/inv/|train/rand/'
train/acc/inv 0.54 / train/inv/ce 1.57 / train/inv/confidence 0.25 / train/inv/confidence_gating 0 / train/inv/effective_rep_weight 0.02 / train/inv/head_objective 0.65 / train/inv/head_weight 0 / train/inv/objective 0.65 / train/inv/policy_weight_max 1 / train/inv/policy_weight_mean 1 / train/inv/policy_weight_min 1 / train/inv/policy_weight_std 0 / train/inv/valid_frac 1 / train/inv/weight 0.02 / train/loss/con 0.02 / train/loss/dyn 2.44 / train/loss/image 1.79 / train/loss/inv 0.01 / train/loss/policy -0.01 / train/loss/rep 2.44 / train/loss/repval 0.75 / train/loss/rew 0.64 / train/loss/value 0.73 / replay/replay_ratio 264 / fps/policy 10.27 / fps/train 2628.63

Writing metrics: /home/zhangpeiying01/lfy/btwm-7.7/runs/btwm_dmc_walker_walk_seed1_w002_b11_1m/metrics.jsonl
Writing metrics: /home/zhangpeiying01/lfy/btwm-7.7/runs/btwm_dmc_walker_walk_seed1_w002_b11_1m/scores.jsonl

--------------------[Agent Step 577_888]--------------------
Metrics filtered by: 'score|length|fps|ratio|train/loss/|train/acc/|train/inv/|train/rand/'
episode/score 960.41 / episode/length 1001 / train/acc/inv 0.54 / train/inv/ce 1.58 / train/inv/confidence 0.25 / train/inv/confidence_gating 0 / train/inv/effective_rep_weight 0.02 / train/inv/head_objective 0.66 / train/inv/head_weight 0 / train/inv/objective 0.66 / train/inv/policy_weight_max 1 / train/inv/policy_weight_mean 1 / train/inv/policy_weight_min 1 / train/inv/policy_weight_std 0 / train/inv/valid_frac 1 / train/inv/weight 0.02 / train/loss/con 0.02 / train/loss/dyn 2.53 / train/loss/image 1.87 / train/loss/inv 0.01 / train/loss/policy -8.6e-3 / train/loss/rep 2.53 / train/loss/repval 0.75 / train/loss/rew 0.64 / train/loss/value 0.73 / replay/replay_ratio 264 / fps/policy 10.26 / fps/train 2625.56

Writing metrics: /home/zhangpeiying01/lfy/btwm-7.7/runs/btwm_dmc_walker_walk_seed1_w002_b11_1m/metrics.jsonl
Writing metrics: /home/zhangpeiying01/lfy/btwm-7.7/runs/btwm_dmc_walker_walk_seed1_w002_b11_1m/scores.jsonl

--------------------[Agent Step 579_120]--------------------
Metrics filtered by: 'score|length|fps|ratio|train/loss/|train/acc/|train/inv/|train/rand/'
train/acc/inv 0.54 / train/inv/ce 1.57 / train/inv/confidence 0.25 / train/inv/confidence_gating 0 / train/inv/effective_rep_weight 0.02 / train/inv/head_objective 0.65 / train/inv/head_weight 0 / train/inv/objective 0.65 / train/inv/policy_weight_max 1 / train/inv/policy_weight_mean 1 / train/inv/policy_weight_min 1 / train/inv/policy_weight_std 0 / train/inv/valid_frac 1 / train/inv/weight 0.02 / train/loss/con 0.02 / train/loss/dyn 2.52 / train/loss/image 1.85 / train/loss/inv 0.01 / train/loss/policy -0.01 / train/loss/rep 2.52 / train/loss/repval 0.75 / train/loss/rew 0.64 / train/loss/value 0.73 / replay/replay_ratio 264 / fps/policy 10.22 / fps/train 2616.73

Writing metrics: /home/zhangpeiying01/lfy/btwm-7.7/runs/btwm_dmc_walker_walk_seed1_w002_b11_1m/scores.jsonl
Writing metrics: /home/zhangpeiying01/lfy/btwm-7.7/runs/btwm_dmc_walker_walk_seed1_w002_b11_1m/metrics.jsonl

--------------------[Agent Step 580_352]--------------------
Metrics filtered by: 'score|length|fps|ratio|train/loss/|train/acc/|train/inv/|train/rand/'
train/acc/inv 0.54 / train/inv/ce 1.57 / train/inv/confidence 0.25 / train/inv/confidence_gating 0 / train/inv/effective_rep_weight 0.02 / train/inv/head_objective 0.65 / train/inv/head_weight 0 / train/inv/objective 0.65 / train/inv/policy_weight_max 1 / train/inv/policy_weight_mean 1 / train/inv/policy_weight_min 1 / train/inv/policy_weight_std 0 / train/inv/valid_frac 1 / train/inv/weight 0.02 / train/loss/con 0.02 / train/loss/dyn 2.54 / train/loss/image 1.84 / train/loss/inv 0.01 / train/loss/policy -9.5e-3 / train/loss/rep 2.54 / train/loss/repval 0.75 / train/loss/rew 0.64 / train/loss/value 0.73 / replay/replay_ratio 264 / fps/policy 10.28 / fps/train 2631.03

Writing metrics: /home/zhangpeiying01/lfy/btwm-7.7/runs/btwm_dmc_walker_walk_seed1_w002_b11_1m/metrics.jsonl
Writing metrics: /home/zhangpeiying01/lfy/btwm-7.7/runs/btwm_dmc_walker_walk_seed1_w002_b11_1m/scores.jsonl

--------------------[Agent Step 581_584]--------------------
Metrics filtered by: 'score|length|fps|ratio|train/loss/|train/acc/|train/inv/|train/rand/'
train/acc/inv 0.54 / train/inv/ce 1.57 / train/inv/confidence 0.25 / train/inv/confidence_gating 0 / train/inv/effective_rep_weight 0.02 / train/inv/head_objective 0.65 / train/inv/head_weight 0 / train/inv/objective 0.65 / train/inv/policy_weight_max 1 / train/inv/policy_weight_mean 1 / train/inv/policy_weight_min 1 / train/inv/policy_weight_std 0 / train/inv/valid_frac 1 / train/inv/weight 0.02 / train/loss/con 0.02 / train/loss/dyn 2.58 / train/loss/image 1.84 / train/loss/inv 0.01 / train/loss/policy -0.01 / train/loss/rep 2.58 / train/loss/repval 0.75 / train/loss/rew 0.64 / train/loss/value 0.73 / replay/replay_ratio 264 / fps/policy 10.27 / fps/train 2627.95

Writing metrics: /home/zhangpeiying01/lfy/btwm-7.7/runs/btwm_dmc_walker_walk_seed1_w002_b11_1m/metrics.jsonl
Writing metrics: /home/zhangpeiying01/lfy/btwm-7.7/runs/btwm_dmc_walker_walk_seed1_w002_b11_1m/scores.jsonl

--------------------[Agent Step 582_832]--------------------
Metrics filtered by: 'score|length|fps|ratio|train/loss/|train/acc/|train/inv/|train/rand/'
train/acc/inv 0.54 / train/inv/ce 1.57 / train/inv/confidence 0.25 / train/inv/confidence_gating 0 / train/inv/effective_rep_weight 0.02 / train/inv/head_objective 0.65 / train/inv/head_weight 0 / train/inv/objective 0.65 / train/inv/policy_weight_max 1 / train/inv/policy_weight_mean 1 / train/inv/policy_weight_min 1 / train/inv/policy_weight_std 0 / train/inv/valid_frac 1 / train/inv/weight 0.02 / train/loss/con 0.02 / train/loss/dyn 2.45 / train/loss/image 1.8 / train/loss/inv 0.01 / train/loss/policy -7.5e-3 / train/loss/rep 2.45 / train/loss/repval 0.75 / train/loss/rew 0.64 / train/loss/value 0.72 / replay/replay_ratio 264 / fps/policy 10.26 / fps/train 2627.68

Writing metrics: /home/zhangpeiying01/lfy/btwm-7.7/runs/btwm_dmc_walker_walk_seed1_w002_b11_1m/metrics.jsonl
Writing metrics: /home/zhangpeiying01/lfy/btwm-7.7/runs/btwm_dmc_walker_walk_seed1_w002_b11_1m/scores.jsonl

--------------------[Agent Step 584_080]--------------------
Metrics filtered by: 'score|length|fps|ratio|train/loss/|train/acc/|train/inv/|train/rand/'
train/acc/inv 0.54 / train/inv/ce 1.56 / train/inv/confidence 0.25 / train/inv/confidence_gating 0 / train/inv/effective_rep_weight 0.02 / train/inv/head_objective 0.65 / train/inv/head_weight 0 / train/inv/objective 0.65 / train/inv/policy_weight_max 1 / train/inv/policy_weight_mean 1 / train/inv/policy_weight_min 1 / train/inv/policy_weight_std 0 / train/inv/valid_frac 1 / train/inv/weight 0.02 / train/loss/con 0.02 / train/loss/dyn 2.48 / train/loss/image 1.82 / train/loss/inv 0.01 / train/loss/policy -9.8e-3 / train/loss/rep 2.48 / train/loss/repval 0.75 / train/loss/rew 0.64 / train/loss/value 0.73 / replay/replay_ratio 264 / fps/policy 10.24 / fps/train 2620.81

Writing metrics: /home/zhangpeiying01/lfy/btwm-7.7/runs/btwm_dmc_walker_walk_seed1_w002_b11_1m/metrics.jsonl
Writing metrics: /home/zhangpeiying01/lfy/btwm-7.7/runs/btwm_dmc_walker_walk_seed1_w002_b11_1m/scores.jsonl

--------------------[Agent Step 585_312]--------------------
Metrics filtered by: 'score|length|fps|ratio|train/loss/|train/acc/|train/inv/|train/rand/'
train/acc/inv 0.54 / train/inv/ce 1.57 / train/inv/confidence 0.25 / train/inv/confidence_gating 0 / train/inv/effective_rep_weight 0.02 / train/inv/head_objective 0.65 / train/inv/head_weight 0 / train/inv/objective 0.65 / train/inv/policy_weight_max 1 / train/inv/policy_weight_mean 1 / train/inv/policy_weight_min 1 / train/inv/policy_weight_std 0 / train/inv/valid_frac 1 / train/inv/weight 0.02 / train/loss/con 0.02 / train/loss/dyn 2.49 / train/loss/image 1.79 / train/loss/inv 0.01 / train/loss/policy -8.6e-3 / train/loss/rep 2.49 / train/loss/repval 0.75 / train/loss/rew 0.64 / train/loss/value 0.72 / replay/replay_ratio 264 / fps/policy 10.26 / fps/train 2625.65

Writing metrics: /home/zhangpeiying01/lfy/btwm-7.7/runs/btwm_dmc_walker_walk_seed1_w002_b11_1m/metrics.jsonl
Writing metrics: /home/zhangpeiying01/lfy/btwm-7.7/runs/btwm_dmc_walker_walk_seed1_w002_b11_1m/scores.jsonl

--------------------[Agent Step 586_560]--------------------
Metrics filtered by: 'score|length|fps|ratio|train/loss/|train/acc/|train/inv/|train/rand/'
train/acc/inv 0.54 / train/inv/ce 1.57 / train/inv/confidence 0.25 / train/inv/confidence_gating 0 / train/inv/effective_rep_weight 0.02 / train/inv/head_objective 0.65 / train/inv/head_weight 0 / train/inv/objective 0.65 / train/inv/policy_weight_max 1 / train/inv/policy_weight_mean 1 / train/inv/policy_weight_min 1 / train/inv/policy_weight_std 0 / train/inv/valid_frac 1 / train/inv/weight 0.02 / train/loss/con 0.02 / train/loss/dyn 2.5 / train/loss/image 1.8 / train/loss/inv 0.01 / train/loss/policy -0.01 / train/loss/rep 2.5 / train/loss/repval 0.75 / train/loss/rew 0.64 / train/loss/value 0.72 / replay/replay_ratio 264 / fps/policy 10.27 / fps/train 2629.16

Writing metrics: /home/zhangpeiying01/lfy/btwm-7.7/runs/btwm_dmc_walker_walk_seed1_w002_b11_1m/metrics.jsonl
Writing metrics: /home/zhangpeiying01/lfy/btwm-7.7/runs/btwm_dmc_walker_walk_seed1_w002_b11_1m/scores.jsonl

--------------------[Agent Step 587_792]--------------------
Metrics filtered by: 'score|length|fps|ratio|train/loss/|train/acc/|train/inv/|train/rand/'
train/acc/inv 0.54 / train/inv/ce 1.56 / train/inv/confidence 0.25 / train/inv/confidence_gating 0 / train/inv/effective_rep_weight 0.02 / train/inv/head_objective 0.65 / train/inv/head_weight 0 / train/inv/objective 0.65 / train/inv/policy_weight_max 1 / train/inv/policy_weight_mean 1 / train/inv/policy_weight_min 1 / train/inv/policy_weight_std 0 / train/inv/valid_frac 1 / train/inv/weight 0.02 / train/loss/con 0.02 / train/loss/dyn 2.65 / train/loss/image 1.82 / train/loss/inv 0.01 / train/loss/policy -0.01 / train/loss/rep 2.65 / train/loss/repval 0.76 / train/loss/rew 0.64 / train/loss/value 0.73 / replay/replay_ratio 264 / fps/policy 10.27 / fps/train 2630

Writing metrics: /home/zhangpeiying01/lfy/btwm-7.7/runs/btwm_dmc_walker_walk_seed1_w002_b11_1m/scores.jsonl
Writing metrics: /home/zhangpeiying01/lfy/btwm-7.7/runs/btwm_dmc_walker_walk_seed1_w002_b11_1m/metrics.jsonl

--------------------[Agent Step 589_040]--------------------
Metrics filtered by: 'score|length|fps|ratio|train/loss/|train/acc/|train/inv/|train/rand/'
train/acc/inv 0.54 / train/inv/ce 1.57 / train/inv/confidence 0.25 / train/inv/confidence_gating 0 / train/inv/effective_rep_weight 0.02 / train/inv/head_objective 0.65 / train/inv/head_weight 0 / train/inv/objective 0.65 / train/inv/policy_weight_max 1 / train/inv/policy_weight_mean 1 / train/inv/policy_weight_min 1 / train/inv/policy_weight_std 0 / train/inv/valid_frac 1 / train/inv/weight 0.02 / train/loss/con 0.02 / train/loss/dyn 2.61 / train/loss/image 1.79 / train/loss/inv 0.01 / train/loss/policy -7.3e-3 / train/loss/rep 2.61 / train/loss/repval 0.76 / train/loss/rew 0.64 / train/loss/value 0.73 / replay/replay_ratio 264 / fps/policy 10.24 / fps/train 2622.05

Writing metrics: /home/zhangpeiying01/lfy/btwm-7.7/runs/btwm_dmc_walker_walk_seed1_w002_b11_1m/metrics.jsonl
Writing metrics: /home/zhangpeiying01/lfy/btwm-7.7/runs/btwm_dmc_walker_walk_seed1_w002_b11_1m/scores.jsonl

--------------------[Agent Step 590_272]--------------------
Metrics filtered by: 'score|length|fps|ratio|train/loss/|train/acc/|train/inv/|train/rand/'
train/acc/inv 0.54 / train/inv/ce 1.57 / train/inv/confidence 0.25 / train/inv/confidence_gating 0 / train/inv/effective_rep_weight 0.02 / train/inv/head_objective 0.65 / train/inv/head_weight 0 / train/inv/objective 0.65 / train/inv/policy_weight_max 1 / train/inv/policy_weight_mean 1 / train/inv/policy_weight_min 1 / train/inv/policy_weight_std 0 / train/inv/valid_frac 1 / train/inv/weight 0.02 / train/loss/con 0.02 / train/loss/dyn 2.66 / train/loss/image 1.79 / train/loss/inv 0.01 / train/loss/policy -7.6e-3 / train/loss/rep 2.66 / train/loss/repval 0.76 / train/loss/rew 0.64 / train/loss/value 0.73 / replay/replay_ratio 264 / fps/policy 10.28 / fps/train 2632.12

Writing metrics: /home/zhangpeiying01/lfy/btwm-7.7/runs/btwm_dmc_walker_walk_seed1_w002_b11_1m/scores.jsonl
Writing metrics: /home/zhangpeiying01/lfy/btwm-7.7/runs/btwm_dmc_walker_walk_seed1_w002_b11_1m/metrics.jsonl

--------------------[Agent Step 591_520]--------------------
Metrics filtered by: 'score|length|fps|ratio|train/loss/|train/acc/|train/inv/|train/rand/'
train/acc/inv 0.54 / train/inv/ce 1.56 / train/inv/confidence 0.25 / train/inv/confidence_gating 0 / train/inv/effective_rep_weight 0.02 / train/inv/head_objective 0.65 / train/inv/head_weight 0 / train/inv/objective 0.65 / train/inv/policy_weight_max 1 / train/inv/policy_weight_mean 1 / train/inv/policy_weight_min 1 / train/inv/policy_weight_std 0 / train/inv/valid_frac 1 / train/inv/weight 0.02 / train/loss/con 0.02 / train/loss/dyn 2.63 / train/loss/image 1.81 / train/loss/inv 0.01 / train/loss/policy -6.4e-3 / train/loss/rep 2.63 / train/loss/repval 0.76 / train/loss/rew 0.64 / train/loss/value 0.73 / replay/replay_ratio 264 / fps/policy 10.25 / fps/train 2623.74

Writing metrics: /home/zhangpeiying01/lfy/btwm-7.7/runs/btwm_dmc_walker_walk_seed1_w002_b11_1m/metrics.jsonl
Writing metrics: /home/zhangpeiying01/lfy/btwm-7.7/runs/btwm_dmc_walker_walk_seed1_w002_b11_1m/scores.jsonl

--------------------[Agent Step 592_752]--------------------
Metrics filtered by: 'score|length|fps|ratio|train/loss/|train/acc/|train/inv/|train/rand/'
train/acc/inv 0.54 / train/inv/ce 1.57 / train/inv/confidence 0.25 / train/inv/confidence_gating 0 / train/inv/effective_rep_weight 0.02 / train/inv/head_objective 0.65 / train/inv/head_weight 0 / train/inv/objective 0.65 / train/inv/policy_weight_max 1 / train/inv/policy_weight_mean 1 / train/inv/policy_weight_min 1 / train/inv/policy_weight_std 0 / train/inv/valid_frac 1 / train/inv/weight 0.02 / train/loss/con 0.02 / train/loss/dyn 2.53 / train/loss/image 1.76 / train/loss/inv 0.01 / train/loss/policy -6.2e-3 / train/loss/rep 2.53 / train/loss/repval 0.75 / train/loss/rew 0.64 / train/loss/value 0.72 / replay/replay_ratio 264 / fps/policy 10.23 / fps/train 2619.53

Writing metrics: /home/zhangpeiying01/lfy/btwm-7.7/runs/btwm_dmc_walker_walk_seed1_w002_b11_1m/metrics.jsonl
Writing metrics: /home/zhangpeiying01/lfy/btwm-7.7/runs/btwm_dmc_walker_walk_seed1_w002_b11_1m/scores.jsonl

--------------------[Agent Step 593_984]--------------------
Metrics filtered by: 'score|length|fps|ratio|train/loss/|train/acc/|train/inv/|train/rand/'
episode/score 978.1 / episode/length 1001 / train/acc/inv 0.54 / train/inv/ce 1.57 / train/inv/confidence 0.25 / train/inv/confidence_gating 0 / train/inv/effective_rep_weight 0.02 / train/inv/head_objective 0.65 / train/inv/head_weight 0 / train/inv/objective 0.65 / train/inv/policy_weight_max 1 / train/inv/policy_weight_mean 1 / train/inv/policy_weight_min 1 / train/inv/policy_weight_std 0 / train/inv/valid_frac 1 / train/inv/weight 0.02 / train/loss/con 0.02 / train/loss/dyn 2.61 / train/loss/image 1.87 / train/loss/inv 0.01 / train/loss/policy -8.4e-3 / train/loss/rep 2.61 / train/loss/repval 0.75 / train/loss/rew 0.64 / train/loss/value 0.73 / replay/replay_ratio 264 / fps/policy 10.27 / fps/train 2629.11

Writing metrics: /home/zhangpeiying01/lfy/btwm-7.7/runs/btwm_dmc_walker_walk_seed1_w002_b11_1m/metrics.jsonl
Writing metrics: /home/zhangpeiying01/lfy/btwm-7.7/runs/btwm_dmc_walker_walk_seed1_w002_b11_1m/scores.jsonl

--------------------[Agent Step 595_216]--------------------
Metrics filtered by: 'score|length|fps|ratio|train/loss/|train/acc/|train/inv/|train/rand/'
train/acc/inv 0.54 / train/inv/ce 1.57 / train/inv/confidence 0.25 / train/inv/confidence_gating 0 / train/inv/effective_rep_weight 0.02 / train/inv/head_objective 0.65 / train/inv/head_weight 0 / train/inv/objective 0.65 / train/inv/policy_weight_max 1 / train/inv/policy_weight_mean 1 / train/inv/policy_weight_min 1 / train/inv/policy_weight_std 0 / train/inv/valid_frac 1 / train/inv/weight 0.02 / train/loss/con 0.02 / train/loss/dyn 2.66 / train/loss/image 1.86 / train/loss/inv 0.01 / train/loss/policy -9.6e-3 / train/loss/rep 2.66 / train/loss/repval 0.76 / train/loss/rew 0.64 / train/loss/value 0.73 / replay/replay_ratio 264 / fps/policy 10.26 / fps/train 2626.99

Writing metrics: /home/zhangpeiying01/lfy/btwm-7.7/runs/btwm_dmc_walker_walk_seed1_w002_b11_1m/metrics.jsonl
Writing metrics: /home/zhangpeiying01/lfy/btwm-7.7/runs/btwm_dmc_walker_walk_seed1_w002_b11_1m/scores.jsonl
Saving checkpoint: /home/zhangpeiying01/lfy/btwm-7.7/runs/btwm_dmc_walker_walk_seed1_w002_b11_1m/ckpt/20260716T064702F472485
Saved checkpoint.

--------------------[Agent Step 596_432]--------------------
Metrics filtered by: 'score|length|fps|ratio|train/loss/|train/acc/|train/inv/|train/rand/'
train/acc/inv 0.54 / train/inv/ce 1.57 / train/inv/confidence 0.25 / train/inv/confidence_gating 0 / train/inv/effective_rep_weight 0.02 / train/inv/head_objective 0.65 / train/inv/head_weight 0 / train/inv/objective 0.65 / train/inv/policy_weight_max 1 / train/inv/policy_weight_mean 1 / train/inv/policy_weight_min 1 / train/inv/policy_weight_std 0 / train/inv/valid_frac 1 / train/inv/weight 0.02 / train/loss/con 0.02 / train/loss/dyn 2.59 / train/loss/image 1.81 / train/loss/inv 0.01 / train/loss/policy -8.2e-3 / train/loss/rep 2.59 / train/loss/repval 0.75 / train/loss/rew 0.64 / train/loss/value 0.73 / replay/replay_ratio 264 / fps/policy 10.08 / fps/train 2580.2

Writing metrics: /home/zhangpeiying01/lfy/btwm-7.7/runs/btwm_dmc_walker_walk_seed1_w002_b11_1m/metrics.jsonl
Writing metrics: /home/zhangpeiying01/lfy/btwm-7.7/runs/btwm_dmc_walker_walk_seed1_w002_b11_1m/scores.jsonl

--------------------[Agent Step 597_664]--------------------
Metrics filtered by: 'score|length|fps|ratio|train/loss/|train/acc/|train/inv/|train/rand/'
train/acc/inv 0.54 / train/inv/ce 1.57 / train/inv/confidence 0.25 / train/inv/confidence_gating 0 / train/inv/effective_rep_weight 0.02 / train/inv/head_objective 0.65 / train/inv/head_weight 0 / train/inv/objective 0.65 / train/inv/policy_weight_max 1 / train/inv/policy_weight_mean 1 / train/inv/policy_weight_min 1 / train/inv/policy_weight_std 0 / train/inv/valid_frac 1 / train/inv/weight 0.02 / train/loss/con 0.02 / train/loss/dyn 2.65 / train/loss/image 1.8 / train/loss/inv 0.01 / train/loss/policy -8.8e-3 / train/loss/rep 2.65 / train/loss/repval 0.75 / train/loss/rew 0.64 / train/loss/value 0.72 / replay/replay_ratio 264 / fps/policy 10.26 / fps/train 2626.19

Writing metrics: /home/zhangpeiying01/lfy/btwm-7.7/runs/btwm_dmc_walker_walk_seed1_w002_b11_1m/scores.jsonl
Writing metrics: /home/zhangpeiying01/lfy/btwm-7.7/runs/btwm_dmc_walker_walk_seed1_w002_b11_1m/metrics.jsonl

--------------------[Agent Step 598_896]--------------------
Metrics filtered by: 'score|length|fps|ratio|train/loss/|train/acc/|train/inv/|train/rand/'
train/acc/inv 0.54 / train/inv/ce 1.56 / train/inv/confidence 0.25 / train/inv/confidence_gating 0 / train/inv/effective_rep_weight 0.02 / train/inv/head_objective 0.65 / train/inv/head_weight 0 / train/inv/objective 0.65 / train/inv/policy_weight_max 1 / train/inv/policy_weight_mean 1 / train/inv/policy_weight_min 1 / train/inv/policy_weight_std 0 / train/inv/valid_frac 1 / train/inv/weight 0.02 / train/loss/con 0.02 / train/loss/dyn 2.62 / train/loss/image 1.83 / train/loss/inv 0.01 / train/loss/policy -7.4e-3 / train/loss/rep 2.62 / train/loss/repval 0.75 / train/loss/rew 0.64 / train/loss/value 0.73 / replay/replay_ratio 264 / fps/policy 10.27 / fps/train 2628.99

Writing metrics: /home/zhangpeiying01/lfy/btwm-7.7/runs/btwm_dmc_walker_walk_seed1_w002_b11_1m/metrics.jsonl
Writing metrics: /home/zhangpeiying01/lfy/btwm-7.7/runs/btwm_dmc_walker_walk_seed1_w002_b11_1m/scores.jsonl

--------------------[Agent Step 600_144]--------------------
Metrics filtered by: 'score|length|fps|ratio|train/loss/|train/acc/|train/inv/|train/rand/'
train/acc/inv 0.54 / train/inv/ce 1.57 / train/inv/confidence 0.25 / train/inv/confidence_gating 0 / train/inv/effective_rep_weight 0.02 / train/inv/head_objective 0.65 / train/inv/head_weight 0 / train/inv/objective 0.65 / train/inv/policy_weight_max 1 / train/inv/policy_weight_mean 1 / train/inv/policy_weight_min 1 / train/inv/policy_weight_std 0 / train/inv/valid_frac 1 / train/inv/weight 0.02 / train/loss/con 0.02 / train/loss/dyn 2.58 / train/loss/image 1.78 / train/loss/inv 0.01 / train/loss/policy -0.01 / train/loss/rep 2.58 / train/loss/repval 0.75 / train/loss/rew 0.64 / train/loss/value 0.73 / replay/replay_ratio 264 / fps/policy 10.29 / fps/train 2633.75

Writing metrics: /home/zhangpeiying01/lfy/btwm-7.7/runs/btwm_dmc_walker_walk_seed1_w002_b11_1m/metrics.jsonl
Writing metrics: /home/zhangpeiying01/lfy/btwm-7.7/runs/btwm_dmc_walker_walk_seed1_w002_b11_1m/scores.jsonl

--------------------[Agent Step 601_376]--------------------
Metrics filtered by: 'score|length|fps|ratio|train/loss/|train/acc/|train/inv/|train/rand/'
train/acc/inv 0.54 / train/inv/ce 1.56 / train/inv/confidence 0.25 / train/inv/confidence_gating 0 / train/inv/effective_rep_weight 0.02 / train/inv/head_objective 0.65 / train/inv/head_weight 0 / train/inv/objective 0.65 / train/inv/policy_weight_max 1 / train/inv/policy_weight_mean 1 / train/inv/policy_weight_min 1 / train/inv/policy_weight_std 0 / train/inv/valid_frac 1 / train/inv/weight 0.02 / train/loss/con 0.02 / train/loss/dyn 2.56 / train/loss/image 1.79 / train/loss/inv 0.01 / train/loss/policy -9.5e-3 / train/loss/rep 2.56 / train/loss/repval 0.75 / train/loss/rew 0.64 / train/loss/value 0.73 / replay/replay_ratio 264 / fps/policy 10.23 / fps/train 2619.31

Writing metrics: /home/zhangpeiying01/lfy/btwm-7.7/runs/btwm_dmc_walker_walk_seed1_w002_b11_1m/metrics.jsonl
Writing metrics: /home/zhangpeiying01/lfy/btwm-7.7/runs/btwm_dmc_walker_walk_seed1_w002_b11_1m/scores.jsonl

--------------------[Agent Step 602_624]--------------------
Metrics filtered by: 'score|length|fps|ratio|train/loss/|train/acc/|train/inv/|train/rand/'
train/acc/inv 0.54 / train/inv/ce 1.56 / train/inv/confidence 0.25 / train/inv/confidence_gating 0 / train/inv/effective_rep_weight 0.02 / train/inv/head_objective 0.65 / train/inv/head_weight 0 / train/inv/objective 0.65 / train/inv/policy_weight_max 1 / train/inv/policy_weight_mean 1 / train/inv/policy_weight_min 1 / train/inv/policy_weight_std 0 / train/inv/valid_frac 1 / train/inv/weight 0.02 / train/loss/con 0.02 / train/loss/dyn 2.51 / train/loss/image 1.78 / train/loss/inv 0.01 / train/loss/policy -7.5e-3 / train/loss/rep 2.51 / train/loss/repval 0.76 / train/loss/rew 0.64 / train/loss/value 0.73 / replay/replay_ratio 264 / fps/policy 10.29 / fps/train 2633.08

Writing metrics: /home/zhangpeiying01/lfy/btwm-7.7/runs/btwm_dmc_walker_walk_seed1_w002_b11_1m/metrics.jsonl
Writing metrics: /home/zhangpeiying01/lfy/btwm-7.7/runs/btwm_dmc_walker_walk_seed1_w002_b11_1m/scores.jsonl

--------------------[Agent Step 603_856]--------------------
Metrics filtered by: 'score|length|fps|ratio|train/loss/|train/acc/|train/inv/|train/rand/'
train/acc/inv 0.54 / train/inv/ce 1.57 / train/inv/confidence 0.25 / train/inv/confidence_gating 0 / train/inv/effective_rep_weight 0.02 / train/inv/head_objective 0.65 / train/inv/head_weight 0 / train/inv/objective 0.65 / train/inv/policy_weight_max 1 / train/inv/policy_weight_mean 1 / train/inv/policy_weight_min 1 / train/inv/policy_weight_std 0 / train/inv/valid_frac 1 / train/inv/weight 0.02 / train/loss/con 0.02 / train/loss/dyn 2.52 / train/loss/image 1.76 / train/loss/inv 0.01 / train/loss/policy -8.5e-3 / train/loss/rep 2.52 / train/loss/repval 0.75 / train/loss/rew 0.64 / train/loss/value 0.72 / replay/replay_ratio 264 / fps/policy 10.26 / fps/train 2626.2

Writing metrics: /home/zhangpeiying01/lfy/btwm-7.7/runs/btwm_dmc_walker_walk_seed1_w002_b11_1m/metrics.jsonl
Writing metrics: /home/zhangpeiying01/lfy/btwm-7.7/runs/btwm_dmc_walker_walk_seed1_w002_b11_1m/scores.jsonl

--------------------[Agent Step 605_104]--------------------
Metrics filtered by: 'score|length|fps|ratio|train/loss/|train/acc/|train/inv/|train/rand/'
train/acc/inv 0.54 / train/inv/ce 1.56 / train/inv/confidence 0.25 / train/inv/confidence_gating 0 / train/inv/effective_rep_weight 0.02 / train/inv/head_objective 0.65 / train/inv/head_weight 0 / train/inv/objective 0.65 / train/inv/policy_weight_max 1 / train/inv/policy_weight_mean 1 / train/inv/policy_weight_min 1 / train/inv/policy_weight_std 0 / train/inv/valid_frac 1 / train/inv/weight 0.02 / train/loss/con 0.02 / train/loss/dyn 2.57 / train/loss/image 1.78 / train/loss/inv 0.01 / train/loss/policy -8.5e-3 / train/loss/rep 2.57 / train/loss/repval 0.75 / train/loss/rew 0.64 / train/loss/value 0.72 / replay/replay_ratio 264 / fps/policy 10.27 / fps/train 2628.29

Writing metrics: /home/zhangpeiying01/lfy/btwm-7.7/runs/btwm_dmc_walker_walk_seed1_w002_b11_1m/metrics.jsonl
Writing metrics: /home/zhangpeiying01/lfy/btwm-7.7/runs/btwm_dmc_walker_walk_seed1_w002_b11_1m/scores.jsonl

--------------------[Agent Step 606_336]--------------------
Metrics filtered by: 'score|length|fps|ratio|train/loss/|train/acc/|train/inv/|train/rand/'
train/acc/inv 0.54 / train/inv/ce 1.57 / train/inv/confidence 0.25 / train/inv/confidence_gating 0 / train/inv/effective_rep_weight 0.02 / train/inv/head_objective 0.65 / train/inv/head_weight 0 / train/inv/objective 0.65 / train/inv/policy_weight_max 1 / train/inv/policy_weight_mean 1 / train/inv/policy_weight_min 1 / train/inv/policy_weight_std 0 / train/inv/valid_frac 1 / train/inv/weight 0.02 / train/loss/con 0.02 / train/loss/dyn 2.61 / train/loss/image 1.76 / train/loss/inv 0.01 / train/loss/policy -8.1e-3 / train/loss/rep 2.61 / train/loss/repval 0.75 / train/loss/rew 0.64 / train/loss/value 0.73 / replay/replay_ratio 264 / fps/policy 10.27 / fps/train 2629.23

Writing metrics: /home/zhangpeiying01/lfy/btwm-7.7/runs/btwm_dmc_walker_walk_seed1_w002_b11_1m/scores.jsonl
Writing metrics: /home/zhangpeiying01/lfy/btwm-7.7/runs/btwm_dmc_walker_walk_seed1_w002_b11_1m/metrics.jsonl

--------------------[Agent Step 607_584]--------------------
Metrics filtered by: 'score|length|fps|ratio|train/loss/|train/acc/|train/inv/|train/rand/'
train/acc/inv 0.54 / train/inv/ce 1.57 / train/inv/confidence 0.25 / train/inv/confidence_gating 0 / train/inv/effective_rep_weight 0.02 / train/inv/head_objective 0.65 / train/inv/head_weight 0 / train/inv/objective 0.65 / train/inv/policy_weight_max 1 / train/inv/policy_weight_mean 1 / train/inv/policy_weight_min 1 / train/inv/policy_weight_std 0 / train/inv/valid_frac 1 / train/inv/weight 0.02 / train/loss/con 0.02 / train/loss/dyn 2.68 / train/loss/image 1.77 / train/loss/inv 0.01 / train/loss/policy -9e-3 / train/loss/rep 2.68 / train/loss/repval 0.75 / train/loss/rew 0.64 / train/loss/value 0.73 / replay/replay_ratio 264 / fps/policy 10.29 / fps/train 2633.55

Writing metrics: /home/zhangpeiying01/lfy/btwm-7.7/runs/btwm_dmc_walker_walk_seed1_w002_b11_1m/metrics.jsonl
Writing metrics: /home/zhangpeiying01/lfy/btwm-7.7/runs/btwm_dmc_walker_walk_seed1_w002_b11_1m/scores.jsonl

--------------------[Agent Step 608_832]--------------------
Metrics filtered by: 'score|length|fps|ratio|train/loss/|train/acc/|train/inv/|train/rand/'
train/acc/inv 0.54 / train/inv/ce 1.56 / train/inv/confidence 0.25 / train/inv/confidence_gating 0 / train/inv/effective_rep_weight 0.02 / train/inv/head_objective 0.65 / train/inv/head_weight 0 / train/inv/objective 0.65 / train/inv/policy_weight_max 1 / train/inv/policy_weight_mean 1 / train/inv/policy_weight_min 1 / train/inv/policy_weight_std 0 / train/inv/valid_frac 1 / train/inv/weight 0.02 / train/loss/con 0.02 / train/loss/dyn 2.66 / train/loss/image 1.76 / train/loss/inv 0.01 / train/loss/policy -8.8e-3 / train/loss/rep 2.66 / train/loss/repval 0.75 / train/loss/rew 0.64 / train/loss/value 0.72 / replay/replay_ratio 264 / fps/policy 10.25 / fps/train 2623.36

Writing metrics: /home/zhangpeiying01/lfy/btwm-7.7/runs/btwm_dmc_walker_walk_seed1_w002_b11_1m/metrics.jsonl
Writing metrics: /home/zhangpeiying01/lfy/btwm-7.7/runs/btwm_dmc_walker_walk_seed1_w002_b11_1m/scores.jsonl

--------------------[Agent Step 610_064]--------------------
Metrics filtered by: 'score|length|fps|ratio|train/loss/|train/acc/|train/inv/|train/rand/'
episode/score 940.39 / episode/length 1001 / train/acc/inv 0.54 / train/inv/ce 1.57 / train/inv/confidence 0.25 / train/inv/confidence_gating 0 / train/inv/effective_rep_weight 0.02 / train/inv/head_objective 0.66 / train/inv/head_weight 0 / train/inv/objective 0.66 / train/inv/policy_weight_max 1 / train/inv/policy_weight_mean 1 / train/inv/policy_weight_min 1 / train/inv/policy_weight_std 0 / train/inv/valid_frac 1 / train/inv/weight 0.02 / train/loss/con 0.02 / train/loss/dyn 2.67 / train/loss/image 1.88 / train/loss/inv 0.01 / train/loss/policy -7.4e-3 / train/loss/rep 2.67 / train/loss/repval 0.75 / train/loss/rew 0.64 / train/loss/value 0.72 / replay/replay_ratio 264 / fps/policy 10.25 / fps/train 2624.85

Writing metrics: /home/zhangpeiying01/lfy/btwm-7.7/runs/btwm_dmc_walker_walk_seed1_w002_b11_1m/metrics.jsonl
Writing metrics: /home/zhangpeiying01/lfy/btwm-7.7/runs/btwm_dmc_walker_walk_seed1_w002_b11_1m/scores.jsonl

--------------------[Agent Step 611_312]--------------------
Metrics filtered by: 'score|length|fps|ratio|train/loss/|train/acc/|train/inv/|train/rand/'
train/acc/inv 0.54 / train/inv/ce 1.57 / train/inv/confidence 0.25 / train/inv/confidence_gating 0 / train/inv/effective_rep_weight 0.02 / train/inv/head_objective 0.66 / train/inv/head_weight 0 / train/inv/objective 0.66 / train/inv/policy_weight_max 1 / train/inv/policy_weight_mean 1 / train/inv/policy_weight_min 1 / train/inv/policy_weight_std 0 / train/inv/valid_frac 1 / train/inv/weight 0.02 / train/loss/con 0.02 / train/loss/dyn 2.58 / train/loss/image 1.81 / train/loss/inv 0.01 / train/loss/policy -8.8e-3 / train/loss/rep 2.58 / train/loss/repval 0.75 / train/loss/rew 0.64 / train/loss/value 0.72 / replay/replay_ratio 264 / fps/policy 10.29 / fps/train 2633.5

Writing metrics: /home/zhangpeiying01/lfy/btwm-7.7/runs/btwm_dmc_walker_walk_seed1_w002_b11_1m/metrics.jsonl
Writing metrics: /home/zhangpeiying01/lfy/btwm-7.7/runs/btwm_dmc_walker_walk_seed1_w002_b11_1m/scores.jsonl

--------------------[Agent Step 612_560]--------------------
Metrics filtered by: 'score|length|fps|ratio|train/loss/|train/acc/|train/inv/|train/rand/'
train/acc/inv 0.54 / train/inv/ce 1.58 / train/inv/confidence 0.25 / train/inv/confidence_gating 0 / train/inv/effective_rep_weight 0.02 / train/inv/head_objective 0.66 / train/inv/head_weight 0 / train/inv/objective 0.66 / train/inv/policy_weight_max 1 / train/inv/policy_weight_mean 1 / train/inv/policy_weight_min 1 / train/inv/policy_weight_std 0 / train/inv/valid_frac 1 / train/inv/weight 0.02 / train/loss/con 0.02 / train/loss/dyn 2.56 / train/loss/image 1.79 / train/loss/inv 0.01 / train/loss/policy -8.1e-3 / train/loss/rep 2.56 / train/loss/repval 0.75 / train/loss/rew 0.64 / train/loss/value 0.72 / replay/replay_ratio 264 / fps/policy 10.27 / fps/train 2629.66

Writing metrics: /home/zhangpeiying01/lfy/btwm-7.7/runs/btwm_dmc_walker_walk_seed1_w002_b11_1m/metrics.jsonl
Writing metrics: /home/zhangpeiying01/lfy/btwm-7.7/runs/btwm_dmc_walker_walk_seed1_w002_b11_1m/scores.jsonl

--------------------[Agent Step 613_808]--------------------
Metrics filtered by: 'score|length|fps|ratio|train/loss/|train/acc/|train/inv/|train/rand/'
train/acc/inv 0.54 / train/inv/ce 1.57 / train/inv/confidence 0.25 / train/inv/confidence_gating 0 / train/inv/effective_rep_weight 0.02 / train/inv/head_objective 0.65 / train/inv/head_weight 0 / train/inv/objective 0.65 / train/inv/policy_weight_max 1 / train/inv/policy_weight_mean 1 / train/inv/policy_weight_min 1 / train/inv/policy_weight_std 0 / train/inv/valid_frac 1 / train/inv/weight 0.02 / train/loss/con 0.02 / train/loss/dyn 2.5 / train/loss/image 1.77 / train/loss/inv 0.01 / train/loss/policy -0.01 / train/loss/rep 2.5 / train/loss/repval 0.75 / train/loss/rew 0.64 / train/loss/value 0.72 / replay/replay_ratio 264 / fps/policy 10.27 / fps/train 2630.33

Writing metrics: /home/zhangpeiying01/lfy/btwm-7.7/runs/btwm_dmc_walker_walk_seed1_w002_b11_1m/metrics.jsonl
Writing metrics: /home/zhangpeiying01/lfy/btwm-7.7/runs/btwm_dmc_walker_walk_seed1_w002_b11_1m/scores.jsonl

--------------------[Agent Step 615_056]--------------------
Metrics filtered by: 'score|length|fps|ratio|train/loss/|train/acc/|train/inv/|train/rand/'
train/acc/inv 0.54 / train/inv/ce 1.57 / train/inv/confidence 0.25 / train/inv/confidence_gating 0 / train/inv/effective_rep_weight 0.02 / train/inv/head_objective 0.65 / train/inv/head_weight 0 / train/inv/objective 0.65 / train/inv/policy_weight_max 1 / train/inv/policy_weight_mean 1 / train/inv/policy_weight_min 1 / train/inv/policy_weight_std 0 / train/inv/valid_frac 1 / train/inv/weight 0.02 / train/loss/con 0.02 / train/loss/dyn 2.53 / train/loss/image 1.78 / train/loss/inv 0.01 / train/loss/policy -0.01 / train/loss/rep 2.53 / train/loss/repval 0.75 / train/loss/rew 0.64 / train/loss/value 0.72 / replay/replay_ratio 264 / fps/policy 10.23 / fps/train 2618.3

Writing metrics: /home/zhangpeiying01/lfy/btwm-7.7/runs/btwm_dmc_walker_walk_seed1_w002_b11_1m/metrics.jsonl
Writing metrics: /home/zhangpeiying01/lfy/btwm-7.7/runs/btwm_dmc_walker_walk_seed1_w002_b11_1m/scores.jsonl

--------------------[Agent Step 616_288]--------------------
Metrics filtered by: 'score|length|fps|ratio|train/loss/|train/acc/|train/inv/|train/rand/'
train/acc/inv 0.54 / train/inv/ce 1.57 / train/inv/confidence 0.25 / train/inv/confidence_gating 0 / train/inv/effective_rep_weight 0.02 / train/inv/head_objective 0.66 / train/inv/head_weight 0 / train/inv/objective 0.66 / train/inv/policy_weight_max 1 / train/inv/policy_weight_mean 1 / train/inv/policy_weight_min 1 / train/inv/policy_weight_std 0 / train/inv/valid_frac 1 / train/inv/weight 0.02 / train/loss/con 0.02 / train/loss/dyn 2.6 / train/loss/image 1.75 / train/loss/inv 0.01 / train/loss/policy -0.01 / train/loss/rep 2.6 / train/loss/repval 0.75 / train/loss/rew 0.64 / train/loss/value 0.72 / replay/replay_ratio 264 / fps/policy 10.28 / fps/train 2632.72

Writing metrics: /home/zhangpeiying01/lfy/btwm-7.7/runs/btwm_dmc_walker_walk_seed1_w002_b11_1m/metrics.jsonl
Writing metrics: /home/zhangpeiying01/lfy/btwm-7.7/runs/btwm_dmc_walker_walk_seed1_w002_b11_1m/scores.jsonl

--------------------[Agent Step 617_536]--------------------
Metrics filtered by: 'score|length|fps|ratio|train/loss/|train/acc/|train/inv/|train/rand/'
train/acc/inv 0.54 / train/inv/ce 1.57 / train/inv/confidence 0.25 / train/inv/confidence_gating 0 / train/inv/effective_rep_weight 0.02 / train/inv/head_objective 0.66 / train/inv/head_weight 0 / train/inv/objective 0.66 / train/inv/policy_weight_max 1 / train/inv/policy_weight_mean 1 / train/inv/policy_weight_min 1 / train/inv/policy_weight_std 0 / train/inv/valid_frac 1 / train/inv/weight 0.02 / train/loss/con 0.02 / train/loss/dyn 2.64 / train/loss/image 1.76 / train/loss/inv 0.01 / train/loss/policy -0.01 / train/loss/rep 2.64 / train/loss/repval 0.75 / train/loss/rew 0.64 / train/loss/value 0.72 / replay/replay_ratio 264 / fps/policy 10.25 / fps/train 2624.37

Writing metrics: /home/zhangpeiying01/lfy/btwm-7.7/runs/btwm_dmc_walker_walk_seed1_w002_b11_1m/metrics.jsonl
Writing metrics: /home/zhangpeiying01/lfy/btwm-7.7/runs/btwm_dmc_walker_walk_seed1_w002_b11_1m/scores.jsonl

--------------------[Agent Step 618_768]--------------------
Metrics filtered by: 'score|length|fps|ratio|train/loss/|train/acc/|train/inv/|train/rand/'
train/acc/inv 0.54 / train/inv/ce 1.57 / train/inv/confidence 0.25 / train/inv/confidence_gating 0 / train/inv/effective_rep_weight 0.02 / train/inv/head_objective 0.65 / train/inv/head_weight 0 / train/inv/objective 0.65 / train/inv/policy_weight_max 1 / train/inv/policy_weight_mean 1 / train/inv/policy_weight_min 1 / train/inv/policy_weight_std 0 / train/inv/valid_frac 1 / train/inv/weight 0.02 / train/loss/con 0.02 / train/loss/dyn 2.52 / train/loss/image 1.75 / train/loss/inv 0.01 / train/loss/policy -0.01 / train/loss/rep 2.52 / train/loss/repval 0.75 / train/loss/rew 0.64 / train/loss/value 0.73 / replay/replay_ratio 264 / fps/policy 10.28 / fps/train 2631.51

Writing metrics: /home/zhangpeiying01/lfy/btwm-7.7/runs/btwm_dmc_walker_walk_seed1_w002_b11_1m/metrics.jsonl
Writing metrics: /home/zhangpeiying01/lfy/btwm-7.7/runs/btwm_dmc_walker_walk_seed1_w002_b11_1m/scores.jsonl

--------------------[Agent Step 620_016]--------------------
Metrics filtered by: 'score|length|fps|ratio|train/loss/|train/acc/|train/inv/|train/rand/'
train/acc/inv 0.54 / train/inv/ce 1.57 / train/inv/confidence 0.25 / train/inv/confidence_gating 0 / train/inv/effective_rep_weight 0.02 / train/inv/head_objective 0.65 / train/inv/head_weight 0 / train/inv/objective 0.65 / train/inv/policy_weight_max 1 / train/inv/policy_weight_mean 1 / train/inv/policy_weight_min 1 / train/inv/policy_weight_std 0 / train/inv/valid_frac 1 / train/inv/weight 0.02 / train/loss/con 0.02 / train/loss/dyn 2.57 / train/loss/image 1.75 / train/loss/inv 0.01 / train/loss/policy -9.5e-3 / train/loss/rep 2.57 / train/loss/repval 0.75 / train/loss/rew 0.64 / train/loss/value 0.73 / replay/replay_ratio 264 / fps/policy 10.29 / fps/train 2634.24

Writing metrics: /home/zhangpeiying01/lfy/btwm-7.7/runs/btwm_dmc_walker_walk_seed1_w002_b11_1m/metrics.jsonl
Writing metrics: /home/zhangpeiying01/lfy/btwm-7.7/runs/btwm_dmc_walker_walk_seed1_w002_b11_1m/scores.jsonl

--------------------[Agent Step 621_264]--------------------
Metrics filtered by: 'score|length|fps|ratio|train/loss/|train/acc/|train/inv/|train/rand/'
train/acc/inv 0.54 / train/inv/ce 1.57 / train/inv/confidence 0.25 / train/inv/confidence_gating 0 / train/inv/effective_rep_weight 0.02 / train/inv/head_objective 0.66 / train/inv/head_weight 0 / train/inv/objective 0.66 / train/inv/policy_weight_max 1 / train/inv/policy_weight_mean 1 / train/inv/policy_weight_min 1 / train/inv/policy_weight_std 0 / train/inv/valid_frac 1 / train/inv/weight 0.02 / train/loss/con 0.02 / train/loss/dyn 2.53 / train/loss/image 1.75 / train/loss/inv 0.01 / train/loss/policy -0.01 / train/loss/rep 2.53 / train/loss/repval 0.75 / train/loss/rew 0.64 / train/loss/value 0.73 / replay/replay_ratio 264 / fps/policy 10.29 / fps/train 2634.88

Writing metrics: /home/zhangpeiying01/lfy/btwm-7.7/runs/btwm_dmc_walker_walk_seed1_w002_b11_1m/scores.jsonl
Writing metrics: /home/zhangpeiying01/lfy/btwm-7.7/runs/btwm_dmc_walker_walk_seed1_w002_b11_1m/metrics.jsonl

--------------------[Agent Step 622_496]--------------------
Metrics filtered by: 'score|length|fps|ratio|train/loss/|train/acc/|train/inv/|train/rand/'
train/acc/inv 0.54 / train/inv/ce 1.57 / train/inv/confidence 0.25 / train/inv/confidence_gating 0 / train/inv/effective_rep_weight 0.02 / train/inv/head_objective 0.65 / train/inv/head_weight 0 / train/inv/objective 0.65 / train/inv/policy_weight_max 1 / train/inv/policy_weight_mean 1 / train/inv/policy_weight_min 1 / train/inv/policy_weight_std 0 / train/inv/valid_frac 1 / train/inv/weight 0.02 / train/loss/con 0.02 / train/loss/dyn 2.58 / train/loss/image 1.76 / train/loss/inv 0.01 / train/loss/policy -0.01 / train/loss/rep 2.58 / train/loss/repval 0.75 / train/loss/rew 0.64 / train/loss/value 0.73 / replay/replay_ratio 264 / fps/policy 10.25 / fps/train 2624.96

Writing metrics: /home/zhangpeiying01/lfy/btwm-7.7/runs/btwm_dmc_walker_walk_seed1_w002_b11_1m/scores.jsonl
Writing metrics: /home/zhangpeiying01/lfy/btwm-7.7/runs/btwm_dmc_walker_walk_seed1_w002_b11_1m/metrics.jsonl

--------------------[Agent Step 623_744]--------------------
Metrics filtered by: 'score|length|fps|ratio|train/loss/|train/acc/|train/inv/|train/rand/'
train/acc/inv 0.54 / train/inv/ce 1.57 / train/inv/confidence 0.25 / train/inv/confidence_gating 0 / train/inv/effective_rep_weight 0.02 / train/inv/head_objective 0.65 / train/inv/head_weight 0 / train/inv/objective 0.65 / train/inv/policy_weight_max 1 / train/inv/policy_weight_mean 1 / train/inv/policy_weight_min 1 / train/inv/policy_weight_std 0 / train/inv/valid_frac 1 / train/inv/weight 0.02 / train/loss/con 0.02 / train/loss/dyn 2.72 / train/loss/image 1.75 / train/loss/inv 0.01 / train/loss/policy -0.01 / train/loss/rep 2.72 / train/loss/repval 0.75 / train/loss/rew 0.65 / train/loss/value 0.73 / replay/replay_ratio 264 / fps/policy 10.29 / fps/train 2634.73

Writing metrics: /home/zhangpeiying01/lfy/btwm-7.7/runs/btwm_dmc_walker_walk_seed1_w002_b11_1m/metrics.jsonl
Writing metrics: /home/zhangpeiying01/lfy/btwm-7.7/runs/btwm_dmc_walker_walk_seed1_w002_b11_1m/scores.jsonl

--------------------[Agent Step 624_976]--------------------
Metrics filtered by: 'score|length|fps|ratio|train/loss/|train/acc/|train/inv/|train/rand/'
episode/score 952 / episode/length 1001 / train/acc/inv 0.54 / train/inv/ce 1.57 / train/inv/confidence 0.25 / train/inv/confidence_gating 0 / train/inv/effective_rep_weight 0.02 / train/inv/head_objective 0.65 / train/inv/head_weight 0 / train/inv/objective 0.65 / train/inv/policy_weight_max 1 / train/inv/policy_weight_mean 1 / train/inv/policy_weight_min 1 / train/inv/policy_weight_std 0 / train/inv/valid_frac 1 / train/inv/weight 0.02 / train/loss/con 0.02 / train/loss/dyn 2.71 / train/loss/image 1.75 / train/loss/inv 0.01 / train/loss/policy -9.7e-3 / train/loss/rep 2.71 / train/loss/repval 0.75 / train/loss/rew 0.65 / train/loss/value 0.73 / replay/replay_ratio 264 / fps/policy 10.26 / fps/train 2627.69

Writing metrics: /home/zhangpeiying01/lfy/btwm-7.7/runs/btwm_dmc_walker_walk_seed1_w002_b11_1m/scores.jsonl
Writing metrics: /home/zhangpeiying01/lfy/btwm-7.7/runs/btwm_dmc_walker_walk_seed1_w002_b11_1m/metrics.jsonl

--------------------[Agent Step 626_224]--------------------
Metrics filtered by: 'score|length|fps|ratio|train/loss/|train/acc/|train/inv/|train/rand/'
train/acc/inv 0.54 / train/inv/ce 1.58 / train/inv/confidence 0.25 / train/inv/confidence_gating 0 / train/inv/effective_rep_weight 0.02 / train/inv/head_objective 0.66 / train/inv/head_weight 0 / train/inv/objective 0.66 / train/inv/policy_weight_max 1 / train/inv/policy_weight_mean 1 / train/inv/policy_weight_min 1 / train/inv/policy_weight_std 0 / train/inv/valid_frac 1 / train/inv/weight 0.02 / train/loss/con 0.02 / train/loss/dyn 2.67 / train/loss/image 1.86 / train/loss/inv 0.01 / train/loss/policy -7.2e-3 / train/loss/rep 2.67 / train/loss/repval 0.75 / train/loss/rew 0.65 / train/loss/value 0.72 / replay/replay_ratio 264 / fps/policy 10.29 / fps/train 2635.05

Writing metrics: /home/zhangpeiying01/lfy/btwm-7.7/runs/btwm_dmc_walker_walk_seed1_w002_b11_1m/metrics.jsonl
Writing metrics: /home/zhangpeiying01/lfy/btwm-7.7/runs/btwm_dmc_walker_walk_seed1_w002_b11_1m/scores.jsonl

--------------------[Agent Step 627_472]--------------------
Metrics filtered by: 'score|length|fps|ratio|train/loss/|train/acc/|train/inv/|train/rand/'
train/acc/inv 0.54 / train/inv/ce 1.58 / train/inv/confidence 0.25 / train/inv/confidence_gating 0 / train/inv/effective_rep_weight 0.02 / train/inv/head_objective 0.66 / train/inv/head_weight 0 / train/inv/objective 0.66 / train/inv/policy_weight_max 1 / train/inv/policy_weight_mean 1 / train/inv/policy_weight_min 1 / train/inv/policy_weight_std 0 / train/inv/valid_frac 1 / train/inv/weight 0.02 / train/loss/con 0.02 / train/loss/dyn 2.61 / train/loss/image 1.81 / train/loss/inv 0.01 / train/loss/policy -3.9e-3 / train/loss/rep 2.61 / train/loss/repval 0.75 / train/loss/rew 0.65 / train/loss/value 0.72 / replay/replay_ratio 264 / fps/policy 10.28 / fps/train 2630.95

Writing metrics: /home/zhangpeiying01/lfy/btwm-7.7/runs/btwm_dmc_walker_walk_seed1_w002_b11_1m/metrics.jsonl
Writing metrics: /home/zhangpeiying01/lfy/btwm-7.7/runs/btwm_dmc_walker_walk_seed1_w002_b11_1m/scores.jsonl

--------------------[Agent Step 628_704]--------------------
Metrics filtered by: 'score|length|fps|ratio|train/loss/|train/acc/|train/inv/|train/rand/'
train/acc/inv 0.54 / train/inv/ce 1.57 / train/inv/confidence 0.25 / train/inv/confidence_gating 0 / train/inv/effective_rep_weight 0.02 / train/inv/head_objective 0.65 / train/inv/head_weight 0 / train/inv/objective 0.65 / train/inv/policy_weight_max 1 / train/inv/policy_weight_mean 1 / train/inv/policy_weight_min 1 / train/inv/policy_weight_std 0 / train/inv/valid_frac 1 / train/inv/weight 0.02 / train/loss/con 0.02 / train/loss/dyn 2.59 / train/loss/image 1.77 / train/loss/inv 0.01 / train/loss/policy -6.6e-3 / train/loss/rep 2.59 / train/loss/repval 0.75 / train/loss/rew 0.64 / train/loss/value 0.72 / replay/replay_ratio 264 / fps/policy 10.22 / fps/train 2616.5

Writing metrics: /home/zhangpeiying01/lfy/btwm-7.7/runs/btwm_dmc_walker_walk_seed1_w002_b11_1m/metrics.jsonl
Writing metrics: /home/zhangpeiying01/lfy/btwm-7.7/runs/btwm_dmc_walker_walk_seed1_w002_b11_1m/scores.jsonl

--------------------[Agent Step 629_936]--------------------
Metrics filtered by: 'score|length|fps|ratio|train/loss/|train/acc/|train/inv/|train/rand/'
train/acc/inv 0.54 / train/inv/ce 1.57 / train/inv/confidence 0.25 / train/inv/confidence_gating 0 / train/inv/effective_rep_weight 0.02 / train/inv/head_objective 0.65 / train/inv/head_weight 0 / train/inv/objective 0.65 / train/inv/policy_weight_max 1 / train/inv/policy_weight_mean 1 / train/inv/policy_weight_min 1 / train/inv/policy_weight_std 0 / train/inv/valid_frac 1 / train/inv/weight 0.02 / train/loss/con 0.02 / train/loss/dyn 2.67 / train/loss/image 1.76 / train/loss/inv 0.01 / train/loss/policy -0.01 / train/loss/rep 2.67 / train/loss/repval 0.75 / train/loss/rew 0.64 / train/loss/value 0.73 / replay/replay_ratio 264 / fps/policy 10.28 / fps/train 2632.89

Writing metrics: /home/zhangpeiying01/lfy/btwm-7.7/runs/btwm_dmc_walker_walk_seed1_w002_b11_1m/metrics.jsonl
Writing metrics: /home/zhangpeiying01/lfy/btwm-7.7/runs/btwm_dmc_walker_walk_seed1_w002_b11_1m/scores.jsonl

--------------------[Agent Step 631_184]--------------------
Metrics filtered by: 'score|length|fps|ratio|train/loss/|train/acc/|train/inv/|train/rand/'
train/acc/inv 0.54 / train/inv/ce 1.56 / train/inv/confidence 0.25 / train/inv/confidence_gating 0 / train/inv/effective_rep_weight 0.02 / train/inv/head_objective 0.65 / train/inv/head_weight 0 / train/inv/objective 0.65 / train/inv/policy_weight_max 1 / train/inv/policy_weight_mean 1 / train/inv/policy_weight_min 1 / train/inv/policy_weight_std 0 / train/inv/valid_frac 1 / train/inv/weight 0.02 / train/loss/con 0.02 / train/loss/dyn 2.67 / train/loss/image 1.79 / train/loss/inv 0.01 / train/loss/policy -7.9e-3 / train/loss/rep 2.67 / train/loss/repval 0.75 / train/loss/rew 0.64 / train/loss/value 0.73 / replay/replay_ratio 264 / fps/policy 10.28 / fps/train 2632.27

Writing metrics: /home/zhangpeiying01/lfy/btwm-7.7/runs/btwm_dmc_walker_walk_seed1_w002_b11_1m/metrics.jsonl
Writing metrics: /home/zhangpeiying01/lfy/btwm-7.7/runs/btwm_dmc_walker_walk_seed1_w002_b11_1m/scores.jsonl

--------------------[Agent Step 632_432]--------------------
Metrics filtered by: 'score|length|fps|ratio|train/loss/|train/acc/|train/inv/|train/rand/'
train/acc/inv 0.54 / train/inv/ce 1.57 / train/inv/confidence 0.25 / train/inv/confidence_gating 0 / train/inv/effective_rep_weight 0.02 / train/inv/head_objective 0.65 / train/inv/head_weight 0 / train/inv/objective 0.65 / train/inv/policy_weight_max 1 / train/inv/policy_weight_mean 1 / train/inv/policy_weight_min 1 / train/inv/policy_weight_std 0 / train/inv/valid_frac 1 / train/inv/weight 0.02 / train/loss/con 0.02 / train/loss/dyn 2.56 / train/loss/image 1.74 / train/loss/inv 0.01 / train/loss/policy -6.2e-3 / train/loss/rep 2.56 / train/loss/repval 0.75 / train/loss/rew 0.64 / train/loss/value 0.72 / replay/replay_ratio 264 / fps/policy 10.29 / fps/train 2632.98

Writing metrics: /home/zhangpeiying01/lfy/btwm-7.7/runs/btwm_dmc_walker_walk_seed1_w002_b11_1m/metrics.jsonl
Writing metrics: /home/zhangpeiying01/lfy/btwm-7.7/runs/btwm_dmc_walker_walk_seed1_w002_b11_1m/scores.jsonl
Saving checkpoint: /home/zhangpeiying01/lfy/btwm-7.7/runs/btwm_dmc_walker_walk_seed1_w002_b11_1m/ckpt/20260716T074703F601219
Saved checkpoint.

--------------------[Agent Step 633_648]--------------------
Metrics filtered by: 'score|length|fps|ratio|train/loss/|train/acc/|train/inv/|train/rand/'
train/acc/inv 0.54 / train/inv/ce 1.57 / train/inv/confidence 0.25 / train/inv/confidence_gating 0 / train/inv/effective_rep_weight 0.02 / train/inv/head_objective 0.65 / train/inv/head_weight 0 / train/inv/objective 0.65 / train/inv/policy_weight_max 1 / train/inv/policy_weight_mean 1 / train/inv/policy_weight_min 1 / train/inv/policy_weight_std 0 / train/inv/valid_frac 1 / train/inv/weight 0.02 / train/loss/con 0.02 / train/loss/dyn 2.67 / train/loss/image 1.76 / train/loss/inv 0.01 / train/loss/policy -7.9e-3 / train/loss/rep 2.67 / train/loss/repval 0.75 / train/loss/rew 0.64 / train/loss/value 0.72 / replay/replay_ratio 264 / fps/policy 10.08 / fps/train 2579.54

Writing metrics: /home/zhangpeiying01/lfy/btwm-7.7/runs/btwm_dmc_walker_walk_seed1_w002_b11_1m/metrics.jsonl
Writing metrics: /home/zhangpeiying01/lfy/btwm-7.7/runs/btwm_dmc_walker_walk_seed1_w002_b11_1m/scores.jsonl

--------------------[Agent Step 634_880]--------------------
Metrics filtered by: 'score|length|fps|ratio|train/loss/|train/acc/|train/inv/|train/rand/'
train/acc/inv 0.54 / train/inv/ce 1.56 / train/inv/confidence 0.25 / train/inv/confidence_gating 0 / train/inv/effective_rep_weight 0.02 / train/inv/head_objective 0.65 / train/inv/head_weight 0 / train/inv/objective 0.65 / train/inv/policy_weight_max 1 / train/inv/policy_weight_mean 1 / train/inv/policy_weight_min 1 / train/inv/policy_weight_std 0 / train/inv/valid_frac 1 / train/inv/weight 0.02 / train/loss/con 0.02 / train/loss/dyn 2.62 / train/loss/image 1.77 / train/loss/inv 0.01 / train/loss/policy -8.2e-3 / train/loss/rep 2.62 / train/loss/repval 0.75 / train/loss/rew 0.64 / train/loss/value 0.72 / replay/replay_ratio 264 / fps/policy 10.26 / fps/train 2627.26

Writing metrics: /home/zhangpeiying01/lfy/btwm-7.7/runs/btwm_dmc_walker_walk_seed1_w002_b11_1m/metrics.jsonl
Writing metrics: /home/zhangpeiying01/lfy/btwm-7.7/runs/btwm_dmc_walker_walk_seed1_w002_b11_1m/scores.jsonl

--------------------[Agent Step 636_112]--------------------
Metrics filtered by: 'score|length|fps|ratio|train/loss/|train/acc/|train/inv/|train/rand/'
train/acc/inv 0.54 / train/inv/ce 1.56 / train/inv/confidence 0.25 / train/inv/confidence_gating 0 / train/inv/effective_rep_weight 0.02 / train/inv/head_objective 0.65 / train/inv/head_weight 0 / train/inv/objective 0.65 / train/inv/policy_weight_max 1 / train/inv/policy_weight_mean 1 / train/inv/policy_weight_min 1 / train/inv/policy_weight_std 0 / train/inv/valid_frac 1 / train/inv/weight 0.02 / train/loss/con 0.02 / train/loss/dyn 2.64 / train/loss/image 1.76 / train/loss/inv 0.01 / train/loss/policy -6.6e-3 / train/loss/rep 2.64 / train/loss/repval 0.74 / train/loss/rew 0.64 / train/loss/value 0.72 / replay/replay_ratio 264 / fps/policy 10.28 / fps/train 2630.74

Writing metrics: /home/zhangpeiying01/lfy/btwm-7.7/runs/btwm_dmc_walker_walk_seed1_w002_b11_1m/metrics.jsonl
Writing metrics: /home/zhangpeiying01/lfy/btwm-7.7/runs/btwm_dmc_walker_walk_seed1_w002_b11_1m/scores.jsonl

--------------------[Agent Step 637_344]--------------------
Metrics filtered by: 'score|length|fps|ratio|train/loss/|train/acc/|train/inv/|train/rand/'
train/acc/inv 0.54 / train/inv/ce 1.56 / train/inv/confidence 0.25 / train/inv/confidence_gating 0 / train/inv/effective_rep_weight 0.02 / train/inv/head_objective 0.65 / train/inv/head_weight 0 / train/inv/objective 0.65 / train/inv/policy_weight_max 1 / train/inv/policy_weight_mean 1 / train/inv/policy_weight_min 1 / train/inv/policy_weight_std 0 / train/inv/valid_frac 1 / train/inv/weight 0.02 / train/loss/con 0.02 / train/loss/dyn 2.76 / train/loss/image 1.76 / train/loss/inv 0.01 / train/loss/policy -7.9e-3 / train/loss/rep 2.76 / train/loss/repval 0.74 / train/loss/rew 0.64 / train/loss/value 0.72 / replay/replay_ratio 264 / fps/policy 10.24 / fps/train 2620.36

Writing metrics: /home/zhangpeiying01/lfy/btwm-7.7/runs/btwm_dmc_walker_walk_seed1_w002_b11_1m/metrics.jsonl
Writing metrics: /home/zhangpeiying01/lfy/btwm-7.7/runs/btwm_dmc_walker_walk_seed1_w002_b11_1m/scores.jsonl

--------------------[Agent Step 638_576]--------------------
Metrics filtered by: 'score|length|fps|ratio|train/loss/|train/acc/|train/inv/|train/rand/'
train/acc/inv 0.54 / train/inv/ce 1.56 / train/inv/confidence 0.25 / train/inv/confidence_gating 0 / train/inv/effective_rep_weight 0.02 / train/inv/head_objective 0.65 / train/inv/head_weight 0 / train/inv/objective 0.65 / train/inv/policy_weight_max 1 / train/inv/policy_weight_mean 1 / train/inv/policy_weight_min 1 / train/inv/policy_weight_std 0 / train/inv/valid_frac 1 / train/inv/weight 0.02 / train/loss/con 0.02 / train/loss/dyn 2.66 / train/loss/image 1.74 / train/loss/inv 0.01 / train/loss/policy -0.01 / train/loss/rep 2.66 / train/loss/repval 0.74 / train/loss/rew 0.64 / train/loss/value 0.72 / replay/replay_ratio 264 / fps/policy 10.28 / fps/train 2631.44

Writing metrics: /home/zhangpeiying01/lfy/btwm-7.7/runs/btwm_dmc_walker_walk_seed1_w002_b11_1m/metrics.jsonl
Writing metrics: /home/zhangpeiying01/lfy/btwm-7.7/runs/btwm_dmc_walker_walk_seed1_w002_b11_1m/scores.jsonl

--------------------[Agent Step 639_824]--------------------
Metrics filtered by: 'score|length|fps|ratio|train/loss/|train/acc/|train/inv/|train/rand/'
train/acc/inv 0.54 / train/inv/ce 1.56 / train/inv/confidence 0.25 / train/inv/confidence_gating 0 / train/inv/effective_rep_weight 0.02 / train/inv/head_objective 0.65 / train/inv/head_weight 0 / train/inv/objective 0.65 / train/inv/policy_weight_max 1 / train/inv/policy_weight_mean 1 / train/inv/policy_weight_min 1 / train/inv/policy_weight_std 0 / train/inv/valid_frac 1 / train/inv/weight 0.02 / train/loss/con 0.02 / train/loss/dyn 2.74 / train/loss/image 1.75 / train/loss/inv 0.01 / train/loss/policy -8.4e-3 / train/loss/rep 2.74 / train/loss/repval 0.75 / train/loss/rew 0.64 / train/loss/value 0.72 / replay/replay_ratio 264 / fps/policy 10.27 / fps/train 2630.06

Writing metrics: /home/zhangpeiying01/lfy/btwm-7.7/runs/btwm_dmc_walker_walk_seed1_w002_b11_1m/metrics.jsonl
Writing metrics: /home/zhangpeiying01/lfy/btwm-7.7/runs/btwm_dmc_walker_walk_seed1_w002_b11_1m/scores.jsonl

--------------------[Agent Step 641_056]--------------------
Metrics filtered by: 'score|length|fps|ratio|train/loss/|train/acc/|train/inv/|train/rand/'
episode/score 953.99 / episode/length 1001 / train/acc/inv 0.54 / train/inv/ce 1.57 / train/inv/confidence 0.25 / train/inv/confidence_gating 0 / train/inv/effective_rep_weight 0.02 / train/inv/head_objective 0.65 / train/inv/head_weight 0 / train/inv/objective 0.65 / train/inv/policy_weight_max 1 / train/inv/policy_weight_mean 1 / train/inv/policy_weight_min 1 / train/inv/policy_weight_std 0 / train/inv/valid_frac 1 / train/inv/weight 0.02 / train/loss/con 0.02 / train/loss/dyn 2.73 / train/loss/image 1.74 / train/loss/inv 0.01 / train/loss/policy -8.7e-3 / train/loss/rep 2.73 / train/loss/repval 0.75 / train/loss/rew 0.65 / train/loss/value 0.72 / replay/replay_ratio 264 / fps/policy 10.26 / fps/train 2626.23

Writing metrics: /home/zhangpeiying01/lfy/btwm-7.7/runs/btwm_dmc_walker_walk_seed1_w002_b11_1m/metrics.jsonl
Writing metrics: /home/zhangpeiying01/lfy/btwm-7.7/runs/btwm_dmc_walker_walk_seed1_w002_b11_1m/scores.jsonl

--------------------[Agent Step 642_288]--------------------
Metrics filtered by: 'score|length|fps|ratio|train/loss/|train/acc/|train/inv/|train/rand/'
train/acc/inv 0.54 / train/inv/ce 1.58 / train/inv/confidence 0.24 / train/inv/confidence_gating 0 / train/inv/effective_rep_weight 0.02 / train/inv/head_objective 0.66 / train/inv/head_weight 0 / train/inv/objective 0.66 / train/inv/policy_weight_max 1 / train/inv/policy_weight_mean 1 / train/inv/policy_weight_min 1 / train/inv/policy_weight_std 0 / train/inv/valid_frac 1 / train/inv/weight 0.02 / train/loss/con 0.02 / train/loss/dyn 2.81 / train/loss/image 1.84 / train/loss/inv 0.01 / train/loss/policy -3.3e-3 / train/loss/rep 2.81 / train/loss/repval 0.75 / train/loss/rew 0.65 / train/loss/value 0.72 / replay/replay_ratio 264 / fps/policy 10.26 / fps/train 2626.31

Writing metrics: /home/zhangpeiying01/lfy/btwm-7.7/runs/btwm_dmc_walker_walk_seed1_w002_b11_1m/metrics.jsonl
Writing metrics: /home/zhangpeiying01/lfy/btwm-7.7/runs/btwm_dmc_walker_walk_seed1_w002_b11_1m/scores.jsonl

--------------------[Agent Step 643_520]--------------------
Metrics filtered by: 'score|length|fps|ratio|train/loss/|train/acc/|train/inv/|train/rand/'
train/acc/inv 0.54 / train/inv/ce 1.57 / train/inv/confidence 0.25 / train/inv/confidence_gating 0 / train/inv/effective_rep_weight 0.02 / train/inv/head_objective 0.65 / train/inv/head_weight 0 / train/inv/objective 0.65 / train/inv/policy_weight_max 1 / train/inv/policy_weight_mean 1 / train/inv/policy_weight_min 1 / train/inv/policy_weight_std 0 / train/inv/valid_frac 1 / train/inv/weight 0.02 / train/loss/con 0.02 / train/loss/dyn 2.83 / train/loss/image 1.8 / train/loss/inv 0.01 / train/loss/policy -8e-3 / train/loss/rep 2.83 / train/loss/repval 0.75 / train/loss/rew 0.64 / train/loss/value 0.72 / replay/replay_ratio 264 / fps/policy 10.25 / fps/train 2623.96

Writing metrics: /home/zhangpeiying01/lfy/btwm-7.7/runs/btwm_dmc_walker_walk_seed1_w002_b11_1m/metrics.jsonl
Writing metrics: /home/zhangpeiying01/lfy/btwm-7.7/runs/btwm_dmc_walker_walk_seed1_w002_b11_1m/scores.jsonl

--------------------[Agent Step 644_768]--------------------
Metrics filtered by: 'score|length|fps|ratio|train/loss/|train/acc/|train/inv/|train/rand/'
train/acc/inv 0.54 / train/inv/ce 1.57 / train/inv/confidence 0.25 / train/inv/confidence_gating 0 / train/inv/effective_rep_weight 0.02 / train/inv/head_objective 0.65 / train/inv/head_weight 0 / train/inv/objective 0.65 / train/inv/policy_weight_max 1 / train/inv/policy_weight_mean 1 / train/inv/policy_weight_min 1 / train/inv/policy_weight_std 0 / train/inv/valid_frac 1 / train/inv/weight 0.02 / train/loss/con 0.02 / train/loss/dyn 2.78 / train/loss/image 1.78 / train/loss/inv 0.01 / train/loss/policy -8.3e-3 / train/loss/rep 2.78 / train/loss/repval 0.75 / train/loss/rew 0.64 / train/loss/value 0.72 / replay/replay_ratio 264 / fps/policy 10.27 / fps/train 2629.31

Writing metrics: /home/zhangpeiying01/lfy/btwm-7.7/runs/btwm_dmc_walker_walk_seed1_w002_b11_1m/metrics.jsonl
Writing metrics: /home/zhangpeiying01/lfy/btwm-7.7/runs/btwm_dmc_walker_walk_seed1_w002_b11_1m/scores.jsonl

--------------------[Agent Step 646_000]--------------------
Metrics filtered by: 'score|length|fps|ratio|train/loss/|train/acc/|train/inv/|train/rand/'
train/acc/inv 0.54 / train/inv/ce 1.56 / train/inv/confidence 0.25 / train/inv/confidence_gating 0 / train/inv/effective_rep_weight 0.02 / train/inv/head_objective 0.65 / train/inv/head_weight 0 / train/inv/objective 0.65 / train/inv/policy_weight_max 1 / train/inv/policy_weight_mean 1 / train/inv/policy_weight_min 1 / train/inv/policy_weight_std 0 / train/inv/valid_frac 1 / train/inv/weight 0.02 / train/loss/con 0.02 / train/loss/dyn 2.79 / train/loss/image 1.78 / train/loss/inv 0.01 / train/loss/policy -9.7e-3 / train/loss/rep 2.79 / train/loss/repval 0.75 / train/loss/rew 0.64 / train/loss/value 0.73 / replay/replay_ratio 264 / fps/policy 10.28 / fps/train 2630.44

Writing metrics: /home/zhangpeiying01/lfy/btwm-7.7/runs/btwm_dmc_walker_walk_seed1_w002_b11_1m/scores.jsonl
Writing metrics: /home/zhangpeiying01/lfy/btwm-7.7/runs/btwm_dmc_walker_walk_seed1_w002_b11_1m/metrics.jsonl

--------------------[Agent Step 647_248]--------------------
Metrics filtered by: 'score|length|fps|ratio|train/loss/|train/acc/|train/inv/|train/rand/'
train/acc/inv 0.54 / train/inv/ce 1.56 / train/inv/confidence 0.25 / train/inv/confidence_gating 0 / train/inv/effective_rep_weight 0.02 / train/inv/head_objective 0.65 / train/inv/head_weight 0 / train/inv/objective 0.65 / train/inv/policy_weight_max 1 / train/inv/policy_weight_mean 1 / train/inv/policy_weight_min 1 / train/inv/policy_weight_std 0 / train/inv/valid_frac 1 / train/inv/weight 0.02 / train/loss/con 0.02 / train/loss/dyn 2.72 / train/loss/image 1.76 / train/loss/inv 0.01 / train/loss/policy -5.5e-3 / train/loss/rep 2.72 / train/loss/repval 0.75 / train/loss/rew 0.64 / train/loss/value 0.72 / replay/replay_ratio 264 / fps/policy 10.27 / fps/train 2629.37

Writing metrics: /home/zhangpeiying01/lfy/btwm-7.7/runs/btwm_dmc_walker_walk_seed1_w002_b11_1m/metrics.jsonl
Writing metrics: /home/zhangpeiying01/lfy/btwm-7.7/runs/btwm_dmc_walker_walk_seed1_w002_b11_1m/scores.jsonl

--------------------[Agent Step 648_480]--------------------
Metrics filtered by: 'score|length|fps|ratio|train/loss/|train/acc/|train/inv/|train/rand/'
train/acc/inv 0.54 / train/inv/ce 1.57 / train/inv/confidence 0.25 / train/inv/confidence_gating 0 / train/inv/effective_rep_weight 0.02 / train/inv/head_objective 0.66 / train/inv/head_weight 0 / train/inv/objective 0.66 / train/inv/policy_weight_max 1 / train/inv/policy_weight_mean 1 / train/inv/policy_weight_min 1 / train/inv/policy_weight_std 0 / train/inv/valid_frac 1 / train/inv/weight 0.02 / train/loss/con 0.02 / train/loss/dyn 2.74 / train/loss/image 1.75 / train/loss/inv 0.01 / train/loss/policy -9.2e-3 / train/loss/rep 2.74 / train/loss/repval 0.75 / train/loss/rew 0.64 / train/loss/value 0.72 / replay/replay_ratio 264 / fps/policy 10.27 / fps/train 2627.97

Writing metrics: /home/zhangpeiying01/lfy/btwm-7.7/runs/btwm_dmc_walker_walk_seed1_w002_b11_1m/metrics.jsonl
Writing metrics: /home/zhangpeiying01/lfy/btwm-7.7/runs/btwm_dmc_walker_walk_seed1_w002_b11_1m/scores.jsonl

--------------------[Agent Step 649_728]--------------------
Metrics filtered by: 'score|length|fps|ratio|train/loss/|train/acc/|train/inv/|train/rand/'
train/acc/inv 0.54 / train/inv/ce 1.56 / train/inv/confidence 0.25 / train/inv/confidence_gating 0 / train/inv/effective_rep_weight 0.02 / train/inv/head_objective 0.65 / train/inv/head_weight 0 / train/inv/objective 0.65 / train/inv/policy_weight_max 1 / train/inv/policy_weight_mean 1 / train/inv/policy_weight_min 1 / train/inv/policy_weight_std 0 / train/inv/valid_frac 1 / train/inv/weight 0.02 / train/loss/con 0.02 / train/loss/dyn 2.81 / train/loss/image 1.77 / train/loss/inv 0.01 / train/loss/policy -9.5e-3 / train/loss/rep 2.81 / train/loss/repval 0.75 / train/loss/rew 0.64 / train/loss/value 0.73 / replay/replay_ratio 264 / fps/policy 10.27 / fps/train 2629.37

Writing metrics: /home/zhangpeiying01/lfy/btwm-7.7/runs/btwm_dmc_walker_walk_seed1_w002_b11_1m/scores.jsonl
Writing metrics: /home/zhangpeiying01/lfy/btwm-7.7/runs/btwm_dmc_walker_walk_seed1_w002_b11_1m/metrics.jsonl

--------------------[Agent Step 650_976]--------------------
Metrics filtered by: 'score|length|fps|ratio|train/loss/|train/acc/|train/inv/|train/rand/'
train/acc/inv 0.54 / train/inv/ce 1.57 / train/inv/confidence 0.25 / train/inv/confidence_gating 0 / train/inv/effective_rep_weight 0.02 / train/inv/head_objective 0.65 / train/inv/head_weight 0 / train/inv/objective 0.65 / train/inv/policy_weight_max 1 / train/inv/policy_weight_mean 1 / train/inv/policy_weight_min 1 / train/inv/policy_weight_std 0 / train/inv/valid_frac 1 / train/inv/weight 0.02 / train/loss/con 0.02 / train/loss/dyn 2.8 / train/loss/image 1.74 / train/loss/inv 0.01 / train/loss/policy -9.4e-3 / train/loss/rep 2.8 / train/loss/repval 0.75 / train/loss/rew 0.64 / train/loss/value 0.72 / replay/replay_ratio 264 / fps/policy 10.29 / fps/train 2634.74

Writing metrics: /home/zhangpeiying01/lfy/btwm-7.7/runs/btwm_dmc_walker_walk_seed1_w002_b11_1m/metrics.jsonl
Writing metrics: /home/zhangpeiying01/lfy/btwm-7.7/runs/btwm_dmc_walker_walk_seed1_w002_b11_1m/scores.jsonl

--------------------[Agent Step 652_224]--------------------
Metrics filtered by: 'score|length|fps|ratio|train/loss/|train/acc/|train/inv/|train/rand/'
train/acc/inv 0.54 / train/inv/ce 1.57 / train/inv/confidence 0.25 / train/inv/confidence_gating 0 / train/inv/effective_rep_weight 0.02 / train/inv/head_objective 0.65 / train/inv/head_weight 0 / train/inv/objective 0.65 / train/inv/policy_weight_max 1 / train/inv/policy_weight_mean 1 / train/inv/policy_weight_min 1 / train/inv/policy_weight_std 0 / train/inv/valid_frac 1 / train/inv/weight 0.02 / train/loss/con 0.02 / train/loss/dyn 2.8 / train/loss/image 1.74 / train/loss/inv 0.01 / train/loss/policy -8.9e-3 / train/loss/rep 2.8 / train/loss/repval 0.75 / train/loss/rew 0.64 / train/loss/value 0.72 / replay/replay_ratio 264 / fps/policy 10.29 / fps/train 2633.58

Writing metrics: /home/zhangpeiying01/lfy/btwm-7.7/runs/btwm_dmc_walker_walk_seed1_w002_b11_1m/metrics.jsonl
Writing metrics: /home/zhangpeiying01/lfy/btwm-7.7/runs/btwm_dmc_walker_walk_seed1_w002_b11_1m/scores.jsonl

--------------------[Agent Step 653_472]--------------------
Metrics filtered by: 'score|length|fps|ratio|train/loss/|train/acc/|train/inv/|train/rand/'
train/acc/inv 0.54 / train/inv/ce 1.56 / train/inv/confidence 0.25 / train/inv/confidence_gating 0 / train/inv/effective_rep_weight 0.02 / train/inv/head_objective 0.65 / train/inv/head_weight 0 / train/inv/objective 0.65 / train/inv/policy_weight_max 1 / train/inv/policy_weight_mean 1 / train/inv/policy_weight_min 1 / train/inv/policy_weight_std 0 / train/inv/valid_frac 1 / train/inv/weight 0.02 / train/loss/con 0.02 / train/loss/dyn 2.76 / train/loss/image 1.73 / train/loss/inv 0.01 / train/loss/policy -0.01 / train/loss/rep 2.76 / train/loss/repval 0.75 / train/loss/rew 0.64 / train/loss/value 0.72 / replay/replay_ratio 264 / fps/policy 10.28 / fps/train 2632.58

Writing metrics: /home/zhangpeiying01/lfy/btwm-7.7/runs/btwm_dmc_walker_walk_seed1_w002_b11_1m/metrics.jsonl
Writing metrics: /home/zhangpeiying01/lfy/btwm-7.7/runs/btwm_dmc_walker_walk_seed1_w002_b11_1m/scores.jsonl

--------------------[Agent Step 654_720]--------------------
Metrics filtered by: 'score|length|fps|ratio|train/loss/|train/acc/|train/inv/|train/rand/'
train/acc/inv 0.54 / train/inv/ce 1.57 / train/inv/confidence 0.25 / train/inv/confidence_gating 0 / train/inv/effective_rep_weight 0.02 / train/inv/head_objective 0.65 / train/inv/head_weight 0 / train/inv/objective 0.65 / train/inv/policy_weight_max 1 / train/inv/policy_weight_mean 1 / train/inv/policy_weight_min 1 / train/inv/policy_weight_std 0 / train/inv/valid_frac 1 / train/inv/weight 0.02 / train/loss/con 0.02 / train/loss/dyn 2.79 / train/loss/image 1.72 / train/loss/inv 0.01 / train/loss/policy -9.8e-3 / train/loss/rep 2.79 / train/loss/repval 0.75 / train/loss/rew 0.65 / train/loss/value 0.72 / replay/replay_ratio 264 / fps/policy 10.3 / fps/train 2637.24

Writing metrics: /home/zhangpeiying01/lfy/btwm-7.7/runs/btwm_dmc_walker_walk_seed1_w002_b11_1m/metrics.jsonl
Writing metrics: /home/zhangpeiying01/lfy/btwm-7.7/runs/btwm_dmc_walker_walk_seed1_w002_b11_1m/scores.jsonl

--------------------[Agent Step 655_968]--------------------
Metrics filtered by: 'score|length|fps|ratio|train/loss/|train/acc/|train/inv/|train/rand/'
train/acc/inv 0.54 / train/inv/ce 1.57 / train/inv/confidence 0.25 / train/inv/confidence_gating 0 / train/inv/effective_rep_weight 0.02 / train/inv/head_objective 0.65 / train/inv/head_weight 0 / train/inv/objective 0.65 / train/inv/policy_weight_max 1 / train/inv/policy_weight_mean 1 / train/inv/policy_weight_min 1 / train/inv/policy_weight_std 0 / train/inv/valid_frac 1 / train/inv/weight 0.02 / train/loss/con 0.02 / train/loss/dyn 2.9 / train/loss/image 1.74 / train/loss/inv 0.01 / train/loss/policy -5.5e-3 / train/loss/rep 2.9 / train/loss/repval 0.75 / train/loss/rew 0.65 / train/loss/value 0.72 / replay/replay_ratio 264 / fps/policy 10.28 / fps/train 2632.93

Writing metrics: /home/zhangpeiying01/lfy/btwm-7.7/runs/btwm_dmc_walker_walk_seed1_w002_b11_1m/scores.jsonl
Writing metrics: /home/zhangpeiying01/lfy/btwm-7.7/runs/btwm_dmc_walker_walk_seed1_w002_b11_1m/metrics.jsonl

--------------------[Agent Step 657_216]--------------------
Metrics filtered by: 'score|length|fps|ratio|train/loss/|train/acc/|train/inv/|train/rand/'
episode/score 844.26 / episode/length 1001 / train/acc/inv 0.54 / train/inv/ce 1.56 / train/inv/confidence 0.25 / train/inv/confidence_gating 0 / train/inv/effective_rep_weight 0.02 / train/inv/head_objective 0.65 / train/inv/head_weight 0 / train/inv/objective 0.65 / train/inv/policy_weight_max 1 / train/inv/policy_weight_mean 1 / train/inv/policy_weight_min 1 / train/inv/policy_weight_std 0 / train/inv/valid_frac 1 / train/inv/weight 0.02 / train/loss/con 0.02 / train/loss/dyn 2.78 / train/loss/image 1.73 / train/loss/inv 0.01 / train/loss/policy -9e-3 / train/loss/rep 2.78 / train/loss/repval 0.75 / train/loss/rew 0.64 / train/loss/value 0.72 / replay/replay_ratio 264 / fps/policy 10.29 / fps/train 2634.2

Writing metrics: /home/zhangpeiying01/lfy/btwm-7.7/runs/btwm_dmc_walker_walk_seed1_w002_b11_1m/metrics.jsonl
Writing metrics: /home/zhangpeiying01/lfy/btwm-7.7/runs/btwm_dmc_walker_walk_seed1_w002_b11_1m/scores.jsonl

--------------------[Agent Step 658_464]--------------------
Metrics filtered by: 'score|length|fps|ratio|train/loss/|train/acc/|train/inv/|train/rand/'
train/acc/inv 0.54 / train/inv/ce 1.58 / train/inv/confidence 0.25 / train/inv/confidence_gating 0 / train/inv/effective_rep_weight 0.02 / train/inv/head_objective 0.66 / train/inv/head_weight 0 / train/inv/objective 0.66 / train/inv/policy_weight_max 1 / train/inv/policy_weight_mean 1 / train/inv/policy_weight_min 1 / train/inv/policy_weight_std 0 / train/inv/valid_frac 1 / train/inv/weight 0.02 / train/loss/con 0.02 / train/loss/dyn 2.82 / train/loss/image 1.81 / train/loss/inv 0.01 / train/loss/policy -6.4e-3 / train/loss/rep 2.82 / train/loss/repval 0.75 / train/loss/rew 0.65 / train/loss/value 0.72 / replay/replay_ratio 264 / fps/policy 10.27 / fps/train 2628.55

Writing metrics: /home/zhangpeiying01/lfy/btwm-7.7/runs/btwm_dmc_walker_walk_seed1_w002_b11_1m/scores.jsonl
Writing metrics: /home/zhangpeiying01/lfy/btwm-7.7/runs/btwm_dmc_walker_walk_seed1_w002_b11_1m/metrics.jsonl

--------------------[Agent Step 659_696]--------------------
Metrics filtered by: 'score|length|fps|ratio|train/loss/|train/acc/|train/inv/|train/rand/'
train/acc/inv 0.54 / train/inv/ce 1.57 / train/inv/confidence 0.25 / train/inv/confidence_gating 0 / train/inv/effective_rep_weight 0.02 / train/inv/head_objective 0.66 / train/inv/head_weight 0 / train/inv/objective 0.66 / train/inv/policy_weight_max 1 / train/inv/policy_weight_mean 1 / train/inv/policy_weight_min 1 / train/inv/policy_weight_std 0 / train/inv/valid_frac 1 / train/inv/weight 0.02 / train/loss/con 0.02 / train/loss/dyn 2.74 / train/loss/image 1.75 / train/loss/inv 0.01 / train/loss/policy -7.6e-3 / train/loss/rep 2.74 / train/loss/repval 0.74 / train/loss/rew 0.64 / train/loss/value 0.72 / replay/replay_ratio 264 / fps/policy 10.24 / fps/train 2622.05

Writing metrics: /home/zhangpeiying01/lfy/btwm-7.7/runs/btwm_dmc_walker_walk_seed1_w002_b11_1m/metrics.jsonl
Writing metrics: /home/zhangpeiying01/lfy/btwm-7.7/runs/btwm_dmc_walker_walk_seed1_w002_b11_1m/scores.jsonl

--------------------[Agent Step 660_928]--------------------
Metrics filtered by: 'score|length|fps|ratio|train/loss/|train/acc/|train/inv/|train/rand/'
train/acc/inv 0.54 / train/inv/ce 1.57 / train/inv/confidence 0.25 / train/inv/confidence_gating 0 / train/inv/effective_rep_weight 0.02 / train/inv/head_objective 0.65 / train/inv/head_weight 0 / train/inv/objective 0.65 / train/inv/policy_weight_max 1 / train/inv/policy_weight_mean 1 / train/inv/policy_weight_min 1 / train/inv/policy_weight_std 0 / train/inv/valid_frac 1 / train/inv/weight 0.02 / train/loss/con 0.02 / train/loss/dyn 2.64 / train/loss/image 1.72 / train/loss/inv 0.01 / train/loss/policy -9.9e-3 / train/loss/rep 2.64 / train/loss/repval 0.74 / train/loss/rew 0.65 / train/loss/value 0.72 / replay/replay_ratio 264 / fps/policy 10.3 / fps/train 2636.01

Writing metrics: /home/zhangpeiying01/lfy/btwm-7.7/runs/btwm_dmc_walker_walk_seed1_w002_b11_1m/metrics.jsonl
Writing metrics: /home/zhangpeiying01/lfy/btwm-7.7/runs/btwm_dmc_walker_walk_seed1_w002_b11_1m/scores.jsonl

--------------------[Agent Step 662_176]--------------------
Metrics filtered by: 'score|length|fps|ratio|train/loss/|train/acc/|train/inv/|train/rand/'
train/acc/inv 0.54 / train/inv/ce 1.56 / train/inv/confidence 0.25 / train/inv/confidence_gating 0 / train/inv/effective_rep_weight 0.02 / train/inv/head_objective 0.65 / train/inv/head_weight 0 / train/inv/objective 0.65 / train/inv/policy_weight_max 1 / train/inv/policy_weight_mean 1 / train/inv/policy_weight_min 1 / train/inv/policy_weight_std 0 / train/inv/valid_frac 1 / train/inv/weight 0.02 / train/loss/con 0.02 / train/loss/dyn 2.69 / train/loss/image 1.73 / train/loss/inv 0.01 / train/loss/policy -0.01 / train/loss/rep 2.69 / train/loss/repval 0.75 / train/loss/rew 0.64 / train/loss/value 0.72 / replay/replay_ratio 264 / fps/policy 10.29 / fps/train 2634.6

Writing metrics: /home/zhangpeiying01/lfy/btwm-7.7/runs/btwm_dmc_walker_walk_seed1_w002_b11_1m/metrics.jsonl
Writing metrics: /home/zhangpeiying01/lfy/btwm-7.7/runs/btwm_dmc_walker_walk_seed1_w002_b11_1m/scores.jsonl

--------------------[Agent Step 663_424]--------------------
Metrics filtered by: 'score|length|fps|ratio|train/loss/|train/acc/|train/inv/|train/rand/'
train/acc/inv 0.54 / train/inv/ce 1.57 / train/inv/confidence 0.25 / train/inv/confidence_gating 0 / train/inv/effective_rep_weight 0.02 / train/inv/head_objective 0.65 / train/inv/head_weight 0 / train/inv/objective 0.65 / train/inv/policy_weight_max 1 / train/inv/policy_weight_mean 1 / train/inv/policy_weight_min 1 / train/inv/policy_weight_std 0 / train/inv/valid_frac 1 / train/inv/weight 0.02 / train/loss/con 0.02 / train/loss/dyn 2.74 / train/loss/image 1.74 / train/loss/inv 0.01 / train/loss/policy -0.01 / train/loss/rep 2.74 / train/loss/repval 0.75 / train/loss/rew 0.64 / train/loss/value 0.72 / replay/replay_ratio 264 / fps/policy 10.3 / fps/train 2636.65

Writing metrics: /home/zhangpeiying01/lfy/btwm-7.7/runs/btwm_dmc_walker_walk_seed1_w002_b11_1m/metrics.jsonl
Writing metrics: /home/zhangpeiying01/lfy/btwm-7.7/runs/btwm_dmc_walker_walk_seed1_w002_b11_1m/scores.jsonl

--------------------[Agent Step 664_672]--------------------
Metrics filtered by: 'score|length|fps|ratio|train/loss/|train/acc/|train/inv/|train/rand/'
train/acc/inv 0.54 / train/inv/ce 1.56 / train/inv/confidence 0.25 / train/inv/confidence_gating 0 / train/inv/effective_rep_weight 0.02 / train/inv/head_objective 0.65 / train/inv/head_weight 0 / train/inv/objective 0.65 / train/inv/policy_weight_max 1 / train/inv/policy_weight_mean 1 / train/inv/policy_weight_min 1 / train/inv/policy_weight_std 0 / train/inv/valid_frac 1 / train/inv/weight 0.02 / train/loss/con 0.02 / train/loss/dyn 2.74 / train/loss/image 1.74 / train/loss/inv 0.01 / train/loss/policy -0.01 / train/loss/rep 2.74 / train/loss/repval 0.75 / train/loss/rew 0.64 / train/loss/value 0.72 / replay/replay_ratio 264 / fps/policy 10.3 / fps/train 2636.24

Writing metrics: /home/zhangpeiying01/lfy/btwm-7.7/runs/btwm_dmc_walker_walk_seed1_w002_b11_1m/metrics.jsonl
Writing metrics: /home/zhangpeiying01/lfy/btwm-7.7/runs/btwm_dmc_walker_walk_seed1_w002_b11_1m/scores.jsonl

--------------------[Agent Step 665_920]--------------------
Metrics filtered by: 'score|length|fps|ratio|train/loss/|train/acc/|train/inv/|train/rand/'
train/acc/inv 0.54 / train/inv/ce 1.56 / train/inv/confidence 0.25 / train/inv/confidence_gating 0 / train/inv/effective_rep_weight 0.02 / train/inv/head_objective 0.65 / train/inv/head_weight 0 / train/inv/objective 0.65 / train/inv/policy_weight_max 1 / train/inv/policy_weight_mean 1 / train/inv/policy_weight_min 1 / train/inv/policy_weight_std 0 / train/inv/valid_frac 1 / train/inv/weight 0.02 / train/loss/con 0.02 / train/loss/dyn 2.8 / train/loss/image 1.72 / train/loss/inv 0.01 / train/loss/policy -0.01 / train/loss/rep 2.8 / train/loss/repval 0.75 / train/loss/rew 0.64 / train/loss/value 0.72 / replay/replay_ratio 264 / fps/policy 10.28 / fps/train 2630.83

Writing metrics: /home/zhangpeiying01/lfy/btwm-7.7/runs/btwm_dmc_walker_walk_seed1_w002_b11_1m/metrics.jsonl
Writing metrics: /home/zhangpeiying01/lfy/btwm-7.7/runs/btwm_dmc_walker_walk_seed1_w002_b11_1m/scores.jsonl

--------------------[Agent Step 667_168]--------------------
Metrics filtered by: 'score|length|fps|ratio|train/loss/|train/acc/|train/inv/|train/rand/'
train/acc/inv 0.54 / train/inv/ce 1.56 / train/inv/confidence 0.25 / train/inv/confidence_gating 0 / train/inv/effective_rep_weight 0.02 / train/inv/head_objective 0.65 / train/inv/head_weight 0 / train/inv/objective 0.65 / train/inv/policy_weight_max 1 / train/inv/policy_weight_mean 1 / train/inv/policy_weight_min 1 / train/inv/policy_weight_std 0 / train/inv/valid_frac 1 / train/inv/weight 0.02 / train/loss/con 0.02 / train/loss/dyn 2.73 / train/loss/image 1.72 / train/loss/inv 0.01 / train/loss/policy -9.5e-3 / train/loss/rep 2.73 / train/loss/repval 0.75 / train/loss/rew 0.64 / train/loss/value 0.72 / replay/replay_ratio 264 / fps/policy 10.28 / fps/train 2632.86

Writing metrics: /home/zhangpeiying01/lfy/btwm-7.7/runs/btwm_dmc_walker_walk_seed1_w002_b11_1m/metrics.jsonl
Writing metrics: /home/zhangpeiying01/lfy/btwm-7.7/runs/btwm_dmc_walker_walk_seed1_w002_b11_1m/scores.jsonl

--------------------[Agent Step 668_416]--------------------
Metrics filtered by: 'score|length|fps|ratio|train/loss/|train/acc/|train/inv/|train/rand/'
train/acc/inv 0.54 / train/inv/ce 1.55 / train/inv/confidence 0.25 / train/inv/confidence_gating 0 / train/inv/effective_rep_weight 0.02 / train/inv/head_objective 0.65 / train/inv/head_weight 0 / train/inv/objective 0.65 / train/inv/policy_weight_max 1 / train/inv/policy_weight_mean 1 / train/inv/policy_weight_min 1 / train/inv/policy_weight_std 0 / train/inv/valid_frac 1 / train/inv/weight 0.02 / train/loss/con 0.02 / train/loss/dyn 2.79 / train/loss/image 1.75 / train/loss/inv 0.01 / train/loss/policy -0.01 / train/loss/rep 2.79 / train/loss/repval 0.75 / train/loss/rew 0.64 / train/loss/value 0.73 / replay/replay_ratio 264 / fps/policy 10.28 / fps/train 2631.74

Writing metrics: /home/zhangpeiying01/lfy/btwm-7.7/runs/btwm_dmc_walker_walk_seed1_w002_b11_1m/metrics.jsonl
Writing metrics: /home/zhangpeiying01/lfy/btwm-7.7/runs/btwm_dmc_walker_walk_seed1_w002_b11_1m/scores.jsonl

--------------------[Agent Step 669_664]--------------------
Metrics filtered by: 'score|length|fps|ratio|train/loss/|train/acc/|train/inv/|train/rand/'
train/acc/inv 0.54 / train/inv/ce 1.57 / train/inv/confidence 0.25 / train/inv/confidence_gating 0 / train/inv/effective_rep_weight 0.02 / train/inv/head_objective 0.65 / train/inv/head_weight 0 / train/inv/objective 0.65 / train/inv/policy_weight_max 1 / train/inv/policy_weight_mean 1 / train/inv/policy_weight_min 1 / train/inv/policy_weight_std 0 / train/inv/valid_frac 1 / train/inv/weight 0.02 / train/loss/con 0.02 / train/loss/dyn 2.82 / train/loss/image 1.72 / train/loss/inv 0.01 / train/loss/policy -8.5e-3 / train/loss/rep 2.82 / train/loss/repval 0.75 / train/loss/rew 0.64 / train/loss/value 0.72 / replay/replay_ratio 264 / fps/policy 10.3 / fps/train 2636.75

Writing metrics: /home/zhangpeiying01/lfy/btwm-7.7/runs/btwm_dmc_walker_walk_seed1_w002_b11_1m/metrics.jsonl
Writing metrics: /home/zhangpeiying01/lfy/btwm-7.7/runs/btwm_dmc_walker_walk_seed1_w002_b11_1m/scores.jsonl
Saving checkpoint: /home/zhangpeiying01/lfy/btwm-7.7/runs/btwm_dmc_walker_walk_seed1_w002_b11_1m/ckpt/20260716T084704F052112
Saved checkpoint.

--------------------[Agent Step 670_880]--------------------
Metrics filtered by: 'score|length|fps|ratio|train/loss/|train/acc/|train/inv/|train/rand/'
train/acc/inv 0.54 / train/inv/ce 1.57 / train/inv/confidence 0.25 / train/inv/confidence_gating 0 / train/inv/effective_rep_weight 0.02 / train/inv/head_objective 0.65 / train/inv/head_weight 0 / train/inv/objective 0.65 / train/inv/policy_weight_max 1 / train/inv/policy_weight_mean 1 / train/inv/policy_weight_min 1 / train/inv/policy_weight_std 0 / train/inv/valid_frac 1 / train/inv/weight 0.02 / train/loss/con 0.02 / train/loss/dyn 2.77 / train/loss/image 1.69 / train/loss/inv 0.01 / train/loss/policy -9.6e-3 / train/loss/rep 2.77 / train/loss/repval 0.75 / train/loss/rew 0.65 / train/loss/value 0.72 / replay/replay_ratio 264 / fps/policy 10.09 / fps/train 2581.79

Writing metrics: /home/zhangpeiying01/lfy/btwm-7.7/runs/btwm_dmc_walker_walk_seed1_w002_b11_1m/scores.jsonl
Writing metrics: /home/zhangpeiying01/lfy/btwm-7.7/runs/btwm_dmc_walker_walk_seed1_w002_b11_1m/metrics.jsonl

--------------------[Agent Step 672_112]--------------------
Metrics filtered by: 'score|length|fps|ratio|train/loss/|train/acc/|train/inv/|train/rand/'
train/acc/inv 0.54 / train/inv/ce 1.57 / train/inv/confidence 0.25 / train/inv/confidence_gating 0 / train/inv/effective_rep_weight 0.02 / train/inv/head_objective 0.65 / train/inv/head_weight 0 / train/inv/objective 0.65 / train/inv/policy_weight_max 1 / train/inv/policy_weight_mean 1 / train/inv/policy_weight_min 1 / train/inv/policy_weight_std 0 / train/inv/valid_frac 1 / train/inv/weight 0.02 / train/loss/con 0.02 / train/loss/dyn 2.78 / train/loss/image 1.7 / train/loss/inv 0.01 / train/loss/policy -0.01 / train/loss/rep 2.78 / train/loss/repval 0.75 / train/loss/rew 0.65 / train/loss/value 0.72 / replay/replay_ratio 264 / fps/policy 10.29 / fps/train 2633.06

Writing metrics: /home/zhangpeiying01/lfy/btwm-7.7/runs/btwm_dmc_walker_walk_seed1_w002_b11_1m/metrics.jsonl
Writing metrics: /home/zhangpeiying01/lfy/btwm-7.7/runs/btwm_dmc_walker_walk_seed1_w002_b11_1m/scores.jsonl

--------------------[Agent Step 673_360]--------------------
Metrics filtered by: 'score|length|fps|ratio|train/loss/|train/acc/|train/inv/|train/rand/'
episode/score 962.08 / episode/length 1001 / train/acc/inv 0.54 / train/inv/ce 1.57 / train/inv/confidence 0.25 / train/inv/confidence_gating 0 / train/inv/effective_rep_weight 0.02 / train/inv/head_objective 0.65 / train/inv/head_weight 0 / train/inv/objective 0.65 / train/inv/policy_weight_max 1 / train/inv/policy_weight_mean 1 / train/inv/policy_weight_min 1 / train/inv/policy_weight_std 0 / train/inv/valid_frac 1 / train/inv/weight 0.02 / train/loss/con 0.02 / train/loss/dyn 2.85 / train/loss/image 1.74 / train/loss/inv 0.01 / train/loss/policy -9.6e-3 / train/loss/rep 2.85 / train/loss/repval 0.75 / train/loss/rew 0.65 / train/loss/value 0.72 / replay/replay_ratio 264 / fps/policy 10.3 / fps/train 2636.3

Writing metrics: /home/zhangpeiying01/lfy/btwm-7.7/runs/btwm_dmc_walker_walk_seed1_w002_b11_1m/metrics.jsonl
Writing metrics: /home/zhangpeiying01/lfy/btwm-7.7/runs/btwm_dmc_walker_walk_seed1_w002_b11_1m/scores.jsonl

--------------------[Agent Step 674_608]--------------------
Metrics filtered by: 'score|length|fps|ratio|train/loss/|train/acc/|train/inv/|train/rand/'
train/acc/inv 0.54 / train/inv/ce 1.57 / train/inv/confidence 0.25 / train/inv/confidence_gating 0 / train/inv/effective_rep_weight 0.02 / train/inv/head_objective 0.65 / train/inv/head_weight 0 / train/inv/objective 0.65 / train/inv/policy_weight_max 1 / train/inv/policy_weight_mean 1 / train/inv/policy_weight_min 1 / train/inv/policy_weight_std 0 / train/inv/valid_frac 1 / train/inv/weight 0.02 / train/loss/con 0.02 / train/loss/dyn 3.04 / train/loss/image 1.81 / train/loss/inv 0.01 / train/loss/policy -6.7e-3 / train/loss/rep 3.04 / train/loss/repval 0.75 / train/loss/rew 0.64 / train/loss/value 0.73 / replay/replay_ratio 264 / fps/policy 10.27 / fps/train 2628.26

Writing metrics: /home/zhangpeiying01/lfy/btwm-7.7/runs/btwm_dmc_walker_walk_seed1_w002_b11_1m/metrics.jsonl
Writing metrics: /home/zhangpeiying01/lfy/btwm-7.7/runs/btwm_dmc_walker_walk_seed1_w002_b11_1m/scores.jsonl

--------------------[Agent Step 675_856]--------------------
Metrics filtered by: 'score|length|fps|ratio|train/loss/|train/acc/|train/inv/|train/rand/'
train/acc/inv 0.54 / train/inv/ce 1.57 / train/inv/confidence 0.25 / train/inv/confidence_gating 0 / train/inv/effective_rep_weight 0.02 / train/inv/head_objective 0.65 / train/inv/head_weight 0 / train/inv/objective 0.65 / train/inv/policy_weight_max 1 / train/inv/policy_weight_mean 1 / train/inv/policy_weight_min 1 / train/inv/policy_weight_std 0 / train/inv/valid_frac 1 / train/inv/weight 0.02 / train/loss/con 0.02 / train/loss/dyn 2.81 / train/loss/image 1.75 / train/loss/inv 0.01 / train/loss/policy -8.1e-3 / train/loss/rep 2.81 / train/loss/repval 0.75 / train/loss/rew 0.64 / train/loss/value 0.73 / replay/replay_ratio 264 / fps/policy 10.29 / fps/train 2634.25

Writing metrics: /home/zhangpeiying01/lfy/btwm-7.7/runs/btwm_dmc_walker_walk_seed1_w002_b11_1m/metrics.jsonl
Writing metrics: /home/zhangpeiying01/lfy/btwm-7.7/runs/btwm_dmc_walker_walk_seed1_w002_b11_1m/scores.jsonl

--------------------[Agent Step 677_104]--------------------
Metrics filtered by: 'score|length|fps|ratio|train/loss/|train/acc/|train/inv/|train/rand/'
train/acc/inv 0.54 / train/inv/ce 1.56 / train/inv/confidence 0.25 / train/inv/confidence_gating 0 / train/inv/effective_rep_weight 0.02 / train/inv/head_objective 0.65 / train/inv/head_weight 0 / train/inv/objective 0.65 / train/inv/policy_weight_max 1 / train/inv/policy_weight_mean 1 / train/inv/policy_weight_min 1 / train/inv/policy_weight_std 0 / train/inv/valid_frac 1 / train/inv/weight 0.02 / train/loss/con 0.02 / train/loss/dyn 2.74 / train/loss/image 1.72 / train/loss/inv 0.01 / train/loss/policy -9.5e-3 / train/loss/rep 2.74 / train/loss/repval 0.75 / train/loss/rew 0.64 / train/loss/value 0.72 / replay/replay_ratio 264 / fps/policy 10.29 / fps/train 2635.07

Writing metrics: /home/zhangpeiying01/lfy/btwm-7.7/runs/btwm_dmc_walker_walk_seed1_w002_b11_1m/metrics.jsonl
Writing metrics: /home/zhangpeiying01/lfy/btwm-7.7/runs/btwm_dmc_walker_walk_seed1_w002_b11_1m/scores.jsonl

--------------------[Agent Step 678_352]--------------------
Metrics filtered by: 'score|length|fps|ratio|train/loss/|train/acc/|train/inv/|train/rand/'
train/acc/inv 0.54 / train/inv/ce 1.56 / train/inv/confidence 0.25 / train/inv/confidence_gating 0 / train/inv/effective_rep_weight 0.02 / train/inv/head_objective 0.65 / train/inv/head_weight 0 / train/inv/objective 0.65 / train/inv/policy_weight_max 1 / train/inv/policy_weight_mean 1 / train/inv/policy_weight_min 1 / train/inv/policy_weight_std 0 / train/inv/valid_frac 1 / train/inv/weight 0.02 / train/loss/con 0.02 / train/loss/dyn 2.77 / train/loss/image 1.71 / train/loss/inv 0.01 / train/loss/policy -8.5e-3 / train/loss/rep 2.77 / train/loss/repval 0.75 / train/loss/rew 0.64 / train/loss/value 0.72 / replay/replay_ratio 264 / fps/policy 10.29 / fps/train 2634.35

Writing metrics: /home/zhangpeiying01/lfy/btwm-7.7/runs/btwm_dmc_walker_walk_seed1_w002_b11_1m/metrics.jsonl
Writing metrics: /home/zhangpeiying01/lfy/btwm-7.7/runs/btwm_dmc_walker_walk_seed1_w002_b11_1m/scores.jsonl

--------------------[Agent Step 679_600]--------------------
Metrics filtered by: 'score|length|fps|ratio|train/loss/|train/acc/|train/inv/|train/rand/'
train/acc/inv 0.54 / train/inv/ce 1.56 / train/inv/confidence 0.25 / train/inv/confidence_gating 0 / train/inv/effective_rep_weight 0.02 / train/inv/head_objective 0.65 / train/inv/head_weight 0 / train/inv/objective 0.65 / train/inv/policy_weight_max 1 / train/inv/policy_weight_mean 1 / train/inv/policy_weight_min 1 / train/inv/policy_weight_std 0 / train/inv/valid_frac 1 / train/inv/weight 0.02 / train/loss/con 0.02 / train/loss/dyn 2.84 / train/loss/image 1.73 / train/loss/inv 0.01 / train/loss/policy -0.01 / train/loss/rep 2.84 / train/loss/repval 0.75 / train/loss/rew 0.64 / train/loss/value 0.73 / replay/replay_ratio 264 / fps/policy 10.29 / fps/train 2635.28

Writing metrics: /home/zhangpeiying01/lfy/btwm-7.7/runs/btwm_dmc_walker_walk_seed1_w002_b11_1m/metrics.jsonl
Writing metrics: /home/zhangpeiying01/lfy/btwm-7.7/runs/btwm_dmc_walker_walk_seed1_w002_b11_1m/scores.jsonl

--------------------[Agent Step 680_848]--------------------
Metrics filtered by: 'score|length|fps|ratio|train/loss/|train/acc/|train/inv/|train/rand/'
train/acc/inv 0.54 / train/inv/ce 1.56 / train/inv/confidence 0.25 / train/inv/confidence_gating 0 / train/inv/effective_rep_weight 0.02 / train/inv/head_objective 0.65 / train/inv/head_weight 0 / train/inv/objective 0.65 / train/inv/policy_weight_max 1 / train/inv/policy_weight_mean 1 / train/inv/policy_weight_min 1 / train/inv/policy_weight_std 0 / train/inv/valid_frac 1 / train/inv/weight 0.02 / train/loss/con 0.02 / train/loss/dyn 2.78 / train/loss/image 1.7 / train/loss/inv 0.01 / train/loss/policy -7.1e-3 / train/loss/rep 2.78 / train/loss/repval 0.75 / train/loss/rew 0.64 / train/loss/value 0.73 / replay/replay_ratio 264 / fps/policy 10.28 / fps/train 2632.13

Writing metrics: /home/zhangpeiying01/lfy/btwm-7.7/runs/btwm_dmc_walker_walk_seed1_w002_b11_1m/scores.jsonl
Writing metrics: /home/zhangpeiying01/lfy/btwm-7.7/runs/btwm_dmc_walker_walk_seed1_w002_b11_1m/metrics.jsonl

--------------------[Agent Step 682_096]--------------------
Metrics filtered by: 'score|length|fps|ratio|train/loss/|train/acc/|train/inv/|train/rand/'
train/acc/inv 0.54 / train/inv/ce 1.56 / train/inv/confidence 0.25 / train/inv/confidence_gating 0 / train/inv/effective_rep_weight 0.02 / train/inv/head_objective 0.65 / train/inv/head_weight 0 / train/inv/objective 0.65 / train/inv/policy_weight_max 1 / train/inv/policy_weight_mean 1 / train/inv/policy_weight_min 1 / train/inv/policy_weight_std 0 / train/inv/valid_frac 1 / train/inv/weight 0.02 / train/loss/con 0.02 / train/loss/dyn 2.74 / train/loss/image 1.73 / train/loss/inv 0.01 / train/loss/policy -7.5e-3 / train/loss/rep 2.74 / train/loss/repval 0.75 / train/loss/rew 0.64 / train/loss/value 0.72 / replay/replay_ratio 264 / fps/policy 10.29 / fps/train 2635.07

Writing metrics: /home/zhangpeiying01/lfy/btwm-7.7/runs/btwm_dmc_walker_walk_seed1_w002_b11_1m/metrics.jsonl
Writing metrics: /home/zhangpeiying01/lfy/btwm-7.7/runs/btwm_dmc_walker_walk_seed1_w002_b11_1m/scores.jsonl

--------------------[Agent Step 683_344]--------------------
Metrics filtered by: 'score|length|fps|ratio|train/loss/|train/acc/|train/inv/|train/rand/'
train/acc/inv 0.54 / train/inv/ce 1.56 / train/inv/confidence 0.25 / train/inv/confidence_gating 0 / train/inv/effective_rep_weight 0.02 / train/inv/head_objective 0.65 / train/inv/head_weight 0 / train/inv/objective 0.65 / train/inv/policy_weight_max 1 / train/inv/policy_weight_mean 1 / train/inv/policy_weight_min 1 / train/inv/policy_weight_std 0 / train/inv/valid_frac 1 / train/inv/weight 0.02 / train/loss/con 0.02 / train/loss/dyn 2.8 / train/loss/image 1.7 / train/loss/inv 0.01 / train/loss/policy -6.8e-3 / train/loss/rep 2.8 / train/loss/repval 0.74 / train/loss/rew 0.64 / train/loss/value 0.72 / replay/replay_ratio 264 / fps/policy 10.28 / fps/train 2631.11

Writing metrics: /home/zhangpeiying01/lfy/btwm-7.7/runs/btwm_dmc_walker_walk_seed1_w002_b11_1m/metrics.jsonl
Writing metrics: /home/zhangpeiying01/lfy/btwm-7.7/runs/btwm_dmc_walker_walk_seed1_w002_b11_1m/scores.jsonl

--------------------[Agent Step 684_592]--------------------
Metrics filtered by: 'score|length|fps|ratio|train/loss/|train/acc/|train/inv/|train/rand/'
train/acc/inv 0.54 / train/inv/ce 1.56 / train/inv/confidence 0.25 / train/inv/confidence_gating 0 / train/inv/effective_rep_weight 0.02 / train/inv/head_objective 0.65 / train/inv/head_weight 0 / train/inv/objective 0.65 / train/inv/policy_weight_max 1 / train/inv/policy_weight_mean 1 / train/inv/policy_weight_min 1 / train/inv/policy_weight_std 0 / train/inv/valid_frac 1 / train/inv/weight 0.02 / train/loss/con 0.02 / train/loss/dyn 2.7 / train/loss/image 1.7 / train/loss/inv 0.01 / train/loss/policy -0.01 / train/loss/rep 2.7 / train/loss/repval 0.74 / train/loss/rew 0.64 / train/loss/value 0.72 / replay/replay_ratio 264 / fps/policy 10.29 / fps/train 2632.99

Writing metrics: /home/zhangpeiying01/lfy/btwm-7.7/runs/btwm_dmc_walker_walk_seed1_w002_b11_1m/metrics.jsonl
Writing metrics: /home/zhangpeiying01/lfy/btwm-7.7/runs/btwm_dmc_walker_walk_seed1_w002_b11_1m/scores.jsonl

--------------------[Agent Step 685_840]--------------------
Metrics filtered by: 'score|length|fps|ratio|train/loss/|train/acc/|train/inv/|train/rand/'
train/acc/inv 0.54 / train/inv/ce 1.56 / train/inv/confidence 0.25 / train/inv/confidence_gating 0 / train/inv/effective_rep_weight 0.02 / train/inv/head_objective 0.65 / train/inv/head_weight 0 / train/inv/objective 0.65 / train/inv/policy_weight_max 1 / train/inv/policy_weight_mean 1 / train/inv/policy_weight_min 1 / train/inv/policy_weight_std 0 / train/inv/valid_frac 1 / train/inv/weight 0.02 / train/loss/con 0.02 / train/loss/dyn 2.71 / train/loss/image 1.7 / train/loss/inv 0.01 / train/loss/policy -0.01 / train/loss/rep 2.71 / train/loss/repval 0.74 / train/loss/rew 0.64 / train/loss/value 0.72 / replay/replay_ratio 264 / fps/policy 10.29 / fps/train 2633.58

Writing metrics: /home/zhangpeiying01/lfy/btwm-7.7/runs/btwm_dmc_walker_walk_seed1_w002_b11_1m/metrics.jsonl
Writing metrics: /home/zhangpeiying01/lfy/btwm-7.7/runs/btwm_dmc_walker_walk_seed1_w002_b11_1m/scores.jsonl

--------------------[Agent Step 687_088]--------------------
Metrics filtered by: 'score|length|fps|ratio|train/loss/|train/acc/|train/inv/|train/rand/'
train/acc/inv 0.54 / train/inv/ce 1.56 / train/inv/confidence 0.25 / train/inv/confidence_gating 0 / train/inv/effective_rep_weight 0.02 / train/inv/head_objective 0.65 / train/inv/head_weight 0 / train/inv/objective 0.65 / train/inv/policy_weight_max 1 / train/inv/policy_weight_mean 1 / train/inv/policy_weight_min 1 / train/inv/policy_weight_std 0 / train/inv/valid_frac 1 / train/inv/weight 0.02 / train/loss/con 0.02 / train/loss/dyn 2.74 / train/loss/image 1.7 / train/loss/inv 0.01 / train/loss/policy -0.01 / train/loss/rep 2.74 / train/loss/repval 0.75 / train/loss/rew 0.64 / train/loss/value 0.72 / replay/replay_ratio 264 / fps/policy 10.28 / fps/train 2632.92

Writing metrics: /home/zhangpeiying01/lfy/btwm-7.7/runs/btwm_dmc_walker_walk_seed1_w002_b11_1m/metrics.jsonl
Writing metrics: /home/zhangpeiying01/lfy/btwm-7.7/runs/btwm_dmc_walker_walk_seed1_w002_b11_1m/scores.jsonl

--------------------[Agent Step 688_336]--------------------
Metrics filtered by: 'score|length|fps|ratio|train/loss/|train/acc/|train/inv/|train/rand/'
train/acc/inv 0.54 / train/inv/ce 1.56 / train/inv/confidence 0.25 / train/inv/confidence_gating 0 / train/inv/effective_rep_weight 0.02 / train/inv/head_objective 0.65 / train/inv/head_weight 0 / train/inv/objective 0.65 / train/inv/policy_weight_max 1 / train/inv/policy_weight_mean 1 / train/inv/policy_weight_min 1 / train/inv/policy_weight_std 0 / train/inv/valid_frac 1 / train/inv/weight 0.02 / train/loss/con 0.02 / train/loss/dyn 2.68 / train/loss/image 1.66 / train/loss/inv 0.01 / train/loss/policy -7e-3 / train/loss/rep 2.68 / train/loss/repval 0.74 / train/loss/rew 0.65 / train/loss/value 0.72 / replay/replay_ratio 264 / fps/policy 10.27 / fps/train 2629.87

Writing metrics: /home/zhangpeiying01/lfy/btwm-7.7/runs/btwm_dmc_walker_walk_seed1_w002_b11_1m/metrics.jsonl
Writing metrics: /home/zhangpeiying01/lfy/btwm-7.7/runs/btwm_dmc_walker_walk_seed1_w002_b11_1m/scores.jsonl

--------------------[Agent Step 689_584]--------------------
Metrics filtered by: 'score|length|fps|ratio|train/loss/|train/acc/|train/inv/|train/rand/'
episode/score 965.37 / episode/length 1001 / train/acc/inv 0.54 / train/inv/ce 1.57 / train/inv/confidence 0.25 / train/inv/confidence_gating 0 / train/inv/effective_rep_weight 0.02 / train/inv/head_objective 0.65 / train/inv/head_weight 0 / train/inv/objective 0.65 / train/inv/policy_weight_max 1 / train/inv/policy_weight_mean 1 / train/inv/policy_weight_min 1 / train/inv/policy_weight_std 0 / train/inv/valid_frac 1 / train/inv/weight 0.02 / train/loss/con 0.02 / train/loss/dyn 2.72 / train/loss/image 1.74 / train/loss/inv 0.01 / train/loss/policy -9.6e-3 / train/loss/rep 2.72 / train/loss/repval 0.75 / train/loss/rew 0.65 / train/loss/value 0.72 / replay/replay_ratio 264 / fps/policy 10.3 / fps/train 2635.99

Writing metrics: /home/zhangpeiying01/lfy/btwm-7.7/runs/btwm_dmc_walker_walk_seed1_w002_b11_1m/metrics.jsonl
Writing metrics: /home/zhangpeiying01/lfy/btwm-7.7/runs/btwm_dmc_walker_walk_seed1_w002_b11_1m/scores.jsonl

--------------------[Agent Step 690_832]--------------------
Metrics filtered by: 'score|length|fps|ratio|train/loss/|train/acc/|train/inv/|train/rand/'
train/acc/inv 0.54 / train/inv/ce 1.57 / train/inv/confidence 0.25 / train/inv/confidence_gating 0 / train/inv/effective_rep_weight 0.02 / train/inv/head_objective 0.65 / train/inv/head_weight 0 / train/inv/objective 0.65 / train/inv/policy_weight_max 1 / train/inv/policy_weight_mean 1 / train/inv/policy_weight_min 1 / train/inv/policy_weight_std 0 / train/inv/valid_frac 1 / train/inv/weight 0.02 / train/loss/con 0.02 / train/loss/dyn 2.77 / train/loss/image 1.75 / train/loss/inv 0.01 / train/loss/policy -8.9e-3 / train/loss/rep 2.77 / train/loss/repval 0.75 / train/loss/rew 0.65 / train/loss/value 0.72 / replay/replay_ratio 264 / fps/policy 10.27 / fps/train 2629.91

Writing metrics: /home/zhangpeiying01/lfy/btwm-7.7/runs/btwm_dmc_walker_walk_seed1_w002_b11_1m/metrics.jsonl
Writing metrics: /home/zhangpeiying01/lfy/btwm-7.7/runs/btwm_dmc_walker_walk_seed1_w002_b11_1m/scores.jsonl

--------------------[Agent Step 692_080]--------------------
Metrics filtered by: 'score|length|fps|ratio|train/loss/|train/acc/|train/inv/|train/rand/'
train/acc/inv 0.54 / train/inv/ce 1.57 / train/inv/confidence 0.25 / train/inv/confidence_gating 0 / train/inv/effective_rep_weight 0.02 / train/inv/head_objective 0.65 / train/inv/head_weight 0 / train/inv/objective 0.65 / train/inv/policy_weight_max 1 / train/inv/policy_weight_mean 1 / train/inv/policy_weight_min 1 / train/inv/policy_weight_std 0 / train/inv/valid_frac 1 / train/inv/weight 0.02 / train/loss/con 0.02 / train/loss/dyn 2.8 / train/loss/image 1.71 / train/loss/inv 0.01 / train/loss/policy -0.01 / train/loss/rep 2.8 / train/loss/repval 0.75 / train/loss/rew 0.65 / train/loss/value 0.72 / replay/replay_ratio 264 / fps/policy 10.3 / fps/train 2636.91

Writing metrics: /home/zhangpeiying01/lfy/btwm-7.7/runs/btwm_dmc_walker_walk_seed1_w002_b11_1m/metrics.jsonl
Writing metrics: /home/zhangpeiying01/lfy/btwm-7.7/runs/btwm_dmc_walker_walk_seed1_w002_b11_1m/scores.jsonl

--------------------[Agent Step 693_328]--------------------
Metrics filtered by: 'score|length|fps|ratio|train/loss/|train/acc/|train/inv/|train/rand/'
train/acc/inv 0.54 / train/inv/ce 1.55 / train/inv/confidence 0.25 / train/inv/confidence_gating 0 / train/inv/effective_rep_weight 0.02 / train/inv/head_objective 0.65 / train/inv/head_weight 0 / train/inv/objective 0.65 / train/inv/policy_weight_max 1 / train/inv/policy_weight_mean 1 / train/inv/policy_weight_min 1 / train/inv/policy_weight_std 0 / train/inv/valid_frac 1 / train/inv/weight 0.02 / train/loss/con 0.02 / train/loss/dyn 2.74 / train/loss/image 1.73 / train/loss/inv 0.01 / train/loss/policy -0.01 / train/loss/rep 2.74 / train/loss/repval 0.75 / train/loss/rew 0.64 / train/loss/value 0.73 / replay/replay_ratio 264 / fps/policy 10.28 / fps/train 2630.72

Writing metrics: /home/zhangpeiying01/lfy/btwm-7.7/runs/btwm_dmc_walker_walk_seed1_w002_b11_1m/metrics.jsonl
Writing metrics: /home/zhangpeiying01/lfy/btwm-7.7/runs/btwm_dmc_walker_walk_seed1_w002_b11_1m/scores.jsonl

--------------------[Agent Step 694_576]--------------------
Metrics filtered by: 'score|length|fps|ratio|train/loss/|train/acc/|train/inv/|train/rand/'
train/acc/inv 0.54 / train/inv/ce 1.56 / train/inv/confidence 0.25 / train/inv/confidence_gating 0 / train/inv/effective_rep_weight 0.02 / train/inv/head_objective 0.65 / train/inv/head_weight 0 / train/inv/objective 0.65 / train/inv/policy_weight_max 1 / train/inv/policy_weight_mean 1 / train/inv/policy_weight_min 1 / train/inv/policy_weight_std 0 / train/inv/valid_frac 1 / train/inv/weight 0.02 / train/loss/con 0.02 / train/loss/dyn 2.76 / train/loss/image 1.72 / train/loss/inv 0.01 / train/loss/policy -7.5e-3 / train/loss/rep 2.76 / train/loss/repval 0.75 / train/loss/rew 0.64 / train/loss/value 0.72 / replay/replay_ratio 264 / fps/policy 10.29 / fps/train 2633.02

Writing metrics: /home/zhangpeiying01/lfy/btwm-7.7/runs/btwm_dmc_walker_walk_seed1_w002_b11_1m/metrics.jsonl
Writing metrics: /home/zhangpeiying01/lfy/btwm-7.7/runs/btwm_dmc_walker_walk_seed1_w002_b11_1m/scores.jsonl

--------------------[Agent Step 695_824]--------------------
Metrics filtered by: 'score|length|fps|ratio|train/loss/|train/acc/|train/inv/|train/rand/'
train/acc/inv 0.54 / train/inv/ce 1.56 / train/inv/confidence 0.25 / train/inv/confidence_gating 0 / train/inv/effective_rep_weight 0.02 / train/inv/head_objective 0.65 / train/inv/head_weight 0 / train/inv/objective 0.65 / train/inv/policy_weight_max 1 / train/inv/policy_weight_mean 1 / train/inv/policy_weight_min 1 / train/inv/policy_weight_std 0 / train/inv/valid_frac 1 / train/inv/weight 0.02 / train/loss/con 0.02 / train/loss/dyn 2.73 / train/loss/image 1.7 / train/loss/inv 0.01 / train/loss/policy -9.4e-3 / train/loss/rep 2.73 / train/loss/repval 0.75 / train/loss/rew 0.64 / train/loss/value 0.72 / replay/replay_ratio 264 / fps/policy 10.28 / fps/train 2632.01

Writing metrics: /home/zhangpeiying01/lfy/btwm-7.7/runs/btwm_dmc_walker_walk_seed1_w002_b11_1m/metrics.jsonl
Writing metrics: /home/zhangpeiying01/lfy/btwm-7.7/runs/btwm_dmc_walker_walk_seed1_w002_b11_1m/scores.jsonl

--------------------[Agent Step 697_072]--------------------
Metrics filtered by: 'score|length|fps|ratio|train/loss/|train/acc/|train/inv/|train/rand/'
train/acc/inv 0.54 / train/inv/ce 1.56 / train/inv/confidence 0.25 / train/inv/confidence_gating 0 / train/inv/effective_rep_weight 0.02 / train/inv/head_objective 0.65 / train/inv/head_weight 0 / train/inv/objective 0.65 / train/inv/policy_weight_max 1 / train/inv/policy_weight_mean 1 / train/inv/policy_weight_min 1 / train/inv/policy_weight_std 0 / train/inv/valid_frac 1 / train/inv/weight 0.02 / train/loss/con 0.02 / train/loss/dyn 2.74 / train/loss/image 1.71 / train/loss/inv 0.01 / train/loss/policy -0.01 / train/loss/rep 2.74 / train/loss/repval 0.75 / train/loss/rew 0.64 / train/loss/value 0.72 / replay/replay_ratio 264 / fps/policy 10.27 / fps/train 2629.42

Writing metrics: /home/zhangpeiying01/lfy/btwm-7.7/runs/btwm_dmc_walker_walk_seed1_w002_b11_1m/metrics.jsonl
Writing metrics: /home/zhangpeiying01/lfy/btwm-7.7/runs/btwm_dmc_walker_walk_seed1_w002_b11_1m/scores.jsonl

--------------------[Agent Step 698_320]--------------------
Metrics filtered by: 'score|length|fps|ratio|train/loss/|train/acc/|train/inv/|train/rand/'
train/acc/inv 0.54 / train/inv/ce 1.56 / train/inv/confidence 0.25 / train/inv/confidence_gating 0 / train/inv/effective_rep_weight 0.02 / train/inv/head_objective 0.65 / train/inv/head_weight 0 / train/inv/objective 0.65 / train/inv/policy_weight_max 1 / train/inv/policy_weight_mean 1 / train/inv/policy_weight_min 1 / train/inv/policy_weight_std 0 / train/inv/valid_frac 1 / train/inv/weight 0.02 / train/loss/con 0.02 / train/loss/dyn 2.75 / train/loss/image 1.7 / train/loss/inv 0.01 / train/loss/policy -0.02 / train/loss/rep 2.75 / train/loss/repval 0.75 / train/loss/rew 0.64 / train/loss/value 0.72 / replay/replay_ratio 264 / fps/policy 10.29 / fps/train 2634.79

Writing metrics: /home/zhangpeiying01/lfy/btwm-7.7/runs/btwm_dmc_walker_walk_seed1_w002_b11_1m/scores.jsonl
Writing metrics: /home/zhangpeiying01/lfy/btwm-7.7/runs/btwm_dmc_walker_walk_seed1_w002_b11_1m/metrics.jsonl

--------------------[Agent Step 699_568]--------------------
Metrics filtered by: 'score|length|fps|ratio|train/loss/|train/acc/|train/inv/|train/rand/'
train/acc/inv 0.54 / train/inv/ce 1.55 / train/inv/confidence 0.25 / train/inv/confidence_gating 0 / train/inv/effective_rep_weight 0.02 / train/inv/head_objective 0.65 / train/inv/head_weight 0 / train/inv/objective 0.65 / train/inv/policy_weight_max 1 / train/inv/policy_weight_mean 1 / train/inv/policy_weight_min 1 / train/inv/policy_weight_std 0 / train/inv/valid_frac 1 / train/inv/weight 0.02 / train/loss/con 0.02 / train/loss/dyn 2.71 / train/loss/image 1.7 / train/loss/inv 0.01 / train/loss/policy -0.01 / train/loss/rep 2.71 / train/loss/repval 0.75 / train/loss/rew 0.64 / train/loss/value 0.72 / replay/replay_ratio 264 / fps/policy 10.26 / fps/train 2626.12

Writing metrics: /home/zhangpeiying01/lfy/btwm-7.7/runs/btwm_dmc_walker_walk_seed1_w002_b11_1m/scores.jsonl
Writing metrics: /home/zhangpeiying01/lfy/btwm-7.7/runs/btwm_dmc_walker_walk_seed1_w002_b11_1m/metrics.jsonl

--------------------[Agent Step 700_816]--------------------
Metrics filtered by: 'score|length|fps|ratio|train/loss/|train/acc/|train/inv/|train/rand/'
train/acc/inv 0.54 / train/inv/ce 1.56 / train/inv/confidence 0.25 / train/inv/confidence_gating 0 / train/inv/effective_rep_weight 0.02 / train/inv/head_objective 0.65 / train/inv/head_weight 0 / train/inv/objective 0.65 / train/inv/policy_weight_max 1 / train/inv/policy_weight_mean 1 / train/inv/policy_weight_min 1 / train/inv/policy_weight_std 0 / train/inv/valid_frac 1 / train/inv/weight 0.02 / train/loss/con 0.02 / train/loss/dyn 2.74 / train/loss/image 1.7 / train/loss/inv 0.01 / train/loss/policy -0.01 / train/loss/rep 2.74 / train/loss/repval 0.75 / train/loss/rew 0.64 / train/loss/value 0.72 / replay/replay_ratio 264 / fps/policy 10.26 / fps/train 2626.67

Writing metrics: /home/zhangpeiying01/lfy/btwm-7.7/runs/btwm_dmc_walker_walk_seed1_w002_b11_1m/metrics.jsonl
Writing metrics: /home/zhangpeiying01/lfy/btwm-7.7/runs/btwm_dmc_walker_walk_seed1_w002_b11_1m/scores.jsonl

--------------------[Agent Step 702_048]--------------------
Metrics filtered by: 'score|length|fps|ratio|train/loss/|train/acc/|train/inv/|train/rand/'
train/acc/inv 0.54 / train/inv/ce 1.56 / train/inv/confidence 0.25 / train/inv/confidence_gating 0 / train/inv/effective_rep_weight 0.02 / train/inv/head_objective 0.65 / train/inv/head_weight 0 / train/inv/objective 0.65 / train/inv/policy_weight_max 1 / train/inv/policy_weight_mean 1 / train/inv/policy_weight_min 1 / train/inv/policy_weight_std 0 / train/inv/valid_frac 1 / train/inv/weight 0.02 / train/loss/con 0.02 / train/loss/dyn 2.83 / train/loss/image 1.69 / train/loss/inv 0.01 / train/loss/policy -0.01 / train/loss/rep 2.83 / train/loss/repval 0.75 / train/loss/rew 0.64 / train/loss/value 0.72 / replay/replay_ratio 264 / fps/policy 10.28 / fps/train 2631.3

Writing metrics: /home/zhangpeiying01/lfy/btwm-7.7/runs/btwm_dmc_walker_walk_seed1_w002_b11_1m/metrics.jsonl
Writing metrics: /home/zhangpeiying01/lfy/btwm-7.7/runs/btwm_dmc_walker_walk_seed1_w002_b11_1m/scores.jsonl

--------------------[Agent Step 703_280]--------------------
Metrics filtered by: 'score|length|fps|ratio|train/loss/|train/acc/|train/inv/|train/rand/'
train/acc/inv 0.54 / train/inv/ce 1.56 / train/inv/confidence 0.25 / train/inv/confidence_gating 0 / train/inv/effective_rep_weight 0.02 / train/inv/head_objective 0.65 / train/inv/head_weight 0 / train/inv/objective 0.65 / train/inv/policy_weight_max 1 / train/inv/policy_weight_mean 1 / train/inv/policy_weight_min 1 / train/inv/policy_weight_std 0 / train/inv/valid_frac 1 / train/inv/weight 0.02 / train/loss/con 0.02 / train/loss/dyn 2.73 / train/loss/image 1.67 / train/loss/inv 0.01 / train/loss/policy -0.01 / train/loss/rep 2.73 / train/loss/repval 0.74 / train/loss/rew 0.65 / train/loss/value 0.72 / replay/replay_ratio 264 / fps/policy 10.27 / fps/train 2627.96

Writing metrics: /home/zhangpeiying01/lfy/btwm-7.7/runs/btwm_dmc_walker_walk_seed1_w002_b11_1m/metrics.jsonl
Writing metrics: /home/zhangpeiying01/lfy/btwm-7.7/runs/btwm_dmc_walker_walk_seed1_w002_b11_1m/scores.jsonl

--------------------[Agent Step 704_528]--------------------
Metrics filtered by: 'score|length|fps|ratio|train/loss/|train/acc/|train/inv/|train/rand/'
train/acc/inv 0.54 / train/inv/ce 1.56 / train/inv/confidence 0.25 / train/inv/confidence_gating 0 / train/inv/effective_rep_weight 0.02 / train/inv/head_objective 0.65 / train/inv/head_weight 0 / train/inv/objective 0.65 / train/inv/policy_weight_max 1 / train/inv/policy_weight_mean 1 / train/inv/policy_weight_min 1 / train/inv/policy_weight_std 0 / train/inv/valid_frac 1 / train/inv/weight 0.02 / train/loss/con 0.02 / train/loss/dyn 2.85 / train/loss/image 1.7 / train/loss/inv 0.01 / train/loss/policy -0.01 / train/loss/rep 2.85 / train/loss/repval 0.75 / train/loss/rew 0.64 / train/loss/value 0.72 / replay/replay_ratio 264 / fps/policy 10.29 / fps/train 2635.03

Writing metrics: /home/zhangpeiying01/lfy/btwm-7.7/runs/btwm_dmc_walker_walk_seed1_w002_b11_1m/scores.jsonl
Writing metrics: /home/zhangpeiying01/lfy/btwm-7.7/runs/btwm_dmc_walker_walk_seed1_w002_b11_1m/metrics.jsonl

--------------------[Agent Step 705_776]--------------------
Metrics filtered by: 'score|length|fps|ratio|train/loss/|train/acc/|train/inv/|train/rand/'
episode/score 953.29 / episode/length 1001 / train/acc/inv 0.54 / train/inv/ce 1.56 / train/inv/confidence 0.25 / train/inv/confidence_gating 0 / train/inv/effective_rep_weight 0.02 / train/inv/head_objective 0.65 / train/inv/head_weight 0 / train/inv/objective 0.65 / train/inv/policy_weight_max 1 / train/inv/policy_weight_mean 1 / train/inv/policy_weight_min 1 / train/inv/policy_weight_std 0 / train/inv/valid_frac 1 / train/inv/weight 0.02 / train/loss/con 0.02 / train/loss/dyn 2.79 / train/loss/image 1.74 / train/loss/inv 0.01 / train/loss/policy -9e-3 / train/loss/rep 2.79 / train/loss/repval 0.75 / train/loss/rew 0.64 / train/loss/value 0.72 / replay/replay_ratio 264 / fps/policy 10.26 / fps/train 2627.65

Writing metrics: /home/zhangpeiying01/lfy/btwm-7.7/runs/btwm_dmc_walker_walk_seed1_w002_b11_1m/scores.jsonl
Writing metrics: /home/zhangpeiying01/lfy/btwm-7.7/runs/btwm_dmc_walker_walk_seed1_w002_b11_1m/metrics.jsonl
Saving checkpoint: /home/zhangpeiying01/lfy/btwm-7.7/runs/btwm_dmc_walker_walk_seed1_w002_b11_1m/ckpt/20260716T094705F414126
Saved checkpoint.

--------------------[Agent Step 706_992]--------------------
Metrics filtered by: 'score|length|fps|ratio|train/loss/|train/acc/|train/inv/|train/rand/'
train/acc/inv 0.54 / train/inv/ce 1.57 / train/inv/confidence 0.25 / train/inv/confidence_gating 0 / train/inv/effective_rep_weight 0.02 / train/inv/head_objective 0.65 / train/inv/head_weight 0 / train/inv/objective 0.65 / train/inv/policy_weight_max 1 / train/inv/policy_weight_mean 1 / train/inv/policy_weight_min 1 / train/inv/policy_weight_std 0 / train/inv/valid_frac 1 / train/inv/weight 0.02 / train/loss/con 0.02 / train/loss/dyn 2.84 / train/loss/image 1.79 / train/loss/inv 0.01 / train/loss/policy -1.8e-3 / train/loss/rep 2.84 / train/loss/repval 0.75 / train/loss/rew 0.65 / train/loss/value 0.73 / replay/replay_ratio 264 / fps/policy 10.09 / fps/train 2584.29

Writing metrics: /home/zhangpeiying01/lfy/btwm-7.7/runs/btwm_dmc_walker_walk_seed1_w002_b11_1m/metrics.jsonl
Writing metrics: /home/zhangpeiying01/lfy/btwm-7.7/runs/btwm_dmc_walker_walk_seed1_w002_b11_1m/scores.jsonl

--------------------[Agent Step 708_240]--------------------
Metrics filtered by: 'score|length|fps|ratio|train/loss/|train/acc/|train/inv/|train/rand/'
train/acc/inv 0.54 / train/inv/ce 1.56 / train/inv/confidence 0.25 / train/inv/confidence_gating 0 / train/inv/effective_rep_weight 0.02 / train/inv/head_objective 0.65 / train/inv/head_weight 0 / train/inv/objective 0.65 / train/inv/policy_weight_max 1 / train/inv/policy_weight_mean 1 / train/inv/policy_weight_min 1 / train/inv/policy_weight_std 0 / train/inv/valid_frac 1 / train/inv/weight 0.02 / train/loss/con 0.02 / train/loss/dyn 2.76 / train/loss/image 1.72 / train/loss/inv 0.01 / train/loss/policy -5.7e-3 / train/loss/rep 2.76 / train/loss/repval 0.75 / train/loss/rew 0.64 / train/loss/value 0.73 / replay/replay_ratio 264 / fps/policy 10.28 / fps/train 2631.39

Writing metrics: /home/zhangpeiying01/lfy/btwm-7.7/runs/btwm_dmc_walker_walk_seed1_w002_b11_1m/scores.jsonl
Writing metrics: /home/zhangpeiying01/lfy/btwm-7.7/runs/btwm_dmc_walker_walk_seed1_w002_b11_1m/metrics.jsonl

--------------------[Agent Step 709_488]--------------------
Metrics filtered by: 'score|length|fps|ratio|train/loss/|train/acc/|train/inv/|train/rand/'
train/acc/inv 0.54 / train/inv/ce 1.56 / train/inv/confidence 0.25 / train/inv/confidence_gating 0 / train/inv/effective_rep_weight 0.02 / train/inv/head_objective 0.65 / train/inv/head_weight 0 / train/inv/objective 0.65 / train/inv/policy_weight_max 1 / train/inv/policy_weight_mean 1 / train/inv/policy_weight_min 1 / train/inv/policy_weight_std 0 / train/inv/valid_frac 1 / train/inv/weight 0.02 / train/loss/con 0.02 / train/loss/dyn 2.76 / train/loss/image 1.73 / train/loss/inv 0.01 / train/loss/policy -7.5e-3 / train/loss/rep 2.76 / train/loss/repval 0.75 / train/loss/rew 0.64 / train/loss/value 0.73 / replay/replay_ratio 264 / fps/policy 10.29 / fps/train 2634.19

Writing metrics: /home/zhangpeiying01/lfy/btwm-7.7/runs/btwm_dmc_walker_walk_seed1_w002_b11_1m/metrics.jsonl
Writing metrics: /home/zhangpeiying01/lfy/btwm-7.7/runs/btwm_dmc_walker_walk_seed1_w002_b11_1m/scores.jsonl

--------------------[Agent Step 710_736]--------------------
Metrics filtered by: 'score|length|fps|ratio|train/loss/|train/acc/|train/inv/|train/rand/'
train/acc/inv 0.54 / train/inv/ce 1.56 / train/inv/confidence 0.25 / train/inv/confidence_gating 0 / train/inv/effective_rep_weight 0.02 / train/inv/head_objective 0.65 / train/inv/head_weight 0 / train/inv/objective 0.65 / train/inv/policy_weight_max 1 / train/inv/policy_weight_mean 1 / train/inv/policy_weight_min 1 / train/inv/policy_weight_std 0 / train/inv/valid_frac 1 / train/inv/weight 0.02 / train/loss/con 0.02 / train/loss/dyn 2.77 / train/loss/image 1.72 / train/loss/inv 0.01 / train/loss/policy -6.9e-3 / train/loss/rep 2.77 / train/loss/repval 0.75 / train/loss/rew 0.64 / train/loss/value 0.73 / replay/replay_ratio 264 / fps/policy 10.28 / fps/train 2632.06

Writing metrics: /home/zhangpeiying01/lfy/btwm-7.7/runs/btwm_dmc_walker_walk_seed1_w002_b11_1m/scores.jsonl
Writing metrics: /home/zhangpeiying01/lfy/btwm-7.7/runs/btwm_dmc_walker_walk_seed1_w002_b11_1m/metrics.jsonl

--------------------[Agent Step 711_984]--------------------
Metrics filtered by: 'score|length|fps|ratio|train/loss/|train/acc/|train/inv/|train/rand/'
train/acc/inv 0.54 / train/inv/ce 1.55 / train/inv/confidence 0.25 / train/inv/confidence_gating 0 / train/inv/effective_rep_weight 0.02 / train/inv/head_objective 0.65 / train/inv/head_weight 0 / train/inv/objective 0.65 / train/inv/policy_weight_max 1 / train/inv/policy_weight_mean 1 / train/inv/policy_weight_min 1 / train/inv/policy_weight_std 0 / train/inv/valid_frac 1 / train/inv/weight 0.02 / train/loss/con 0.02 / train/loss/dyn 2.83 / train/loss/image 1.71 / train/loss/inv 0.01 / train/loss/policy -7.9e-3 / train/loss/rep 2.83 / train/loss/repval 0.75 / train/loss/rew 0.64 / train/loss/value 0.73 / replay/replay_ratio 264 / fps/policy 10.28 / fps/train 2632.3

Writing metrics: /home/zhangpeiying01/lfy/btwm-7.7/runs/btwm_dmc_walker_walk_seed1_w002_b11_1m/metrics.jsonl
Writing metrics: /home/zhangpeiying01/lfy/btwm-7.7/runs/btwm_dmc_walker_walk_seed1_w002_b11_1m/scores.jsonl

--------------------[Agent Step 713_232]--------------------
Metrics filtered by: 'score|length|fps|ratio|train/loss/|train/acc/|train/inv/|train/rand/'
train/acc/inv 0.54 / train/inv/ce 1.56 / train/inv/confidence 0.25 / train/inv/confidence_gating 0 / train/inv/effective_rep_weight 0.02 / train/inv/head_objective 0.65 / train/inv/head_weight 0 / train/inv/objective 0.65 / train/inv/policy_weight_max 1 / train/inv/policy_weight_mean 1 / train/inv/policy_weight_min 1 / train/inv/policy_weight_std 0 / train/inv/valid_frac 1 / train/inv/weight 0.02 / train/loss/con 0.02 / train/loss/dyn 2.83 / train/loss/image 1.71 / train/loss/inv 0.01 / train/loss/policy -6.7e-3 / train/loss/rep 2.83 / train/loss/repval 0.75 / train/loss/rew 0.64 / train/loss/value 0.73 / replay/replay_ratio 264 / fps/policy 10.3 / fps/train 2635.81

Writing metrics: /home/zhangpeiying01/lfy/btwm-7.7/runs/btwm_dmc_walker_walk_seed1_w002_b11_1m/metrics.jsonl
Writing metrics: /home/zhangpeiying01/lfy/btwm-7.7/runs/btwm_dmc_walker_walk_seed1_w002_b11_1m/scores.jsonl

--------------------[Agent Step 714_480]--------------------
Metrics filtered by: 'score|length|fps|ratio|train/loss/|train/acc/|train/inv/|train/rand/'
train/acc/inv 0.54 / train/inv/ce 1.56 / train/inv/confidence 0.25 / train/inv/confidence_gating 0 / train/inv/effective_rep_weight 0.02 / train/inv/head_objective 0.65 / train/inv/head_weight 0 / train/inv/objective 0.65 / train/inv/policy_weight_max 1 / train/inv/policy_weight_mean 1 / train/inv/policy_weight_min 1 / train/inv/policy_weight_std 0 / train/inv/valid_frac 1 / train/inv/weight 0.02 / train/loss/con 0.02 / train/loss/dyn 2.87 / train/loss/image 1.7 / train/loss/inv 0.01 / train/loss/policy -8.5e-3 / train/loss/rep 2.87 / train/loss/repval 0.75 / train/loss/rew 0.64 / train/loss/value 0.73 / replay/replay_ratio 264 / fps/policy 10.28 / fps/train 2631.11

Writing metrics: /home/zhangpeiying01/lfy/btwm-7.7/runs/btwm_dmc_walker_walk_seed1_w002_b11_1m/scores.jsonl
Writing metrics: /home/zhangpeiying01/lfy/btwm-7.7/runs/btwm_dmc_walker_walk_seed1_w002_b11_1m/metrics.jsonl

--------------------[Agent Step 715_728]--------------------
Metrics filtered by: 'score|length|fps|ratio|train/loss/|train/acc/|train/inv/|train/rand/'
train/acc/inv 0.54 / train/inv/ce 1.55 / train/inv/confidence 0.25 / train/inv/confidence_gating 0 / train/inv/effective_rep_weight 0.02 / train/inv/head_objective 0.65 / train/inv/head_weight 0 / train/inv/objective 0.65 / train/inv/policy_weight_max 1 / train/inv/policy_weight_mean 1 / train/inv/policy_weight_min 1 / train/inv/policy_weight_std 0 / train/inv/valid_frac 1 / train/inv/weight 0.02 / train/loss/con 0.02 / train/loss/dyn 2.77 / train/loss/image 1.7 / train/loss/inv 0.01 / train/loss/policy -8.7e-3 / train/loss/rep 2.77 / train/loss/repval 0.75 / train/loss/rew 0.64 / train/loss/value 0.73 / replay/replay_ratio 264 / fps/policy 10.29 / fps/train 2633.15

Writing metrics: /home/zhangpeiying01/lfy/btwm-7.7/runs/btwm_dmc_walker_walk_seed1_w002_b11_1m/metrics.jsonl
Writing metrics: /home/zhangpeiying01/lfy/btwm-7.7/runs/btwm_dmc_walker_walk_seed1_w002_b11_1m/scores.jsonl

--------------------[Agent Step 716_976]--------------------
Metrics filtered by: 'score|length|fps|ratio|train/loss/|train/acc/|train/inv/|train/rand/'
train/acc/inv 0.54 / train/inv/ce 1.55 / train/inv/confidence 0.25 / train/inv/confidence_gating 0 / train/inv/effective_rep_weight 0.02 / train/inv/head_objective 0.65 / train/inv/head_weight 0 / train/inv/objective 0.65 / train/inv/policy_weight_max 1 / train/inv/policy_weight_mean 1 / train/inv/policy_weight_min 1 / train/inv/policy_weight_std 0 / train/inv/valid_frac 1 / train/inv/weight 0.02 / train/loss/con 0.02 / train/loss/dyn 2.79 / train/loss/image 1.7 / train/loss/inv 0.01 / train/loss/policy -7.9e-3 / train/loss/rep 2.79 / train/loss/repval 0.75 / train/loss/rew 0.64 / train/loss/value 0.73 / replay/replay_ratio 264 / fps/policy 10.28 / fps/train 2632.7

Writing metrics: /home/zhangpeiying01/lfy/btwm-7.7/runs/btwm_dmc_walker_walk_seed1_w002_b11_1m/scores.jsonl
Writing metrics: /home/zhangpeiying01/lfy/btwm-7.7/runs/btwm_dmc_walker_walk_seed1_w002_b11_1m/metrics.jsonl

--------------------[Agent Step 718_208]--------------------
Metrics filtered by: 'score|length|fps|ratio|train/loss/|train/acc/|train/inv/|train/rand/'
train/acc/inv 0.54 / train/inv/ce 1.55 / train/inv/confidence 0.25 / train/inv/confidence_gating 0 / train/inv/effective_rep_weight 0.02 / train/inv/head_objective 0.65 / train/inv/head_weight 0 / train/inv/objective 0.65 / train/inv/policy_weight_max 1 / train/inv/policy_weight_mean 1 / train/inv/policy_weight_min 1 / train/inv/policy_weight_std 0 / train/inv/valid_frac 1 / train/inv/weight 0.02 / train/loss/con 0.02 / train/loss/dyn 2.84 / train/loss/image 1.71 / train/loss/inv 0.01 / train/loss/policy -0.01 / train/loss/rep 2.84 / train/loss/repval 0.75 / train/loss/rew 0.64 / train/loss/value 0.73 / replay/replay_ratio 264 / fps/policy 10.26 / fps/train 2626.36

Writing metrics: /home/zhangpeiying01/lfy/btwm-7.7/runs/btwm_dmc_walker_walk_seed1_w002_b11_1m/metrics.jsonl
Writing metrics: /home/zhangpeiying01/lfy/btwm-7.7/runs/btwm_dmc_walker_walk_seed1_w002_b11_1m/scores.jsonl

--------------------[Agent Step 719_456]--------------------
Metrics filtered by: 'score|length|fps|ratio|train/loss/|train/acc/|train/inv/|train/rand/'
train/acc/inv 0.54 / train/inv/ce 1.56 / train/inv/confidence 0.25 / train/inv/confidence_gating 0 / train/inv/effective_rep_weight 0.02 / train/inv/head_objective 0.65 / train/inv/head_weight 0 / train/inv/objective 0.65 / train/inv/policy_weight_max 1 / train/inv/policy_weight_mean 1 / train/inv/policy_weight_min 1 / train/inv/policy_weight_std 0 / train/inv/valid_frac 1 / train/inv/weight 0.02 / train/loss/con 0.02 / train/loss/dyn 2.73 / train/loss/image 1.67 / train/loss/inv 0.01 / train/loss/policy -0.01 / train/loss/rep 2.73 / train/loss/repval 0.75 / train/loss/rew 0.64 / train/loss/value 0.72 / replay/replay_ratio 264 / fps/policy 10.28 / fps/train 2632.31

Writing metrics: /home/zhangpeiying01/lfy/btwm-7.7/runs/btwm_dmc_walker_walk_seed1_w002_b11_1m/metrics.jsonl
Writing metrics: /home/zhangpeiying01/lfy/btwm-7.7/runs/btwm_dmc_walker_walk_seed1_w002_b11_1m/scores.jsonl

--------------------[Agent Step 720_688]--------------------
Metrics filtered by: 'score|length|fps|ratio|train/loss/|train/acc/|train/inv/|train/rand/'
train/acc/inv 0.54 / train/inv/ce 1.56 / train/inv/confidence 0.25 / train/inv/confidence_gating 0 / train/inv/effective_rep_weight 0.02 / train/inv/head_objective 0.65 / train/inv/head_weight 0 / train/inv/objective 0.65 / train/inv/policy_weight_max 1 / train/inv/policy_weight_mean 1 / train/inv/policy_weight_min 1 / train/inv/policy_weight_std 0 / train/inv/valid_frac 1 / train/inv/weight 0.02 / train/loss/con 0.02 / train/loss/dyn 2.77 / train/loss/image 1.67 / train/loss/inv 0.01 / train/loss/policy -7.8e-3 / train/loss/rep 2.77 / train/loss/repval 0.75 / train/loss/rew 0.65 / train/loss/value 0.72 / replay/replay_ratio 264 / fps/policy 10.22 / fps/train 2616

Writing metrics: /home/zhangpeiying01/lfy/btwm-7.7/runs/btwm_dmc_walker_walk_seed1_w002_b11_1m/metrics.jsonl
Writing metrics: /home/zhangpeiying01/lfy/btwm-7.7/runs/btwm_dmc_walker_walk_seed1_w002_b11_1m/scores.jsonl

--------------------[Agent Step 721_920]--------------------
Metrics filtered by: 'score|length|fps|ratio|train/loss/|train/acc/|train/inv/|train/rand/'
episode/score 967.39 / episode/length 1001 / train/acc/inv 0.54 / train/inv/ce 1.56 / train/inv/confidence 0.25 / train/inv/confidence_gating 0 / train/inv/effective_rep_weight 0.02 / train/inv/head_objective 0.65 / train/inv/head_weight 0 / train/inv/objective 0.65 / train/inv/policy_weight_max 1 / train/inv/policy_weight_mean 1 / train/inv/policy_weight_min 1 / train/inv/policy_weight_std 0 / train/inv/valid_frac 1 / train/inv/weight 0.02 / train/loss/con 0.02 / train/loss/dyn 2.85 / train/loss/image 1.79 / train/loss/inv 0.01 / train/loss/policy -7.8e-3 / train/loss/rep 2.85 / train/loss/repval 0.75 / train/loss/rew 0.64 / train/loss/value 0.72 / replay/replay_ratio 264 / fps/policy 10.21 / fps/train 2614.62

Writing metrics: /home/zhangpeiying01/lfy/btwm-7.7/runs/btwm_dmc_walker_walk_seed1_w002_b11_1m/scores.jsonl
Writing metrics: /home/zhangpeiying01/lfy/btwm-7.7/runs/btwm_dmc_walker_walk_seed1_w002_b11_1m/metrics.jsonl

--------------------[Agent Step 723_152]--------------------
Metrics filtered by: 'score|length|fps|ratio|train/loss/|train/acc/|train/inv/|train/rand/'
train/acc/inv 0.54 / train/inv/ce 1.56 / train/inv/confidence 0.25 / train/inv/confidence_gating 0 / train/inv/effective_rep_weight 0.02 / train/inv/head_objective 0.65 / train/inv/head_weight 0 / train/inv/objective 0.65 / train/inv/policy_weight_max 1 / train/inv/policy_weight_mean 1 / train/inv/policy_weight_min 1 / train/inv/policy_weight_std 0 / train/inv/valid_frac 1 / train/inv/weight 0.02 / train/loss/con 0.02 / train/loss/dyn 2.78 / train/loss/image 1.74 / train/loss/inv 0.01 / train/loss/policy -8.2e-3 / train/loss/rep 2.78 / train/loss/repval 0.75 / train/loss/rew 0.64 / train/loss/value 0.72 / replay/replay_ratio 264 / fps/policy 10.22 / fps/train 2615.82

Writing metrics: /home/zhangpeiying01/lfy/btwm-7.7/runs/btwm_dmc_walker_walk_seed1_w002_b11_1m/scores.jsonl
Writing metrics: /home/zhangpeiying01/lfy/btwm-7.7/runs/btwm_dmc_walker_walk_seed1_w002_b11_1m/metrics.jsonl

--------------------[Agent Step 724_384]--------------------
Metrics filtered by: 'score|length|fps|ratio|train/loss/|train/acc/|train/inv/|train/rand/'
train/acc/inv 0.54 / train/inv/ce 1.56 / train/inv/confidence 0.25 / train/inv/confidence_gating 0 / train/inv/effective_rep_weight 0.02 / train/inv/head_objective 0.65 / train/inv/head_weight 0 / train/inv/objective 0.65 / train/inv/policy_weight_max 1 / train/inv/policy_weight_mean 1 / train/inv/policy_weight_min 1 / train/inv/policy_weight_std 0 / train/inv/valid_frac 1 / train/inv/weight 0.02 / train/loss/con 0.02 / train/loss/dyn 2.76 / train/loss/image 1.72 / train/loss/inv 0.01 / train/loss/policy -8e-3 / train/loss/rep 2.76 / train/loss/repval 0.75 / train/loss/rew 0.64 / train/loss/value 0.72 / replay/replay_ratio 264 / fps/policy 10.19 / fps/train 2608.68

Writing metrics: /home/zhangpeiying01/lfy/btwm-7.7/runs/btwm_dmc_walker_walk_seed1_w002_b11_1m/metrics.jsonl
Writing metrics: /home/zhangpeiying01/lfy/btwm-7.7/runs/btwm_dmc_walker_walk_seed1_w002_b11_1m/scores.jsonl

--------------------[Agent Step 725_616]--------------------
Metrics filtered by: 'score|length|fps|ratio|train/loss/|train/acc/|train/inv/|train/rand/'
train/acc/inv 0.54 / train/inv/ce 1.56 / train/inv/confidence 0.25 / train/inv/confidence_gating 0 / train/inv/effective_rep_weight 0.02 / train/inv/head_objective 0.65 / train/inv/head_weight 0 / train/inv/objective 0.65 / train/inv/policy_weight_max 1 / train/inv/policy_weight_mean 1 / train/inv/policy_weight_min 1 / train/inv/policy_weight_std 0 / train/inv/valid_frac 1 / train/inv/weight 0.02 / train/loss/con 0.02 / train/loss/dyn 2.84 / train/loss/image 1.71 / train/loss/inv 0.01 / train/loss/policy -9.1e-3 / train/loss/rep 2.84 / train/loss/repval 0.75 / train/loss/rew 0.65 / train/loss/value 0.72 / replay/replay_ratio 264 / fps/policy 10.22 / fps/train 2615.27

Writing metrics: /home/zhangpeiying01/lfy/btwm-7.7/runs/btwm_dmc_walker_walk_seed1_w002_b11_1m/metrics.jsonl
Writing metrics: /home/zhangpeiying01/lfy/btwm-7.7/runs/btwm_dmc_walker_walk_seed1_w002_b11_1m/scores.jsonl

--------------------[Agent Step 726_848]--------------------
Metrics filtered by: 'score|length|fps|ratio|train/loss/|train/acc/|train/inv/|train/rand/'
train/acc/inv 0.54 / train/inv/ce 1.56 / train/inv/confidence 0.25 / train/inv/confidence_gating 0 / train/inv/effective_rep_weight 0.02 / train/inv/head_objective 0.65 / train/inv/head_weight 0 / train/inv/objective 0.65 / train/inv/policy_weight_max 1 / train/inv/policy_weight_mean 1 / train/inv/policy_weight_min 1 / train/inv/policy_weight_std 0 / train/inv/valid_frac 1 / train/inv/weight 0.02 / train/loss/con 0.02 / train/loss/dyn 2.78 / train/loss/image 1.72 / train/loss/inv 0.01 / train/loss/policy -0.01 / train/loss/rep 2.78 / train/loss/repval 0.75 / train/loss/rew 0.64 / train/loss/value 0.72 / replay/replay_ratio 264 / fps/policy 10.25 / fps/train 2622.88

Writing metrics: /home/zhangpeiying01/lfy/btwm-7.7/runs/btwm_dmc_walker_walk_seed1_w002_b11_1m/metrics.jsonl
Writing metrics: /home/zhangpeiying01/lfy/btwm-7.7/runs/btwm_dmc_walker_walk_seed1_w002_b11_1m/scores.jsonl

--------------------[Agent Step 728_080]--------------------
Metrics filtered by: 'score|length|fps|ratio|train/loss/|train/acc/|train/inv/|train/rand/'
train/acc/inv 0.54 / train/inv/ce 1.56 / train/inv/confidence 0.25 / train/inv/confidence_gating 0 / train/inv/effective_rep_weight 0.02 / train/inv/head_objective 0.65 / train/inv/head_weight 0 / train/inv/objective 0.65 / train/inv/policy_weight_max 1 / train/inv/policy_weight_mean 1 / train/inv/policy_weight_min 1 / train/inv/policy_weight_std 0 / train/inv/valid_frac 1 / train/inv/weight 0.02 / train/loss/con 0.02 / train/loss/dyn 2.89 / train/loss/image 1.71 / train/loss/inv 0.01 / train/loss/policy -8.9e-3 / train/loss/rep 2.89 / train/loss/repval 0.75 / train/loss/rew 0.64 / train/loss/value 0.73 / replay/replay_ratio 264 / fps/policy 10.21 / fps/train 2614.94

Writing metrics: /home/zhangpeiying01/lfy/btwm-7.7/runs/btwm_dmc_walker_walk_seed1_w002_b11_1m/scores.jsonl
Writing metrics: /home/zhangpeiying01/lfy/btwm-7.7/runs/btwm_dmc_walker_walk_seed1_w002_b11_1m/metrics.jsonl

--------------------[Agent Step 729_312]--------------------
Metrics filtered by: 'score|length|fps|ratio|train/loss/|train/acc/|train/inv/|train/rand/'
train/acc/inv 0.54 / train/inv/ce 1.55 / train/inv/confidence 0.25 / train/inv/confidence_gating 0 / train/inv/effective_rep_weight 0.02 / train/inv/head_objective 0.65 / train/inv/head_weight 0 / train/inv/objective 0.65 / train/inv/policy_weight_max 1 / train/inv/policy_weight_mean 1 / train/inv/policy_weight_min 1 / train/inv/policy_weight_std 0 / train/inv/valid_frac 1 / train/inv/weight 0.02 / train/loss/con 0.02 / train/loss/dyn 2.82 / train/loss/image 1.72 / train/loss/inv 0.01 / train/loss/policy -0.01 / train/loss/rep 2.82 / train/loss/repval 0.76 / train/loss/rew 0.64 / train/loss/value 0.73 / replay/replay_ratio 264 / fps/policy 10.24 / fps/train 2620.87

Writing metrics: /home/zhangpeiying01/lfy/btwm-7.7/runs/btwm_dmc_walker_walk_seed1_w002_b11_1m/metrics.jsonl
Writing metrics: /home/zhangpeiying01/lfy/btwm-7.7/runs/btwm_dmc_walker_walk_seed1_w002_b11_1m/scores.jsonl

--------------------[Agent Step 730_544]--------------------
Metrics filtered by: 'score|length|fps|ratio|train/loss/|train/acc/|train/inv/|train/rand/'
train/acc/inv 0.54 / train/inv/ce 1.56 / train/inv/confidence 0.25 / train/inv/confidence_gating 0 / train/inv/effective_rep_weight 0.02 / train/inv/head_objective 0.65 / train/inv/head_weight 0 / train/inv/objective 0.65 / train/inv/policy_weight_max 1 / train/inv/policy_weight_mean 1 / train/inv/policy_weight_min 1 / train/inv/policy_weight_std 0 / train/inv/valid_frac 1 / train/inv/weight 0.02 / train/loss/con 0.02 / train/loss/dyn 2.85 / train/loss/image 1.7 / train/loss/inv 0.01 / train/loss/policy -0.01 / train/loss/rep 2.85 / train/loss/repval 0.75 / train/loss/rew 0.64 / train/loss/value 0.73 / replay/replay_ratio 264 / fps/policy 10.19 / fps/train 2608.82

Writing metrics: /home/zhangpeiying01/lfy/btwm-7.7/runs/btwm_dmc_walker_walk_seed1_w002_b11_1m/metrics.jsonl
Writing metrics: /home/zhangpeiying01/lfy/btwm-7.7/runs/btwm_dmc_walker_walk_seed1_w002_b11_1m/scores.jsonl

--------------------[Agent Step 731_776]--------------------
Metrics filtered by: 'score|length|fps|ratio|train/loss/|train/acc/|train/inv/|train/rand/'
train/acc/inv 0.54 / train/inv/ce 1.55 / train/inv/confidence 0.25 / train/inv/confidence_gating 0 / train/inv/effective_rep_weight 0.02 / train/inv/head_objective 0.65 / train/inv/head_weight 0 / train/inv/objective 0.65 / train/inv/policy_weight_max 1 / train/inv/policy_weight_mean 1 / train/inv/policy_weight_min 1 / train/inv/policy_weight_std 0 / train/inv/valid_frac 1 / train/inv/weight 0.02 / train/loss/con 0.02 / train/loss/dyn 2.8 / train/loss/image 1.71 / train/loss/inv 0.01 / train/loss/policy -0.01 / train/loss/rep 2.8 / train/loss/repval 0.76 / train/loss/rew 0.64 / train/loss/value 0.73 / replay/replay_ratio 264 / fps/policy 10.2 / fps/train 2612.21

Writing metrics: /home/zhangpeiying01/lfy/btwm-7.7/runs/btwm_dmc_walker_walk_seed1_w002_b11_1m/metrics.jsonl
Writing metrics: /home/zhangpeiying01/lfy/btwm-7.7/runs/btwm_dmc_walker_walk_seed1_w002_b11_1m/scores.jsonl

--------------------[Agent Step 733_008]--------------------
Metrics filtered by: 'score|length|fps|ratio|train/loss/|train/acc/|train/inv/|train/rand/'
train/acc/inv 0.54 / train/inv/ce 1.55 / train/inv/confidence 0.25 / train/inv/confidence_gating 0 / train/inv/effective_rep_weight 0.02 / train/inv/head_objective 0.65 / train/inv/head_weight 0 / train/inv/objective 0.65 / train/inv/policy_weight_max 1 / train/inv/policy_weight_mean 1 / train/inv/policy_weight_min 1 / train/inv/policy_weight_std 0 / train/inv/valid_frac 1 / train/inv/weight 0.02 / train/loss/con 0.02 / train/loss/dyn 2.85 / train/loss/image 1.7 / train/loss/inv 0.01 / train/loss/policy -9.1e-3 / train/loss/rep 2.85 / train/loss/repval 0.76 / train/loss/rew 0.64 / train/loss/value 0.73 / replay/replay_ratio 264 / fps/policy 10.21 / fps/train 2614.92

Writing metrics: /home/zhangpeiying01/lfy/btwm-7.7/runs/btwm_dmc_walker_walk_seed1_w002_b11_1m/metrics.jsonl
Writing metrics: /home/zhangpeiying01/lfy/btwm-7.7/runs/btwm_dmc_walker_walk_seed1_w002_b11_1m/scores.jsonl

--------------------[Agent Step 734_240]--------------------
Metrics filtered by: 'score|length|fps|ratio|train/loss/|train/acc/|train/inv/|train/rand/'
train/acc/inv 0.54 / train/inv/ce 1.55 / train/inv/confidence 0.25 / train/inv/confidence_gating 0 / train/inv/effective_rep_weight 0.02 / train/inv/head_objective 0.65 / train/inv/head_weight 0 / train/inv/objective 0.65 / train/inv/policy_weight_max 1 / train/inv/policy_weight_mean 1 / train/inv/policy_weight_min 1 / train/inv/policy_weight_std 0 / train/inv/valid_frac 1 / train/inv/weight 0.02 / train/loss/con 0.02 / train/loss/dyn 2.81 / train/loss/image 1.71 / train/loss/inv 0.01 / train/loss/policy -0.01 / train/loss/rep 2.81 / train/loss/repval 0.75 / train/loss/rew 0.64 / train/loss/value 0.73 / replay/replay_ratio 264 / fps/policy 10.2 / fps/train 2612.18

Writing metrics: /home/zhangpeiying01/lfy/btwm-7.7/runs/btwm_dmc_walker_walk_seed1_w002_b11_1m/metrics.jsonl
Writing metrics: /home/zhangpeiying01/lfy/btwm-7.7/runs/btwm_dmc_walker_walk_seed1_w002_b11_1m/scores.jsonl

--------------------[Agent Step 735_472]--------------------
Metrics filtered by: 'score|length|fps|ratio|train/loss/|train/acc/|train/inv/|train/rand/'
train/acc/inv 0.54 / train/inv/ce 1.56 / train/inv/confidence 0.25 / train/inv/confidence_gating 0 / train/inv/effective_rep_weight 0.02 / train/inv/head_objective 0.65 / train/inv/head_weight 0 / train/inv/objective 0.65 / train/inv/policy_weight_max 1 / train/inv/policy_weight_mean 1 / train/inv/policy_weight_min 1 / train/inv/policy_weight_std 0 / train/inv/valid_frac 1 / train/inv/weight 0.02 / train/loss/con 0.02 / train/loss/dyn 2.9 / train/loss/image 1.67 / train/loss/inv 0.01 / train/loss/policy -9.3e-3 / train/loss/rep 2.9 / train/loss/repval 0.75 / train/loss/rew 0.64 / train/loss/value 0.72 / replay/replay_ratio 264 / fps/policy 10.21 / fps/train 2614.07

Writing metrics: /home/zhangpeiying01/lfy/btwm-7.7/runs/btwm_dmc_walker_walk_seed1_w002_b11_1m/metrics.jsonl
Writing metrics: /home/zhangpeiying01/lfy/btwm-7.7/runs/btwm_dmc_walker_walk_seed1_w002_b11_1m/scores.jsonl

--------------------[Agent Step 736_704]--------------------
Metrics filtered by: 'score|length|fps|ratio|train/loss/|train/acc/|train/inv/|train/rand/'
train/acc/inv 0.54 / train/inv/ce 1.56 / train/inv/confidence 0.25 / train/inv/confidence_gating 0 / train/inv/effective_rep_weight 0.02 / train/inv/head_objective 0.65 / train/inv/head_weight 0 / train/inv/objective 0.65 / train/inv/policy_weight_max 1 / train/inv/policy_weight_mean 1 / train/inv/policy_weight_min 1 / train/inv/policy_weight_std 0 / train/inv/valid_frac 1 / train/inv/weight 0.02 / train/loss/con 0.02 / train/loss/dyn 2.84 / train/loss/image 1.69 / train/loss/inv 0.01 / train/loss/policy -0.01 / train/loss/rep 2.84 / train/loss/repval 0.75 / train/loss/rew 0.64 / train/loss/value 0.73 / replay/replay_ratio 264 / fps/policy 10.19 / fps/train 2607.68

Writing metrics: /home/zhangpeiying01/lfy/btwm-7.7/runs/btwm_dmc_walker_walk_seed1_w002_b11_1m/scores.jsonl
Writing metrics: /home/zhangpeiying01/lfy/btwm-7.7/runs/btwm_dmc_walker_walk_seed1_w002_b11_1m/metrics.jsonl

--------------------[Agent Step 737_936]--------------------
Metrics filtered by: 'score|length|fps|ratio|train/loss/|train/acc/|train/inv/|train/rand/'
episode/score 959.59 / episode/length 1001 / train/acc/inv 0.54 / train/inv/ce 1.57 / train/inv/confidence 0.25 / train/inv/confidence_gating 0 / train/inv/effective_rep_weight 0.02 / train/inv/head_objective 0.65 / train/inv/head_weight 0 / train/inv/objective 0.65 / train/inv/policy_weight_max 1 / train/inv/policy_weight_mean 1 / train/inv/policy_weight_min 1 / train/inv/policy_weight_std 0 / train/inv/valid_frac 1 / train/inv/weight 0.02 / train/loss/con 0.02 / train/loss/dyn 2.91 / train/loss/image 1.75 / train/loss/inv 0.01 / train/loss/policy -8.8e-3 / train/loss/rep 2.91 / train/loss/repval 0.75 / train/loss/rew 0.65 / train/loss/value 0.72 / replay/replay_ratio 264 / fps/policy 10.23 / fps/train 2618.88

Writing metrics: /home/zhangpeiying01/lfy/btwm-7.7/runs/btwm_dmc_walker_walk_seed1_w002_b11_1m/scores.jsonl
Writing metrics: /home/zhangpeiying01/lfy/btwm-7.7/runs/btwm_dmc_walker_walk_seed1_w002_b11_1m/metrics.jsonl

--------------------[Agent Step 739_168]--------------------
Metrics filtered by: 'score|length|fps|ratio|train/loss/|train/acc/|train/inv/|train/rand/'
train/acc/inv 0.54 / train/inv/ce 1.56 / train/inv/confidence 0.25 / train/inv/confidence_gating 0 / train/inv/effective_rep_weight 0.02 / train/inv/head_objective 0.65 / train/inv/head_weight 0 / train/inv/objective 0.65 / train/inv/policy_weight_max 1 / train/inv/policy_weight_mean 1 / train/inv/policy_weight_min 1 / train/inv/policy_weight_std 0 / train/inv/valid_frac 1 / train/inv/weight 0.02 / train/loss/con 0.02 / train/loss/dyn 2.88 / train/loss/image 1.72 / train/loss/inv 0.01 / train/loss/policy -6.5e-3 / train/loss/rep 2.88 / train/loss/repval 0.75 / train/loss/rew 0.64 / train/loss/value 0.73 / replay/replay_ratio 264 / fps/policy 10.14 / fps/train 2594.71

Writing metrics: /home/zhangpeiying01/lfy/btwm-7.7/runs/btwm_dmc_walker_walk_seed1_w002_b11_1m/metrics.jsonl
Writing metrics: /home/zhangpeiying01/lfy/btwm-7.7/runs/btwm_dmc_walker_walk_seed1_w002_b11_1m/scores.jsonl

--------------------[Agent Step 740_400]--------------------
Metrics filtered by: 'score|length|fps|ratio|train/loss/|train/acc/|train/inv/|train/rand/'
train/acc/inv 0.54 / train/inv/ce 1.56 / train/inv/confidence 0.25 / train/inv/confidence_gating 0 / train/inv/effective_rep_weight 0.02 / train/inv/head_objective 0.65 / train/inv/head_weight 0 / train/inv/objective 0.65 / train/inv/policy_weight_max 1 / train/inv/policy_weight_mean 1 / train/inv/policy_weight_min 1 / train/inv/policy_weight_std 0 / train/inv/valid_frac 1 / train/inv/weight 0.02 / train/loss/con 0.02 / train/loss/dyn 2.85 / train/loss/image 1.69 / train/loss/inv 0.01 / train/loss/policy -9.5e-3 / train/loss/rep 2.85 / train/loss/repval 0.75 / train/loss/rew 0.64 / train/loss/value 0.73 / replay/replay_ratio 264 / fps/policy 10.23 / fps/train 2619.35

Writing metrics: /home/zhangpeiying01/lfy/btwm-7.7/runs/btwm_dmc_walker_walk_seed1_w002_b11_1m/metrics.jsonl
Writing metrics: /home/zhangpeiying01/lfy/btwm-7.7/runs/btwm_dmc_walker_walk_seed1_w002_b11_1m/scores.jsonl

--------------------[Agent Step 741_632]--------------------
Metrics filtered by: 'score|length|fps|ratio|train/loss/|train/acc/|train/inv/|train/rand/'
train/acc/inv 0.54 / train/inv/ce 1.56 / train/inv/confidence 0.25 / train/inv/confidence_gating 0 / train/inv/effective_rep_weight 0.02 / train/inv/head_objective 0.65 / train/inv/head_weight 0 / train/inv/objective 0.65 / train/inv/policy_weight_max 1 / train/inv/policy_weight_mean 1 / train/inv/policy_weight_min 1 / train/inv/policy_weight_std 0 / train/inv/valid_frac 1 / train/inv/weight 0.02 / train/loss/con 0.02 / train/loss/dyn 2.83 / train/loss/image 1.69 / train/loss/inv 0.01 / train/loss/policy -7.1e-3 / train/loss/rep 2.83 / train/loss/repval 0.75 / train/loss/rew 0.64 / train/loss/value 0.73 / replay/replay_ratio 264 / fps/policy 10.23 / fps/train 2619.57

Writing metrics: /home/zhangpeiying01/lfy/btwm-7.7/runs/btwm_dmc_walker_walk_seed1_w002_b11_1m/metrics.jsonl
Writing metrics: /home/zhangpeiying01/lfy/btwm-7.7/runs/btwm_dmc_walker_walk_seed1_w002_b11_1m/scores.jsonl

--------------------[Agent Step 742_864]--------------------
Metrics filtered by: 'score|length|fps|ratio|train/loss/|train/acc/|train/inv/|train/rand/'
train/acc/inv 0.54 / train/inv/ce 1.56 / train/inv/confidence 0.25 / train/inv/confidence_gating 0 / train/inv/effective_rep_weight 0.02 / train/inv/head_objective 0.65 / train/inv/head_weight 0 / train/inv/objective 0.65 / train/inv/policy_weight_max 1 / train/inv/policy_weight_mean 1 / train/inv/policy_weight_min 1 / train/inv/policy_weight_std 0 / train/inv/valid_frac 1 / train/inv/weight 0.02 / train/loss/con 0.02 / train/loss/dyn 2.87 / train/loss/image 1.7 / train/loss/inv 0.01 / train/loss/policy -6.4e-3 / train/loss/rep 2.87 / train/loss/repval 0.75 / train/loss/rew 0.64 / train/loss/value 0.72 / replay/replay_ratio 264 / fps/policy 10.23 / fps/train 2617.65

Writing metrics: /home/zhangpeiying01/lfy/btwm-7.7/runs/btwm_dmc_walker_walk_seed1_w002_b11_1m/metrics.jsonl
Writing metrics: /home/zhangpeiying01/lfy/btwm-7.7/runs/btwm_dmc_walker_walk_seed1_w002_b11_1m/scores.jsonl
Saving checkpoint: /home/zhangpeiying01/lfy/btwm-7.7/runs/btwm_dmc_walker_walk_seed1_w002_b11_1m/ckpt/20260716T104705F981451
Saved checkpoint.

--------------------[Agent Step 744_080]--------------------
Metrics filtered by: 'score|length|fps|ratio|train/loss/|train/acc/|train/inv/|train/rand/'
train/acc/inv 0.54 / train/inv/ce 1.55 / train/inv/confidence 0.25 / train/inv/confidence_gating 0 / train/inv/effective_rep_weight 0.02 / train/inv/head_objective 0.65 / train/inv/head_weight 0 / train/inv/objective 0.65 / train/inv/policy_weight_max 1 / train/inv/policy_weight_mean 1 / train/inv/policy_weight_min 1 / train/inv/policy_weight_std 0 / train/inv/valid_frac 1 / train/inv/weight 0.02 / train/loss/con 0.02 / train/loss/dyn 2.83 / train/loss/image 1.69 / train/loss/inv 0.01 / train/loss/policy -0.01 / train/loss/rep 2.83 / train/loss/repval 0.75 / train/loss/rew 0.64 / train/loss/value 0.72 / replay/replay_ratio 264 / fps/policy 10.05 / fps/train 2572.05

Writing metrics: /home/zhangpeiying01/lfy/btwm-7.7/runs/btwm_dmc_walker_walk_seed1_w002_b11_1m/metrics.jsonl
Writing metrics: /home/zhangpeiying01/lfy/btwm-7.7/runs/btwm_dmc_walker_walk_seed1_w002_b11_1m/scores.jsonl

--------------------[Agent Step 745_312]--------------------
Metrics filtered by: 'score|length|fps|ratio|train/loss/|train/acc/|train/inv/|train/rand/'
train/acc/inv 0.54 / train/inv/ce 1.56 / train/inv/confidence 0.25 / train/inv/confidence_gating 0 / train/inv/effective_rep_weight 0.02 / train/inv/head_objective 0.65 / train/inv/head_weight 0 / train/inv/objective 0.65 / train/inv/policy_weight_max 1 / train/inv/policy_weight_mean 1 / train/inv/policy_weight_min 1 / train/inv/policy_weight_std 0 / train/inv/valid_frac 1 / train/inv/weight 0.02 / train/loss/con 0.02 / train/loss/dyn 2.78 / train/loss/image 1.66 / train/loss/inv 0.01 / train/loss/policy -7.7e-3 / train/loss/rep 2.78 / train/loss/repval 0.74 / train/loss/rew 0.64 / train/loss/value 0.72 / replay/replay_ratio 264 / fps/policy 10.19 / fps/train 2608.32

Writing metrics: /home/zhangpeiying01/lfy/btwm-7.7/runs/btwm_dmc_walker_walk_seed1_w002_b11_1m/metrics.jsonl
Writing metrics: /home/zhangpeiying01/lfy/btwm-7.7/runs/btwm_dmc_walker_walk_seed1_w002_b11_1m/scores.jsonl

--------------------[Agent Step 746_544]--------------------
Metrics filtered by: 'score|length|fps|ratio|train/loss/|train/acc/|train/inv/|train/rand/'
train/acc/inv 0.54 / train/inv/ce 1.56 / train/inv/confidence 0.25 / train/inv/confidence_gating 0 / train/inv/effective_rep_weight 0.02 / train/inv/head_objective 0.65 / train/inv/head_weight 0 / train/inv/objective 0.65 / train/inv/policy_weight_max 1 / train/inv/policy_weight_mean 1 / train/inv/policy_weight_min 1 / train/inv/policy_weight_std 0 / train/inv/valid_frac 1 / train/inv/weight 0.02 / train/loss/con 0.02 / train/loss/dyn 2.81 / train/loss/image 1.68 / train/loss/inv 0.01 / train/loss/policy -9.1e-3 / train/loss/rep 2.81 / train/loss/repval 0.74 / train/loss/rew 0.64 / train/loss/value 0.72 / replay/replay_ratio 264 / fps/policy 10.26 / fps/train 2626.33

Writing metrics: /home/zhangpeiying01/lfy/btwm-7.7/runs/btwm_dmc_walker_walk_seed1_w002_b11_1m/metrics.jsonl
Writing metrics: /home/zhangpeiying01/lfy/btwm-7.7/runs/btwm_dmc_walker_walk_seed1_w002_b11_1m/scores.jsonl

--------------------[Agent Step 747_776]--------------------
Metrics filtered by: 'score|length|fps|ratio|train/loss/|train/acc/|train/inv/|train/rand/'
train/acc/inv 0.54 / train/inv/ce 1.55 / train/inv/confidence 0.25 / train/inv/confidence_gating 0 / train/inv/effective_rep_weight 0.02 / train/inv/head_objective 0.65 / train/inv/head_weight 0 / train/inv/objective 0.65 / train/inv/policy_weight_max 1 / train/inv/policy_weight_mean 1 / train/inv/policy_weight_min 1 / train/inv/policy_weight_std 0 / train/inv/valid_frac 1 / train/inv/weight 0.02 / train/loss/con 0.02 / train/loss/dyn 2.88 / train/loss/image 1.68 / train/loss/inv 0.01 / train/loss/policy -0.01 / train/loss/rep 2.88 / train/loss/repval 0.74 / train/loss/rew 0.64 / train/loss/value 0.72 / replay/replay_ratio 264 / fps/policy 10.26 / fps/train 2626.38

Writing metrics: /home/zhangpeiying01/lfy/btwm-7.7/runs/btwm_dmc_walker_walk_seed1_w002_b11_1m/scores.jsonl
Writing metrics: /home/zhangpeiying01/lfy/btwm-7.7/runs/btwm_dmc_walker_walk_seed1_w002_b11_1m/metrics.jsonl

--------------------[Agent Step 749_008]--------------------
Metrics filtered by: 'score|length|fps|ratio|train/loss/|train/acc/|train/inv/|train/rand/'
train/acc/inv 0.54 / train/inv/ce 1.55 / train/inv/confidence 0.25 / train/inv/confidence_gating 0 / train/inv/effective_rep_weight 0.02 / train/inv/head_objective 0.65 / train/inv/head_weight 0 / train/inv/objective 0.65 / train/inv/policy_weight_max 1 / train/inv/policy_weight_mean 1 / train/inv/policy_weight_min 1 / train/inv/policy_weight_std 0 / train/inv/valid_frac 1 / train/inv/weight 0.02 / train/loss/con 0.02 / train/loss/dyn 2.8 / train/loss/image 1.68 / train/loss/inv 0.01 / train/loss/policy -9e-3 / train/loss/rep 2.8 / train/loss/repval 0.74 / train/loss/rew 0.64 / train/loss/value 0.72 / replay/replay_ratio 264 / fps/policy 10.23 / fps/train 2619.29

Writing metrics: /home/zhangpeiying01/lfy/btwm-7.7/runs/btwm_dmc_walker_walk_seed1_w002_b11_1m/metrics.jsonl
Writing metrics: /home/zhangpeiying01/lfy/btwm-7.7/runs/btwm_dmc_walker_walk_seed1_w002_b11_1m/scores.jsonl

--------------------[Agent Step 750_240]--------------------
Metrics filtered by: 'score|length|fps|ratio|train/loss/|train/acc/|train/inv/|train/rand/'
train/acc/inv 0.54 / train/inv/ce 1.55 / train/inv/confidence 0.25 / train/inv/confidence_gating 0 / train/inv/effective_rep_weight 0.02 / train/inv/head_objective 0.65 / train/inv/head_weight 0 / train/inv/objective 0.65 / train/inv/policy_weight_max 1 / train/inv/policy_weight_mean 1 / train/inv/policy_weight_min 1 / train/inv/policy_weight_std 0 / train/inv/valid_frac 1 / train/inv/weight 0.02 / train/loss/con 0.02 / train/loss/dyn 2.82 / train/loss/image 1.67 / train/loss/inv 0.01 / train/loss/policy -0.01 / train/loss/rep 2.82 / train/loss/repval 0.75 / train/loss/rew 0.64 / train/loss/value 0.72 / replay/replay_ratio 264 / fps/policy 10.26 / fps/train 2626.57

Writing metrics: /home/zhangpeiying01/lfy/btwm-7.7/runs/btwm_dmc_walker_walk_seed1_w002_b11_1m/metrics.jsonl
Writing metrics: /home/zhangpeiying01/lfy/btwm-7.7/runs/btwm_dmc_walker_walk_seed1_w002_b11_1m/scores.jsonl

--------------------[Agent Step 751_472]--------------------
Metrics filtered by: 'score|length|fps|ratio|train/loss/|train/acc/|train/inv/|train/rand/'
train/acc/inv 0.54 / train/inv/ce 1.56 / train/inv/confidence 0.25 / train/inv/confidence_gating 0 / train/inv/effective_rep_weight 0.02 / train/inv/head_objective 0.65 / train/inv/head_weight 0 / train/inv/objective 0.65 / train/inv/policy_weight_max 1 / train/inv/policy_weight_mean 1 / train/inv/policy_weight_min 1 / train/inv/policy_weight_std 0 / train/inv/valid_frac 1 / train/inv/weight 0.02 / train/loss/con 0.02 / train/loss/dyn 2.89 / train/loss/image 1.66 / train/loss/inv 0.01 / train/loss/policy -9.9e-3 / train/loss/rep 2.89 / train/loss/repval 0.75 / train/loss/rew 0.64 / train/loss/value 0.72 / replay/replay_ratio 264 / fps/policy 10.23 / fps/train 2617.99

Writing metrics: /home/zhangpeiying01/lfy/btwm-7.7/runs/btwm_dmc_walker_walk_seed1_w002_b11_1m/scores.jsonl
Writing metrics: /home/zhangpeiying01/lfy/btwm-7.7/runs/btwm_dmc_walker_walk_seed1_w002_b11_1m/metrics.jsonl

--------------------[Agent Step 752_704]--------------------
Metrics filtered by: 'score|length|fps|ratio|train/loss/|train/acc/|train/inv/|train/rand/'
train/acc/inv 0.54 / train/inv/ce 1.56 / train/inv/confidence 0.25 / train/inv/confidence_gating 0 / train/inv/effective_rep_weight 0.02 / train/inv/head_objective 0.65 / train/inv/head_weight 0 / train/inv/objective 0.65 / train/inv/policy_weight_max 1 / train/inv/policy_weight_mean 1 / train/inv/policy_weight_min 1 / train/inv/policy_weight_std 0 / train/inv/valid_frac 1 / train/inv/weight 0.02 / train/loss/con 0.02 / train/loss/dyn 2.8 / train/loss/image 1.65 / train/loss/inv 0.01 / train/loss/policy -6.7e-3 / train/loss/rep 2.8 / train/loss/repval 0.74 / train/loss/rew 0.65 / train/loss/value 0.72 / replay/replay_ratio 264 / fps/policy 10.18 / fps/train 2606.04

Writing metrics: /home/zhangpeiying01/lfy/btwm-7.7/runs/btwm_dmc_walker_walk_seed1_w002_b11_1m/metrics.jsonl
Writing metrics: /home/zhangpeiying01/lfy/btwm-7.7/runs/btwm_dmc_walker_walk_seed1_w002_b11_1m/scores.jsonl

--------------------[Agent Step 753_936]--------------------
Metrics filtered by: 'score|length|fps|ratio|train/loss/|train/acc/|train/inv/|train/rand/'
episode/score 953.17 / episode/length 1001 / train/acc/inv 0.54 / train/inv/ce 1.56 / train/inv/confidence 0.25 / train/inv/confidence_gating 0 / train/inv/effective_rep_weight 0.02 / train/inv/head_objective 0.65 / train/inv/head_weight 0 / train/inv/objective 0.65 / train/inv/policy_weight_max 1 / train/inv/policy_weight_mean 1 / train/inv/policy_weight_min 1 / train/inv/policy_weight_std 0 / train/inv/valid_frac 1 / train/inv/weight 0.02 / train/loss/con 0.02 / train/loss/dyn 2.85 / train/loss/image 1.73 / train/loss/inv 0.01 / train/loss/policy -7.2e-3 / train/loss/rep 2.85 / train/loss/repval 0.74 / train/loss/rew 0.65 / train/loss/value 0.72 / replay/replay_ratio 264 / fps/policy 10.23 / fps/train 2619.73

Writing metrics: /home/zhangpeiying01/lfy/btwm-7.7/runs/btwm_dmc_walker_walk_seed1_w002_b11_1m/metrics.jsonl
Writing metrics: /home/zhangpeiying01/lfy/btwm-7.7/runs/btwm_dmc_walker_walk_seed1_w002_b11_1m/scores.jsonl

--------------------[Agent Step 755_168]--------------------
Metrics filtered by: 'score|length|fps|ratio|train/loss/|train/acc/|train/inv/|train/rand/'
train/acc/inv 0.54 / train/inv/ce 1.57 / train/inv/confidence 0.25 / train/inv/confidence_gating 0 / train/inv/effective_rep_weight 0.02 / train/inv/head_objective 0.65 / train/inv/head_weight 0 / train/inv/objective 0.65 / train/inv/policy_weight_max 1 / train/inv/policy_weight_mean 1 / train/inv/policy_weight_min 1 / train/inv/policy_weight_std 0 / train/inv/valid_frac 1 / train/inv/weight 0.02 / train/loss/con 0.02 / train/loss/dyn 2.88 / train/loss/image 1.74 / train/loss/inv 0.01 / train/loss/policy -8.8e-3 / train/loss/rep 2.88 / train/loss/repval 0.74 / train/loss/rew 0.65 / train/loss/value 0.72 / replay/replay_ratio 264 / fps/policy 10.19 / fps/train 2609.23

Writing metrics: /home/zhangpeiying01/lfy/btwm-7.7/runs/btwm_dmc_walker_walk_seed1_w002_b11_1m/scores.jsonl
Writing metrics: /home/zhangpeiying01/lfy/btwm-7.7/runs/btwm_dmc_walker_walk_seed1_w002_b11_1m/metrics.jsonl

--------------------[Agent Step 756_384]--------------------
Metrics filtered by: 'score|length|fps|ratio|train/loss/|train/acc/|train/inv/|train/rand/'
train/acc/inv 0.54 / train/inv/ce 1.56 / train/inv/confidence 0.25 / train/inv/confidence_gating 0 / train/inv/effective_rep_weight 0.02 / train/inv/head_objective 0.65 / train/inv/head_weight 0 / train/inv/objective 0.65 / train/inv/policy_weight_max 1 / train/inv/policy_weight_mean 1 / train/inv/policy_weight_min 1 / train/inv/policy_weight_std 0 / train/inv/valid_frac 1 / train/inv/weight 0.02 / train/loss/con 0.02 / train/loss/dyn 2.82 / train/loss/image 1.69 / train/loss/inv 0.01 / train/loss/policy -9.1e-3 / train/loss/rep 2.82 / train/loss/repval 0.75 / train/loss/rew 0.64 / train/loss/value 0.72 / replay/replay_ratio 264 / fps/policy 10.04 / fps/train 2570.14

Writing metrics: /home/zhangpeiying01/lfy/btwm-7.7/runs/btwm_dmc_walker_walk_seed1_w002_b11_1m/metrics.jsonl
Writing metrics: /home/zhangpeiying01/lfy/btwm-7.7/runs/btwm_dmc_walker_walk_seed1_w002_b11_1m/scores.jsonl

--------------------[Agent Step 757_600]--------------------
Metrics filtered by: 'score|length|fps|ratio|train/loss/|train/acc/|train/inv/|train/rand/'
train/acc/inv 0.54 / train/inv/ce 1.56 / train/inv/confidence 0.25 / train/inv/confidence_gating 0 / train/inv/effective_rep_weight 0.02 / train/inv/head_objective 0.65 / train/inv/head_weight 0 / train/inv/objective 0.65 / train/inv/policy_weight_max 1 / train/inv/policy_weight_mean 1 / train/inv/policy_weight_min 1 / train/inv/policy_weight_std 0 / train/inv/valid_frac 1 / train/inv/weight 0.02 / train/loss/con 0.02 / train/loss/dyn 2.75 / train/loss/image 1.67 / train/loss/inv 0.01 / train/loss/policy -0.01 / train/loss/rep 2.75 / train/loss/repval 0.75 / train/loss/rew 0.64 / train/loss/value 0.72 / replay/replay_ratio 264 / fps/policy 10.11 / fps/train 2587.47

Writing metrics: /home/zhangpeiying01/lfy/btwm-7.7/runs/btwm_dmc_walker_walk_seed1_w002_b11_1m/scores.jsonl
Writing metrics: /home/zhangpeiying01/lfy/btwm-7.7/runs/btwm_dmc_walker_walk_seed1_w002_b11_1m/metrics.jsonl

--------------------[Agent Step 758_832]--------------------
Metrics filtered by: 'score|length|fps|ratio|train/loss/|train/acc/|train/inv/|train/rand/'
train/acc/inv 0.54 / train/inv/ce 1.56 / train/inv/confidence 0.25 / train/inv/confidence_gating 0 / train/inv/effective_rep_weight 0.02 / train/inv/head_objective 0.65 / train/inv/head_weight 0 / train/inv/objective 0.65 / train/inv/policy_weight_max 1 / train/inv/policy_weight_mean 1 / train/inv/policy_weight_min 1 / train/inv/policy_weight_std 0 / train/inv/valid_frac 1 / train/inv/weight 0.02 / train/loss/con 0.02 / train/loss/dyn 2.81 / train/loss/image 1.68 / train/loss/inv 0.01 / train/loss/policy -8.6e-3 / train/loss/rep 2.81 / train/loss/repval 0.75 / train/loss/rew 0.64 / train/loss/value 0.72 / replay/replay_ratio 264 / fps/policy 10.24 / fps/train 2621.16

Writing metrics: /home/zhangpeiying01/lfy/btwm-7.7/runs/btwm_dmc_walker_walk_seed1_w002_b11_1m/scores.jsonl
Writing metrics: /home/zhangpeiying01/lfy/btwm-7.7/runs/btwm_dmc_walker_walk_seed1_w002_b11_1m/metrics.jsonl

--------------------[Agent Step 760_064]--------------------
Metrics filtered by: 'score|length|fps|ratio|train/loss/|train/acc/|train/inv/|train/rand/'
train/acc/inv 0.54 / train/inv/ce 1.56 / train/inv/confidence 0.25 / train/inv/confidence_gating 0 / train/inv/effective_rep_weight 0.02 / train/inv/head_objective 0.65 / train/inv/head_weight 0 / train/inv/objective 0.65 / train/inv/policy_weight_max 1 / train/inv/policy_weight_mean 1 / train/inv/policy_weight_min 1 / train/inv/policy_weight_std 0 / train/inv/valid_frac 1 / train/inv/weight 0.02 / train/loss/con 0.02 / train/loss/dyn 2.83 / train/loss/image 1.66 / train/loss/inv 0.01 / train/loss/policy -0.01 / train/loss/rep 2.83 / train/loss/repval 0.75 / train/loss/rew 0.65 / train/loss/value 0.72 / replay/replay_ratio 264 / fps/policy 10.25 / fps/train 2622.83

Writing metrics: /home/zhangpeiying01/lfy/btwm-7.7/runs/btwm_dmc_walker_walk_seed1_w002_b11_1m/metrics.jsonl
Writing metrics: /home/zhangpeiying01/lfy/btwm-7.7/runs/btwm_dmc_walker_walk_seed1_w002_b11_1m/scores.jsonl

--------------------[Agent Step 761_296]--------------------
Metrics filtered by: 'score|length|fps|ratio|train/loss/|train/acc/|train/inv/|train/rand/'
train/acc/inv 0.54 / train/inv/ce 1.55 / train/inv/confidence 0.25 / train/inv/confidence_gating 0 / train/inv/effective_rep_weight 0.02 / train/inv/head_objective 0.65 / train/inv/head_weight 0 / train/inv/objective 0.65 / train/inv/policy_weight_max 1 / train/inv/policy_weight_mean 1 / train/inv/policy_weight_min 1 / train/inv/policy_weight_std 0 / train/inv/valid_frac 1 / train/inv/weight 0.02 / train/loss/con 0.02 / train/loss/dyn 2.88 / train/loss/image 1.69 / train/loss/inv 0.01 / train/loss/policy -7.7e-3 / train/loss/rep 2.88 / train/loss/repval 0.75 / train/loss/rew 0.64 / train/loss/value 0.73 / replay/replay_ratio 264 / fps/policy 10.21 / fps/train 2612.57

Writing metrics: /home/zhangpeiying01/lfy/btwm-7.7/runs/btwm_dmc_walker_walk_seed1_w002_b11_1m/metrics.jsonl
Writing metrics: /home/zhangpeiying01/lfy/btwm-7.7/runs/btwm_dmc_walker_walk_seed1_w002_b11_1m/scores.jsonl

--------------------[Agent Step 762_528]--------------------
Metrics filtered by: 'score|length|fps|ratio|train/loss/|train/acc/|train/inv/|train/rand/'
train/acc/inv 0.54 / train/inv/ce 1.56 / train/inv/confidence 0.25 / train/inv/confidence_gating 0 / train/inv/effective_rep_weight 0.02 / train/inv/head_objective 0.65 / train/inv/head_weight 0 / train/inv/objective 0.65 / train/inv/policy_weight_max 1 / train/inv/policy_weight_mean 1 / train/inv/policy_weight_min 1 / train/inv/policy_weight_std 0 / train/inv/valid_frac 1 / train/inv/weight 0.02 / train/loss/con 0.02 / train/loss/dyn 2.89 / train/loss/image 1.68 / train/loss/inv 0.01 / train/loss/policy -9.7e-3 / train/loss/rep 2.89 / train/loss/repval 0.75 / train/loss/rew 0.65 / train/loss/value 0.73 / replay/replay_ratio 264 / fps/policy 10.24 / fps/train 2622.09

Writing metrics: /home/zhangpeiying01/lfy/btwm-7.7/runs/btwm_dmc_walker_walk_seed1_w002_b11_1m/metrics.jsonl
Writing metrics: /home/zhangpeiying01/lfy/btwm-7.7/runs/btwm_dmc_walker_walk_seed1_w002_b11_1m/scores.jsonl

--------------------[Agent Step 763_760]--------------------
Metrics filtered by: 'score|length|fps|ratio|train/loss/|train/acc/|train/inv/|train/rand/'
train/acc/inv 0.54 / train/inv/ce 1.56 / train/inv/confidence 0.25 / train/inv/confidence_gating 0 / train/inv/effective_rep_weight 0.02 / train/inv/head_objective 0.65 / train/inv/head_weight 0 / train/inv/objective 0.65 / train/inv/policy_weight_max 1 / train/inv/policy_weight_mean 1 / train/inv/policy_weight_min 1 / train/inv/policy_weight_std 0 / train/inv/valid_frac 1 / train/inv/weight 0.02 / train/loss/con 0.02 / train/loss/dyn 2.8 / train/loss/image 1.67 / train/loss/inv 0.01 / train/loss/policy -6.9e-3 / train/loss/rep 2.8 / train/loss/repval 0.75 / train/loss/rew 0.64 / train/loss/value 0.72 / replay/replay_ratio 264 / fps/policy 10.23 / fps/train 2618.44

Writing metrics: /home/zhangpeiying01/lfy/btwm-7.7/runs/btwm_dmc_walker_walk_seed1_w002_b11_1m/metrics.jsonl
Writing metrics: /home/zhangpeiying01/lfy/btwm-7.7/runs/btwm_dmc_walker_walk_seed1_w002_b11_1m/scores.jsonl

--------------------[Agent Step 764_992]--------------------
Metrics filtered by: 'score|length|fps|ratio|train/loss/|train/acc/|train/inv/|train/rand/'
train/acc/inv 0.54 / train/inv/ce 1.55 / train/inv/confidence 0.25 / train/inv/confidence_gating 0 / train/inv/effective_rep_weight 0.02 / train/inv/head_objective 0.65 / train/inv/head_weight 0 / train/inv/objective 0.65 / train/inv/policy_weight_max 1 / train/inv/policy_weight_mean 1 / train/inv/policy_weight_min 1 / train/inv/policy_weight_std 0 / train/inv/valid_frac 1 / train/inv/weight 0.02 / train/loss/con 0.02 / train/loss/dyn 2.85 / train/loss/image 1.66 / train/loss/inv 0.01 / train/loss/policy -8.4e-3 / train/loss/rep 2.85 / train/loss/repval 0.75 / train/loss/rew 0.64 / train/loss/value 0.72 / replay/replay_ratio 264 / fps/policy 10.23 / fps/train 2619.8

Writing metrics: /home/zhangpeiying01/lfy/btwm-7.7/runs/btwm_dmc_walker_walk_seed1_w002_b11_1m/metrics.jsonl
Writing metrics: /home/zhangpeiying01/lfy/btwm-7.7/runs/btwm_dmc_walker_walk_seed1_w002_b11_1m/scores.jsonl

--------------------[Agent Step 766_224]--------------------
Metrics filtered by: 'score|length|fps|ratio|train/loss/|train/acc/|train/inv/|train/rand/'
train/acc/inv 0.54 / train/inv/ce 1.55 / train/inv/confidence 0.25 / train/inv/confidence_gating 0 / train/inv/effective_rep_weight 0.02 / train/inv/head_objective 0.65 / train/inv/head_weight 0 / train/inv/objective 0.65 / train/inv/policy_weight_max 1 / train/inv/policy_weight_mean 1 / train/inv/policy_weight_min 1 / train/inv/policy_weight_std 0 / train/inv/valid_frac 1 / train/inv/weight 0.02 / train/loss/con 0.02 / train/loss/dyn 2.86 / train/loss/image 1.67 / train/loss/inv 0.01 / train/loss/policy -7.1e-3 / train/loss/rep 2.86 / train/loss/repval 0.75 / train/loss/rew 0.64 / train/loss/value 0.72 / replay/replay_ratio 264 / fps/policy 10.24 / fps/train 2622.14

Writing metrics: /home/zhangpeiying01/lfy/btwm-7.7/runs/btwm_dmc_walker_walk_seed1_w002_b11_1m/metrics.jsonl
Writing metrics: /home/zhangpeiying01/lfy/btwm-7.7/runs/btwm_dmc_walker_walk_seed1_w002_b11_1m/scores.jsonl

--------------------[Agent Step 767_456]--------------------
Metrics filtered by: 'score|length|fps|ratio|train/loss/|train/acc/|train/inv/|train/rand/'
train/acc/inv 0.54 / train/inv/ce 1.56 / train/inv/confidence 0.25 / train/inv/confidence_gating 0 / train/inv/effective_rep_weight 0.02 / train/inv/head_objective 0.65 / train/inv/head_weight 0 / train/inv/objective 0.65 / train/inv/policy_weight_max 1 / train/inv/policy_weight_mean 1 / train/inv/policy_weight_min 1 / train/inv/policy_weight_std 0 / train/inv/valid_frac 1 / train/inv/weight 0.02 / train/loss/con 0.02 / train/loss/dyn 2.81 / train/loss/image 1.63 / train/loss/inv 0.01 / train/loss/policy -7.4e-3 / train/loss/rep 2.81 / train/loss/repval 0.74 / train/loss/rew 0.65 / train/loss/value 0.72 / replay/replay_ratio 264 / fps/policy 10.2 / fps/train 2611.24

Writing metrics: /home/zhangpeiying01/lfy/btwm-7.7/runs/btwm_dmc_walker_walk_seed1_w002_b11_1m/metrics.jsonl
Writing metrics: /home/zhangpeiying01/lfy/btwm-7.7/runs/btwm_dmc_walker_walk_seed1_w002_b11_1m/scores.jsonl

--------------------[Agent Step 768_688]--------------------
Metrics filtered by: 'score|length|fps|ratio|train/loss/|train/acc/|train/inv/|train/rand/'
train/acc/inv 0.54 / train/inv/ce 1.56 / train/inv/confidence 0.25 / train/inv/confidence_gating 0 / train/inv/effective_rep_weight 0.02 / train/inv/head_objective 0.65 / train/inv/head_weight 0 / train/inv/objective 0.65 / train/inv/policy_weight_max 1 / train/inv/policy_weight_mean 1 / train/inv/policy_weight_min 1 / train/inv/policy_weight_std 0 / train/inv/valid_frac 1 / train/inv/weight 0.02 / train/loss/con 0.02 / train/loss/dyn 2.86 / train/loss/image 1.66 / train/loss/inv 0.01 / train/loss/policy -0.01 / train/loss/rep 2.86 / train/loss/repval 0.74 / train/loss/rew 0.64 / train/loss/value 0.72 / replay/replay_ratio 264 / fps/policy 10.21 / fps/train 2613.66

Writing metrics: /home/zhangpeiying01/lfy/btwm-7.7/runs/btwm_dmc_walker_walk_seed1_w002_b11_1m/metrics.jsonl
Writing metrics: /home/zhangpeiying01/lfy/btwm-7.7/runs/btwm_dmc_walker_walk_seed1_w002_b11_1m/scores.jsonl

--------------------[Agent Step 769_920]--------------------
Metrics filtered by: 'score|length|fps|ratio|train/loss/|train/acc/|train/inv/|train/rand/'
episode/score 956.33 / episode/length 1001 / train/acc/inv 0.54 / train/inv/ce 1.56 / train/inv/confidence 0.25 / train/inv/confidence_gating 0 / train/inv/effective_rep_weight 0.02 / train/inv/head_objective 0.65 / train/inv/head_weight 0 / train/inv/objective 0.65 / train/inv/policy_weight_max 1 / train/inv/policy_weight_mean 1 / train/inv/policy_weight_min 1 / train/inv/policy_weight_std 0 / train/inv/valid_frac 1 / train/inv/weight 0.02 / train/loss/con 0.02 / train/loss/dyn 2.99 / train/loss/image 1.76 / train/loss/inv 0.01 / train/loss/policy -9.7e-3 / train/loss/rep 2.99 / train/loss/repval 0.74 / train/loss/rew 0.65 / train/loss/value 0.72 / replay/replay_ratio 264 / fps/policy 10.22 / fps/train 2615.95

Writing metrics: /home/zhangpeiying01/lfy/btwm-7.7/runs/btwm_dmc_walker_walk_seed1_w002_b11_1m/metrics.jsonl
Writing metrics: /home/zhangpeiying01/lfy/btwm-7.7/runs/btwm_dmc_walker_walk_seed1_w002_b11_1m/scores.jsonl

--------------------[Agent Step 771_152]--------------------
Metrics filtered by: 'score|length|fps|ratio|train/loss/|train/acc/|train/inv/|train/rand/'
train/acc/inv 0.54 / train/inv/ce 1.57 / train/inv/confidence 0.25 / train/inv/confidence_gating 0 / train/inv/effective_rep_weight 0.02 / train/inv/head_objective 0.65 / train/inv/head_weight 0 / train/inv/objective 0.65 / train/inv/policy_weight_max 1 / train/inv/policy_weight_mean 1 / train/inv/policy_weight_min 1 / train/inv/policy_weight_std 0 / train/inv/valid_frac 1 / train/inv/weight 0.02 / train/loss/con 0.02 / train/loss/dyn 2.9 / train/loss/image 1.72 / train/loss/inv 0.01 / train/loss/policy -9.8e-3 / train/loss/rep 2.9 / train/loss/repval 0.74 / train/loss/rew 0.65 / train/loss/value 0.72 / replay/replay_ratio 264 / fps/policy 10.23 / fps/train 2619.84

Writing metrics: /home/zhangpeiying01/lfy/btwm-7.7/runs/btwm_dmc_walker_walk_seed1_w002_b11_1m/metrics.jsonl
Writing metrics: /home/zhangpeiying01/lfy/btwm-7.7/runs/btwm_dmc_walker_walk_seed1_w002_b11_1m/scores.jsonl

--------------------[Agent Step 772_384]--------------------
Metrics filtered by: 'score|length|fps|ratio|train/loss/|train/acc/|train/inv/|train/rand/'
train/acc/inv 0.54 / train/inv/ce 1.56 / train/inv/confidence 0.25 / train/inv/confidence_gating 0 / train/inv/effective_rep_weight 0.02 / train/inv/head_objective 0.65 / train/inv/head_weight 0 / train/inv/objective 0.65 / train/inv/policy_weight_max 1 / train/inv/policy_weight_mean 1 / train/inv/policy_weight_min 1 / train/inv/policy_weight_std 0 / train/inv/valid_frac 1 / train/inv/weight 0.02 / train/loss/con 0.02 / train/loss/dyn 2.92 / train/loss/image 1.71 / train/loss/inv 0.01 / train/loss/policy -9.2e-3 / train/loss/rep 2.92 / train/loss/repval 0.75 / train/loss/rew 0.64 / train/loss/value 0.72 / replay/replay_ratio 264 / fps/policy 10.22 / fps/train 2616.02

Writing metrics: /home/zhangpeiying01/lfy/btwm-7.7/runs/btwm_dmc_walker_walk_seed1_w002_b11_1m/metrics.jsonl
Writing metrics: /home/zhangpeiying01/lfy/btwm-7.7/runs/btwm_dmc_walker_walk_seed1_w002_b11_1m/scores.jsonl

--------------------[Agent Step 773_616]--------------------
Metrics filtered by: 'score|length|fps|ratio|train/loss/|train/acc/|train/inv/|train/rand/'
train/acc/inv 0.54 / train/inv/ce 1.57 / train/inv/confidence 0.25 / train/inv/confidence_gating 0 / train/inv/effective_rep_weight 0.02 / train/inv/head_objective 0.65 / train/inv/head_weight 0 / train/inv/objective 0.65 / train/inv/policy_weight_max 1 / train/inv/policy_weight_mean 1 / train/inv/policy_weight_min 1 / train/inv/policy_weight_std 0 / train/inv/valid_frac 1 / train/inv/weight 0.02 / train/loss/con 0.02 / train/loss/dyn 2.93 / train/loss/image 1.67 / train/loss/inv 0.01 / train/loss/policy -9.1e-3 / train/loss/rep 2.93 / train/loss/repval 0.74 / train/loss/rew 0.65 / train/loss/value 0.72 / replay/replay_ratio 264 / fps/policy 10.2 / fps/train 2612.44

Writing metrics: /home/zhangpeiying01/lfy/btwm-7.7/runs/btwm_dmc_walker_walk_seed1_w002_b11_1m/scores.jsonl
Writing metrics: /home/zhangpeiying01/lfy/btwm-7.7/runs/btwm_dmc_walker_walk_seed1_w002_b11_1m/metrics.jsonl

--------------------[Agent Step 774_848]--------------------
Metrics filtered by: 'score|length|fps|ratio|train/loss/|train/acc/|train/inv/|train/rand/'
train/acc/inv 0.54 / train/inv/ce 1.56 / train/inv/confidence 0.25 / train/inv/confidence_gating 0 / train/inv/effective_rep_weight 0.02 / train/inv/head_objective 0.65 / train/inv/head_weight 0 / train/inv/objective 0.65 / train/inv/policy_weight_max 1 / train/inv/policy_weight_mean 1 / train/inv/policy_weight_min 1 / train/inv/policy_weight_std 0 / train/inv/valid_frac 1 / train/inv/weight 0.02 / train/loss/con 0.02 / train/loss/dyn 2.89 / train/loss/image 1.67 / train/loss/inv 0.01 / train/loss/policy -8.4e-3 / train/loss/rep 2.89 / train/loss/repval 0.75 / train/loss/rew 0.64 / train/loss/value 0.72 / replay/replay_ratio 264 / fps/policy 10.22 / fps/train 2615.67

Writing metrics: /home/zhangpeiying01/lfy/btwm-7.7/runs/btwm_dmc_walker_walk_seed1_w002_b11_1m/scores.jsonl
Writing metrics: /home/zhangpeiying01/lfy/btwm-7.7/runs/btwm_dmc_walker_walk_seed1_w002_b11_1m/metrics.jsonl

--------------------[Agent Step 776_080]--------------------
Metrics filtered by: 'score|length|fps|ratio|train/loss/|train/acc/|train/inv/|train/rand/'
train/acc/inv 0.54 / train/inv/ce 1.55 / train/inv/confidence 0.25 / train/inv/confidence_gating 0 / train/inv/effective_rep_weight 0.02 / train/inv/head_objective 0.65 / train/inv/head_weight 0 / train/inv/objective 0.65 / train/inv/policy_weight_max 1 / train/inv/policy_weight_mean 1 / train/inv/policy_weight_min 1 / train/inv/policy_weight_std 0 / train/inv/valid_frac 1 / train/inv/weight 0.02 / train/loss/con 0.02 / train/loss/dyn 2.85 / train/loss/image 1.69 / train/loss/inv 0.01 / train/loss/policy -8.7e-3 / train/loss/rep 2.85 / train/loss/repval 0.75 / train/loss/rew 0.64 / train/loss/value 0.72 / replay/replay_ratio 264 / fps/policy 10.22 / fps/train 2615.21

Writing metrics: /home/zhangpeiying01/lfy/btwm-7.7/runs/btwm_dmc_walker_walk_seed1_w002_b11_1m/scores.jsonl
Writing metrics: /home/zhangpeiying01/lfy/btwm-7.7/runs/btwm_dmc_walker_walk_seed1_w002_b11_1m/metrics.jsonl

--------------------[Agent Step 777_312]--------------------
Metrics filtered by: 'score|length|fps|ratio|train/loss/|train/acc/|train/inv/|train/rand/'
train/acc/inv 0.54 / train/inv/ce 1.56 / train/inv/confidence 0.25 / train/inv/confidence_gating 0 / train/inv/effective_rep_weight 0.02 / train/inv/head_objective 0.65 / train/inv/head_weight 0 / train/inv/objective 0.65 / train/inv/policy_weight_max 1 / train/inv/policy_weight_mean 1 / train/inv/policy_weight_min 1 / train/inv/policy_weight_std 0 / train/inv/valid_frac 1 / train/inv/weight 0.02 / train/loss/con 0.02 / train/loss/dyn 2.91 / train/loss/image 1.68 / train/loss/inv 0.01 / train/loss/policy -8.9e-3 / train/loss/rep 2.91 / train/loss/repval 0.74 / train/loss/rew 0.65 / train/loss/value 0.72 / replay/replay_ratio 264 / fps/policy 10.23 / fps/train 2620.16

Writing metrics: /home/zhangpeiying01/lfy/btwm-7.7/runs/btwm_dmc_walker_walk_seed1_w002_b11_1m/metrics.jsonl
Writing metrics: /home/zhangpeiying01/lfy/btwm-7.7/runs/btwm_dmc_walker_walk_seed1_w002_b11_1m/scores.jsonl

--------------------[Agent Step 778_544]--------------------
Metrics filtered by: 'score|length|fps|ratio|train/loss/|train/acc/|train/inv/|train/rand/'
train/acc/inv 0.54 / train/inv/ce 1.55 / train/inv/confidence 0.25 / train/inv/confidence_gating 0 / train/inv/effective_rep_weight 0.02 / train/inv/head_objective 0.65 / train/inv/head_weight 0 / train/inv/objective 0.65 / train/inv/policy_weight_max 1 / train/inv/policy_weight_mean 1 / train/inv/policy_weight_min 1 / train/inv/policy_weight_std 0 / train/inv/valid_frac 1 / train/inv/weight 0.02 / train/loss/con 0.02 / train/loss/dyn 2.9 / train/loss/image 1.68 / train/loss/inv 0.01 / train/loss/policy -9.6e-3 / train/loss/rep 2.9 / train/loss/repval 0.75 / train/loss/rew 0.64 / train/loss/value 0.72 / replay/replay_ratio 264 / fps/policy 10.21 / fps/train 2614.81

Writing metrics: /home/zhangpeiying01/lfy/btwm-7.7/runs/btwm_dmc_walker_walk_seed1_w002_b11_1m/metrics.jsonl
Writing metrics: /home/zhangpeiying01/lfy/btwm-7.7/runs/btwm_dmc_walker_walk_seed1_w002_b11_1m/scores.jsonl

--------------------[Agent Step 779_776]--------------------
Metrics filtered by: 'score|length|fps|ratio|train/loss/|train/acc/|train/inv/|train/rand/'
train/acc/inv 0.55 / train/inv/ce 1.55 / train/inv/confidence 0.25 / train/inv/confidence_gating 0 / train/inv/effective_rep_weight 0.02 / train/inv/head_objective 0.65 / train/inv/head_weight 0 / train/inv/objective 0.65 / train/inv/policy_weight_max 1 / train/inv/policy_weight_mean 1 / train/inv/policy_weight_min 1 / train/inv/policy_weight_std 0 / train/inv/valid_frac 1 / train/inv/weight 0.02 / train/loss/con 0.02 / train/loss/dyn 2.92 / train/loss/image 1.67 / train/loss/inv 0.01 / train/loss/policy -0.01 / train/loss/rep 2.92 / train/loss/repval 0.75 / train/loss/rew 0.64 / train/loss/value 0.72 / replay/replay_ratio 264 / fps/policy 10.22 / fps/train 2615.13

Writing metrics: /home/zhangpeiying01/lfy/btwm-7.7/runs/btwm_dmc_walker_walk_seed1_w002_b11_1m/metrics.jsonl
Writing metrics: /home/zhangpeiying01/lfy/btwm-7.7/runs/btwm_dmc_walker_walk_seed1_w002_b11_1m/scores.jsonl
Saving checkpoint: /home/zhangpeiying01/lfy/btwm-7.7/runs/btwm_dmc_walker_walk_seed1_w002_b11_1m/ckpt/20260716T114706F507022
Saved checkpoint.

--------------------[Agent Step 780_976]--------------------
Metrics filtered by: 'score|length|fps|ratio|train/loss/|train/acc/|train/inv/|train/rand/'
train/acc/inv 0.54 / train/inv/ce 1.56 / train/inv/confidence 0.25 / train/inv/confidence_gating 0 / train/inv/effective_rep_weight 0.02 / train/inv/head_objective 0.65 / train/inv/head_weight 0 / train/inv/objective 0.65 / train/inv/policy_weight_max 1 / train/inv/policy_weight_mean 1 / train/inv/policy_weight_min 1 / train/inv/policy_weight_std 0 / train/inv/valid_frac 1 / train/inv/weight 0.02 / train/loss/con 0.02 / train/loss/dyn 2.81 / train/loss/image 1.65 / train/loss/inv 0.01 / train/loss/policy -6.8e-3 / train/loss/rep 2.81 / train/loss/repval 0.75 / train/loss/rew 0.64 / train/loss/value 0.72 / replay/replay_ratio 264 / fps/policy 9.99 / fps/train 2557.22

Writing metrics: /home/zhangpeiying01/lfy/btwm-7.7/runs/btwm_dmc_walker_walk_seed1_w002_b11_1m/metrics.jsonl
Writing metrics: /home/zhangpeiying01/lfy/btwm-7.7/runs/btwm_dmc_walker_walk_seed1_w002_b11_1m/scores.jsonl

--------------------[Agent Step 782_208]--------------------
Metrics filtered by: 'score|length|fps|ratio|train/loss/|train/acc/|train/inv/|train/rand/'
train/acc/inv 0.54 / train/inv/ce 1.55 / train/inv/confidence 0.25 / train/inv/confidence_gating 0 / train/inv/effective_rep_weight 0.02 / train/inv/head_objective 0.65 / train/inv/head_weight 0 / train/inv/objective 0.65 / train/inv/policy_weight_max 1 / train/inv/policy_weight_mean 1 / train/inv/policy_weight_min 1 / train/inv/policy_weight_std 0 / train/inv/valid_frac 1 / train/inv/weight 0.02 / train/loss/con 0.02 / train/loss/dyn 2.83 / train/loss/image 1.67 / train/loss/inv 0.01 / train/loss/policy -6.8e-3 / train/loss/rep 2.83 / train/loss/repval 0.75 / train/loss/rew 0.64 / train/loss/value 0.72 / replay/replay_ratio 264 / fps/policy 10.21 / fps/train 2614.47

Writing metrics: /home/zhangpeiying01/lfy/btwm-7.7/runs/btwm_dmc_walker_walk_seed1_w002_b11_1m/metrics.jsonl
Writing metrics: /home/zhangpeiying01/lfy/btwm-7.7/runs/btwm_dmc_walker_walk_seed1_w002_b11_1m/scores.jsonl

--------------------[Agent Step 783_440]--------------------
Metrics filtered by: 'score|length|fps|ratio|train/loss/|train/acc/|train/inv/|train/rand/'
train/acc/inv 0.54 / train/inv/ce 1.55 / train/inv/confidence 0.25 / train/inv/confidence_gating 0 / train/inv/effective_rep_weight 0.02 / train/inv/head_objective 0.65 / train/inv/head_weight 0 / train/inv/objective 0.65 / train/inv/policy_weight_max 1 / train/inv/policy_weight_mean 1 / train/inv/policy_weight_min 1 / train/inv/policy_weight_std 0 / train/inv/valid_frac 1 / train/inv/weight 0.02 / train/loss/con 0.02 / train/loss/dyn 2.94 / train/loss/image 1.67 / train/loss/inv 0.01 / train/loss/policy -8.1e-3 / train/loss/rep 2.94 / train/loss/repval 0.74 / train/loss/rew 0.64 / train/loss/value 0.72 / replay/replay_ratio 264 / fps/policy 10.21 / fps/train 2613.12

Writing metrics: /home/zhangpeiying01/lfy/btwm-7.7/runs/btwm_dmc_walker_walk_seed1_w002_b11_1m/metrics.jsonl
Writing metrics: /home/zhangpeiying01/lfy/btwm-7.7/runs/btwm_dmc_walker_walk_seed1_w002_b11_1m/scores.jsonl

--------------------[Agent Step 784_672]--------------------
Metrics filtered by: 'score|length|fps|ratio|train/loss/|train/acc/|train/inv/|train/rand/'
train/acc/inv 0.54 / train/inv/ce 1.55 / train/inv/confidence 0.25 / train/inv/confidence_gating 0 / train/inv/effective_rep_weight 0.02 / train/inv/head_objective 0.65 / train/inv/head_weight 0 / train/inv/objective 0.65 / train/inv/policy_weight_max 1 / train/inv/policy_weight_mean 1 / train/inv/policy_weight_min 1 / train/inv/policy_weight_std 0 / train/inv/valid_frac 1 / train/inv/weight 0.02 / train/loss/con 0.02 / train/loss/dyn 2.8 / train/loss/image 1.66 / train/loss/inv 0.01 / train/loss/policy -0.01 / train/loss/rep 2.8 / train/loss/repval 0.75 / train/loss/rew 0.64 / train/loss/value 0.72 / replay/replay_ratio 264 / fps/policy 10.24 / fps/train 2622.64

Writing metrics: /home/zhangpeiying01/lfy/btwm-7.7/runs/btwm_dmc_walker_walk_seed1_w002_b11_1m/metrics.jsonl
Writing metrics: /home/zhangpeiying01/lfy/btwm-7.7/runs/btwm_dmc_walker_walk_seed1_w002_b11_1m/scores.jsonl

--------------------[Agent Step 785_904]--------------------
Metrics filtered by: 'score|length|fps|ratio|train/loss/|train/acc/|train/inv/|train/rand/'
episode/score 928.7 / episode/length 1001 / train/acc/inv 0.54 / train/inv/ce 1.56 / train/inv/confidence 0.25 / train/inv/confidence_gating 0 / train/inv/effective_rep_weight 0.02 / train/inv/head_objective 0.65 / train/inv/head_weight 0 / train/inv/objective 0.65 / train/inv/policy_weight_max 1 / train/inv/policy_weight_mean 1 / train/inv/policy_weight_min 1 / train/inv/policy_weight_std 0 / train/inv/valid_frac 1 / train/inv/weight 0.02 / train/loss/con 0.02 / train/loss/dyn 2.92 / train/loss/image 1.73 / train/loss/inv 0.01 / train/loss/policy -7.7e-3 / train/loss/rep 2.92 / train/loss/repval 0.74 / train/loss/rew 0.64 / train/loss/value 0.72 / replay/replay_ratio 264 / fps/policy 10.2 / fps/train 2610.71

Writing metrics: /home/zhangpeiying01/lfy/btwm-7.7/runs/btwm_dmc_walker_walk_seed1_w002_b11_1m/metrics.jsonl
Writing metrics: /home/zhangpeiying01/lfy/btwm-7.7/runs/btwm_dmc_walker_walk_seed1_w002_b11_1m/scores.jsonl

--------------------[Agent Step 787_136]--------------------
Metrics filtered by: 'score|length|fps|ratio|train/loss/|train/acc/|train/inv/|train/rand/'
train/acc/inv 0.54 / train/inv/ce 1.56 / train/inv/confidence 0.25 / train/inv/confidence_gating 0 / train/inv/effective_rep_weight 0.02 / train/inv/head_objective 0.65 / train/inv/head_weight 0 / train/inv/objective 0.65 / train/inv/policy_weight_max 1 / train/inv/policy_weight_mean 1 / train/inv/policy_weight_min 1 / train/inv/policy_weight_std 0 / train/inv/valid_frac 1 / train/inv/weight 0.02 / train/loss/con 0.02 / train/loss/dyn 2.98 / train/loss/image 1.75 / train/loss/inv 0.01 / train/loss/policy -6.1e-3 / train/loss/rep 2.98 / train/loss/repval 0.74 / train/loss/rew 0.64 / train/loss/value 0.72 / replay/replay_ratio 264 / fps/policy 10.23 / fps/train 2619.1

Writing metrics: /home/zhangpeiying01/lfy/btwm-7.7/runs/btwm_dmc_walker_walk_seed1_w002_b11_1m/metrics.jsonl
Writing metrics: /home/zhangpeiying01/lfy/btwm-7.7/runs/btwm_dmc_walker_walk_seed1_w002_b11_1m/scores.jsonl

--------------------[Agent Step 788_368]--------------------
Metrics filtered by: 'score|length|fps|ratio|train/loss/|train/acc/|train/inv/|train/rand/'
train/acc/inv 0.54 / train/inv/ce 1.56 / train/inv/confidence 0.25 / train/inv/confidence_gating 0 / train/inv/effective_rep_weight 0.02 / train/inv/head_objective 0.65 / train/inv/head_weight 0 / train/inv/objective 0.65 / train/inv/policy_weight_max 1 / train/inv/policy_weight_mean 1 / train/inv/policy_weight_min 1 / train/inv/policy_weight_std 0 / train/inv/valid_frac 1 / train/inv/weight 0.02 / train/loss/con 0.02 / train/loss/dyn 2.99 / train/loss/image 1.73 / train/loss/inv 0.01 / train/loss/policy -6.4e-3 / train/loss/rep 2.99 / train/loss/repval 0.75 / train/loss/rew 0.64 / train/loss/value 0.73 / replay/replay_ratio 264 / fps/policy 10.18 / fps/train 2607.32

Writing metrics: /home/zhangpeiying01/lfy/btwm-7.7/runs/btwm_dmc_walker_walk_seed1_w002_b11_1m/scores.jsonl
Writing metrics: /home/zhangpeiying01/lfy/btwm-7.7/runs/btwm_dmc_walker_walk_seed1_w002_b11_1m/metrics.jsonl

--------------------[Agent Step 789_600]--------------------
Metrics filtered by: 'score|length|fps|ratio|train/loss/|train/acc/|train/inv/|train/rand/'
train/acc/inv 0.54 / train/inv/ce 1.56 / train/inv/confidence 0.25 / train/inv/confidence_gating 0 / train/inv/effective_rep_weight 0.02 / train/inv/head_objective 0.65 / train/inv/head_weight 0 / train/inv/objective 0.65 / train/inv/policy_weight_max 1 / train/inv/policy_weight_mean 1 / train/inv/policy_weight_min 1 / train/inv/policy_weight_std 0 / train/inv/valid_frac 1 / train/inv/weight 0.02 / train/loss/con 0.02 / train/loss/dyn 2.91 / train/loss/image 1.71 / train/loss/inv 0.01 / train/loss/policy -4.1e-3 / train/loss/rep 2.91 / train/loss/repval 0.75 / train/loss/rew 0.64 / train/loss/value 0.73 / replay/replay_ratio 264 / fps/policy 10.23 / fps/train 2619.13

Writing metrics: /home/zhangpeiying01/lfy/btwm-7.7/runs/btwm_dmc_walker_walk_seed1_w002_b11_1m/metrics.jsonl
Writing metrics: /home/zhangpeiying01/lfy/btwm-7.7/runs/btwm_dmc_walker_walk_seed1_w002_b11_1m/scores.jsonl

--------------------[Agent Step 790_832]--------------------
Metrics filtered by: 'score|length|fps|ratio|train/loss/|train/acc/|train/inv/|train/rand/'
train/acc/inv 0.54 / train/inv/ce 1.56 / train/inv/confidence 0.25 / train/inv/confidence_gating 0 / train/inv/effective_rep_weight 0.02 / train/inv/head_objective 0.65 / train/inv/head_weight 0 / train/inv/objective 0.65 / train/inv/policy_weight_max 1 / train/inv/policy_weight_mean 1 / train/inv/policy_weight_min 1 / train/inv/policy_weight_std 0 / train/inv/valid_frac 1 / train/inv/weight 0.02 / train/loss/con 0.02 / train/loss/dyn 2.87 / train/loss/image 1.69 / train/loss/inv 0.01 / train/loss/policy -5.9e-3 / train/loss/rep 2.87 / train/loss/repval 0.75 / train/loss/rew 0.64 / train/loss/value 0.72 / replay/replay_ratio 264 / fps/policy 10.21 / fps/train 2613.87

Writing metrics: /home/zhangpeiying01/lfy/btwm-7.7/runs/btwm_dmc_walker_walk_seed1_w002_b11_1m/metrics.jsonl
Writing metrics: /home/zhangpeiying01/lfy/btwm-7.7/runs/btwm_dmc_walker_walk_seed1_w002_b11_1m/scores.jsonl

--------------------[Agent Step 792_064]--------------------
Metrics filtered by: 'score|length|fps|ratio|train/loss/|train/acc/|train/inv/|train/rand/'
train/acc/inv 0.54 / train/inv/ce 1.56 / train/inv/confidence 0.25 / train/inv/confidence_gating 0 / train/inv/effective_rep_weight 0.02 / train/inv/head_objective 0.65 / train/inv/head_weight 0 / train/inv/objective 0.65 / train/inv/policy_weight_max 1 / train/inv/policy_weight_mean 1 / train/inv/policy_weight_min 1 / train/inv/policy_weight_std 0 / train/inv/valid_frac 1 / train/inv/weight 0.02 / train/loss/con 0.02 / train/loss/dyn 2.92 / train/loss/image 1.69 / train/loss/inv 0.01 / train/loss/policy -6e-3 / train/loss/rep 2.92 / train/loss/repval 0.74 / train/loss/rew 0.64 / train/loss/value 0.72 / replay/replay_ratio 264 / fps/policy 10.23 / fps/train 2619.44

Writing metrics: /home/zhangpeiying01/lfy/btwm-7.7/runs/btwm_dmc_walker_walk_seed1_w002_b11_1m/scores.jsonl
Writing metrics: /home/zhangpeiying01/lfy/btwm-7.7/runs/btwm_dmc_walker_walk_seed1_w002_b11_1m/metrics.jsonl

--------------------[Agent Step 793_296]--------------------
Metrics filtered by: 'score|length|fps|ratio|train/loss/|train/acc/|train/inv/|train/rand/'
train/acc/inv 0.54 / train/inv/ce 1.56 / train/inv/confidence 0.25 / train/inv/confidence_gating 0 / train/inv/effective_rep_weight 0.02 / train/inv/head_objective 0.65 / train/inv/head_weight 0 / train/inv/objective 0.65 / train/inv/policy_weight_max 1 / train/inv/policy_weight_mean 1 / train/inv/policy_weight_min 1 / train/inv/policy_weight_std 0 / train/inv/valid_frac 1 / train/inv/weight 0.02 / train/loss/con 0.02 / train/loss/dyn 2.9 / train/loss/image 1.66 / train/loss/inv 0.01 / train/loss/policy -4e-3 / train/loss/rep 2.9 / train/loss/repval 0.74 / train/loss/rew 0.65 / train/loss/value 0.72 / replay/replay_ratio 264 / fps/policy 10.25 / fps/train 2624.88

Writing metrics: /home/zhangpeiying01/lfy/btwm-7.7/runs/btwm_dmc_walker_walk_seed1_w002_b11_1m/metrics.jsonl
Writing metrics: /home/zhangpeiying01/lfy/btwm-7.7/runs/btwm_dmc_walker_walk_seed1_w002_b11_1m/scores.jsonl

--------------------[Agent Step 794_528]--------------------
Metrics filtered by: 'score|length|fps|ratio|train/loss/|train/acc/|train/inv/|train/rand/'
train/acc/inv 0.54 / train/inv/ce 1.56 / train/inv/confidence 0.25 / train/inv/confidence_gating 0 / train/inv/effective_rep_weight 0.02 / train/inv/head_objective 0.65 / train/inv/head_weight 0 / train/inv/objective 0.65 / train/inv/policy_weight_max 1 / train/inv/policy_weight_mean 1 / train/inv/policy_weight_min 1 / train/inv/policy_weight_std 0 / train/inv/valid_frac 1 / train/inv/weight 0.02 / train/loss/con 0.02 / train/loss/dyn 2.88 / train/loss/image 1.67 / train/loss/inv 0.01 / train/loss/policy -7.6e-3 / train/loss/rep 2.88 / train/loss/repval 0.75 / train/loss/rew 0.64 / train/loss/value 0.72 / replay/replay_ratio 264 / fps/policy 10.23 / fps/train 2618

Writing metrics: /home/zhangpeiying01/lfy/btwm-7.7/runs/btwm_dmc_walker_walk_seed1_w002_b11_1m/metrics.jsonl
Writing metrics: /home/zhangpeiying01/lfy/btwm-7.7/runs/btwm_dmc_walker_walk_seed1_w002_b11_1m/scores.jsonl

--------------------[Agent Step 795_760]--------------------
Metrics filtered by: 'score|length|fps|ratio|train/loss/|train/acc/|train/inv/|train/rand/'
train/acc/inv 0.54 / train/inv/ce 1.56 / train/inv/confidence 0.25 / train/inv/confidence_gating 0 / train/inv/effective_rep_weight 0.02 / train/inv/head_objective 0.65 / train/inv/head_weight 0 / train/inv/objective 0.65 / train/inv/policy_weight_max 1 / train/inv/policy_weight_mean 1 / train/inv/policy_weight_min 1 / train/inv/policy_weight_std 0 / train/inv/valid_frac 1 / train/inv/weight 0.02 / train/loss/con 0.02 / train/loss/dyn 2.87 / train/loss/image 1.68 / train/loss/inv 0.01 / train/loss/policy -8e-3 / train/loss/rep 2.87 / train/loss/repval 0.75 / train/loss/rew 0.64 / train/loss/value 0.72 / replay/replay_ratio 264 / fps/policy 10.25 / fps/train 2623.31

Writing metrics: /home/zhangpeiying01/lfy/btwm-7.7/runs/btwm_dmc_walker_walk_seed1_w002_b11_1m/scores.jsonl
Writing metrics: /home/zhangpeiying01/lfy/btwm-7.7/runs/btwm_dmc_walker_walk_seed1_w002_b11_1m/metrics.jsonl

--------------------[Agent Step 796_992]--------------------
Metrics filtered by: 'score|length|fps|ratio|train/loss/|train/acc/|train/inv/|train/rand/'
train/acc/inv 0.54 / train/inv/ce 1.56 / train/inv/confidence 0.25 / train/inv/confidence_gating 0 / train/inv/effective_rep_weight 0.02 / train/inv/head_objective 0.65 / train/inv/head_weight 0 / train/inv/objective 0.65 / train/inv/policy_weight_max 1 / train/inv/policy_weight_mean 1 / train/inv/policy_weight_min 1 / train/inv/policy_weight_std 0 / train/inv/valid_frac 1 / train/inv/weight 0.02 / train/loss/con 0.02 / train/loss/dyn 2.89 / train/loss/image 1.67 / train/loss/inv 0.01 / train/loss/policy -7.4e-3 / train/loss/rep 2.89 / train/loss/repval 0.74 / train/loss/rew 0.65 / train/loss/value 0.72 / replay/replay_ratio 264 / fps/policy 10.25 / fps/train 2623.34

Writing metrics: /home/zhangpeiying01/lfy/btwm-7.7/runs/btwm_dmc_walker_walk_seed1_w002_b11_1m/metrics.jsonl
Writing metrics: /home/zhangpeiying01/lfy/btwm-7.7/runs/btwm_dmc_walker_walk_seed1_w002_b11_1m/scores.jsonl

--------------------[Agent Step 798_224]--------------------
Metrics filtered by: 'score|length|fps|ratio|train/loss/|train/acc/|train/inv/|train/rand/'
train/acc/inv 0.54 / train/inv/ce 1.56 / train/inv/confidence 0.25 / train/inv/confidence_gating 0 / train/inv/effective_rep_weight 0.02 / train/inv/head_objective 0.65 / train/inv/head_weight 0 / train/inv/objective 0.65 / train/inv/policy_weight_max 1 / train/inv/policy_weight_mean 1 / train/inv/policy_weight_min 1 / train/inv/policy_weight_std 0 / train/inv/valid_frac 1 / train/inv/weight 0.02 / train/loss/con 0.02 / train/loss/dyn 2.94 / train/loss/image 1.66 / train/loss/inv 0.01 / train/loss/policy -6.4e-3 / train/loss/rep 2.94 / train/loss/repval 0.74 / train/loss/rew 0.65 / train/loss/value 0.72 / replay/replay_ratio 264 / fps/policy 10.23 / fps/train 2619.87

Writing metrics: /home/zhangpeiying01/lfy/btwm-7.7/runs/btwm_dmc_walker_walk_seed1_w002_b11_1m/metrics.jsonl
Writing metrics: /home/zhangpeiying01/lfy/btwm-7.7/runs/btwm_dmc_walker_walk_seed1_w002_b11_1m/scores.jsonl

--------------------[Agent Step 799_456]--------------------
Metrics filtered by: 'score|length|fps|ratio|train/loss/|train/acc/|train/inv/|train/rand/'
train/acc/inv 0.54 / train/inv/ce 1.56 / train/inv/confidence 0.25 / train/inv/confidence_gating 0 / train/inv/effective_rep_weight 0.02 / train/inv/head_objective 0.65 / train/inv/head_weight 0 / train/inv/objective 0.65 / train/inv/policy_weight_max 1 / train/inv/policy_weight_mean 1 / train/inv/policy_weight_min 1 / train/inv/policy_weight_std 0 / train/inv/valid_frac 1 / train/inv/weight 0.02 / train/loss/con 0.02 / train/loss/dyn 2.98 / train/loss/image 1.68 / train/loss/inv 0.01 / train/loss/policy -9.7e-3 / train/loss/rep 2.98 / train/loss/repval 0.74 / train/loss/rew 0.65 / train/loss/value 0.72 / replay/replay_ratio 264 / fps/policy 10.25 / fps/train 2622.82

Writing metrics: /home/zhangpeiying01/lfy/btwm-7.7/runs/btwm_dmc_walker_walk_seed1_w002_b11_1m/metrics.jsonl
Writing metrics: /home/zhangpeiying01/lfy/btwm-7.7/runs/btwm_dmc_walker_walk_seed1_w002_b11_1m/scores.jsonl

--------------------[Agent Step 800_688]--------------------
Metrics filtered by: 'score|length|fps|ratio|train/loss/|train/acc/|train/inv/|train/rand/'
train/acc/inv 0.54 / train/inv/ce 1.56 / train/inv/confidence 0.25 / train/inv/confidence_gating 0 / train/inv/effective_rep_weight 0.02 / train/inv/head_objective 0.65 / train/inv/head_weight 0 / train/inv/objective 0.65 / train/inv/policy_weight_max 1 / train/inv/policy_weight_mean 1 / train/inv/policy_weight_min 1 / train/inv/policy_weight_std 0 / train/inv/valid_frac 1 / train/inv/weight 0.02 / train/loss/con 0.02 / train/loss/dyn 2.86 / train/loss/image 1.65 / train/loss/inv 0.01 / train/loss/policy -0.01 / train/loss/rep 2.86 / train/loss/repval 0.74 / train/loss/rew 0.65 / train/loss/value 0.72 / replay/replay_ratio 264 / fps/policy 10.25 / fps/train 2624.44

Writing metrics: /home/zhangpeiying01/lfy/btwm-7.7/runs/btwm_dmc_walker_walk_seed1_w002_b11_1m/scores.jsonl
Writing metrics: /home/zhangpeiying01/lfy/btwm-7.7/runs/btwm_dmc_walker_walk_seed1_w002_b11_1m/metrics.jsonl

--------------------[Agent Step 801_936]--------------------
Metrics filtered by: 'score|length|fps|ratio|train/loss/|train/acc/|train/inv/|train/rand/'
episode/score 953.46 / episode/length 1001 / train/acc/inv 0.54 / train/inv/ce 1.56 / train/inv/confidence 0.25 / train/inv/confidence_gating 0 / train/inv/effective_rep_weight 0.02 / train/inv/head_objective 0.65 / train/inv/head_weight 0 / train/inv/objective 0.65 / train/inv/policy_weight_max 1 / train/inv/policy_weight_mean 1 / train/inv/policy_weight_min 1 / train/inv/policy_weight_std 0 / train/inv/valid_frac 1 / train/inv/weight 0.02 / train/loss/con 0.02 / train/loss/dyn 3.1 / train/loss/image 1.73 / train/loss/inv 0.01 / train/loss/policy -4.2e-3 / train/loss/rep 3.1 / train/loss/repval 0.74 / train/loss/rew 0.65 / train/loss/value 0.72 / replay/replay_ratio 264 / fps/policy 10.27 / fps/train 2629.7

Writing metrics: /home/zhangpeiying01/lfy/btwm-7.7/runs/btwm_dmc_walker_walk_seed1_w002_b11_1m/metrics.jsonl
Writing metrics: /home/zhangpeiying01/lfy/btwm-7.7/runs/btwm_dmc_walker_walk_seed1_w002_b11_1m/scores.jsonl

--------------------[Agent Step 803_168]--------------------
Metrics filtered by: 'score|length|fps|ratio|train/loss/|train/acc/|train/inv/|train/rand/'
train/acc/inv 0.54 / train/inv/ce 1.56 / train/inv/confidence 0.25 / train/inv/confidence_gating 0 / train/inv/effective_rep_weight 0.02 / train/inv/head_objective 0.65 / train/inv/head_weight 0 / train/inv/objective 0.65 / train/inv/policy_weight_max 1 / train/inv/policy_weight_mean 1 / train/inv/policy_weight_min 1 / train/inv/policy_weight_std 0 / train/inv/valid_frac 1 / train/inv/weight 0.02 / train/loss/con 0.02 / train/loss/dyn 3 / train/loss/image 1.71 / train/loss/inv 0.01 / train/loss/policy -4.5e-3 / train/loss/rep 3 / train/loss/repval 0.74 / train/loss/rew 0.65 / train/loss/value 0.72 / replay/replay_ratio 264 / fps/policy 10.24 / fps/train 2622.32

Writing metrics: /home/zhangpeiying01/lfy/btwm-7.7/runs/btwm_dmc_walker_walk_seed1_w002_b11_1m/metrics.jsonl
Writing metrics: /home/zhangpeiying01/lfy/btwm-7.7/runs/btwm_dmc_walker_walk_seed1_w002_b11_1m/scores.jsonl

--------------------[Agent Step 804_400]--------------------
Metrics filtered by: 'score|length|fps|ratio|train/loss/|train/acc/|train/inv/|train/rand/'
train/acc/inv 0.54 / train/inv/ce 1.56 / train/inv/confidence 0.25 / train/inv/confidence_gating 0 / train/inv/effective_rep_weight 0.02 / train/inv/head_objective 0.65 / train/inv/head_weight 0 / train/inv/objective 0.65 / train/inv/policy_weight_max 1 / train/inv/policy_weight_mean 1 / train/inv/policy_weight_min 1 / train/inv/policy_weight_std 0 / train/inv/valid_frac 1 / train/inv/weight 0.02 / train/loss/con 0.02 / train/loss/dyn 3.02 / train/loss/image 1.69 / train/loss/inv 0.01 / train/loss/policy -7.6e-3 / train/loss/rep 3.02 / train/loss/repval 0.74 / train/loss/rew 0.65 / train/loss/value 0.72 / replay/replay_ratio 264 / fps/policy 10.2 / fps/train 2611.98

Writing metrics: /home/zhangpeiying01/lfy/btwm-7.7/runs/btwm_dmc_walker_walk_seed1_w002_b11_1m/scores.jsonl
Writing metrics: /home/zhangpeiying01/lfy/btwm-7.7/runs/btwm_dmc_walker_walk_seed1_w002_b11_1m/metrics.jsonl

--------------------[Agent Step 805_632]--------------------
Metrics filtered by: 'score|length|fps|ratio|train/loss/|train/acc/|train/inv/|train/rand/'
train/acc/inv 0.54 / train/inv/ce 1.56 / train/inv/confidence 0.25 / train/inv/confidence_gating 0 / train/inv/effective_rep_weight 0.02 / train/inv/head_objective 0.65 / train/inv/head_weight 0 / train/inv/objective 0.65 / train/inv/policy_weight_max 1 / train/inv/policy_weight_mean 1 / train/inv/policy_weight_min 1 / train/inv/policy_weight_std 0 / train/inv/valid_frac 1 / train/inv/weight 0.02 / train/loss/con 0.02 / train/loss/dyn 3.06 / train/loss/image 1.68 / train/loss/inv 0.01 / train/loss/policy -7.4e-3 / train/loss/rep 3.06 / train/loss/repval 0.74 / train/loss/rew 0.65 / train/loss/value 0.72 / replay/replay_ratio 264 / fps/policy 10.22 / fps/train 2616.25

Writing metrics: /home/zhangpeiying01/lfy/btwm-7.7/runs/btwm_dmc_walker_walk_seed1_w002_b11_1m/metrics.jsonl
Writing metrics: /home/zhangpeiying01/lfy/btwm-7.7/runs/btwm_dmc_walker_walk_seed1_w002_b11_1m/scores.jsonl

--------------------[Agent Step 806_864]--------------------
Metrics filtered by: 'score|length|fps|ratio|train/loss/|train/acc/|train/inv/|train/rand/'
train/acc/inv 0.54 / train/inv/ce 1.56 / train/inv/confidence 0.25 / train/inv/confidence_gating 0 / train/inv/effective_rep_weight 0.02 / train/inv/head_objective 0.65 / train/inv/head_weight 0 / train/inv/objective 0.65 / train/inv/policy_weight_max 1 / train/inv/policy_weight_mean 1 / train/inv/policy_weight_min 1 / train/inv/policy_weight_std 0 / train/inv/valid_frac 1 / train/inv/weight 0.02 / train/loss/con 0.02 / train/loss/dyn 2.97 / train/loss/image 1.69 / train/loss/inv 0.01 / train/loss/policy -9.9e-3 / train/loss/rep 2.97 / train/loss/repval 0.75 / train/loss/rew 0.65 / train/loss/value 0.72 / replay/replay_ratio 264 / fps/policy 10.2 / fps/train 2610.9

Writing metrics: /home/zhangpeiying01/lfy/btwm-7.7/runs/btwm_dmc_walker_walk_seed1_w002_b11_1m/metrics.jsonl
Writing metrics: /home/zhangpeiying01/lfy/btwm-7.7/runs/btwm_dmc_walker_walk_seed1_w002_b11_1m/scores.jsonl

--------------------[Agent Step 808_096]--------------------
Metrics filtered by: 'score|length|fps|ratio|train/loss/|train/acc/|train/inv/|train/rand/'
train/acc/inv 0.54 / train/inv/ce 1.56 / train/inv/confidence 0.25 / train/inv/confidence_gating 0 / train/inv/effective_rep_weight 0.02 / train/inv/head_objective 0.65 / train/inv/head_weight 0 / train/inv/objective 0.65 / train/inv/policy_weight_max 1 / train/inv/policy_weight_mean 1 / train/inv/policy_weight_min 1 / train/inv/policy_weight_std 0 / train/inv/valid_frac 1 / train/inv/weight 0.02 / train/loss/con 0.02 / train/loss/dyn 2.91 / train/loss/image 1.68 / train/loss/inv 0.01 / train/loss/policy -8.3e-3 / train/loss/rep 2.91 / train/loss/repval 0.74 / train/loss/rew 0.65 / train/loss/value 0.72 / replay/replay_ratio 264 / fps/policy 10.22 / fps/train 2617.41

Writing metrics: /home/zhangpeiying01/lfy/btwm-7.7/runs/btwm_dmc_walker_walk_seed1_w002_b11_1m/metrics.jsonl
Writing metrics: /home/zhangpeiying01/lfy/btwm-7.7/runs/btwm_dmc_walker_walk_seed1_w002_b11_1m/scores.jsonl

--------------------[Agent Step 809_344]--------------------
Metrics filtered by: 'score|length|fps|ratio|train/loss/|train/acc/|train/inv/|train/rand/'
train/acc/inv 0.54 / train/inv/ce 1.56 / train/inv/confidence 0.25 / train/inv/confidence_gating 0 / train/inv/effective_rep_weight 0.02 / train/inv/head_objective 0.65 / train/inv/head_weight 0 / train/inv/objective 0.65 / train/inv/policy_weight_max 1 / train/inv/policy_weight_mean 1 / train/inv/policy_weight_min 1 / train/inv/policy_weight_std 0 / train/inv/valid_frac 1 / train/inv/weight 0.02 / train/loss/con 0.02 / train/loss/dyn 2.91 / train/loss/image 1.65 / train/loss/inv 0.01 / train/loss/policy -0.01 / train/loss/rep 2.91 / train/loss/repval 0.74 / train/loss/rew 0.65 / train/loss/value 0.72 / replay/replay_ratio 264 / fps/policy 10.28 / fps/train 2631.19

Writing metrics: /home/zhangpeiying01/lfy/btwm-7.7/runs/btwm_dmc_walker_walk_seed1_w002_b11_1m/metrics.jsonl
Writing metrics: /home/zhangpeiying01/lfy/btwm-7.7/runs/btwm_dmc_walker_walk_seed1_w002_b11_1m/scores.jsonl

--------------------[Agent Step 810_576]--------------------
Metrics filtered by: 'score|length|fps|ratio|train/loss/|train/acc/|train/inv/|train/rand/'
train/acc/inv 0.54 / train/inv/ce 1.56 / train/inv/confidence 0.25 / train/inv/confidence_gating 0 / train/inv/effective_rep_weight 0.02 / train/inv/head_objective 0.65 / train/inv/head_weight 0 / train/inv/objective 0.65 / train/inv/policy_weight_max 1 / train/inv/policy_weight_mean 1 / train/inv/policy_weight_min 1 / train/inv/policy_weight_std 0 / train/inv/valid_frac 1 / train/inv/weight 0.02 / train/loss/con 0.02 / train/loss/dyn 2.99 / train/loss/image 1.67 / train/loss/inv 0.01 / train/loss/policy -0.01 / train/loss/rep 2.99 / train/loss/repval 0.75 / train/loss/rew 0.65 / train/loss/value 0.72 / replay/replay_ratio 264 / fps/policy 10.21 / fps/train 2614.66

Writing metrics: /home/zhangpeiying01/lfy/btwm-7.7/runs/btwm_dmc_walker_walk_seed1_w002_b11_1m/scores.jsonl
Writing metrics: /home/zhangpeiying01/lfy/btwm-7.7/runs/btwm_dmc_walker_walk_seed1_w002_b11_1m/metrics.jsonl

--------------------[Agent Step 811_808]--------------------
Metrics filtered by: 'score|length|fps|ratio|train/loss/|train/acc/|train/inv/|train/rand/'
train/acc/inv 0.54 / train/inv/ce 1.56 / train/inv/confidence 0.25 / train/inv/confidence_gating 0 / train/inv/effective_rep_weight 0.02 / train/inv/head_objective 0.65 / train/inv/head_weight 0 / train/inv/objective 0.65 / train/inv/policy_weight_max 1 / train/inv/policy_weight_mean 1 / train/inv/policy_weight_min 1 / train/inv/policy_weight_std 0 / train/inv/valid_frac 1 / train/inv/weight 0.02 / train/loss/con 0.02 / train/loss/dyn 2.97 / train/loss/image 1.68 / train/loss/inv 0.01 / train/loss/policy -0.01 / train/loss/rep 2.97 / train/loss/repval 0.75 / train/loss/rew 0.64 / train/loss/value 0.73 / replay/replay_ratio 264 / fps/policy 10.22 / fps/train 2615.34

Writing metrics: /home/zhangpeiying01/lfy/btwm-7.7/runs/btwm_dmc_walker_walk_seed1_w002_b11_1m/metrics.jsonl
Writing metrics: /home/zhangpeiying01/lfy/btwm-7.7/runs/btwm_dmc_walker_walk_seed1_w002_b11_1m/scores.jsonl

--------------------[Agent Step 813_040]--------------------
Metrics filtered by: 'score|length|fps|ratio|train/loss/|train/acc/|train/inv/|train/rand/'
train/acc/inv 0.54 / train/inv/ce 1.56 / train/inv/confidence 0.25 / train/inv/confidence_gating 0 / train/inv/effective_rep_weight 0.02 / train/inv/head_objective 0.65 / train/inv/head_weight 0 / train/inv/objective 0.65 / train/inv/policy_weight_max 1 / train/inv/policy_weight_mean 1 / train/inv/policy_weight_min 1 / train/inv/policy_weight_std 0 / train/inv/valid_frac 1 / train/inv/weight 0.02 / train/loss/con 0.02 / train/loss/dyn 3.1 / train/loss/image 1.67 / train/loss/inv 0.01 / train/loss/policy -6.5e-3 / train/loss/rep 3.1 / train/loss/repval 0.75 / train/loss/rew 0.64 / train/loss/value 0.73 / replay/replay_ratio 264 / fps/policy 10.22 / fps/train 2617.17

Writing metrics: /home/zhangpeiying01/lfy/btwm-7.7/runs/btwm_dmc_walker_walk_seed1_w002_b11_1m/scores.jsonl
Writing metrics: /home/zhangpeiying01/lfy/btwm-7.7/runs/btwm_dmc_walker_walk_seed1_w002_b11_1m/metrics.jsonl

--------------------[Agent Step 814_272]--------------------
Metrics filtered by: 'score|length|fps|ratio|train/loss/|train/acc/|train/inv/|train/rand/'
train/acc/inv 0.54 / train/inv/ce 1.56 / train/inv/confidence 0.25 / train/inv/confidence_gating 0 / train/inv/effective_rep_weight 0.02 / train/inv/head_objective 0.65 / train/inv/head_weight 0 / train/inv/objective 0.65 / train/inv/policy_weight_max 1 / train/inv/policy_weight_mean 1 / train/inv/policy_weight_min 1 / train/inv/policy_weight_std 0 / train/inv/valid_frac 1 / train/inv/weight 0.02 / train/loss/con 0.02 / train/loss/dyn 3.14 / train/loss/image 1.68 / train/loss/inv 0.01 / train/loss/policy -6.5e-3 / train/loss/rep 3.14 / train/loss/repval 0.74 / train/loss/rew 0.65 / train/loss/value 0.72 / replay/replay_ratio 264 / fps/policy 10.22 / fps/train 2617.24

Writing metrics: /home/zhangpeiying01/lfy/btwm-7.7/runs/btwm_dmc_walker_walk_seed1_w002_b11_1m/metrics.jsonl
Writing metrics: /home/zhangpeiying01/lfy/btwm-7.7/runs/btwm_dmc_walker_walk_seed1_w002_b11_1m/scores.jsonl

--------------------[Agent Step 815_504]--------------------
Metrics filtered by: 'score|length|fps|ratio|train/loss/|train/acc/|train/inv/|train/rand/'
train/acc/inv 0.54 / train/inv/ce 1.56 / train/inv/confidence 0.25 / train/inv/confidence_gating 0 / train/inv/effective_rep_weight 0.02 / train/inv/head_objective 0.65 / train/inv/head_weight 0 / train/inv/objective 0.65 / train/inv/policy_weight_max 1 / train/inv/policy_weight_mean 1 / train/inv/policy_weight_min 1 / train/inv/policy_weight_std 0 / train/inv/valid_frac 1 / train/inv/weight 0.02 / train/loss/con 0.02 / train/loss/dyn 2.91 / train/loss/image 1.66 / train/loss/inv 0.01 / train/loss/policy -0.01 / train/loss/rep 2.91 / train/loss/repval 0.75 / train/loss/rew 0.65 / train/loss/value 0.72 / replay/replay_ratio 264 / fps/policy 10.21 / fps/train 2613.88

Writing metrics: /home/zhangpeiying01/lfy/btwm-7.7/runs/btwm_dmc_walker_walk_seed1_w002_b11_1m/scores.jsonl
Writing metrics: /home/zhangpeiying01/lfy/btwm-7.7/runs/btwm_dmc_walker_walk_seed1_w002_b11_1m/metrics.jsonl

--------------------[Agent Step 816_736]--------------------
Metrics filtered by: 'score|length|fps|ratio|train/loss/|train/acc/|train/inv/|train/rand/'
train/acc/inv 0.54 / train/inv/ce 1.56 / train/inv/confidence 0.25 / train/inv/confidence_gating 0 / train/inv/effective_rep_weight 0.02 / train/inv/head_objective 0.65 / train/inv/head_weight 0 / train/inv/objective 0.65 / train/inv/policy_weight_max 1 / train/inv/policy_weight_mean 1 / train/inv/policy_weight_min 1 / train/inv/policy_weight_std 0 / train/inv/valid_frac 1 / train/inv/weight 0.02 / train/loss/con 0.02 / train/loss/dyn 2.94 / train/loss/image 1.64 / train/loss/inv 0.01 / train/loss/policy -0.01 / train/loss/rep 2.94 / train/loss/repval 0.74 / train/loss/rew 0.65 / train/loss/value 0.72 / replay/replay_ratio 264 / fps/policy 10.24 / fps/train 2620.49

Writing metrics: /home/zhangpeiying01/lfy/btwm-7.7/runs/btwm_dmc_walker_walk_seed1_w002_b11_1m/metrics.jsonl
Writing metrics: /home/zhangpeiying01/lfy/btwm-7.7/runs/btwm_dmc_walker_walk_seed1_w002_b11_1m/scores.jsonl
Saving checkpoint: /home/zhangpeiying01/lfy/btwm-7.7/runs/btwm_dmc_walker_walk_seed1_w002_b11_1m/ckpt/20260716T124707F167769
Saved checkpoint.

--------------------[Agent Step 817_952]--------------------
Metrics filtered by: 'score|length|fps|ratio|train/loss/|train/acc/|train/inv/|train/rand/'
episode/score 955.66 / episode/length 1001 / train/acc/inv 0.54 / train/inv/ce 1.57 / train/inv/confidence 0.25 / train/inv/confidence_gating 0 / train/inv/effective_rep_weight 0.02 / train/inv/head_objective 0.66 / train/inv/head_weight 0 / train/inv/objective 0.66 / train/inv/policy_weight_max 1 / train/inv/policy_weight_mean 1 / train/inv/policy_weight_min 1 / train/inv/policy_weight_std 0 / train/inv/valid_frac 1 / train/inv/weight 0.02 / train/loss/con 0.02 / train/loss/dyn 2.99 / train/loss/image 1.71 / train/loss/inv 0.01 / train/loss/policy -6.1e-3 / train/loss/rep 2.99 / train/loss/repval 0.74 / train/loss/rew 0.65 / train/loss/value 0.72 / replay/replay_ratio 264 / fps/policy 10.01 / fps/train 2563.12

Writing metrics: /home/zhangpeiying01/lfy/btwm-7.7/runs/btwm_dmc_walker_walk_seed1_w002_b11_1m/metrics.jsonl
Writing metrics: /home/zhangpeiying01/lfy/btwm-7.7/runs/btwm_dmc_walker_walk_seed1_w002_b11_1m/scores.jsonl

--------------------[Agent Step 819_184]--------------------
Metrics filtered by: 'score|length|fps|ratio|train/loss/|train/acc/|train/inv/|train/rand/'
train/acc/inv 0.54 / train/inv/ce 1.56 / train/inv/confidence 0.25 / train/inv/confidence_gating 0 / train/inv/effective_rep_weight 0.02 / train/inv/head_objective 0.65 / train/inv/head_weight 0 / train/inv/objective 0.65 / train/inv/policy_weight_max 1 / train/inv/policy_weight_mean 1 / train/inv/policy_weight_min 1 / train/inv/policy_weight_std 0 / train/inv/valid_frac 1 / train/inv/weight 0.02 / train/loss/con 0.02 / train/loss/dyn 3.01 / train/loss/image 1.71 / train/loss/inv 0.01 / train/loss/policy -0.01 / train/loss/rep 3.01 / train/loss/repval 0.75 / train/loss/rew 0.65 / train/loss/value 0.72 / replay/replay_ratio 264 / fps/policy 10.18 / fps/train 2606.2

Writing metrics: /home/zhangpeiying01/lfy/btwm-7.7/runs/btwm_dmc_walker_walk_seed1_w002_b11_1m/metrics.jsonl
Writing metrics: /home/zhangpeiying01/lfy/btwm-7.7/runs/btwm_dmc_walker_walk_seed1_w002_b11_1m/scores.jsonl

--------------------[Agent Step 820_416]--------------------
Metrics filtered by: 'score|length|fps|ratio|train/loss/|train/acc/|train/inv/|train/rand/'
train/acc/inv 0.54 / train/inv/ce 1.55 / train/inv/confidence 0.25 / train/inv/confidence_gating 0 / train/inv/effective_rep_weight 0.02 / train/inv/head_objective 0.65 / train/inv/head_weight 0 / train/inv/objective 0.65 / train/inv/policy_weight_max 1 / train/inv/policy_weight_mean 1 / train/inv/policy_weight_min 1 / train/inv/policy_weight_std 0 / train/inv/valid_frac 1 / train/inv/weight 0.02 / train/loss/con 0.02 / train/loss/dyn 2.95 / train/loss/image 1.68 / train/loss/inv 0.01 / train/loss/policy -4.9e-3 / train/loss/rep 2.95 / train/loss/repval 0.75 / train/loss/rew 0.64 / train/loss/value 0.73 / replay/replay_ratio 264 / fps/policy 10.23 / fps/train 2618.57

Writing metrics: /home/zhangpeiying01/lfy/btwm-7.7/runs/btwm_dmc_walker_walk_seed1_w002_b11_1m/scores.jsonl
Writing metrics: /home/zhangpeiying01/lfy/btwm-7.7/runs/btwm_dmc_walker_walk_seed1_w002_b11_1m/metrics.jsonl

--------------------[Agent Step 821_648]--------------------
Metrics filtered by: 'score|length|fps|ratio|train/loss/|train/acc/|train/inv/|train/rand/'
train/acc/inv 0.54 / train/inv/ce 1.56 / train/inv/confidence 0.25 / train/inv/confidence_gating 0 / train/inv/effective_rep_weight 0.02 / train/inv/head_objective 0.65 / train/inv/head_weight 0 / train/inv/objective 0.65 / train/inv/policy_weight_max 1 / train/inv/policy_weight_mean 1 / train/inv/policy_weight_min 1 / train/inv/policy_weight_std 0 / train/inv/valid_frac 1 / train/inv/weight 0.02 / train/loss/con 0.02 / train/loss/dyn 2.97 / train/loss/image 1.69 / train/loss/inv 0.01 / train/loss/policy -8e-3 / train/loss/rep 2.97 / train/loss/repval 0.75 / train/loss/rew 0.65 / train/loss/value 0.73 / replay/replay_ratio 264 / fps/policy 10.18 / fps/train 2606.94

Writing metrics: /home/zhangpeiying01/lfy/btwm-7.7/runs/btwm_dmc_walker_walk_seed1_w002_b11_1m/metrics.jsonl
Writing metrics: /home/zhangpeiying01/lfy/btwm-7.7/runs/btwm_dmc_walker_walk_seed1_w002_b11_1m/scores.jsonl

--------------------[Agent Step 822_880]--------------------
Metrics filtered by: 'score|length|fps|ratio|train/loss/|train/acc/|train/inv/|train/rand/'
train/acc/inv 0.54 / train/inv/ce 1.56 / train/inv/confidence 0.25 / train/inv/confidence_gating 0 / train/inv/effective_rep_weight 0.02 / train/inv/head_objective 0.65 / train/inv/head_weight 0 / train/inv/objective 0.65 / train/inv/policy_weight_max 1 / train/inv/policy_weight_mean 1 / train/inv/policy_weight_min 1 / train/inv/policy_weight_std 0 / train/inv/valid_frac 1 / train/inv/weight 0.02 / train/loss/con 0.02 / train/loss/dyn 3.06 / train/loss/image 1.69 / train/loss/inv 0.01 / train/loss/policy -8e-3 / train/loss/rep 3.06 / train/loss/repval 0.75 / train/loss/rew 0.65 / train/loss/value 0.72 / replay/replay_ratio 264 / fps/policy 10.22 / fps/train 2616.72

Writing metrics: /home/zhangpeiying01/lfy/btwm-7.7/runs/btwm_dmc_walker_walk_seed1_w002_b11_1m/metrics.jsonl
Writing metrics: /home/zhangpeiying01/lfy/btwm-7.7/runs/btwm_dmc_walker_walk_seed1_w002_b11_1m/scores.jsonl

--------------------[Agent Step 824_112]--------------------
Metrics filtered by: 'score|length|fps|ratio|train/loss/|train/acc/|train/inv/|train/rand/'
train/acc/inv 0.54 / train/inv/ce 1.56 / train/inv/confidence 0.25 / train/inv/confidence_gating 0 / train/inv/effective_rep_weight 0.02 / train/inv/head_objective 0.65 / train/inv/head_weight 0 / train/inv/objective 0.65 / train/inv/policy_weight_max 1 / train/inv/policy_weight_mean 1 / train/inv/policy_weight_min 1 / train/inv/policy_weight_std 0 / train/inv/valid_frac 1 / train/inv/weight 0.02 / train/loss/con 0.02 / train/loss/dyn 2.99 / train/loss/image 1.68 / train/loss/inv 0.01 / train/loss/policy -9.7e-3 / train/loss/rep 2.99 / train/loss/repval 0.74 / train/loss/rew 0.64 / train/loss/value 0.72 / replay/replay_ratio 264 / fps/policy 10.24 / fps/train 2620.41

Writing metrics: /home/zhangpeiying01/lfy/btwm-7.7/runs/btwm_dmc_walker_walk_seed1_w002_b11_1m/metrics.jsonl
Writing metrics: /home/zhangpeiying01/lfy/btwm-7.7/runs/btwm_dmc_walker_walk_seed1_w002_b11_1m/scores.jsonl

--------------------[Agent Step 825_344]--------------------
Metrics filtered by: 'score|length|fps|ratio|train/loss/|train/acc/|train/inv/|train/rand/'
train/acc/inv 0.54 / train/inv/ce 1.56 / train/inv/confidence 0.25 / train/inv/confidence_gating 0 / train/inv/effective_rep_weight 0.02 / train/inv/head_objective 0.65 / train/inv/head_weight 0 / train/inv/objective 0.65 / train/inv/policy_weight_max 1 / train/inv/policy_weight_mean 1 / train/inv/policy_weight_min 1 / train/inv/policy_weight_std 0 / train/inv/valid_frac 1 / train/inv/weight 0.02 / train/loss/con 0.02 / train/loss/dyn 2.97 / train/loss/image 1.66 / train/loss/inv 0.01 / train/loss/policy -0.01 / train/loss/rep 2.97 / train/loss/repval 0.74 / train/loss/rew 0.65 / train/loss/value 0.72 / replay/replay_ratio 264 / fps/policy 10.22 / fps/train 2616.33

Writing metrics: /home/zhangpeiying01/lfy/btwm-7.7/runs/btwm_dmc_walker_walk_seed1_w002_b11_1m/metrics.jsonl
Writing metrics: /home/zhangpeiying01/lfy/btwm-7.7/runs/btwm_dmc_walker_walk_seed1_w002_b11_1m/scores.jsonl

--------------------[Agent Step 826_576]--------------------
Metrics filtered by: 'score|length|fps|ratio|train/loss/|train/acc/|train/inv/|train/rand/'
train/acc/inv 0.54 / train/inv/ce 1.55 / train/inv/confidence 0.25 / train/inv/confidence_gating 0 / train/inv/effective_rep_weight 0.02 / train/inv/head_objective 0.65 / train/inv/head_weight 0 / train/inv/objective 0.65 / train/inv/policy_weight_max 1 / train/inv/policy_weight_mean 1 / train/inv/policy_weight_min 1 / train/inv/policy_weight_std 0 / train/inv/valid_frac 1 / train/inv/weight 0.02 / train/loss/con 0.02 / train/loss/dyn 2.82 / train/loss/image 1.65 / train/loss/inv 0.01 / train/loss/policy -0.02 / train/loss/rep 2.82 / train/loss/repval 0.75 / train/loss/rew 0.65 / train/loss/value 0.73 / replay/replay_ratio 264 / fps/policy 10.21 / fps/train 2615.02

Writing metrics: /home/zhangpeiying01/lfy/btwm-7.7/runs/btwm_dmc_walker_walk_seed1_w002_b11_1m/metrics.jsonl
Writing metrics: /home/zhangpeiying01/lfy/btwm-7.7/runs/btwm_dmc_walker_walk_seed1_w002_b11_1m/scores.jsonl

--------------------[Agent Step 827_808]--------------------
Metrics filtered by: 'score|length|fps|ratio|train/loss/|train/acc/|train/inv/|train/rand/'
train/acc/inv 0.54 / train/inv/ce 1.55 / train/inv/confidence 0.25 / train/inv/confidence_gating 0 / train/inv/effective_rep_weight 0.02 / train/inv/head_objective 0.65 / train/inv/head_weight 0 / train/inv/objective 0.65 / train/inv/policy_weight_max 1 / train/inv/policy_weight_mean 1 / train/inv/policy_weight_min 1 / train/inv/policy_weight_std 0 / train/inv/valid_frac 1 / train/inv/weight 0.02 / train/loss/con 0.02 / train/loss/dyn 2.92 / train/loss/image 1.66 / train/loss/inv 0.01 / train/loss/policy -0.01 / train/loss/rep 2.92 / train/loss/repval 0.75 / train/loss/rew 0.64 / train/loss/value 0.73 / replay/replay_ratio 264 / fps/policy 10.21 / fps/train 2614.07

Writing metrics: /home/zhangpeiying01/lfy/btwm-7.7/runs/btwm_dmc_walker_walk_seed1_w002_b11_1m/scores.jsonl
Writing metrics: /home/zhangpeiying01/lfy/btwm-7.7/runs/btwm_dmc_walker_walk_seed1_w002_b11_1m/metrics.jsonl

--------------------[Agent Step 829_040]--------------------
Metrics filtered by: 'score|length|fps|ratio|train/loss/|train/acc/|train/inv/|train/rand/'
train/acc/inv 0.54 / train/inv/ce 1.56 / train/inv/confidence 0.25 / train/inv/confidence_gating 0 / train/inv/effective_rep_weight 0.02 / train/inv/head_objective 0.65 / train/inv/head_weight 0 / train/inv/objective 0.65 / train/inv/policy_weight_max 1 / train/inv/policy_weight_mean 1 / train/inv/policy_weight_min 1 / train/inv/policy_weight_std 0 / train/inv/valid_frac 1 / train/inv/weight 0.02 / train/loss/con 0.02 / train/loss/dyn 2.87 / train/loss/image 1.65 / train/loss/inv 0.01 / train/loss/policy -8.4e-3 / train/loss/rep 2.87 / train/loss/repval 0.75 / train/loss/rew 0.65 / train/loss/value 0.73 / replay/replay_ratio 264 / fps/policy 10.16 / fps/train 2602.13

Writing metrics: /home/zhangpeiying01/lfy/btwm-7.7/runs/btwm_dmc_walker_walk_seed1_w002_b11_1m/metrics.jsonl
Writing metrics: /home/zhangpeiying01/lfy/btwm-7.7/runs/btwm_dmc_walker_walk_seed1_w002_b11_1m/scores.jsonl

--------------------[Agent Step 830_272]--------------------
Metrics filtered by: 'score|length|fps|ratio|train/loss/|train/acc/|train/inv/|train/rand/'
train/acc/inv 0.54 / train/inv/ce 1.56 / train/inv/confidence 0.25 / train/inv/confidence_gating 0 / train/inv/effective_rep_weight 0.02 / train/inv/head_objective 0.65 / train/inv/head_weight 0 / train/inv/objective 0.65 / train/inv/policy_weight_max 1 / train/inv/policy_weight_mean 1 / train/inv/policy_weight_min 1 / train/inv/policy_weight_std 0 / train/inv/valid_frac 1 / train/inv/weight 0.02 / train/loss/con 0.02 / train/loss/dyn 2.97 / train/loss/image 1.67 / train/loss/inv 0.01 / train/loss/policy -8.8e-3 / train/loss/rep 2.97 / train/loss/repval 0.75 / train/loss/rew 0.64 / train/loss/value 0.73 / replay/replay_ratio 264 / fps/policy 10.22 / fps/train 2617.4

Writing metrics: /home/zhangpeiying01/lfy/btwm-7.7/runs/btwm_dmc_walker_walk_seed1_w002_b11_1m/metrics.jsonl
Writing metrics: /home/zhangpeiying01/lfy/btwm-7.7/runs/btwm_dmc_walker_walk_seed1_w002_b11_1m/scores.jsonl

--------------------[Agent Step 831_504]--------------------
Metrics filtered by: 'score|length|fps|ratio|train/loss/|train/acc/|train/inv/|train/rand/'
train/acc/inv 0.54 / train/inv/ce 1.56 / train/inv/confidence 0.25 / train/inv/confidence_gating 0 / train/inv/effective_rep_weight 0.02 / train/inv/head_objective 0.65 / train/inv/head_weight 0 / train/inv/objective 0.65 / train/inv/policy_weight_max 1 / train/inv/policy_weight_mean 1 / train/inv/policy_weight_min 1 / train/inv/policy_weight_std 0 / train/inv/valid_frac 1 / train/inv/weight 0.02 / train/loss/con 0.02 / train/loss/dyn 2.96 / train/loss/image 1.64 / train/loss/inv 0.01 / train/loss/policy -2.6e-3 / train/loss/rep 2.96 / train/loss/repval 0.75 / train/loss/rew 0.65 / train/loss/value 0.73 / replay/replay_ratio 264 / fps/policy 10.2 / fps/train 2610.31

Writing metrics: /home/zhangpeiying01/lfy/btwm-7.7/runs/btwm_dmc_walker_walk_seed1_w002_b11_1m/scores.jsonl
Writing metrics: /home/zhangpeiying01/lfy/btwm-7.7/runs/btwm_dmc_walker_walk_seed1_w002_b11_1m/metrics.jsonl

--------------------[Agent Step 832_736]--------------------
Metrics filtered by: 'score|length|fps|ratio|train/loss/|train/acc/|train/inv/|train/rand/'
train/acc/inv 0.54 / train/inv/ce 1.56 / train/inv/confidence 0.25 / train/inv/confidence_gating 0 / train/inv/effective_rep_weight 0.02 / train/inv/head_objective 0.65 / train/inv/head_weight 0 / train/inv/objective 0.65 / train/inv/policy_weight_max 1 / train/inv/policy_weight_mean 1 / train/inv/policy_weight_min 1 / train/inv/policy_weight_std 0 / train/inv/valid_frac 1 / train/inv/weight 0.02 / train/loss/con 0.02 / train/loss/dyn 3.12 / train/loss/image 1.65 / train/loss/inv 0.01 / train/loss/policy -4.8e-3 / train/loss/rep 3.12 / train/loss/repval 0.75 / train/loss/rew 0.65 / train/loss/value 0.72 / replay/replay_ratio 264 / fps/policy 10.22 / fps/train 2615.28

Writing metrics: /home/zhangpeiying01/lfy/btwm-7.7/runs/btwm_dmc_walker_walk_seed1_w002_b11_1m/metrics.jsonl
Writing metrics: /home/zhangpeiying01/lfy/btwm-7.7/runs/btwm_dmc_walker_walk_seed1_w002_b11_1m/scores.jsonl

--------------------[Agent Step 833_968]--------------------
Metrics filtered by: 'score|length|fps|ratio|train/loss/|train/acc/|train/inv/|train/rand/'
episode/score 915.5 / episode/length 1001 / train/acc/inv 0.54 / train/inv/ce 1.56 / train/inv/confidence 0.25 / train/inv/confidence_gating 0 / train/inv/effective_rep_weight 0.02 / train/inv/head_objective 0.65 / train/inv/head_weight 0 / train/inv/objective 0.65 / train/inv/policy_weight_max 1 / train/inv/policy_weight_mean 1 / train/inv/policy_weight_min 1 / train/inv/policy_weight_std 0 / train/inv/valid_frac 1 / train/inv/weight 0.02 / train/loss/con 0.02 / train/loss/dyn 3.03 / train/loss/image 1.73 / train/loss/inv 0.01 / train/loss/policy -6.5e-3 / train/loss/rep 3.03 / train/loss/repval 0.75 / train/loss/rew 0.65 / train/loss/value 0.73 / replay/replay_ratio 264 / fps/policy 10.21 / fps/train 2614.51

Writing metrics: /home/zhangpeiying01/lfy/btwm-7.7/runs/btwm_dmc_walker_walk_seed1_w002_b11_1m/metrics.jsonl
Writing metrics: /home/zhangpeiying01/lfy/btwm-7.7/runs/btwm_dmc_walker_walk_seed1_w002_b11_1m/scores.jsonl

--------------------[Agent Step 835_200]--------------------
Metrics filtered by: 'score|length|fps|ratio|train/loss/|train/acc/|train/inv/|train/rand/'
train/acc/inv 0.54 / train/inv/ce 1.56 / train/inv/confidence 0.25 / train/inv/confidence_gating 0 / train/inv/effective_rep_weight 0.02 / train/inv/head_objective 0.65 / train/inv/head_weight 0 / train/inv/objective 0.65 / train/inv/policy_weight_max 1 / train/inv/policy_weight_mean 1 / train/inv/policy_weight_min 1 / train/inv/policy_weight_std 0 / train/inv/valid_frac 1 / train/inv/weight 0.02 / train/loss/con 0.02 / train/loss/dyn 3.04 / train/loss/image 1.71 / train/loss/inv 0.01 / train/loss/policy -3.5e-3 / train/loss/rep 3.04 / train/loss/repval 0.75 / train/loss/rew 0.65 / train/loss/value 0.73 / replay/replay_ratio 264 / fps/policy 10.2 / fps/train 2611

Writing metrics: /home/zhangpeiying01/lfy/btwm-7.7/runs/btwm_dmc_walker_walk_seed1_w002_b11_1m/metrics.jsonl
Writing metrics: /home/zhangpeiying01/lfy/btwm-7.7/runs/btwm_dmc_walker_walk_seed1_w002_b11_1m/scores.jsonl

--------------------[Agent Step 836_432]--------------------
Metrics filtered by: 'score|length|fps|ratio|train/loss/|train/acc/|train/inv/|train/rand/'
train/acc/inv 0.54 / train/inv/ce 1.57 / train/inv/confidence 0.25 / train/inv/confidence_gating 0 / train/inv/effective_rep_weight 0.02 / train/inv/head_objective 0.65 / train/inv/head_weight 0 / train/inv/objective 0.65 / train/inv/policy_weight_max 1 / train/inv/policy_weight_mean 1 / train/inv/policy_weight_min 1 / train/inv/policy_weight_std 0 / train/inv/valid_frac 1 / train/inv/weight 0.02 / train/loss/con 0.02 / train/loss/dyn 2.95 / train/loss/image 1.69 / train/loss/inv 0.01 / train/loss/policy -2e-3 / train/loss/rep 2.95 / train/loss/repval 0.75 / train/loss/rew 0.65 / train/loss/value 0.73 / replay/replay_ratio 264 / fps/policy 10.23 / fps/train 2619.02

Writing metrics: /home/zhangpeiying01/lfy/btwm-7.7/runs/btwm_dmc_walker_walk_seed1_w002_b11_1m/metrics.jsonl
Writing metrics: /home/zhangpeiying01/lfy/btwm-7.7/runs/btwm_dmc_walker_walk_seed1_w002_b11_1m/scores.jsonl

--------------------[Agent Step 837_664]--------------------
Metrics filtered by: 'score|length|fps|ratio|train/loss/|train/acc/|train/inv/|train/rand/'
train/acc/inv 0.54 / train/inv/ce 1.56 / train/inv/confidence 0.25 / train/inv/confidence_gating 0 / train/inv/effective_rep_weight 0.02 / train/inv/head_objective 0.65 / train/inv/head_weight 0 / train/inv/objective 0.65 / train/inv/policy_weight_max 1 / train/inv/policy_weight_mean 1 / train/inv/policy_weight_min 1 / train/inv/policy_weight_std 0 / train/inv/valid_frac 1 / train/inv/weight 0.02 / train/loss/con 0.02 / train/loss/dyn 2.83 / train/loss/image 1.67 / train/loss/inv 0.01 / train/loss/policy -3.8e-3 / train/loss/rep 2.83 / train/loss/repval 0.75 / train/loss/rew 0.65 / train/loss/value 0.73 / replay/replay_ratio 264 / fps/policy 10.18 / fps/train 2605.57

Writing metrics: /home/zhangpeiying01/lfy/btwm-7.7/runs/btwm_dmc_walker_walk_seed1_w002_b11_1m/scores.jsonl
Writing metrics: /home/zhangpeiying01/lfy/btwm-7.7/runs/btwm_dmc_walker_walk_seed1_w002_b11_1m/metrics.jsonl

--------------------[Agent Step 838_896]--------------------
Metrics filtered by: 'score|length|fps|ratio|train/loss/|train/acc/|train/inv/|train/rand/'
train/acc/inv 0.54 / train/inv/ce 1.56 / train/inv/confidence 0.25 / train/inv/confidence_gating 0 / train/inv/effective_rep_weight 0.02 / train/inv/head_objective 0.65 / train/inv/head_weight 0 / train/inv/objective 0.65 / train/inv/policy_weight_max 1 / train/inv/policy_weight_mean 1 / train/inv/policy_weight_min 1 / train/inv/policy_weight_std 0 / train/inv/valid_frac 1 / train/inv/weight 0.02 / train/loss/con 0.02 / train/loss/dyn 2.92 / train/loss/image 1.7 / train/loss/inv 0.01 / train/loss/policy -7.2e-3 / train/loss/rep 2.92 / train/loss/repval 0.75 / train/loss/rew 0.64 / train/loss/value 0.73 / replay/replay_ratio 264 / fps/policy 10.21 / fps/train 2613.3

Writing metrics: /home/zhangpeiying01/lfy/btwm-7.7/runs/btwm_dmc_walker_walk_seed1_w002_b11_1m/metrics.jsonl
Writing metrics: /home/zhangpeiying01/lfy/btwm-7.7/runs/btwm_dmc_walker_walk_seed1_w002_b11_1m/scores.jsonl

--------------------[Agent Step 840_128]--------------------
Metrics filtered by: 'score|length|fps|ratio|train/loss/|train/acc/|train/inv/|train/rand/'
train/acc/inv 0.54 / train/inv/ce 1.56 / train/inv/confidence 0.25 / train/inv/confidence_gating 0 / train/inv/effective_rep_weight 0.02 / train/inv/head_objective 0.65 / train/inv/head_weight 0 / train/inv/objective 0.65 / train/inv/policy_weight_max 1 / train/inv/policy_weight_mean 1 / train/inv/policy_weight_min 1 / train/inv/policy_weight_std 0 / train/inv/valid_frac 1 / train/inv/weight 0.02 / train/loss/con 0.02 / train/loss/dyn 2.94 / train/loss/image 1.67 / train/loss/inv 0.01 / train/loss/policy -5.2e-3 / train/loss/rep 2.94 / train/loss/repval 0.75 / train/loss/rew 0.65 / train/loss/value 0.73 / replay/replay_ratio 264 / fps/policy 10.21 / fps/train 2614.14

Writing metrics: /home/zhangpeiying01/lfy/btwm-7.7/runs/btwm_dmc_walker_walk_seed1_w002_b11_1m/metrics.jsonl
Writing metrics: /home/zhangpeiying01/lfy/btwm-7.7/runs/btwm_dmc_walker_walk_seed1_w002_b11_1m/scores.jsonl

--------------------[Agent Step 841_360]--------------------
Metrics filtered by: 'score|length|fps|ratio|train/loss/|train/acc/|train/inv/|train/rand/'
train/acc/inv 0.54 / train/inv/ce 1.56 / train/inv/confidence 0.25 / train/inv/confidence_gating 0 / train/inv/effective_rep_weight 0.02 / train/inv/head_objective 0.65 / train/inv/head_weight 0 / train/inv/objective 0.65 / train/inv/policy_weight_max 1 / train/inv/policy_weight_mean 1 / train/inv/policy_weight_min 1 / train/inv/policy_weight_std 0 / train/inv/valid_frac 1 / train/inv/weight 0.02 / train/loss/con 0.02 / train/loss/dyn 2.83 / train/loss/image 1.64 / train/loss/inv 0.01 / train/loss/policy -8.7e-3 / train/loss/rep 2.83 / train/loss/repval 0.75 / train/loss/rew 0.65 / train/loss/value 0.73 / replay/replay_ratio 264 / fps/policy 10.21 / fps/train 2614.02

Writing metrics: /home/zhangpeiying01/lfy/btwm-7.7/runs/btwm_dmc_walker_walk_seed1_w002_b11_1m/metrics.jsonl
Writing metrics: /home/zhangpeiying01/lfy/btwm-7.7/runs/btwm_dmc_walker_walk_seed1_w002_b11_1m/scores.jsonl

--------------------[Agent Step 842_592]--------------------
Metrics filtered by: 'score|length|fps|ratio|train/loss/|train/acc/|train/inv/|train/rand/'
train/acc/inv 0.54 / train/inv/ce 1.56 / train/inv/confidence 0.25 / train/inv/confidence_gating 0 / train/inv/effective_rep_weight 0.02 / train/inv/head_objective 0.65 / train/inv/head_weight 0 / train/inv/objective 0.65 / train/inv/policy_weight_max 1 / train/inv/policy_weight_mean 1 / train/inv/policy_weight_min 1 / train/inv/policy_weight_std 0 / train/inv/valid_frac 1 / train/inv/weight 0.02 / train/loss/con 0.02 / train/loss/dyn 3.04 / train/loss/image 1.67 / train/loss/inv 0.01 / train/loss/policy -8.5e-3 / train/loss/rep 3.04 / train/loss/repval 0.75 / train/loss/rew 0.64 / train/loss/value 0.72 / replay/replay_ratio 264 / fps/policy 10.23 / fps/train 2619.57

Writing metrics: /home/zhangpeiying01/lfy/btwm-7.7/runs/btwm_dmc_walker_walk_seed1_w002_b11_1m/metrics.jsonl
Writing metrics: /home/zhangpeiying01/lfy/btwm-7.7/runs/btwm_dmc_walker_walk_seed1_w002_b11_1m/scores.jsonl

--------------------[Agent Step 843_824]--------------------
Metrics filtered by: 'score|length|fps|ratio|train/loss/|train/acc/|train/inv/|train/rand/'
train/acc/inv 0.54 / train/inv/ce 1.56 / train/inv/confidence 0.25 / train/inv/confidence_gating 0 / train/inv/effective_rep_weight 0.02 / train/inv/head_objective 0.65 / train/inv/head_weight 0 / train/inv/objective 0.65 / train/inv/policy_weight_max 1 / train/inv/policy_weight_mean 1 / train/inv/policy_weight_min 1 / train/inv/policy_weight_std 0 / train/inv/valid_frac 1 / train/inv/weight 0.02 / train/loss/con 0.02 / train/loss/dyn 3.02 / train/loss/image 1.67 / train/loss/inv 0.01 / train/loss/policy -8e-3 / train/loss/rep 3.02 / train/loss/repval 0.75 / train/loss/rew 0.65 / train/loss/value 0.73 / replay/replay_ratio 264 / fps/policy 10.2 / fps/train 2611.77

Writing metrics: /home/zhangpeiying01/lfy/btwm-7.7/runs/btwm_dmc_walker_walk_seed1_w002_b11_1m/metrics.jsonl
Writing metrics: /home/zhangpeiying01/lfy/btwm-7.7/runs/btwm_dmc_walker_walk_seed1_w002_b11_1m/scores.jsonl

--------------------[Agent Step 845_056]--------------------
Metrics filtered by: 'score|length|fps|ratio|train/loss/|train/acc/|train/inv/|train/rand/'
train/acc/inv 0.54 / train/inv/ce 1.56 / train/inv/confidence 0.25 / train/inv/confidence_gating 0 / train/inv/effective_rep_weight 0.02 / train/inv/head_objective 0.65 / train/inv/head_weight 0 / train/inv/objective 0.65 / train/inv/policy_weight_max 1 / train/inv/policy_weight_mean 1 / train/inv/policy_weight_min 1 / train/inv/policy_weight_std 0 / train/inv/valid_frac 1 / train/inv/weight 0.02 / train/loss/con 0.02 / train/loss/dyn 2.93 / train/loss/image 1.66 / train/loss/inv 0.01 / train/loss/policy -5.2e-3 / train/loss/rep 2.93 / train/loss/repval 0.75 / train/loss/rew 0.65 / train/loss/value 0.72 / replay/replay_ratio 264 / fps/policy 10.25 / fps/train 2623.62

Writing metrics: /home/zhangpeiying01/lfy/btwm-7.7/runs/btwm_dmc_walker_walk_seed1_w002_b11_1m/metrics.jsonl
Writing metrics: /home/zhangpeiying01/lfy/btwm-7.7/runs/btwm_dmc_walker_walk_seed1_w002_b11_1m/scores.jsonl

--------------------[Agent Step 846_288]--------------------
Metrics filtered by: 'score|length|fps|ratio|train/loss/|train/acc/|train/inv/|train/rand/'
train/acc/inv 0.54 / train/inv/ce 1.56 / train/inv/confidence 0.25 / train/inv/confidence_gating 0 / train/inv/effective_rep_weight 0.02 / train/inv/head_objective 0.65 / train/inv/head_weight 0 / train/inv/objective 0.65 / train/inv/policy_weight_max 1 / train/inv/policy_weight_mean 1 / train/inv/policy_weight_min 1 / train/inv/policy_weight_std 0 / train/inv/valid_frac 1 / train/inv/weight 0.02 / train/loss/con 0.02 / train/loss/dyn 2.86 / train/loss/image 1.65 / train/loss/inv 0.01 / train/loss/policy -8.3e-3 / train/loss/rep 2.86 / train/loss/repval 0.74 / train/loss/rew 0.65 / train/loss/value 0.72 / replay/replay_ratio 264 / fps/policy 10.23 / fps/train 2619.35

Writing metrics: /home/zhangpeiying01/lfy/btwm-7.7/runs/btwm_dmc_walker_walk_seed1_w002_b11_1m/scores.jsonl
Writing metrics: /home/zhangpeiying01/lfy/btwm-7.7/runs/btwm_dmc_walker_walk_seed1_w002_b11_1m/metrics.jsonl

--------------------[Agent Step 847_520]--------------------
Metrics filtered by: 'score|length|fps|ratio|train/loss/|train/acc/|train/inv/|train/rand/'
train/acc/inv 0.54 / train/inv/ce 1.56 / train/inv/confidence 0.25 / train/inv/confidence_gating 0 / train/inv/effective_rep_weight 0.02 / train/inv/head_objective 0.65 / train/inv/head_weight 0 / train/inv/objective 0.65 / train/inv/policy_weight_max 1 / train/inv/policy_weight_mean 1 / train/inv/policy_weight_min 1 / train/inv/policy_weight_std 0 / train/inv/valid_frac 1 / train/inv/weight 0.02 / train/loss/con 0.02 / train/loss/dyn 2.89 / train/loss/image 1.65 / train/loss/inv 0.01 / train/loss/policy -9.7e-3 / train/loss/rep 2.89 / train/loss/repval 0.75 / train/loss/rew 0.64 / train/loss/value 0.72 / replay/replay_ratio 264 / fps/policy 10.21 / fps/train 2614.4

Writing metrics: /home/zhangpeiying01/lfy/btwm-7.7/runs/btwm_dmc_walker_walk_seed1_w002_b11_1m/metrics.jsonl
Writing metrics: /home/zhangpeiying01/lfy/btwm-7.7/runs/btwm_dmc_walker_walk_seed1_w002_b11_1m/scores.jsonl

--------------------[Agent Step 848_752]--------------------
Metrics filtered by: 'score|length|fps|ratio|train/loss/|train/acc/|train/inv/|train/rand/'
train/acc/inv 0.54 / train/inv/ce 1.56 / train/inv/confidence 0.25 / train/inv/confidence_gating 0 / train/inv/effective_rep_weight 0.02 / train/inv/head_objective 0.65 / train/inv/head_weight 0 / train/inv/objective 0.65 / train/inv/policy_weight_max 1 / train/inv/policy_weight_mean 1 / train/inv/policy_weight_min 1 / train/inv/policy_weight_std 0 / train/inv/valid_frac 1 / train/inv/weight 0.02 / train/loss/con 0.02 / train/loss/dyn 2.8 / train/loss/image 1.64 / train/loss/inv 0.01 / train/loss/policy -3.5e-3 / train/loss/rep 2.8 / train/loss/repval 0.74 / train/loss/rew 0.65 / train/loss/value 0.72 / replay/replay_ratio 264 / fps/policy 10.21 / fps/train 2613.12

Writing metrics: /home/zhangpeiying01/lfy/btwm-7.7/runs/btwm_dmc_walker_walk_seed1_w002_b11_1m/scores.jsonl
Writing metrics: /home/zhangpeiying01/lfy/btwm-7.7/runs/btwm_dmc_walker_walk_seed1_w002_b11_1m/metrics.jsonl

--------------------[Agent Step 849_984]--------------------
Metrics filtered by: 'score|length|fps|ratio|train/loss/|train/acc/|train/inv/|train/rand/'
episode/score 944.34 / episode/length 1001 / train/acc/inv 0.54 / train/inv/ce 1.56 / train/inv/confidence 0.25 / train/inv/confidence_gating 0 / train/inv/effective_rep_weight 0.02 / train/inv/head_objective 0.65 / train/inv/head_weight 0 / train/inv/objective 0.65 / train/inv/policy_weight_max 1 / train/inv/policy_weight_mean 1 / train/inv/policy_weight_min 1 / train/inv/policy_weight_std 0 / train/inv/valid_frac 1 / train/inv/weight 0.02 / train/loss/con 0.02 / train/loss/dyn 3 / train/loss/image 1.72 / train/loss/inv 0.01 / train/loss/policy -7.9e-3 / train/loss/rep 3 / train/loss/repval 0.74 / train/loss/rew 0.65 / train/loss/value 0.72 / replay/replay_ratio 264 / fps/policy 10.22 / fps/train 2616.31

Writing metrics: /home/zhangpeiying01/lfy/btwm-7.7/runs/btwm_dmc_walker_walk_seed1_w002_b11_1m/metrics.jsonl
Writing metrics: /home/zhangpeiying01/lfy/btwm-7.7/runs/btwm_dmc_walker_walk_seed1_w002_b11_1m/scores.jsonl

--------------------[Agent Step 851_216]--------------------
Metrics filtered by: 'score|length|fps|ratio|train/loss/|train/acc/|train/inv/|train/rand/'
train/acc/inv 0.54 / train/inv/ce 1.56 / train/inv/confidence 0.25 / train/inv/confidence_gating 0 / train/inv/effective_rep_weight 0.02 / train/inv/head_objective 0.65 / train/inv/head_weight 0 / train/inv/objective 0.65 / train/inv/policy_weight_max 1 / train/inv/policy_weight_mean 1 / train/inv/policy_weight_min 1 / train/inv/policy_weight_std 0 / train/inv/valid_frac 1 / train/inv/weight 0.02 / train/loss/con 0.02 / train/loss/dyn 3.01 / train/loss/image 1.73 / train/loss/inv 0.01 / train/loss/policy -7.9e-3 / train/loss/rep 3.01 / train/loss/repval 0.74 / train/loss/rew 0.65 / train/loss/value 0.72 / replay/replay_ratio 264 / fps/policy 10.21 / fps/train 2613.94

Writing metrics: /home/zhangpeiying01/lfy/btwm-7.7/runs/btwm_dmc_walker_walk_seed1_w002_b11_1m/metrics.jsonl
Writing metrics: /home/zhangpeiying01/lfy/btwm-7.7/runs/btwm_dmc_walker_walk_seed1_w002_b11_1m/scores.jsonl

--------------------[Agent Step 852_448]--------------------
Metrics filtered by: 'score|length|fps|ratio|train/loss/|train/acc/|train/inv/|train/rand/'
train/acc/inv 0.54 / train/inv/ce 1.56 / train/inv/confidence 0.25 / train/inv/confidence_gating 0 / train/inv/effective_rep_weight 0.02 / train/inv/head_objective 0.65 / train/inv/head_weight 0 / train/inv/objective 0.65 / train/inv/policy_weight_max 1 / train/inv/policy_weight_mean 1 / train/inv/policy_weight_min 1 / train/inv/policy_weight_std 0 / train/inv/valid_frac 1 / train/inv/weight 0.02 / train/loss/con 0.02 / train/loss/dyn 2.96 / train/loss/image 1.7 / train/loss/inv 0.01 / train/loss/policy -9e-3 / train/loss/rep 2.96 / train/loss/repval 0.75 / train/loss/rew 0.65 / train/loss/value 0.72 / replay/replay_ratio 264 / fps/policy 10.23 / fps/train 2619.52

Writing metrics: /home/zhangpeiying01/lfy/btwm-7.7/runs/btwm_dmc_walker_walk_seed1_w002_b11_1m/metrics.jsonl
Writing metrics: /home/zhangpeiying01/lfy/btwm-7.7/runs/btwm_dmc_walker_walk_seed1_w002_b11_1m/scores.jsonl

--------------------[Agent Step 853_680]--------------------
Metrics filtered by: 'score|length|fps|ratio|train/loss/|train/acc/|train/inv/|train/rand/'
train/acc/inv 0.54 / train/inv/ce 1.56 / train/inv/confidence 0.25 / train/inv/confidence_gating 0 / train/inv/effective_rep_weight 0.02 / train/inv/head_objective 0.65 / train/inv/head_weight 0 / train/inv/objective 0.65 / train/inv/policy_weight_max 1 / train/inv/policy_weight_mean 1 / train/inv/policy_weight_min 1 / train/inv/policy_weight_std 0 / train/inv/valid_frac 1 / train/inv/weight 0.02 / train/loss/con 0.02 / train/loss/dyn 2.88 / train/loss/image 1.67 / train/loss/inv 0.01 / train/loss/policy -6.2e-3 / train/loss/rep 2.88 / train/loss/repval 0.74 / train/loss/rew 0.64 / train/loss/value 0.72 / replay/replay_ratio 264 / fps/policy 10.19 / fps/train 2609.1

Writing metrics: /home/zhangpeiying01/lfy/btwm-7.7/runs/btwm_dmc_walker_walk_seed1_w002_b11_1m/metrics.jsonl
Writing metrics: /home/zhangpeiying01/lfy/btwm-7.7/runs/btwm_dmc_walker_walk_seed1_w002_b11_1m/scores.jsonl
Saving checkpoint: /home/zhangpeiying01/lfy/btwm-7.7/runs/btwm_dmc_walker_walk_seed1_w002_b11_1m/ckpt/20260716T134708F513507
Saved checkpoint.

--------------------[Agent Step 854_864]--------------------
Metrics filtered by: 'score|length|fps|ratio|train/loss/|train/acc/|train/inv/|train/rand/'
train/acc/inv 0.54 / train/inv/ce 1.56 / train/inv/confidence 0.25 / train/inv/confidence_gating 0 / train/inv/effective_rep_weight 0.02 / train/inv/head_objective 0.65 / train/inv/head_weight 0 / train/inv/objective 0.65 / train/inv/policy_weight_max 1 / train/inv/policy_weight_mean 1 / train/inv/policy_weight_min 1 / train/inv/policy_weight_std 0 / train/inv/valid_frac 1 / train/inv/weight 0.02 / train/loss/con 0.02 / train/loss/dyn 2.9 / train/loss/image 1.67 / train/loss/inv 0.01 / train/loss/policy -0.01 / train/loss/rep 2.9 / train/loss/repval 0.75 / train/loss/rew 0.64 / train/loss/value 0.72 / replay/replay_ratio 264 / fps/policy 9.84 / fps/train 2520.07

Writing metrics: /home/zhangpeiying01/lfy/btwm-7.7/runs/btwm_dmc_walker_walk_seed1_w002_b11_1m/scores.jsonl
Writing metrics: /home/zhangpeiying01/lfy/btwm-7.7/runs/btwm_dmc_walker_walk_seed1_w002_b11_1m/metrics.jsonl

--------------------[Agent Step 856_096]--------------------
Metrics filtered by: 'score|length|fps|ratio|train/loss/|train/acc/|train/inv/|train/rand/'
train/acc/inv 0.54 / train/inv/ce 1.57 / train/inv/confidence 0.25 / train/inv/confidence_gating 0 / train/inv/effective_rep_weight 0.02 / train/inv/head_objective 0.65 / train/inv/head_weight 0 / train/inv/objective 0.65 / train/inv/policy_weight_max 1 / train/inv/policy_weight_mean 1 / train/inv/policy_weight_min 1 / train/inv/policy_weight_std 0 / train/inv/valid_frac 1 / train/inv/weight 0.02 / train/loss/con 0.02 / train/loss/dyn 2.93 / train/loss/image 1.66 / train/loss/inv 0.01 / train/loss/policy -6.8e-3 / train/loss/rep 2.93 / train/loss/repval 0.75 / train/loss/rew 0.65 / train/loss/value 0.72 / replay/replay_ratio 264 / fps/policy 10.2 / fps/train 2611.62

Writing metrics: /home/zhangpeiying01/lfy/btwm-7.7/runs/btwm_dmc_walker_walk_seed1_w002_b11_1m/scores.jsonl
Writing metrics: /home/zhangpeiying01/lfy/btwm-7.7/runs/btwm_dmc_walker_walk_seed1_w002_b11_1m/metrics.jsonl

--------------------[Agent Step 857_328]--------------------
Metrics filtered by: 'score|length|fps|ratio|train/loss/|train/acc/|train/inv/|train/rand/'
train/acc/inv 0.54 / train/inv/ce 1.56 / train/inv/confidence 0.25 / train/inv/confidence_gating 0 / train/inv/effective_rep_weight 0.02 / train/inv/head_objective 0.65 / train/inv/head_weight 0 / train/inv/objective 0.65 / train/inv/policy_weight_max 1 / train/inv/policy_weight_mean 1 / train/inv/policy_weight_min 1 / train/inv/policy_weight_std 0 / train/inv/valid_frac 1 / train/inv/weight 0.02 / train/loss/con 0.02 / train/loss/dyn 3.02 / train/loss/image 1.67 / train/loss/inv 0.01 / train/loss/policy -0.01 / train/loss/rep 3.02 / train/loss/repval 0.75 / train/loss/rew 0.64 / train/loss/value 0.72 / replay/replay_ratio 264 / fps/policy 10.21 / fps/train 2614.37

Writing metrics: /home/zhangpeiying01/lfy/btwm-7.7/runs/btwm_dmc_walker_walk_seed1_w002_b11_1m/metrics.jsonl
Writing metrics: /home/zhangpeiying01/lfy/btwm-7.7/runs/btwm_dmc_walker_walk_seed1_w002_b11_1m/scores.jsonl

--------------------[Agent Step 858_560]--------------------
Metrics filtered by: 'score|length|fps|ratio|train/loss/|train/acc/|train/inv/|train/rand/'
train/acc/inv 0.54 / train/inv/ce 1.56 / train/inv/confidence 0.25 / train/inv/confidence_gating 0 / train/inv/effective_rep_weight 0.02 / train/inv/head_objective 0.65 / train/inv/head_weight 0 / train/inv/objective 0.65 / train/inv/policy_weight_max 1 / train/inv/policy_weight_mean 1 / train/inv/policy_weight_min 1 / train/inv/policy_weight_std 0 / train/inv/valid_frac 1 / train/inv/weight 0.02 / train/loss/con 0.02 / train/loss/dyn 2.88 / train/loss/image 1.65 / train/loss/inv 0.01 / train/loss/policy -8.7e-3 / train/loss/rep 2.88 / train/loss/repval 0.74 / train/loss/rew 0.65 / train/loss/value 0.72 / replay/replay_ratio 264 / fps/policy 10.22 / fps/train 2615.54

Writing metrics: /home/zhangpeiying01/lfy/btwm-7.7/runs/btwm_dmc_walker_walk_seed1_w002_b11_1m/metrics.jsonl
Writing metrics: /home/zhangpeiying01/lfy/btwm-7.7/runs/btwm_dmc_walker_walk_seed1_w002_b11_1m/scores.jsonl

--------------------[Agent Step 859_792]--------------------
Metrics filtered by: 'score|length|fps|ratio|train/loss/|train/acc/|train/inv/|train/rand/'
train/acc/inv 0.54 / train/inv/ce 1.56 / train/inv/confidence 0.25 / train/inv/confidence_gating 0 / train/inv/effective_rep_weight 0.02 / train/inv/head_objective 0.65 / train/inv/head_weight 0 / train/inv/objective 0.65 / train/inv/policy_weight_max 1 / train/inv/policy_weight_mean 1 / train/inv/policy_weight_min 1 / train/inv/policy_weight_std 0 / train/inv/valid_frac 1 / train/inv/weight 0.02 / train/loss/con 0.02 / train/loss/dyn 3 / train/loss/image 1.65 / train/loss/inv 0.01 / train/loss/policy -7.8e-3 / train/loss/rep 3 / train/loss/repval 0.75 / train/loss/rew 0.65 / train/loss/value 0.72 / replay/replay_ratio 264 / fps/policy 10.22 / fps/train 2615.93

Writing metrics: /home/zhangpeiying01/lfy/btwm-7.7/runs/btwm_dmc_walker_walk_seed1_w002_b11_1m/metrics.jsonl
Writing metrics: /home/zhangpeiying01/lfy/btwm-7.7/runs/btwm_dmc_walker_walk_seed1_w002_b11_1m/scores.jsonl

--------------------[Agent Step 861_024]--------------------
Metrics filtered by: 'score|length|fps|ratio|train/loss/|train/acc/|train/inv/|train/rand/'
train/acc/inv 0.54 / train/inv/ce 1.55 / train/inv/confidence 0.25 / train/inv/confidence_gating 0 / train/inv/effective_rep_weight 0.02 / train/inv/head_objective 0.65 / train/inv/head_weight 0 / train/inv/objective 0.65 / train/inv/policy_weight_max 1 / train/inv/policy_weight_mean 1 / train/inv/policy_weight_min 1 / train/inv/policy_weight_std 0 / train/inv/valid_frac 1 / train/inv/weight 0.02 / train/loss/con 0.02 / train/loss/dyn 2.8 / train/loss/image 1.65 / train/loss/inv 0.01 / train/loss/policy -9.2e-3 / train/loss/rep 2.8 / train/loss/repval 0.74 / train/loss/rew 0.64 / train/loss/value 0.72 / replay/replay_ratio 264 / fps/policy 10.22 / fps/train 2615.84

Writing metrics: /home/zhangpeiying01/lfy/btwm-7.7/runs/btwm_dmc_walker_walk_seed1_w002_b11_1m/metrics.jsonl
Writing metrics: /home/zhangpeiying01/lfy/btwm-7.7/runs/btwm_dmc_walker_walk_seed1_w002_b11_1m/scores.jsonl

--------------------[Agent Step 862_256]--------------------
Metrics filtered by: 'score|length|fps|ratio|train/loss/|train/acc/|train/inv/|train/rand/'
train/acc/inv 0.54 / train/inv/ce 1.56 / train/inv/confidence 0.25 / train/inv/confidence_gating 0 / train/inv/effective_rep_weight 0.02 / train/inv/head_objective 0.65 / train/inv/head_weight 0 / train/inv/objective 0.65 / train/inv/policy_weight_max 1 / train/inv/policy_weight_mean 1 / train/inv/policy_weight_min 1 / train/inv/policy_weight_std 0 / train/inv/valid_frac 1 / train/inv/weight 0.02 / train/loss/con 0.02 / train/loss/dyn 2.94 / train/loss/image 1.65 / train/loss/inv 0.01 / train/loss/policy -9.1e-3 / train/loss/rep 2.94 / train/loss/repval 0.74 / train/loss/rew 0.65 / train/loss/value 0.72 / replay/replay_ratio 264 / fps/policy 10.23 / fps/train 2618.32

Writing metrics: /home/zhangpeiying01/lfy/btwm-7.7/runs/btwm_dmc_walker_walk_seed1_w002_b11_1m/metrics.jsonl
Writing metrics: /home/zhangpeiying01/lfy/btwm-7.7/runs/btwm_dmc_walker_walk_seed1_w002_b11_1m/scores.jsonl

--------------------[Agent Step 863_488]--------------------
Metrics filtered by: 'score|length|fps|ratio|train/loss/|train/acc/|train/inv/|train/rand/'
train/acc/inv 0.54 / train/inv/ce 1.56 / train/inv/confidence 0.25 / train/inv/confidence_gating 0 / train/inv/effective_rep_weight 0.02 / train/inv/head_objective 0.65 / train/inv/head_weight 0 / train/inv/objective 0.65 / train/inv/policy_weight_max 1 / train/inv/policy_weight_mean 1 / train/inv/policy_weight_min 1 / train/inv/policy_weight_std 0 / train/inv/valid_frac 1 / train/inv/weight 0.02 / train/loss/con 0.02 / train/loss/dyn 2.74 / train/loss/image 1.63 / train/loss/inv 0.01 / train/loss/policy -6e-3 / train/loss/rep 2.74 / train/loss/repval 0.74 / train/loss/rew 0.65 / train/loss/value 0.72 / replay/replay_ratio 264 / fps/policy 10.23 / fps/train 2618.48

Writing metrics: /home/zhangpeiying01/lfy/btwm-7.7/runs/btwm_dmc_walker_walk_seed1_w002_b11_1m/metrics.jsonl
Writing metrics: /home/zhangpeiying01/lfy/btwm-7.7/runs/btwm_dmc_walker_walk_seed1_w002_b11_1m/scores.jsonl

--------------------[Agent Step 864_720]--------------------
Metrics filtered by: 'score|length|fps|ratio|train/loss/|train/acc/|train/inv/|train/rand/'
train/acc/inv 0.54 / train/inv/ce 1.55 / train/inv/confidence 0.25 / train/inv/confidence_gating 0 / train/inv/effective_rep_weight 0.02 / train/inv/head_objective 0.65 / train/inv/head_weight 0 / train/inv/objective 0.65 / train/inv/policy_weight_max 1 / train/inv/policy_weight_mean 1 / train/inv/policy_weight_min 1 / train/inv/policy_weight_std 0 / train/inv/valid_frac 1 / train/inv/weight 0.02 / train/loss/con 0.02 / train/loss/dyn 2.93 / train/loss/image 1.64 / train/loss/inv 0.01 / train/loss/policy -9.2e-3 / train/loss/rep 2.93 / train/loss/repval 0.74 / train/loss/rew 0.64 / train/loss/value 0.72 / replay/replay_ratio 264 / fps/policy 10.26 / fps/train 2625.9

Writing metrics: /home/zhangpeiying01/lfy/btwm-7.7/runs/btwm_dmc_walker_walk_seed1_w002_b11_1m/metrics.jsonl
Writing metrics: /home/zhangpeiying01/lfy/btwm-7.7/runs/btwm_dmc_walker_walk_seed1_w002_b11_1m/scores.jsonl

--------------------[Agent Step 865_952]--------------------
Metrics filtered by: 'score|length|fps|ratio|train/loss/|train/acc/|train/inv/|train/rand/'
episode/score 961.93 / episode/length 1001 / train/acc/inv 0.54 / train/inv/ce 1.57 / train/inv/confidence 0.25 / train/inv/confidence_gating 0 / train/inv/effective_rep_weight 0.02 / train/inv/head_objective 0.65 / train/inv/head_weight 0 / train/inv/objective 0.65 / train/inv/policy_weight_max 1 / train/inv/policy_weight_mean 1 / train/inv/policy_weight_min 1 / train/inv/policy_weight_std 0 / train/inv/valid_frac 1 / train/inv/weight 0.02 / train/loss/con 0.02 / train/loss/dyn 2.93 / train/loss/image 1.7 / train/loss/inv 0.01 / train/loss/policy -5.5e-3 / train/loss/rep 2.93 / train/loss/repval 0.74 / train/loss/rew 0.65 / train/loss/value 0.72 / replay/replay_ratio 264 / fps/policy 10.22 / fps/train 2615.87

Writing metrics: /home/zhangpeiying01/lfy/btwm-7.7/runs/btwm_dmc_walker_walk_seed1_w002_b11_1m/metrics.jsonl
Writing metrics: /home/zhangpeiying01/lfy/btwm-7.7/runs/btwm_dmc_walker_walk_seed1_w002_b11_1m/scores.jsonl

--------------------[Agent Step 867_184]--------------------
Metrics filtered by: 'score|length|fps|ratio|train/loss/|train/acc/|train/inv/|train/rand/'
train/acc/inv 0.54 / train/inv/ce 1.56 / train/inv/confidence 0.25 / train/inv/confidence_gating 0 / train/inv/effective_rep_weight 0.02 / train/inv/head_objective 0.65 / train/inv/head_weight 0 / train/inv/objective 0.65 / train/inv/policy_weight_max 1 / train/inv/policy_weight_mean 1 / train/inv/policy_weight_min 1 / train/inv/policy_weight_std 0 / train/inv/valid_frac 1 / train/inv/weight 0.02 / train/loss/con 0.02 / train/loss/dyn 2.83 / train/loss/image 1.68 / train/loss/inv 0.01 / train/loss/policy -7.8e-3 / train/loss/rep 2.83 / train/loss/repval 0.74 / train/loss/rew 0.65 / train/loss/value 0.71 / replay/replay_ratio 264 / fps/policy 10.22 / fps/train 2617.29

Writing metrics: /home/zhangpeiying01/lfy/btwm-7.7/runs/btwm_dmc_walker_walk_seed1_w002_b11_1m/metrics.jsonl
Writing metrics: /home/zhangpeiying01/lfy/btwm-7.7/runs/btwm_dmc_walker_walk_seed1_w002_b11_1m/scores.jsonl

--------------------[Agent Step 868_416]--------------------
Metrics filtered by: 'score|length|fps|ratio|train/loss/|train/acc/|train/inv/|train/rand/'
train/acc/inv 0.54 / train/inv/ce 1.56 / train/inv/confidence 0.25 / train/inv/confidence_gating 0 / train/inv/effective_rep_weight 0.02 / train/inv/head_objective 0.65 / train/inv/head_weight 0 / train/inv/objective 0.65 / train/inv/policy_weight_max 1 / train/inv/policy_weight_mean 1 / train/inv/policy_weight_min 1 / train/inv/policy_weight_std 0 / train/inv/valid_frac 1 / train/inv/weight 0.02 / train/loss/con 0.02 / train/loss/dyn 2.84 / train/loss/image 1.68 / train/loss/inv 0.01 / train/loss/policy -0.01 / train/loss/rep 2.84 / train/loss/repval 0.74 / train/loss/rew 0.64 / train/loss/value 0.72 / replay/replay_ratio 264 / fps/policy 10.21 / fps/train 2613.58

Writing metrics: /home/zhangpeiying01/lfy/btwm-7.7/runs/btwm_dmc_walker_walk_seed1_w002_b11_1m/metrics.jsonl
Writing metrics: /home/zhangpeiying01/lfy/btwm-7.7/runs/btwm_dmc_walker_walk_seed1_w002_b11_1m/scores.jsonl

--------------------[Agent Step 869_648]--------------------
Metrics filtered by: 'score|length|fps|ratio|train/loss/|train/acc/|train/inv/|train/rand/'
train/acc/inv 0.54 / train/inv/ce 1.56 / train/inv/confidence 0.25 / train/inv/confidence_gating 0 / train/inv/effective_rep_weight 0.02 / train/inv/head_objective 0.65 / train/inv/head_weight 0 / train/inv/objective 0.65 / train/inv/policy_weight_max 1 / train/inv/policy_weight_mean 1 / train/inv/policy_weight_min 1 / train/inv/policy_weight_std 0 / train/inv/valid_frac 1 / train/inv/weight 0.02 / train/loss/con 0.02 / train/loss/dyn 3 / train/loss/image 1.67 / train/loss/inv 0.01 / train/loss/policy -9.9e-3 / train/loss/rep 3 / train/loss/repval 0.75 / train/loss/rew 0.65 / train/loss/value 0.72 / replay/replay_ratio 264 / fps/policy 10.19 / fps/train 2607.77

Writing metrics: /home/zhangpeiying01/lfy/btwm-7.7/runs/btwm_dmc_walker_walk_seed1_w002_b11_1m/scores.jsonl
Writing metrics: /home/zhangpeiying01/lfy/btwm-7.7/runs/btwm_dmc_walker_walk_seed1_w002_b11_1m/metrics.jsonl

--------------------[Agent Step 870_880]--------------------
Metrics filtered by: 'score|length|fps|ratio|train/loss/|train/acc/|train/inv/|train/rand/'
train/acc/inv 0.54 / train/inv/ce 1.56 / train/inv/confidence 0.25 / train/inv/confidence_gating 0 / train/inv/effective_rep_weight 0.02 / train/inv/head_objective 0.65 / train/inv/head_weight 0 / train/inv/objective 0.65 / train/inv/policy_weight_max 1 / train/inv/policy_weight_mean 1 / train/inv/policy_weight_min 1 / train/inv/policy_weight_std 0 / train/inv/valid_frac 1 / train/inv/weight 0.02 / train/loss/con 0.02 / train/loss/dyn 3.17 / train/loss/image 1.68 / train/loss/inv 0.01 / train/loss/policy -0.01 / train/loss/rep 3.17 / train/loss/repval 0.75 / train/loss/rew 0.64 / train/loss/value 0.72 / replay/replay_ratio 264 / fps/policy 10.22 / fps/train 2616.47

Writing metrics: /home/zhangpeiying01/lfy/btwm-7.7/runs/btwm_dmc_walker_walk_seed1_w002_b11_1m/metrics.jsonl
Writing metrics: /home/zhangpeiying01/lfy/btwm-7.7/runs/btwm_dmc_walker_walk_seed1_w002_b11_1m/scores.jsonl

--------------------[Agent Step 872_112]--------------------
Metrics filtered by: 'score|length|fps|ratio|train/loss/|train/acc/|train/inv/|train/rand/'
train/acc/inv 0.54 / train/inv/ce 1.56 / train/inv/confidence 0.25 / train/inv/confidence_gating 0 / train/inv/effective_rep_weight 0.02 / train/inv/head_objective 0.65 / train/inv/head_weight 0 / train/inv/objective 0.65 / train/inv/policy_weight_max 1 / train/inv/policy_weight_mean 1 / train/inv/policy_weight_min 1 / train/inv/policy_weight_std 0 / train/inv/valid_frac 1 / train/inv/weight 0.02 / train/loss/con 0.02 / train/loss/dyn 2.96 / train/loss/image 1.66 / train/loss/inv 0.01 / train/loss/policy -0.01 / train/loss/rep 2.96 / train/loss/repval 0.75 / train/loss/rew 0.64 / train/loss/value 0.73 / replay/replay_ratio 264 / fps/policy 10.2 / fps/train 2610.77

Writing metrics: /home/zhangpeiying01/lfy/btwm-7.7/runs/btwm_dmc_walker_walk_seed1_w002_b11_1m/metrics.jsonl
Writing metrics: /home/zhangpeiying01/lfy/btwm-7.7/runs/btwm_dmc_walker_walk_seed1_w002_b11_1m/scores.jsonl

--------------------[Agent Step 873_344]--------------------
Metrics filtered by: 'score|length|fps|ratio|train/loss/|train/acc/|train/inv/|train/rand/'
train/acc/inv 0.54 / train/inv/ce 1.56 / train/inv/confidence 0.25 / train/inv/confidence_gating 0 / train/inv/effective_rep_weight 0.02 / train/inv/head_objective 0.65 / train/inv/head_weight 0 / train/inv/objective 0.65 / train/inv/policy_weight_max 1 / train/inv/policy_weight_mean 1 / train/inv/policy_weight_min 1 / train/inv/policy_weight_std 0 / train/inv/valid_frac 1 / train/inv/weight 0.02 / train/loss/con 0.02 / train/loss/dyn 2.92 / train/loss/image 1.65 / train/loss/inv 0.01 / train/loss/policy -0.01 / train/loss/rep 2.92 / train/loss/repval 0.75 / train/loss/rew 0.64 / train/loss/value 0.72 / replay/replay_ratio 264 / fps/policy 10.22 / fps/train 2615.73

Writing metrics: /home/zhangpeiying01/lfy/btwm-7.7/runs/btwm_dmc_walker_walk_seed1_w002_b11_1m/metrics.jsonl
Writing metrics: /home/zhangpeiying01/lfy/btwm-7.7/runs/btwm_dmc_walker_walk_seed1_w002_b11_1m/scores.jsonl

--------------------[Agent Step 874_576]--------------------
Metrics filtered by: 'score|length|fps|ratio|train/loss/|train/acc/|train/inv/|train/rand/'
train/acc/inv 0.54 / train/inv/ce 1.55 / train/inv/confidence 0.25 / train/inv/confidence_gating 0 / train/inv/effective_rep_weight 0.02 / train/inv/head_objective 0.65 / train/inv/head_weight 0 / train/inv/objective 0.65 / train/inv/policy_weight_max 1 / train/inv/policy_weight_mean 1 / train/inv/policy_weight_min 1 / train/inv/policy_weight_std 0 / train/inv/valid_frac 1 / train/inv/weight 0.02 / train/loss/con 0.02 / train/loss/dyn 3.07 / train/loss/image 1.67 / train/loss/inv 0.01 / train/loss/policy -9.2e-3 / train/loss/rep 3.07 / train/loss/repval 0.75 / train/loss/rew 0.64 / train/loss/value 0.73 / replay/replay_ratio 264 / fps/policy 10.21 / fps/train 2613.31

Writing metrics: /home/zhangpeiying01/lfy/btwm-7.7/runs/btwm_dmc_walker_walk_seed1_w002_b11_1m/metrics.jsonl
Writing metrics: /home/zhangpeiying01/lfy/btwm-7.7/runs/btwm_dmc_walker_walk_seed1_w002_b11_1m/scores.jsonl

--------------------[Agent Step 875_808]--------------------
Metrics filtered by: 'score|length|fps|ratio|train/loss/|train/acc/|train/inv/|train/rand/'
train/acc/inv 0.54 / train/inv/ce 1.58 / train/inv/confidence 0.24 / train/inv/confidence_gating 0 / train/inv/effective_rep_weight 0.02 / train/inv/head_objective 0.66 / train/inv/head_weight 0 / train/inv/objective 0.66 / train/inv/policy_weight_max 1 / train/inv/policy_weight_mean 1 / train/inv/policy_weight_min 1 / train/inv/policy_weight_std 0 / train/inv/valid_frac 1 / train/inv/weight 0.02 / train/loss/con 0.02 / train/loss/dyn 3.79 / train/loss/image 1.72 / train/loss/inv 0.01 / train/loss/policy -7.8e-3 / train/loss/rep 3.79 / train/loss/repval 0.75 / train/loss/rew 0.64 / train/loss/value 0.72 / replay/replay_ratio 264 / fps/policy 10.21 / fps/train 2613.13

Writing metrics: /home/zhangpeiying01/lfy/btwm-7.7/runs/btwm_dmc_walker_walk_seed1_w002_b11_1m/metrics.jsonl
Writing metrics: /home/zhangpeiying01/lfy/btwm-7.7/runs/btwm_dmc_walker_walk_seed1_w002_b11_1m/scores.jsonl

--------------------[Agent Step 877_040]--------------------
Metrics filtered by: 'score|length|fps|ratio|train/loss/|train/acc/|train/inv/|train/rand/'
train/acc/inv 0.54 / train/inv/ce 1.56 / train/inv/confidence 0.25 / train/inv/confidence_gating 0 / train/inv/effective_rep_weight 0.02 / train/inv/head_objective 0.65 / train/inv/head_weight 0 / train/inv/objective 0.65 / train/inv/policy_weight_max 1 / train/inv/policy_weight_mean 1 / train/inv/policy_weight_min 1 / train/inv/policy_weight_std 0 / train/inv/valid_frac 1 / train/inv/weight 0.02 / train/loss/con 0.02 / train/loss/dyn 2.64 / train/loss/image 1.63 / train/loss/inv 0.01 / train/loss/policy -9e-3 / train/loss/rep 2.64 / train/loss/repval 0.75 / train/loss/rew 0.64 / train/loss/value 0.72 / replay/replay_ratio 264 / fps/policy 10.21 / fps/train 2613.83

Writing metrics: /home/zhangpeiying01/lfy/btwm-7.7/runs/btwm_dmc_walker_walk_seed1_w002_b11_1m/metrics.jsonl
Writing metrics: /home/zhangpeiying01/lfy/btwm-7.7/runs/btwm_dmc_walker_walk_seed1_w002_b11_1m/scores.jsonl

--------------------[Agent Step 878_272]--------------------
Metrics filtered by: 'score|length|fps|ratio|train/loss/|train/acc/|train/inv/|train/rand/'
train/acc/inv 0.54 / train/inv/ce 1.56 / train/inv/confidence 0.25 / train/inv/confidence_gating 0 / train/inv/effective_rep_weight 0.02 / train/inv/head_objective 0.65 / train/inv/head_weight 0 / train/inv/objective 0.65 / train/inv/policy_weight_max 1 / train/inv/policy_weight_mean 1 / train/inv/policy_weight_min 1 / train/inv/policy_weight_std 0 / train/inv/valid_frac 1 / train/inv/weight 0.02 / train/loss/con 0.02 / train/loss/dyn 2.88 / train/loss/image 1.63 / train/loss/inv 0.01 / train/loss/policy -8.2e-3 / train/loss/rep 2.88 / train/loss/repval 0.75 / train/loss/rew 0.65 / train/loss/value 0.72 / replay/replay_ratio 264 / fps/policy 10.23 / fps/train 2619.79

Writing metrics: /home/zhangpeiying01/lfy/btwm-7.7/runs/btwm_dmc_walker_walk_seed1_w002_b11_1m/metrics.jsonl
Writing metrics: /home/zhangpeiying01/lfy/btwm-7.7/runs/btwm_dmc_walker_walk_seed1_w002_b11_1m/scores.jsonl

--------------------[Agent Step 879_504]--------------------
Metrics filtered by: 'score|length|fps|ratio|train/loss/|train/acc/|train/inv/|train/rand/'
train/acc/inv 0.54 / train/inv/ce 1.56 / train/inv/confidence 0.25 / train/inv/confidence_gating 0 / train/inv/effective_rep_weight 0.02 / train/inv/head_objective 0.65 / train/inv/head_weight 0 / train/inv/objective 0.65 / train/inv/policy_weight_max 1 / train/inv/policy_weight_mean 1 / train/inv/policy_weight_min 1 / train/inv/policy_weight_std 0 / train/inv/valid_frac 1 / train/inv/weight 0.02 / train/loss/con 0.02 / train/loss/dyn 2.64 / train/loss/image 1.6 / train/loss/inv 0.01 / train/loss/policy -6.1e-3 / train/loss/rep 2.64 / train/loss/repval 0.75 / train/loss/rew 0.65 / train/loss/value 0.72 / replay/replay_ratio 264 / fps/policy 10.2 / fps/train 2610.95

Writing metrics: /home/zhangpeiying01/lfy/btwm-7.7/runs/btwm_dmc_walker_walk_seed1_w002_b11_1m/metrics.jsonl
Writing metrics: /home/zhangpeiying01/lfy/btwm-7.7/runs/btwm_dmc_walker_walk_seed1_w002_b11_1m/scores.jsonl

--------------------[Agent Step 880_736]--------------------
Metrics filtered by: 'score|length|fps|ratio|train/loss/|train/acc/|train/inv/|train/rand/'
train/acc/inv 0.54 / train/inv/ce 1.56 / train/inv/confidence 0.25 / train/inv/confidence_gating 0 / train/inv/effective_rep_weight 0.02 / train/inv/head_objective 0.65 / train/inv/head_weight 0 / train/inv/objective 0.65 / train/inv/policy_weight_max 1 / train/inv/policy_weight_mean 1 / train/inv/policy_weight_min 1 / train/inv/policy_weight_std 0 / train/inv/valid_frac 1 / train/inv/weight 0.02 / train/loss/con 0.02 / train/loss/dyn 3.02 / train/loss/image 1.63 / train/loss/inv 0.01 / train/loss/policy -8.1e-3 / train/loss/rep 3.02 / train/loss/repval 0.74 / train/loss/rew 0.65 / train/loss/value 0.72 / replay/replay_ratio 264 / fps/policy 10.21 / fps/train 2614.68

Writing metrics: /home/zhangpeiying01/lfy/btwm-7.7/runs/btwm_dmc_walker_walk_seed1_w002_b11_1m/metrics.jsonl
Writing metrics: /home/zhangpeiying01/lfy/btwm-7.7/runs/btwm_dmc_walker_walk_seed1_w002_b11_1m/scores.jsonl

--------------------[Agent Step 881_968]--------------------
Metrics filtered by: 'score|length|fps|ratio|train/loss/|train/acc/|train/inv/|train/rand/'
episode/score 953.67 / episode/length 1001 / train/acc/inv 0.54 / train/inv/ce 1.56 / train/inv/confidence 0.25 / train/inv/confidence_gating 0 / train/inv/effective_rep_weight 0.02 / train/inv/head_objective 0.65 / train/inv/head_weight 0 / train/inv/objective 0.65 / train/inv/policy_weight_max 1 / train/inv/policy_weight_mean 1 / train/inv/policy_weight_min 1 / train/inv/policy_weight_std 0 / train/inv/valid_frac 1 / train/inv/weight 0.02 / train/loss/con 0.02 / train/loss/dyn 2.82 / train/loss/image 1.7 / train/loss/inv 0.01 / train/loss/policy -7.2e-3 / train/loss/rep 2.82 / train/loss/repval 0.75 / train/loss/rew 0.65 / train/loss/value 0.72 / replay/replay_ratio 264 / fps/policy 10.21 / fps/train 2613.41

Writing metrics: /home/zhangpeiying01/lfy/btwm-7.7/runs/btwm_dmc_walker_walk_seed1_w002_b11_1m/metrics.jsonl
Writing metrics: /home/zhangpeiying01/lfy/btwm-7.7/runs/btwm_dmc_walker_walk_seed1_w002_b11_1m/scores.jsonl

--------------------[Agent Step 883_200]--------------------
Metrics filtered by: 'score|length|fps|ratio|train/loss/|train/acc/|train/inv/|train/rand/'
train/acc/inv 0.54 / train/inv/ce 1.56 / train/inv/confidence 0.25 / train/inv/confidence_gating 0 / train/inv/effective_rep_weight 0.02 / train/inv/head_objective 0.65 / train/inv/head_weight 0 / train/inv/objective 0.65 / train/inv/policy_weight_max 1 / train/inv/policy_weight_mean 1 / train/inv/policy_weight_min 1 / train/inv/policy_weight_std 0 / train/inv/valid_frac 1 / train/inv/weight 0.02 / train/loss/con 0.02 / train/loss/dyn 2.87 / train/loss/image 1.69 / train/loss/inv 0.01 / train/loss/policy -0.01 / train/loss/rep 2.87 / train/loss/repval 0.75 / train/loss/rew 0.65 / train/loss/value 0.72 / replay/replay_ratio 264 / fps/policy 10.24 / fps/train 2621.32

Writing metrics: /home/zhangpeiying01/lfy/btwm-7.7/runs/btwm_dmc_walker_walk_seed1_w002_b11_1m/scores.jsonl
Writing metrics: /home/zhangpeiying01/lfy/btwm-7.7/runs/btwm_dmc_walker_walk_seed1_w002_b11_1m/metrics.jsonl

--------------------[Agent Step 884_432]--------------------
Metrics filtered by: 'score|length|fps|ratio|train/loss/|train/acc/|train/inv/|train/rand/'
train/acc/inv 0.54 / train/inv/ce 1.56 / train/inv/confidence 0.25 / train/inv/confidence_gating 0 / train/inv/effective_rep_weight 0.02 / train/inv/head_objective 0.65 / train/inv/head_weight 0 / train/inv/objective 0.65 / train/inv/policy_weight_max 1 / train/inv/policy_weight_mean 1 / train/inv/policy_weight_min 1 / train/inv/policy_weight_std 0 / train/inv/valid_frac 1 / train/inv/weight 0.02 / train/loss/con 0.02 / train/loss/dyn 3.03 / train/loss/image 1.7 / train/loss/inv 0.01 / train/loss/policy -7.3e-3 / train/loss/rep 3.03 / train/loss/repval 0.74 / train/loss/rew 0.64 / train/loss/value 0.72 / replay/replay_ratio 264 / fps/policy 10.23 / fps/train 2617.7

Writing metrics: /home/zhangpeiying01/lfy/btwm-7.7/runs/btwm_dmc_walker_walk_seed1_w002_b11_1m/scores.jsonl
Writing metrics: /home/zhangpeiying01/lfy/btwm-7.7/runs/btwm_dmc_walker_walk_seed1_w002_b11_1m/metrics.jsonl

--------------------[Agent Step 885_664]--------------------
Metrics filtered by: 'score|length|fps|ratio|train/loss/|train/acc/|train/inv/|train/rand/'
train/acc/inv 0.54 / train/inv/ce 1.56 / train/inv/confidence 0.25 / train/inv/confidence_gating 0 / train/inv/effective_rep_weight 0.02 / train/inv/head_objective 0.65 / train/inv/head_weight 0 / train/inv/objective 0.65 / train/inv/policy_weight_max 1 / train/inv/policy_weight_mean 1 / train/inv/policy_weight_min 1 / train/inv/policy_weight_std 0 / train/inv/valid_frac 1 / train/inv/weight 0.02 / train/loss/con 0.02 / train/loss/dyn 2.99 / train/loss/image 1.66 / train/loss/inv 0.01 / train/loss/policy -8.2e-3 / train/loss/rep 2.99 / train/loss/repval 0.75 / train/loss/rew 0.64 / train/loss/value 0.72 / replay/replay_ratio 264 / fps/policy 10.21 / fps/train 2612.62

Writing metrics: /home/zhangpeiying01/lfy/btwm-7.7/runs/btwm_dmc_walker_walk_seed1_w002_b11_1m/scores.jsonl
Writing metrics: /home/zhangpeiying01/lfy/btwm-7.7/runs/btwm_dmc_walker_walk_seed1_w002_b11_1m/metrics.jsonl

--------------------[Agent Step 886_896]--------------------
Metrics filtered by: 'score|length|fps|ratio|train/loss/|train/acc/|train/inv/|train/rand/'
train/acc/inv 0.54 / train/inv/ce 1.56 / train/inv/confidence 0.25 / train/inv/confidence_gating 0 / train/inv/effective_rep_weight 0.02 / train/inv/head_objective 0.65 / train/inv/head_weight 0 / train/inv/objective 0.65 / train/inv/policy_weight_max 1 / train/inv/policy_weight_mean 1 / train/inv/policy_weight_min 1 / train/inv/policy_weight_std 0 / train/inv/valid_frac 1 / train/inv/weight 0.02 / train/loss/con 0.02 / train/loss/dyn 3.01 / train/loss/image 1.66 / train/loss/inv 0.01 / train/loss/policy -7.1e-3 / train/loss/rep 3.01 / train/loss/repval 0.74 / train/loss/rew 0.65 / train/loss/value 0.72 / replay/replay_ratio 264 / fps/policy 10.23 / fps/train 2617.76

Writing metrics: /home/zhangpeiying01/lfy/btwm-7.7/runs/btwm_dmc_walker_walk_seed1_w002_b11_1m/metrics.jsonl
Writing metrics: /home/zhangpeiying01/lfy/btwm-7.7/runs/btwm_dmc_walker_walk_seed1_w002_b11_1m/scores.jsonl

--------------------[Agent Step 888_128]--------------------
Metrics filtered by: 'score|length|fps|ratio|train/loss/|train/acc/|train/inv/|train/rand/'
train/acc/inv 0.54 / train/inv/ce 1.55 / train/inv/confidence 0.25 / train/inv/confidence_gating 0 / train/inv/effective_rep_weight 0.02 / train/inv/head_objective 0.65 / train/inv/head_weight 0 / train/inv/objective 0.65 / train/inv/policy_weight_max 1 / train/inv/policy_weight_mean 1 / train/inv/policy_weight_min 1 / train/inv/policy_weight_std 0 / train/inv/valid_frac 1 / train/inv/weight 0.02 / train/loss/con 0.02 / train/loss/dyn 2.94 / train/loss/image 1.66 / train/loss/inv 0.01 / train/loss/policy -8.9e-3 / train/loss/rep 2.94 / train/loss/repval 0.75 / train/loss/rew 0.64 / train/loss/value 0.72 / replay/replay_ratio 264 / fps/policy 10.24 / fps/train 2621.39

Writing metrics: /home/zhangpeiying01/lfy/btwm-7.7/runs/btwm_dmc_walker_walk_seed1_w002_b11_1m/scores.jsonl
Writing metrics: /home/zhangpeiying01/lfy/btwm-7.7/runs/btwm_dmc_walker_walk_seed1_w002_b11_1m/metrics.jsonl

--------------------[Agent Step 889_360]--------------------
Metrics filtered by: 'score|length|fps|ratio|train/loss/|train/acc/|train/inv/|train/rand/'
train/acc/inv 0.54 / train/inv/ce 1.55 / train/inv/confidence 0.25 / train/inv/confidence_gating 0 / train/inv/effective_rep_weight 0.02 / train/inv/head_objective 0.65 / train/inv/head_weight 0 / train/inv/objective 0.65 / train/inv/policy_weight_max 1 / train/inv/policy_weight_mean 1 / train/inv/policy_weight_min 1 / train/inv/policy_weight_std 0 / train/inv/valid_frac 1 / train/inv/weight 0.02 / train/loss/con 0.02 / train/loss/dyn 2.88 / train/loss/image 1.67 / train/loss/inv 0.01 / train/loss/policy -5.1e-3 / train/loss/rep 2.88 / train/loss/repval 0.75 / train/loss/rew 0.64 / train/loss/value 0.72 / replay/replay_ratio 264 / fps/policy 10.25 / fps/train 2623.51

Writing metrics: /home/zhangpeiying01/lfy/btwm-7.7/runs/btwm_dmc_walker_walk_seed1_w002_b11_1m/scores.jsonl
Writing metrics: /home/zhangpeiying01/lfy/btwm-7.7/runs/btwm_dmc_walker_walk_seed1_w002_b11_1m/metrics.jsonl

--------------------[Agent Step 890_592]--------------------
Metrics filtered by: 'score|length|fps|ratio|train/loss/|train/acc/|train/inv/|train/rand/'
train/acc/inv 0.54 / train/inv/ce 1.55 / train/inv/confidence 0.25 / train/inv/confidence_gating 0 / train/inv/effective_rep_weight 0.02 / train/inv/head_objective 0.65 / train/inv/head_weight 0 / train/inv/objective 0.65 / train/inv/policy_weight_max 1 / train/inv/policy_weight_mean 1 / train/inv/policy_weight_min 1 / train/inv/policy_weight_std 0 / train/inv/valid_frac 1 / train/inv/weight 0.02 / train/loss/con 0.02 / train/loss/dyn 3.05 / train/loss/image 1.65 / train/loss/inv 0.01 / train/loss/policy -0.01 / train/loss/rep 3.05 / train/loss/repval 0.74 / train/loss/rew 0.65 / train/loss/value 0.72 / replay/replay_ratio 264 / fps/policy 10.21 / fps/train 2614.53

Writing metrics: /home/zhangpeiying01/lfy/btwm-7.7/runs/btwm_dmc_walker_walk_seed1_w002_b11_1m/metrics.jsonl
Writing metrics: /home/zhangpeiying01/lfy/btwm-7.7/runs/btwm_dmc_walker_walk_seed1_w002_b11_1m/scores.jsonl
Saving checkpoint: /home/zhangpeiying01/lfy/btwm-7.7/runs/btwm_dmc_walker_walk_seed1_w002_b11_1m/ckpt/20260716T144709F659359
Saved checkpoint.

--------------------[Agent Step 891_792]--------------------
Metrics filtered by: 'score|length|fps|ratio|train/loss/|train/acc/|train/inv/|train/rand/'
train/acc/inv 0.54 / train/inv/ce 1.55 / train/inv/confidence 0.25 / train/inv/confidence_gating 0 / train/inv/effective_rep_weight 0.02 / train/inv/head_objective 0.65 / train/inv/head_weight 0 / train/inv/objective 0.65 / train/inv/policy_weight_max 1 / train/inv/policy_weight_mean 1 / train/inv/policy_weight_min 1 / train/inv/policy_weight_std 0 / train/inv/valid_frac 1 / train/inv/weight 0.02 / train/loss/con 0.02 / train/loss/dyn 2.73 / train/loss/image 1.65 / train/loss/inv 0.01 / train/loss/policy -0.01 / train/loss/rep 2.73 / train/loss/repval 0.75 / train/loss/rew 0.64 / train/loss/value 0.72 / replay/replay_ratio 264 / fps/policy 9.9 / fps/train 2535.3

Writing metrics: /home/zhangpeiying01/lfy/btwm-7.7/runs/btwm_dmc_walker_walk_seed1_w002_b11_1m/metrics.jsonl
Writing metrics: /home/zhangpeiying01/lfy/btwm-7.7/runs/btwm_dmc_walker_walk_seed1_w002_b11_1m/scores.jsonl

--------------------[Agent Step 893_024]--------------------
Metrics filtered by: 'score|length|fps|ratio|train/loss/|train/acc/|train/inv/|train/rand/'
train/acc/inv 0.54 / train/inv/ce 1.55 / train/inv/confidence 0.25 / train/inv/confidence_gating 0 / train/inv/effective_rep_weight 0.02 / train/inv/head_objective 0.65 / train/inv/head_weight 0 / train/inv/objective 0.65 / train/inv/policy_weight_max 1 / train/inv/policy_weight_mean 1 / train/inv/policy_weight_min 1 / train/inv/policy_weight_std 0 / train/inv/valid_frac 1 / train/inv/weight 0.02 / train/loss/con 0.02 / train/loss/dyn 2.85 / train/loss/image 1.65 / train/loss/inv 0.01 / train/loss/policy -7.5e-3 / train/loss/rep 2.85 / train/loss/repval 0.75 / train/loss/rew 0.64 / train/loss/value 0.73 / replay/replay_ratio 264 / fps/policy 10.25 / fps/train 2624.45

Writing metrics: /home/zhangpeiying01/lfy/btwm-7.7/runs/btwm_dmc_walker_walk_seed1_w002_b11_1m/metrics.jsonl
Writing metrics: /home/zhangpeiying01/lfy/btwm-7.7/runs/btwm_dmc_walker_walk_seed1_w002_b11_1m/scores.jsonl

--------------------[Agent Step 894_256]--------------------
Metrics filtered by: 'score|length|fps|ratio|train/loss/|train/acc/|train/inv/|train/rand/'
train/acc/inv 0.54 / train/inv/ce 1.56 / train/inv/confidence 0.25 / train/inv/confidence_gating 0 / train/inv/effective_rep_weight 0.02 / train/inv/head_objective 0.65 / train/inv/head_weight 0 / train/inv/objective 0.65 / train/inv/policy_weight_max 1 / train/inv/policy_weight_mean 1 / train/inv/policy_weight_min 1 / train/inv/policy_weight_std 0 / train/inv/valid_frac 1 / train/inv/weight 0.02 / train/loss/con 0.02 / train/loss/dyn 2.79 / train/loss/image 1.61 / train/loss/inv 0.01 / train/loss/policy -6e-3 / train/loss/rep 2.79 / train/loss/repval 0.74 / train/loss/rew 0.65 / train/loss/value 0.72 / replay/replay_ratio 264 / fps/policy 10.23 / fps/train 2617.64

Writing metrics: /home/zhangpeiying01/lfy/btwm-7.7/runs/btwm_dmc_walker_walk_seed1_w002_b11_1m/metrics.jsonl
Writing metrics: /home/zhangpeiying01/lfy/btwm-7.7/runs/btwm_dmc_walker_walk_seed1_w002_b11_1m/scores.jsonl

--------------------[Agent Step 895_488]--------------------
Metrics filtered by: 'score|length|fps|ratio|train/loss/|train/acc/|train/inv/|train/rand/'
train/acc/inv 0.54 / train/inv/ce 1.56 / train/inv/confidence 0.25 / train/inv/confidence_gating 0 / train/inv/effective_rep_weight 0.02 / train/inv/head_objective 0.65 / train/inv/head_weight 0 / train/inv/objective 0.65 / train/inv/policy_weight_max 1 / train/inv/policy_weight_mean 1 / train/inv/policy_weight_min 1 / train/inv/policy_weight_std 0 / train/inv/valid_frac 1 / train/inv/weight 0.02 / train/loss/con 0.02 / train/loss/dyn 2.94 / train/loss/image 1.62 / train/loss/inv 0.01 / train/loss/policy -0.01 / train/loss/rep 2.94 / train/loss/repval 0.74 / train/loss/rew 0.65 / train/loss/value 0.72 / replay/replay_ratio 264 / fps/policy 10.26 / fps/train 2625.52

Writing metrics: /home/zhangpeiying01/lfy/btwm-7.7/runs/btwm_dmc_walker_walk_seed1_w002_b11_1m/metrics.jsonl
Writing metrics: /home/zhangpeiying01/lfy/btwm-7.7/runs/btwm_dmc_walker_walk_seed1_w002_b11_1m/scores.jsonl

--------------------[Agent Step 896_720]--------------------
Metrics filtered by: 'score|length|fps|ratio|train/loss/|train/acc/|train/inv/|train/rand/'
train/acc/inv 0.54 / train/inv/ce 1.56 / train/inv/confidence 0.25 / train/inv/confidence_gating 0 / train/inv/effective_rep_weight 0.02 / train/inv/head_objective 0.65 / train/inv/head_weight 0 / train/inv/objective 0.65 / train/inv/policy_weight_max 1 / train/inv/policy_weight_mean 1 / train/inv/policy_weight_min 1 / train/inv/policy_weight_std 0 / train/inv/valid_frac 1 / train/inv/weight 0.02 / train/loss/con 0.02 / train/loss/dyn 2.74 / train/loss/image 1.6 / train/loss/inv 0.01 / train/loss/policy -9.3e-3 / train/loss/rep 2.74 / train/loss/repval 0.74 / train/loss/rew 0.65 / train/loss/value 0.72 / replay/replay_ratio 264 / fps/policy 10.25 / fps/train 2623.75

Writing metrics: /home/zhangpeiying01/lfy/btwm-7.7/runs/btwm_dmc_walker_walk_seed1_w002_b11_1m/scores.jsonl
Writing metrics: /home/zhangpeiying01/lfy/btwm-7.7/runs/btwm_dmc_walker_walk_seed1_w002_b11_1m/metrics.jsonl

--------------------[Agent Step 897_952]--------------------
Metrics filtered by: 'score|length|fps|ratio|train/loss/|train/acc/|train/inv/|train/rand/'
episode/score 957.08 / episode/length 1001 / train/acc/inv 0.54 / train/inv/ce 1.56 / train/inv/confidence 0.25 / train/inv/confidence_gating 0 / train/inv/effective_rep_weight 0.02 / train/inv/head_objective 0.65 / train/inv/head_weight 0 / train/inv/objective 0.65 / train/inv/policy_weight_max 1 / train/inv/policy_weight_mean 1 / train/inv/policy_weight_min 1 / train/inv/policy_weight_std 0 / train/inv/valid_frac 1 / train/inv/weight 0.02 / train/loss/con 0.02 / train/loss/dyn 2.74 / train/loss/image 1.65 / train/loss/inv 0.01 / train/loss/policy -4.8e-3 / train/loss/rep 2.74 / train/loss/repval 0.74 / train/loss/rew 0.65 / train/loss/value 0.72 / replay/replay_ratio 264 / fps/policy 10.26 / fps/train 2627.66

Writing metrics: /home/zhangpeiying01/lfy/btwm-7.7/runs/btwm_dmc_walker_walk_seed1_w002_b11_1m/metrics.jsonl
Writing metrics: /home/zhangpeiying01/lfy/btwm-7.7/runs/btwm_dmc_walker_walk_seed1_w002_b11_1m/scores.jsonl

--------------------[Agent Step 899_184]--------------------
Metrics filtered by: 'score|length|fps|ratio|train/loss/|train/acc/|train/inv/|train/rand/'
train/acc/inv 0.54 / train/inv/ce 1.57 / train/inv/confidence 0.25 / train/inv/confidence_gating 0 / train/inv/effective_rep_weight 0.02 / train/inv/head_objective 0.65 / train/inv/head_weight 0 / train/inv/objective 0.65 / train/inv/policy_weight_max 1 / train/inv/policy_weight_mean 1 / train/inv/policy_weight_min 1 / train/inv/policy_weight_std 0 / train/inv/valid_frac 1 / train/inv/weight 0.02 / train/loss/con 0.02 / train/loss/dyn 2.77 / train/loss/image 1.67 / train/loss/inv 0.01 / train/loss/policy -7.2e-3 / train/loss/rep 2.77 / train/loss/repval 0.74 / train/loss/rew 0.65 / train/loss/value 0.72 / replay/replay_ratio 264 / fps/policy 10.24 / fps/train 2620.31

Writing metrics: /home/zhangpeiying01/lfy/btwm-7.7/runs/btwm_dmc_walker_walk_seed1_w002_b11_1m/scores.jsonl
Writing metrics: /home/zhangpeiying01/lfy/btwm-7.7/runs/btwm_dmc_walker_walk_seed1_w002_b11_1m/metrics.jsonl

--------------------[Agent Step 900_416]--------------------
Metrics filtered by: 'score|length|fps|ratio|train/loss/|train/acc/|train/inv/|train/rand/'
train/acc/inv 0.54 / train/inv/ce 1.55 / train/inv/confidence 0.25 / train/inv/confidence_gating 0 / train/inv/effective_rep_weight 0.02 / train/inv/head_objective 0.65 / train/inv/head_weight 0 / train/inv/objective 0.65 / train/inv/policy_weight_max 1 / train/inv/policy_weight_mean 1 / train/inv/policy_weight_min 1 / train/inv/policy_weight_std 0 / train/inv/valid_frac 1 / train/inv/weight 0.02 / train/loss/con 0.02 / train/loss/dyn 2.9 / train/loss/image 1.67 / train/loss/inv 0.01 / train/loss/policy -7e-3 / train/loss/rep 2.9 / train/loss/repval 0.74 / train/loss/rew 0.65 / train/loss/value 0.72 / replay/replay_ratio 264 / fps/policy 10.27 / fps/train 2628.13

Writing metrics: /home/zhangpeiying01/lfy/btwm-7.7/runs/btwm_dmc_walker_walk_seed1_w002_b11_1m/metrics.jsonl
Writing metrics: /home/zhangpeiying01/lfy/btwm-7.7/runs/btwm_dmc_walker_walk_seed1_w002_b11_1m/scores.jsonl

--------------------[Agent Step 901_648]--------------------
Metrics filtered by: 'score|length|fps|ratio|train/loss/|train/acc/|train/inv/|train/rand/'
train/acc/inv 0.54 / train/inv/ce 1.56 / train/inv/confidence 0.25 / train/inv/confidence_gating 0 / train/inv/effective_rep_weight 0.02 / train/inv/head_objective 0.65 / train/inv/head_weight 0 / train/inv/objective 0.65 / train/inv/policy_weight_max 1 / train/inv/policy_weight_mean 1 / train/inv/policy_weight_min 1 / train/inv/policy_weight_std 0 / train/inv/valid_frac 1 / train/inv/weight 0.02 / train/loss/con 0.02 / train/loss/dyn 2.73 / train/loss/image 1.62 / train/loss/inv 0.01 / train/loss/policy -6.7e-3 / train/loss/rep 2.73 / train/loss/repval 0.74 / train/loss/rew 0.65 / train/loss/value 0.72 / replay/replay_ratio 264 / fps/policy 10.26 / fps/train 2626.2

Writing metrics: /home/zhangpeiying01/lfy/btwm-7.7/runs/btwm_dmc_walker_walk_seed1_w002_b11_1m/scores.jsonl
Writing metrics: /home/zhangpeiying01/lfy/btwm-7.7/runs/btwm_dmc_walker_walk_seed1_w002_b11_1m/metrics.jsonl

--------------------[Agent Step 902_880]--------------------
Metrics filtered by: 'score|length|fps|ratio|train/loss/|train/acc/|train/inv/|train/rand/'
train/acc/inv 0.54 / train/inv/ce 1.56 / train/inv/confidence 0.25 / train/inv/confidence_gating 0 / train/inv/effective_rep_weight 0.02 / train/inv/head_objective 0.65 / train/inv/head_weight 0 / train/inv/objective 0.65 / train/inv/policy_weight_max 1 / train/inv/policy_weight_mean 1 / train/inv/policy_weight_min 1 / train/inv/policy_weight_std 0 / train/inv/valid_frac 1 / train/inv/weight 0.02 / train/loss/con 0.02 / train/loss/dyn 2.92 / train/loss/image 1.65 / train/loss/inv 0.01 / train/loss/policy -9.5e-3 / train/loss/rep 2.92 / train/loss/repval 0.74 / train/loss/rew 0.64 / train/loss/value 0.72 / replay/replay_ratio 264 / fps/policy 10.24 / fps/train 2620.18

Writing metrics: /home/zhangpeiying01/lfy/btwm-7.7/runs/btwm_dmc_walker_walk_seed1_w002_b11_1m/metrics.jsonl
Writing metrics: /home/zhangpeiying01/lfy/btwm-7.7/runs/btwm_dmc_walker_walk_seed1_w002_b11_1m/scores.jsonl

--------------------[Agent Step 904_112]--------------------
Metrics filtered by: 'score|length|fps|ratio|train/loss/|train/acc/|train/inv/|train/rand/'
train/acc/inv 0.54 / train/inv/ce 1.55 / train/inv/confidence 0.25 / train/inv/confidence_gating 0 / train/inv/effective_rep_weight 0.02 / train/inv/head_objective 0.65 / train/inv/head_weight 0 / train/inv/objective 0.65 / train/inv/policy_weight_max 1 / train/inv/policy_weight_mean 1 / train/inv/policy_weight_min 1 / train/inv/policy_weight_std 0 / train/inv/valid_frac 1 / train/inv/weight 0.02 / train/loss/con 0.02 / train/loss/dyn 2.66 / train/loss/image 1.63 / train/loss/inv 0.01 / train/loss/policy -0.01 / train/loss/rep 2.66 / train/loss/repval 0.75 / train/loss/rew 0.64 / train/loss/value 0.72 / replay/replay_ratio 264 / fps/policy 10.26 / fps/train 2627.02

Writing metrics: /home/zhangpeiying01/lfy/btwm-7.7/runs/btwm_dmc_walker_walk_seed1_w002_b11_1m/metrics.jsonl
Writing metrics: /home/zhangpeiying01/lfy/btwm-7.7/runs/btwm_dmc_walker_walk_seed1_w002_b11_1m/scores.jsonl

--------------------[Agent Step 905_344]--------------------
Metrics filtered by: 'score|length|fps|ratio|train/loss/|train/acc/|train/inv/|train/rand/'
train/acc/inv 0.54 / train/inv/ce 1.56 / train/inv/confidence 0.25 / train/inv/confidence_gating 0 / train/inv/effective_rep_weight 0.02 / train/inv/head_objective 0.65 / train/inv/head_weight 0 / train/inv/objective 0.65 / train/inv/policy_weight_max 1 / train/inv/policy_weight_mean 1 / train/inv/policy_weight_min 1 / train/inv/policy_weight_std 0 / train/inv/valid_frac 1 / train/inv/weight 0.02 / train/loss/con 0.02 / train/loss/dyn 2.85 / train/loss/image 1.64 / train/loss/inv 0.01 / train/loss/policy -6.3e-3 / train/loss/rep 2.85 / train/loss/repval 0.74 / train/loss/rew 0.65 / train/loss/value 0.72 / replay/replay_ratio 264 / fps/policy 10.25 / fps/train 2625.26

Writing metrics: /home/zhangpeiying01/lfy/btwm-7.7/runs/btwm_dmc_walker_walk_seed1_w002_b11_1m/metrics.jsonl
Writing metrics: /home/zhangpeiying01/lfy/btwm-7.7/runs/btwm_dmc_walker_walk_seed1_w002_b11_1m/scores.jsonl

--------------------[Agent Step 906_576]--------------------
Metrics filtered by: 'score|length|fps|ratio|train/loss/|train/acc/|train/inv/|train/rand/'
train/acc/inv 0.54 / train/inv/ce 1.55 / train/inv/confidence 0.25 / train/inv/confidence_gating 0 / train/inv/effective_rep_weight 0.02 / train/inv/head_objective 0.65 / train/inv/head_weight 0 / train/inv/objective 0.65 / train/inv/policy_weight_max 1 / train/inv/policy_weight_mean 1 / train/inv/policy_weight_min 1 / train/inv/policy_weight_std 0 / train/inv/valid_frac 1 / train/inv/weight 0.02 / train/loss/con 0.02 / train/loss/dyn 2.85 / train/loss/image 1.64 / train/loss/inv 0.01 / train/loss/policy -0.01 / train/loss/rep 2.85 / train/loss/repval 0.75 / train/loss/rew 0.65 / train/loss/value 0.72 / replay/replay_ratio 264 / fps/policy 10.25 / fps/train 2623.58

Writing metrics: /home/zhangpeiying01/lfy/btwm-7.7/runs/btwm_dmc_walker_walk_seed1_w002_b11_1m/scores.jsonl
Writing metrics: /home/zhangpeiying01/lfy/btwm-7.7/runs/btwm_dmc_walker_walk_seed1_w002_b11_1m/metrics.jsonl

--------------------[Agent Step 907_808]--------------------
Metrics filtered by: 'score|length|fps|ratio|train/loss/|train/acc/|train/inv/|train/rand/'
train/acc/inv 0.54 / train/inv/ce 1.55 / train/inv/confidence 0.25 / train/inv/confidence_gating 0 / train/inv/effective_rep_weight 0.02 / train/inv/head_objective 0.65 / train/inv/head_weight 0 / train/inv/objective 0.65 / train/inv/policy_weight_max 1 / train/inv/policy_weight_mean 1 / train/inv/policy_weight_min 1 / train/inv/policy_weight_std 0 / train/inv/valid_frac 1 / train/inv/weight 0.02 / train/loss/con 0.02 / train/loss/dyn 2.7 / train/loss/image 1.63 / train/loss/inv 0.01 / train/loss/policy -0.01 / train/loss/rep 2.7 / train/loss/repval 0.75 / train/loss/rew 0.64 / train/loss/value 0.72 / replay/replay_ratio 264 / fps/policy 10.21 / fps/train 2613.41

Writing metrics: /home/zhangpeiying01/lfy/btwm-7.7/runs/btwm_dmc_walker_walk_seed1_w002_b11_1m/metrics.jsonl
Writing metrics: /home/zhangpeiying01/lfy/btwm-7.7/runs/btwm_dmc_walker_walk_seed1_w002_b11_1m/scores.jsonl

--------------------[Agent Step 909_040]--------------------
Metrics filtered by: 'score|length|fps|ratio|train/loss/|train/acc/|train/inv/|train/rand/'
train/acc/inv 0.55 / train/inv/ce 1.55 / train/inv/confidence 0.25 / train/inv/confidence_gating 0 / train/inv/effective_rep_weight 0.02 / train/inv/head_objective 0.65 / train/inv/head_weight 0 / train/inv/objective 0.65 / train/inv/policy_weight_max 1 / train/inv/policy_weight_mean 1 / train/inv/policy_weight_min 1 / train/inv/policy_weight_std 0 / train/inv/valid_frac 1 / train/inv/weight 0.02 / train/loss/con 0.02 / train/loss/dyn 2.89 / train/loss/image 1.63 / train/loss/inv 0.01 / train/loss/policy -0.01 / train/loss/rep 2.89 / train/loss/repval 0.75 / train/loss/rew 0.64 / train/loss/value 0.73 / replay/replay_ratio 264 / fps/policy 10.26 / fps/train 2626.18

Writing metrics: /home/zhangpeiying01/lfy/btwm-7.7/runs/btwm_dmc_walker_walk_seed1_w002_b11_1m/metrics.jsonl
Writing metrics: /home/zhangpeiying01/lfy/btwm-7.7/runs/btwm_dmc_walker_walk_seed1_w002_b11_1m/scores.jsonl

--------------------[Agent Step 910_272]--------------------
Metrics filtered by: 'score|length|fps|ratio|train/loss/|train/acc/|train/inv/|train/rand/'
train/acc/inv 0.54 / train/inv/ce 1.56 / train/inv/confidence 0.25 / train/inv/confidence_gating 0 / train/inv/effective_rep_weight 0.02 / train/inv/head_objective 0.65 / train/inv/head_weight 0 / train/inv/objective 0.65 / train/inv/policy_weight_max 1 / train/inv/policy_weight_mean 1 / train/inv/policy_weight_min 1 / train/inv/policy_weight_std 0 / train/inv/valid_frac 1 / train/inv/weight 0.02 / train/loss/con 0.02 / train/loss/dyn 2.85 / train/loss/image 1.59 / train/loss/inv 0.01 / train/loss/policy -6.4e-3 / train/loss/rep 2.85 / train/loss/repval 0.74 / train/loss/rew 0.65 / train/loss/value 0.72 / replay/replay_ratio 264 / fps/policy 10.26 / fps/train 2626.26

Writing metrics: /home/zhangpeiying01/lfy/btwm-7.7/runs/btwm_dmc_walker_walk_seed1_w002_b11_1m/metrics.jsonl
Writing metrics: /home/zhangpeiying01/lfy/btwm-7.7/runs/btwm_dmc_walker_walk_seed1_w002_b11_1m/scores.jsonl

--------------------[Agent Step 911_504]--------------------
Metrics filtered by: 'score|length|fps|ratio|train/loss/|train/acc/|train/inv/|train/rand/'
train/acc/inv 0.54 / train/inv/ce 1.55 / train/inv/confidence 0.25 / train/inv/confidence_gating 0 / train/inv/effective_rep_weight 0.02 / train/inv/head_objective 0.65 / train/inv/head_weight 0 / train/inv/objective 0.65 / train/inv/policy_weight_max 1 / train/inv/policy_weight_mean 1 / train/inv/policy_weight_min 1 / train/inv/policy_weight_std 0 / train/inv/valid_frac 1 / train/inv/weight 0.02 / train/loss/con 0.02 / train/loss/dyn 2.9 / train/loss/image 1.62 / train/loss/inv 0.01 / train/loss/policy -0.01 / train/loss/rep 2.9 / train/loss/repval 0.74 / train/loss/rew 0.65 / train/loss/value 0.72 / replay/replay_ratio 264 / fps/policy 10.2 / fps/train 2610.35

Writing metrics: /home/zhangpeiying01/lfy/btwm-7.7/runs/btwm_dmc_walker_walk_seed1_w002_b11_1m/scores.jsonl
Writing metrics: /home/zhangpeiying01/lfy/btwm-7.7/runs/btwm_dmc_walker_walk_seed1_w002_b11_1m/metrics.jsonl

--------------------[Agent Step 912_736]--------------------
Metrics filtered by: 'score|length|fps|ratio|train/loss/|train/acc/|train/inv/|train/rand/'
train/acc/inv 0.54 / train/inv/ce 1.56 / train/inv/confidence 0.25 / train/inv/confidence_gating 0 / train/inv/effective_rep_weight 0.02 / train/inv/head_objective 0.65 / train/inv/head_weight 0 / train/inv/objective 0.65 / train/inv/policy_weight_max 1 / train/inv/policy_weight_mean 1 / train/inv/policy_weight_min 1 / train/inv/policy_weight_std 0 / train/inv/valid_frac 1 / train/inv/weight 0.02 / train/loss/con 0.02 / train/loss/dyn 2.81 / train/loss/image 1.61 / train/loss/inv 0.01 / train/loss/policy -6.6e-3 / train/loss/rep 2.81 / train/loss/repval 0.74 / train/loss/rew 0.65 / train/loss/value 0.72 / replay/replay_ratio 264 / fps/policy 10.26 / fps/train 2625.77

Writing metrics: /home/zhangpeiying01/lfy/btwm-7.7/runs/btwm_dmc_walker_walk_seed1_w002_b11_1m/metrics.jsonl
Writing metrics: /home/zhangpeiying01/lfy/btwm-7.7/runs/btwm_dmc_walker_walk_seed1_w002_b11_1m/scores.jsonl

--------------------[Agent Step 913_968]--------------------
Metrics filtered by: 'score|length|fps|ratio|train/loss/|train/acc/|train/inv/|train/rand/'
episode/score 965.4 / episode/length 1001 / train/acc/inv 0.54 / train/inv/ce 1.56 / train/inv/confidence 0.25 / train/inv/confidence_gating 0 / train/inv/effective_rep_weight 0.02 / train/inv/head_objective 0.65 / train/inv/head_weight 0 / train/inv/objective 0.65 / train/inv/policy_weight_max 1 / train/inv/policy_weight_mean 1 / train/inv/policy_weight_min 1 / train/inv/policy_weight_std 0 / train/inv/valid_frac 1 / train/inv/weight 0.02 / train/loss/con 0.02 / train/loss/dyn 3.17 / train/loss/image 1.7 / train/loss/inv 0.01 / train/loss/policy -9.4e-3 / train/loss/rep 3.17 / train/loss/repval 0.74 / train/loss/rew 0.65 / train/loss/value 0.72 / replay/replay_ratio 264 / fps/policy 10.2 / fps/train 2611.81

Writing metrics: /home/zhangpeiying01/lfy/btwm-7.7/runs/btwm_dmc_walker_walk_seed1_w002_b11_1m/scores.jsonl
Writing metrics: /home/zhangpeiying01/lfy/btwm-7.7/runs/btwm_dmc_walker_walk_seed1_w002_b11_1m/metrics.jsonl

--------------------[Agent Step 915_200]--------------------
Metrics filtered by: 'score|length|fps|ratio|train/loss/|train/acc/|train/inv/|train/rand/'
train/acc/inv 0.54 / train/inv/ce 1.56 / train/inv/confidence 0.25 / train/inv/confidence_gating 0 / train/inv/effective_rep_weight 0.02 / train/inv/head_objective 0.65 / train/inv/head_weight 0 / train/inv/objective 0.65 / train/inv/policy_weight_max 1 / train/inv/policy_weight_mean 1 / train/inv/policy_weight_min 1 / train/inv/policy_weight_std 0 / train/inv/valid_frac 1 / train/inv/weight 0.02 / train/loss/con 0.02 / train/loss/dyn 2.94 / train/loss/image 1.7 / train/loss/inv 0.01 / train/loss/policy -8.2e-3 / train/loss/rep 2.94 / train/loss/repval 0.74 / train/loss/rew 0.65 / train/loss/value 0.72 / replay/replay_ratio 264 / fps/policy 10.23 / fps/train 2618.39

Writing metrics: /home/zhangpeiying01/lfy/btwm-7.7/runs/btwm_dmc_walker_walk_seed1_w002_b11_1m/metrics.jsonl
Writing metrics: /home/zhangpeiying01/lfy/btwm-7.7/runs/btwm_dmc_walker_walk_seed1_w002_b11_1m/scores.jsonl

--------------------[Agent Step 916_432]--------------------
Metrics filtered by: 'score|length|fps|ratio|train/loss/|train/acc/|train/inv/|train/rand/'
train/acc/inv 0.54 / train/inv/ce 1.55 / train/inv/confidence 0.25 / train/inv/confidence_gating 0 / train/inv/effective_rep_weight 0.02 / train/inv/head_objective 0.65 / train/inv/head_weight 0 / train/inv/objective 0.65 / train/inv/policy_weight_max 1 / train/inv/policy_weight_mean 1 / train/inv/policy_weight_min 1 / train/inv/policy_weight_std 0 / train/inv/valid_frac 1 / train/inv/weight 0.02 / train/loss/con 0.02 / train/loss/dyn 2.76 / train/loss/image 1.65 / train/loss/inv 0.01 / train/loss/policy -0.01 / train/loss/rep 2.76 / train/loss/repval 0.75 / train/loss/rew 0.64 / train/loss/value 0.72 / replay/replay_ratio 264 / fps/policy 10.21 / fps/train 2613.81

Writing metrics: /home/zhangpeiying01/lfy/btwm-7.7/runs/btwm_dmc_walker_walk_seed1_w002_b11_1m/scores.jsonl
Writing metrics: /home/zhangpeiying01/lfy/btwm-7.7/runs/btwm_dmc_walker_walk_seed1_w002_b11_1m/metrics.jsonl

--------------------[Agent Step 917_664]--------------------
Metrics filtered by: 'score|length|fps|ratio|train/loss/|train/acc/|train/inv/|train/rand/'
train/acc/inv 0.54 / train/inv/ce 1.56 / train/inv/confidence 0.25 / train/inv/confidence_gating 0 / train/inv/effective_rep_weight 0.02 / train/inv/head_objective 0.65 / train/inv/head_weight 0 / train/inv/objective 0.65 / train/inv/policy_weight_max 1 / train/inv/policy_weight_mean 1 / train/inv/policy_weight_min 1 / train/inv/policy_weight_std 0 / train/inv/valid_frac 1 / train/inv/weight 0.02 / train/loss/con 0.02 / train/loss/dyn 2.97 / train/loss/image 1.63 / train/loss/inv 0.01 / train/loss/policy -0.01 / train/loss/rep 2.97 / train/loss/repval 0.75 / train/loss/rew 0.65 / train/loss/value 0.73 / replay/replay_ratio 264 / fps/policy 10.25 / fps/train 2623.34

Writing metrics: /home/zhangpeiying01/lfy/btwm-7.7/runs/btwm_dmc_walker_walk_seed1_w002_b11_1m/metrics.jsonl
Writing metrics: /home/zhangpeiying01/lfy/btwm-7.7/runs/btwm_dmc_walker_walk_seed1_w002_b11_1m/scores.jsonl

--------------------[Agent Step 918_896]--------------------
Metrics filtered by: 'score|length|fps|ratio|train/loss/|train/acc/|train/inv/|train/rand/'
train/acc/inv 0.54 / train/inv/ce 1.56 / train/inv/confidence 0.25 / train/inv/confidence_gating 0 / train/inv/effective_rep_weight 0.02 / train/inv/head_objective 0.65 / train/inv/head_weight 0 / train/inv/objective 0.65 / train/inv/policy_weight_max 1 / train/inv/policy_weight_mean 1 / train/inv/policy_weight_min 1 / train/inv/policy_weight_std 0 / train/inv/valid_frac 1 / train/inv/weight 0.02 / train/loss/con 0.02 / train/loss/dyn 2.98 / train/loss/image 1.64 / train/loss/inv 0.01 / train/loss/policy -8.8e-3 / train/loss/rep 2.98 / train/loss/repval 0.75 / train/loss/rew 0.65 / train/loss/value 0.73 / replay/replay_ratio 264 / fps/policy 10.26 / fps/train 2625.31

Writing metrics: /home/zhangpeiying01/lfy/btwm-7.7/runs/btwm_dmc_walker_walk_seed1_w002_b11_1m/metrics.jsonl
Writing metrics: /home/zhangpeiying01/lfy/btwm-7.7/runs/btwm_dmc_walker_walk_seed1_w002_b11_1m/scores.jsonl

--------------------[Agent Step 920_128]--------------------
Metrics filtered by: 'score|length|fps|ratio|train/loss/|train/acc/|train/inv/|train/rand/'
train/acc/inv 0.54 / train/inv/ce 1.55 / train/inv/confidence 0.25 / train/inv/confidence_gating 0 / train/inv/effective_rep_weight 0.02 / train/inv/head_objective 0.65 / train/inv/head_weight 0 / train/inv/objective 0.65 / train/inv/policy_weight_max 1 / train/inv/policy_weight_mean 1 / train/inv/policy_weight_min 1 / train/inv/policy_weight_std 0 / train/inv/valid_frac 1 / train/inv/weight 0.02 / train/loss/con 0.02 / train/loss/dyn 2.97 / train/loss/image 1.63 / train/loss/inv 0.01 / train/loss/policy -7.2e-3 / train/loss/rep 2.97 / train/loss/repval 0.75 / train/loss/rew 0.65 / train/loss/value 0.73 / replay/replay_ratio 264 / fps/policy 10.25 / fps/train 2624.65

Writing metrics: /home/zhangpeiying01/lfy/btwm-7.7/runs/btwm_dmc_walker_walk_seed1_w002_b11_1m/scores.jsonl
Writing metrics: /home/zhangpeiying01/lfy/btwm-7.7/runs/btwm_dmc_walker_walk_seed1_w002_b11_1m/metrics.jsonl

--------------------[Agent Step 921_360]--------------------
Metrics filtered by: 'score|length|fps|ratio|train/loss/|train/acc/|train/inv/|train/rand/'
train/acc/inv 0.54 / train/inv/ce 1.55 / train/inv/confidence 0.25 / train/inv/confidence_gating 0 / train/inv/effective_rep_weight 0.02 / train/inv/head_objective 0.65 / train/inv/head_weight 0 / train/inv/objective 0.65 / train/inv/policy_weight_max 1 / train/inv/policy_weight_mean 1 / train/inv/policy_weight_min 1 / train/inv/policy_weight_std 0 / train/inv/valid_frac 1 / train/inv/weight 0.02 / train/loss/con 0.02 / train/loss/dyn 2.85 / train/loss/image 1.63 / train/loss/inv 0.01 / train/loss/policy -0.01 / train/loss/rep 2.85 / train/loss/repval 0.75 / train/loss/rew 0.64 / train/loss/value 0.73 / replay/replay_ratio 264 / fps/policy 10.24 / fps/train 2622.67

Writing metrics: /home/zhangpeiying01/lfy/btwm-7.7/runs/btwm_dmc_walker_walk_seed1_w002_b11_1m/metrics.jsonl
Writing metrics: /home/zhangpeiying01/lfy/btwm-7.7/runs/btwm_dmc_walker_walk_seed1_w002_b11_1m/scores.jsonl

--------------------[Agent Step 922_592]--------------------
Metrics filtered by: 'score|length|fps|ratio|train/loss/|train/acc/|train/inv/|train/rand/'
train/acc/inv 0.54 / train/inv/ce 1.55 / train/inv/confidence 0.25 / train/inv/confidence_gating 0 / train/inv/effective_rep_weight 0.02 / train/inv/head_objective 0.65 / train/inv/head_weight 0 / train/inv/objective 0.65 / train/inv/policy_weight_max 1 / train/inv/policy_weight_mean 1 / train/inv/policy_weight_min 1 / train/inv/policy_weight_std 0 / train/inv/valid_frac 1 / train/inv/weight 0.02 / train/loss/con 0.02 / train/loss/dyn 2.87 / train/loss/image 1.62 / train/loss/inv 0.01 / train/loss/policy -9.4e-3 / train/loss/rep 2.87 / train/loss/repval 0.75 / train/loss/rew 0.65 / train/loss/value 0.73 / replay/replay_ratio 264 / fps/policy 10.24 / fps/train 2622.01

Writing metrics: /home/zhangpeiying01/lfy/btwm-7.7/runs/btwm_dmc_walker_walk_seed1_w002_b11_1m/scores.jsonl
Writing metrics: /home/zhangpeiying01/lfy/btwm-7.7/runs/btwm_dmc_walker_walk_seed1_w002_b11_1m/metrics.jsonl

--------------------[Agent Step 923_824]--------------------
Metrics filtered by: 'score|length|fps|ratio|train/loss/|train/acc/|train/inv/|train/rand/'
train/acc/inv 0.55 / train/inv/ce 1.55 / train/inv/confidence 0.25 / train/inv/confidence_gating 0 / train/inv/effective_rep_weight 0.02 / train/inv/head_objective 0.64 / train/inv/head_weight 0 / train/inv/objective 0.64 / train/inv/policy_weight_max 1 / train/inv/policy_weight_mean 1 / train/inv/policy_weight_min 1 / train/inv/policy_weight_std 0 / train/inv/valid_frac 1 / train/inv/weight 0.02 / train/loss/con 0.02 / train/loss/dyn 3.01 / train/loss/image 1.64 / train/loss/inv 0.01 / train/loss/policy -0.01 / train/loss/rep 3.01 / train/loss/repval 0.75 / train/loss/rew 0.64 / train/loss/value 0.73 / replay/replay_ratio 264 / fps/policy 10.21 / fps/train 2613.56

Writing metrics: /home/zhangpeiying01/lfy/btwm-7.7/runs/btwm_dmc_walker_walk_seed1_w002_b11_1m/metrics.jsonl
Writing metrics: /home/zhangpeiying01/lfy/btwm-7.7/runs/btwm_dmc_walker_walk_seed1_w002_b11_1m/scores.jsonl

--------------------[Agent Step 925_056]--------------------
Metrics filtered by: 'score|length|fps|ratio|train/loss/|train/acc/|train/inv/|train/rand/'
train/acc/inv 0.54 / train/inv/ce 1.55 / train/inv/confidence 0.25 / train/inv/confidence_gating 0 / train/inv/effective_rep_weight 0.02 / train/inv/head_objective 0.65 / train/inv/head_weight 0 / train/inv/objective 0.65 / train/inv/policy_weight_max 1 / train/inv/policy_weight_mean 1 / train/inv/policy_weight_min 1 / train/inv/policy_weight_std 0 / train/inv/valid_frac 1 / train/inv/weight 0.02 / train/loss/con 0.02 / train/loss/dyn 2.9 / train/loss/image 1.61 / train/loss/inv 0.01 / train/loss/policy -8e-3 / train/loss/rep 2.9 / train/loss/repval 0.75 / train/loss/rew 0.64 / train/loss/value 0.73 / replay/replay_ratio 264 / fps/policy 10.25 / fps/train 2623.1

Writing metrics: /home/zhangpeiying01/lfy/btwm-7.7/runs/btwm_dmc_walker_walk_seed1_w002_b11_1m/metrics.jsonl
Writing metrics: /home/zhangpeiying01/lfy/btwm-7.7/runs/btwm_dmc_walker_walk_seed1_w002_b11_1m/scores.jsonl

--------------------[Agent Step 926_288]--------------------
Metrics filtered by: 'score|length|fps|ratio|train/loss/|train/acc/|train/inv/|train/rand/'
train/acc/inv 0.55 / train/inv/ce 1.55 / train/inv/confidence 0.25 / train/inv/confidence_gating 0 / train/inv/effective_rep_weight 0.02 / train/inv/head_objective 0.65 / train/inv/head_weight 0 / train/inv/objective 0.65 / train/inv/policy_weight_max 1 / train/inv/policy_weight_mean 1 / train/inv/policy_weight_min 1 / train/inv/policy_weight_std 0 / train/inv/valid_frac 1 / train/inv/weight 0.02 / train/loss/con 0.02 / train/loss/dyn 2.86 / train/loss/image 1.63 / train/loss/inv 0.01 / train/loss/policy -0.01 / train/loss/rep 2.86 / train/loss/repval 0.75 / train/loss/rew 0.64 / train/loss/value 0.72 / replay/replay_ratio 264 / fps/policy 10.25 / fps/train 2622.73

Writing metrics: /home/zhangpeiying01/lfy/btwm-7.7/runs/btwm_dmc_walker_walk_seed1_w002_b11_1m/metrics.jsonl
Writing metrics: /home/zhangpeiying01/lfy/btwm-7.7/runs/btwm_dmc_walker_walk_seed1_w002_b11_1m/scores.jsonl
Saving checkpoint: /home/zhangpeiying01/lfy/btwm-7.7/runs/btwm_dmc_walker_walk_seed1_w002_b11_1m/ckpt/20260716T154711F212470
Saved checkpoint.

--------------------[Agent Step 927_488]--------------------
Metrics filtered by: 'score|length|fps|ratio|train/loss/|train/acc/|train/inv/|train/rand/'
train/acc/inv 0.54 / train/inv/ce 1.55 / train/inv/confidence 0.25 / train/inv/confidence_gating 0 / train/inv/effective_rep_weight 0.02 / train/inv/head_objective 0.65 / train/inv/head_weight 0 / train/inv/objective 0.65 / train/inv/policy_weight_max 1 / train/inv/policy_weight_mean 1 / train/inv/policy_weight_min 1 / train/inv/policy_weight_std 0 / train/inv/valid_frac 1 / train/inv/weight 0.02 / train/loss/con 0.02 / train/loss/dyn 3.01 / train/loss/image 1.63 / train/loss/inv 0.01 / train/loss/policy -0.01 / train/loss/rep 3.01 / train/loss/repval 0.75 / train/loss/rew 0.64 / train/loss/value 0.72 / replay/replay_ratio 264 / fps/policy 9.73 / fps/train 2490.9

Writing metrics: /home/zhangpeiying01/lfy/btwm-7.7/runs/btwm_dmc_walker_walk_seed1_w002_b11_1m/metrics.jsonl
Writing metrics: /home/zhangpeiying01/lfy/btwm-7.7/runs/btwm_dmc_walker_walk_seed1_w002_b11_1m/scores.jsonl

--------------------[Agent Step 928_720]--------------------
Metrics filtered by: 'score|length|fps|ratio|train/loss/|train/acc/|train/inv/|train/rand/'
train/acc/inv 0.54 / train/inv/ce 1.55 / train/inv/confidence 0.25 / train/inv/confidence_gating 0 / train/inv/effective_rep_weight 0.02 / train/inv/head_objective 0.65 / train/inv/head_weight 0 / train/inv/objective 0.65 / train/inv/policy_weight_max 1 / train/inv/policy_weight_mean 1 / train/inv/policy_weight_min 1 / train/inv/policy_weight_std 0 / train/inv/valid_frac 1 / train/inv/weight 0.02 / train/loss/con 0.02 / train/loss/dyn 3.11 / train/loss/image 1.62 / train/loss/inv 0.01 / train/loss/policy -0.01 / train/loss/rep 3.11 / train/loss/repval 0.74 / train/loss/rew 0.65 / train/loss/value 0.72 / replay/replay_ratio 264 / fps/policy 10.22 / fps/train 2617.47

Writing metrics: /home/zhangpeiying01/lfy/btwm-7.7/runs/btwm_dmc_walker_walk_seed1_w002_b11_1m/metrics.jsonl
Writing metrics: /home/zhangpeiying01/lfy/btwm-7.7/runs/btwm_dmc_walker_walk_seed1_w002_b11_1m/scores.jsonl

--------------------[Agent Step 929_952]--------------------
Metrics filtered by: 'score|length|fps|ratio|train/loss/|train/acc/|train/inv/|train/rand/'
episode/score 922.05 / episode/length 1001 / train/acc/inv 0.54 / train/inv/ce 1.55 / train/inv/confidence 0.25 / train/inv/confidence_gating 0 / train/inv/effective_rep_weight 0.02 / train/inv/head_objective 0.65 / train/inv/head_weight 0 / train/inv/objective 0.65 / train/inv/policy_weight_max 1 / train/inv/policy_weight_mean 1 / train/inv/policy_weight_min 1 / train/inv/policy_weight_std 0 / train/inv/valid_frac 1 / train/inv/weight 0.02 / train/loss/con 0.02 / train/loss/dyn 2.84 / train/loss/image 1.67 / train/loss/inv 0.01 / train/loss/policy -6.4e-3 / train/loss/rep 2.84 / train/loss/repval 0.75 / train/loss/rew 0.64 / train/loss/value 0.72 / replay/replay_ratio 264 / fps/policy 10.21 / fps/train 2614.78

Writing metrics: /home/zhangpeiying01/lfy/btwm-7.7/runs/btwm_dmc_walker_walk_seed1_w002_b11_1m/metrics.jsonl
Writing metrics: /home/zhangpeiying01/lfy/btwm-7.7/runs/btwm_dmc_walker_walk_seed1_w002_b11_1m/scores.jsonl

--------------------[Agent Step 931_184]--------------------
Metrics filtered by: 'score|length|fps|ratio|train/loss/|train/acc/|train/inv/|train/rand/'
train/acc/inv 0.54 / train/inv/ce 1.56 / train/inv/confidence 0.25 / train/inv/confidence_gating 0 / train/inv/effective_rep_weight 0.02 / train/inv/head_objective 0.65 / train/inv/head_weight 0 / train/inv/objective 0.65 / train/inv/policy_weight_max 1 / train/inv/policy_weight_mean 1 / train/inv/policy_weight_min 1 / train/inv/policy_weight_std 0 / train/inv/valid_frac 1 / train/inv/weight 0.02 / train/loss/con 0.02 / train/loss/dyn 3.19 / train/loss/image 1.72 / train/loss/inv 0.01 / train/loss/policy -3.2e-3 / train/loss/rep 3.19 / train/loss/repval 0.75 / train/loss/rew 0.65 / train/loss/value 0.72 / replay/replay_ratio 264 / fps/policy 10.21 / fps/train 2613.93

Writing metrics: /home/zhangpeiying01/lfy/btwm-7.7/runs/btwm_dmc_walker_walk_seed1_w002_b11_1m/metrics.jsonl
Writing metrics: /home/zhangpeiying01/lfy/btwm-7.7/runs/btwm_dmc_walker_walk_seed1_w002_b11_1m/scores.jsonl

--------------------[Agent Step 932_416]--------------------
Metrics filtered by: 'score|length|fps|ratio|train/loss/|train/acc/|train/inv/|train/rand/'
train/acc/inv 0.54 / train/inv/ce 1.55 / train/inv/confidence 0.25 / train/inv/confidence_gating 0 / train/inv/effective_rep_weight 0.02 / train/inv/head_objective 0.65 / train/inv/head_weight 0 / train/inv/objective 0.65 / train/inv/policy_weight_max 1 / train/inv/policy_weight_mean 1 / train/inv/policy_weight_min 1 / train/inv/policy_weight_std 0 / train/inv/valid_frac 1 / train/inv/weight 0.02 / train/loss/con 0.02 / train/loss/dyn 2.81 / train/loss/image 1.65 / train/loss/inv 0.01 / train/loss/policy -9.4e-3 / train/loss/rep 2.81 / train/loss/repval 0.75 / train/loss/rew 0.64 / train/loss/value 0.72 / replay/replay_ratio 264 / fps/policy 10.22 / fps/train 2616.19

Writing metrics: /home/zhangpeiying01/lfy/btwm-7.7/runs/btwm_dmc_walker_walk_seed1_w002_b11_1m/metrics.jsonl
Writing metrics: /home/zhangpeiying01/lfy/btwm-7.7/runs/btwm_dmc_walker_walk_seed1_w002_b11_1m/scores.jsonl

--------------------[Agent Step 933_648]--------------------
Metrics filtered by: 'score|length|fps|ratio|train/loss/|train/acc/|train/inv/|train/rand/'
train/acc/inv 0.55 / train/inv/ce 1.55 / train/inv/confidence 0.25 / train/inv/confidence_gating 0 / train/inv/effective_rep_weight 0.02 / train/inv/head_objective 0.65 / train/inv/head_weight 0 / train/inv/objective 0.65 / train/inv/policy_weight_max 1 / train/inv/policy_weight_mean 1 / train/inv/policy_weight_min 1 / train/inv/policy_weight_std 0 / train/inv/valid_frac 1 / train/inv/weight 0.02 / train/loss/con 0.02 / train/loss/dyn 2.88 / train/loss/image 1.63 / train/loss/inv 0.01 / train/loss/policy -8.3e-3 / train/loss/rep 2.88 / train/loss/repval 0.74 / train/loss/rew 0.64 / train/loss/value 0.72 / replay/replay_ratio 264 / fps/policy 10.21 / fps/train 2614.86

Writing metrics: /home/zhangpeiying01/lfy/btwm-7.7/runs/btwm_dmc_walker_walk_seed1_w002_b11_1m/metrics.jsonl
Writing metrics: /home/zhangpeiying01/lfy/btwm-7.7/runs/btwm_dmc_walker_walk_seed1_w002_b11_1m/scores.jsonl

--------------------[Agent Step 934_880]--------------------
Metrics filtered by: 'score|length|fps|ratio|train/loss/|train/acc/|train/inv/|train/rand/'
train/acc/inv 0.54 / train/inv/ce 1.55 / train/inv/confidence 0.25 / train/inv/confidence_gating 0 / train/inv/effective_rep_weight 0.02 / train/inv/head_objective 0.65 / train/inv/head_weight 0 / train/inv/objective 0.65 / train/inv/policy_weight_max 1 / train/inv/policy_weight_mean 1 / train/inv/policy_weight_min 1 / train/inv/policy_weight_std 0 / train/inv/valid_frac 1 / train/inv/weight 0.02 / train/loss/con 0.02 / train/loss/dyn 2.74 / train/loss/image 1.63 / train/loss/inv 0.01 / train/loss/policy -9.2e-3 / train/loss/rep 2.74 / train/loss/repval 0.74 / train/loss/rew 0.64 / train/loss/value 0.72 / replay/replay_ratio 264 / fps/policy 10.23 / fps/train 2618.52

Writing metrics: /home/zhangpeiying01/lfy/btwm-7.7/runs/btwm_dmc_walker_walk_seed1_w002_b11_1m/metrics.jsonl
Writing metrics: /home/zhangpeiying01/lfy/btwm-7.7/runs/btwm_dmc_walker_walk_seed1_w002_b11_1m/scores.jsonl

--------------------[Agent Step 936_112]--------------------
Metrics filtered by: 'score|length|fps|ratio|train/loss/|train/acc/|train/inv/|train/rand/'
train/acc/inv 0.54 / train/inv/ce 1.55 / train/inv/confidence 0.25 / train/inv/confidence_gating 0 / train/inv/effective_rep_weight 0.02 / train/inv/head_objective 0.65 / train/inv/head_weight 0 / train/inv/objective 0.65 / train/inv/policy_weight_max 1 / train/inv/policy_weight_mean 1 / train/inv/policy_weight_min 1 / train/inv/policy_weight_std 0 / train/inv/valid_frac 1 / train/inv/weight 0.02 / train/loss/con 0.02 / train/loss/dyn 2.9 / train/loss/image 1.64 / train/loss/inv 0.01 / train/loss/policy -8.8e-3 / train/loss/rep 2.9 / train/loss/repval 0.74 / train/loss/rew 0.64 / train/loss/value 0.72 / replay/replay_ratio 264 / fps/policy 10.13 / fps/train 2594.5

Writing metrics: /home/zhangpeiying01/lfy/btwm-7.7/runs/btwm_dmc_walker_walk_seed1_w002_b11_1m/metrics.jsonl
Writing metrics: /home/zhangpeiying01/lfy/btwm-7.7/runs/btwm_dmc_walker_walk_seed1_w002_b11_1m/scores.jsonl

--------------------[Agent Step 937_344]--------------------
Metrics filtered by: 'score|length|fps|ratio|train/loss/|train/acc/|train/inv/|train/rand/'
train/acc/inv 0.55 / train/inv/ce 1.55 / train/inv/confidence 0.25 / train/inv/confidence_gating 0 / train/inv/effective_rep_weight 0.02 / train/inv/head_objective 0.65 / train/inv/head_weight 0 / train/inv/objective 0.65 / train/inv/policy_weight_max 1 / train/inv/policy_weight_mean 1 / train/inv/policy_weight_min 1 / train/inv/policy_weight_std 0 / train/inv/valid_frac 1 / train/inv/weight 0.02 / train/loss/con 0.02 / train/loss/dyn 2.78 / train/loss/image 1.62 / train/loss/inv 0.01 / train/loss/policy -9.9e-3 / train/loss/rep 2.78 / train/loss/repval 0.74 / train/loss/rew 0.64 / train/loss/value 0.72 / replay/replay_ratio 264 / fps/policy 10.28 / fps/train 2632.51

Writing metrics: /home/zhangpeiying01/lfy/btwm-7.7/runs/btwm_dmc_walker_walk_seed1_w002_b11_1m/metrics.jsonl
Writing metrics: /home/zhangpeiying01/lfy/btwm-7.7/runs/btwm_dmc_walker_walk_seed1_w002_b11_1m/scores.jsonl

--------------------[Agent Step 938_592]--------------------
Metrics filtered by: 'score|length|fps|ratio|train/loss/|train/acc/|train/inv/|train/rand/'
train/acc/inv 0.55 / train/inv/ce 1.55 / train/inv/confidence 0.25 / train/inv/confidence_gating 0 / train/inv/effective_rep_weight 0.02 / train/inv/head_objective 0.64 / train/inv/head_weight 0 / train/inv/objective 0.64 / train/inv/policy_weight_max 1 / train/inv/policy_weight_mean 1 / train/inv/policy_weight_min 1 / train/inv/policy_weight_std 0 / train/inv/valid_frac 1 / train/inv/weight 0.02 / train/loss/con 0.02 / train/loss/dyn 2.83 / train/loss/image 1.61 / train/loss/inv 0.01 / train/loss/policy -7.7e-3 / train/loss/rep 2.83 / train/loss/repval 0.74 / train/loss/rew 0.64 / train/loss/value 0.72 / replay/replay_ratio 264 / fps/policy 10.25 / fps/train 2623.78

Writing metrics: /home/zhangpeiying01/lfy/btwm-7.7/runs/btwm_dmc_walker_walk_seed1_w002_b11_1m/scores.jsonl
Writing metrics: /home/zhangpeiying01/lfy/btwm-7.7/runs/btwm_dmc_walker_walk_seed1_w002_b11_1m/metrics.jsonl

--------------------[Agent Step 939_824]--------------------
Metrics filtered by: 'score|length|fps|ratio|train/loss/|train/acc/|train/inv/|train/rand/'
train/acc/inv 0.54 / train/inv/ce 1.55 / train/inv/confidence 0.25 / train/inv/confidence_gating 0 / train/inv/effective_rep_weight 0.02 / train/inv/head_objective 0.65 / train/inv/head_weight 0 / train/inv/objective 0.65 / train/inv/policy_weight_max 1 / train/inv/policy_weight_mean 1 / train/inv/policy_weight_min 1 / train/inv/policy_weight_std 0 / train/inv/valid_frac 1 / train/inv/weight 0.02 / train/loss/con 0.02 / train/loss/dyn 2.99 / train/loss/image 1.62 / train/loss/inv 0.01 / train/loss/policy -0.01 / train/loss/rep 2.99 / train/loss/repval 0.74 / train/loss/rew 0.64 / train/loss/value 0.72 / replay/replay_ratio 264 / fps/policy 10.21 / fps/train 2614.67

Writing metrics: /home/zhangpeiying01/lfy/btwm-7.7/runs/btwm_dmc_walker_walk_seed1_w002_b11_1m/metrics.jsonl
Writing metrics: /home/zhangpeiying01/lfy/btwm-7.7/runs/btwm_dmc_walker_walk_seed1_w002_b11_1m/scores.jsonl

--------------------[Agent Step 941_056]--------------------
Metrics filtered by: 'score|length|fps|ratio|train/loss/|train/acc/|train/inv/|train/rand/'
train/acc/inv 0.54 / train/inv/ce 1.55 / train/inv/confidence 0.25 / train/inv/confidence_gating 0 / train/inv/effective_rep_weight 0.02 / train/inv/head_objective 0.65 / train/inv/head_weight 0 / train/inv/objective 0.65 / train/inv/policy_weight_max 1 / train/inv/policy_weight_mean 1 / train/inv/policy_weight_min 1 / train/inv/policy_weight_std 0 / train/inv/valid_frac 1 / train/inv/weight 0.02 / train/loss/con 0.02 / train/loss/dyn 3.1 / train/loss/image 1.63 / train/loss/inv 0.01 / train/loss/policy -0.01 / train/loss/rep 3.1 / train/loss/repval 0.75 / train/loss/rew 0.64 / train/loss/value 0.72 / replay/replay_ratio 264 / fps/policy 10.18 / fps/train 2604.99

Writing metrics: /home/zhangpeiying01/lfy/btwm-7.7/runs/btwm_dmc_walker_walk_seed1_w002_b11_1m/metrics.jsonl
Writing metrics: /home/zhangpeiying01/lfy/btwm-7.7/runs/btwm_dmc_walker_walk_seed1_w002_b11_1m/scores.jsonl

--------------------[Agent Step 942_272]--------------------
Metrics filtered by: 'score|length|fps|ratio|train/loss/|train/acc/|train/inv/|train/rand/'
train/acc/inv 0.55 / train/inv/ce 1.55 / train/inv/confidence 0.25 / train/inv/confidence_gating 0 / train/inv/effective_rep_weight 0.02 / train/inv/head_objective 0.64 / train/inv/head_weight 0 / train/inv/objective 0.64 / train/inv/policy_weight_max 1 / train/inv/policy_weight_mean 1 / train/inv/policy_weight_min 1 / train/inv/policy_weight_std 0 / train/inv/valid_frac 1 / train/inv/weight 0.02 / train/loss/con 0.02 / train/loss/dyn 2.78 / train/loss/image 1.62 / train/loss/inv 0.01 / train/loss/policy -0.01 / train/loss/rep 2.78 / train/loss/repval 0.75 / train/loss/rew 0.64 / train/loss/value 0.72 / replay/replay_ratio 264 / fps/policy 10.14 / fps/train 2595.94

Writing metrics: /home/zhangpeiying01/lfy/btwm-7.7/runs/btwm_dmc_walker_walk_seed1_w002_b11_1m/metrics.jsonl
Writing metrics: /home/zhangpeiying01/lfy/btwm-7.7/runs/btwm_dmc_walker_walk_seed1_w002_b11_1m/scores.jsonl

--------------------[Agent Step 943_376]--------------------
Metrics filtered by: 'score|length|fps|ratio|train/loss/|train/acc/|train/inv/|train/rand/'
train/acc/inv 0.54 / train/inv/ce 1.56 / train/inv/confidence 0.25 / train/inv/confidence_gating 0 / train/inv/effective_rep_weight 0.02 / train/inv/head_objective 0.65 / train/inv/head_weight 0 / train/inv/objective 0.65 / train/inv/policy_weight_max 1 / train/inv/policy_weight_mean 1 / train/inv/policy_weight_min 1 / train/inv/policy_weight_std 0 / train/inv/valid_frac 1 / train/inv/weight 0.02 / train/loss/con 0.02 / train/loss/dyn 2.97 / train/loss/image 1.61 / train/loss/inv 0.01 / train/loss/policy -8.1e-3 / train/loss/rep 2.97 / train/loss/repval 0.74 / train/loss/rew 0.65 / train/loss/value 0.72 / replay/replay_ratio 264 / fps/policy 9.12 / fps/train 2334.01

Writing metrics: /home/zhangpeiying01/lfy/btwm-7.7/runs/btwm_dmc_walker_walk_seed1_w002_b11_1m/metrics.jsonl
Writing metrics: /home/zhangpeiying01/lfy/btwm-7.7/runs/btwm_dmc_walker_walk_seed1_w002_b11_1m/scores.jsonl

--------------------[Agent Step 944_608]--------------------
Metrics filtered by: 'score|length|fps|ratio|train/loss/|train/acc/|train/inv/|train/rand/'
train/acc/inv 0.54 / train/inv/ce 1.55 / train/inv/confidence 0.25 / train/inv/confidence_gating 0 / train/inv/effective_rep_weight 0.02 / train/inv/head_objective 0.65 / train/inv/head_weight 0 / train/inv/objective 0.65 / train/inv/policy_weight_max 1 / train/inv/policy_weight_mean 1 / train/inv/policy_weight_min 1 / train/inv/policy_weight_std 0 / train/inv/valid_frac 1 / train/inv/weight 0.02 / train/loss/con 0.02 / train/loss/dyn 3.16 / train/loss/image 1.62 / train/loss/inv 0.01 / train/loss/policy -8e-3 / train/loss/rep 3.16 / train/loss/repval 0.74 / train/loss/rew 0.65 / train/loss/value 0.72 / replay/replay_ratio 264 / fps/policy 10.17 / fps/train 2603.57

Writing metrics: /home/zhangpeiying01/lfy/btwm-7.7/runs/btwm_dmc_walker_walk_seed1_w002_b11_1m/scores.jsonl
Writing metrics: /home/zhangpeiying01/lfy/btwm-7.7/runs/btwm_dmc_walker_walk_seed1_w002_b11_1m/metrics.jsonl

--------------------[Agent Step 945_840]--------------------
Metrics filtered by: 'score|length|fps|ratio|train/loss/|train/acc/|train/inv/|train/rand/'
episode/score 960.18 / episode/length 1001 / train/acc/inv 0.54 / train/inv/ce 1.55 / train/inv/confidence 0.25 / train/inv/confidence_gating 0 / train/inv/effective_rep_weight 0.02 / train/inv/head_objective 0.65 / train/inv/head_weight 0 / train/inv/objective 0.65 / train/inv/policy_weight_max 1 / train/inv/policy_weight_mean 1 / train/inv/policy_weight_min 1 / train/inv/policy_weight_std 0 / train/inv/valid_frac 1 / train/inv/weight 0.02 / train/loss/con 0.02 / train/loss/dyn 2.82 / train/loss/image 1.66 / train/loss/inv 0.01 / train/loss/policy -7.4e-3 / train/loss/rep 2.82 / train/loss/repval 0.75 / train/loss/rew 0.64 / train/loss/value 0.72 / replay/replay_ratio 264 / fps/policy 10.15 / fps/train 2599.22

Writing metrics: /home/zhangpeiying01/lfy/btwm-7.7/runs/btwm_dmc_walker_walk_seed1_w002_b11_1m/scores.jsonl
Writing metrics: /home/zhangpeiying01/lfy/btwm-7.7/runs/btwm_dmc_walker_walk_seed1_w002_b11_1m/metrics.jsonl

--------------------[Agent Step 947_072]--------------------
Metrics filtered by: 'score|length|fps|ratio|train/loss/|train/acc/|train/inv/|train/rand/'
train/acc/inv 0.55 / train/inv/ce 1.55 / train/inv/confidence 0.25 / train/inv/confidence_gating 0 / train/inv/effective_rep_weight 0.02 / train/inv/head_objective 0.65 / train/inv/head_weight 0 / train/inv/objective 0.65 / train/inv/policy_weight_max 1 / train/inv/policy_weight_mean 1 / train/inv/policy_weight_min 1 / train/inv/policy_weight_std 0 / train/inv/valid_frac 1 / train/inv/weight 0.02 / train/loss/con 0.02 / train/loss/dyn 2.83 / train/loss/image 1.67 / train/loss/inv 0.01 / train/loss/policy -7.1e-3 / train/loss/rep 2.83 / train/loss/repval 0.75 / train/loss/rew 0.65 / train/loss/value 0.73 / replay/replay_ratio 264 / fps/policy 10.15 / fps/train 2599.49

Writing metrics: /home/zhangpeiying01/lfy/btwm-7.7/runs/btwm_dmc_walker_walk_seed1_w002_b11_1m/scores.jsonl
Writing metrics: /home/zhangpeiying01/lfy/btwm-7.7/runs/btwm_dmc_walker_walk_seed1_w002_b11_1m/metrics.jsonl

--------------------[Agent Step 948_304]--------------------
Metrics filtered by: 'score|length|fps|ratio|train/loss/|train/acc/|train/inv/|train/rand/'
train/acc/inv 0.54 / train/inv/ce 1.55 / train/inv/confidence 0.25 / train/inv/confidence_gating 0 / train/inv/effective_rep_weight 0.02 / train/inv/head_objective 0.65 / train/inv/head_weight 0 / train/inv/objective 0.65 / train/inv/policy_weight_max 1 / train/inv/policy_weight_mean 1 / train/inv/policy_weight_min 1 / train/inv/policy_weight_std 0 / train/inv/valid_frac 1 / train/inv/weight 0.02 / train/loss/con 0.02 / train/loss/dyn 3.02 / train/loss/image 1.66 / train/loss/inv 0.01 / train/loss/policy -0.01 / train/loss/rep 3.02 / train/loss/repval 0.75 / train/loss/rew 0.64 / train/loss/value 0.73 / replay/replay_ratio 264 / fps/policy 10.14 / fps/train 2595.72

Writing metrics: /home/zhangpeiying01/lfy/btwm-7.7/runs/btwm_dmc_walker_walk_seed1_w002_b11_1m/metrics.jsonl
Writing metrics: /home/zhangpeiying01/lfy/btwm-7.7/runs/btwm_dmc_walker_walk_seed1_w002_b11_1m/scores.jsonl

--------------------[Agent Step 949_536]--------------------
Metrics filtered by: 'score|length|fps|ratio|train/loss/|train/acc/|train/inv/|train/rand/'
train/acc/inv 0.55 / train/inv/ce 1.54 / train/inv/confidence 0.25 / train/inv/confidence_gating 0 / train/inv/effective_rep_weight 0.02 / train/inv/head_objective 0.64 / train/inv/head_weight 0 / train/inv/objective 0.64 / train/inv/policy_weight_max 1 / train/inv/policy_weight_mean 1 / train/inv/policy_weight_min 1 / train/inv/policy_weight_std 0 / train/inv/valid_frac 1 / train/inv/weight 0.02 / train/loss/con 0.02 / train/loss/dyn 2.62 / train/loss/image 1.62 / train/loss/inv 0.01 / train/loss/policy -9.8e-3 / train/loss/rep 2.62 / train/loss/repval 0.75 / train/loss/rew 0.64 / train/loss/value 0.73 / replay/replay_ratio 264 / fps/policy 10.15 / fps/train 2599.11

Writing metrics: /home/zhangpeiying01/lfy/btwm-7.7/runs/btwm_dmc_walker_walk_seed1_w002_b11_1m/metrics.jsonl
Writing metrics: /home/zhangpeiying01/lfy/btwm-7.7/runs/btwm_dmc_walker_walk_seed1_w002_b11_1m/scores.jsonl

--------------------[Agent Step 950_768]--------------------
Metrics filtered by: 'score|length|fps|ratio|train/loss/|train/acc/|train/inv/|train/rand/'
train/acc/inv 0.54 / train/inv/ce 1.55 / train/inv/confidence 0.25 / train/inv/confidence_gating 0 / train/inv/effective_rep_weight 0.02 / train/inv/head_objective 0.65 / train/inv/head_weight 0 / train/inv/objective 0.65 / train/inv/policy_weight_max 1 / train/inv/policy_weight_mean 1 / train/inv/policy_weight_min 1 / train/inv/policy_weight_std 0 / train/inv/valid_frac 1 / train/inv/weight 0.02 / train/loss/con 0.02 / train/loss/dyn 2.8 / train/loss/image 1.62 / train/loss/inv 0.01 / train/loss/policy -6.6e-3 / train/loss/rep 2.8 / train/loss/repval 0.74 / train/loss/rew 0.65 / train/loss/value 0.72 / replay/replay_ratio 264 / fps/policy 10.21 / fps/train 2612.68

Writing metrics: /home/zhangpeiying01/lfy/btwm-7.7/runs/btwm_dmc_walker_walk_seed1_w002_b11_1m/metrics.jsonl
Writing metrics: /home/zhangpeiying01/lfy/btwm-7.7/runs/btwm_dmc_walker_walk_seed1_w002_b11_1m/scores.jsonl

--------------------[Agent Step 952_000]--------------------
Metrics filtered by: 'score|length|fps|ratio|train/loss/|train/acc/|train/inv/|train/rand/'
train/acc/inv 0.55 / train/inv/ce 1.55 / train/inv/confidence 0.25 / train/inv/confidence_gating 0 / train/inv/effective_rep_weight 0.02 / train/inv/head_objective 0.64 / train/inv/head_weight 0 / train/inv/objective 0.64 / train/inv/policy_weight_max 1 / train/inv/policy_weight_mean 1 / train/inv/policy_weight_min 1 / train/inv/policy_weight_std 0 / train/inv/valid_frac 1 / train/inv/weight 0.02 / train/loss/con 0.02 / train/loss/dyn 2.88 / train/loss/image 1.63 / train/loss/inv 0.01 / train/loss/policy -0.01 / train/loss/rep 2.88 / train/loss/repval 0.74 / train/loss/rew 0.64 / train/loss/value 0.72 / replay/replay_ratio 264 / fps/policy 10.23 / fps/train 2619.49

Writing metrics: /home/zhangpeiying01/lfy/btwm-7.7/runs/btwm_dmc_walker_walk_seed1_w002_b11_1m/scores.jsonl
Writing metrics: /home/zhangpeiying01/lfy/btwm-7.7/runs/btwm_dmc_walker_walk_seed1_w002_b11_1m/metrics.jsonl

--------------------[Agent Step 953_232]--------------------
Metrics filtered by: 'score|length|fps|ratio|train/loss/|train/acc/|train/inv/|train/rand/'
train/acc/inv 0.54 / train/inv/ce 1.55 / train/inv/confidence 0.25 / train/inv/confidence_gating 0 / train/inv/effective_rep_weight 0.02 / train/inv/head_objective 0.65 / train/inv/head_weight 0 / train/inv/objective 0.65 / train/inv/policy_weight_max 1 / train/inv/policy_weight_mean 1 / train/inv/policy_weight_min 1 / train/inv/policy_weight_std 0 / train/inv/valid_frac 1 / train/inv/weight 0.02 / train/loss/con 0.02 / train/loss/dyn 3.09 / train/loss/image 1.63 / train/loss/inv 0.01 / train/loss/policy -0.01 / train/loss/rep 3.09 / train/loss/repval 0.74 / train/loss/rew 0.64 / train/loss/value 0.72 / replay/replay_ratio 264 / fps/policy 10.23 / fps/train 2619.83

Writing metrics: /home/zhangpeiying01/lfy/btwm-7.7/runs/btwm_dmc_walker_walk_seed1_w002_b11_1m/metrics.jsonl
Writing metrics: /home/zhangpeiying01/lfy/btwm-7.7/runs/btwm_dmc_walker_walk_seed1_w002_b11_1m/scores.jsonl

--------------------[Agent Step 954_464]--------------------
Metrics filtered by: 'score|length|fps|ratio|train/loss/|train/acc/|train/inv/|train/rand/'
train/acc/inv 0.55 / train/inv/ce 1.54 / train/inv/confidence 0.26 / train/inv/confidence_gating 0 / train/inv/effective_rep_weight 0.02 / train/inv/head_objective 0.64 / train/inv/head_weight 0 / train/inv/objective 0.64 / train/inv/policy_weight_max 1 / train/inv/policy_weight_mean 1 / train/inv/policy_weight_min 1 / train/inv/policy_weight_std 0 / train/inv/valid_frac 1 / train/inv/weight 0.02 / train/loss/con 0.02 / train/loss/dyn 2.75 / train/loss/image 1.62 / train/loss/inv 0.01 / train/loss/policy -0.01 / train/loss/rep 2.75 / train/loss/repval 0.75 / train/loss/rew 0.64 / train/loss/value 0.72 / replay/replay_ratio 264 / fps/policy 10.21 / fps/train 2614.11

Writing metrics: /home/zhangpeiying01/lfy/btwm-7.7/runs/btwm_dmc_walker_walk_seed1_w002_b11_1m/metrics.jsonl
Writing metrics: /home/zhangpeiying01/lfy/btwm-7.7/runs/btwm_dmc_walker_walk_seed1_w002_b11_1m/scores.jsonl

--------------------[Agent Step 955_696]--------------------
Metrics filtered by: 'score|length|fps|ratio|train/loss/|train/acc/|train/inv/|train/rand/'
train/acc/inv 0.55 / train/inv/ce 1.55 / train/inv/confidence 0.25 / train/inv/confidence_gating 0 / train/inv/effective_rep_weight 0.02 / train/inv/head_objective 0.64 / train/inv/head_weight 0 / train/inv/objective 0.64 / train/inv/policy_weight_max 1 / train/inv/policy_weight_mean 1 / train/inv/policy_weight_min 1 / train/inv/policy_weight_std 0 / train/inv/valid_frac 1 / train/inv/weight 0.02 / train/loss/con 0.02 / train/loss/dyn 2.82 / train/loss/image 1.62 / train/loss/inv 0.01 / train/loss/policy -8.6e-3 / train/loss/rep 2.82 / train/loss/repval 0.75 / train/loss/rew 0.64 / train/loss/value 0.72 / replay/replay_ratio 264 / fps/policy 10.25 / fps/train 2623.64

Writing metrics: /home/zhangpeiying01/lfy/btwm-7.7/runs/btwm_dmc_walker_walk_seed1_w002_b11_1m/scores.jsonl
Writing metrics: /home/zhangpeiying01/lfy/btwm-7.7/runs/btwm_dmc_walker_walk_seed1_w002_b11_1m/metrics.jsonl

--------------------[Agent Step 956_928]--------------------
Metrics filtered by: 'score|length|fps|ratio|train/loss/|train/acc/|train/inv/|train/rand/'
train/acc/inv 0.54 / train/inv/ce 1.55 / train/inv/confidence 0.25 / train/inv/confidence_gating 0 / train/inv/effective_rep_weight 0.02 / train/inv/head_objective 0.65 / train/inv/head_weight 0 / train/inv/objective 0.65 / train/inv/policy_weight_max 1 / train/inv/policy_weight_mean 1 / train/inv/policy_weight_min 1 / train/inv/policy_weight_std 0 / train/inv/valid_frac 1 / train/inv/weight 0.02 / train/loss/con 0.02 / train/loss/dyn 2.84 / train/loss/image 1.59 / train/loss/inv 0.01 / train/loss/policy -8.6e-3 / train/loss/rep 2.84 / train/loss/repval 0.74 / train/loss/rew 0.65 / train/loss/value 0.72 / replay/replay_ratio 264 / fps/policy 10.24 / fps/train 2621.98

Writing metrics: /home/zhangpeiying01/lfy/btwm-7.7/runs/btwm_dmc_walker_walk_seed1_w002_b11_1m/metrics.jsonl
Writing metrics: /home/zhangpeiying01/lfy/btwm-7.7/runs/btwm_dmc_walker_walk_seed1_w002_b11_1m/scores.jsonl

--------------------[Agent Step 958_160]--------------------
Metrics filtered by: 'score|length|fps|ratio|train/loss/|train/acc/|train/inv/|train/rand/'
train/acc/inv 0.55 / train/inv/ce 1.55 / train/inv/confidence 0.25 / train/inv/confidence_gating 0 / train/inv/effective_rep_weight 0.02 / train/inv/head_objective 0.64 / train/inv/head_weight 0 / train/inv/objective 0.64 / train/inv/policy_weight_max 1 / train/inv/policy_weight_mean 1 / train/inv/policy_weight_min 1 / train/inv/policy_weight_std 0 / train/inv/valid_frac 1 / train/inv/weight 0.02 / train/loss/con 0.02 / train/loss/dyn 2.81 / train/loss/image 1.6 / train/loss/inv 0.01 / train/loss/policy -7.8e-3 / train/loss/rep 2.81 / train/loss/repval 0.74 / train/loss/rew 0.64 / train/loss/value 0.72 / replay/replay_ratio 264 / fps/policy 10.23 / fps/train 2618.27

Writing metrics: /home/zhangpeiying01/lfy/btwm-7.7/runs/btwm_dmc_walker_walk_seed1_w002_b11_1m/metrics.jsonl
Writing metrics: /home/zhangpeiying01/lfy/btwm-7.7/runs/btwm_dmc_walker_walk_seed1_w002_b11_1m/scores.jsonl

--------------------[Agent Step 959_392]--------------------
Metrics filtered by: 'score|length|fps|ratio|train/loss/|train/acc/|train/inv/|train/rand/'
train/acc/inv 0.54 / train/inv/ce 1.55 / train/inv/confidence 0.25 / train/inv/confidence_gating 0 / train/inv/effective_rep_weight 0.02 / train/inv/head_objective 0.65 / train/inv/head_weight 0 / train/inv/objective 0.65 / train/inv/policy_weight_max 1 / train/inv/policy_weight_mean 1 / train/inv/policy_weight_min 1 / train/inv/policy_weight_std 0 / train/inv/valid_frac 1 / train/inv/weight 0.02 / train/loss/con 0.02 / train/loss/dyn 2.72 / train/loss/image 1.58 / train/loss/inv 0.01 / train/loss/policy -0.01 / train/loss/rep 2.72 / train/loss/repval 0.74 / train/loss/rew 0.65 / train/loss/value 0.72 / replay/replay_ratio 264 / fps/policy 10.22 / fps/train 2616.06

Writing metrics: /home/zhangpeiying01/lfy/btwm-7.7/runs/btwm_dmc_walker_walk_seed1_w002_b11_1m/metrics.jsonl
Writing metrics: /home/zhangpeiying01/lfy/btwm-7.7/runs/btwm_dmc_walker_walk_seed1_w002_b11_1m/scores.jsonl

--------------------[Agent Step 960_624]--------------------
Metrics filtered by: 'score|length|fps|ratio|train/loss/|train/acc/|train/inv/|train/rand/'
train/acc/inv 0.55 / train/inv/ce 1.55 / train/inv/confidence 0.25 / train/inv/confidence_gating 0 / train/inv/effective_rep_weight 0.02 / train/inv/head_objective 0.64 / train/inv/head_weight 0 / train/inv/objective 0.64 / train/inv/policy_weight_max 1 / train/inv/policy_weight_mean 1 / train/inv/policy_weight_min 1 / train/inv/policy_weight_std 0 / train/inv/valid_frac 1 / train/inv/weight 0.02 / train/loss/con 0.02 / train/loss/dyn 2.93 / train/loss/image 1.6 / train/loss/inv 0.01 / train/loss/policy -0.01 / train/loss/rep 2.93 / train/loss/repval 0.75 / train/loss/rew 0.64 / train/loss/value 0.72 / replay/replay_ratio 264 / fps/policy 10.21 / fps/train 2613.33

Writing metrics: /home/zhangpeiying01/lfy/btwm-7.7/runs/btwm_dmc_walker_walk_seed1_w002_b11_1m/metrics.jsonl
Writing metrics: /home/zhangpeiying01/lfy/btwm-7.7/runs/btwm_dmc_walker_walk_seed1_w002_b11_1m/scores.jsonl

--------------------[Agent Step 961_856]--------------------
Metrics filtered by: 'score|length|fps|ratio|train/loss/|train/acc/|train/inv/|train/rand/'
episode/score 962.78 / episode/length 1001 / train/acc/inv 0.55 / train/inv/ce 1.55 / train/inv/confidence 0.25 / train/inv/confidence_gating 0 / train/inv/effective_rep_weight 0.02 / train/inv/head_objective 0.64 / train/inv/head_weight 0 / train/inv/objective 0.64 / train/inv/policy_weight_max 1 / train/inv/policy_weight_mean 1 / train/inv/policy_weight_min 1 / train/inv/policy_weight_std 0 / train/inv/valid_frac 1 / train/inv/weight 0.02 / train/loss/con 0.02 / train/loss/dyn 2.88 / train/loss/image 1.65 / train/loss/inv 0.01 / train/loss/policy -0.01 / train/loss/rep 2.88 / train/loss/repval 0.75 / train/loss/rew 0.64 / train/loss/value 0.73 / replay/replay_ratio 264 / fps/policy 10.23 / fps/train 2619.37

Writing metrics: /home/zhangpeiying01/lfy/btwm-7.7/runs/btwm_dmc_walker_walk_seed1_w002_b11_1m/metrics.jsonl
Writing metrics: /home/zhangpeiying01/lfy/btwm-7.7/runs/btwm_dmc_walker_walk_seed1_w002_b11_1m/scores.jsonl

--------------------[Agent Step 963_088]--------------------
Metrics filtered by: 'score|length|fps|ratio|train/loss/|train/acc/|train/inv/|train/rand/'
train/acc/inv 0.54 / train/inv/ce 1.55 / train/inv/confidence 0.25 / train/inv/confidence_gating 0 / train/inv/effective_rep_weight 0.02 / train/inv/head_objective 0.65 / train/inv/head_weight 0 / train/inv/objective 0.65 / train/inv/policy_weight_max 1 / train/inv/policy_weight_mean 1 / train/inv/policy_weight_min 1 / train/inv/policy_weight_std 0 / train/inv/valid_frac 1 / train/inv/weight 0.02 / train/loss/con 0.02 / train/loss/dyn 3.12 / train/loss/image 1.72 / train/loss/inv 0.01 / train/loss/policy -7.5e-3 / train/loss/rep 3.12 / train/loss/repval 0.75 / train/loss/rew 0.65 / train/loss/value 0.73 / replay/replay_ratio 264 / fps/policy 10.23 / fps/train 2618.28

Writing metrics: /home/zhangpeiying01/lfy/btwm-7.7/runs/btwm_dmc_walker_walk_seed1_w002_b11_1m/scores.jsonl
Writing metrics: /home/zhangpeiying01/lfy/btwm-7.7/runs/btwm_dmc_walker_walk_seed1_w002_b11_1m/metrics.jsonl
Saving checkpoint: /home/zhangpeiying01/lfy/btwm-7.7/runs/btwm_dmc_walker_walk_seed1_w002_b11_1m/ckpt/20260716T164712F414989
Saved checkpoint.

--------------------[Agent Step 964_256]--------------------
Metrics filtered by: 'score|length|fps|ratio|train/loss/|train/acc/|train/inv/|train/rand/'
train/acc/inv 0.54 / train/inv/ce 1.55 / train/inv/confidence 0.25 / train/inv/confidence_gating 0 / train/inv/effective_rep_weight 0.02 / train/inv/head_objective 0.65 / train/inv/head_weight 0 / train/inv/objective 0.65 / train/inv/policy_weight_max 1 / train/inv/policy_weight_mean 1 / train/inv/policy_weight_min 1 / train/inv/policy_weight_std 0 / train/inv/valid_frac 1 / train/inv/weight 0.02 / train/loss/con 0.02 / train/loss/dyn 2.81 / train/loss/image 1.62 / train/loss/inv 0.01 / train/loss/policy -6.5e-3 / train/loss/rep 2.81 / train/loss/repval 0.75 / train/loss/rew 0.64 / train/loss/value 0.72 / replay/replay_ratio 264 / fps/policy 9.69 / fps/train 2479.61

Writing metrics: /home/zhangpeiying01/lfy/btwm-7.7/runs/btwm_dmc_walker_walk_seed1_w002_b11_1m/metrics.jsonl
Writing metrics: /home/zhangpeiying01/lfy/btwm-7.7/runs/btwm_dmc_walker_walk_seed1_w002_b11_1m/scores.jsonl

--------------------[Agent Step 965_488]--------------------
Metrics filtered by: 'score|length|fps|ratio|train/loss/|train/acc/|train/inv/|train/rand/'
train/acc/inv 0.55 / train/inv/ce 1.55 / train/inv/confidence 0.25 / train/inv/confidence_gating 0 / train/inv/effective_rep_weight 0.02 / train/inv/head_objective 0.65 / train/inv/head_weight 0 / train/inv/objective 0.65 / train/inv/policy_weight_max 1 / train/inv/policy_weight_mean 1 / train/inv/policy_weight_min 1 / train/inv/policy_weight_std 0 / train/inv/valid_frac 1 / train/inv/weight 0.02 / train/loss/con 0.02 / train/loss/dyn 3.08 / train/loss/image 1.64 / train/loss/inv 0.01 / train/loss/policy -8.5e-3 / train/loss/rep 3.08 / train/loss/repval 0.75 / train/loss/rew 0.64 / train/loss/value 0.73 / replay/replay_ratio 264 / fps/policy 10.22 / fps/train 2615.91

Writing metrics: /home/zhangpeiying01/lfy/btwm-7.7/runs/btwm_dmc_walker_walk_seed1_w002_b11_1m/metrics.jsonl
Writing metrics: /home/zhangpeiying01/lfy/btwm-7.7/runs/btwm_dmc_walker_walk_seed1_w002_b11_1m/scores.jsonl

--------------------[Agent Step 966_720]--------------------
Metrics filtered by: 'score|length|fps|ratio|train/loss/|train/acc/|train/inv/|train/rand/'
train/acc/inv 0.55 / train/inv/ce 1.54 / train/inv/confidence 0.25 / train/inv/confidence_gating 0 / train/inv/effective_rep_weight 0.02 / train/inv/head_objective 0.64 / train/inv/head_weight 0 / train/inv/objective 0.64 / train/inv/policy_weight_max 1 / train/inv/policy_weight_mean 1 / train/inv/policy_weight_min 1 / train/inv/policy_weight_std 0 / train/inv/valid_frac 1 / train/inv/weight 0.02 / train/loss/con 0.02 / train/loss/dyn 2.92 / train/loss/image 1.62 / train/loss/inv 0.01 / train/loss/policy -9.6e-3 / train/loss/rep 2.92 / train/loss/repval 0.75 / train/loss/rew 0.64 / train/loss/value 0.73 / replay/replay_ratio 264 / fps/policy 10.19 / fps/train 2607.44

Writing metrics: /home/zhangpeiying01/lfy/btwm-7.7/runs/btwm_dmc_walker_walk_seed1_w002_b11_1m/scores.jsonl
Writing metrics: /home/zhangpeiying01/lfy/btwm-7.7/runs/btwm_dmc_walker_walk_seed1_w002_b11_1m/metrics.jsonl

--------------------[Agent Step 967_952]--------------------
Metrics filtered by: 'score|length|fps|ratio|train/loss/|train/acc/|train/inv/|train/rand/'
train/acc/inv 0.54 / train/inv/ce 1.55 / train/inv/confidence 0.25 / train/inv/confidence_gating 0 / train/inv/effective_rep_weight 0.02 / train/inv/head_objective 0.65 / train/inv/head_weight 0 / train/inv/objective 0.65 / train/inv/policy_weight_max 1 / train/inv/policy_weight_mean 1 / train/inv/policy_weight_min 1 / train/inv/policy_weight_std 0 / train/inv/valid_frac 1 / train/inv/weight 0.02 / train/loss/con 0.02 / train/loss/dyn 2.91 / train/loss/image 1.63 / train/loss/inv 0.01 / train/loss/policy -4.7e-3 / train/loss/rep 2.91 / train/loss/repval 0.75 / train/loss/rew 0.65 / train/loss/value 0.72 / replay/replay_ratio 264 / fps/policy 10.23 / fps/train 2618.08

Writing metrics: /home/zhangpeiying01/lfy/btwm-7.7/runs/btwm_dmc_walker_walk_seed1_w002_b11_1m/scores.jsonl
Writing metrics: /home/zhangpeiying01/lfy/btwm-7.7/runs/btwm_dmc_walker_walk_seed1_w002_b11_1m/metrics.jsonl

--------------------[Agent Step 969_184]--------------------
Metrics filtered by: 'score|length|fps|ratio|train/loss/|train/acc/|train/inv/|train/rand/'
train/acc/inv 0.55 / train/inv/ce 1.55 / train/inv/confidence 0.25 / train/inv/confidence_gating 0 / train/inv/effective_rep_weight 0.02 / train/inv/head_objective 0.65 / train/inv/head_weight 0 / train/inv/objective 0.65 / train/inv/policy_weight_max 1 / train/inv/policy_weight_mean 1 / train/inv/policy_weight_min 1 / train/inv/policy_weight_std 0 / train/inv/valid_frac 1 / train/inv/weight 0.02 / train/loss/con 0.02 / train/loss/dyn 2.9 / train/loss/image 1.61 / train/loss/inv 0.01 / train/loss/policy -6.7e-3 / train/loss/rep 2.9 / train/loss/repval 0.74 / train/loss/rew 0.65 / train/loss/value 0.72 / replay/replay_ratio 264 / fps/policy 10.19 / fps/train 2608.62

Writing metrics: /home/zhangpeiying01/lfy/btwm-7.7/runs/btwm_dmc_walker_walk_seed1_w002_b11_1m/scores.jsonl
Writing metrics: /home/zhangpeiying01/lfy/btwm-7.7/runs/btwm_dmc_walker_walk_seed1_w002_b11_1m/metrics.jsonl

--------------------[Agent Step 970_416]--------------------
Metrics filtered by: 'score|length|fps|ratio|train/loss/|train/acc/|train/inv/|train/rand/'
train/acc/inv 0.55 / train/inv/ce 1.54 / train/inv/confidence 0.26 / train/inv/confidence_gating 0 / train/inv/effective_rep_weight 0.02 / train/inv/head_objective 0.64 / train/inv/head_weight 0 / train/inv/objective 0.64 / train/inv/policy_weight_max 1 / train/inv/policy_weight_mean 1 / train/inv/policy_weight_min 1 / train/inv/policy_weight_std 0 / train/inv/valid_frac 1 / train/inv/weight 0.02 / train/loss/con 0.02 / train/loss/dyn 2.85 / train/loss/image 1.62 / train/loss/inv 0.01 / train/loss/policy -6.3e-3 / train/loss/rep 2.85 / train/loss/repval 0.74 / train/loss/rew 0.64 / train/loss/value 0.72 / replay/replay_ratio 264 / fps/policy 10.18 / fps/train 2607.14

Writing metrics: /home/zhangpeiying01/lfy/btwm-7.7/runs/btwm_dmc_walker_walk_seed1_w002_b11_1m/metrics.jsonl
Writing metrics: /home/zhangpeiying01/lfy/btwm-7.7/runs/btwm_dmc_walker_walk_seed1_w002_b11_1m/scores.jsonl

--------------------[Agent Step 971_648]--------------------
Metrics filtered by: 'score|length|fps|ratio|train/loss/|train/acc/|train/inv/|train/rand/'
train/acc/inv 0.54 / train/inv/ce 1.55 / train/inv/confidence 0.25 / train/inv/confidence_gating 0 / train/inv/effective_rep_weight 0.02 / train/inv/head_objective 0.65 / train/inv/head_weight 0 / train/inv/objective 0.65 / train/inv/policy_weight_max 1 / train/inv/policy_weight_mean 1 / train/inv/policy_weight_min 1 / train/inv/policy_weight_std 0 / train/inv/valid_frac 1 / train/inv/weight 0.02 / train/loss/con 0.02 / train/loss/dyn 2.98 / train/loss/image 1.61 / train/loss/inv 0.01 / train/loss/policy -7.3e-3 / train/loss/rep 2.98 / train/loss/repval 0.74 / train/loss/rew 0.64 / train/loss/value 0.71 / replay/replay_ratio 264 / fps/policy 10.23 / fps/train 2619.32

Writing metrics: /home/zhangpeiying01/lfy/btwm-7.7/runs/btwm_dmc_walker_walk_seed1_w002_b11_1m/metrics.jsonl
Writing metrics: /home/zhangpeiying01/lfy/btwm-7.7/runs/btwm_dmc_walker_walk_seed1_w002_b11_1m/scores.jsonl

--------------------[Agent Step 972_880]--------------------
Metrics filtered by: 'score|length|fps|ratio|train/loss/|train/acc/|train/inv/|train/rand/'
train/acc/inv 0.55 / train/inv/ce 1.54 / train/inv/confidence 0.26 / train/inv/confidence_gating 0 / train/inv/effective_rep_weight 0.02 / train/inv/head_objective 0.64 / train/inv/head_weight 0 / train/inv/objective 0.64 / train/inv/policy_weight_max 1 / train/inv/policy_weight_mean 1 / train/inv/policy_weight_min 1 / train/inv/policy_weight_std 0 / train/inv/valid_frac 1 / train/inv/weight 0.02 / train/loss/con 0.02 / train/loss/dyn 2.79 / train/loss/image 1.61 / train/loss/inv 0.01 / train/loss/policy -2.2e-3 / train/loss/rep 2.79 / train/loss/repval 0.74 / train/loss/rew 0.64 / train/loss/value 0.72 / replay/replay_ratio 264 / fps/policy 10.24 / fps/train 2620.99

Writing metrics: /home/zhangpeiying01/lfy/btwm-7.7/runs/btwm_dmc_walker_walk_seed1_w002_b11_1m/metrics.jsonl
Writing metrics: /home/zhangpeiying01/lfy/btwm-7.7/runs/btwm_dmc_walker_walk_seed1_w002_b11_1m/scores.jsonl

--------------------[Agent Step 974_112]--------------------
Metrics filtered by: 'score|length|fps|ratio|train/loss/|train/acc/|train/inv/|train/rand/'
train/acc/inv 0.55 / train/inv/ce 1.55 / train/inv/confidence 0.25 / train/inv/confidence_gating 0 / train/inv/effective_rep_weight 0.02 / train/inv/head_objective 0.64 / train/inv/head_weight 0 / train/inv/objective 0.64 / train/inv/policy_weight_max 1 / train/inv/policy_weight_mean 1 / train/inv/policy_weight_min 1 / train/inv/policy_weight_std 0 / train/inv/valid_frac 1 / train/inv/weight 0.02 / train/loss/con 0.02 / train/loss/dyn 2.9 / train/loss/image 1.62 / train/loss/inv 0.01 / train/loss/policy -4.5e-3 / train/loss/rep 2.9 / train/loss/repval 0.75 / train/loss/rew 0.64 / train/loss/value 0.72 / replay/replay_ratio 264 / fps/policy 10.23 / fps/train 2617.65

Writing metrics: /home/zhangpeiying01/lfy/btwm-7.7/runs/btwm_dmc_walker_walk_seed1_w002_b11_1m/metrics.jsonl
Writing metrics: /home/zhangpeiying01/lfy/btwm-7.7/runs/btwm_dmc_walker_walk_seed1_w002_b11_1m/scores.jsonl

--------------------[Agent Step 975_344]--------------------
Metrics filtered by: 'score|length|fps|ratio|train/loss/|train/acc/|train/inv/|train/rand/'
train/acc/inv 0.54 / train/inv/ce 1.55 / train/inv/confidence 0.25 / train/inv/confidence_gating 0 / train/inv/effective_rep_weight 0.02 / train/inv/head_objective 0.65 / train/inv/head_weight 0 / train/inv/objective 0.65 / train/inv/policy_weight_max 1 / train/inv/policy_weight_mean 1 / train/inv/policy_weight_min 1 / train/inv/policy_weight_std 0 / train/inv/valid_frac 1 / train/inv/weight 0.02 / train/loss/con 0.02 / train/loss/dyn 2.84 / train/loss/image 1.6 / train/loss/inv 0.01 / train/loss/policy -8e-3 / train/loss/rep 2.84 / train/loss/repval 0.74 / train/loss/rew 0.65 / train/loss/value 0.72 / replay/replay_ratio 264 / fps/policy 10.23 / fps/train 2619.49

Writing metrics: /home/zhangpeiying01/lfy/btwm-7.7/runs/btwm_dmc_walker_walk_seed1_w002_b11_1m/scores.jsonl
Writing metrics: /home/zhangpeiying01/lfy/btwm-7.7/runs/btwm_dmc_walker_walk_seed1_w002_b11_1m/metrics.jsonl

--------------------[Agent Step 976_576]--------------------
Metrics filtered by: 'score|length|fps|ratio|train/loss/|train/acc/|train/inv/|train/rand/'
train/acc/inv 0.54 / train/inv/ce 1.55 / train/inv/confidence 0.25 / train/inv/confidence_gating 0 / train/inv/effective_rep_weight 0.02 / train/inv/head_objective 0.65 / train/inv/head_weight 0 / train/inv/objective 0.65 / train/inv/policy_weight_max 1 / train/inv/policy_weight_mean 1 / train/inv/policy_weight_min 1 / train/inv/policy_weight_std 0 / train/inv/valid_frac 1 / train/inv/weight 0.02 / train/loss/con 0.02 / train/loss/dyn 3.07 / train/loss/image 1.61 / train/loss/inv 0.01 / train/loss/policy -7.5e-3 / train/loss/rep 3.07 / train/loss/repval 0.74 / train/loss/rew 0.64 / train/loss/value 0.72 / replay/replay_ratio 264 / fps/policy 10.23 / fps/train 2618.05

Writing metrics: /home/zhangpeiying01/lfy/btwm-7.7/runs/btwm_dmc_walker_walk_seed1_w002_b11_1m/metrics.jsonl
Writing metrics: /home/zhangpeiying01/lfy/btwm-7.7/runs/btwm_dmc_walker_walk_seed1_w002_b11_1m/scores.jsonl

--------------------[Agent Step 977_808]--------------------
Metrics filtered by: 'score|length|fps|ratio|train/loss/|train/acc/|train/inv/|train/rand/'
episode/score 970.12 / episode/length 1001 / train/acc/inv 0.55 / train/inv/ce 1.55 / train/inv/confidence 0.25 / train/inv/confidence_gating 0 / train/inv/effective_rep_weight 0.02 / train/inv/head_objective 0.65 / train/inv/head_weight 0 / train/inv/objective 0.65 / train/inv/policy_weight_max 1 / train/inv/policy_weight_mean 1 / train/inv/policy_weight_min 1 / train/inv/policy_weight_std 0 / train/inv/valid_frac 1 / train/inv/weight 0.02 / train/loss/con 0.02 / train/loss/dyn 2.74 / train/loss/image 1.6 / train/loss/inv 0.01 / train/loss/policy -5.4e-3 / train/loss/rep 2.74 / train/loss/repval 0.74 / train/loss/rew 0.65 / train/loss/value 0.72 / replay/replay_ratio 264 / fps/policy 10.16 / fps/train 2601.2

Writing metrics: /home/zhangpeiying01/lfy/btwm-7.7/runs/btwm_dmc_walker_walk_seed1_w002_b11_1m/metrics.jsonl
Writing metrics: /home/zhangpeiying01/lfy/btwm-7.7/runs/btwm_dmc_walker_walk_seed1_w002_b11_1m/scores.jsonl

--------------------[Agent Step 979_024]--------------------
Metrics filtered by: 'score|length|fps|ratio|train/loss/|train/acc/|train/inv/|train/rand/'
train/acc/inv 0.54 / train/inv/ce 1.56 / train/inv/confidence 0.25 / train/inv/confidence_gating 0 / train/inv/effective_rep_weight 0.02 / train/inv/head_objective 0.65 / train/inv/head_weight 0 / train/inv/objective 0.65 / train/inv/policy_weight_max 1 / train/inv/policy_weight_mean 1 / train/inv/policy_weight_min 1 / train/inv/policy_weight_std 0 / train/inv/valid_frac 1 / train/inv/weight 0.02 / train/loss/con 0.02 / train/loss/dyn 3.09 / train/loss/image 1.78 / train/loss/inv 0.01 / train/loss/policy -4.5e-3 / train/loss/rep 3.09 / train/loss/repval 0.74 / train/loss/rew 0.64 / train/loss/value 0.72 / replay/replay_ratio 264 / fps/policy 10.07 / fps/train 2577.56

Writing metrics: /home/zhangpeiying01/lfy/btwm-7.7/runs/btwm_dmc_walker_walk_seed1_w002_b11_1m/metrics.jsonl
Writing metrics: /home/zhangpeiying01/lfy/btwm-7.7/runs/btwm_dmc_walker_walk_seed1_w002_b11_1m/scores.jsonl

--------------------[Agent Step 980_256]--------------------
Metrics filtered by: 'score|length|fps|ratio|train/loss/|train/acc/|train/inv/|train/rand/'
train/acc/inv 0.55 / train/inv/ce 1.54 / train/inv/confidence 0.25 / train/inv/confidence_gating 0 / train/inv/effective_rep_weight 0.02 / train/inv/head_objective 0.64 / train/inv/head_weight 0 / train/inv/objective 0.64 / train/inv/policy_weight_max 1 / train/inv/policy_weight_mean 1 / train/inv/policy_weight_min 1 / train/inv/policy_weight_std 0 / train/inv/valid_frac 1 / train/inv/weight 0.02 / train/loss/con 0.02 / train/loss/dyn 2.85 / train/loss/image 1.69 / train/loss/inv 0.01 / train/loss/policy -8e-3 / train/loss/rep 2.85 / train/loss/repval 0.75 / train/loss/rew 0.64 / train/loss/value 0.72 / replay/replay_ratio 264 / fps/policy 10.14 / fps/train 2594.57

Writing metrics: /home/zhangpeiying01/lfy/btwm-7.7/runs/btwm_dmc_walker_walk_seed1_w002_b11_1m/metrics.jsonl
Writing metrics: /home/zhangpeiying01/lfy/btwm-7.7/runs/btwm_dmc_walker_walk_seed1_w002_b11_1m/scores.jsonl

--------------------[Agent Step 981_472]--------------------
Metrics filtered by: 'score|length|fps|ratio|train/loss/|train/acc/|train/inv/|train/rand/'
train/acc/inv 0.55 / train/inv/ce 1.54 / train/inv/confidence 0.25 / train/inv/confidence_gating 0 / train/inv/effective_rep_weight 0.02 / train/inv/head_objective 0.64 / train/inv/head_weight 0 / train/inv/objective 0.64 / train/inv/policy_weight_max 1 / train/inv/policy_weight_mean 1 / train/inv/policy_weight_min 1 / train/inv/policy_weight_std 0 / train/inv/valid_frac 1 / train/inv/weight 0.02 / train/loss/con 0.02 / train/loss/dyn 2.84 / train/loss/image 1.65 / train/loss/inv 0.01 / train/loss/policy -5e-3 / train/loss/rep 2.84 / train/loss/repval 0.74 / train/loss/rew 0.64 / train/loss/value 0.72 / replay/replay_ratio 264 / fps/policy 10.12 / fps/train 2590.39

Writing metrics: /home/zhangpeiying01/lfy/btwm-7.7/runs/btwm_dmc_walker_walk_seed1_w002_b11_1m/metrics.jsonl
Writing metrics: /home/zhangpeiying01/lfy/btwm-7.7/runs/btwm_dmc_walker_walk_seed1_w002_b11_1m/scores.jsonl

--------------------[Agent Step 982_688]--------------------
Metrics filtered by: 'score|length|fps|ratio|train/loss/|train/acc/|train/inv/|train/rand/'
train/acc/inv 0.55 / train/inv/ce 1.54 / train/inv/confidence 0.25 / train/inv/confidence_gating 0 / train/inv/effective_rep_weight 0.02 / train/inv/head_objective 0.64 / train/inv/head_weight 0 / train/inv/objective 0.64 / train/inv/policy_weight_max 1 / train/inv/policy_weight_mean 1 / train/inv/policy_weight_min 1 / train/inv/policy_weight_std 0 / train/inv/valid_frac 1 / train/inv/weight 0.02 / train/loss/con 0.02 / train/loss/dyn 3.07 / train/loss/image 1.65 / train/loss/inv 0.01 / train/loss/policy -8.7e-3 / train/loss/rep 3.07 / train/loss/repval 0.74 / train/loss/rew 0.64 / train/loss/value 0.72 / replay/replay_ratio 264 / fps/policy 10.09 / fps/train 2582.32

Writing metrics: /home/zhangpeiying01/lfy/btwm-7.7/runs/btwm_dmc_walker_walk_seed1_w002_b11_1m/scores.jsonl
Writing metrics: /home/zhangpeiying01/lfy/btwm-7.7/runs/btwm_dmc_walker_walk_seed1_w002_b11_1m/metrics.jsonl

--------------------[Agent Step 983_904]--------------------
Metrics filtered by: 'score|length|fps|ratio|train/loss/|train/acc/|train/inv/|train/rand/'
train/acc/inv 0.55 / train/inv/ce 1.55 / train/inv/confidence 0.25 / train/inv/confidence_gating 0 / train/inv/effective_rep_weight 0.02 / train/inv/head_objective 0.64 / train/inv/head_weight 0 / train/inv/objective 0.64 / train/inv/policy_weight_max 1 / train/inv/policy_weight_mean 1 / train/inv/policy_weight_min 1 / train/inv/policy_weight_std 0 / train/inv/valid_frac 1 / train/inv/weight 0.02 / train/loss/con 0.02 / train/loss/dyn 3.07 / train/loss/image 1.64 / train/loss/inv 0.01 / train/loss/policy -9.4e-3 / train/loss/rep 3.07 / train/loss/repval 0.75 / train/loss/rew 0.64 / train/loss/value 0.72 / replay/replay_ratio 264 / fps/policy 10.01 / fps/train 2561.83

Writing metrics: /home/zhangpeiying01/lfy/btwm-7.7/runs/btwm_dmc_walker_walk_seed1_w002_b11_1m/scores.jsonl
Writing metrics: /home/zhangpeiying01/lfy/btwm-7.7/runs/btwm_dmc_walker_walk_seed1_w002_b11_1m/metrics.jsonl

--------------------[Agent Step 985_104]--------------------
Metrics filtered by: 'score|length|fps|ratio|train/loss/|train/acc/|train/inv/|train/rand/'
train/acc/inv 0.55 / train/inv/ce 1.54 / train/inv/confidence 0.26 / train/inv/confidence_gating 0 / train/inv/effective_rep_weight 0.02 / train/inv/head_objective 0.64 / train/inv/head_weight 0 / train/inv/objective 0.64 / train/inv/policy_weight_max 1 / train/inv/policy_weight_mean 1 / train/inv/policy_weight_min 1 / train/inv/policy_weight_std 0 / train/inv/valid_frac 1 / train/inv/weight 0.02 / train/loss/con 0.02 / train/loss/dyn 2.59 / train/loss/image 1.6 / train/loss/inv 0.01 / train/loss/policy -4.3e-3 / train/loss/rep 2.59 / train/loss/repval 0.75 / train/loss/rew 0.64 / train/loss/value 0.73 / replay/replay_ratio 264 / fps/policy 9.97 / fps/train 2552.07

Writing metrics: /home/zhangpeiying01/lfy/btwm-7.7/runs/btwm_dmc_walker_walk_seed1_w002_b11_1m/scores.jsonl
Writing metrics: /home/zhangpeiying01/lfy/btwm-7.7/runs/btwm_dmc_walker_walk_seed1_w002_b11_1m/metrics.jsonl

--------------------[Agent Step 986_320]--------------------
Metrics filtered by: 'score|length|fps|ratio|train/loss/|train/acc/|train/inv/|train/rand/'
train/acc/inv 0.55 / train/inv/ce 1.54 / train/inv/confidence 0.25 / train/inv/confidence_gating 0 / train/inv/effective_rep_weight 0.02 / train/inv/head_objective 0.64 / train/inv/head_weight 0 / train/inv/objective 0.64 / train/inv/policy_weight_max 1 / train/inv/policy_weight_mean 1 / train/inv/policy_weight_min 1 / train/inv/policy_weight_std 0 / train/inv/valid_frac 1 / train/inv/weight 0.02 / train/loss/con 0.02 / train/loss/dyn 2.95 / train/loss/image 1.62 / train/loss/inv 0.01 / train/loss/policy -8.4e-3 / train/loss/rep 2.95 / train/loss/repval 0.75 / train/loss/rew 0.64 / train/loss/value 0.72 / replay/replay_ratio 264 / fps/policy 10.09 / fps/train 2582.57

Writing metrics: /home/zhangpeiying01/lfy/btwm-7.7/runs/btwm_dmc_walker_walk_seed1_w002_b11_1m/metrics.jsonl
Writing metrics: /home/zhangpeiying01/lfy/btwm-7.7/runs/btwm_dmc_walker_walk_seed1_w002_b11_1m/scores.jsonl

--------------------[Agent Step 987_536]--------------------
Metrics filtered by: 'score|length|fps|ratio|train/loss/|train/acc/|train/inv/|train/rand/'
train/acc/inv 0.55 / train/inv/ce 1.55 / train/inv/confidence 0.25 / train/inv/confidence_gating 0 / train/inv/effective_rep_weight 0.02 / train/inv/head_objective 0.64 / train/inv/head_weight 0 / train/inv/objective 0.64 / train/inv/policy_weight_max 1 / train/inv/policy_weight_mean 1 / train/inv/policy_weight_min 1 / train/inv/policy_weight_std 0 / train/inv/valid_frac 1 / train/inv/weight 0.02 / train/loss/con 0.02 / train/loss/dyn 2.88 / train/loss/image 1.62 / train/loss/inv 0.01 / train/loss/policy -4.8e-3 / train/loss/rep 2.88 / train/loss/repval 0.75 / train/loss/rew 0.64 / train/loss/value 0.72 / replay/replay_ratio 264 / fps/policy 10.05 / fps/train 2572.97

Writing metrics: /home/zhangpeiying01/lfy/btwm-7.7/runs/btwm_dmc_walker_walk_seed1_w002_b11_1m/scores.jsonl
Writing metrics: /home/zhangpeiying01/lfy/btwm-7.7/runs/btwm_dmc_walker_walk_seed1_w002_b11_1m/metrics.jsonl

--------------------[Agent Step 988_752]--------------------
Metrics filtered by: 'score|length|fps|ratio|train/loss/|train/acc/|train/inv/|train/rand/'
train/acc/inv 0.55 / train/inv/ce 1.54 / train/inv/confidence 0.26 / train/inv/confidence_gating 0 / train/inv/effective_rep_weight 0.02 / train/inv/head_objective 0.64 / train/inv/head_weight 0 / train/inv/objective 0.64 / train/inv/policy_weight_max 1 / train/inv/policy_weight_mean 1 / train/inv/policy_weight_min 1 / train/inv/policy_weight_std 0 / train/inv/valid_frac 1 / train/inv/weight 0.02 / train/loss/con 0.02 / train/loss/dyn 2.97 / train/loss/image 1.62 / train/loss/inv 0.01 / train/loss/policy -0.01 / train/loss/rep 2.97 / train/loss/repval 0.75 / train/loss/rew 0.64 / train/loss/value 0.73 / replay/replay_ratio 264 / fps/policy 10.01 / fps/train 2562.8

Writing metrics: /home/zhangpeiying01/lfy/btwm-7.7/runs/btwm_dmc_walker_walk_seed1_w002_b11_1m/scores.jsonl
Writing metrics: /home/zhangpeiying01/lfy/btwm-7.7/runs/btwm_dmc_walker_walk_seed1_w002_b11_1m/metrics.jsonl

--------------------[Agent Step 989_952]--------------------
Metrics filtered by: 'score|length|fps|ratio|train/loss/|train/acc/|train/inv/|train/rand/'
train/acc/inv 0.55 / train/inv/ce 1.54 / train/inv/confidence 0.26 / train/inv/confidence_gating 0 / train/inv/effective_rep_weight 0.02 / train/inv/head_objective 0.64 / train/inv/head_weight 0 / train/inv/objective 0.64 / train/inv/policy_weight_max 1 / train/inv/policy_weight_mean 1 / train/inv/policy_weight_min 1 / train/inv/policy_weight_std 0 / train/inv/valid_frac 1 / train/inv/weight 0.02 / train/loss/con 0.02 / train/loss/dyn 2.97 / train/loss/image 1.6 / train/loss/inv 0.01 / train/loss/policy -6.4e-3 / train/loss/rep 2.97 / train/loss/repval 0.75 / train/loss/rew 0.64 / train/loss/value 0.73 / replay/replay_ratio 264 / fps/policy 9.93 / fps/train 2542.22

Writing metrics: /home/zhangpeiying01/lfy/btwm-7.7/runs/btwm_dmc_walker_walk_seed1_w002_b11_1m/scores.jsonl
Writing metrics: /home/zhangpeiying01/lfy/btwm-7.7/runs/btwm_dmc_walker_walk_seed1_w002_b11_1m/metrics.jsonl

--------------------[Agent Step 991_152]--------------------
Metrics filtered by: 'score|length|fps|ratio|train/loss/|train/acc/|train/inv/|train/rand/'
train/acc/inv 0.54 / train/inv/ce 1.55 / train/inv/confidence 0.25 / train/inv/confidence_gating 0 / train/inv/effective_rep_weight 0.02 / train/inv/head_objective 0.65 / train/inv/head_weight 0 / train/inv/objective 0.65 / train/inv/policy_weight_max 1 / train/inv/policy_weight_mean 1 / train/inv/policy_weight_min 1 / train/inv/policy_weight_std 0 / train/inv/valid_frac 1 / train/inv/weight 0.02 / train/loss/con 0.02 / train/loss/dyn 2.86 / train/loss/image 1.59 / train/loss/inv 0.01 / train/loss/policy -3.9e-3 / train/loss/rep 2.86 / train/loss/repval 0.74 / train/loss/rew 0.65 / train/loss/value 0.72 / replay/replay_ratio 264 / fps/policy 9.98 / fps/train 2554.26

Writing metrics: /home/zhangpeiying01/lfy/btwm-7.7/runs/btwm_dmc_walker_walk_seed1_w002_b11_1m/metrics.jsonl
Writing metrics: /home/zhangpeiying01/lfy/btwm-7.7/runs/btwm_dmc_walker_walk_seed1_w002_b11_1m/scores.jsonl

--------------------[Agent Step 992_352]--------------------
Metrics filtered by: 'score|length|fps|ratio|train/loss/|train/acc/|train/inv/|train/rand/'
train/acc/inv 0.55 / train/inv/ce 1.54 / train/inv/confidence 0.25 / train/inv/confidence_gating 0 / train/inv/effective_rep_weight 0.02 / train/inv/head_objective 0.64 / train/inv/head_weight 0 / train/inv/objective 0.64 / train/inv/policy_weight_max 1 / train/inv/policy_weight_mean 1 / train/inv/policy_weight_min 1 / train/inv/policy_weight_std 0 / train/inv/valid_frac 1 / train/inv/weight 0.02 / train/loss/con 0.02 / train/loss/dyn 2.95 / train/loss/image 1.59 / train/loss/inv 0.01 / train/loss/policy -6e-3 / train/loss/rep 2.95 / train/loss/repval 0.74 / train/loss/rew 0.65 / train/loss/value 0.72 / replay/replay_ratio 264 / fps/policy 9.99 / fps/train 2556.38

Writing metrics: /home/zhangpeiying01/lfy/btwm-7.7/runs/btwm_dmc_walker_walk_seed1_w002_b11_1m/scores.jsonl
Writing metrics: /home/zhangpeiying01/lfy/btwm-7.7/runs/btwm_dmc_walker_walk_seed1_w002_b11_1m/metrics.jsonl

--------------------[Agent Step 993_552]--------------------
Metrics filtered by: 'score|length|fps|ratio|train/loss/|train/acc/|train/inv/|train/rand/'
episode/score 898.85 / episode/length 1001 / train/acc/inv 0.54 / train/inv/ce 1.55 / train/inv/confidence 0.25 / train/inv/confidence_gating 0 / train/inv/effective_rep_weight 0.02 / train/inv/head_objective 0.65 / train/inv/head_weight 0 / train/inv/objective 0.65 / train/inv/policy_weight_max 1 / train/inv/policy_weight_mean 1 / train/inv/policy_weight_min 1 / train/inv/policy_weight_std 0 / train/inv/valid_frac 1 / train/inv/weight 0.02 / train/loss/con 0.02 / train/loss/dyn 2.94 / train/loss/image 1.6 / train/loss/inv 0.01 / train/loss/policy -7.4e-3 / train/loss/rep 2.94 / train/loss/repval 0.74 / train/loss/rew 0.65 / train/loss/value 0.72 / replay/replay_ratio 264 / fps/policy 9.93 / fps/train 2542

Writing metrics: /home/zhangpeiying01/lfy/btwm-7.7/runs/btwm_dmc_walker_walk_seed1_w002_b11_1m/metrics.jsonl
Writing metrics: /home/zhangpeiying01/lfy/btwm-7.7/runs/btwm_dmc_walker_walk_seed1_w002_b11_1m/scores.jsonl

--------------------[Agent Step 994_752]--------------------
Metrics filtered by: 'score|length|fps|ratio|train/loss/|train/acc/|train/inv/|train/rand/'
train/acc/inv 0.55 / train/inv/ce 1.55 / train/inv/confidence 0.25 / train/inv/confidence_gating 0 / train/inv/effective_rep_weight 0.02 / train/inv/head_objective 0.64 / train/inv/head_weight 0 / train/inv/objective 0.64 / train/inv/policy_weight_max 1 / train/inv/policy_weight_mean 1 / train/inv/policy_weight_min 1 / train/inv/policy_weight_std 0 / train/inv/valid_frac 1 / train/inv/weight 0.02 / train/loss/con 0.02 / train/loss/dyn 2.8 / train/loss/image 1.69 / train/loss/inv 0.01 / train/loss/policy -6.4e-3 / train/loss/rep 2.8 / train/loss/repval 0.74 / train/loss/rew 0.64 / train/loss/value 0.72 / replay/replay_ratio 264 / fps/policy 9.97 / fps/train 2551.91

Writing metrics: /home/zhangpeiying01/lfy/btwm-7.7/runs/btwm_dmc_walker_walk_seed1_w002_b11_1m/metrics.jsonl
Writing metrics: /home/zhangpeiying01/lfy/btwm-7.7/runs/btwm_dmc_walker_walk_seed1_w002_b11_1m/scores.jsonl

--------------------[Agent Step 995_952]--------------------
Metrics filtered by: 'score|length|fps|ratio|train/loss/|train/acc/|train/inv/|train/rand/'
train/acc/inv 0.55 / train/inv/ce 1.55 / train/inv/confidence 0.25 / train/inv/confidence_gating 0 / train/inv/effective_rep_weight 0.02 / train/inv/head_objective 0.65 / train/inv/head_weight 0 / train/inv/objective 0.65 / train/inv/policy_weight_max 1 / train/inv/policy_weight_mean 1 / train/inv/policy_weight_min 1 / train/inv/policy_weight_std 0 / train/inv/valid_frac 1 / train/inv/weight 0.02 / train/loss/con 0.02 / train/loss/dyn 2.87 / train/loss/image 1.62 / train/loss/inv 0.01 / train/loss/policy -8.4e-3 / train/loss/rep 2.87 / train/loss/repval 0.74 / train/loss/rew 0.65 / train/loss/value 0.72 / replay/replay_ratio 264 / fps/policy 9.93 / fps/train 2543.25

Writing metrics: /home/zhangpeiying01/lfy/btwm-7.7/runs/btwm_dmc_walker_walk_seed1_w002_b11_1m/scores.jsonl
Writing metrics: /home/zhangpeiying01/lfy/btwm-7.7/runs/btwm_dmc_walker_walk_seed1_w002_b11_1m/metrics.jsonl

--------------------[Agent Step 997_152]--------------------
Metrics filtered by: 'score|length|fps|ratio|train/loss/|train/acc/|train/inv/|train/rand/'
train/acc/inv 0.55 / train/inv/ce 1.55 / train/inv/confidence 0.25 / train/inv/confidence_gating 0 / train/inv/effective_rep_weight 0.02 / train/inv/head_objective 0.65 / train/inv/head_weight 0 / train/inv/objective 0.65 / train/inv/policy_weight_max 1 / train/inv/policy_weight_mean 1 / train/inv/policy_weight_min 1 / train/inv/policy_weight_std 0 / train/inv/valid_frac 1 / train/inv/weight 0.02 / train/loss/con 0.02 / train/loss/dyn 3.05 / train/loss/image 1.64 / train/loss/inv 0.01 / train/loss/policy -7.3e-3 / train/loss/rep 3.05 / train/loss/repval 0.74 / train/loss/rew 0.64 / train/loss/value 0.72 / replay/replay_ratio 264 / fps/policy 9.89 / fps/train 2531.15

Writing metrics: /home/zhangpeiying01/lfy/btwm-7.7/runs/btwm_dmc_walker_walk_seed1_w002_b11_1m/scores.jsonl
Writing metrics: /home/zhangpeiying01/lfy/btwm-7.7/runs/btwm_dmc_walker_walk_seed1_w002_b11_1m/metrics.jsonl

--------------------[Agent Step 998_352]--------------------
Metrics filtered by: 'score|length|fps|ratio|train/loss/|train/acc/|train/inv/|train/rand/'
train/acc/inv 0.54 / train/inv/ce 1.55 / train/inv/confidence 0.25 / train/inv/confidence_gating 0 / train/inv/effective_rep_weight 0.02 / train/inv/head_objective 0.65 / train/inv/head_weight 0 / train/inv/objective 0.65 / train/inv/policy_weight_max 1 / train/inv/policy_weight_mean 1 / train/inv/policy_weight_min 1 / train/inv/policy_weight_std 0 / train/inv/valid_frac 1 / train/inv/weight 0.02 / train/loss/con 0.02 / train/loss/dyn 2.9 / train/loss/image 1.6 / train/loss/inv 0.01 / train/loss/policy -3.8e-3 / train/loss/rep 2.9 / train/loss/repval 0.74 / train/loss/rew 0.65 / train/loss/value 0.71 / replay/replay_ratio 264 / fps/policy 9.92 / fps/train 2539.08

Writing metrics: /home/zhangpeiying01/lfy/btwm-7.7/runs/btwm_dmc_walker_walk_seed1_w002_b11_1m/metrics.jsonl
Writing metrics: /home/zhangpeiying01/lfy/btwm-7.7/runs/btwm_dmc_walker_walk_seed1_w002_b11_1m/scores.jsonl

--------------------[Agent Step 999_552]--------------------
Metrics filtered by: 'score|length|fps|ratio|train/loss/|train/acc/|train/inv/|train/rand/'
train/acc/inv 0.54 / train/inv/ce 1.55 / train/inv/confidence 0.25 / train/inv/confidence_gating 0 / train/inv/effective_rep_weight 0.02 / train/inv/head_objective 0.65 / train/inv/head_weight 0 / train/inv/objective 0.65 / train/inv/policy_weight_max 1 / train/inv/policy_weight_mean 1 / train/inv/policy_weight_min 1 / train/inv/policy_weight_std 0 / train/inv/valid_frac 1 / train/inv/weight 0.02 / train/loss/con 0.02 / train/loss/dyn 2.99 / train/loss/image 1.63 / train/loss/inv 0.01 / train/loss/policy -7.3e-3 / train/loss/rep 2.99 / train/loss/repval 0.74 / train/loss/rew 0.64 / train/loss/value 0.72 / replay/replay_ratio 264 / fps/policy 9.98 / fps/train 2554.44

Writing metrics: /home/zhangpeiying01/lfy/btwm-7.7/runs/btwm_dmc_walker_walk_seed1_w002_b11_1m/metrics.jsonl
Writing metrics: /home/zhangpeiying01/lfy/btwm-7.7/runs/btwm_dmc_walker_walk_seed1_w002_b11_1m/scores.jsonl
