[2026-07-12 08:24:14] model=btwm domain=dmc task=dmc_walker_walk
seed=0 gpu=4 steps=300000 logdir=/home/zhangpeiying01/lfy/btwm-7.7/runs/btwm_dmc_walker_walk_seed0_w003_b21
variant=v2 param_matched=1 inv_weight=0.03 head_weight=0.0 inv_bins=21 confidence_gating=False policy_weight=0.0
command: python /home/zhangpeiying01/lfy/btwm-7.7/dreamerv3/dreamerv3/main.py --logdir /home/zhangpeiying01/lfy/btwm-7.7/runs/btwm_dmc_walker_walk_seed0_w003_b21 --configs dmc_vision --task dmc_walker_walk --seed 0 --run.steps 300000 --replay.size 300000 --agent.use_btwm True --agent.inv_loss_weight 0.03 --agent.inv_head_loss_weight 0.0 --agent.inv_num_bins 21 --agent.inv_confidence_gating False --agent.inv_policy_weight 0.0
---  ___                           __   ______ ---
--- |   \ _ _ ___ __ _ _ __  ___ _ \ \ / /__ / ---
--- | |) | '_/ -_) _` | '  \/ -_) '/\ V / |_ \ ---
--- |___/|_| \___\__,_|_|_|_\___|_|  \_/ |___/ ---
Replica: 0 / 1
Logdir: /home/zhangpeiying01/lfy/btwm-7.7/runs/btwm_dmc_walker_walk_seed0_w003_b21
Run script: train
Observations
  is_first         Space(bool, shape=(), low=False, high=True)
  is_last          Space(bool, shape=(), low=False, high=True)
  is_terminal      Space(bool, shape=(), low=False, high=True)
  reward           Space(float32, shape=(), low=-inf, high=inf)
  image            Space(uint8, shape=(64, 64, 3), low=0, high=255)
Actions
  action           Space(float32, shape=(6,), low=-1.0, high=1.0)
Extras
  consec           Space(int32, shape=(), low=-2147483648, high=2147483647)
  stepid           Space(uint8, shape=(20,), low=0, high=255)
  dyn/deter        Space(float32, shape=(8192,), low=-inf, high=inf)
  dyn/stoch        Space(float32, shape=(32, 64), low=-inf, high=inf)
JAX devices (1): [cuda:0]
Policy devices: cuda:0
Train devices:  cuda:0
Initializing parameters...
Optimizer opt has 168,144,780 params:
    97,679,998 dyn
    20,282,115 dec
    12,850,431 val
    12,601,356 pol
    10,749,183 rew
    10,488,833 con
     3,492,864 enc
Done initializing!
Compiling 1 checkpoint groups...
Largest checkpoint group: 2 GB
Compiling train and report...
Train cost analysis:
  FLOPS:            4.4e+11
  Memory (temp):    5.9e+09
  Memory (inputs):  2.1e+09
  Memory (outputs): 2.1e+09
  Memory (code):    4.3e+06

Report cost analysis:
  FLOPS:            9.6e+09
  Memory (temp):    6.7e+08
  Memory (inputs):  5.1e+08
  Memory (outputs): 1.0e+07
  Memory (code):    8.1e+06

Done compiling!
Found existing checkpoint.
Loading checkpoint: /home/zhangpeiying01/lfy/btwm-7.7/runs/btwm_dmc_walker_walk_seed0_w003_b21/ckpt/20260711T230909F576881
Loaded checkpoint.
Start training loop

--------------------[Agent Step 105_808]--------------------
Metrics filtered by: 'score|length|fps|ratio|train/loss/|train/acc/|train/inv/|train/rand/'
train/acc/inv 0.48 / train/inv/ce 1.76 / train/inv/confidence 0.23 / train/inv/confidence_gating 0 / train/inv/effective_rep_weight 0.03 / train/inv/head_objective 0.58 / train/inv/head_weight 0 / train/inv/objective 0.58 / train/inv/policy_weight_max 1 / train/inv/policy_weight_mean 1 / train/inv/policy_weight_min 1 / train/inv/policy_weight_std 0 / train/inv/valid_frac 1 / train/inv/weight 0.03 / train/loss/con 0.02 / train/loss/dyn 3.82 / train/loss/image 5.03 / train/loss/inv 0.02 / train/loss/policy -0.01 / train/loss/rep 3.82 / train/loss/repval 0.8 / train/loss/rew 0.55 / train/loss/value 0.73 / replay/replay_ratio 581.25 / fps/policy 13.52 / fps/train 3462.34

Writing metrics: /home/zhangpeiying01/lfy/btwm-7.7/runs/btwm_dmc_walker_walk_seed0_w003_b21/metrics.jsonl
Writing metrics: /home/zhangpeiying01/lfy/btwm-7.7/runs/btwm_dmc_walker_walk_seed0_w003_b21/scores.jsonl

--------------------[Agent Step 107_648]--------------------
Metrics filtered by: 'score|length|fps|ratio|train/loss/|train/acc/|train/inv/|train/rand/'
train/acc/inv 0.47 / train/inv/ce 1.76 / train/inv/confidence 0.22 / train/inv/confidence_gating 0 / train/inv/effective_rep_weight 0.03 / train/inv/head_objective 0.58 / train/inv/head_weight 0 / train/inv/objective 0.58 / train/inv/policy_weight_max 1 / train/inv/policy_weight_mean 1 / train/inv/policy_weight_min 1 / train/inv/policy_weight_std 0 / train/inv/valid_frac 1 / train/inv/weight 0.03 / train/loss/con 0.02 / train/loss/dyn 3.7 / train/loss/image 4.94 / train/loss/inv 0.02 / train/loss/policy -0.02 / train/loss/rep 3.7 / train/loss/repval 0.84 / train/loss/rew 0.55 / train/loss/value 0.79 / replay/replay_ratio 260 / fps/policy 15.2 / fps/train 3891.47

Writing metrics: /home/zhangpeiying01/lfy/btwm-7.7/runs/btwm_dmc_walker_walk_seed0_w003_b21/scores.jsonl
Writing metrics: /home/zhangpeiying01/lfy/btwm-7.7/runs/btwm_dmc_walker_walk_seed0_w003_b21/metrics.jsonl

--------------------[Agent Step 109_472]--------------------
Metrics filtered by: 'score|length|fps|ratio|train/loss/|train/acc/|train/inv/|train/rand/'
train/acc/inv 0.48 / train/inv/ce 1.76 / train/inv/confidence 0.22 / train/inv/confidence_gating 0 / train/inv/effective_rep_weight 0.03 / train/inv/head_objective 0.58 / train/inv/head_weight 0 / train/inv/objective 0.58 / train/inv/policy_weight_max 1 / train/inv/policy_weight_mean 1 / train/inv/policy_weight_min 1 / train/inv/policy_weight_std 0 / train/inv/valid_frac 1 / train/inv/weight 0.03 / train/loss/con 0.02 / train/loss/dyn 3.66 / train/loss/image 4.84 / train/loss/inv 0.02 / train/loss/policy -0.01 / train/loss/rep 3.66 / train/loss/repval 0.91 / train/loss/rew 0.55 / train/loss/value 0.87 / replay/replay_ratio 260 / fps/policy 15.18 / fps/train 3885.26

Writing metrics: /home/zhangpeiying01/lfy/btwm-7.7/runs/btwm_dmc_walker_walk_seed0_w003_b21/metrics.jsonl
Writing metrics: /home/zhangpeiying01/lfy/btwm-7.7/runs/btwm_dmc_walker_walk_seed0_w003_b21/scores.jsonl

--------------------[Agent Step 111_296]--------------------
Metrics filtered by: 'score|length|fps|ratio|train/loss/|train/acc/|train/inv/|train/rand/'
train/acc/inv 0.47 / train/inv/ce 1.78 / train/inv/confidence 0.22 / train/inv/confidence_gating 0 / train/inv/effective_rep_weight 0.03 / train/inv/head_objective 0.58 / train/inv/head_weight 0 / train/inv/objective 0.58 / train/inv/policy_weight_max 1 / train/inv/policy_weight_mean 1 / train/inv/policy_weight_min 1 / train/inv/policy_weight_std 0 / train/inv/valid_frac 1 / train/inv/weight 0.03 / train/loss/con 0.02 / train/loss/dyn 3.7 / train/loss/image 4.8 / train/loss/inv 0.02 / train/loss/policy -6.7e-3 / train/loss/rep 3.7 / train/loss/repval 0.99 / train/loss/rew 0.56 / train/loss/value 0.99 / replay/replay_ratio 260 / fps/policy 15.16 / fps/train 3882.22

Writing metrics: /home/zhangpeiying01/lfy/btwm-7.7/runs/btwm_dmc_walker_walk_seed0_w003_b21/metrics.jsonl
Writing metrics: /home/zhangpeiying01/lfy/btwm-7.7/runs/btwm_dmc_walker_walk_seed0_w003_b21/scores.jsonl

--------------------[Agent Step 113_120]--------------------
Metrics filtered by: 'score|length|fps|ratio|train/loss/|train/acc/|train/inv/|train/rand/'
train/acc/inv 0.47 / train/inv/ce 1.77 / train/inv/confidence 0.22 / train/inv/confidence_gating 0 / train/inv/effective_rep_weight 0.03 / train/inv/head_objective 0.58 / train/inv/head_weight 0 / train/inv/objective 0.58 / train/inv/policy_weight_max 1 / train/inv/policy_weight_mean 1 / train/inv/policy_weight_min 1 / train/inv/policy_weight_std 0 / train/inv/valid_frac 1 / train/inv/weight 0.03 / train/loss/con 0.02 / train/loss/dyn 3.62 / train/loss/image 4.71 / train/loss/inv 0.02 / train/loss/policy -0.01 / train/loss/rep 3.62 / train/loss/repval 1.07 / train/loss/rew 0.55 / train/loss/value 1.09 / replay/replay_ratio 260 / fps/policy 15.17 / fps/train 3884.45

Writing metrics: /home/zhangpeiying01/lfy/btwm-7.7/runs/btwm_dmc_walker_walk_seed0_w003_b21/scores.jsonl
Writing metrics: /home/zhangpeiying01/lfy/btwm-7.7/runs/btwm_dmc_walker_walk_seed0_w003_b21/metrics.jsonl

--------------------[Agent Step 114_944]--------------------
Metrics filtered by: 'score|length|fps|ratio|train/loss/|train/acc/|train/inv/|train/rand/'
train/acc/inv 0.47 / train/inv/ce 1.79 / train/inv/confidence 0.22 / train/inv/confidence_gating 0 / train/inv/effective_rep_weight 0.03 / train/inv/head_objective 0.59 / train/inv/head_weight 0 / train/inv/objective 0.59 / train/inv/policy_weight_max 1 / train/inv/policy_weight_mean 1 / train/inv/policy_weight_min 1 / train/inv/policy_weight_std 0 / train/inv/valid_frac 1 / train/inv/weight 0.03 / train/loss/con 0.02 / train/loss/dyn 3.68 / train/loss/image 4.73 / train/loss/inv 0.02 / train/loss/policy -5.1e-3 / train/loss/rep 3.68 / train/loss/repval 1.15 / train/loss/rew 0.56 / train/loss/value 1.19 / replay/replay_ratio 260 / fps/policy 15.18 / fps/train 3886.19

Writing metrics: /home/zhangpeiying01/lfy/btwm-7.7/runs/btwm_dmc_walker_walk_seed0_w003_b21/metrics.jsonl
Writing metrics: /home/zhangpeiying01/lfy/btwm-7.7/runs/btwm_dmc_walker_walk_seed0_w003_b21/scores.jsonl

--------------------[Agent Step 116_768]--------------------
Metrics filtered by: 'score|length|fps|ratio|train/loss/|train/acc/|train/inv/|train/rand/'
train/acc/inv 0.47 / train/inv/ce 1.79 / train/inv/confidence 0.22 / train/inv/confidence_gating 0 / train/inv/effective_rep_weight 0.03 / train/inv/head_objective 0.59 / train/inv/head_weight 0 / train/inv/objective 0.59 / train/inv/policy_weight_max 1 / train/inv/policy_weight_mean 1 / train/inv/policy_weight_min 1 / train/inv/policy_weight_std 0 / train/inv/valid_frac 1 / train/inv/weight 0.03 / train/loss/con 0.02 / train/loss/dyn 3.66 / train/loss/image 4.66 / train/loss/inv 0.02 / train/loss/policy -4.7e-3 / train/loss/rep 3.66 / train/loss/repval 1.2 / train/loss/rew 0.56 / train/loss/value 1.25 / replay/replay_ratio 260 / fps/policy 15.19 / fps/train 3888.27

Writing metrics: /home/zhangpeiying01/lfy/btwm-7.7/runs/btwm_dmc_walker_walk_seed0_w003_b21/metrics.jsonl
Writing metrics: /home/zhangpeiying01/lfy/btwm-7.7/runs/btwm_dmc_walker_walk_seed0_w003_b21/scores.jsonl

--------------------[Agent Step 118_592]--------------------
Metrics filtered by: 'score|length|fps|ratio|train/loss/|train/acc/|train/inv/|train/rand/'
train/acc/inv 0.47 / train/inv/ce 1.8 / train/inv/confidence 0.22 / train/inv/confidence_gating 0 / train/inv/effective_rep_weight 0.03 / train/inv/head_objective 0.59 / train/inv/head_weight 0 / train/inv/objective 0.59 / train/inv/policy_weight_max 1 / train/inv/policy_weight_mean 1 / train/inv/policy_weight_min 1 / train/inv/policy_weight_std 0 / train/inv/valid_frac 1 / train/inv/weight 0.03 / train/loss/con 0.02 / train/loss/dyn 3.65 / train/loss/image 4.62 / train/loss/inv 0.02 / train/loss/policy -6.2e-3 / train/loss/rep 3.65 / train/loss/repval 1.22 / train/loss/rew 0.56 / train/loss/value 1.28 / replay/replay_ratio 260 / fps/policy 15.18 / fps/train 3885.6

Writing metrics: /home/zhangpeiying01/lfy/btwm-7.7/runs/btwm_dmc_walker_walk_seed0_w003_b21/scores.jsonl
Writing metrics: /home/zhangpeiying01/lfy/btwm-7.7/runs/btwm_dmc_walker_walk_seed0_w003_b21/metrics.jsonl

--------------------[Agent Step 120_416]--------------------
Metrics filtered by: 'score|length|fps|ratio|train/loss/|train/acc/|train/inv/|train/rand/'
episode/score 868.65 / episode/length 1001 / train/acc/inv 0.47 / train/inv/ce 1.8 / train/inv/confidence 0.22 / train/inv/confidence_gating 0 / train/inv/effective_rep_weight 0.03 / train/inv/head_objective 0.59 / train/inv/head_weight 0 / train/inv/objective 0.59 / train/inv/policy_weight_max 1 / train/inv/policy_weight_mean 1 / train/inv/policy_weight_min 1 / train/inv/policy_weight_std 0 / train/inv/valid_frac 1 / train/inv/weight 0.03 / train/loss/con 0.02 / train/loss/dyn 3.61 / train/loss/image 4.57 / train/loss/inv 0.02 / train/loss/policy -4.4e-3 / train/loss/rep 3.61 / train/loss/repval 1.23 / train/loss/rew 0.56 / train/loss/value 1.28 / replay/replay_ratio 260 / fps/policy 15.18 / fps/train 3885.47

Writing metrics: /home/zhangpeiying01/lfy/btwm-7.7/runs/btwm_dmc_walker_walk_seed0_w003_b21/metrics.jsonl
Writing metrics: /home/zhangpeiying01/lfy/btwm-7.7/runs/btwm_dmc_walker_walk_seed0_w003_b21/scores.jsonl

--------------------[Agent Step 122_240]--------------------
Metrics filtered by: 'score|length|fps|ratio|train/loss/|train/acc/|train/inv/|train/rand/'
train/acc/inv 0.46 / train/inv/ce 1.82 / train/inv/confidence 0.21 / train/inv/confidence_gating 0 / train/inv/effective_rep_weight 0.03 / train/inv/head_objective 0.6 / train/inv/head_weight 0 / train/inv/objective 0.6 / train/inv/policy_weight_max 1 / train/inv/policy_weight_mean 1 / train/inv/policy_weight_min 1 / train/inv/policy_weight_std 0 / train/inv/valid_frac 1 / train/inv/weight 0.03 / train/loss/con 0.02 / train/loss/dyn 3.8 / train/loss/image 4.88 / train/loss/inv 0.02 / train/loss/policy 1.5e-3 / train/loss/rep 3.8 / train/loss/repval 1.24 / train/loss/rew 0.56 / train/loss/value 1.27 / replay/replay_ratio 260 / fps/policy 15.15 / fps/train 3878.82

Writing metrics: /home/zhangpeiying01/lfy/btwm-7.7/runs/btwm_dmc_walker_walk_seed0_w003_b21/metrics.jsonl
Writing metrics: /home/zhangpeiying01/lfy/btwm-7.7/runs/btwm_dmc_walker_walk_seed0_w003_b21/scores.jsonl

--------------------[Agent Step 124_064]--------------------
Metrics filtered by: 'score|length|fps|ratio|train/loss/|train/acc/|train/inv/|train/rand/'
train/acc/inv 0.46 / train/inv/ce 1.82 / train/inv/confidence 0.21 / train/inv/confidence_gating 0 / train/inv/effective_rep_weight 0.03 / train/inv/head_objective 0.6 / train/inv/head_weight 0 / train/inv/objective 0.6 / train/inv/policy_weight_max 1 / train/inv/policy_weight_mean 1 / train/inv/policy_weight_min 1 / train/inv/policy_weight_std 0 / train/inv/valid_frac 1 / train/inv/weight 0.03 / train/loss/con 0.02 / train/loss/dyn 3.65 / train/loss/image 4.64 / train/loss/inv 0.02 / train/loss/policy 1.3e-3 / train/loss/rep 3.65 / train/loss/repval 1.23 / train/loss/rew 0.56 / train/loss/value 1.24 / replay/replay_ratio 260 / fps/policy 15.14 / fps/train 3875.93

Writing metrics: /home/zhangpeiying01/lfy/btwm-7.7/runs/btwm_dmc_walker_walk_seed0_w003_b21/metrics.jsonl
Writing metrics: /home/zhangpeiying01/lfy/btwm-7.7/runs/btwm_dmc_walker_walk_seed0_w003_b21/scores.jsonl

--------------------[Agent Step 125_888]--------------------
Metrics filtered by: 'score|length|fps|ratio|train/loss/|train/acc/|train/inv/|train/rand/'
train/acc/inv 0.46 / train/inv/ce 1.83 / train/inv/confidence 0.21 / train/inv/confidence_gating 0 / train/inv/effective_rep_weight 0.03 / train/inv/head_objective 0.6 / train/inv/head_weight 0 / train/inv/objective 0.6 / train/inv/policy_weight_max 1 / train/inv/policy_weight_mean 1 / train/inv/policy_weight_min 1 / train/inv/policy_weight_std 0 / train/inv/valid_frac 1 / train/inv/weight 0.03 / train/loss/con 0.02 / train/loss/dyn 3.65 / train/loss/image 4.55 / train/loss/inv 0.02 / train/loss/policy 4e-4 / train/loss/rep 3.65 / train/loss/repval 1.21 / train/loss/rew 0.56 / train/loss/value 1.21 / replay/replay_ratio 260 / fps/policy 15.18 / fps/train 3885.4

Writing metrics: /home/zhangpeiying01/lfy/btwm-7.7/runs/btwm_dmc_walker_walk_seed0_w003_b21/metrics.jsonl
Writing metrics: /home/zhangpeiying01/lfy/btwm-7.7/runs/btwm_dmc_walker_walk_seed0_w003_b21/scores.jsonl

--------------------[Agent Step 127_712]--------------------
Metrics filtered by: 'score|length|fps|ratio|train/loss/|train/acc/|train/inv/|train/rand/'
train/acc/inv 0.46 / train/inv/ce 1.82 / train/inv/confidence 0.21 / train/inv/confidence_gating 0 / train/inv/effective_rep_weight 0.03 / train/inv/head_objective 0.6 / train/inv/head_weight 0 / train/inv/objective 0.6 / train/inv/policy_weight_max 1 / train/inv/policy_weight_mean 1 / train/inv/policy_weight_min 1 / train/inv/policy_weight_std 0 / train/inv/valid_frac 1 / train/inv/weight 0.03 / train/loss/con 0.02 / train/loss/dyn 3.6 / train/loss/image 4.52 / train/loss/inv 0.02 / train/loss/policy -1.3e-3 / train/loss/rep 3.6 / train/loss/repval 1.2 / train/loss/rew 0.56 / train/loss/value 1.18 / replay/replay_ratio 260 / fps/policy 15.16 / fps/train 3881.11

Writing metrics: /home/zhangpeiying01/lfy/btwm-7.7/runs/btwm_dmc_walker_walk_seed0_w003_b21/metrics.jsonl
Writing metrics: /home/zhangpeiying01/lfy/btwm-7.7/runs/btwm_dmc_walker_walk_seed0_w003_b21/scores.jsonl

--------------------[Agent Step 129_536]--------------------
Metrics filtered by: 'score|length|fps|ratio|train/loss/|train/acc/|train/inv/|train/rand/'
train/acc/inv 0.46 / train/inv/ce 1.84 / train/inv/confidence 0.21 / train/inv/confidence_gating 0 / train/inv/effective_rep_weight 0.03 / train/inv/head_objective 0.6 / train/inv/head_weight 0 / train/inv/objective 0.6 / train/inv/policy_weight_max 1 / train/inv/policy_weight_mean 1 / train/inv/policy_weight_min 1 / train/inv/policy_weight_std 0 / train/inv/valid_frac 1 / train/inv/weight 0.03 / train/loss/con 0.02 / train/loss/dyn 3.67 / train/loss/image 4.47 / train/loss/inv 0.02 / train/loss/policy -2.2e-3 / train/loss/rep 3.67 / train/loss/repval 1.19 / train/loss/rew 0.56 / train/loss/value 1.15 / replay/replay_ratio 260 / fps/policy 15.18 / fps/train 3885.94

Writing metrics: /home/zhangpeiying01/lfy/btwm-7.7/runs/btwm_dmc_walker_walk_seed0_w003_b21/metrics.jsonl
Writing metrics: /home/zhangpeiying01/lfy/btwm-7.7/runs/btwm_dmc_walker_walk_seed0_w003_b21/scores.jsonl

--------------------[Agent Step 131_360]--------------------
Metrics filtered by: 'score|length|fps|ratio|train/loss/|train/acc/|train/inv/|train/rand/'
train/acc/inv 0.46 / train/inv/ce 1.83 / train/inv/confidence 0.21 / train/inv/confidence_gating 0 / train/inv/effective_rep_weight 0.03 / train/inv/head_objective 0.6 / train/inv/head_weight 0 / train/inv/objective 0.6 / train/inv/policy_weight_max 1 / train/inv/policy_weight_mean 1 / train/inv/policy_weight_min 1 / train/inv/policy_weight_std 0 / train/inv/valid_frac 1 / train/inv/weight 0.03 / train/loss/con 0.02 / train/loss/dyn 3.63 / train/loss/image 4.42 / train/loss/inv 0.02 / train/loss/policy -6.9e-3 / train/loss/rep 3.63 / train/loss/repval 1.18 / train/loss/rew 0.56 / train/loss/value 1.12 / replay/replay_ratio 260 / fps/policy 15.14 / fps/train 3877

Writing metrics: /home/zhangpeiying01/lfy/btwm-7.7/runs/btwm_dmc_walker_walk_seed0_w003_b21/metrics.jsonl
Writing metrics: /home/zhangpeiying01/lfy/btwm-7.7/runs/btwm_dmc_walker_walk_seed0_w003_b21/scores.jsonl

--------------------[Agent Step 133_184]--------------------
Metrics filtered by: 'score|length|fps|ratio|train/loss/|train/acc/|train/inv/|train/rand/'
train/acc/inv 0.46 / train/inv/ce 1.85 / train/inv/confidence 0.2 / train/inv/confidence_gating 0 / train/inv/effective_rep_weight 0.03 / train/inv/head_objective 0.61 / train/inv/head_weight 0 / train/inv/objective 0.61 / train/inv/policy_weight_max 1 / train/inv/policy_weight_mean 1 / train/inv/policy_weight_min 1 / train/inv/policy_weight_std 0 / train/inv/valid_frac 1 / train/inv/weight 0.03 / train/loss/con 0.02 / train/loss/dyn 3.65 / train/loss/image 4.39 / train/loss/inv 0.02 / train/loss/policy -4.4e-3 / train/loss/rep 3.65 / train/loss/repval 1.15 / train/loss/rew 0.57 / train/loss/value 1.1 / replay/replay_ratio 260 / fps/policy 15.18 / fps/train 3885.72

Writing metrics: /home/zhangpeiying01/lfy/btwm-7.7/runs/btwm_dmc_walker_walk_seed0_w003_b21/metrics.jsonl
Writing metrics: /home/zhangpeiying01/lfy/btwm-7.7/runs/btwm_dmc_walker_walk_seed0_w003_b21/scores.jsonl

--------------------[Agent Step 135_008]--------------------
Metrics filtered by: 'score|length|fps|ratio|train/loss/|train/acc/|train/inv/|train/rand/'
train/acc/inv 0.46 / train/inv/ce 1.85 / train/inv/confidence 0.2 / train/inv/confidence_gating 0 / train/inv/effective_rep_weight 0.03 / train/inv/head_objective 0.61 / train/inv/head_weight 0 / train/inv/objective 0.61 / train/inv/policy_weight_max 1 / train/inv/policy_weight_mean 1 / train/inv/policy_weight_min 1 / train/inv/policy_weight_std 0 / train/inv/valid_frac 1 / train/inv/weight 0.03 / train/loss/con 0.02 / train/loss/dyn 3.61 / train/loss/image 4.36 / train/loss/inv 0.02 / train/loss/policy -6.6e-3 / train/loss/rep 3.61 / train/loss/repval 1.14 / train/loss/rew 0.57 / train/loss/value 1.07 / replay/replay_ratio 260 / fps/policy 15.18 / fps/train 3885.95

Writing metrics: /home/zhangpeiying01/lfy/btwm-7.7/runs/btwm_dmc_walker_walk_seed0_w003_b21/metrics.jsonl
Writing metrics: /home/zhangpeiying01/lfy/btwm-7.7/runs/btwm_dmc_walker_walk_seed0_w003_b21/scores.jsonl

--------------------[Agent Step 136_832]--------------------
Metrics filtered by: 'score|length|fps|ratio|train/loss/|train/acc/|train/inv/|train/rand/'
episode/score 895.1 / episode/length 1001 / train/acc/inv 0.46 / train/inv/ce 1.85 / train/inv/confidence 0.21 / train/inv/confidence_gating 0 / train/inv/effective_rep_weight 0.03 / train/inv/head_objective 0.61 / train/inv/head_weight 0 / train/inv/objective 0.61 / train/inv/policy_weight_max 1 / train/inv/policy_weight_mean 1 / train/inv/policy_weight_min 1 / train/inv/policy_weight_std 0 / train/inv/valid_frac 1 / train/inv/weight 0.03 / train/loss/con 0.02 / train/loss/dyn 3.67 / train/loss/image 4.42 / train/loss/inv 0.02 / train/loss/policy -0.01 / train/loss/rep 3.67 / train/loss/repval 1.12 / train/loss/rew 0.57 / train/loss/value 1.05 / replay/replay_ratio 260 / fps/policy 15.15 / fps/train 3878.83

Writing metrics: /home/zhangpeiying01/lfy/btwm-7.7/runs/btwm_dmc_walker_walk_seed0_w003_b21/metrics.jsonl
Writing metrics: /home/zhangpeiying01/lfy/btwm-7.7/runs/btwm_dmc_walker_walk_seed0_w003_b21/scores.jsonl

--------------------[Agent Step 138_656]--------------------
Metrics filtered by: 'score|length|fps|ratio|train/loss/|train/acc/|train/inv/|train/rand/'
train/acc/inv 0.45 / train/inv/ce 1.87 / train/inv/confidence 0.2 / train/inv/confidence_gating 0 / train/inv/effective_rep_weight 0.03 / train/inv/head_objective 0.61 / train/inv/head_weight 0 / train/inv/objective 0.61 / train/inv/policy_weight_max 1 / train/inv/policy_weight_mean 1 / train/inv/policy_weight_min 1 / train/inv/policy_weight_std 0 / train/inv/valid_frac 1 / train/inv/weight 0.03 / train/loss/con 0.02 / train/loss/dyn 3.72 / train/loss/image 4.55 / train/loss/inv 0.02 / train/loss/policy -0.01 / train/loss/rep 3.72 / train/loss/repval 1.12 / train/loss/rew 0.57 / train/loss/value 1.03 / replay/replay_ratio 260 / fps/policy 15.19 / fps/train 3887.51

Writing metrics: /home/zhangpeiying01/lfy/btwm-7.7/runs/btwm_dmc_walker_walk_seed0_w003_b21/scores.jsonl
Writing metrics: /home/zhangpeiying01/lfy/btwm-7.7/runs/btwm_dmc_walker_walk_seed0_w003_b21/metrics.jsonl

--------------------[Agent Step 140_480]--------------------
Metrics filtered by: 'score|length|fps|ratio|train/loss/|train/acc/|train/inv/|train/rand/'
train/acc/inv 0.45 / train/inv/ce 1.88 / train/inv/confidence 0.2 / train/inv/confidence_gating 0 / train/inv/effective_rep_weight 0.03 / train/inv/head_objective 0.62 / train/inv/head_weight 0 / train/inv/objective 0.62 / train/inv/policy_weight_max 1 / train/inv/policy_weight_mean 1 / train/inv/policy_weight_min 1 / train/inv/policy_weight_std 0 / train/inv/valid_frac 1 / train/inv/weight 0.03 / train/loss/con 0.02 / train/loss/dyn 3.66 / train/loss/image 4.47 / train/loss/inv 0.02 / train/loss/policy -0.01 / train/loss/rep 3.66 / train/loss/repval 1.1 / train/loss/rew 0.57 / train/loss/value 1.02 / replay/replay_ratio 260 / fps/policy 15.17 / fps/train 3884.25

Writing metrics: /home/zhangpeiying01/lfy/btwm-7.7/runs/btwm_dmc_walker_walk_seed0_w003_b21/metrics.jsonl
Writing metrics: /home/zhangpeiying01/lfy/btwm-7.7/runs/btwm_dmc_walker_walk_seed0_w003_b21/scores.jsonl

--------------------[Agent Step 142_304]--------------------
Metrics filtered by: 'score|length|fps|ratio|train/loss/|train/acc/|train/inv/|train/rand/'
train/acc/inv 0.45 / train/inv/ce 1.88 / train/inv/confidence 0.2 / train/inv/confidence_gating 0 / train/inv/effective_rep_weight 0.03 / train/inv/head_objective 0.62 / train/inv/head_weight 0 / train/inv/objective 0.62 / train/inv/policy_weight_max 1 / train/inv/policy_weight_mean 1 / train/inv/policy_weight_min 1 / train/inv/policy_weight_std 0 / train/inv/valid_frac 1 / train/inv/weight 0.03 / train/loss/con 0.02 / train/loss/dyn 3.61 / train/loss/image 4.41 / train/loss/inv 0.02 / train/loss/policy -0.01 / train/loss/rep 3.61 / train/loss/repval 1.09 / train/loss/rew 0.57 / train/loss/value 1 / replay/replay_ratio 260 / fps/policy 15.2 / fps/train 3892.01

Writing metrics: /home/zhangpeiying01/lfy/btwm-7.7/runs/btwm_dmc_walker_walk_seed0_w003_b21/metrics.jsonl
Writing metrics: /home/zhangpeiying01/lfy/btwm-7.7/runs/btwm_dmc_walker_walk_seed0_w003_b21/scores.jsonl

--------------------[Agent Step 144_144]--------------------
Metrics filtered by: 'score|length|fps|ratio|train/loss/|train/acc/|train/inv/|train/rand/'
train/acc/inv 0.45 / train/inv/ce 1.88 / train/inv/confidence 0.2 / train/inv/confidence_gating 0 / train/inv/effective_rep_weight 0.03 / train/inv/head_objective 0.62 / train/inv/head_weight 0 / train/inv/objective 0.62 / train/inv/policy_weight_max 1 / train/inv/policy_weight_mean 1 / train/inv/policy_weight_min 1 / train/inv/policy_weight_std 0 / train/inv/valid_frac 1 / train/inv/weight 0.03 / train/loss/con 0.02 / train/loss/dyn 3.54 / train/loss/image 4.3 / train/loss/inv 0.02 / train/loss/policy -0.02 / train/loss/rep 3.54 / train/loss/repval 1.08 / train/loss/rew 0.57 / train/loss/value 0.98 / replay/replay_ratio 260 / fps/policy 15.2 / fps/train 3891.34

Writing metrics: /home/zhangpeiying01/lfy/btwm-7.7/runs/btwm_dmc_walker_walk_seed0_w003_b21/metrics.jsonl
Writing metrics: /home/zhangpeiying01/lfy/btwm-7.7/runs/btwm_dmc_walker_walk_seed0_w003_b21/scores.jsonl

--------------------[Agent Step 145_968]--------------------
Metrics filtered by: 'score|length|fps|ratio|train/loss/|train/acc/|train/inv/|train/rand/'
train/acc/inv 0.45 / train/inv/ce 1.88 / train/inv/confidence 0.2 / train/inv/confidence_gating 0 / train/inv/effective_rep_weight 0.03 / train/inv/head_objective 0.62 / train/inv/head_weight 0 / train/inv/objective 0.62 / train/inv/policy_weight_max 1 / train/inv/policy_weight_mean 1 / train/inv/policy_weight_min 1 / train/inv/policy_weight_std 0 / train/inv/valid_frac 1 / train/inv/weight 0.03 / train/loss/con 0.02 / train/loss/dyn 3.59 / train/loss/image 4.29 / train/loss/inv 0.02 / train/loss/policy -0.02 / train/loss/rep 3.59 / train/loss/repval 1.07 / train/loss/rew 0.57 / train/loss/value 0.97 / replay/replay_ratio 260 / fps/policy 15.18 / fps/train 3885.6

Writing metrics: /home/zhangpeiying01/lfy/btwm-7.7/runs/btwm_dmc_walker_walk_seed0_w003_b21/scores.jsonl
Writing metrics: /home/zhangpeiying01/lfy/btwm-7.7/runs/btwm_dmc_walker_walk_seed0_w003_b21/metrics.jsonl

--------------------[Agent Step 147_792]--------------------
Metrics filtered by: 'score|length|fps|ratio|train/loss/|train/acc/|train/inv/|train/rand/'
train/acc/inv 0.45 / train/inv/ce 1.87 / train/inv/confidence 0.2 / train/inv/confidence_gating 0 / train/inv/effective_rep_weight 0.03 / train/inv/head_objective 0.62 / train/inv/head_weight 0 / train/inv/objective 0.62 / train/inv/policy_weight_max 1 / train/inv/policy_weight_mean 1 / train/inv/policy_weight_min 1 / train/inv/policy_weight_std 0 / train/inv/valid_frac 1 / train/inv/weight 0.03 / train/loss/con 0.02 / train/loss/dyn 3.65 / train/loss/image 4.32 / train/loss/inv 0.02 / train/loss/policy -0.02 / train/loss/rep 3.65 / train/loss/repval 1.06 / train/loss/rew 0.57 / train/loss/value 0.96 / replay/replay_ratio 260 / fps/policy 15.2 / fps/train 3889.96

Writing metrics: /home/zhangpeiying01/lfy/btwm-7.7/runs/btwm_dmc_walker_walk_seed0_w003_b21/metrics.jsonl
Writing metrics: /home/zhangpeiying01/lfy/btwm-7.7/runs/btwm_dmc_walker_walk_seed0_w003_b21/scores.jsonl

--------------------[Agent Step 149_616]--------------------
Metrics filtered by: 'score|length|fps|ratio|train/loss/|train/acc/|train/inv/|train/rand/'
train/acc/inv 0.45 / train/inv/ce 1.89 / train/inv/confidence 0.2 / train/inv/confidence_gating 0 / train/inv/effective_rep_weight 0.03 / train/inv/head_objective 0.62 / train/inv/head_weight 0 / train/inv/objective 0.62 / train/inv/policy_weight_max 1 / train/inv/policy_weight_mean 1 / train/inv/policy_weight_min 1 / train/inv/policy_weight_std 0 / train/inv/valid_frac 1 / train/inv/weight 0.03 / train/loss/con 0.02 / train/loss/dyn 3.57 / train/loss/image 4.24 / train/loss/inv 0.02 / train/loss/policy -0.02 / train/loss/rep 3.57 / train/loss/repval 1.05 / train/loss/rew 0.57 / train/loss/value 0.95 / replay/replay_ratio 260 / fps/policy 15.17 / fps/train 3883.27

Writing metrics: /home/zhangpeiying01/lfy/btwm-7.7/runs/btwm_dmc_walker_walk_seed0_w003_b21/metrics.jsonl
Writing metrics: /home/zhangpeiying01/lfy/btwm-7.7/runs/btwm_dmc_walker_walk_seed0_w003_b21/scores.jsonl

--------------------[Agent Step 151_440]--------------------
Metrics filtered by: 'score|length|fps|ratio|train/loss/|train/acc/|train/inv/|train/rand/'
train/acc/inv 0.46 / train/inv/ce 1.88 / train/inv/confidence 0.2 / train/inv/confidence_gating 0 / train/inv/effective_rep_weight 0.03 / train/inv/head_objective 0.62 / train/inv/head_weight 0 / train/inv/objective 0.62 / train/inv/policy_weight_max 1 / train/inv/policy_weight_mean 1 / train/inv/policy_weight_min 1 / train/inv/policy_weight_std 0 / train/inv/valid_frac 1 / train/inv/weight 0.03 / train/loss/con 0.02 / train/loss/dyn 3.56 / train/loss/image 4.19 / train/loss/inv 0.02 / train/loss/policy -0.01 / train/loss/rep 3.56 / train/loss/repval 1.05 / train/loss/rew 0.57 / train/loss/value 0.94 / replay/replay_ratio 260 / fps/policy 15.17 / fps/train 3883.66

Writing metrics: /home/zhangpeiying01/lfy/btwm-7.7/runs/btwm_dmc_walker_walk_seed0_w003_b21/metrics.jsonl
Writing metrics: /home/zhangpeiying01/lfy/btwm-7.7/runs/btwm_dmc_walker_walk_seed0_w003_b21/scores.jsonl

--------------------[Agent Step 153_264]--------------------
Metrics filtered by: 'score|length|fps|ratio|train/loss/|train/acc/|train/inv/|train/rand/'
episode/score 941.38 / episode/length 1001 / train/acc/inv 0.45 / train/inv/ce 1.89 / train/inv/confidence 0.2 / train/inv/confidence_gating 0 / train/inv/effective_rep_weight 0.03 / train/inv/head_objective 0.62 / train/inv/head_weight 0 / train/inv/objective 0.62 / train/inv/policy_weight_max 1 / train/inv/policy_weight_mean 1 / train/inv/policy_weight_min 1 / train/inv/policy_weight_std 0 / train/inv/valid_frac 1 / train/inv/weight 0.03 / train/loss/con 0.02 / train/loss/dyn 3.71 / train/loss/image 4.33 / train/loss/inv 0.02 / train/loss/policy -0.01 / train/loss/rep 3.71 / train/loss/repval 1.04 / train/loss/rew 0.57 / train/loss/value 0.94 / replay/replay_ratio 260 / fps/policy 15.18 / fps/train 3885.19

Writing metrics: /home/zhangpeiying01/lfy/btwm-7.7/runs/btwm_dmc_walker_walk_seed0_w003_b21/metrics.jsonl
Writing metrics: /home/zhangpeiying01/lfy/btwm-7.7/runs/btwm_dmc_walker_walk_seed0_w003_b21/scores.jsonl

--------------------[Agent Step 155_088]--------------------
Metrics filtered by: 'score|length|fps|ratio|train/loss/|train/acc/|train/inv/|train/rand/'
train/acc/inv 0.45 / train/inv/ce 1.88 / train/inv/confidence 0.2 / train/inv/confidence_gating 0 / train/inv/effective_rep_weight 0.03 / train/inv/head_objective 0.62 / train/inv/head_weight 0 / train/inv/objective 0.62 / train/inv/policy_weight_max 1 / train/inv/policy_weight_mean 1 / train/inv/policy_weight_min 1 / train/inv/policy_weight_std 0 / train/inv/valid_frac 1 / train/inv/weight 0.03 / train/loss/con 0.02 / train/loss/dyn 3.58 / train/loss/image 4.32 / train/loss/inv 0.02 / train/loss/policy -0.02 / train/loss/rep 3.58 / train/loss/repval 1.04 / train/loss/rew 0.57 / train/loss/value 0.94 / replay/replay_ratio 260 / fps/policy 15.15 / fps/train 3878.32

Writing metrics: /home/zhangpeiying01/lfy/btwm-7.7/runs/btwm_dmc_walker_walk_seed0_w003_b21/metrics.jsonl
Writing metrics: /home/zhangpeiying01/lfy/btwm-7.7/runs/btwm_dmc_walker_walk_seed0_w003_b21/scores.jsonl

--------------------[Agent Step 156_912]--------------------
Metrics filtered by: 'score|length|fps|ratio|train/loss/|train/acc/|train/inv/|train/rand/'
train/acc/inv 0.45 / train/inv/ce 1.9 / train/inv/confidence 0.19 / train/inv/confidence_gating 0 / train/inv/effective_rep_weight 0.03 / train/inv/head_objective 0.62 / train/inv/head_weight 0 / train/inv/objective 0.62 / train/inv/policy_weight_max 1 / train/inv/policy_weight_mean 1 / train/inv/policy_weight_min 1 / train/inv/policy_weight_std 0 / train/inv/valid_frac 1 / train/inv/weight 0.03 / train/loss/con 0.02 / train/loss/dyn 3.52 / train/loss/image 4.18 / train/loss/inv 0.02 / train/loss/policy -0.01 / train/loss/rep 3.52 / train/loss/repval 1.04 / train/loss/rew 0.57 / train/loss/value 0.93 / replay/replay_ratio 260 / fps/policy 15.18 / fps/train 3887.05

Writing metrics: /home/zhangpeiying01/lfy/btwm-7.7/runs/btwm_dmc_walker_walk_seed0_w003_b21/metrics.jsonl
Writing metrics: /home/zhangpeiying01/lfy/btwm-7.7/runs/btwm_dmc_walker_walk_seed0_w003_b21/scores.jsonl
Saving checkpoint: /home/zhangpeiying01/lfy/btwm-7.7/runs/btwm_dmc_walker_walk_seed0_w003_b21/ckpt/20260712T092544F499459
Saved checkpoint.

--------------------[Agent Step 158_688]--------------------
Metrics filtered by: 'score|length|fps|ratio|train/loss/|train/acc/|train/inv/|train/rand/'
train/acc/inv 0.45 / train/inv/ce 1.91 / train/inv/confidence 0.19 / train/inv/confidence_gating 0 / train/inv/effective_rep_weight 0.03 / train/inv/head_objective 0.63 / train/inv/head_weight 0 / train/inv/objective 0.63 / train/inv/policy_weight_max 1 / train/inv/policy_weight_mean 1 / train/inv/policy_weight_min 1 / train/inv/policy_weight_std 0 / train/inv/valid_frac 1 / train/inv/weight 0.03 / train/loss/con 0.02 / train/loss/dyn 3.55 / train/loss/image 4.14 / train/loss/inv 0.02 / train/loss/policy -0.02 / train/loss/rep 3.55 / train/loss/repval 1.03 / train/loss/rew 0.57 / train/loss/value 0.93 / replay/replay_ratio 260 / fps/policy 14.71 / fps/train 3764.65

Writing metrics: /home/zhangpeiying01/lfy/btwm-7.7/runs/btwm_dmc_walker_walk_seed0_w003_b21/metrics.jsonl
Writing metrics: /home/zhangpeiying01/lfy/btwm-7.7/runs/btwm_dmc_walker_walk_seed0_w003_b21/scores.jsonl

--------------------[Agent Step 160_512]--------------------
Metrics filtered by: 'score|length|fps|ratio|train/loss/|train/acc/|train/inv/|train/rand/'
train/acc/inv 0.45 / train/inv/ce 1.9 / train/inv/confidence 0.19 / train/inv/confidence_gating 0 / train/inv/effective_rep_weight 0.03 / train/inv/head_objective 0.62 / train/inv/head_weight 0 / train/inv/objective 0.62 / train/inv/policy_weight_max 1 / train/inv/policy_weight_mean 1 / train/inv/policy_weight_min 1 / train/inv/policy_weight_std 0 / train/inv/valid_frac 1 / train/inv/weight 0.03 / train/loss/con 0.02 / train/loss/dyn 3.56 / train/loss/image 4.12 / train/loss/inv 0.02 / train/loss/policy -0.02 / train/loss/rep 3.56 / train/loss/repval 1.03 / train/loss/rew 0.57 / train/loss/value 0.92 / replay/replay_ratio 260 / fps/policy 15.2 / fps/train 3890.95

Writing metrics: /home/zhangpeiying01/lfy/btwm-7.7/runs/btwm_dmc_walker_walk_seed0_w003_b21/metrics.jsonl
Writing metrics: /home/zhangpeiying01/lfy/btwm-7.7/runs/btwm_dmc_walker_walk_seed0_w003_b21/scores.jsonl

--------------------[Agent Step 162_336]--------------------
Metrics filtered by: 'score|length|fps|ratio|train/loss/|train/acc/|train/inv/|train/rand/'
train/acc/inv 0.45 / train/inv/ce 1.91 / train/inv/confidence 0.19 / train/inv/confidence_gating 0 / train/inv/effective_rep_weight 0.03 / train/inv/head_objective 0.63 / train/inv/head_weight 0 / train/inv/objective 0.63 / train/inv/policy_weight_max 1 / train/inv/policy_weight_mean 1 / train/inv/policy_weight_min 1 / train/inv/policy_weight_std 0 / train/inv/valid_frac 1 / train/inv/weight 0.03 / train/loss/con 0.02 / train/loss/dyn 3.57 / train/loss/image 4.12 / train/loss/inv 0.02 / train/loss/policy -0.02 / train/loss/rep 3.57 / train/loss/repval 1.02 / train/loss/rew 0.57 / train/loss/value 0.92 / replay/replay_ratio 260 / fps/policy 15.18 / fps/train 3886.68

Writing metrics: /home/zhangpeiying01/lfy/btwm-7.7/runs/btwm_dmc_walker_walk_seed0_w003_b21/scores.jsonl
Writing metrics: /home/zhangpeiying01/lfy/btwm-7.7/runs/btwm_dmc_walker_walk_seed0_w003_b21/metrics.jsonl

--------------------[Agent Step 164_160]--------------------
Metrics filtered by: 'score|length|fps|ratio|train/loss/|train/acc/|train/inv/|train/rand/'
train/acc/inv 0.45 / train/inv/ce 1.92 / train/inv/confidence 0.19 / train/inv/confidence_gating 0 / train/inv/effective_rep_weight 0.03 / train/inv/head_objective 0.63 / train/inv/head_weight 0 / train/inv/objective 0.63 / train/inv/policy_weight_max 1 / train/inv/policy_weight_mean 1 / train/inv/policy_weight_min 1 / train/inv/policy_weight_std 0 / train/inv/valid_frac 1 / train/inv/weight 0.03 / train/loss/con 0.02 / train/loss/dyn 3.56 / train/loss/image 4.07 / train/loss/inv 0.02 / train/loss/policy -0.02 / train/loss/rep 3.56 / train/loss/repval 1.02 / train/loss/rew 0.58 / train/loss/value 0.91 / replay/replay_ratio 260 / fps/policy 15.17 / fps/train 3884.61

Writing metrics: /home/zhangpeiying01/lfy/btwm-7.7/runs/btwm_dmc_walker_walk_seed0_w003_b21/metrics.jsonl
Writing metrics: /home/zhangpeiying01/lfy/btwm-7.7/runs/btwm_dmc_walker_walk_seed0_w003_b21/scores.jsonl

--------------------[Agent Step 165_984]--------------------
Metrics filtered by: 'score|length|fps|ratio|train/loss/|train/acc/|train/inv/|train/rand/'
train/acc/inv 0.45 / train/inv/ce 1.91 / train/inv/confidence 0.19 / train/inv/confidence_gating 0 / train/inv/effective_rep_weight 0.03 / train/inv/head_objective 0.63 / train/inv/head_weight 0 / train/inv/objective 0.63 / train/inv/policy_weight_max 1 / train/inv/policy_weight_mean 1 / train/inv/policy_weight_min 1 / train/inv/policy_weight_std 0 / train/inv/valid_frac 1 / train/inv/weight 0.03 / train/loss/con 0.02 / train/loss/dyn 3.49 / train/loss/image 4.01 / train/loss/inv 0.02 / train/loss/policy -0.01 / train/loss/rep 3.49 / train/loss/repval 1.02 / train/loss/rew 0.58 / train/loss/value 0.91 / replay/replay_ratio 260 / fps/policy 15.18 / fps/train 3886.17

Writing metrics: /home/zhangpeiying01/lfy/btwm-7.7/runs/btwm_dmc_walker_walk_seed0_w003_b21/metrics.jsonl
Writing metrics: /home/zhangpeiying01/lfy/btwm-7.7/runs/btwm_dmc_walker_walk_seed0_w003_b21/scores.jsonl

--------------------[Agent Step 167_808]--------------------
Metrics filtered by: 'score|length|fps|ratio|train/loss/|train/acc/|train/inv/|train/rand/'
train/acc/inv 0.45 / train/inv/ce 1.92 / train/inv/confidence 0.19 / train/inv/confidence_gating 0 / train/inv/effective_rep_weight 0.03 / train/inv/head_objective 0.63 / train/inv/head_weight 0 / train/inv/objective 0.63 / train/inv/policy_weight_max 1 / train/inv/policy_weight_mean 1 / train/inv/policy_weight_min 1 / train/inv/policy_weight_std 0 / train/inv/valid_frac 1 / train/inv/weight 0.03 / train/loss/con 0.02 / train/loss/dyn 3.57 / train/loss/image 4.05 / train/loss/inv 0.02 / train/loss/policy -0.01 / train/loss/rep 3.57 / train/loss/repval 1.02 / train/loss/rew 0.58 / train/loss/value 0.92 / replay/replay_ratio 260 / fps/policy 15.17 / fps/train 3884.25

Writing metrics: /home/zhangpeiying01/lfy/btwm-7.7/runs/btwm_dmc_walker_walk_seed0_w003_b21/metrics.jsonl
Writing metrics: /home/zhangpeiying01/lfy/btwm-7.7/runs/btwm_dmc_walker_walk_seed0_w003_b21/scores.jsonl

--------------------[Agent Step 169_632]--------------------
Metrics filtered by: 'score|length|fps|ratio|train/loss/|train/acc/|train/inv/|train/rand/'
episode/score 965.13 / episode/length 1001 / train/acc/inv 0.45 / train/inv/ce 1.91 / train/inv/confidence 0.19 / train/inv/confidence_gating 0 / train/inv/effective_rep_weight 0.03 / train/inv/head_objective 0.63 / train/inv/head_weight 0 / train/inv/objective 0.63 / train/inv/policy_weight_max 1 / train/inv/policy_weight_mean 1 / train/inv/policy_weight_min 1 / train/inv/policy_weight_std 0 / train/inv/valid_frac 1 / train/inv/weight 0.03 / train/loss/con 0.02 / train/loss/dyn 3.66 / train/loss/image 4.19 / train/loss/inv 0.02 / train/loss/policy -7.1e-3 / train/loss/rep 3.66 / train/loss/repval 1.02 / train/loss/rew 0.58 / train/loss/value 0.91 / replay/replay_ratio 260 / fps/policy 15.17 / fps/train 3884.55

Writing metrics: /home/zhangpeiying01/lfy/btwm-7.7/runs/btwm_dmc_walker_walk_seed0_w003_b21/scores.jsonl
Writing metrics: /home/zhangpeiying01/lfy/btwm-7.7/runs/btwm_dmc_walker_walk_seed0_w003_b21/metrics.jsonl

--------------------[Agent Step 171_456]--------------------
Metrics filtered by: 'score|length|fps|ratio|train/loss/|train/acc/|train/inv/|train/rand/'
train/acc/inv 0.45 / train/inv/ce 1.93 / train/inv/confidence 0.19 / train/inv/confidence_gating 0 / train/inv/effective_rep_weight 0.03 / train/inv/head_objective 0.63 / train/inv/head_weight 0 / train/inv/objective 0.63 / train/inv/policy_weight_max 1 / train/inv/policy_weight_mean 1 / train/inv/policy_weight_min 1 / train/inv/policy_weight_std 0 / train/inv/valid_frac 1 / train/inv/weight 0.03 / train/loss/con 0.02 / train/loss/dyn 3.5 / train/loss/image 4.11 / train/loss/inv 0.02 / train/loss/policy -0.02 / train/loss/rep 3.5 / train/loss/repval 1.01 / train/loss/rew 0.58 / train/loss/value 0.91 / replay/replay_ratio 260 / fps/policy 15.19 / fps/train 3888.13

Writing metrics: /home/zhangpeiying01/lfy/btwm-7.7/runs/btwm_dmc_walker_walk_seed0_w003_b21/metrics.jsonl
Writing metrics: /home/zhangpeiying01/lfy/btwm-7.7/runs/btwm_dmc_walker_walk_seed0_w003_b21/scores.jsonl

--------------------[Agent Step 173_280]--------------------
Metrics filtered by: 'score|length|fps|ratio|train/loss/|train/acc/|train/inv/|train/rand/'
train/acc/inv 0.45 / train/inv/ce 1.93 / train/inv/confidence 0.19 / train/inv/confidence_gating 0 / train/inv/effective_rep_weight 0.03 / train/inv/head_objective 0.63 / train/inv/head_weight 0 / train/inv/objective 0.63 / train/inv/policy_weight_max 1 / train/inv/policy_weight_mean 1 / train/inv/policy_weight_min 1 / train/inv/policy_weight_std 0 / train/inv/valid_frac 1 / train/inv/weight 0.03 / train/loss/con 0.02 / train/loss/dyn 3.51 / train/loss/image 4.05 / train/loss/inv 0.02 / train/loss/policy -0.02 / train/loss/rep 3.51 / train/loss/repval 1.01 / train/loss/rew 0.58 / train/loss/value 0.9 / replay/replay_ratio 260 / fps/policy 15.17 / fps/train 3882.94

Writing metrics: /home/zhangpeiying01/lfy/btwm-7.7/runs/btwm_dmc_walker_walk_seed0_w003_b21/metrics.jsonl
Writing metrics: /home/zhangpeiying01/lfy/btwm-7.7/runs/btwm_dmc_walker_walk_seed0_w003_b21/scores.jsonl

--------------------[Agent Step 175_104]--------------------
Metrics filtered by: 'score|length|fps|ratio|train/loss/|train/acc/|train/inv/|train/rand/'
train/acc/inv 0.45 / train/inv/ce 1.93 / train/inv/confidence 0.19 / train/inv/confidence_gating 0 / train/inv/effective_rep_weight 0.03 / train/inv/head_objective 0.63 / train/inv/head_weight 0 / train/inv/objective 0.63 / train/inv/policy_weight_max 1 / train/inv/policy_weight_mean 1 / train/inv/policy_weight_min 1 / train/inv/policy_weight_std 0 / train/inv/valid_frac 1 / train/inv/weight 0.03 / train/loss/con 0.02 / train/loss/dyn 3.49 / train/loss/image 3.99 / train/loss/inv 0.02 / train/loss/policy -0.01 / train/loss/rep 3.49 / train/loss/repval 1.01 / train/loss/rew 0.58 / train/loss/value 0.9 / replay/replay_ratio 260 / fps/policy 15.18 / fps/train 3886.71

Writing metrics: /home/zhangpeiying01/lfy/btwm-7.7/runs/btwm_dmc_walker_walk_seed0_w003_b21/metrics.jsonl
Writing metrics: /home/zhangpeiying01/lfy/btwm-7.7/runs/btwm_dmc_walker_walk_seed0_w003_b21/scores.jsonl

--------------------[Agent Step 176_928]--------------------
Metrics filtered by: 'score|length|fps|ratio|train/loss/|train/acc/|train/inv/|train/rand/'
train/acc/inv 0.45 / train/inv/ce 1.93 / train/inv/confidence 0.19 / train/inv/confidence_gating 0 / train/inv/effective_rep_weight 0.03 / train/inv/head_objective 0.63 / train/inv/head_weight 0 / train/inv/objective 0.63 / train/inv/policy_weight_max 1 / train/inv/policy_weight_mean 1 / train/inv/policy_weight_min 1 / train/inv/policy_weight_std 0 / train/inv/valid_frac 1 / train/inv/weight 0.03 / train/loss/con 0.02 / train/loss/dyn 3.5 / train/loss/image 4.01 / train/loss/inv 0.02 / train/loss/policy -0.01 / train/loss/rep 3.5 / train/loss/repval 1 / train/loss/rew 0.58 / train/loss/value 0.9 / replay/replay_ratio 260 / fps/policy 15.17 / fps/train 3884.67

Writing metrics: /home/zhangpeiying01/lfy/btwm-7.7/runs/btwm_dmc_walker_walk_seed0_w003_b21/metrics.jsonl
Writing metrics: /home/zhangpeiying01/lfy/btwm-7.7/runs/btwm_dmc_walker_walk_seed0_w003_b21/scores.jsonl

--------------------[Agent Step 178_752]--------------------
Metrics filtered by: 'score|length|fps|ratio|train/loss/|train/acc/|train/inv/|train/rand/'
train/acc/inv 0.45 / train/inv/ce 1.94 / train/inv/confidence 0.18 / train/inv/confidence_gating 0 / train/inv/effective_rep_weight 0.03 / train/inv/head_objective 0.64 / train/inv/head_weight 0 / train/inv/objective 0.64 / train/inv/policy_weight_max 1 / train/inv/policy_weight_mean 1 / train/inv/policy_weight_min 1 / train/inv/policy_weight_std 0 / train/inv/valid_frac 1 / train/inv/weight 0.03 / train/loss/con 0.02 / train/loss/dyn 3.43 / train/loss/image 3.92 / train/loss/inv 0.02 / train/loss/policy -0.01 / train/loss/rep 3.43 / train/loss/repval 1 / train/loss/rew 0.58 / train/loss/value 0.89 / replay/replay_ratio 260 / fps/policy 15.19 / fps/train 3888.77

Writing metrics: /home/zhangpeiying01/lfy/btwm-7.7/runs/btwm_dmc_walker_walk_seed0_w003_b21/scores.jsonl
Writing metrics: /home/zhangpeiying01/lfy/btwm-7.7/runs/btwm_dmc_walker_walk_seed0_w003_b21/metrics.jsonl

--------------------[Agent Step 180_592]--------------------
Metrics filtered by: 'score|length|fps|ratio|train/loss/|train/acc/|train/inv/|train/rand/'
train/acc/inv 0.45 / train/inv/ce 1.93 / train/inv/confidence 0.19 / train/inv/confidence_gating 0 / train/inv/effective_rep_weight 0.03 / train/inv/head_objective 0.63 / train/inv/head_weight 0 / train/inv/objective 0.63 / train/inv/policy_weight_max 1 / train/inv/policy_weight_mean 1 / train/inv/policy_weight_min 1 / train/inv/policy_weight_std 0 / train/inv/valid_frac 1 / train/inv/weight 0.03 / train/loss/con 0.02 / train/loss/dyn 3.45 / train/loss/image 3.91 / train/loss/inv 0.02 / train/loss/policy -0.01 / train/loss/rep 3.45 / train/loss/repval 1 / train/loss/rew 0.58 / train/loss/value 0.9 / replay/replay_ratio 260 / fps/policy 15.2 / fps/train 3890.69

Writing metrics: /home/zhangpeiying01/lfy/btwm-7.7/runs/btwm_dmc_walker_walk_seed0_w003_b21/scores.jsonl
Writing metrics: /home/zhangpeiying01/lfy/btwm-7.7/runs/btwm_dmc_walker_walk_seed0_w003_b21/metrics.jsonl

--------------------[Agent Step 182_416]--------------------
Metrics filtered by: 'score|length|fps|ratio|train/loss/|train/acc/|train/inv/|train/rand/'
train/acc/inv 0.45 / train/inv/ce 1.94 / train/inv/confidence 0.19 / train/inv/confidence_gating 0 / train/inv/effective_rep_weight 0.03 / train/inv/head_objective 0.64 / train/inv/head_weight 0 / train/inv/objective 0.64 / train/inv/policy_weight_max 1 / train/inv/policy_weight_mean 1 / train/inv/policy_weight_min 1 / train/inv/policy_weight_std 0 / train/inv/valid_frac 1 / train/inv/weight 0.03 / train/loss/con 0.02 / train/loss/dyn 3.48 / train/loss/image 3.89 / train/loss/inv 0.02 / train/loss/policy -9.3e-3 / train/loss/rep 3.48 / train/loss/repval 1 / train/loss/rew 0.58 / train/loss/value 0.89 / replay/replay_ratio 260 / fps/policy 15.17 / fps/train 3882.78

Writing metrics: /home/zhangpeiying01/lfy/btwm-7.7/runs/btwm_dmc_walker_walk_seed0_w003_b21/metrics.jsonl
Writing metrics: /home/zhangpeiying01/lfy/btwm-7.7/runs/btwm_dmc_walker_walk_seed0_w003_b21/scores.jsonl

--------------------[Agent Step 184_240]--------------------
Metrics filtered by: 'score|length|fps|ratio|train/loss/|train/acc/|train/inv/|train/rand/'
episode/score 913.18 / episode/length 1001 / train/acc/inv 0.45 / train/inv/ce 1.94 / train/inv/confidence 0.19 / train/inv/confidence_gating 0 / train/inv/effective_rep_weight 0.03 / train/inv/head_objective 0.64 / train/inv/head_weight 0 / train/inv/objective 0.64 / train/inv/policy_weight_max 1 / train/inv/policy_weight_mean 1 / train/inv/policy_weight_min 1 / train/inv/policy_weight_std 0 / train/inv/valid_frac 1 / train/inv/weight 0.03 / train/loss/con 0.02 / train/loss/dyn 3.53 / train/loss/image 3.95 / train/loss/inv 0.02 / train/loss/policy -9.1e-3 / train/loss/rep 3.53 / train/loss/repval 1 / train/loss/rew 0.58 / train/loss/value 0.89 / replay/replay_ratio 260 / fps/policy 15.19 / fps/train 3888.1

Writing metrics: /home/zhangpeiying01/lfy/btwm-7.7/runs/btwm_dmc_walker_walk_seed0_w003_b21/metrics.jsonl
Writing metrics: /home/zhangpeiying01/lfy/btwm-7.7/runs/btwm_dmc_walker_walk_seed0_w003_b21/scores.jsonl

--------------------[Agent Step 186_064]--------------------
Metrics filtered by: 'score|length|fps|ratio|train/loss/|train/acc/|train/inv/|train/rand/'
train/acc/inv 0.45 / train/inv/ce 1.95 / train/inv/confidence 0.18 / train/inv/confidence_gating 0 / train/inv/effective_rep_weight 0.03 / train/inv/head_objective 0.64 / train/inv/head_weight 0 / train/inv/objective 0.64 / train/inv/policy_weight_max 1 / train/inv/policy_weight_mean 1 / train/inv/policy_weight_min 1 / train/inv/policy_weight_std 0 / train/inv/valid_frac 1 / train/inv/weight 0.03 / train/loss/con 0.02 / train/loss/dyn 3.53 / train/loss/image 4.07 / train/loss/inv 0.02 / train/loss/policy -0.01 / train/loss/rep 3.53 / train/loss/repval 1 / train/loss/rew 0.58 / train/loss/value 0.89 / replay/replay_ratio 260 / fps/policy 15.15 / fps/train 3878.18

Writing metrics: /home/zhangpeiying01/lfy/btwm-7.7/runs/btwm_dmc_walker_walk_seed0_w003_b21/metrics.jsonl
Writing metrics: /home/zhangpeiying01/lfy/btwm-7.7/runs/btwm_dmc_walker_walk_seed0_w003_b21/scores.jsonl

--------------------[Agent Step 187_888]--------------------
Metrics filtered by: 'score|length|fps|ratio|train/loss/|train/acc/|train/inv/|train/rand/'
train/acc/inv 0.44 / train/inv/ce 1.96 / train/inv/confidence 0.18 / train/inv/confidence_gating 0 / train/inv/effective_rep_weight 0.03 / train/inv/head_objective 0.64 / train/inv/head_weight 0 / train/inv/objective 0.64 / train/inv/policy_weight_max 1 / train/inv/policy_weight_mean 1 / train/inv/policy_weight_min 1 / train/inv/policy_weight_std 0 / train/inv/valid_frac 1 / train/inv/weight 0.03 / train/loss/con 0.02 / train/loss/dyn 3.51 / train/loss/image 4.03 / train/loss/inv 0.02 / train/loss/policy -0.01 / train/loss/rep 3.51 / train/loss/repval 0.99 / train/loss/rew 0.58 / train/loss/value 0.89 / replay/replay_ratio 260 / fps/policy 15.18 / fps/train 3886.47

Writing metrics: /home/zhangpeiying01/lfy/btwm-7.7/runs/btwm_dmc_walker_walk_seed0_w003_b21/metrics.jsonl
Writing metrics: /home/zhangpeiying01/lfy/btwm-7.7/runs/btwm_dmc_walker_walk_seed0_w003_b21/scores.jsonl

--------------------[Agent Step 189_712]--------------------
Metrics filtered by: 'score|length|fps|ratio|train/loss/|train/acc/|train/inv/|train/rand/'
train/acc/inv 0.44 / train/inv/ce 1.96 / train/inv/confidence 0.18 / train/inv/confidence_gating 0 / train/inv/effective_rep_weight 0.03 / train/inv/head_objective 0.64 / train/inv/head_weight 0 / train/inv/objective 0.64 / train/inv/policy_weight_max 1 / train/inv/policy_weight_mean 1 / train/inv/policy_weight_min 1 / train/inv/policy_weight_std 0 / train/inv/valid_frac 1 / train/inv/weight 0.03 / train/loss/con 0.02 / train/loss/dyn 3.52 / train/loss/image 3.99 / train/loss/inv 0.02 / train/loss/policy -0.01 / train/loss/rep 3.52 / train/loss/repval 0.99 / train/loss/rew 0.58 / train/loss/value 0.89 / replay/replay_ratio 260 / fps/policy 15.19 / fps/train 3889.36

Writing metrics: /home/zhangpeiying01/lfy/btwm-7.7/runs/btwm_dmc_walker_walk_seed0_w003_b21/scores.jsonl
Writing metrics: /home/zhangpeiying01/lfy/btwm-7.7/runs/btwm_dmc_walker_walk_seed0_w003_b21/metrics.jsonl

--------------------[Agent Step 191_536]--------------------
Metrics filtered by: 'score|length|fps|ratio|train/loss/|train/acc/|train/inv/|train/rand/'
train/acc/inv 0.44 / train/inv/ce 1.96 / train/inv/confidence 0.18 / train/inv/confidence_gating 0 / train/inv/effective_rep_weight 0.03 / train/inv/head_objective 0.64 / train/inv/head_weight 0 / train/inv/objective 0.64 / train/inv/policy_weight_max 1 / train/inv/policy_weight_mean 1 / train/inv/policy_weight_min 1 / train/inv/policy_weight_std 0 / train/inv/valid_frac 1 / train/inv/weight 0.03 / train/loss/con 0.02 / train/loss/dyn 3.47 / train/loss/image 3.91 / train/loss/inv 0.02 / train/loss/policy -1e-2 / train/loss/rep 3.47 / train/loss/repval 0.99 / train/loss/rew 0.58 / train/loss/value 0.89 / replay/replay_ratio 260 / fps/policy 15.18 / fps/train 3885.08

Writing metrics: /home/zhangpeiying01/lfy/btwm-7.7/runs/btwm_dmc_walker_walk_seed0_w003_b21/metrics.jsonl
Writing metrics: /home/zhangpeiying01/lfy/btwm-7.7/runs/btwm_dmc_walker_walk_seed0_w003_b21/scores.jsonl

--------------------[Agent Step 193_360]--------------------
Metrics filtered by: 'score|length|fps|ratio|train/loss/|train/acc/|train/inv/|train/rand/'
train/acc/inv 0.44 / train/inv/ce 1.95 / train/inv/confidence 0.18 / train/inv/confidence_gating 0 / train/inv/effective_rep_weight 0.03 / train/inv/head_objective 0.64 / train/inv/head_weight 0 / train/inv/objective 0.64 / train/inv/policy_weight_max 1 / train/inv/policy_weight_mean 1 / train/inv/policy_weight_min 1 / train/inv/policy_weight_std 0 / train/inv/valid_frac 1 / train/inv/weight 0.03 / train/loss/con 0.02 / train/loss/dyn 3.42 / train/loss/image 3.9 / train/loss/inv 0.02 / train/loss/policy -9.4e-3 / train/loss/rep 3.42 / train/loss/repval 0.99 / train/loss/rew 0.58 / train/loss/value 0.89 / replay/replay_ratio 260 / fps/policy 15.19 / fps/train 3889.48

Writing metrics: /home/zhangpeiying01/lfy/btwm-7.7/runs/btwm_dmc_walker_walk_seed0_w003_b21/scores.jsonl
Writing metrics: /home/zhangpeiying01/lfy/btwm-7.7/runs/btwm_dmc_walker_walk_seed0_w003_b21/metrics.jsonl

--------------------[Agent Step 195_184]--------------------
Metrics filtered by: 'score|length|fps|ratio|train/loss/|train/acc/|train/inv/|train/rand/'
train/acc/inv 0.45 / train/inv/ce 1.96 / train/inv/confidence 0.18 / train/inv/confidence_gating 0 / train/inv/effective_rep_weight 0.03 / train/inv/head_objective 0.64 / train/inv/head_weight 0 / train/inv/objective 0.64 / train/inv/policy_weight_max 1 / train/inv/policy_weight_mean 1 / train/inv/policy_weight_min 1 / train/inv/policy_weight_std 0 / train/inv/valid_frac 1 / train/inv/weight 0.03 / train/loss/con 0.02 / train/loss/dyn 3.46 / train/loss/image 3.88 / train/loss/inv 0.02 / train/loss/policy -9.8e-3 / train/loss/rep 3.46 / train/loss/repval 0.98 / train/loss/rew 0.58 / train/loss/value 0.88 / replay/replay_ratio 260 / fps/policy 15.17 / fps/train 3883.01

Writing metrics: /home/zhangpeiying01/lfy/btwm-7.7/runs/btwm_dmc_walker_walk_seed0_w003_b21/metrics.jsonl
Writing metrics: /home/zhangpeiying01/lfy/btwm-7.7/runs/btwm_dmc_walker_walk_seed0_w003_b21/scores.jsonl

--------------------[Agent Step 197_008]--------------------
Metrics filtered by: 'score|length|fps|ratio|train/loss/|train/acc/|train/inv/|train/rand/'
train/acc/inv 0.45 / train/inv/ce 1.96 / train/inv/confidence 0.18 / train/inv/confidence_gating 0 / train/inv/effective_rep_weight 0.03 / train/inv/head_objective 0.64 / train/inv/head_weight 0 / train/inv/objective 0.64 / train/inv/policy_weight_max 1 / train/inv/policy_weight_mean 1 / train/inv/policy_weight_min 1 / train/inv/policy_weight_std 0 / train/inv/valid_frac 1 / train/inv/weight 0.03 / train/loss/con 0.02 / train/loss/dyn 3.44 / train/loss/image 3.8 / train/loss/inv 0.02 / train/loss/policy -0.01 / train/loss/rep 3.44 / train/loss/repval 0.98 / train/loss/rew 0.59 / train/loss/value 0.88 / replay/replay_ratio 260 / fps/policy 15.19 / fps/train 3888.58

Writing metrics: /home/zhangpeiying01/lfy/btwm-7.7/runs/btwm_dmc_walker_walk_seed0_w003_b21/metrics.jsonl
Writing metrics: /home/zhangpeiying01/lfy/btwm-7.7/runs/btwm_dmc_walker_walk_seed0_w003_b21/scores.jsonl

--------------------[Agent Step 198_848]--------------------
Metrics filtered by: 'score|length|fps|ratio|train/loss/|train/acc/|train/inv/|train/rand/'
train/acc/inv 0.45 / train/inv/ce 1.95 / train/inv/confidence 0.18 / train/inv/confidence_gating 0 / train/inv/effective_rep_weight 0.03 / train/inv/head_objective 0.64 / train/inv/head_weight 0 / train/inv/objective 0.64 / train/inv/policy_weight_max 1 / train/inv/policy_weight_mean 1 / train/inv/policy_weight_min 1 / train/inv/policy_weight_std 0 / train/inv/valid_frac 1 / train/inv/weight 0.03 / train/loss/con 0.02 / train/loss/dyn 3.39 / train/loss/image 3.77 / train/loss/inv 0.02 / train/loss/policy -0.01 / train/loss/rep 3.39 / train/loss/repval 0.98 / train/loss/rew 0.58 / train/loss/value 0.88 / replay/replay_ratio 260 / fps/policy 15.2 / fps/train 3891.69

Writing metrics: /home/zhangpeiying01/lfy/btwm-7.7/runs/btwm_dmc_walker_walk_seed0_w003_b21/metrics.jsonl
Writing metrics: /home/zhangpeiying01/lfy/btwm-7.7/runs/btwm_dmc_walker_walk_seed0_w003_b21/scores.jsonl

--------------------[Agent Step 200_672]--------------------
Metrics filtered by: 'score|length|fps|ratio|train/loss/|train/acc/|train/inv/|train/rand/'
episode/score 959.07 / episode/length 1001 / train/acc/inv 0.45 / train/inv/ce 1.95 / train/inv/confidence 0.18 / train/inv/confidence_gating 0 / train/inv/effective_rep_weight 0.03 / train/inv/head_objective 0.64 / train/inv/head_weight 0 / train/inv/objective 0.64 / train/inv/policy_weight_max 1 / train/inv/policy_weight_mean 1 / train/inv/policy_weight_min 1 / train/inv/policy_weight_std 0 / train/inv/valid_frac 1 / train/inv/weight 0.03 / train/loss/con 0.02 / train/loss/dyn 3.38 / train/loss/image 3.78 / train/loss/inv 0.02 / train/loss/policy -8.4e-3 / train/loss/rep 3.38 / train/loss/repval 0.98 / train/loss/rew 0.58 / train/loss/value 0.88 / replay/replay_ratio 260 / fps/policy 15.14 / fps/train 3874.57

Writing metrics: /home/zhangpeiying01/lfy/btwm-7.7/runs/btwm_dmc_walker_walk_seed0_w003_b21/metrics.jsonl
Writing metrics: /home/zhangpeiying01/lfy/btwm-7.7/runs/btwm_dmc_walker_walk_seed0_w003_b21/scores.jsonl

--------------------[Agent Step 202_496]--------------------
Metrics filtered by: 'score|length|fps|ratio|train/loss/|train/acc/|train/inv/|train/rand/'
train/acc/inv 0.45 / train/inv/ce 1.96 / train/inv/confidence 0.18 / train/inv/confidence_gating 0 / train/inv/effective_rep_weight 0.03 / train/inv/head_objective 0.64 / train/inv/head_weight 0 / train/inv/objective 0.64 / train/inv/policy_weight_max 1 / train/inv/policy_weight_mean 1 / train/inv/policy_weight_min 1 / train/inv/policy_weight_std 0 / train/inv/valid_frac 1 / train/inv/weight 0.03 / train/loss/con 0.02 / train/loss/dyn 3.47 / train/loss/image 3.84 / train/loss/inv 0.02 / train/loss/policy -4.7e-3 / train/loss/rep 3.47 / train/loss/repval 0.98 / train/loss/rew 0.59 / train/loss/value 0.88 / replay/replay_ratio 260 / fps/policy 15.2 / fps/train 3891.03

Writing metrics: /home/zhangpeiying01/lfy/btwm-7.7/runs/btwm_dmc_walker_walk_seed0_w003_b21/metrics.jsonl
Writing metrics: /home/zhangpeiying01/lfy/btwm-7.7/runs/btwm_dmc_walker_walk_seed0_w003_b21/scores.jsonl

--------------------[Agent Step 204_320]--------------------
Metrics filtered by: 'score|length|fps|ratio|train/loss/|train/acc/|train/inv/|train/rand/'
train/acc/inv 0.44 / train/inv/ce 1.97 / train/inv/confidence 0.18 / train/inv/confidence_gating 0 / train/inv/effective_rep_weight 0.03 / train/inv/head_objective 0.65 / train/inv/head_weight 0 / train/inv/objective 0.65 / train/inv/policy_weight_max 1 / train/inv/policy_weight_mean 1 / train/inv/policy_weight_min 1 / train/inv/policy_weight_std 0 / train/inv/valid_frac 1 / train/inv/weight 0.03 / train/loss/con 0.02 / train/loss/dyn 3.39 / train/loss/image 3.75 / train/loss/inv 0.02 / train/loss/policy -6.9e-3 / train/loss/rep 3.39 / train/loss/repval 0.97 / train/loss/rew 0.59 / train/loss/value 0.87 / replay/replay_ratio 260 / fps/policy 15.19 / fps/train 3887.87

Writing metrics: /home/zhangpeiying01/lfy/btwm-7.7/runs/btwm_dmc_walker_walk_seed0_w003_b21/metrics.jsonl
Writing metrics: /home/zhangpeiying01/lfy/btwm-7.7/runs/btwm_dmc_walker_walk_seed0_w003_b21/scores.jsonl

--------------------[Agent Step 206_144]--------------------
Metrics filtered by: 'score|length|fps|ratio|train/loss/|train/acc/|train/inv/|train/rand/'
train/acc/inv 0.44 / train/inv/ce 1.98 / train/inv/confidence 0.18 / train/inv/confidence_gating 0 / train/inv/effective_rep_weight 0.03 / train/inv/head_objective 0.65 / train/inv/head_weight 0 / train/inv/objective 0.65 / train/inv/policy_weight_max 1 / train/inv/policy_weight_mean 1 / train/inv/policy_weight_min 1 / train/inv/policy_weight_std 0 / train/inv/valid_frac 1 / train/inv/weight 0.03 / train/loss/con 0.02 / train/loss/dyn 3.37 / train/loss/image 3.7 / train/loss/inv 0.02 / train/loss/policy -8.6e-3 / train/loss/rep 3.37 / train/loss/repval 0.96 / train/loss/rew 0.59 / train/loss/value 0.86 / replay/replay_ratio 260 / fps/policy 15.2 / fps/train 3889.93

Writing metrics: /home/zhangpeiying01/lfy/btwm-7.7/runs/btwm_dmc_walker_walk_seed0_w003_b21/scores.jsonl
Writing metrics: /home/zhangpeiying01/lfy/btwm-7.7/runs/btwm_dmc_walker_walk_seed0_w003_b21/metrics.jsonl

--------------------[Agent Step 207_968]--------------------
Metrics filtered by: 'score|length|fps|ratio|train/loss/|train/acc/|train/inv/|train/rand/'
train/acc/inv 0.44 / train/inv/ce 1.97 / train/inv/confidence 0.18 / train/inv/confidence_gating 0 / train/inv/effective_rep_weight 0.03 / train/inv/head_objective 0.65 / train/inv/head_weight 0 / train/inv/objective 0.65 / train/inv/policy_weight_max 1 / train/inv/policy_weight_mean 1 / train/inv/policy_weight_min 1 / train/inv/policy_weight_std 0 / train/inv/valid_frac 1 / train/inv/weight 0.03 / train/loss/con 0.02 / train/loss/dyn 3.41 / train/loss/image 3.74 / train/loss/inv 0.02 / train/loss/policy -0.01 / train/loss/rep 3.41 / train/loss/repval 0.96 / train/loss/rew 0.59 / train/loss/value 0.86 / replay/replay_ratio 260 / fps/policy 15.18 / fps/train 3885.66

Writing metrics: /home/zhangpeiying01/lfy/btwm-7.7/runs/btwm_dmc_walker_walk_seed0_w003_b21/metrics.jsonl
Writing metrics: /home/zhangpeiying01/lfy/btwm-7.7/runs/btwm_dmc_walker_walk_seed0_w003_b21/scores.jsonl

--------------------[Agent Step 209_792]--------------------
Metrics filtered by: 'score|length|fps|ratio|train/loss/|train/acc/|train/inv/|train/rand/'
train/acc/inv 0.45 / train/inv/ce 1.97 / train/inv/confidence 0.18 / train/inv/confidence_gating 0 / train/inv/effective_rep_weight 0.03 / train/inv/head_objective 0.65 / train/inv/head_weight 0 / train/inv/objective 0.65 / train/inv/policy_weight_max 1 / train/inv/policy_weight_mean 1 / train/inv/policy_weight_min 1 / train/inv/policy_weight_std 0 / train/inv/valid_frac 1 / train/inv/weight 0.03 / train/loss/con 0.02 / train/loss/dyn 3.37 / train/loss/image 3.67 / train/loss/inv 0.02 / train/loss/policy -0.01 / train/loss/rep 3.37 / train/loss/repval 0.96 / train/loss/rew 0.59 / train/loss/value 0.86 / replay/replay_ratio 260 / fps/policy 15.17 / fps/train 3883.2

Writing metrics: /home/zhangpeiying01/lfy/btwm-7.7/runs/btwm_dmc_walker_walk_seed0_w003_b21/metrics.jsonl
Writing metrics: /home/zhangpeiying01/lfy/btwm-7.7/runs/btwm_dmc_walker_walk_seed0_w003_b21/scores.jsonl

--------------------[Agent Step 211_616]--------------------
Metrics filtered by: 'score|length|fps|ratio|train/loss/|train/acc/|train/inv/|train/rand/'
train/acc/inv 0.45 / train/inv/ce 1.96 / train/inv/confidence 0.18 / train/inv/confidence_gating 0 / train/inv/effective_rep_weight 0.03 / train/inv/head_objective 0.65 / train/inv/head_weight 0 / train/inv/objective 0.65 / train/inv/policy_weight_max 1 / train/inv/policy_weight_mean 1 / train/inv/policy_weight_min 1 / train/inv/policy_weight_std 0 / train/inv/valid_frac 1 / train/inv/weight 0.03 / train/loss/con 0.02 / train/loss/dyn 3.41 / train/loss/image 3.71 / train/loss/inv 0.02 / train/loss/policy -0.01 / train/loss/rep 3.41 / train/loss/repval 0.96 / train/loss/rew 0.59 / train/loss/value 0.86 / replay/replay_ratio 260 / fps/policy 15.2 / fps/train 3890.53

Writing metrics: /home/zhangpeiying01/lfy/btwm-7.7/runs/btwm_dmc_walker_walk_seed0_w003_b21/metrics.jsonl
Writing metrics: /home/zhangpeiying01/lfy/btwm-7.7/runs/btwm_dmc_walker_walk_seed0_w003_b21/scores.jsonl
Saving checkpoint: /home/zhangpeiying01/lfy/btwm-7.7/runs/btwm_dmc_walker_walk_seed0_w003_b21/ckpt/20260712T102544F919982
Saved checkpoint.

--------------------[Agent Step 213_408]--------------------
Metrics filtered by: 'score|length|fps|ratio|train/loss/|train/acc/|train/inv/|train/rand/'
train/acc/inv 0.45 / train/inv/ce 1.96 / train/inv/confidence 0.18 / train/inv/confidence_gating 0 / train/inv/effective_rep_weight 0.03 / train/inv/head_objective 0.64 / train/inv/head_weight 0 / train/inv/objective 0.64 / train/inv/policy_weight_max 1 / train/inv/policy_weight_mean 1 / train/inv/policy_weight_min 1 / train/inv/policy_weight_std 0 / train/inv/valid_frac 1 / train/inv/weight 0.03 / train/loss/con 0.02 / train/loss/dyn 3.4 / train/loss/image 3.73 / train/loss/inv 0.02 / train/loss/policy -0.01 / train/loss/rep 3.4 / train/loss/repval 0.96 / train/loss/rew 0.59 / train/loss/value 0.87 / replay/replay_ratio 260 / fps/policy 14.81 / fps/train 3791.77

Writing metrics: /home/zhangpeiying01/lfy/btwm-7.7/runs/btwm_dmc_walker_walk_seed0_w003_b21/scores.jsonl
Writing metrics: /home/zhangpeiying01/lfy/btwm-7.7/runs/btwm_dmc_walker_walk_seed0_w003_b21/metrics.jsonl

--------------------[Agent Step 215_232]--------------------
Metrics filtered by: 'score|length|fps|ratio|train/loss/|train/acc/|train/inv/|train/rand/'
train/acc/inv 0.44 / train/inv/ce 1.99 / train/inv/confidence 0.18 / train/inv/confidence_gating 0 / train/inv/effective_rep_weight 0.03 / train/inv/head_objective 0.65 / train/inv/head_weight 0 / train/inv/objective 0.65 / train/inv/policy_weight_max 1 / train/inv/policy_weight_mean 1 / train/inv/policy_weight_min 1 / train/inv/policy_weight_std 0 / train/inv/valid_frac 1 / train/inv/weight 0.03 / train/loss/con 0.02 / train/loss/dyn 3.38 / train/loss/image 3.66 / train/loss/inv 0.02 / train/loss/policy -0.01 / train/loss/rep 3.38 / train/loss/repval 0.96 / train/loss/rew 0.59 / train/loss/value 0.86 / replay/replay_ratio 260 / fps/policy 15.15 / fps/train 3877.35

Writing metrics: /home/zhangpeiying01/lfy/btwm-7.7/runs/btwm_dmc_walker_walk_seed0_w003_b21/metrics.jsonl
Writing metrics: /home/zhangpeiying01/lfy/btwm-7.7/runs/btwm_dmc_walker_walk_seed0_w003_b21/scores.jsonl

--------------------[Agent Step 217_056]--------------------
Metrics filtered by: 'score|length|fps|ratio|train/loss/|train/acc/|train/inv/|train/rand/'
episode/score 954.89 / episode/length 1001 / train/acc/inv 0.44 / train/inv/ce 1.97 / train/inv/confidence 0.18 / train/inv/confidence_gating 0 / train/inv/effective_rep_weight 0.03 / train/inv/head_objective 0.65 / train/inv/head_weight 0 / train/inv/objective 0.65 / train/inv/policy_weight_max 1 / train/inv/policy_weight_mean 1 / train/inv/policy_weight_min 1 / train/inv/policy_weight_std 0 / train/inv/valid_frac 1 / train/inv/weight 0.03 / train/loss/con 0.02 / train/loss/dyn 3.37 / train/loss/image 3.71 / train/loss/inv 0.02 / train/loss/policy -0.01 / train/loss/rep 3.37 / train/loss/repval 0.96 / train/loss/rew 0.59 / train/loss/value 0.86 / replay/replay_ratio 260 / fps/policy 15.19 / fps/train 3888.45

Writing metrics: /home/zhangpeiying01/lfy/btwm-7.7/runs/btwm_dmc_walker_walk_seed0_w003_b21/metrics.jsonl
Writing metrics: /home/zhangpeiying01/lfy/btwm-7.7/runs/btwm_dmc_walker_walk_seed0_w003_b21/scores.jsonl

--------------------[Agent Step 218_880]--------------------
Metrics filtered by: 'score|length|fps|ratio|train/loss/|train/acc/|train/inv/|train/rand/'
train/acc/inv 0.44 / train/inv/ce 1.99 / train/inv/confidence 0.17 / train/inv/confidence_gating 0 / train/inv/effective_rep_weight 0.03 / train/inv/head_objective 0.65 / train/inv/head_weight 0 / train/inv/objective 0.65 / train/inv/policy_weight_max 1 / train/inv/policy_weight_mean 1 / train/inv/policy_weight_min 1 / train/inv/policy_weight_std 0 / train/inv/valid_frac 1 / train/inv/weight 0.03 / train/loss/con 0.02 / train/loss/dyn 3.47 / train/loss/image 3.81 / train/loss/inv 0.02 / train/loss/policy -6.9e-3 / train/loss/rep 3.47 / train/loss/repval 0.96 / train/loss/rew 0.59 / train/loss/value 0.86 / replay/replay_ratio 260 / fps/policy 15.17 / fps/train 3883.98

Writing metrics: /home/zhangpeiying01/lfy/btwm-7.7/runs/btwm_dmc_walker_walk_seed0_w003_b21/metrics.jsonl
Writing metrics: /home/zhangpeiying01/lfy/btwm-7.7/runs/btwm_dmc_walker_walk_seed0_w003_b21/scores.jsonl

--------------------[Agent Step 220_704]--------------------
Metrics filtered by: 'score|length|fps|ratio|train/loss/|train/acc/|train/inv/|train/rand/'
train/acc/inv 0.44 / train/inv/ce 1.99 / train/inv/confidence 0.18 / train/inv/confidence_gating 0 / train/inv/effective_rep_weight 0.03 / train/inv/head_objective 0.65 / train/inv/head_weight 0 / train/inv/objective 0.65 / train/inv/policy_weight_max 1 / train/inv/policy_weight_mean 1 / train/inv/policy_weight_min 1 / train/inv/policy_weight_std 0 / train/inv/valid_frac 1 / train/inv/weight 0.03 / train/loss/con 0.02 / train/loss/dyn 3.41 / train/loss/image 3.73 / train/loss/inv 0.02 / train/loss/policy -0.02 / train/loss/rep 3.41 / train/loss/repval 0.96 / train/loss/rew 0.59 / train/loss/value 0.86 / replay/replay_ratio 260 / fps/policy 15.19 / fps/train 3887.91

Writing metrics: /home/zhangpeiying01/lfy/btwm-7.7/runs/btwm_dmc_walker_walk_seed0_w003_b21/metrics.jsonl
Writing metrics: /home/zhangpeiying01/lfy/btwm-7.7/runs/btwm_dmc_walker_walk_seed0_w003_b21/scores.jsonl

--------------------[Agent Step 222_528]--------------------
Metrics filtered by: 'score|length|fps|ratio|train/loss/|train/acc/|train/inv/|train/rand/'
train/acc/inv 0.44 / train/inv/ce 1.99 / train/inv/confidence 0.18 / train/inv/confidence_gating 0 / train/inv/effective_rep_weight 0.03 / train/inv/head_objective 0.65 / train/inv/head_weight 0 / train/inv/objective 0.65 / train/inv/policy_weight_max 1 / train/inv/policy_weight_mean 1 / train/inv/policy_weight_min 1 / train/inv/policy_weight_std 0 / train/inv/valid_frac 1 / train/inv/weight 0.03 / train/loss/con 0.02 / train/loss/dyn 3.32 / train/loss/image 3.66 / train/loss/inv 0.02 / train/loss/policy -0.02 / train/loss/rep 3.32 / train/loss/repval 0.95 / train/loss/rew 0.59 / train/loss/value 0.86 / replay/replay_ratio 260 / fps/policy 15.17 / fps/train 3883.39

Writing metrics: /home/zhangpeiying01/lfy/btwm-7.7/runs/btwm_dmc_walker_walk_seed0_w003_b21/scores.jsonl
Writing metrics: /home/zhangpeiying01/lfy/btwm-7.7/runs/btwm_dmc_walker_walk_seed0_w003_b21/metrics.jsonl

--------------------[Agent Step 224_352]--------------------
Metrics filtered by: 'score|length|fps|ratio|train/loss/|train/acc/|train/inv/|train/rand/'
train/acc/inv 0.44 / train/inv/ce 1.98 / train/inv/confidence 0.18 / train/inv/confidence_gating 0 / train/inv/effective_rep_weight 0.03 / train/inv/head_objective 0.65 / train/inv/head_weight 0 / train/inv/objective 0.65 / train/inv/policy_weight_max 1 / train/inv/policy_weight_mean 1 / train/inv/policy_weight_min 1 / train/inv/policy_weight_std 0 / train/inv/valid_frac 1 / train/inv/weight 0.03 / train/loss/con 0.02 / train/loss/dyn 3.34 / train/loss/image 3.64 / train/loss/inv 0.02 / train/loss/policy -0.02 / train/loss/rep 3.34 / train/loss/repval 0.96 / train/loss/rew 0.59 / train/loss/value 0.86 / replay/replay_ratio 260 / fps/policy 15.19 / fps/train 3889.23

Writing metrics: /home/zhangpeiying01/lfy/btwm-7.7/runs/btwm_dmc_walker_walk_seed0_w003_b21/metrics.jsonl
Writing metrics: /home/zhangpeiying01/lfy/btwm-7.7/runs/btwm_dmc_walker_walk_seed0_w003_b21/scores.jsonl

--------------------[Agent Step 226_192]--------------------
Metrics filtered by: 'score|length|fps|ratio|train/loss/|train/acc/|train/inv/|train/rand/'
train/acc/inv 0.44 / train/inv/ce 1.99 / train/inv/confidence 0.18 / train/inv/confidence_gating 0 / train/inv/effective_rep_weight 0.03 / train/inv/head_objective 0.65 / train/inv/head_weight 0 / train/inv/objective 0.65 / train/inv/policy_weight_max 1 / train/inv/policy_weight_mean 1 / train/inv/policy_weight_min 1 / train/inv/policy_weight_std 0 / train/inv/valid_frac 1 / train/inv/weight 0.03 / train/loss/con 0.02 / train/loss/dyn 3.38 / train/loss/image 3.65 / train/loss/inv 0.02 / train/loss/policy -0.02 / train/loss/rep 3.38 / train/loss/repval 0.96 / train/loss/rew 0.59 / train/loss/value 0.86 / replay/replay_ratio 260 / fps/policy 15.2 / fps/train 3890.88

Writing metrics: /home/zhangpeiying01/lfy/btwm-7.7/runs/btwm_dmc_walker_walk_seed0_w003_b21/scores.jsonl
Writing metrics: /home/zhangpeiying01/lfy/btwm-7.7/runs/btwm_dmc_walker_walk_seed0_w003_b21/metrics.jsonl

--------------------[Agent Step 228_016]--------------------
Metrics filtered by: 'score|length|fps|ratio|train/loss/|train/acc/|train/inv/|train/rand/'
train/acc/inv 0.44 / train/inv/ce 1.99 / train/inv/confidence 0.17 / train/inv/confidence_gating 0 / train/inv/effective_rep_weight 0.03 / train/inv/head_objective 0.65 / train/inv/head_weight 0 / train/inv/objective 0.65 / train/inv/policy_weight_max 1 / train/inv/policy_weight_mean 1 / train/inv/policy_weight_min 1 / train/inv/policy_weight_std 0 / train/inv/valid_frac 1 / train/inv/weight 0.03 / train/loss/con 0.02 / train/loss/dyn 3.38 / train/loss/image 3.61 / train/loss/inv 0.02 / train/loss/policy -0.01 / train/loss/rep 3.38 / train/loss/repval 0.96 / train/loss/rew 0.59 / train/loss/value 0.86 / replay/replay_ratio 260 / fps/policy 15.17 / fps/train 3883.77

Writing metrics: /home/zhangpeiying01/lfy/btwm-7.7/runs/btwm_dmc_walker_walk_seed0_w003_b21/metrics.jsonl
Writing metrics: /home/zhangpeiying01/lfy/btwm-7.7/runs/btwm_dmc_walker_walk_seed0_w003_b21/scores.jsonl

--------------------[Agent Step 229_840]--------------------
Metrics filtered by: 'score|length|fps|ratio|train/loss/|train/acc/|train/inv/|train/rand/'
train/acc/inv 0.44 / train/inv/ce 1.99 / train/inv/confidence 0.18 / train/inv/confidence_gating 0 / train/inv/effective_rep_weight 0.03 / train/inv/head_objective 0.65 / train/inv/head_weight 0 / train/inv/objective 0.65 / train/inv/policy_weight_max 1 / train/inv/policy_weight_mean 1 / train/inv/policy_weight_min 1 / train/inv/policy_weight_std 0 / train/inv/valid_frac 1 / train/inv/weight 0.03 / train/loss/con 0.02 / train/loss/dyn 3.39 / train/loss/image 3.64 / train/loss/inv 0.02 / train/loss/policy -0.01 / train/loss/rep 3.39 / train/loss/repval 0.96 / train/loss/rew 0.59 / train/loss/value 0.87 / replay/replay_ratio 260 / fps/policy 15.18 / fps/train 3887.08

Writing metrics: /home/zhangpeiying01/lfy/btwm-7.7/runs/btwm_dmc_walker_walk_seed0_w003_b21/metrics.jsonl
Writing metrics: /home/zhangpeiying01/lfy/btwm-7.7/runs/btwm_dmc_walker_walk_seed0_w003_b21/scores.jsonl

--------------------[Agent Step 231_664]--------------------
Metrics filtered by: 'score|length|fps|ratio|train/loss/|train/acc/|train/inv/|train/rand/'
train/acc/inv 0.44 / train/inv/ce 1.99 / train/inv/confidence 0.18 / train/inv/confidence_gating 0 / train/inv/effective_rep_weight 0.03 / train/inv/head_objective 0.65 / train/inv/head_weight 0 / train/inv/objective 0.65 / train/inv/policy_weight_max 1 / train/inv/policy_weight_mean 1 / train/inv/policy_weight_min 1 / train/inv/policy_weight_std 0 / train/inv/valid_frac 1 / train/inv/weight 0.03 / train/loss/con 0.02 / train/loss/dyn 3.27 / train/loss/image 3.58 / train/loss/inv 0.02 / train/loss/policy -0.01 / train/loss/rep 3.27 / train/loss/repval 0.96 / train/loss/rew 0.59 / train/loss/value 0.87 / replay/replay_ratio 260 / fps/policy 15.18 / fps/train 3887.04

Writing metrics: /home/zhangpeiying01/lfy/btwm-7.7/runs/btwm_dmc_walker_walk_seed0_w003_b21/metrics.jsonl
Writing metrics: /home/zhangpeiying01/lfy/btwm-7.7/runs/btwm_dmc_walker_walk_seed0_w003_b21/scores.jsonl

--------------------[Agent Step 233_488]--------------------
Metrics filtered by: 'score|length|fps|ratio|train/loss/|train/acc/|train/inv/|train/rand/'
episode/score 921.29 / episode/length 1001 / train/acc/inv 0.44 / train/inv/ce 2 / train/inv/confidence 0.17 / train/inv/confidence_gating 0 / train/inv/effective_rep_weight 0.03 / train/inv/head_objective 0.66 / train/inv/head_weight 0 / train/inv/objective 0.66 / train/inv/policy_weight_max 1 / train/inv/policy_weight_mean 1 / train/inv/policy_weight_min 1 / train/inv/policy_weight_std 0 / train/inv/valid_frac 1 / train/inv/weight 0.03 / train/loss/con 0.02 / train/loss/dyn 3.41 / train/loss/image 3.67 / train/loss/inv 0.02 / train/loss/policy -0.01 / train/loss/rep 3.41 / train/loss/repval 0.96 / train/loss/rew 0.59 / train/loss/value 0.87 / replay/replay_ratio 260 / fps/policy 15.2 / fps/train 3889.93

Writing metrics: /home/zhangpeiying01/lfy/btwm-7.7/runs/btwm_dmc_walker_walk_seed0_w003_b21/metrics.jsonl
Writing metrics: /home/zhangpeiying01/lfy/btwm-7.7/runs/btwm_dmc_walker_walk_seed0_w003_b21/scores.jsonl

--------------------[Agent Step 235_328]--------------------
Metrics filtered by: 'score|length|fps|ratio|train/loss/|train/acc/|train/inv/|train/rand/'
train/acc/inv 0.44 / train/inv/ce 2 / train/inv/confidence 0.17 / train/inv/confidence_gating 0 / train/inv/effective_rep_weight 0.03 / train/inv/head_objective 0.66 / train/inv/head_weight 0 / train/inv/objective 0.66 / train/inv/policy_weight_max 1 / train/inv/policy_weight_mean 1 / train/inv/policy_weight_min 1 / train/inv/policy_weight_std 0 / train/inv/valid_frac 1 / train/inv/weight 0.03 / train/loss/con 0.02 / train/loss/dyn 3.39 / train/loss/image 3.66 / train/loss/inv 0.02 / train/loss/policy -6e-3 / train/loss/rep 3.39 / train/loss/repval 0.96 / train/loss/rew 0.59 / train/loss/value 0.87 / replay/replay_ratio 260 / fps/policy 15.2 / fps/train 3891.59

Writing metrics: /home/zhangpeiying01/lfy/btwm-7.7/runs/btwm_dmc_walker_walk_seed0_w003_b21/metrics.jsonl
Writing metrics: /home/zhangpeiying01/lfy/btwm-7.7/runs/btwm_dmc_walker_walk_seed0_w003_b21/scores.jsonl

--------------------[Agent Step 237_152]--------------------
Metrics filtered by: 'score|length|fps|ratio|train/loss/|train/acc/|train/inv/|train/rand/'
train/acc/inv 0.44 / train/inv/ce 2.01 / train/inv/confidence 0.17 / train/inv/confidence_gating 0 / train/inv/effective_rep_weight 0.03 / train/inv/head_objective 0.66 / train/inv/head_weight 0 / train/inv/objective 0.66 / train/inv/policy_weight_max 1 / train/inv/policy_weight_mean 1 / train/inv/policy_weight_min 1 / train/inv/policy_weight_std 0 / train/inv/valid_frac 1 / train/inv/weight 0.03 / train/loss/con 0.02 / train/loss/dyn 3.28 / train/loss/image 3.55 / train/loss/inv 0.02 / train/loss/policy -7.4e-3 / train/loss/rep 3.28 / train/loss/repval 0.96 / train/loss/rew 0.59 / train/loss/value 0.87 / replay/replay_ratio 260 / fps/policy 15.17 / fps/train 3883.92

Writing metrics: /home/zhangpeiying01/lfy/btwm-7.7/runs/btwm_dmc_walker_walk_seed0_w003_b21/metrics.jsonl
Writing metrics: /home/zhangpeiying01/lfy/btwm-7.7/runs/btwm_dmc_walker_walk_seed0_w003_b21/scores.jsonl

--------------------[Agent Step 238_976]--------------------
Metrics filtered by: 'score|length|fps|ratio|train/loss/|train/acc/|train/inv/|train/rand/'
train/acc/inv 0.44 / train/inv/ce 2 / train/inv/confidence 0.17 / train/inv/confidence_gating 0 / train/inv/effective_rep_weight 0.03 / train/inv/head_objective 0.66 / train/inv/head_weight 0 / train/inv/objective 0.66 / train/inv/policy_weight_max 1 / train/inv/policy_weight_mean 1 / train/inv/policy_weight_min 1 / train/inv/policy_weight_std 0 / train/inv/valid_frac 1 / train/inv/weight 0.03 / train/loss/con 0.02 / train/loss/dyn 3.28 / train/loss/image 3.53 / train/loss/inv 0.02 / train/loss/policy -0.01 / train/loss/rep 3.28 / train/loss/repval 0.96 / train/loss/rew 0.59 / train/loss/value 0.87 / replay/replay_ratio 260 / fps/policy 15.19 / fps/train 3888.24

Writing metrics: /home/zhangpeiying01/lfy/btwm-7.7/runs/btwm_dmc_walker_walk_seed0_w003_b21/metrics.jsonl
Writing metrics: /home/zhangpeiying01/lfy/btwm-7.7/runs/btwm_dmc_walker_walk_seed0_w003_b21/scores.jsonl

--------------------[Agent Step 240_800]--------------------
Metrics filtered by: 'score|length|fps|ratio|train/loss/|train/acc/|train/inv/|train/rand/'
train/acc/inv 0.44 / train/inv/ce 1.99 / train/inv/confidence 0.17 / train/inv/confidence_gating 0 / train/inv/effective_rep_weight 0.03 / train/inv/head_objective 0.65 / train/inv/head_weight 0 / train/inv/objective 0.65 / train/inv/policy_weight_max 1 / train/inv/policy_weight_mean 1 / train/inv/policy_weight_min 1 / train/inv/policy_weight_std 0 / train/inv/valid_frac 1 / train/inv/weight 0.03 / train/loss/con 0.02 / train/loss/dyn 3.33 / train/loss/image 3.58 / train/loss/inv 0.02 / train/loss/policy -0.01 / train/loss/rep 3.33 / train/loss/repval 0.97 / train/loss/rew 0.59 / train/loss/value 0.88 / replay/replay_ratio 260 / fps/policy 15.17 / fps/train 3884.01

Writing metrics: /home/zhangpeiying01/lfy/btwm-7.7/runs/btwm_dmc_walker_walk_seed0_w003_b21/scores.jsonl
Writing metrics: /home/zhangpeiying01/lfy/btwm-7.7/runs/btwm_dmc_walker_walk_seed0_w003_b21/metrics.jsonl

--------------------[Agent Step 242_624]--------------------
Metrics filtered by: 'score|length|fps|ratio|train/loss/|train/acc/|train/inv/|train/rand/'
train/acc/inv 0.44 / train/inv/ce 2 / train/inv/confidence 0.17 / train/inv/confidence_gating 0 / train/inv/effective_rep_weight 0.03 / train/inv/head_objective 0.66 / train/inv/head_weight 0 / train/inv/objective 0.66 / train/inv/policy_weight_max 1 / train/inv/policy_weight_mean 1 / train/inv/policy_weight_min 1 / train/inv/policy_weight_std 0 / train/inv/valid_frac 1 / train/inv/weight 0.03 / train/loss/con 0.02 / train/loss/dyn 3.33 / train/loss/image 3.54 / train/loss/inv 0.02 / train/loss/policy -7.8e-3 / train/loss/rep 3.33 / train/loss/repval 0.97 / train/loss/rew 0.59 / train/loss/value 0.88 / replay/replay_ratio 260 / fps/policy 15.16 / fps/train 3882.11

Writing metrics: /home/zhangpeiying01/lfy/btwm-7.7/runs/btwm_dmc_walker_walk_seed0_w003_b21/metrics.jsonl
Writing metrics: /home/zhangpeiying01/lfy/btwm-7.7/runs/btwm_dmc_walker_walk_seed0_w003_b21/scores.jsonl

--------------------[Agent Step 244_448]--------------------
Metrics filtered by: 'score|length|fps|ratio|train/loss/|train/acc/|train/inv/|train/rand/'
train/acc/inv 0.44 / train/inv/ce 1.99 / train/inv/confidence 0.17 / train/inv/confidence_gating 0 / train/inv/effective_rep_weight 0.03 / train/inv/head_objective 0.65 / train/inv/head_weight 0 / train/inv/objective 0.65 / train/inv/policy_weight_max 1 / train/inv/policy_weight_mean 1 / train/inv/policy_weight_min 1 / train/inv/policy_weight_std 0 / train/inv/valid_frac 1 / train/inv/weight 0.03 / train/loss/con 0.02 / train/loss/dyn 3.27 / train/loss/image 3.51 / train/loss/inv 0.02 / train/loss/policy -0.01 / train/loss/rep 3.27 / train/loss/repval 0.97 / train/loss/rew 0.59 / train/loss/value 0.88 / replay/replay_ratio 260 / fps/policy 15.19 / fps/train 3888.13

Writing metrics: /home/zhangpeiying01/lfy/btwm-7.7/runs/btwm_dmc_walker_walk_seed0_w003_b21/metrics.jsonl
Writing metrics: /home/zhangpeiying01/lfy/btwm-7.7/runs/btwm_dmc_walker_walk_seed0_w003_b21/scores.jsonl

--------------------[Agent Step 246_272]--------------------
Metrics filtered by: 'score|length|fps|ratio|train/loss/|train/acc/|train/inv/|train/rand/'
train/acc/inv 0.44 / train/inv/ce 2 / train/inv/confidence 0.17 / train/inv/confidence_gating 0 / train/inv/effective_rep_weight 0.03 / train/inv/head_objective 0.66 / train/inv/head_weight 0 / train/inv/objective 0.66 / train/inv/policy_weight_max 1 / train/inv/policy_weight_mean 1 / train/inv/policy_weight_min 1 / train/inv/policy_weight_std 0 / train/inv/valid_frac 1 / train/inv/weight 0.03 / train/loss/con 0.02 / train/loss/dyn 3.29 / train/loss/image 3.51 / train/loss/inv 0.02 / train/loss/policy -9.4e-3 / train/loss/rep 3.29 / train/loss/repval 0.97 / train/loss/rew 0.59 / train/loss/value 0.88 / replay/replay_ratio 260 / fps/policy 15.16 / fps/train 3881.52

Writing metrics: /home/zhangpeiying01/lfy/btwm-7.7/runs/btwm_dmc_walker_walk_seed0_w003_b21/metrics.jsonl
Writing metrics: /home/zhangpeiying01/lfy/btwm-7.7/runs/btwm_dmc_walker_walk_seed0_w003_b21/scores.jsonl

--------------------[Agent Step 248_096]--------------------
Metrics filtered by: 'score|length|fps|ratio|train/loss/|train/acc/|train/inv/|train/rand/'
episode/score 951.16 / episode/length 1001 / train/acc/inv 0.44 / train/inv/ce 2 / train/inv/confidence 0.17 / train/inv/confidence_gating 0 / train/inv/effective_rep_weight 0.03 / train/inv/head_objective 0.66 / train/inv/head_weight 0 / train/inv/objective 0.66 / train/inv/policy_weight_max 1 / train/inv/policy_weight_mean 1 / train/inv/policy_weight_min 1 / train/inv/policy_weight_std 0 / train/inv/valid_frac 1 / train/inv/weight 0.03 / train/loss/con 0.02 / train/loss/dyn 3.25 / train/loss/image 3.45 / train/loss/inv 0.02 / train/loss/policy -0.02 / train/loss/rep 3.25 / train/loss/repval 0.96 / train/loss/rew 0.59 / train/loss/value 0.87 / replay/replay_ratio 260 / fps/policy 15.17 / fps/train 3883.62

Writing metrics: /home/zhangpeiying01/lfy/btwm-7.7/runs/btwm_dmc_walker_walk_seed0_w003_b21/metrics.jsonl
Writing metrics: /home/zhangpeiying01/lfy/btwm-7.7/runs/btwm_dmc_walker_walk_seed0_w003_b21/scores.jsonl

--------------------[Agent Step 249_920]--------------------
Metrics filtered by: 'score|length|fps|ratio|train/loss/|train/acc/|train/inv/|train/rand/'
train/acc/inv 0.44 / train/inv/ce 2.02 / train/inv/confidence 0.17 / train/inv/confidence_gating 0 / train/inv/effective_rep_weight 0.03 / train/inv/head_objective 0.66 / train/inv/head_weight 0 / train/inv/objective 0.66 / train/inv/policy_weight_max 1 / train/inv/policy_weight_mean 1 / train/inv/policy_weight_min 1 / train/inv/policy_weight_std 0 / train/inv/valid_frac 1 / train/inv/weight 0.03 / train/loss/con 0.02 / train/loss/dyn 3.38 / train/loss/image 3.64 / train/loss/inv 0.02 / train/loss/policy -0.01 / train/loss/rep 3.38 / train/loss/repval 0.96 / train/loss/rew 0.6 / train/loss/value 0.87 / replay/replay_ratio 260 / fps/policy 15.17 / fps/train 3882.5

Writing metrics: /home/zhangpeiying01/lfy/btwm-7.7/runs/btwm_dmc_walker_walk_seed0_w003_b21/scores.jsonl
Writing metrics: /home/zhangpeiying01/lfy/btwm-7.7/runs/btwm_dmc_walker_walk_seed0_w003_b21/metrics.jsonl

--------------------[Agent Step 251_744]--------------------
Metrics filtered by: 'score|length|fps|ratio|train/loss/|train/acc/|train/inv/|train/rand/'
train/acc/inv 0.44 / train/inv/ce 2 / train/inv/confidence 0.17 / train/inv/confidence_gating 0 / train/inv/effective_rep_weight 0.03 / train/inv/head_objective 0.66 / train/inv/head_weight 0 / train/inv/objective 0.66 / train/inv/policy_weight_max 1 / train/inv/policy_weight_mean 1 / train/inv/policy_weight_min 1 / train/inv/policy_weight_std 0 / train/inv/valid_frac 1 / train/inv/weight 0.03 / train/loss/con 0.02 / train/loss/dyn 3.29 / train/loss/image 3.52 / train/loss/inv 0.02 / train/loss/policy -0.01 / train/loss/rep 3.29 / train/loss/repval 0.96 / train/loss/rew 0.59 / train/loss/value 0.87 / replay/replay_ratio 260 / fps/policy 15.19 / fps/train 3888.67

Writing metrics: /home/zhangpeiying01/lfy/btwm-7.7/runs/btwm_dmc_walker_walk_seed0_w003_b21/metrics.jsonl
Writing metrics: /home/zhangpeiying01/lfy/btwm-7.7/runs/btwm_dmc_walker_walk_seed0_w003_b21/scores.jsonl

--------------------[Agent Step 253_568]--------------------
Metrics filtered by: 'score|length|fps|ratio|train/loss/|train/acc/|train/inv/|train/rand/'
train/acc/inv 0.44 / train/inv/ce 2.01 / train/inv/confidence 0.17 / train/inv/confidence_gating 0 / train/inv/effective_rep_weight 0.03 / train/inv/head_objective 0.66 / train/inv/head_weight 0 / train/inv/objective 0.66 / train/inv/policy_weight_max 1 / train/inv/policy_weight_mean 1 / train/inv/policy_weight_min 1 / train/inv/policy_weight_std 0 / train/inv/valid_frac 1 / train/inv/weight 0.03 / train/loss/con 0.02 / train/loss/dyn 3.27 / train/loss/image 3.5 / train/loss/inv 0.02 / train/loss/policy -0.02 / train/loss/rep 3.27 / train/loss/repval 0.96 / train/loss/rew 0.6 / train/loss/value 0.87 / replay/replay_ratio 260 / fps/policy 15.19 / fps/train 3888.07

Writing metrics: /home/zhangpeiying01/lfy/btwm-7.7/runs/btwm_dmc_walker_walk_seed0_w003_b21/metrics.jsonl
Writing metrics: /home/zhangpeiying01/lfy/btwm-7.7/runs/btwm_dmc_walker_walk_seed0_w003_b21/scores.jsonl

--------------------[Agent Step 255_392]--------------------
Metrics filtered by: 'score|length|fps|ratio|train/loss/|train/acc/|train/inv/|train/rand/'
train/acc/inv 0.44 / train/inv/ce 2 / train/inv/confidence 0.17 / train/inv/confidence_gating 0 / train/inv/effective_rep_weight 0.03 / train/inv/head_objective 0.66 / train/inv/head_weight 0 / train/inv/objective 0.66 / train/inv/policy_weight_max 1 / train/inv/policy_weight_mean 1 / train/inv/policy_weight_min 1 / train/inv/policy_weight_std 0 / train/inv/valid_frac 1 / train/inv/weight 0.03 / train/loss/con 0.02 / train/loss/dyn 3.25 / train/loss/image 3.45 / train/loss/inv 0.02 / train/loss/policy -0.02 / train/loss/rep 3.25 / train/loss/repval 0.96 / train/loss/rew 0.6 / train/loss/value 0.88 / replay/replay_ratio 260 / fps/policy 15.18 / fps/train 3885.83

Writing metrics: /home/zhangpeiying01/lfy/btwm-7.7/runs/btwm_dmc_walker_walk_seed0_w003_b21/metrics.jsonl
Writing metrics: /home/zhangpeiying01/lfy/btwm-7.7/runs/btwm_dmc_walker_walk_seed0_w003_b21/scores.jsonl

--------------------[Agent Step 257_232]--------------------
Metrics filtered by: 'score|length|fps|ratio|train/loss/|train/acc/|train/inv/|train/rand/'
train/acc/inv 0.44 / train/inv/ce 2.01 / train/inv/confidence 0.17 / train/inv/confidence_gating 0 / train/inv/effective_rep_weight 0.03 / train/inv/head_objective 0.66 / train/inv/head_weight 0 / train/inv/objective 0.66 / train/inv/policy_weight_max 1 / train/inv/policy_weight_mean 1 / train/inv/policy_weight_min 1 / train/inv/policy_weight_std 0 / train/inv/valid_frac 1 / train/inv/weight 0.03 / train/loss/con 0.02 / train/loss/dyn 3.24 / train/loss/image 3.43 / train/loss/inv 0.02 / train/loss/policy -1e-2 / train/loss/rep 3.24 / train/loss/repval 0.96 / train/loss/rew 0.6 / train/loss/value 0.88 / replay/replay_ratio 260 / fps/policy 15.18 / fps/train 3886.83

Writing metrics: /home/zhangpeiying01/lfy/btwm-7.7/runs/btwm_dmc_walker_walk_seed0_w003_b21/metrics.jsonl
Writing metrics: /home/zhangpeiying01/lfy/btwm-7.7/runs/btwm_dmc_walker_walk_seed0_w003_b21/scores.jsonl

--------------------[Agent Step 259_056]--------------------
Metrics filtered by: 'score|length|fps|ratio|train/loss/|train/acc/|train/inv/|train/rand/'
train/acc/inv 0.44 / train/inv/ce 2.01 / train/inv/confidence 0.17 / train/inv/confidence_gating 0 / train/inv/effective_rep_weight 0.03 / train/inv/head_objective 0.66 / train/inv/head_weight 0 / train/inv/objective 0.66 / train/inv/policy_weight_max 1 / train/inv/policy_weight_mean 1 / train/inv/policy_weight_min 1 / train/inv/policy_weight_std 0 / train/inv/valid_frac 1 / train/inv/weight 0.03 / train/loss/con 0.02 / train/loss/dyn 3.32 / train/loss/image 3.47 / train/loss/inv 0.02 / train/loss/policy -0.01 / train/loss/rep 3.32 / train/loss/repval 0.96 / train/loss/rew 0.6 / train/loss/value 0.87 / replay/replay_ratio 260 / fps/policy 15.18 / fps/train 3887.26

Writing metrics: /home/zhangpeiying01/lfy/btwm-7.7/runs/btwm_dmc_walker_walk_seed0_w003_b21/metrics.jsonl
Writing metrics: /home/zhangpeiying01/lfy/btwm-7.7/runs/btwm_dmc_walker_walk_seed0_w003_b21/scores.jsonl

--------------------[Agent Step 260_880]--------------------
Metrics filtered by: 'score|length|fps|ratio|train/loss/|train/acc/|train/inv/|train/rand/'
train/acc/inv 0.44 / train/inv/ce 2.02 / train/inv/confidence 0.17 / train/inv/confidence_gating 0 / train/inv/effective_rep_weight 0.03 / train/inv/head_objective 0.66 / train/inv/head_weight 0 / train/inv/objective 0.66 / train/inv/policy_weight_max 1 / train/inv/policy_weight_mean 1 / train/inv/policy_weight_min 1 / train/inv/policy_weight_std 0 / train/inv/valid_frac 1 / train/inv/weight 0.03 / train/loss/con 0.02 / train/loss/dyn 3.22 / train/loss/image 3.39 / train/loss/inv 0.02 / train/loss/policy -8e-3 / train/loss/rep 3.22 / train/loss/repval 0.95 / train/loss/rew 0.6 / train/loss/value 0.87 / replay/replay_ratio 260 / fps/policy 15.19 / fps/train 3889.4

Writing metrics: /home/zhangpeiying01/lfy/btwm-7.7/runs/btwm_dmc_walker_walk_seed0_w003_b21/metrics.jsonl
Writing metrics: /home/zhangpeiying01/lfy/btwm-7.7/runs/btwm_dmc_walker_walk_seed0_w003_b21/scores.jsonl

--------------------[Agent Step 262_704]--------------------
Metrics filtered by: 'score|length|fps|ratio|train/loss/|train/acc/|train/inv/|train/rand/'
train/acc/inv 0.44 / train/inv/ce 2.01 / train/inv/confidence 0.17 / train/inv/confidence_gating 0 / train/inv/effective_rep_weight 0.03 / train/inv/head_objective 0.66 / train/inv/head_weight 0 / train/inv/objective 0.66 / train/inv/policy_weight_max 1 / train/inv/policy_weight_mean 1 / train/inv/policy_weight_min 1 / train/inv/policy_weight_std 0 / train/inv/valid_frac 1 / train/inv/weight 0.03 / train/loss/con 0.02 / train/loss/dyn 3.26 / train/loss/image 3.41 / train/loss/inv 0.02 / train/loss/policy -0.01 / train/loss/rep 3.26 / train/loss/repval 0.95 / train/loss/rew 0.6 / train/loss/value 0.86 / replay/replay_ratio 260 / fps/policy 15.18 / fps/train 3885.45

Writing metrics: /home/zhangpeiying01/lfy/btwm-7.7/runs/btwm_dmc_walker_walk_seed0_w003_b21/metrics.jsonl
Writing metrics: /home/zhangpeiying01/lfy/btwm-7.7/runs/btwm_dmc_walker_walk_seed0_w003_b21/scores.jsonl

--------------------[Agent Step 264_528]--------------------
Metrics filtered by: 'score|length|fps|ratio|train/loss/|train/acc/|train/inv/|train/rand/'
episode/score 979.68 / episode/length 1001 / train/acc/inv 0.44 / train/inv/ce 2.02 / train/inv/confidence 0.17 / train/inv/confidence_gating 0 / train/inv/effective_rep_weight 0.03 / train/inv/head_objective 0.66 / train/inv/head_weight 0 / train/inv/objective 0.66 / train/inv/policy_weight_max 1 / train/inv/policy_weight_mean 1 / train/inv/policy_weight_min 1 / train/inv/policy_weight_std 0 / train/inv/valid_frac 1 / train/inv/weight 0.03 / train/loss/con 0.02 / train/loss/dyn 3.29 / train/loss/image 3.38 / train/loss/inv 0.02 / train/loss/policy -0.01 / train/loss/rep 3.29 / train/loss/repval 0.94 / train/loss/rew 0.6 / train/loss/value 0.86 / replay/replay_ratio 260 / fps/policy 15.18 / fps/train 3884.87

Writing metrics: /home/zhangpeiying01/lfy/btwm-7.7/runs/btwm_dmc_walker_walk_seed0_w003_b21/metrics.jsonl
Writing metrics: /home/zhangpeiying01/lfy/btwm-7.7/runs/btwm_dmc_walker_walk_seed0_w003_b21/scores.jsonl

--------------------[Agent Step 266_352]--------------------
Metrics filtered by: 'score|length|fps|ratio|train/loss/|train/acc/|train/inv/|train/rand/'
train/acc/inv 0.44 / train/inv/ce 2.02 / train/inv/confidence 0.17 / train/inv/confidence_gating 0 / train/inv/effective_rep_weight 0.03 / train/inv/head_objective 0.66 / train/inv/head_weight 0 / train/inv/objective 0.66 / train/inv/policy_weight_max 1 / train/inv/policy_weight_mean 1 / train/inv/policy_weight_min 1 / train/inv/policy_weight_std 0 / train/inv/valid_frac 1 / train/inv/weight 0.03 / train/loss/con 0.02 / train/loss/dyn 3.31 / train/loss/image 3.48 / train/loss/inv 0.02 / train/loss/policy -0.01 / train/loss/rep 3.31 / train/loss/repval 0.94 / train/loss/rew 0.6 / train/loss/value 0.85 / replay/replay_ratio 260 / fps/policy 15.16 / fps/train 3881.45

Writing metrics: /home/zhangpeiying01/lfy/btwm-7.7/runs/btwm_dmc_walker_walk_seed0_w003_b21/metrics.jsonl
Writing metrics: /home/zhangpeiying01/lfy/btwm-7.7/runs/btwm_dmc_walker_walk_seed0_w003_b21/scores.jsonl
Saving checkpoint: /home/zhangpeiying01/lfy/btwm-7.7/runs/btwm_dmc_walker_walk_seed0_w003_b21/ckpt/20260712T112545F376487
Saved checkpoint.

--------------------[Agent Step 268_112]--------------------
Metrics filtered by: 'score|length|fps|ratio|train/loss/|train/acc/|train/inv/|train/rand/'
train/acc/inv 0.44 / train/inv/ce 2.01 / train/inv/confidence 0.17 / train/inv/confidence_gating 0 / train/inv/effective_rep_weight 0.03 / train/inv/head_objective 0.66 / train/inv/head_weight 0 / train/inv/objective 0.66 / train/inv/policy_weight_max 1 / train/inv/policy_weight_mean 1 / train/inv/policy_weight_min 1 / train/inv/policy_weight_std 0 / train/inv/valid_frac 1 / train/inv/weight 0.03 / train/loss/con 0.02 / train/loss/dyn 3.16 / train/loss/image 3.37 / train/loss/inv 0.02 / train/loss/policy -0.02 / train/loss/rep 3.16 / train/loss/repval 0.94 / train/loss/rew 0.6 / train/loss/value 0.85 / replay/replay_ratio 260 / fps/policy 14.69 / fps/train 3761.2

Writing metrics: /home/zhangpeiying01/lfy/btwm-7.7/runs/btwm_dmc_walker_walk_seed0_w003_b21/metrics.jsonl
Writing metrics: /home/zhangpeiying01/lfy/btwm-7.7/runs/btwm_dmc_walker_walk_seed0_w003_b21/scores.jsonl

--------------------[Agent Step 269_936]--------------------
Metrics filtered by: 'score|length|fps|ratio|train/loss/|train/acc/|train/inv/|train/rand/'
train/acc/inv 0.44 / train/inv/ce 2.02 / train/inv/confidence 0.17 / train/inv/confidence_gating 0 / train/inv/effective_rep_weight 0.03 / train/inv/head_objective 0.66 / train/inv/head_weight 0 / train/inv/objective 0.66 / train/inv/policy_weight_max 1 / train/inv/policy_weight_mean 1 / train/inv/policy_weight_min 1 / train/inv/policy_weight_std 0 / train/inv/valid_frac 1 / train/inv/weight 0.03 / train/loss/con 0.02 / train/loss/dyn 3.24 / train/loss/image 3.37 / train/loss/inv 0.02 / train/loss/policy -0.02 / train/loss/rep 3.24 / train/loss/repval 0.94 / train/loss/rew 0.6 / train/loss/value 0.85 / replay/replay_ratio 260 / fps/policy 15.19 / fps/train 3887.5

Writing metrics: /home/zhangpeiying01/lfy/btwm-7.7/runs/btwm_dmc_walker_walk_seed0_w003_b21/metrics.jsonl
Writing metrics: /home/zhangpeiying01/lfy/btwm-7.7/runs/btwm_dmc_walker_walk_seed0_w003_b21/scores.jsonl

--------------------[Agent Step 271_760]--------------------
Metrics filtered by: 'score|length|fps|ratio|train/loss/|train/acc/|train/inv/|train/rand/'
train/acc/inv 0.44 / train/inv/ce 2.03 / train/inv/confidence 0.17 / train/inv/confidence_gating 0 / train/inv/effective_rep_weight 0.03 / train/inv/head_objective 0.67 / train/inv/head_weight 0 / train/inv/objective 0.67 / train/inv/policy_weight_max 1 / train/inv/policy_weight_mean 1 / train/inv/policy_weight_min 1 / train/inv/policy_weight_std 0 / train/inv/valid_frac 1 / train/inv/weight 0.03 / train/loss/con 0.02 / train/loss/dyn 3.27 / train/loss/image 3.36 / train/loss/inv 0.02 / train/loss/policy -0.01 / train/loss/rep 3.27 / train/loss/repval 0.94 / train/loss/rew 0.6 / train/loss/value 0.85 / replay/replay_ratio 260 / fps/policy 15.17 / fps/train 3884.25

Writing metrics: /home/zhangpeiying01/lfy/btwm-7.7/runs/btwm_dmc_walker_walk_seed0_w003_b21/metrics.jsonl
Writing metrics: /home/zhangpeiying01/lfy/btwm-7.7/runs/btwm_dmc_walker_walk_seed0_w003_b21/scores.jsonl

--------------------[Agent Step 273_584]--------------------
Metrics filtered by: 'score|length|fps|ratio|train/loss/|train/acc/|train/inv/|train/rand/'
train/acc/inv 0.44 / train/inv/ce 2.03 / train/inv/confidence 0.17 / train/inv/confidence_gating 0 / train/inv/effective_rep_weight 0.03 / train/inv/head_objective 0.67 / train/inv/head_weight 0 / train/inv/objective 0.67 / train/inv/policy_weight_max 1 / train/inv/policy_weight_mean 1 / train/inv/policy_weight_min 1 / train/inv/policy_weight_std 0 / train/inv/valid_frac 1 / train/inv/weight 0.03 / train/loss/con 0.02 / train/loss/dyn 3.23 / train/loss/image 3.31 / train/loss/inv 0.02 / train/loss/policy -0.01 / train/loss/rep 3.23 / train/loss/repval 0.93 / train/loss/rew 0.6 / train/loss/value 0.85 / replay/replay_ratio 260 / fps/policy 15.16 / fps/train 3880.34

Writing metrics: /home/zhangpeiying01/lfy/btwm-7.7/runs/btwm_dmc_walker_walk_seed0_w003_b21/scores.jsonl
Writing metrics: /home/zhangpeiying01/lfy/btwm-7.7/runs/btwm_dmc_walker_walk_seed0_w003_b21/metrics.jsonl

--------------------[Agent Step 275_408]--------------------
Metrics filtered by: 'score|length|fps|ratio|train/loss/|train/acc/|train/inv/|train/rand/'
train/acc/inv 0.44 / train/inv/ce 2.02 / train/inv/confidence 0.17 / train/inv/confidence_gating 0 / train/inv/effective_rep_weight 0.03 / train/inv/head_objective 0.66 / train/inv/head_weight 0 / train/inv/objective 0.66 / train/inv/policy_weight_max 1 / train/inv/policy_weight_mean 1 / train/inv/policy_weight_min 1 / train/inv/policy_weight_std 0 / train/inv/valid_frac 1 / train/inv/weight 0.03 / train/loss/con 0.02 / train/loss/dyn 3.2 / train/loss/image 3.31 / train/loss/inv 0.02 / train/loss/policy -0.01 / train/loss/rep 3.2 / train/loss/repval 0.93 / train/loss/rew 0.6 / train/loss/value 0.85 / replay/replay_ratio 260 / fps/policy 15.15 / fps/train 3878.38

Writing metrics: /home/zhangpeiying01/lfy/btwm-7.7/runs/btwm_dmc_walker_walk_seed0_w003_b21/scores.jsonl
Writing metrics: /home/zhangpeiying01/lfy/btwm-7.7/runs/btwm_dmc_walker_walk_seed0_w003_b21/metrics.jsonl

--------------------[Agent Step 277_232]--------------------
Metrics filtered by: 'score|length|fps|ratio|train/loss/|train/acc/|train/inv/|train/rand/'
train/acc/inv 0.44 / train/inv/ce 2.02 / train/inv/confidence 0.17 / train/inv/confidence_gating 0 / train/inv/effective_rep_weight 0.03 / train/inv/head_objective 0.66 / train/inv/head_weight 0 / train/inv/objective 0.66 / train/inv/policy_weight_max 1 / train/inv/policy_weight_mean 1 / train/inv/policy_weight_min 1 / train/inv/policy_weight_std 0 / train/inv/valid_frac 1 / train/inv/weight 0.03 / train/loss/con 0.02 / train/loss/dyn 3.23 / train/loss/image 3.34 / train/loss/inv 0.02 / train/loss/policy -0.02 / train/loss/rep 3.23 / train/loss/repval 0.94 / train/loss/rew 0.6 / train/loss/value 0.85 / replay/replay_ratio 260 / fps/policy 15.16 / fps/train 3879.77

Writing metrics: /home/zhangpeiying01/lfy/btwm-7.7/runs/btwm_dmc_walker_walk_seed0_w003_b21/metrics.jsonl
Writing metrics: /home/zhangpeiying01/lfy/btwm-7.7/runs/btwm_dmc_walker_walk_seed0_w003_b21/scores.jsonl

--------------------[Agent Step 279_056]--------------------
Metrics filtered by: 'score|length|fps|ratio|train/loss/|train/acc/|train/inv/|train/rand/'
train/acc/inv 0.44 / train/inv/ce 2.02 / train/inv/confidence 0.17 / train/inv/confidence_gating 0 / train/inv/effective_rep_weight 0.03 / train/inv/head_objective 0.66 / train/inv/head_weight 0 / train/inv/objective 0.66 / train/inv/policy_weight_max 1 / train/inv/policy_weight_mean 1 / train/inv/policy_weight_min 1 / train/inv/policy_weight_std 0 / train/inv/valid_frac 1 / train/inv/weight 0.03 / train/loss/con 0.02 / train/loss/dyn 3.23 / train/loss/image 3.32 / train/loss/inv 0.02 / train/loss/policy -0.02 / train/loss/rep 3.23 / train/loss/repval 0.94 / train/loss/rew 0.6 / train/loss/value 0.86 / replay/replay_ratio 260 / fps/policy 15.19 / fps/train 3888.75

Writing metrics: /home/zhangpeiying01/lfy/btwm-7.7/runs/btwm_dmc_walker_walk_seed0_w003_b21/metrics.jsonl
Writing metrics: /home/zhangpeiying01/lfy/btwm-7.7/runs/btwm_dmc_walker_walk_seed0_w003_b21/scores.jsonl

--------------------[Agent Step 280_880]--------------------
Metrics filtered by: 'score|length|fps|ratio|train/loss/|train/acc/|train/inv/|train/rand/'
episode/score 930.28 / episode/length 1001 / train/acc/inv 0.44 / train/inv/ce 2.02 / train/inv/confidence 0.17 / train/inv/confidence_gating 0 / train/inv/effective_rep_weight 0.03 / train/inv/head_objective 0.66 / train/inv/head_weight 0 / train/inv/objective 0.66 / train/inv/policy_weight_max 1 / train/inv/policy_weight_mean 1 / train/inv/policy_weight_min 1 / train/inv/policy_weight_std 0 / train/inv/valid_frac 1 / train/inv/weight 0.03 / train/loss/con 0.02 / train/loss/dyn 3.29 / train/loss/image 3.37 / train/loss/inv 0.02 / train/loss/policy -0.02 / train/loss/rep 3.29 / train/loss/repval 0.94 / train/loss/rew 0.6 / train/loss/value 0.86 / replay/replay_ratio 260 / fps/policy 15.19 / fps/train 3889.74

Writing metrics: /home/zhangpeiying01/lfy/btwm-7.7/runs/btwm_dmc_walker_walk_seed0_w003_b21/scores.jsonl
Writing metrics: /home/zhangpeiying01/lfy/btwm-7.7/runs/btwm_dmc_walker_walk_seed0_w003_b21/metrics.jsonl

--------------------[Agent Step 282_704]--------------------
Metrics filtered by: 'score|length|fps|ratio|train/loss/|train/acc/|train/inv/|train/rand/'
train/acc/inv 0.44 / train/inv/ce 2.03 / train/inv/confidence 0.17 / train/inv/confidence_gating 0 / train/inv/effective_rep_weight 0.03 / train/inv/head_objective 0.67 / train/inv/head_weight 0 / train/inv/objective 0.67 / train/inv/policy_weight_max 1 / train/inv/policy_weight_mean 1 / train/inv/policy_weight_min 1 / train/inv/policy_weight_std 0 / train/inv/valid_frac 1 / train/inv/weight 0.03 / train/loss/con 0.02 / train/loss/dyn 3.26 / train/loss/image 3.42 / train/loss/inv 0.02 / train/loss/policy -0.01 / train/loss/rep 3.26 / train/loss/repval 0.94 / train/loss/rew 0.6 / train/loss/value 0.86 / replay/replay_ratio 260 / fps/policy 15.18 / fps/train 3884.86

Writing metrics: /home/zhangpeiying01/lfy/btwm-7.7/runs/btwm_dmc_walker_walk_seed0_w003_b21/metrics.jsonl
Writing metrics: /home/zhangpeiying01/lfy/btwm-7.7/runs/btwm_dmc_walker_walk_seed0_w003_b21/scores.jsonl

--------------------[Agent Step 284_528]--------------------
Metrics filtered by: 'score|length|fps|ratio|train/loss/|train/acc/|train/inv/|train/rand/'
train/acc/inv 0.44 / train/inv/ce 2.03 / train/inv/confidence 0.17 / train/inv/confidence_gating 0 / train/inv/effective_rep_weight 0.03 / train/inv/head_objective 0.67 / train/inv/head_weight 0 / train/inv/objective 0.67 / train/inv/policy_weight_max 1 / train/inv/policy_weight_mean 1 / train/inv/policy_weight_min 1 / train/inv/policy_weight_std 0 / train/inv/valid_frac 1 / train/inv/weight 0.03 / train/loss/con 0.02 / train/loss/dyn 3.2 / train/loss/image 3.37 / train/loss/inv 0.02 / train/loss/policy -0.02 / train/loss/rep 3.2 / train/loss/repval 0.95 / train/loss/rew 0.6 / train/loss/value 0.86 / replay/replay_ratio 260 / fps/policy 15.18 / fps/train 3886.99

Writing metrics: /home/zhangpeiying01/lfy/btwm-7.7/runs/btwm_dmc_walker_walk_seed0_w003_b21/scores.jsonl
Writing metrics: /home/zhangpeiying01/lfy/btwm-7.7/runs/btwm_dmc_walker_walk_seed0_w003_b21/metrics.jsonl

--------------------[Agent Step 286_352]--------------------
Metrics filtered by: 'score|length|fps|ratio|train/loss/|train/acc/|train/inv/|train/rand/'
train/acc/inv 0.44 / train/inv/ce 2.04 / train/inv/confidence 0.16 / train/inv/confidence_gating 0 / train/inv/effective_rep_weight 0.03 / train/inv/head_objective 0.67 / train/inv/head_weight 0 / train/inv/objective 0.67 / train/inv/policy_weight_max 1 / train/inv/policy_weight_mean 1 / train/inv/policy_weight_min 1 / train/inv/policy_weight_std 0 / train/inv/valid_frac 1 / train/inv/weight 0.03 / train/loss/con 0.02 / train/loss/dyn 3.16 / train/loss/image 3.3 / train/loss/inv 0.02 / train/loss/policy -0.01 / train/loss/rep 3.16 / train/loss/repval 0.94 / train/loss/rew 0.6 / train/loss/value 0.86 / replay/replay_ratio 260 / fps/policy 15.16 / fps/train 3881.31

Writing metrics: /home/zhangpeiying01/lfy/btwm-7.7/runs/btwm_dmc_walker_walk_seed0_w003_b21/metrics.jsonl
Writing metrics: /home/zhangpeiying01/lfy/btwm-7.7/runs/btwm_dmc_walker_walk_seed0_w003_b21/scores.jsonl

--------------------[Agent Step 288_176]--------------------
Metrics filtered by: 'score|length|fps|ratio|train/loss/|train/acc/|train/inv/|train/rand/'
train/acc/inv 0.44 / train/inv/ce 2.03 / train/inv/confidence 0.17 / train/inv/confidence_gating 0 / train/inv/effective_rep_weight 0.03 / train/inv/head_objective 0.67 / train/inv/head_weight 0 / train/inv/objective 0.67 / train/inv/policy_weight_max 1 / train/inv/policy_weight_mean 1 / train/inv/policy_weight_min 1 / train/inv/policy_weight_std 0 / train/inv/valid_frac 1 / train/inv/weight 0.03 / train/loss/con 0.02 / train/loss/dyn 3.15 / train/loss/image 3.28 / train/loss/inv 0.02 / train/loss/policy -0.02 / train/loss/rep 3.15 / train/loss/repval 0.95 / train/loss/rew 0.6 / train/loss/value 0.86 / replay/replay_ratio 260 / fps/policy 15.17 / fps/train 3883.36

Writing metrics: /home/zhangpeiying01/lfy/btwm-7.7/runs/btwm_dmc_walker_walk_seed0_w003_b21/scores.jsonl
Writing metrics: /home/zhangpeiying01/lfy/btwm-7.7/runs/btwm_dmc_walker_walk_seed0_w003_b21/metrics.jsonl

--------------------[Agent Step 290_000]--------------------
Metrics filtered by: 'score|length|fps|ratio|train/loss/|train/acc/|train/inv/|train/rand/'
train/acc/inv 0.44 / train/inv/ce 2.02 / train/inv/confidence 0.17 / train/inv/confidence_gating 0 / train/inv/effective_rep_weight 0.03 / train/inv/head_objective 0.66 / train/inv/head_weight 0 / train/inv/objective 0.66 / train/inv/policy_weight_max 1 / train/inv/policy_weight_mean 1 / train/inv/policy_weight_min 1 / train/inv/policy_weight_std 0 / train/inv/valid_frac 1 / train/inv/weight 0.03 / train/loss/con 0.02 / train/loss/dyn 3.15 / train/loss/image 3.27 / train/loss/inv 0.02 / train/loss/policy -0.02 / train/loss/rep 3.15 / train/loss/repval 0.95 / train/loss/rew 0.6 / train/loss/value 0.87 / replay/replay_ratio 260 / fps/policy 15.18 / fps/train 3885.41

Writing metrics: /home/zhangpeiying01/lfy/btwm-7.7/runs/btwm_dmc_walker_walk_seed0_w003_b21/metrics.jsonl
Writing metrics: /home/zhangpeiying01/lfy/btwm-7.7/runs/btwm_dmc_walker_walk_seed0_w003_b21/scores.jsonl

--------------------[Agent Step 291_824]--------------------
Metrics filtered by: 'score|length|fps|ratio|train/loss/|train/acc/|train/inv/|train/rand/'
train/acc/inv 0.44 / train/inv/ce 2.04 / train/inv/confidence 0.16 / train/inv/confidence_gating 0 / train/inv/effective_rep_weight 0.03 / train/inv/head_objective 0.67 / train/inv/head_weight 0 / train/inv/objective 0.67 / train/inv/policy_weight_max 1 / train/inv/policy_weight_mean 1 / train/inv/policy_weight_min 1 / train/inv/policy_weight_std 0 / train/inv/valid_frac 1 / train/inv/weight 0.03 / train/loss/con 0.02 / train/loss/dyn 3.17 / train/loss/image 3.26 / train/loss/inv 0.02 / train/loss/policy -7.2e-3 / train/loss/rep 3.17 / train/loss/repval 0.94 / train/loss/rew 0.6 / train/loss/value 0.86 / replay/replay_ratio 260 / fps/policy 15.16 / fps/train 3880.9

Writing metrics: /home/zhangpeiying01/lfy/btwm-7.7/runs/btwm_dmc_walker_walk_seed0_w003_b21/metrics.jsonl
Writing metrics: /home/zhangpeiying01/lfy/btwm-7.7/runs/btwm_dmc_walker_walk_seed0_w003_b21/scores.jsonl

--------------------[Agent Step 293_648]--------------------
Metrics filtered by: 'score|length|fps|ratio|train/loss/|train/acc/|train/inv/|train/rand/'
train/acc/inv 0.44 / train/inv/ce 2.03 / train/inv/confidence 0.17 / train/inv/confidence_gating 0 / train/inv/effective_rep_weight 0.03 / train/inv/head_objective 0.67 / train/inv/head_weight 0 / train/inv/objective 0.67 / train/inv/policy_weight_max 1 / train/inv/policy_weight_mean 1 / train/inv/policy_weight_min 1 / train/inv/policy_weight_std 0 / train/inv/valid_frac 1 / train/inv/weight 0.03 / train/loss/con 0.02 / train/loss/dyn 3.13 / train/loss/image 3.22 / train/loss/inv 0.02 / train/loss/policy -0.01 / train/loss/rep 3.13 / train/loss/repval 0.94 / train/loss/rew 0.6 / train/loss/value 0.86 / replay/replay_ratio 260 / fps/policy 15.2 / fps/train 3889.94

Writing metrics: /home/zhangpeiying01/lfy/btwm-7.7/runs/btwm_dmc_walker_walk_seed0_w003_b21/metrics.jsonl
Writing metrics: /home/zhangpeiying01/lfy/btwm-7.7/runs/btwm_dmc_walker_walk_seed0_w003_b21/scores.jsonl

--------------------[Agent Step 295_472]--------------------
Metrics filtered by: 'score|length|fps|ratio|train/loss/|train/acc/|train/inv/|train/rand/'
train/acc/inv 0.44 / train/inv/ce 2.02 / train/inv/confidence 0.17 / train/inv/confidence_gating 0 / train/inv/effective_rep_weight 0.03 / train/inv/head_objective 0.67 / train/inv/head_weight 0 / train/inv/objective 0.67 / train/inv/policy_weight_max 1 / train/inv/policy_weight_mean 1 / train/inv/policy_weight_min 1 / train/inv/policy_weight_std 0 / train/inv/valid_frac 1 / train/inv/weight 0.03 / train/loss/con 0.02 / train/loss/dyn 3.19 / train/loss/image 3.27 / train/loss/inv 0.02 / train/loss/policy -0.02 / train/loss/rep 3.19 / train/loss/repval 0.94 / train/loss/rew 0.6 / train/loss/value 0.87 / replay/replay_ratio 260 / fps/policy 15.17 / fps/train 3883.32

Writing metrics: /home/zhangpeiying01/lfy/btwm-7.7/runs/btwm_dmc_walker_walk_seed0_w003_b21/scores.jsonl
Writing metrics: /home/zhangpeiying01/lfy/btwm-7.7/runs/btwm_dmc_walker_walk_seed0_w003_b21/metrics.jsonl

--------------------[Agent Step 297_296]--------------------
Metrics filtered by: 'score|length|fps|ratio|train/loss/|train/acc/|train/inv/|train/rand/'
episode/score 915.7 / episode/length 1001 / train/acc/inv 0.44 / train/inv/ce 2.04 / train/inv/confidence 0.17 / train/inv/confidence_gating 0 / train/inv/effective_rep_weight 0.03 / train/inv/head_objective 0.67 / train/inv/head_weight 0 / train/inv/objective 0.67 / train/inv/policy_weight_max 1 / train/inv/policy_weight_mean 1 / train/inv/policy_weight_min 1 / train/inv/policy_weight_std 0 / train/inv/valid_frac 1 / train/inv/weight 0.03 / train/loss/con 0.02 / train/loss/dyn 3.16 / train/loss/image 3.25 / train/loss/inv 0.02 / train/loss/policy -0.02 / train/loss/rep 3.16 / train/loss/repval 0.95 / train/loss/rew 0.6 / train/loss/value 0.87 / replay/replay_ratio 260 / fps/policy 15.19 / fps/train 3889.53

Writing metrics: /home/zhangpeiying01/lfy/btwm-7.7/runs/btwm_dmc_walker_walk_seed0_w003_b21/metrics.jsonl
Writing metrics: /home/zhangpeiying01/lfy/btwm-7.7/runs/btwm_dmc_walker_walk_seed0_w003_b21/scores.jsonl

--------------------[Agent Step 299_120]--------------------
Metrics filtered by: 'score|length|fps|ratio|train/loss/|train/acc/|train/inv/|train/rand/'
train/acc/inv 0.44 / train/inv/ce 2.04 / train/inv/confidence 0.16 / train/inv/confidence_gating 0 / train/inv/effective_rep_weight 0.03 / train/inv/head_objective 0.67 / train/inv/head_weight 0 / train/inv/objective 0.67 / train/inv/policy_weight_max 1 / train/inv/policy_weight_mean 1 / train/inv/policy_weight_min 1 / train/inv/policy_weight_std 0 / train/inv/valid_frac 1 / train/inv/weight 0.03 / train/loss/con 0.02 / train/loss/dyn 3.29 / train/loss/image 3.37 / train/loss/inv 0.02 / train/loss/policy -8.9e-3 / train/loss/rep 3.29 / train/loss/repval 0.95 / train/loss/rew 0.6 / train/loss/value 0.87 / replay/replay_ratio 260 / fps/policy 15.19 / fps/train 3887.72

Writing metrics: /home/zhangpeiying01/lfy/btwm-7.7/runs/btwm_dmc_walker_walk_seed0_w003_b21/scores.jsonl
Writing metrics: /home/zhangpeiying01/lfy/btwm-7.7/runs/btwm_dmc_walker_walk_seed0_w003_b21/metrics.jsonl

--------------------[Agent Step 299_920]--------------------
Metrics filtered by: 'score|length|fps|ratio|train/loss/|train/acc/|train/inv/|train/rand/'
No metrics.

Writing metrics: /home/zhangpeiying01/lfy/btwm-7.7/runs/btwm_dmc_walker_walk_seed0_w003_b21/scores.jsonl
Writing metrics: /home/zhangpeiying01/lfy/btwm-7.7/runs/btwm_dmc_walker_walk_seed0_w003_b21/metrics.jsonl
