[2026-07-15 20:47:32] model=btwm domain=dmc task=dmc_walker_walk
seed=1 gpu=0 steps=300000 logdir=/home/zhangpeiying01/lfy/btwm-7.7/runs/btwm_dmc_walker_walk_seed1_w002_b11_s1
variant=v2 param_matched=1 inv_weight=0.02 head_weight=0.0 inv_bins=11 confidence_gating=False policy_weight=0.0
command: python /home/zhangpeiying01/lfy/btwm-7.7/dreamerv3/dreamerv3/main.py --logdir /home/zhangpeiying01/lfy/btwm-7.7/runs/btwm_dmc_walker_walk_seed1_w002_b11_s1 --configs dmc_vision --task dmc_walker_walk --seed 1 --run.steps 300000 --replay.size 300000 --agent.use_btwm True --agent.inv_loss_weight 0.02 --agent.inv_head_loss_weight 0.0 --agent.inv_num_bins 11 --agent.inv_confidence_gating False --agent.inv_policy_weight 0.0 --batch_size 8 --batch_length 32 --report_length 32
2026-07-15 20:49:38.187053: E external/xla/xla/python/profiler/internal/python_hooks.cc:400] Can't import tensorflow.python.profiler.trace
2026-07-15 20:49:41.831213: E external/xla/xla/python/profiler/internal/python_hooks.cc:400] Can't import tensorflow.python.profiler.trace
---  ___                           __   ______ ---
--- |   \ _ _ ___ __ _ _ __  ___ _ \ \ / /__ / ---
--- | |) | '_/ -_) _` | '  \/ -_) '/\ V / |_ \ ---
--- |___/|_| \___\__,_|_|_|_\___|_|  \_/ |___/ ---
Replica: 0 / 1
Logdir: /home/zhangpeiying01/lfy/btwm-7.7/runs/btwm_dmc_walker_walk_seed1_w002_b11_s1
Run script: train
Observations
  is_first         Space(bool, shape=(), low=False, high=True)
  is_last          Space(bool, shape=(), low=False, high=True)
  is_terminal      Space(bool, shape=(), low=False, high=True)
  reward           Space(float32, shape=(), low=-inf, high=inf)
  image            Space(uint8, shape=(64, 64, 3), low=0, high=255)
Actions
  action           Space(float32, shape=(6,), low=-1.0, high=1.0)
Extras
  consec           Space(int32, shape=(), low=-2147483648, high=2147483647)
  stepid           Space(uint8, shape=(20,), low=0, high=255)
  dyn/deter        Space(float32, shape=(8192,), low=-inf, high=inf)
  dyn/stoch        Space(float32, shape=(32, 64), low=-inf, high=inf)
JAX devices (1): [cuda:0]
Policy devices: cuda:0
Train devices:  cuda:0
Initializing parameters...
Optimizer opt has 168,129,360 params:
    97,664,578 dyn
    20,282,115 dec
    12,850,431 val
    12,601,356 pol
    10,749,183 rew
    10,488,833 con
     3,492,864 enc
Done initializing!
Compiling 1 checkpoint groups...
Largest checkpoint group: 2 GB
Compiling train and report...
Train cost analysis:
  FLOPS:            2.3e+11
  Memory (temp):    1.8e+09
  Memory (inputs):  2.1e+09
  Memory (outputs): 2.1e+09
  Memory (code):    4.1e+06

Report cost analysis:
  FLOPS:            8.4e+09
  Memory (temp):    3.4e+08
  Memory (inputs):  4.9e+08
  Memory (outputs): 1.0e+07
  Memory (code):    8.1e+06

Done compiling!
Did not find any checkpoint.
Saving checkpoint: /home/zhangpeiying01/lfy/btwm-7.7/runs/btwm_dmc_walker_walk_seed1_w002_b11_s1/ckpt/20260715T204911F530299
Saved checkpoint.
Start training loop
Start JAX profiler: /home/zhangpeiying01/lfy/btwm-7.7/runs/btwm_dmc_walker_walk_seed1_w002_b11_s1
Stop JAX profiler

--------------------[Agent Step 1_440]--------------------
Metrics filtered by: 'score|length|fps|ratio|train/loss/|train/acc/|train/inv/|train/rand/'
train/acc/inv 0.3 / train/inv/ce 2.08 / train/inv/confidence 0.13 / train/inv/confidence_gating 0 / train/inv/effective_rep_weight 0.02 / train/inv/head_objective 0.87 / train/inv/head_weight 0 / train/inv/objective 0.87 / train/inv/policy_weight_max 1 / train/inv/policy_weight_mean 1 / train/inv/policy_weight_min 1 / train/inv/policy_weight_std 0 / train/inv/valid_frac 1 / train/inv/weight 0.02 / train/loss/con 0.05 / train/loss/dyn 6.86 / train/loss/image 156.08 / train/loss/inv 0.02 / train/loss/policy 1.5 / train/loss/rep 6.86 / train/loss/repval 5.97 / train/loss/rew 2.08 / train/loss/value 4.26 / replay/replay_ratio 191.74 / fps/policy 10.95 / fps/train 1309.68

Writing metrics: /home/zhangpeiying01/lfy/btwm-7.7/runs/btwm_dmc_walker_walk_seed1_w002_b11_s1/metrics.jsonl
Writing metrics: /home/zhangpeiying01/lfy/btwm-7.7/runs/btwm_dmc_walker_walk_seed1_w002_b11_s1/scores.jsonl

--------------------[Agent Step 2_192]--------------------
Metrics filtered by: 'score|length|fps|ratio|train/loss/|train/acc/|train/inv/|train/rand/'
train/acc/inv 0.62 / train/inv/ce 1.39 / train/inv/confidence 0.27 / train/inv/confidence_gating 0 / train/inv/effective_rep_weight 0.02 / train/inv/head_objective 0.58 / train/inv/head_weight 0 / train/inv/objective 0.58 / train/inv/policy_weight_max 1 / train/inv/policy_weight_mean 1 / train/inv/policy_weight_min 1 / train/inv/policy_weight_std 0 / train/inv/valid_frac 1 / train/inv/weight 0.02 / train/loss/con 0.02 / train/loss/dyn 5.31 / train/loss/image 38.05 / train/loss/inv 0.01 / train/loss/policy 1.81 / train/loss/rep 5.31 / train/loss/repval 2.17 / train/loss/rew 0.48 / train/loss/value 1.58 / replay/replay_ratio 264 / fps/policy 6.23 / fps/train 1594.75

Writing metrics: /home/zhangpeiying01/lfy/btwm-7.7/runs/btwm_dmc_walker_walk_seed1_w002_b11_s1/metrics.jsonl
Writing metrics: /home/zhangpeiying01/lfy/btwm-7.7/runs/btwm_dmc_walker_walk_seed1_w002_b11_s1/scores.jsonl

--------------------[Agent Step 2_960]--------------------
Metrics filtered by: 'score|length|fps|ratio|train/loss/|train/acc/|train/inv/|train/rand/'
train/acc/inv 0.79 / train/inv/ce 0.96 / train/inv/confidence 0.42 / train/inv/confidence_gating 0 / train/inv/effective_rep_weight 0.02 / train/inv/head_objective 0.4 / train/inv/head_weight 0 / train/inv/objective 0.4 / train/inv/policy_weight_max 1 / train/inv/policy_weight_mean 1 / train/inv/policy_weight_min 1 / train/inv/policy_weight_std 0 / train/inv/valid_frac 1 / train/inv/weight 0.02 / train/loss/con 0.02 / train/loss/dyn 5.16 / train/loss/image 23.48 / train/loss/inv 8e-3 / train/loss/policy 0.89 / train/loss/rep 5.16 / train/loss/repval 1.48 / train/loss/rew 0.48 / train/loss/value 1.26 / replay/replay_ratio 264 / fps/policy 6.33 / fps/train 1620.99

Writing metrics: /home/zhangpeiying01/lfy/btwm-7.7/runs/btwm_dmc_walker_walk_seed1_w002_b11_s1/metrics.jsonl
Writing metrics: /home/zhangpeiying01/lfy/btwm-7.7/runs/btwm_dmc_walker_walk_seed1_w002_b11_s1/scores.jsonl

--------------------[Agent Step 3_744]--------------------
Metrics filtered by: 'score|length|fps|ratio|train/loss/|train/acc/|train/inv/|train/rand/'
train/acc/inv 0.84 / train/inv/ce 0.77 / train/inv/confidence 0.51 / train/inv/confidence_gating 0 / train/inv/effective_rep_weight 0.02 / train/inv/head_objective 0.32 / train/inv/head_weight 0 / train/inv/objective 0.32 / train/inv/policy_weight_max 1 / train/inv/policy_weight_mean 1 / train/inv/policy_weight_min 1 / train/inv/policy_weight_std 0 / train/inv/valid_frac 1 / train/inv/weight 0.02 / train/loss/con 0.02 / train/loss/dyn 5.18 / train/loss/image 19.1 / train/loss/inv 6.4e-3 / train/loss/policy 0.42 / train/loss/rep 5.18 / train/loss/repval 1.26 / train/loss/rew 0.49 / train/loss/value 1.12 / replay/replay_ratio 264 / fps/policy 6.5 / fps/train 1664.28

Writing metrics: /home/zhangpeiying01/lfy/btwm-7.7/runs/btwm_dmc_walker_walk_seed1_w002_b11_s1/metrics.jsonl
Writing metrics: /home/zhangpeiying01/lfy/btwm-7.7/runs/btwm_dmc_walker_walk_seed1_w002_b11_s1/scores.jsonl

--------------------[Agent Step 4_464]--------------------
Metrics filtered by: 'score|length|fps|ratio|train/loss/|train/acc/|train/inv/|train/rand/'
train/acc/inv 0.86 / train/inv/ce 0.65 / train/inv/confidence 0.58 / train/inv/confidence_gating 0 / train/inv/effective_rep_weight 0.02 / train/inv/head_objective 0.27 / train/inv/head_weight 0 / train/inv/objective 0.27 / train/inv/policy_weight_max 1 / train/inv/policy_weight_mean 1 / train/inv/policy_weight_min 1 / train/inv/policy_weight_std 0 / train/inv/valid_frac 1 / train/inv/weight 0.02 / train/loss/con 0.02 / train/loss/dyn 5 / train/loss/image 15.79 / train/loss/inv 5.4e-3 / train/loss/policy 0.18 / train/loss/rep 5 / train/loss/repval 1.28 / train/loss/rew 0.5 / train/loss/value 1.14 / replay/replay_ratio 264 / fps/policy 5.89 / fps/train 1508.79

Writing metrics: /home/zhangpeiying01/lfy/btwm-7.7/runs/btwm_dmc_walker_walk_seed1_w002_b11_s1/metrics.jsonl
Writing metrics: /home/zhangpeiying01/lfy/btwm-7.7/runs/btwm_dmc_walker_walk_seed1_w002_b11_s1/scores.jsonl

--------------------[Agent Step 5_168]--------------------
Metrics filtered by: 'score|length|fps|ratio|train/loss/|train/acc/|train/inv/|train/rand/'
train/acc/inv 0.86 / train/inv/ce 0.6 / train/inv/confidence 0.62 / train/inv/confidence_gating 0 / train/inv/effective_rep_weight 0.02 / train/inv/head_objective 0.25 / train/inv/head_weight 0 / train/inv/objective 0.25 / train/inv/policy_weight_max 1 / train/inv/policy_weight_mean 1 / train/inv/policy_weight_min 1 / train/inv/policy_weight_std 0 / train/inv/valid_frac 1 / train/inv/weight 0.02 / train/loss/con 0.02 / train/loss/dyn 4.85 / train/loss/image 13.72 / train/loss/inv 5e-3 / train/loss/policy -0.15 / train/loss/rep 4.85 / train/loss/repval 1.2 / train/loss/rew 0.5 / train/loss/value 1.11 / replay/replay_ratio 264 / fps/policy 5.84 / fps/train 1495.21

Writing metrics: /home/zhangpeiying01/lfy/btwm-7.7/runs/btwm_dmc_walker_walk_seed1_w002_b11_s1/metrics.jsonl
Writing metrics: /home/zhangpeiying01/lfy/btwm-7.7/runs/btwm_dmc_walker_walk_seed1_w002_b11_s1/scores.jsonl

--------------------[Agent Step 5_872]--------------------
Metrics filtered by: 'score|length|fps|ratio|train/loss/|train/acc/|train/inv/|train/rand/'
train/acc/inv 0.85 / train/inv/ce 0.59 / train/inv/confidence 0.62 / train/inv/confidence_gating 0 / train/inv/effective_rep_weight 0.02 / train/inv/head_objective 0.24 / train/inv/head_weight 0 / train/inv/objective 0.24 / train/inv/policy_weight_max 1 / train/inv/policy_weight_mean 1 / train/inv/policy_weight_min 1 / train/inv/policy_weight_std 0 / train/inv/valid_frac 1 / train/inv/weight 0.02 / train/loss/con 0.02 / train/loss/dyn 4.78 / train/loss/image 12.26 / train/loss/inv 4.9e-3 / train/loss/policy -0.17 / train/loss/rep 4.78 / train/loss/repval 1.13 / train/loss/rew 0.51 / train/loss/value 1.01 / replay/replay_ratio 264 / fps/policy 5.84 / fps/train 1495.48

Writing metrics: /home/zhangpeiying01/lfy/btwm-7.7/runs/btwm_dmc_walker_walk_seed1_w002_b11_s1/metrics.jsonl
Writing metrics: /home/zhangpeiying01/lfy/btwm-7.7/runs/btwm_dmc_walker_walk_seed1_w002_b11_s1/scores.jsonl

--------------------[Agent Step 6_576]--------------------
Metrics filtered by: 'score|length|fps|ratio|train/loss/|train/acc/|train/inv/|train/rand/'
train/acc/inv 0.85 / train/inv/ce 0.57 / train/inv/confidence 0.63 / train/inv/confidence_gating 0 / train/inv/effective_rep_weight 0.02 / train/inv/head_objective 0.24 / train/inv/head_weight 0 / train/inv/objective 0.24 / train/inv/policy_weight_max 1 / train/inv/policy_weight_mean 1 / train/inv/policy_weight_min 1 / train/inv/policy_weight_std 0 / train/inv/valid_frac 1 / train/inv/weight 0.02 / train/loss/con 0.02 / train/loss/dyn 4.65 / train/loss/image 11.25 / train/loss/inv 4.7e-3 / train/loss/policy -0.09 / train/loss/rep 4.65 / train/loss/repval 1.09 / train/loss/rew 0.51 / train/loss/value 1.03 / replay/replay_ratio 264 / fps/policy 5.8 / fps/train 1483.6

Writing metrics: /home/zhangpeiying01/lfy/btwm-7.7/runs/btwm_dmc_walker_walk_seed1_w002_b11_s1/metrics.jsonl
Writing metrics: /home/zhangpeiying01/lfy/btwm-7.7/runs/btwm_dmc_walker_walk_seed1_w002_b11_s1/scores.jsonl

--------------------[Agent Step 7_280]--------------------
Metrics filtered by: 'score|length|fps|ratio|train/loss/|train/acc/|train/inv/|train/rand/'
train/acc/inv 0.84 / train/inv/ce 0.56 / train/inv/confidence 0.64 / train/inv/confidence_gating 0 / train/inv/effective_rep_weight 0.02 / train/inv/head_objective 0.24 / train/inv/head_weight 0 / train/inv/objective 0.24 / train/inv/policy_weight_max 1 / train/inv/policy_weight_mean 1 / train/inv/policy_weight_min 1 / train/inv/policy_weight_std 0 / train/inv/valid_frac 1 / train/inv/weight 0.02 / train/loss/con 0.02 / train/loss/dyn 4.5 / train/loss/image 10.33 / train/loss/inv 4.7e-3 / train/loss/policy -0.19 / train/loss/rep 4.5 / train/loss/repval 1.04 / train/loss/rew 0.52 / train/loss/value 1.03 / replay/replay_ratio 264 / fps/policy 5.84 / fps/train 1494.81

Writing metrics: /home/zhangpeiying01/lfy/btwm-7.7/runs/btwm_dmc_walker_walk_seed1_w002_b11_s1/metrics.jsonl
Writing metrics: /home/zhangpeiying01/lfy/btwm-7.7/runs/btwm_dmc_walker_walk_seed1_w002_b11_s1/scores.jsonl

--------------------[Agent Step 7_984]--------------------
Metrics filtered by: 'score|length|fps|ratio|train/loss/|train/acc/|train/inv/|train/rand/'
train/acc/inv 0.84 / train/inv/ce 0.57 / train/inv/confidence 0.64 / train/inv/confidence_gating 0 / train/inv/effective_rep_weight 0.02 / train/inv/head_objective 0.24 / train/inv/head_weight 0 / train/inv/objective 0.24 / train/inv/policy_weight_max 1 / train/inv/policy_weight_mean 1 / train/inv/policy_weight_min 1 / train/inv/policy_weight_std 0 / train/inv/valid_frac 1 / train/inv/weight 0.02 / train/loss/con 0.02 / train/loss/dyn 4.44 / train/loss/image 9.72 / train/loss/inv 4.7e-3 / train/loss/policy -0.12 / train/loss/rep 4.44 / train/loss/repval 0.98 / train/loss/rew 0.52 / train/loss/value 0.84 / replay/replay_ratio 264 / fps/policy 5.83 / fps/train 1492.59

Writing metrics: /home/zhangpeiying01/lfy/btwm-7.7/runs/btwm_dmc_walker_walk_seed1_w002_b11_s1/metrics.jsonl
Writing metrics: /home/zhangpeiying01/lfy/btwm-7.7/runs/btwm_dmc_walker_walk_seed1_w002_b11_s1/scores.jsonl

--------------------[Agent Step 8_688]--------------------
Metrics filtered by: 'score|length|fps|ratio|train/loss/|train/acc/|train/inv/|train/rand/'
train/acc/inv 0.84 / train/inv/ce 0.56 / train/inv/confidence 0.64 / train/inv/confidence_gating 0 / train/inv/effective_rep_weight 0.02 / train/inv/head_objective 0.23 / train/inv/head_weight 0 / train/inv/objective 0.23 / train/inv/policy_weight_max 1 / train/inv/policy_weight_mean 1 / train/inv/policy_weight_min 1 / train/inv/policy_weight_std 0 / train/inv/valid_frac 1 / train/inv/weight 0.02 / train/loss/con 0.02 / train/loss/dyn 4.24 / train/loss/image 9.11 / train/loss/inv 4.7e-3 / train/loss/policy -0.04 / train/loss/rep 4.24 / train/loss/repval 1.05 / train/loss/rew 0.52 / train/loss/value 1.04 / replay/replay_ratio 264 / fps/policy 5.82 / fps/train 1491.05

Writing metrics: /home/zhangpeiying01/lfy/btwm-7.7/runs/btwm_dmc_walker_walk_seed1_w002_b11_s1/metrics.jsonl
Writing metrics: /home/zhangpeiying01/lfy/btwm-7.7/runs/btwm_dmc_walker_walk_seed1_w002_b11_s1/scores.jsonl

--------------------[Agent Step 9_392]--------------------
Metrics filtered by: 'score|length|fps|ratio|train/loss/|train/acc/|train/inv/|train/rand/'
train/acc/inv 0.83 / train/inv/ce 0.58 / train/inv/confidence 0.63 / train/inv/confidence_gating 0 / train/inv/effective_rep_weight 0.02 / train/inv/head_objective 0.24 / train/inv/head_weight 0 / train/inv/objective 0.24 / train/inv/policy_weight_max 1 / train/inv/policy_weight_mean 1 / train/inv/policy_weight_min 1 / train/inv/policy_weight_std 0 / train/inv/valid_frac 1 / train/inv/weight 0.02 / train/loss/con 0.02 / train/loss/dyn 4.23 / train/loss/image 8.76 / train/loss/inv 4.8e-3 / train/loss/policy -9.7e-3 / train/loss/rep 4.23 / train/loss/repval 1.21 / train/loss/rew 0.52 / train/loss/value 1.22 / replay/replay_ratio 264 / fps/policy 5.81 / fps/train 1487.84

Writing metrics: /home/zhangpeiying01/lfy/btwm-7.7/runs/btwm_dmc_walker_walk_seed1_w002_b11_s1/metrics.jsonl
Writing metrics: /home/zhangpeiying01/lfy/btwm-7.7/runs/btwm_dmc_walker_walk_seed1_w002_b11_s1/scores.jsonl

--------------------[Agent Step 10_096]--------------------
Metrics filtered by: 'score|length|fps|ratio|train/loss/|train/acc/|train/inv/|train/rand/'
train/acc/inv 0.82 / train/inv/ce 0.6 / train/inv/confidence 0.62 / train/inv/confidence_gating 0 / train/inv/effective_rep_weight 0.02 / train/inv/head_objective 0.25 / train/inv/head_weight 0 / train/inv/objective 0.25 / train/inv/policy_weight_max 1 / train/inv/policy_weight_mean 1 / train/inv/policy_weight_min 1 / train/inv/policy_weight_std 0 / train/inv/valid_frac 1 / train/inv/weight 0.02 / train/loss/con 0.02 / train/loss/dyn 4.18 / train/loss/image 8.47 / train/loss/inv 5e-3 / train/loss/policy 6.2e-3 / train/loss/rep 4.18 / train/loss/repval 1.14 / train/loss/rew 0.52 / train/loss/value 1.04 / replay/replay_ratio 264 / fps/policy 5.81 / fps/train 1486.26

Writing metrics: /home/zhangpeiying01/lfy/btwm-7.7/runs/btwm_dmc_walker_walk_seed1_w002_b11_s1/scores.jsonl
Writing metrics: /home/zhangpeiying01/lfy/btwm-7.7/runs/btwm_dmc_walker_walk_seed1_w002_b11_s1/metrics.jsonl

--------------------[Agent Step 10_800]--------------------
Metrics filtered by: 'score|length|fps|ratio|train/loss/|train/acc/|train/inv/|train/rand/'
train/acc/inv 0.81 / train/inv/ce 0.62 / train/inv/confidence 0.62 / train/inv/confidence_gating 0 / train/inv/effective_rep_weight 0.02 / train/inv/head_objective 0.26 / train/inv/head_weight 0 / train/inv/objective 0.26 / train/inv/policy_weight_max 1 / train/inv/policy_weight_mean 1 / train/inv/policy_weight_min 1 / train/inv/policy_weight_std 0 / train/inv/valid_frac 1 / train/inv/weight 0.02 / train/loss/con 0.02 / train/loss/dyn 4.06 / train/loss/image 8.08 / train/loss/inv 5.1e-3 / train/loss/policy 0.01 / train/loss/rep 4.06 / train/loss/repval 1.07 / train/loss/rew 0.52 / train/loss/value 1.02 / replay/replay_ratio 264 / fps/policy 5.84 / fps/train 1495.86

Writing metrics: /home/zhangpeiying01/lfy/btwm-7.7/runs/btwm_dmc_walker_walk_seed1_w002_b11_s1/metrics.jsonl
Writing metrics: /home/zhangpeiying01/lfy/btwm-7.7/runs/btwm_dmc_walker_walk_seed1_w002_b11_s1/scores.jsonl

--------------------[Agent Step 11_504]--------------------
Metrics filtered by: 'score|length|fps|ratio|train/loss/|train/acc/|train/inv/|train/rand/'
train/acc/inv 0.81 / train/inv/ce 0.63 / train/inv/confidence 0.61 / train/inv/confidence_gating 0 / train/inv/effective_rep_weight 0.02 / train/inv/head_objective 0.26 / train/inv/head_weight 0 / train/inv/objective 0.26 / train/inv/policy_weight_max 1 / train/inv/policy_weight_mean 1 / train/inv/policy_weight_min 1 / train/inv/policy_weight_std 0 / train/inv/valid_frac 1 / train/inv/weight 0.02 / train/loss/con 0.02 / train/loss/dyn 3.98 / train/loss/image 7.76 / train/loss/inv 5.3e-3 / train/loss/policy 0.02 / train/loss/rep 3.98 / train/loss/repval 1.19 / train/loss/rew 0.52 / train/loss/value 0.99 / replay/replay_ratio 264 / fps/policy 5.79 / fps/train 1481.21

Writing metrics: /home/zhangpeiying01/lfy/btwm-7.7/runs/btwm_dmc_walker_walk_seed1_w002_b11_s1/metrics.jsonl
Writing metrics: /home/zhangpeiying01/lfy/btwm-7.7/runs/btwm_dmc_walker_walk_seed1_w002_b11_s1/scores.jsonl

--------------------[Agent Step 12_208]--------------------
Metrics filtered by: 'score|length|fps|ratio|train/loss/|train/acc/|train/inv/|train/rand/'
train/acc/inv 0.8 / train/inv/ce 0.66 / train/inv/confidence 0.6 / train/inv/confidence_gating 0 / train/inv/effective_rep_weight 0.02 / train/inv/head_objective 0.27 / train/inv/head_weight 0 / train/inv/objective 0.27 / train/inv/policy_weight_max 1 / train/inv/policy_weight_mean 1 / train/inv/policy_weight_min 1 / train/inv/policy_weight_std 0 / train/inv/valid_frac 1 / train/inv/weight 0.02 / train/loss/con 0.02 / train/loss/dyn 4.07 / train/loss/image 8.13 / train/loss/inv 5.5e-3 / train/loss/policy -0.07 / train/loss/rep 4.07 / train/loss/repval 1.15 / train/loss/rew 0.52 / train/loss/value 1.03 / replay/replay_ratio 264 / fps/policy 5.75 / fps/train 1472.89

Writing metrics: /home/zhangpeiying01/lfy/btwm-7.7/runs/btwm_dmc_walker_walk_seed1_w002_b11_s1/metrics.jsonl
Writing metrics: /home/zhangpeiying01/lfy/btwm-7.7/runs/btwm_dmc_walker_walk_seed1_w002_b11_s1/scores.jsonl

--------------------[Agent Step 12_912]--------------------
Metrics filtered by: 'score|length|fps|ratio|train/loss/|train/acc/|train/inv/|train/rand/'
train/acc/inv 0.79 / train/inv/ce 0.68 / train/inv/confidence 0.59 / train/inv/confidence_gating 0 / train/inv/effective_rep_weight 0.02 / train/inv/head_objective 0.28 / train/inv/head_weight 0 / train/inv/objective 0.28 / train/inv/policy_weight_max 1 / train/inv/policy_weight_mean 1 / train/inv/policy_weight_min 1 / train/inv/policy_weight_std 0 / train/inv/valid_frac 1 / train/inv/weight 0.02 / train/loss/con 0.02 / train/loss/dyn 4.04 / train/loss/image 8.4 / train/loss/inv 5.6e-3 / train/loss/policy -0.03 / train/loss/rep 4.04 / train/loss/repval 1.17 / train/loss/rew 0.52 / train/loss/value 1.16 / replay/replay_ratio 264 / fps/policy 5.83 / fps/train 1493.37

Writing metrics: /home/zhangpeiying01/lfy/btwm-7.7/runs/btwm_dmc_walker_walk_seed1_w002_b11_s1/metrics.jsonl
Writing metrics: /home/zhangpeiying01/lfy/btwm-7.7/runs/btwm_dmc_walker_walk_seed1_w002_b11_s1/scores.jsonl

--------------------[Agent Step 13_632]--------------------
Metrics filtered by: 'score|length|fps|ratio|train/loss/|train/acc/|train/inv/|train/rand/'
train/acc/inv 0.78 / train/inv/ce 0.71 / train/inv/confidence 0.58 / train/inv/confidence_gating 0 / train/inv/effective_rep_weight 0.02 / train/inv/head_objective 0.29 / train/inv/head_weight 0 / train/inv/objective 0.29 / train/inv/policy_weight_max 1 / train/inv/policy_weight_mean 1 / train/inv/policy_weight_min 1 / train/inv/policy_weight_std 0 / train/inv/valid_frac 1 / train/inv/weight 0.02 / train/loss/con 0.02 / train/loss/dyn 4.03 / train/loss/image 8.35 / train/loss/inv 5.9e-3 / train/loss/policy -0.02 / train/loss/rep 4.03 / train/loss/repval 1.23 / train/loss/rew 0.52 / train/loss/value 1.19 / replay/replay_ratio 264 / fps/policy 5.92 / fps/train 1516.79

Writing metrics: /home/zhangpeiying01/lfy/btwm-7.7/runs/btwm_dmc_walker_walk_seed1_w002_b11_s1/metrics.jsonl
Writing metrics: /home/zhangpeiying01/lfy/btwm-7.7/runs/btwm_dmc_walker_walk_seed1_w002_b11_s1/scores.jsonl

--------------------[Agent Step 14_352]--------------------
Metrics filtered by: 'score|length|fps|ratio|train/loss/|train/acc/|train/inv/|train/rand/'
train/acc/inv 0.78 / train/inv/ce 0.69 / train/inv/confidence 0.58 / train/inv/confidence_gating 0 / train/inv/effective_rep_weight 0.02 / train/inv/head_objective 0.29 / train/inv/head_weight 0 / train/inv/objective 0.29 / train/inv/policy_weight_max 1 / train/inv/policy_weight_mean 1 / train/inv/policy_weight_min 1 / train/inv/policy_weight_std 0 / train/inv/valid_frac 1 / train/inv/weight 0.02 / train/loss/con 0.02 / train/loss/dyn 4.04 / train/loss/image 8.33 / train/loss/inv 5.8e-3 / train/loss/policy -0.06 / train/loss/rep 4.04 / train/loss/repval 1.05 / train/loss/rew 0.52 / train/loss/value 0.99 / replay/replay_ratio 264 / fps/policy 5.92 / fps/train 1515.79

Writing metrics: /home/zhangpeiying01/lfy/btwm-7.7/runs/btwm_dmc_walker_walk_seed1_w002_b11_s1/scores.jsonl
Writing metrics: /home/zhangpeiying01/lfy/btwm-7.7/runs/btwm_dmc_walker_walk_seed1_w002_b11_s1/metrics.jsonl

--------------------[Agent Step 15_088]--------------------
Metrics filtered by: 'score|length|fps|ratio|train/loss/|train/acc/|train/inv/|train/rand/'
train/acc/inv 0.78 / train/inv/ce 0.7 / train/inv/confidence 0.58 / train/inv/confidence_gating 0 / train/inv/effective_rep_weight 0.02 / train/inv/head_objective 0.29 / train/inv/head_weight 0 / train/inv/objective 0.29 / train/inv/policy_weight_max 1 / train/inv/policy_weight_mean 1 / train/inv/policy_weight_min 1 / train/inv/policy_weight_std 0 / train/inv/valid_frac 1 / train/inv/weight 0.02 / train/loss/con 0.02 / train/loss/dyn 3.94 / train/loss/image 8 / train/loss/inv 5.8e-3 / train/loss/policy -0.06 / train/loss/rep 3.94 / train/loss/repval 1.02 / train/loss/rew 0.52 / train/loss/value 1.03 / replay/replay_ratio 264 / fps/policy 6.1 / fps/train 1561.03

Writing metrics: /home/zhangpeiying01/lfy/btwm-7.7/runs/btwm_dmc_walker_walk_seed1_w002_b11_s1/metrics.jsonl
Writing metrics: /home/zhangpeiying01/lfy/btwm-7.7/runs/btwm_dmc_walker_walk_seed1_w002_b11_s1/scores.jsonl

--------------------[Agent Step 15_824]--------------------
Metrics filtered by: 'score|length|fps|ratio|train/loss/|train/acc/|train/inv/|train/rand/'
train/acc/inv 0.78 / train/inv/ce 0.7 / train/inv/confidence 0.58 / train/inv/confidence_gating 0 / train/inv/effective_rep_weight 0.02 / train/inv/head_objective 0.29 / train/inv/head_weight 0 / train/inv/objective 0.29 / train/inv/policy_weight_max 1 / train/inv/policy_weight_mean 1 / train/inv/policy_weight_min 1 / train/inv/policy_weight_std 0 / train/inv/valid_frac 1 / train/inv/weight 0.02 / train/loss/con 0.02 / train/loss/dyn 3.91 / train/loss/image 7.91 / train/loss/inv 5.8e-3 / train/loss/policy -0.07 / train/loss/rep 3.91 / train/loss/repval 1.14 / train/loss/rew 0.52 / train/loss/value 0.96 / replay/replay_ratio 264 / fps/policy 6.05 / fps/train 1548.23

Writing metrics: /home/zhangpeiying01/lfy/btwm-7.7/runs/btwm_dmc_walker_walk_seed1_w002_b11_s1/metrics.jsonl
Writing metrics: /home/zhangpeiying01/lfy/btwm-7.7/runs/btwm_dmc_walker_walk_seed1_w002_b11_s1/scores.jsonl

--------------------[Agent Step 16_560]--------------------
Metrics filtered by: 'score|length|fps|ratio|train/loss/|train/acc/|train/inv/|train/rand/'
episode/score 165.63 / episode/length 1001 / train/acc/inv 0.78 / train/inv/ce 0.69 / train/inv/confidence 0.58 / train/inv/confidence_gating 0 / train/inv/effective_rep_weight 0.02 / train/inv/head_objective 0.29 / train/inv/head_weight 0 / train/inv/objective 0.29 / train/inv/policy_weight_max 1 / train/inv/policy_weight_mean 1 / train/inv/policy_weight_min 1 / train/inv/policy_weight_std 0 / train/inv/valid_frac 1 / train/inv/weight 0.02 / train/loss/con 0.02 / train/loss/dyn 3.88 / train/loss/image 8.05 / train/loss/inv 5.7e-3 / train/loss/policy -0.07 / train/loss/rep 3.88 / train/loss/repval 0.95 / train/loss/rew 0.52 / train/loss/value 0.92 / replay/replay_ratio 264 / fps/policy 6.07 / fps/train 1552.79

Writing metrics: /home/zhangpeiying01/lfy/btwm-7.7/runs/btwm_dmc_walker_walk_seed1_w002_b11_s1/metrics.jsonl
Writing metrics: /home/zhangpeiying01/lfy/btwm-7.7/runs/btwm_dmc_walker_walk_seed1_w002_b11_s1/scores.jsonl

--------------------[Agent Step 17_280]--------------------
Metrics filtered by: 'score|length|fps|ratio|train/loss/|train/acc/|train/inv/|train/rand/'
train/acc/inv 0.77 / train/inv/ce 0.72 / train/inv/confidence 0.57 / train/inv/confidence_gating 0 / train/inv/effective_rep_weight 0.02 / train/inv/head_objective 0.3 / train/inv/head_weight 0 / train/inv/objective 0.3 / train/inv/policy_weight_max 1 / train/inv/policy_weight_mean 1 / train/inv/policy_weight_min 1 / train/inv/policy_weight_std 0 / train/inv/valid_frac 1 / train/inv/weight 0.02 / train/loss/con 0.02 / train/loss/dyn 3.95 / train/loss/image 8.38 / train/loss/inv 6e-3 / train/loss/policy -0.09 / train/loss/rep 3.95 / train/loss/repval 0.99 / train/loss/rew 0.52 / train/loss/value 1.11 / replay/replay_ratio 264 / fps/policy 5.92 / fps/train 1514.27

Writing metrics: /home/zhangpeiying01/lfy/btwm-7.7/runs/btwm_dmc_walker_walk_seed1_w002_b11_s1/metrics.jsonl
Writing metrics: /home/zhangpeiying01/lfy/btwm-7.7/runs/btwm_dmc_walker_walk_seed1_w002_b11_s1/scores.jsonl

--------------------[Agent Step 17_984]--------------------
Metrics filtered by: 'score|length|fps|ratio|train/loss/|train/acc/|train/inv/|train/rand/'
train/acc/inv 0.78 / train/inv/ce 0.71 / train/inv/confidence 0.57 / train/inv/confidence_gating 0 / train/inv/effective_rep_weight 0.02 / train/inv/head_objective 0.3 / train/inv/head_weight 0 / train/inv/objective 0.3 / train/inv/policy_weight_max 1 / train/inv/policy_weight_mean 1 / train/inv/policy_weight_min 1 / train/inv/policy_weight_std 0 / train/inv/valid_frac 1 / train/inv/weight 0.02 / train/loss/con 0.02 / train/loss/dyn 3.89 / train/loss/image 8.02 / train/loss/inv 5.9e-3 / train/loss/policy -0.1 / train/loss/rep 3.89 / train/loss/repval 1.09 / train/loss/rew 0.52 / train/loss/value 0.99 / replay/replay_ratio 264 / fps/policy 5.76 / fps/train 1475.2

Writing metrics: /home/zhangpeiying01/lfy/btwm-7.7/runs/btwm_dmc_walker_walk_seed1_w002_b11_s1/metrics.jsonl
Writing metrics: /home/zhangpeiying01/lfy/btwm-7.7/runs/btwm_dmc_walker_walk_seed1_w002_b11_s1/scores.jsonl

--------------------[Agent Step 18_688]--------------------
Metrics filtered by: 'score|length|fps|ratio|train/loss/|train/acc/|train/inv/|train/rand/'
train/acc/inv 0.77 / train/inv/ce 0.72 / train/inv/confidence 0.56 / train/inv/confidence_gating 0 / train/inv/effective_rep_weight 0.02 / train/inv/head_objective 0.3 / train/inv/head_weight 0 / train/inv/objective 0.3 / train/inv/policy_weight_max 1 / train/inv/policy_weight_mean 1 / train/inv/policy_weight_min 1 / train/inv/policy_weight_std 0 / train/inv/valid_frac 1 / train/inv/weight 0.02 / train/loss/con 0.02 / train/loss/dyn 3.88 / train/loss/image 7.8 / train/loss/inv 6e-3 / train/loss/policy -0.11 / train/loss/rep 3.88 / train/loss/repval 1.05 / train/loss/rew 0.52 / train/loss/value 0.84 / replay/replay_ratio 264 / fps/policy 5.83 / fps/train 1491.4

Writing metrics: /home/zhangpeiying01/lfy/btwm-7.7/runs/btwm_dmc_walker_walk_seed1_w002_b11_s1/metrics.jsonl
Writing metrics: /home/zhangpeiying01/lfy/btwm-7.7/runs/btwm_dmc_walker_walk_seed1_w002_b11_s1/scores.jsonl

--------------------[Agent Step 19_408]--------------------
Metrics filtered by: 'score|length|fps|ratio|train/loss/|train/acc/|train/inv/|train/rand/'
train/acc/inv 0.77 / train/inv/ce 0.72 / train/inv/confidence 0.56 / train/inv/confidence_gating 0 / train/inv/effective_rep_weight 0.02 / train/inv/head_objective 0.3 / train/inv/head_weight 0 / train/inv/objective 0.3 / train/inv/policy_weight_max 1 / train/inv/policy_weight_mean 1 / train/inv/policy_weight_min 1 / train/inv/policy_weight_std 0 / train/inv/valid_frac 1 / train/inv/weight 0.02 / train/loss/con 0.02 / train/loss/dyn 3.78 / train/loss/image 7.54 / train/loss/inv 6e-3 / train/loss/policy -0.12 / train/loss/rep 3.78 / train/loss/repval 0.87 / train/loss/rew 0.52 / train/loss/value 1.09 / replay/replay_ratio 264 / fps/policy 5.92 / fps/train 1515.93

Writing metrics: /home/zhangpeiying01/lfy/btwm-7.7/runs/btwm_dmc_walker_walk_seed1_w002_b11_s1/metrics.jsonl
Writing metrics: /home/zhangpeiying01/lfy/btwm-7.7/runs/btwm_dmc_walker_walk_seed1_w002_b11_s1/scores.jsonl

--------------------[Agent Step 20_128]--------------------
Metrics filtered by: 'score|length|fps|ratio|train/loss/|train/acc/|train/inv/|train/rand/'
train/acc/inv 0.77 / train/inv/ce 0.73 / train/inv/confidence 0.56 / train/inv/confidence_gating 0 / train/inv/effective_rep_weight 0.02 / train/inv/head_objective 0.3 / train/inv/head_weight 0 / train/inv/objective 0.3 / train/inv/policy_weight_max 1 / train/inv/policy_weight_mean 1 / train/inv/policy_weight_min 1 / train/inv/policy_weight_std 0 / train/inv/valid_frac 1 / train/inv/weight 0.02 / train/loss/con 0.02 / train/loss/dyn 3.84 / train/loss/image 7.45 / train/loss/inv 6.1e-3 / train/loss/policy -0.12 / train/loss/rep 3.84 / train/loss/repval 1.15 / train/loss/rew 0.52 / train/loss/value 1.25 / replay/replay_ratio 264 / fps/policy 5.89 / fps/train 1507.73

Writing metrics: /home/zhangpeiying01/lfy/btwm-7.7/runs/btwm_dmc_walker_walk_seed1_w002_b11_s1/metrics.jsonl
Writing metrics: /home/zhangpeiying01/lfy/btwm-7.7/runs/btwm_dmc_walker_walk_seed1_w002_b11_s1/scores.jsonl

--------------------[Agent Step 20_848]--------------------
Metrics filtered by: 'score|length|fps|ratio|train/loss/|train/acc/|train/inv/|train/rand/'
train/acc/inv 0.77 / train/inv/ce 0.71 / train/inv/confidence 0.57 / train/inv/confidence_gating 0 / train/inv/effective_rep_weight 0.02 / train/inv/head_objective 0.29 / train/inv/head_weight 0 / train/inv/objective 0.29 / train/inv/policy_weight_max 1 / train/inv/policy_weight_mean 1 / train/inv/policy_weight_min 1 / train/inv/policy_weight_std 0 / train/inv/valid_frac 1 / train/inv/weight 0.02 / train/loss/con 0.02 / train/loss/dyn 3.68 / train/loss/image 7.11 / train/loss/inv 5.9e-3 / train/loss/policy -0.11 / train/loss/rep 3.68 / train/loss/repval 1.19 / train/loss/rew 0.52 / train/loss/value 1.08 / replay/replay_ratio 264 / fps/policy 5.87 / fps/train 1503.1

Writing metrics: /home/zhangpeiying01/lfy/btwm-7.7/runs/btwm_dmc_walker_walk_seed1_w002_b11_s1/metrics.jsonl
Writing metrics: /home/zhangpeiying01/lfy/btwm-7.7/runs/btwm_dmc_walker_walk_seed1_w002_b11_s1/scores.jsonl

--------------------[Agent Step 21_568]--------------------
Metrics filtered by: 'score|length|fps|ratio|train/loss/|train/acc/|train/inv/|train/rand/'
train/acc/inv 0.77 / train/inv/ce 0.71 / train/inv/confidence 0.56 / train/inv/confidence_gating 0 / train/inv/effective_rep_weight 0.02 / train/inv/head_objective 0.3 / train/inv/head_weight 0 / train/inv/objective 0.3 / train/inv/policy_weight_max 1 / train/inv/policy_weight_mean 1 / train/inv/policy_weight_min 1 / train/inv/policy_weight_std 0 / train/inv/valid_frac 1 / train/inv/weight 0.02 / train/loss/con 0.02 / train/loss/dyn 3.66 / train/loss/image 6.98 / train/loss/inv 5.9e-3 / train/loss/policy -0.14 / train/loss/rep 3.66 / train/loss/repval 1.05 / train/loss/rew 0.51 / train/loss/value 0.77 / replay/replay_ratio 264 / fps/policy 5.92 / fps/train 1514.9

Writing metrics: /home/zhangpeiying01/lfy/btwm-7.7/runs/btwm_dmc_walker_walk_seed1_w002_b11_s1/scores.jsonl
Writing metrics: /home/zhangpeiying01/lfy/btwm-7.7/runs/btwm_dmc_walker_walk_seed1_w002_b11_s1/metrics.jsonl
Saving checkpoint: /home/zhangpeiying01/lfy/btwm-7.7/runs/btwm_dmc_walker_walk_seed1_w002_b11_s1/ckpt/20260715T214920F187366
Saved checkpoint.

--------------------[Agent Step 22_256]--------------------
Metrics filtered by: 'score|length|fps|ratio|train/loss/|train/acc/|train/inv/|train/rand/'
train/acc/inv 0.76 / train/inv/ce 0.72 / train/inv/confidence 0.56 / train/inv/confidence_gating 0 / train/inv/effective_rep_weight 0.02 / train/inv/head_objective 0.3 / train/inv/head_weight 0 / train/inv/objective 0.3 / train/inv/policy_weight_max 1 / train/inv/policy_weight_mean 1 / train/inv/policy_weight_min 1 / train/inv/policy_weight_std 0 / train/inv/valid_frac 1 / train/inv/weight 0.02 / train/loss/con 0.02 / train/loss/dyn 3.59 / train/loss/image 6.78 / train/loss/inv 6e-3 / train/loss/policy -0.15 / train/loss/rep 3.59 / train/loss/repval 0.91 / train/loss/rew 0.51 / train/loss/value 0.87 / replay/replay_ratio 264 / fps/policy 5.72 / fps/train 1464.29

Writing metrics: /home/zhangpeiying01/lfy/btwm-7.7/runs/btwm_dmc_walker_walk_seed1_w002_b11_s1/metrics.jsonl
Writing metrics: /home/zhangpeiying01/lfy/btwm-7.7/runs/btwm_dmc_walker_walk_seed1_w002_b11_s1/scores.jsonl

--------------------[Agent Step 22_976]--------------------
Metrics filtered by: 'score|length|fps|ratio|train/loss/|train/acc/|train/inv/|train/rand/'
train/acc/inv 0.76 / train/inv/ce 0.71 / train/inv/confidence 0.56 / train/inv/confidence_gating 0 / train/inv/effective_rep_weight 0.02 / train/inv/head_objective 0.3 / train/inv/head_weight 0 / train/inv/objective 0.3 / train/inv/policy_weight_max 1 / train/inv/policy_weight_mean 1 / train/inv/policy_weight_min 1 / train/inv/policy_weight_std 0 / train/inv/valid_frac 1 / train/inv/weight 0.02 / train/loss/con 0.02 / train/loss/dyn 3.55 / train/loss/image 6.6 / train/loss/inv 5.9e-3 / train/loss/policy -0.14 / train/loss/rep 3.55 / train/loss/repval 0.93 / train/loss/rew 0.51 / train/loss/value 1.19 / replay/replay_ratio 264 / fps/policy 5.93 / fps/train 1518.53

Writing metrics: /home/zhangpeiying01/lfy/btwm-7.7/runs/btwm_dmc_walker_walk_seed1_w002_b11_s1/metrics.jsonl
Writing metrics: /home/zhangpeiying01/lfy/btwm-7.7/runs/btwm_dmc_walker_walk_seed1_w002_b11_s1/scores.jsonl

--------------------[Agent Step 23_696]--------------------
Metrics filtered by: 'score|length|fps|ratio|train/loss/|train/acc/|train/inv/|train/rand/'
train/acc/inv 0.76 / train/inv/ce 0.72 / train/inv/confidence 0.56 / train/inv/confidence_gating 0 / train/inv/effective_rep_weight 0.02 / train/inv/head_objective 0.3 / train/inv/head_weight 0 / train/inv/objective 0.3 / train/inv/policy_weight_max 1 / train/inv/policy_weight_mean 1 / train/inv/policy_weight_min 1 / train/inv/policy_weight_std 0 / train/inv/valid_frac 1 / train/inv/weight 0.02 / train/loss/con 0.02 / train/loss/dyn 3.49 / train/loss/image 6.44 / train/loss/inv 6e-3 / train/loss/policy -0.13 / train/loss/rep 3.49 / train/loss/repval 1.19 / train/loss/rew 0.51 / train/loss/value 1.2 / replay/replay_ratio 264 / fps/policy 5.87 / fps/train 1503.93

Writing metrics: /home/zhangpeiying01/lfy/btwm-7.7/runs/btwm_dmc_walker_walk_seed1_w002_b11_s1/metrics.jsonl
Writing metrics: /home/zhangpeiying01/lfy/btwm-7.7/runs/btwm_dmc_walker_walk_seed1_w002_b11_s1/scores.jsonl

--------------------[Agent Step 24_400]--------------------
Metrics filtered by: 'score|length|fps|ratio|train/loss/|train/acc/|train/inv/|train/rand/'
train/acc/inv 0.76 / train/inv/ce 0.71 / train/inv/confidence 0.56 / train/inv/confidence_gating 0 / train/inv/effective_rep_weight 0.02 / train/inv/head_objective 0.3 / train/inv/head_weight 0 / train/inv/objective 0.3 / train/inv/policy_weight_max 1 / train/inv/policy_weight_mean 1 / train/inv/policy_weight_min 1 / train/inv/policy_weight_std 0 / train/inv/valid_frac 1 / train/inv/weight 0.02 / train/loss/con 0.02 / train/loss/dyn 3.44 / train/loss/image 6.28 / train/loss/inv 5.9e-3 / train/loss/policy -0.1 / train/loss/rep 3.44 / train/loss/repval 1.15 / train/loss/rew 0.51 / train/loss/value 0.96 / replay/replay_ratio 264 / fps/policy 5.86 / fps/train 1498.92

Writing metrics: /home/zhangpeiying01/lfy/btwm-7.7/runs/btwm_dmc_walker_walk_seed1_w002_b11_s1/scores.jsonl
Writing metrics: /home/zhangpeiying01/lfy/btwm-7.7/runs/btwm_dmc_walker_walk_seed1_w002_b11_s1/metrics.jsonl

--------------------[Agent Step 25_120]--------------------
Metrics filtered by: 'score|length|fps|ratio|train/loss/|train/acc/|train/inv/|train/rand/'
train/acc/inv 0.76 / train/inv/ce 0.7 / train/inv/confidence 0.56 / train/inv/confidence_gating 0 / train/inv/effective_rep_weight 0.02 / train/inv/head_objective 0.29 / train/inv/head_weight 0 / train/inv/objective 0.29 / train/inv/policy_weight_max 1 / train/inv/policy_weight_mean 1 / train/inv/policy_weight_min 1 / train/inv/policy_weight_std 0 / train/inv/valid_frac 1 / train/inv/weight 0.02 / train/loss/con 0.02 / train/loss/dyn 3.38 / train/loss/image 6.13 / train/loss/inv 5.8e-3 / train/loss/policy -0.09 / train/loss/rep 3.38 / train/loss/repval 1.04 / train/loss/rew 0.51 / train/loss/value 0.75 / replay/replay_ratio 264 / fps/policy 5.89 / fps/train 1508.49

Writing metrics: /home/zhangpeiying01/lfy/btwm-7.7/runs/btwm_dmc_walker_walk_seed1_w002_b11_s1/metrics.jsonl
Writing metrics: /home/zhangpeiying01/lfy/btwm-7.7/runs/btwm_dmc_walker_walk_seed1_w002_b11_s1/scores.jsonl

--------------------[Agent Step 25_808]--------------------
Metrics filtered by: 'score|length|fps|ratio|train/loss/|train/acc/|train/inv/|train/rand/'
train/acc/inv 0.76 / train/inv/ce 0.7 / train/inv/confidence 0.57 / train/inv/confidence_gating 0 / train/inv/effective_rep_weight 0.02 / train/inv/head_objective 0.29 / train/inv/head_weight 0 / train/inv/objective 0.29 / train/inv/policy_weight_max 1 / train/inv/policy_weight_mean 1 / train/inv/policy_weight_min 1 / train/inv/policy_weight_std 0 / train/inv/valid_frac 1 / train/inv/weight 0.02 / train/loss/con 0.02 / train/loss/dyn 3.4 / train/loss/image 6.12 / train/loss/inv 5.8e-3 / train/loss/policy -0.09 / train/loss/rep 3.4 / train/loss/repval 0.96 / train/loss/rew 0.51 / train/loss/value 0.67 / replay/replay_ratio 264 / fps/policy 5.71 / fps/train 1461.39

Writing metrics: /home/zhangpeiying01/lfy/btwm-7.7/runs/btwm_dmc_walker_walk_seed1_w002_b11_s1/metrics.jsonl
Writing metrics: /home/zhangpeiying01/lfy/btwm-7.7/runs/btwm_dmc_walker_walk_seed1_w002_b11_s1/scores.jsonl

--------------------[Agent Step 26_512]--------------------
Metrics filtered by: 'score|length|fps|ratio|train/loss/|train/acc/|train/inv/|train/rand/'
train/acc/inv 0.76 / train/inv/ce 0.71 / train/inv/confidence 0.56 / train/inv/confidence_gating 0 / train/inv/effective_rep_weight 0.02 / train/inv/head_objective 0.3 / train/inv/head_weight 0 / train/inv/objective 0.3 / train/inv/policy_weight_max 1 / train/inv/policy_weight_mean 1 / train/inv/policy_weight_min 1 / train/inv/policy_weight_std 0 / train/inv/valid_frac 1 / train/inv/weight 0.02 / train/loss/con 0.02 / train/loss/dyn 3.34 / train/loss/image 5.96 / train/loss/inv 5.9e-3 / train/loss/policy -0.09 / train/loss/rep 3.34 / train/loss/repval 0.94 / train/loss/rew 0.51 / train/loss/value 0.73 / replay/replay_ratio 264 / fps/policy 5.79 / fps/train 1482.53

Writing metrics: /home/zhangpeiying01/lfy/btwm-7.7/runs/btwm_dmc_walker_walk_seed1_w002_b11_s1/metrics.jsonl
Writing metrics: /home/zhangpeiying01/lfy/btwm-7.7/runs/btwm_dmc_walker_walk_seed1_w002_b11_s1/scores.jsonl

--------------------[Agent Step 27_216]--------------------
Metrics filtered by: 'score|length|fps|ratio|train/loss/|train/acc/|train/inv/|train/rand/'
train/acc/inv 0.76 / train/inv/ce 0.71 / train/inv/confidence 0.56 / train/inv/confidence_gating 0 / train/inv/effective_rep_weight 0.02 / train/inv/head_objective 0.3 / train/inv/head_weight 0 / train/inv/objective 0.3 / train/inv/policy_weight_max 1 / train/inv/policy_weight_mean 1 / train/inv/policy_weight_min 1 / train/inv/policy_weight_std 0 / train/inv/valid_frac 1 / train/inv/weight 0.02 / train/loss/con 0.02 / train/loss/dyn 3.3 / train/loss/image 5.84 / train/loss/inv 5.9e-3 / train/loss/policy -0.08 / train/loss/rep 3.3 / train/loss/repval 0.95 / train/loss/rew 0.51 / train/loss/value 0.88 / replay/replay_ratio 264 / fps/policy 5.83 / fps/train 1493.64

Writing metrics: /home/zhangpeiying01/lfy/btwm-7.7/runs/btwm_dmc_walker_walk_seed1_w002_b11_s1/metrics.jsonl
Writing metrics: /home/zhangpeiying01/lfy/btwm-7.7/runs/btwm_dmc_walker_walk_seed1_w002_b11_s1/scores.jsonl

--------------------[Agent Step 27_920]--------------------
Metrics filtered by: 'score|length|fps|ratio|train/loss/|train/acc/|train/inv/|train/rand/'
train/acc/inv 0.76 / train/inv/ce 0.7 / train/inv/confidence 0.56 / train/inv/confidence_gating 0 / train/inv/effective_rep_weight 0.02 / train/inv/head_objective 0.29 / train/inv/head_weight 0 / train/inv/objective 0.29 / train/inv/policy_weight_max 1 / train/inv/policy_weight_mean 1 / train/inv/policy_weight_min 1 / train/inv/policy_weight_std 0 / train/inv/valid_frac 1 / train/inv/weight 0.02 / train/loss/con 0.02 / train/loss/dyn 3.23 / train/loss/image 5.73 / train/loss/inv 5.8e-3 / train/loss/policy -0.07 / train/loss/rep 3.23 / train/loss/repval 0.92 / train/loss/rew 0.51 / train/loss/value 1.04 / replay/replay_ratio 264 / fps/policy 5.79 / fps/train 1482.18

Writing metrics: /home/zhangpeiying01/lfy/btwm-7.7/runs/btwm_dmc_walker_walk_seed1_w002_b11_s1/metrics.jsonl
Writing metrics: /home/zhangpeiying01/lfy/btwm-7.7/runs/btwm_dmc_walker_walk_seed1_w002_b11_s1/scores.jsonl

--------------------[Agent Step 28_624]--------------------
Metrics filtered by: 'score|length|fps|ratio|train/loss/|train/acc/|train/inv/|train/rand/'
train/acc/inv 0.75 / train/inv/ce 0.71 / train/inv/confidence 0.56 / train/inv/confidence_gating 0 / train/inv/effective_rep_weight 0.02 / train/inv/head_objective 0.3 / train/inv/head_weight 0 / train/inv/objective 0.3 / train/inv/policy_weight_max 1 / train/inv/policy_weight_mean 1 / train/inv/policy_weight_min 1 / train/inv/policy_weight_std 0 / train/inv/valid_frac 1 / train/inv/weight 0.02 / train/loss/con 0.02 / train/loss/dyn 3.21 / train/loss/image 5.6 / train/loss/inv 5.9e-3 / train/loss/policy -0.08 / train/loss/rep 3.21 / train/loss/repval 0.94 / train/loss/rew 0.52 / train/loss/value 1.18 / replay/replay_ratio 264 / fps/policy 5.86 / fps/train 1501.27

Writing metrics: /home/zhangpeiying01/lfy/btwm-7.7/runs/btwm_dmc_walker_walk_seed1_w002_b11_s1/metrics.jsonl
Writing metrics: /home/zhangpeiying01/lfy/btwm-7.7/runs/btwm_dmc_walker_walk_seed1_w002_b11_s1/scores.jsonl

--------------------[Agent Step 29_344]--------------------
Metrics filtered by: 'score|length|fps|ratio|train/loss/|train/acc/|train/inv/|train/rand/'
train/acc/inv 0.75 / train/inv/ce 0.72 / train/inv/confidence 0.55 / train/inv/confidence_gating 0 / train/inv/effective_rep_weight 0.02 / train/inv/head_objective 0.3 / train/inv/head_weight 0 / train/inv/objective 0.3 / train/inv/policy_weight_max 1 / train/inv/policy_weight_mean 1 / train/inv/policy_weight_min 1 / train/inv/policy_weight_std 0 / train/inv/valid_frac 1 / train/inv/weight 0.02 / train/loss/con 0.02 / train/loss/dyn 3.21 / train/loss/image 5.55 / train/loss/inv 6e-3 / train/loss/policy -0.09 / train/loss/rep 3.21 / train/loss/repval 1.05 / train/loss/rew 0.51 / train/loss/value 1.25 / replay/replay_ratio 264 / fps/policy 5.86 / fps/train 1501.43

Writing metrics: /home/zhangpeiying01/lfy/btwm-7.7/runs/btwm_dmc_walker_walk_seed1_w002_b11_s1/scores.jsonl
Writing metrics: /home/zhangpeiying01/lfy/btwm-7.7/runs/btwm_dmc_walker_walk_seed1_w002_b11_s1/metrics.jsonl

--------------------[Agent Step 30_048]--------------------
Metrics filtered by: 'score|length|fps|ratio|train/loss/|train/acc/|train/inv/|train/rand/'
train/acc/inv 0.75 / train/inv/ce 0.72 / train/inv/confidence 0.55 / train/inv/confidence_gating 0 / train/inv/effective_rep_weight 0.02 / train/inv/head_objective 0.3 / train/inv/head_weight 0 / train/inv/objective 0.3 / train/inv/policy_weight_max 1 / train/inv/policy_weight_mean 1 / train/inv/policy_weight_min 1 / train/inv/policy_weight_std 0 / train/inv/valid_frac 1 / train/inv/weight 0.02 / train/loss/con 0.02 / train/loss/dyn 3.12 / train/loss/image 5.37 / train/loss/inv 6e-3 / train/loss/policy -0.08 / train/loss/rep 3.12 / train/loss/repval 1.16 / train/loss/rew 0.51 / train/loss/value 1.25 / replay/replay_ratio 264 / fps/policy 5.84 / fps/train 1494.35

Writing metrics: /home/zhangpeiying01/lfy/btwm-7.7/runs/btwm_dmc_walker_walk_seed1_w002_b11_s1/scores.jsonl
Writing metrics: /home/zhangpeiying01/lfy/btwm-7.7/runs/btwm_dmc_walker_walk_seed1_w002_b11_s1/metrics.jsonl

--------------------[Agent Step 30_752]--------------------
Metrics filtered by: 'score|length|fps|ratio|train/loss/|train/acc/|train/inv/|train/rand/'
train/acc/inv 0.74 / train/inv/ce 0.75 / train/inv/confidence 0.54 / train/inv/confidence_gating 0 / train/inv/effective_rep_weight 0.02 / train/inv/head_objective 0.31 / train/inv/head_weight 0 / train/inv/objective 0.31 / train/inv/policy_weight_max 1 / train/inv/policy_weight_mean 1 / train/inv/policy_weight_min 1 / train/inv/policy_weight_std 0 / train/inv/valid_frac 1 / train/inv/weight 0.02 / train/loss/con 0.02 / train/loss/dyn 3.19 / train/loss/image 5.38 / train/loss/inv 6.2e-3 / train/loss/policy -0.07 / train/loss/rep 3.19 / train/loss/repval 1.18 / train/loss/rew 0.51 / train/loss/value 1.17 / replay/replay_ratio 264 / fps/policy 5.77 / fps/train 1477.5

Writing metrics: /home/zhangpeiying01/lfy/btwm-7.7/runs/btwm_dmc_walker_walk_seed1_w002_b11_s1/scores.jsonl
Writing metrics: /home/zhangpeiying01/lfy/btwm-7.7/runs/btwm_dmc_walker_walk_seed1_w002_b11_s1/metrics.jsonl

--------------------[Agent Step 31_440]--------------------
Metrics filtered by: 'score|length|fps|ratio|train/loss/|train/acc/|train/inv/|train/rand/'
train/acc/inv 0.75 / train/inv/ce 0.72 / train/inv/confidence 0.55 / train/inv/confidence_gating 0 / train/inv/effective_rep_weight 0.02 / train/inv/head_objective 0.3 / train/inv/head_weight 0 / train/inv/objective 0.3 / train/inv/policy_weight_max 1 / train/inv/policy_weight_mean 1 / train/inv/policy_weight_min 1 / train/inv/policy_weight_std 0 / train/inv/valid_frac 1 / train/inv/weight 0.02 / train/loss/con 0.02 / train/loss/dyn 3.15 / train/loss/image 5.32 / train/loss/inv 6e-3 / train/loss/policy -0.07 / train/loss/rep 3.15 / train/loss/repval 1.15 / train/loss/rew 0.51 / train/loss/value 1.05 / replay/replay_ratio 264 / fps/policy 5.72 / fps/train 1464.2

Writing metrics: /home/zhangpeiying01/lfy/btwm-7.7/runs/btwm_dmc_walker_walk_seed1_w002_b11_s1/metrics.jsonl
Writing metrics: /home/zhangpeiying01/lfy/btwm-7.7/runs/btwm_dmc_walker_walk_seed1_w002_b11_s1/scores.jsonl

--------------------[Agent Step 32_144]--------------------
Metrics filtered by: 'score|length|fps|ratio|train/loss/|train/acc/|train/inv/|train/rand/'
episode/score 471.3 / episode/length 1001 / train/acc/inv 0.74 / train/inv/ce 0.74 / train/inv/confidence 0.55 / train/inv/confidence_gating 0 / train/inv/effective_rep_weight 0.02 / train/inv/head_objective 0.31 / train/inv/head_weight 0 / train/inv/objective 0.31 / train/inv/policy_weight_max 1 / train/inv/policy_weight_mean 1 / train/inv/policy_weight_min 1 / train/inv/policy_weight_std 0 / train/inv/valid_frac 1 / train/inv/weight 0.02 / train/loss/con 0.02 / train/loss/dyn 3.13 / train/loss/image 5.3 / train/loss/inv 6.1e-3 / train/loss/policy -0.06 / train/loss/rep 3.13 / train/loss/repval 1.09 / train/loss/rew 0.51 / train/loss/value 0.94 / replay/replay_ratio 264 / fps/policy 5.74 / fps/train 1470.03

Writing metrics: /home/zhangpeiying01/lfy/btwm-7.7/runs/btwm_dmc_walker_walk_seed1_w002_b11_s1/scores.jsonl
Writing metrics: /home/zhangpeiying01/lfy/btwm-7.7/runs/btwm_dmc_walker_walk_seed1_w002_b11_s1/metrics.jsonl

--------------------[Agent Step 32_832]--------------------
Metrics filtered by: 'score|length|fps|ratio|train/loss/|train/acc/|train/inv/|train/rand/'
train/acc/inv 0.73 / train/inv/ce 0.79 / train/inv/confidence 0.53 / train/inv/confidence_gating 0 / train/inv/effective_rep_weight 0.02 / train/inv/head_objective 0.33 / train/inv/head_weight 0 / train/inv/objective 0.33 / train/inv/policy_weight_max 1 / train/inv/policy_weight_mean 1 / train/inv/policy_weight_min 1 / train/inv/policy_weight_std 0 / train/inv/valid_frac 1 / train/inv/weight 0.02 / train/loss/con 0.02 / train/loss/dyn 3.34 / train/loss/image 5.86 / train/loss/inv 6.6e-3 / train/loss/policy -0.05 / train/loss/rep 3.34 / train/loss/repval 1.01 / train/loss/rew 0.51 / train/loss/value 0.84 / replay/replay_ratio 264 / fps/policy 5.72 / fps/train 1463.63

Writing metrics: /home/zhangpeiying01/lfy/btwm-7.7/runs/btwm_dmc_walker_walk_seed1_w002_b11_s1/metrics.jsonl
Writing metrics: /home/zhangpeiying01/lfy/btwm-7.7/runs/btwm_dmc_walker_walk_seed1_w002_b11_s1/scores.jsonl

--------------------[Agent Step 33_520]--------------------
Metrics filtered by: 'score|length|fps|ratio|train/loss/|train/acc/|train/inv/|train/rand/'
train/acc/inv 0.72 / train/inv/ce 0.8 / train/inv/confidence 0.53 / train/inv/confidence_gating 0 / train/inv/effective_rep_weight 0.02 / train/inv/head_objective 0.33 / train/inv/head_weight 0 / train/inv/objective 0.33 / train/inv/policy_weight_max 1 / train/inv/policy_weight_mean 1 / train/inv/policy_weight_min 1 / train/inv/policy_weight_std 0 / train/inv/valid_frac 1 / train/inv/weight 0.02 / train/loss/con 0.02 / train/loss/dyn 3.21 / train/loss/image 5.77 / train/loss/inv 6.7e-3 / train/loss/policy -0.04 / train/loss/rep 3.21 / train/loss/repval 0.94 / train/loss/rew 0.51 / train/loss/value 0.77 / replay/replay_ratio 264 / fps/policy 5.73 / fps/train 1467.1

Writing metrics: /home/zhangpeiying01/lfy/btwm-7.7/runs/btwm_dmc_walker_walk_seed1_w002_b11_s1/metrics.jsonl
Writing metrics: /home/zhangpeiying01/lfy/btwm-7.7/runs/btwm_dmc_walker_walk_seed1_w002_b11_s1/scores.jsonl

--------------------[Agent Step 34_224]--------------------
Metrics filtered by: 'score|length|fps|ratio|train/loss/|train/acc/|train/inv/|train/rand/'
train/acc/inv 0.72 / train/inv/ce 0.8 / train/inv/confidence 0.53 / train/inv/confidence_gating 0 / train/inv/effective_rep_weight 0.02 / train/inv/head_objective 0.33 / train/inv/head_weight 0 / train/inv/objective 0.33 / train/inv/policy_weight_max 1 / train/inv/policy_weight_mean 1 / train/inv/policy_weight_min 1 / train/inv/policy_weight_std 0 / train/inv/valid_frac 1 / train/inv/weight 0.02 / train/loss/con 0.02 / train/loss/dyn 3.18 / train/loss/image 5.61 / train/loss/inv 6.7e-3 / train/loss/policy -0.04 / train/loss/rep 3.18 / train/loss/repval 0.9 / train/loss/rew 0.51 / train/loss/value 0.74 / replay/replay_ratio 264 / fps/policy 5.76 / fps/train 1473.8

Writing metrics: /home/zhangpeiying01/lfy/btwm-7.7/runs/btwm_dmc_walker_walk_seed1_w002_b11_s1/metrics.jsonl
Writing metrics: /home/zhangpeiying01/lfy/btwm-7.7/runs/btwm_dmc_walker_walk_seed1_w002_b11_s1/scores.jsonl

--------------------[Agent Step 34_928]--------------------
Metrics filtered by: 'score|length|fps|ratio|train/loss/|train/acc/|train/inv/|train/rand/'
train/acc/inv 0.72 / train/inv/ce 0.81 / train/inv/confidence 0.52 / train/inv/confidence_gating 0 / train/inv/effective_rep_weight 0.02 / train/inv/head_objective 0.34 / train/inv/head_weight 0 / train/inv/objective 0.34 / train/inv/policy_weight_max 1 / train/inv/policy_weight_mean 1 / train/inv/policy_weight_min 1 / train/inv/policy_weight_std 0 / train/inv/valid_frac 1 / train/inv/weight 0.02 / train/loss/con 0.02 / train/loss/dyn 3.2 / train/loss/image 5.58 / train/loss/inv 6.7e-3 / train/loss/policy -0.03 / train/loss/rep 3.2 / train/loss/repval 0.88 / train/loss/rew 0.51 / train/loss/value 0.73 / replay/replay_ratio 264 / fps/policy 5.75 / fps/train 1472.3

Writing metrics: /home/zhangpeiying01/lfy/btwm-7.7/runs/btwm_dmc_walker_walk_seed1_w002_b11_s1/scores.jsonl
Writing metrics: /home/zhangpeiying01/lfy/btwm-7.7/runs/btwm_dmc_walker_walk_seed1_w002_b11_s1/metrics.jsonl

--------------------[Agent Step 35_632]--------------------
Metrics filtered by: 'score|length|fps|ratio|train/loss/|train/acc/|train/inv/|train/rand/'
train/acc/inv 0.71 / train/inv/ce 0.83 / train/inv/confidence 0.51 / train/inv/confidence_gating 0 / train/inv/effective_rep_weight 0.02 / train/inv/head_objective 0.35 / train/inv/head_weight 0 / train/inv/objective 0.35 / train/inv/policy_weight_max 1 / train/inv/policy_weight_mean 1 / train/inv/policy_weight_min 1 / train/inv/policy_weight_std 0 / train/inv/valid_frac 1 / train/inv/weight 0.02 / train/loss/con 0.02 / train/loss/dyn 3.16 / train/loss/image 5.51 / train/loss/inv 6.9e-3 / train/loss/policy -0.03 / train/loss/rep 3.16 / train/loss/repval 0.88 / train/loss/rew 0.51 / train/loss/value 0.78 / replay/replay_ratio 264 / fps/policy 5.74 / fps/train 1470.25

Writing metrics: /home/zhangpeiying01/lfy/btwm-7.7/runs/btwm_dmc_walker_walk_seed1_w002_b11_s1/scores.jsonl
Writing metrics: /home/zhangpeiying01/lfy/btwm-7.7/runs/btwm_dmc_walker_walk_seed1_w002_b11_s1/metrics.jsonl

--------------------[Agent Step 36_320]--------------------
Metrics filtered by: 'score|length|fps|ratio|train/loss/|train/acc/|train/inv/|train/rand/'
train/acc/inv 0.72 / train/inv/ce 0.82 / train/inv/confidence 0.52 / train/inv/confidence_gating 0 / train/inv/effective_rep_weight 0.02 / train/inv/head_objective 0.34 / train/inv/head_weight 0 / train/inv/objective 0.34 / train/inv/policy_weight_max 1 / train/inv/policy_weight_mean 1 / train/inv/policy_weight_min 1 / train/inv/policy_weight_std 0 / train/inv/valid_frac 1 / train/inv/weight 0.02 / train/loss/con 0.02 / train/loss/dyn 3.11 / train/loss/image 5.44 / train/loss/inv 6.8e-3 / train/loss/policy -0.02 / train/loss/rep 3.11 / train/loss/repval 0.89 / train/loss/rew 0.51 / train/loss/value 0.85 / replay/replay_ratio 264 / fps/policy 5.71 / fps/train 1462.75

Writing metrics: /home/zhangpeiying01/lfy/btwm-7.7/runs/btwm_dmc_walker_walk_seed1_w002_b11_s1/metrics.jsonl
Writing metrics: /home/zhangpeiying01/lfy/btwm-7.7/runs/btwm_dmc_walker_walk_seed1_w002_b11_s1/scores.jsonl

--------------------[Agent Step 37_008]--------------------
Metrics filtered by: 'score|length|fps|ratio|train/loss/|train/acc/|train/inv/|train/rand/'
train/acc/inv 0.72 / train/inv/ce 0.82 / train/inv/confidence 0.52 / train/inv/confidence_gating 0 / train/inv/effective_rep_weight 0.02 / train/inv/head_objective 0.34 / train/inv/head_weight 0 / train/inv/objective 0.34 / train/inv/policy_weight_max 1 / train/inv/policy_weight_mean 1 / train/inv/policy_weight_min 1 / train/inv/policy_weight_std 0 / train/inv/valid_frac 1 / train/inv/weight 0.02 / train/loss/con 0.02 / train/loss/dyn 3.13 / train/loss/image 5.38 / train/loss/inv 6.8e-3 / train/loss/policy -0.02 / train/loss/rep 3.13 / train/loss/repval 0.93 / train/loss/rew 0.51 / train/loss/value 0.91 / replay/replay_ratio 264 / fps/policy 5.73 / fps/train 1466.85

Writing metrics: /home/zhangpeiying01/lfy/btwm-7.7/runs/btwm_dmc_walker_walk_seed1_w002_b11_s1/scores.jsonl
Writing metrics: /home/zhangpeiying01/lfy/btwm-7.7/runs/btwm_dmc_walker_walk_seed1_w002_b11_s1/metrics.jsonl

--------------------[Agent Step 37_696]--------------------
Metrics filtered by: 'score|length|fps|ratio|train/loss/|train/acc/|train/inv/|train/rand/'
train/acc/inv 0.71 / train/inv/ce 0.83 / train/inv/confidence 0.51 / train/inv/confidence_gating 0 / train/inv/effective_rep_weight 0.02 / train/inv/head_objective 0.34 / train/inv/head_weight 0 / train/inv/objective 0.34 / train/inv/policy_weight_max 1 / train/inv/policy_weight_mean 1 / train/inv/policy_weight_min 1 / train/inv/policy_weight_std 0 / train/inv/valid_frac 1 / train/inv/weight 0.02 / train/loss/con 0.02 / train/loss/dyn 3.09 / train/loss/image 5.32 / train/loss/inv 6.9e-3 / train/loss/policy -0.02 / train/loss/rep 3.09 / train/loss/repval 0.96 / train/loss/rew 0.51 / train/loss/value 0.95 / replay/replay_ratio 264 / fps/policy 5.7 / fps/train 1459.91

Writing metrics: /home/zhangpeiying01/lfy/btwm-7.7/runs/btwm_dmc_walker_walk_seed1_w002_b11_s1/scores.jsonl
Writing metrics: /home/zhangpeiying01/lfy/btwm-7.7/runs/btwm_dmc_walker_walk_seed1_w002_b11_s1/metrics.jsonl

--------------------[Agent Step 38_400]--------------------
Metrics filtered by: 'score|length|fps|ratio|train/loss/|train/acc/|train/inv/|train/rand/'
train/acc/inv 0.71 / train/inv/ce 0.84 / train/inv/confidence 0.51 / train/inv/confidence_gating 0 / train/inv/effective_rep_weight 0.02 / train/inv/head_objective 0.35 / train/inv/head_weight 0 / train/inv/objective 0.35 / train/inv/policy_weight_max 1 / train/inv/policy_weight_mean 1 / train/inv/policy_weight_min 1 / train/inv/policy_weight_std 0 / train/inv/valid_frac 1 / train/inv/weight 0.02 / train/loss/con 0.02 / train/loss/dyn 3.05 / train/loss/image 5.22 / train/loss/inv 7e-3 / train/loss/policy -0.02 / train/loss/rep 3.05 / train/loss/repval 0.97 / train/loss/rew 0.51 / train/loss/value 0.96 / replay/replay_ratio 264 / fps/policy 5.75 / fps/train 1473.19

Writing metrics: /home/zhangpeiying01/lfy/btwm-7.7/runs/btwm_dmc_walker_walk_seed1_w002_b11_s1/metrics.jsonl
Writing metrics: /home/zhangpeiying01/lfy/btwm-7.7/runs/btwm_dmc_walker_walk_seed1_w002_b11_s1/scores.jsonl

--------------------[Agent Step 39_104]--------------------
Metrics filtered by: 'score|length|fps|ratio|train/loss/|train/acc/|train/inv/|train/rand/'
train/acc/inv 0.71 / train/inv/ce 0.85 / train/inv/confidence 0.5 / train/inv/confidence_gating 0 / train/inv/effective_rep_weight 0.02 / train/inv/head_objective 0.35 / train/inv/head_weight 0 / train/inv/objective 0.35 / train/inv/policy_weight_max 1 / train/inv/policy_weight_mean 1 / train/inv/policy_weight_min 1 / train/inv/policy_weight_std 0 / train/inv/valid_frac 1 / train/inv/weight 0.02 / train/loss/con 0.02 / train/loss/dyn 3.07 / train/loss/image 5.17 / train/loss/inv 7.1e-3 / train/loss/policy -0.02 / train/loss/rep 3.07 / train/loss/repval 1 / train/loss/rew 0.5 / train/loss/value 0.97 / replay/replay_ratio 264 / fps/policy 5.75 / fps/train 1472.65

Writing metrics: /home/zhangpeiying01/lfy/btwm-7.7/runs/btwm_dmc_walker_walk_seed1_w002_b11_s1/scores.jsonl
Writing metrics: /home/zhangpeiying01/lfy/btwm-7.7/runs/btwm_dmc_walker_walk_seed1_w002_b11_s1/metrics.jsonl

--------------------[Agent Step 39_792]--------------------
Metrics filtered by: 'score|length|fps|ratio|train/loss/|train/acc/|train/inv/|train/rand/'
train/acc/inv 0.71 / train/inv/ce 0.85 / train/inv/confidence 0.5 / train/inv/confidence_gating 0 / train/inv/effective_rep_weight 0.02 / train/inv/head_objective 0.35 / train/inv/head_weight 0 / train/inv/objective 0.35 / train/inv/policy_weight_max 1 / train/inv/policy_weight_mean 1 / train/inv/policy_weight_min 1 / train/inv/policy_weight_std 0 / train/inv/valid_frac 1 / train/inv/weight 0.02 / train/loss/con 0.02 / train/loss/dyn 3.02 / train/loss/image 5.05 / train/loss/inv 7.1e-3 / train/loss/policy -0.02 / train/loss/rep 3.02 / train/loss/repval 1.03 / train/loss/rew 0.5 / train/loss/value 1.02 / replay/replay_ratio 264 / fps/policy 5.72 / fps/train 1464.91

Writing metrics: /home/zhangpeiying01/lfy/btwm-7.7/runs/btwm_dmc_walker_walk_seed1_w002_b11_s1/metrics.jsonl
Writing metrics: /home/zhangpeiying01/lfy/btwm-7.7/runs/btwm_dmc_walker_walk_seed1_w002_b11_s1/scores.jsonl

--------------------[Agent Step 40_480]--------------------
Metrics filtered by: 'score|length|fps|ratio|train/loss/|train/acc/|train/inv/|train/rand/'
train/acc/inv 0.71 / train/inv/ce 0.84 / train/inv/confidence 0.51 / train/inv/confidence_gating 0 / train/inv/effective_rep_weight 0.02 / train/inv/head_objective 0.35 / train/inv/head_weight 0 / train/inv/objective 0.35 / train/inv/policy_weight_max 1 / train/inv/policy_weight_mean 1 / train/inv/policy_weight_min 1 / train/inv/policy_weight_std 0 / train/inv/valid_frac 1 / train/inv/weight 0.02 / train/loss/con 0.02 / train/loss/dyn 2.98 / train/loss/image 5.01 / train/loss/inv 7e-3 / train/loss/policy -0.02 / train/loss/rep 2.98 / train/loss/repval 1.06 / train/loss/rew 0.51 / train/loss/value 1.01 / replay/replay_ratio 264 / fps/policy 5.73 / fps/train 1466.39

Writing metrics: /home/zhangpeiying01/lfy/btwm-7.7/runs/btwm_dmc_walker_walk_seed1_w002_b11_s1/metrics.jsonl
Writing metrics: /home/zhangpeiying01/lfy/btwm-7.7/runs/btwm_dmc_walker_walk_seed1_w002_b11_s1/scores.jsonl

--------------------[Agent Step 41_184]--------------------
Metrics filtered by: 'score|length|fps|ratio|train/loss/|train/acc/|train/inv/|train/rand/'
train/acc/inv 0.7 / train/inv/ce 0.85 / train/inv/confidence 0.5 / train/inv/confidence_gating 0 / train/inv/effective_rep_weight 0.02 / train/inv/head_objective 0.35 / train/inv/head_weight 0 / train/inv/objective 0.35 / train/inv/policy_weight_max 1 / train/inv/policy_weight_mean 1 / train/inv/policy_weight_min 1 / train/inv/policy_weight_std 0 / train/inv/valid_frac 1 / train/inv/weight 0.02 / train/loss/con 0.02 / train/loss/dyn 2.98 / train/loss/image 4.92 / train/loss/inv 7.1e-3 / train/loss/policy -0.03 / train/loss/rep 2.98 / train/loss/repval 1.08 / train/loss/rew 0.51 / train/loss/value 1.01 / replay/replay_ratio 264 / fps/policy 5.74 / fps/train 1470.15

Writing metrics: /home/zhangpeiying01/lfy/btwm-7.7/runs/btwm_dmc_walker_walk_seed1_w002_b11_s1/metrics.jsonl
Writing metrics: /home/zhangpeiying01/lfy/btwm-7.7/runs/btwm_dmc_walker_walk_seed1_w002_b11_s1/scores.jsonl

--------------------[Agent Step 41_872]--------------------
Metrics filtered by: 'score|length|fps|ratio|train/loss/|train/acc/|train/inv/|train/rand/'
train/acc/inv 0.7 / train/inv/ce 0.85 / train/inv/confidence 0.5 / train/inv/confidence_gating 0 / train/inv/effective_rep_weight 0.02 / train/inv/head_objective 0.36 / train/inv/head_weight 0 / train/inv/objective 0.36 / train/inv/policy_weight_max 1 / train/inv/policy_weight_mean 1 / train/inv/policy_weight_min 1 / train/inv/policy_weight_std 0 / train/inv/valid_frac 1 / train/inv/weight 0.02 / train/loss/con 0.02 / train/loss/dyn 2.93 / train/loss/image 4.81 / train/loss/inv 7.1e-3 / train/loss/policy -0.02 / train/loss/rep 2.93 / train/loss/repval 1.08 / train/loss/rew 0.51 / train/loss/value 1.01 / replay/replay_ratio 264 / fps/policy 5.7 / fps/train 1458.44

Writing metrics: /home/zhangpeiying01/lfy/btwm-7.7/runs/btwm_dmc_walker_walk_seed1_w002_b11_s1/scores.jsonl
Writing metrics: /home/zhangpeiying01/lfy/btwm-7.7/runs/btwm_dmc_walker_walk_seed1_w002_b11_s1/metrics.jsonl

--------------------[Agent Step 42_576]--------------------
Metrics filtered by: 'score|length|fps|ratio|train/loss/|train/acc/|train/inv/|train/rand/'
train/acc/inv 0.71 / train/inv/ce 0.84 / train/inv/confidence 0.51 / train/inv/confidence_gating 0 / train/inv/effective_rep_weight 0.02 / train/inv/head_objective 0.35 / train/inv/head_weight 0 / train/inv/objective 0.35 / train/inv/policy_weight_max 1 / train/inv/policy_weight_mean 1 / train/inv/policy_weight_min 1 / train/inv/policy_weight_std 0 / train/inv/valid_frac 1 / train/inv/weight 0.02 / train/loss/con 0.02 / train/loss/dyn 2.89 / train/loss/image 4.78 / train/loss/inv 7e-3 / train/loss/policy -0.02 / train/loss/rep 2.89 / train/loss/repval 1.1 / train/loss/rew 0.51 / train/loss/value 1.04 / replay/replay_ratio 264 / fps/policy 5.75 / fps/train 1472.78

Writing metrics: /home/zhangpeiying01/lfy/btwm-7.7/runs/btwm_dmc_walker_walk_seed1_w002_b11_s1/metrics.jsonl
Writing metrics: /home/zhangpeiying01/lfy/btwm-7.7/runs/btwm_dmc_walker_walk_seed1_w002_b11_s1/scores.jsonl
Saving checkpoint: /home/zhangpeiying01/lfy/btwm-7.7/runs/btwm_dmc_walker_walk_seed1_w002_b11_s1/ckpt/20260715T224920F416038
Saved checkpoint.

--------------------[Agent Step 43_264]--------------------
Metrics filtered by: 'score|length|fps|ratio|train/loss/|train/acc/|train/inv/|train/rand/'
train/acc/inv 0.69 / train/inv/ce 0.87 / train/inv/confidence 0.49 / train/inv/confidence_gating 0 / train/inv/effective_rep_weight 0.02 / train/inv/head_objective 0.36 / train/inv/head_weight 0 / train/inv/objective 0.36 / train/inv/policy_weight_max 1 / train/inv/policy_weight_mean 1 / train/inv/policy_weight_min 1 / train/inv/policy_weight_std 0 / train/inv/valid_frac 1 / train/inv/weight 0.02 / train/loss/con 0.02 / train/loss/dyn 2.89 / train/loss/image 4.73 / train/loss/inv 7.3e-3 / train/loss/policy -0.02 / train/loss/rep 2.89 / train/loss/repval 1.12 / train/loss/rew 0.5 / train/loss/value 1.06 / replay/replay_ratio 264 / fps/policy 5.61 / fps/train 1436.52

Writing metrics: /home/zhangpeiying01/lfy/btwm-7.7/runs/btwm_dmc_walker_walk_seed1_w002_b11_s1/metrics.jsonl
Writing metrics: /home/zhangpeiying01/lfy/btwm-7.7/runs/btwm_dmc_walker_walk_seed1_w002_b11_s1/scores.jsonl

--------------------[Agent Step 43_952]--------------------
Metrics filtered by: 'score|length|fps|ratio|train/loss/|train/acc/|train/inv/|train/rand/'
train/acc/inv 0.69 / train/inv/ce 0.88 / train/inv/confidence 0.49 / train/inv/confidence_gating 0 / train/inv/effective_rep_weight 0.02 / train/inv/head_objective 0.37 / train/inv/head_weight 0 / train/inv/objective 0.37 / train/inv/policy_weight_max 1 / train/inv/policy_weight_mean 1 / train/inv/policy_weight_min 1 / train/inv/policy_weight_std 0 / train/inv/valid_frac 1 / train/inv/weight 0.02 / train/loss/con 0.02 / train/loss/dyn 2.89 / train/loss/image 4.65 / train/loss/inv 7.3e-3 / train/loss/policy -0.02 / train/loss/rep 2.89 / train/loss/repval 1.14 / train/loss/rew 0.51 / train/loss/value 1.08 / replay/replay_ratio 264 / fps/policy 5.7 / fps/train 1458.51

Writing metrics: /home/zhangpeiying01/lfy/btwm-7.7/runs/btwm_dmc_walker_walk_seed1_w002_b11_s1/metrics.jsonl
Writing metrics: /home/zhangpeiying01/lfy/btwm-7.7/runs/btwm_dmc_walker_walk_seed1_w002_b11_s1/scores.jsonl

--------------------[Agent Step 44_640]--------------------
Metrics filtered by: 'score|length|fps|ratio|train/loss/|train/acc/|train/inv/|train/rand/'
train/acc/inv 0.69 / train/inv/ce 0.88 / train/inv/confidence 0.49 / train/inv/confidence_gating 0 / train/inv/effective_rep_weight 0.02 / train/inv/head_objective 0.37 / train/inv/head_weight 0 / train/inv/objective 0.37 / train/inv/policy_weight_max 1 / train/inv/policy_weight_mean 1 / train/inv/policy_weight_min 1 / train/inv/policy_weight_std 0 / train/inv/valid_frac 1 / train/inv/weight 0.02 / train/loss/con 0.02 / train/loss/dyn 2.86 / train/loss/image 4.64 / train/loss/inv 7.4e-3 / train/loss/policy -0.02 / train/loss/rep 2.86 / train/loss/repval 1.13 / train/loss/rew 0.51 / train/loss/value 1.1 / replay/replay_ratio 264 / fps/policy 5.73 / fps/train 1466.76

Writing metrics: /home/zhangpeiying01/lfy/btwm-7.7/runs/btwm_dmc_walker_walk_seed1_w002_b11_s1/metrics.jsonl
Writing metrics: /home/zhangpeiying01/lfy/btwm-7.7/runs/btwm_dmc_walker_walk_seed1_w002_b11_s1/scores.jsonl

--------------------[Agent Step 45_344]--------------------
Metrics filtered by: 'score|length|fps|ratio|train/loss/|train/acc/|train/inv/|train/rand/'
train/acc/inv 0.7 / train/inv/ce 0.87 / train/inv/confidence 0.49 / train/inv/confidence_gating 0 / train/inv/effective_rep_weight 0.02 / train/inv/head_objective 0.36 / train/inv/head_weight 0 / train/inv/objective 0.36 / train/inv/policy_weight_max 1 / train/inv/policy_weight_mean 1 / train/inv/policy_weight_min 1 / train/inv/policy_weight_std 0 / train/inv/valid_frac 1 / train/inv/weight 0.02 / train/loss/con 0.02 / train/loss/dyn 2.84 / train/loss/image 4.54 / train/loss/inv 7.3e-3 / train/loss/policy -0.03 / train/loss/rep 2.84 / train/loss/repval 1.11 / train/loss/rew 0.51 / train/loss/value 1.13 / replay/replay_ratio 264 / fps/policy 5.73 / fps/train 1468

Writing metrics: /home/zhangpeiying01/lfy/btwm-7.7/runs/btwm_dmc_walker_walk_seed1_w002_b11_s1/metrics.jsonl
Writing metrics: /home/zhangpeiying01/lfy/btwm-7.7/runs/btwm_dmc_walker_walk_seed1_w002_b11_s1/scores.jsonl

--------------------[Agent Step 46_032]--------------------
Metrics filtered by: 'score|length|fps|ratio|train/loss/|train/acc/|train/inv/|train/rand/'
train/acc/inv 0.69 / train/inv/ce 0.88 / train/inv/confidence 0.49 / train/inv/confidence_gating 0 / train/inv/effective_rep_weight 0.02 / train/inv/head_objective 0.37 / train/inv/head_weight 0 / train/inv/objective 0.37 / train/inv/policy_weight_max 1 / train/inv/policy_weight_mean 1 / train/inv/policy_weight_min 1 / train/inv/policy_weight_std 0 / train/inv/valid_frac 1 / train/inv/weight 0.02 / train/loss/con 0.02 / train/loss/dyn 2.85 / train/loss/image 4.53 / train/loss/inv 7.4e-3 / train/loss/policy -0.03 / train/loss/rep 2.85 / train/loss/repval 1.12 / train/loss/rew 0.51 / train/loss/value 1.15 / replay/replay_ratio 264 / fps/policy 5.7 / fps/train 1458.13

Writing metrics: /home/zhangpeiying01/lfy/btwm-7.7/runs/btwm_dmc_walker_walk_seed1_w002_b11_s1/metrics.jsonl
Writing metrics: /home/zhangpeiying01/lfy/btwm-7.7/runs/btwm_dmc_walker_walk_seed1_w002_b11_s1/scores.jsonl

--------------------[Agent Step 46_720]--------------------
Metrics filtered by: 'score|length|fps|ratio|train/loss/|train/acc/|train/inv/|train/rand/'
train/acc/inv 0.69 / train/inv/ce 0.87 / train/inv/confidence 0.49 / train/inv/confidence_gating 0 / train/inv/effective_rep_weight 0.02 / train/inv/head_objective 0.36 / train/inv/head_weight 0 / train/inv/objective 0.36 / train/inv/policy_weight_max 1 / train/inv/policy_weight_mean 1 / train/inv/policy_weight_min 1 / train/inv/policy_weight_std 0 / train/inv/valid_frac 1 / train/inv/weight 0.02 / train/loss/con 0.02 / train/loss/dyn 2.82 / train/loss/image 4.51 / train/loss/inv 7.3e-3 / train/loss/policy -0.02 / train/loss/rep 2.82 / train/loss/repval 1.12 / train/loss/rew 0.51 / train/loss/value 1.17 / replay/replay_ratio 264 / fps/policy 5.7 / fps/train 1459.81

Writing metrics: /home/zhangpeiying01/lfy/btwm-7.7/runs/btwm_dmc_walker_walk_seed1_w002_b11_s1/scores.jsonl
Writing metrics: /home/zhangpeiying01/lfy/btwm-7.7/runs/btwm_dmc_walker_walk_seed1_w002_b11_s1/metrics.jsonl

--------------------[Agent Step 47_408]--------------------
Metrics filtered by: 'score|length|fps|ratio|train/loss/|train/acc/|train/inv/|train/rand/'
train/acc/inv 0.68 / train/inv/ce 0.9 / train/inv/confidence 0.48 / train/inv/confidence_gating 0 / train/inv/effective_rep_weight 0.02 / train/inv/head_objective 0.38 / train/inv/head_weight 0 / train/inv/objective 0.38 / train/inv/policy_weight_max 1 / train/inv/policy_weight_mean 1 / train/inv/policy_weight_min 1 / train/inv/policy_weight_std 0 / train/inv/valid_frac 1 / train/inv/weight 0.02 / train/loss/con 0.02 / train/loss/dyn 2.81 / train/loss/image 4.39 / train/loss/inv 7.5e-3 / train/loss/policy -0.02 / train/loss/rep 2.81 / train/loss/repval 1.14 / train/loss/rew 0.51 / train/loss/value 1.2 / replay/replay_ratio 264 / fps/policy 5.7 / fps/train 1460

Writing metrics: /home/zhangpeiying01/lfy/btwm-7.7/runs/btwm_dmc_walker_walk_seed1_w002_b11_s1/metrics.jsonl
Writing metrics: /home/zhangpeiying01/lfy/btwm-7.7/runs/btwm_dmc_walker_walk_seed1_w002_b11_s1/scores.jsonl

--------------------[Agent Step 48_096]--------------------
Metrics filtered by: 'score|length|fps|ratio|train/loss/|train/acc/|train/inv/|train/rand/'
episode/score 564.12 / episode/length 1001 / train/acc/inv 0.69 / train/inv/ce 0.89 / train/inv/confidence 0.48 / train/inv/confidence_gating 0 / train/inv/effective_rep_weight 0.02 / train/inv/head_objective 0.37 / train/inv/head_weight 0 / train/inv/objective 0.37 / train/inv/policy_weight_max 1 / train/inv/policy_weight_mean 1 / train/inv/policy_weight_min 1 / train/inv/policy_weight_std 0 / train/inv/valid_frac 1 / train/inv/weight 0.02 / train/loss/con 0.02 / train/loss/dyn 2.85 / train/loss/image 4.49 / train/loss/inv 7.5e-3 / train/loss/policy -0.02 / train/loss/rep 2.85 / train/loss/repval 1.14 / train/loss/rew 0.51 / train/loss/value 1.19 / replay/replay_ratio 264 / fps/policy 5.69 / fps/train 1456.63

Writing metrics: /home/zhangpeiying01/lfy/btwm-7.7/runs/btwm_dmc_walker_walk_seed1_w002_b11_s1/scores.jsonl
Writing metrics: /home/zhangpeiying01/lfy/btwm-7.7/runs/btwm_dmc_walker_walk_seed1_w002_b11_s1/metrics.jsonl

--------------------[Agent Step 48_784]--------------------
Metrics filtered by: 'score|length|fps|ratio|train/loss/|train/acc/|train/inv/|train/rand/'
train/acc/inv 0.68 / train/inv/ce 0.92 / train/inv/confidence 0.48 / train/inv/confidence_gating 0 / train/inv/effective_rep_weight 0.02 / train/inv/head_objective 0.38 / train/inv/head_weight 0 / train/inv/objective 0.38 / train/inv/policy_weight_max 1 / train/inv/policy_weight_mean 1 / train/inv/policy_weight_min 1 / train/inv/policy_weight_std 0 / train/inv/valid_frac 1 / train/inv/weight 0.02 / train/loss/con 0.02 / train/loss/dyn 2.98 / train/loss/image 4.82 / train/loss/inv 7.7e-3 / train/loss/policy -0.02 / train/loss/rep 2.98 / train/loss/repval 1.12 / train/loss/rew 0.5 / train/loss/value 1.2 / replay/replay_ratio 264 / fps/policy 5.68 / fps/train 1454.13

Writing metrics: /home/zhangpeiying01/lfy/btwm-7.7/runs/btwm_dmc_walker_walk_seed1_w002_b11_s1/metrics.jsonl
Writing metrics: /home/zhangpeiying01/lfy/btwm-7.7/runs/btwm_dmc_walker_walk_seed1_w002_b11_s1/scores.jsonl

--------------------[Agent Step 49_472]--------------------
Metrics filtered by: 'score|length|fps|ratio|train/loss/|train/acc/|train/inv/|train/rand/'
train/acc/inv 0.67 / train/inv/ce 0.94 / train/inv/confidence 0.47 / train/inv/confidence_gating 0 / train/inv/effective_rep_weight 0.02 / train/inv/head_objective 0.39 / train/inv/head_weight 0 / train/inv/objective 0.39 / train/inv/policy_weight_max 1 / train/inv/policy_weight_mean 1 / train/inv/policy_weight_min 1 / train/inv/policy_weight_std 0 / train/inv/valid_frac 1 / train/inv/weight 0.02 / train/loss/con 0.02 / train/loss/dyn 2.91 / train/loss/image 4.82 / train/loss/inv 7.9e-3 / train/loss/policy -0.02 / train/loss/rep 2.91 / train/loss/repval 1.1 / train/loss/rew 0.51 / train/loss/value 1.22 / replay/replay_ratio 264 / fps/policy 5.7 / fps/train 1458.29

Writing metrics: /home/zhangpeiying01/lfy/btwm-7.7/runs/btwm_dmc_walker_walk_seed1_w002_b11_s1/metrics.jsonl
Writing metrics: /home/zhangpeiying01/lfy/btwm-7.7/runs/btwm_dmc_walker_walk_seed1_w002_b11_s1/scores.jsonl

--------------------[Agent Step 50_160]--------------------
Metrics filtered by: 'score|length|fps|ratio|train/loss/|train/acc/|train/inv/|train/rand/'
train/acc/inv 0.67 / train/inv/ce 0.94 / train/inv/confidence 0.47 / train/inv/confidence_gating 0 / train/inv/effective_rep_weight 0.02 / train/inv/head_objective 0.39 / train/inv/head_weight 0 / train/inv/objective 0.39 / train/inv/policy_weight_max 1 / train/inv/policy_weight_mean 1 / train/inv/policy_weight_min 1 / train/inv/policy_weight_std 0 / train/inv/valid_frac 1 / train/inv/weight 0.02 / train/loss/con 0.02 / train/loss/dyn 2.82 / train/loss/image 4.74 / train/loss/inv 7.8e-3 / train/loss/policy -0.03 / train/loss/rep 2.82 / train/loss/repval 1.11 / train/loss/rew 0.5 / train/loss/value 1.22 / replay/replay_ratio 264 / fps/policy 5.68 / fps/train 1454.4

Writing metrics: /home/zhangpeiying01/lfy/btwm-7.7/runs/btwm_dmc_walker_walk_seed1_w002_b11_s1/metrics.jsonl
Writing metrics: /home/zhangpeiying01/lfy/btwm-7.7/runs/btwm_dmc_walker_walk_seed1_w002_b11_s1/scores.jsonl

--------------------[Agent Step 50_848]--------------------
Metrics filtered by: 'score|length|fps|ratio|train/loss/|train/acc/|train/inv/|train/rand/'
train/acc/inv 0.67 / train/inv/ce 0.94 / train/inv/confidence 0.47 / train/inv/confidence_gating 0 / train/inv/effective_rep_weight 0.02 / train/inv/head_objective 0.39 / train/inv/head_weight 0 / train/inv/objective 0.39 / train/inv/policy_weight_max 1 / train/inv/policy_weight_mean 1 / train/inv/policy_weight_min 1 / train/inv/policy_weight_std 0 / train/inv/valid_frac 1 / train/inv/weight 0.02 / train/loss/con 0.02 / train/loss/dyn 2.82 / train/loss/image 4.64 / train/loss/inv 7.8e-3 / train/loss/policy -0.03 / train/loss/rep 2.82 / train/loss/repval 1.11 / train/loss/rew 0.51 / train/loss/value 1.24 / replay/replay_ratio 264 / fps/policy 5.68 / fps/train 1454.29

Writing metrics: /home/zhangpeiying01/lfy/btwm-7.7/runs/btwm_dmc_walker_walk_seed1_w002_b11_s1/scores.jsonl
Writing metrics: /home/zhangpeiying01/lfy/btwm-7.7/runs/btwm_dmc_walker_walk_seed1_w002_b11_s1/metrics.jsonl

--------------------[Agent Step 51_536]--------------------
Metrics filtered by: 'score|length|fps|ratio|train/loss/|train/acc/|train/inv/|train/rand/'
train/acc/inv 0.67 / train/inv/ce 0.94 / train/inv/confidence 0.47 / train/inv/confidence_gating 0 / train/inv/effective_rep_weight 0.02 / train/inv/head_objective 0.39 / train/inv/head_weight 0 / train/inv/objective 0.39 / train/inv/policy_weight_max 1 / train/inv/policy_weight_mean 1 / train/inv/policy_weight_min 1 / train/inv/policy_weight_std 0 / train/inv/valid_frac 1 / train/inv/weight 0.02 / train/loss/con 0.02 / train/loss/dyn 2.74 / train/loss/image 4.48 / train/loss/inv 7.8e-3 / train/loss/policy -0.03 / train/loss/rep 2.74 / train/loss/repval 1.14 / train/loss/rew 0.5 / train/loss/value 1.24 / replay/replay_ratio 264 / fps/policy 5.7 / fps/train 1460.02

Writing metrics: /home/zhangpeiying01/lfy/btwm-7.7/runs/btwm_dmc_walker_walk_seed1_w002_b11_s1/metrics.jsonl
Writing metrics: /home/zhangpeiying01/lfy/btwm-7.7/runs/btwm_dmc_walker_walk_seed1_w002_b11_s1/scores.jsonl

--------------------[Agent Step 52_224]--------------------
Metrics filtered by: 'score|length|fps|ratio|train/loss/|train/acc/|train/inv/|train/rand/'
train/acc/inv 0.67 / train/inv/ce 0.94 / train/inv/confidence 0.46 / train/inv/confidence_gating 0 / train/inv/effective_rep_weight 0.02 / train/inv/head_objective 0.39 / train/inv/head_weight 0 / train/inv/objective 0.39 / train/inv/policy_weight_max 1 / train/inv/policy_weight_mean 1 / train/inv/policy_weight_min 1 / train/inv/policy_weight_std 0 / train/inv/valid_frac 1 / train/inv/weight 0.02 / train/loss/con 0.02 / train/loss/dyn 2.75 / train/loss/image 4.4 / train/loss/inv 7.9e-3 / train/loss/policy -0.03 / train/loss/rep 2.75 / train/loss/repval 1.15 / train/loss/rew 0.5 / train/loss/value 1.24 / replay/replay_ratio 264 / fps/policy 5.68 / fps/train 1453.2

Writing metrics: /home/zhangpeiying01/lfy/btwm-7.7/runs/btwm_dmc_walker_walk_seed1_w002_b11_s1/metrics.jsonl
Writing metrics: /home/zhangpeiying01/lfy/btwm-7.7/runs/btwm_dmc_walker_walk_seed1_w002_b11_s1/scores.jsonl

--------------------[Agent Step 52_912]--------------------
Metrics filtered by: 'score|length|fps|ratio|train/loss/|train/acc/|train/inv/|train/rand/'
train/acc/inv 0.67 / train/inv/ce 0.94 / train/inv/confidence 0.47 / train/inv/confidence_gating 0 / train/inv/effective_rep_weight 0.02 / train/inv/head_objective 0.39 / train/inv/head_weight 0 / train/inv/objective 0.39 / train/inv/policy_weight_max 1 / train/inv/policy_weight_mean 1 / train/inv/policy_weight_min 1 / train/inv/policy_weight_std 0 / train/inv/valid_frac 1 / train/inv/weight 0.02 / train/loss/con 0.02 / train/loss/dyn 2.79 / train/loss/image 4.4 / train/loss/inv 7.8e-3 / train/loss/policy -0.03 / train/loss/rep 2.79 / train/loss/repval 1.15 / train/loss/rew 0.5 / train/loss/value 1.24 / replay/replay_ratio 264 / fps/policy 5.68 / fps/train 1453.91

Writing metrics: /home/zhangpeiying01/lfy/btwm-7.7/runs/btwm_dmc_walker_walk_seed1_w002_b11_s1/scores.jsonl
Writing metrics: /home/zhangpeiying01/lfy/btwm-7.7/runs/btwm_dmc_walker_walk_seed1_w002_b11_s1/metrics.jsonl

--------------------[Agent Step 53_600]--------------------
Metrics filtered by: 'score|length|fps|ratio|train/loss/|train/acc/|train/inv/|train/rand/'
train/acc/inv 0.67 / train/inv/ce 0.93 / train/inv/confidence 0.47 / train/inv/confidence_gating 0 / train/inv/effective_rep_weight 0.02 / train/inv/head_objective 0.39 / train/inv/head_weight 0 / train/inv/objective 0.39 / train/inv/policy_weight_max 1 / train/inv/policy_weight_mean 1 / train/inv/policy_weight_min 1 / train/inv/policy_weight_std 0 / train/inv/valid_frac 1 / train/inv/weight 0.02 / train/loss/con 0.02 / train/loss/dyn 2.71 / train/loss/image 4.28 / train/loss/inv 7.7e-3 / train/loss/policy -0.03 / train/loss/rep 2.71 / train/loss/repval 1.15 / train/loss/rew 0.5 / train/loss/value 1.23 / replay/replay_ratio 264 / fps/policy 5.7 / fps/train 1459.35

Writing metrics: /home/zhangpeiying01/lfy/btwm-7.7/runs/btwm_dmc_walker_walk_seed1_w002_b11_s1/metrics.jsonl
Writing metrics: /home/zhangpeiying01/lfy/btwm-7.7/runs/btwm_dmc_walker_walk_seed1_w002_b11_s1/scores.jsonl

--------------------[Agent Step 54_288]--------------------
Metrics filtered by: 'score|length|fps|ratio|train/loss/|train/acc/|train/inv/|train/rand/'
train/acc/inv 0.67 / train/inv/ce 0.94 / train/inv/confidence 0.47 / train/inv/confidence_gating 0 / train/inv/effective_rep_weight 0.02 / train/inv/head_objective 0.39 / train/inv/head_weight 0 / train/inv/objective 0.39 / train/inv/policy_weight_max 1 / train/inv/policy_weight_mean 1 / train/inv/policy_weight_min 1 / train/inv/policy_weight_std 0 / train/inv/valid_frac 1 / train/inv/weight 0.02 / train/loss/con 0.02 / train/loss/dyn 2.75 / train/loss/image 4.32 / train/loss/inv 7.8e-3 / train/loss/policy -0.02 / train/loss/rep 2.75 / train/loss/repval 1.16 / train/loss/rew 0.5 / train/loss/value 1.23 / replay/replay_ratio 264 / fps/policy 5.7 / fps/train 1459.33

Writing metrics: /home/zhangpeiying01/lfy/btwm-7.7/runs/btwm_dmc_walker_walk_seed1_w002_b11_s1/scores.jsonl
Writing metrics: /home/zhangpeiying01/lfy/btwm-7.7/runs/btwm_dmc_walker_walk_seed1_w002_b11_s1/metrics.jsonl

--------------------[Agent Step 54_976]--------------------
Metrics filtered by: 'score|length|fps|ratio|train/loss/|train/acc/|train/inv/|train/rand/'
train/acc/inv 0.67 / train/inv/ce 0.94 / train/inv/confidence 0.47 / train/inv/confidence_gating 0 / train/inv/effective_rep_weight 0.02 / train/inv/head_objective 0.39 / train/inv/head_weight 0 / train/inv/objective 0.39 / train/inv/policy_weight_max 1 / train/inv/policy_weight_mean 1 / train/inv/policy_weight_min 1 / train/inv/policy_weight_std 0 / train/inv/valid_frac 1 / train/inv/weight 0.02 / train/loss/con 0.02 / train/loss/dyn 2.74 / train/loss/image 4.26 / train/loss/inv 7.8e-3 / train/loss/policy -0.02 / train/loss/rep 2.74 / train/loss/repval 1.16 / train/loss/rew 0.51 / train/loss/value 1.21 / replay/replay_ratio 264 / fps/policy 5.69 / fps/train 1455.59

Writing metrics: /home/zhangpeiying01/lfy/btwm-7.7/runs/btwm_dmc_walker_walk_seed1_w002_b11_s1/metrics.jsonl
Writing metrics: /home/zhangpeiying01/lfy/btwm-7.7/runs/btwm_dmc_walker_walk_seed1_w002_b11_s1/scores.jsonl

--------------------[Agent Step 55_664]--------------------
Metrics filtered by: 'score|length|fps|ratio|train/loss/|train/acc/|train/inv/|train/rand/'
train/acc/inv 0.67 / train/inv/ce 0.95 / train/inv/confidence 0.46 / train/inv/confidence_gating 0 / train/inv/effective_rep_weight 0.02 / train/inv/head_objective 0.4 / train/inv/head_weight 0 / train/inv/objective 0.4 / train/inv/policy_weight_max 1 / train/inv/policy_weight_mean 1 / train/inv/policy_weight_min 1 / train/inv/policy_weight_std 0 / train/inv/valid_frac 1 / train/inv/weight 0.02 / train/loss/con 0.02 / train/loss/dyn 2.73 / train/loss/image 4.28 / train/loss/inv 8e-3 / train/loss/policy -0.03 / train/loss/rep 2.73 / train/loss/repval 1.16 / train/loss/rew 0.5 / train/loss/value 1.21 / replay/replay_ratio 264 / fps/policy 5.69 / fps/train 1457.27

Writing metrics: /home/zhangpeiying01/lfy/btwm-7.7/runs/btwm_dmc_walker_walk_seed1_w002_b11_s1/scores.jsonl
Writing metrics: /home/zhangpeiying01/lfy/btwm-7.7/runs/btwm_dmc_walker_walk_seed1_w002_b11_s1/metrics.jsonl

--------------------[Agent Step 56_352]--------------------
Metrics filtered by: 'score|length|fps|ratio|train/loss/|train/acc/|train/inv/|train/rand/'
train/acc/inv 0.66 / train/inv/ce 0.96 / train/inv/confidence 0.46 / train/inv/confidence_gating 0 / train/inv/effective_rep_weight 0.02 / train/inv/head_objective 0.4 / train/inv/head_weight 0 / train/inv/objective 0.4 / train/inv/policy_weight_max 1 / train/inv/policy_weight_mean 1 / train/inv/policy_weight_min 1 / train/inv/policy_weight_std 0 / train/inv/valid_frac 1 / train/inv/weight 0.02 / train/loss/con 0.02 / train/loss/dyn 2.69 / train/loss/image 4.22 / train/loss/inv 8e-3 / train/loss/policy -0.02 / train/loss/rep 2.69 / train/loss/repval 1.18 / train/loss/rew 0.5 / train/loss/value 1.2 / replay/replay_ratio 264 / fps/policy 5.69 / fps/train 1456.03

Writing metrics: /home/zhangpeiying01/lfy/btwm-7.7/runs/btwm_dmc_walker_walk_seed1_w002_b11_s1/scores.jsonl
Writing metrics: /home/zhangpeiying01/lfy/btwm-7.7/runs/btwm_dmc_walker_walk_seed1_w002_b11_s1/metrics.jsonl

--------------------[Agent Step 57_040]--------------------
Metrics filtered by: 'score|length|fps|ratio|train/loss/|train/acc/|train/inv/|train/rand/'
train/acc/inv 0.67 / train/inv/ce 0.95 / train/inv/confidence 0.46 / train/inv/confidence_gating 0 / train/inv/effective_rep_weight 0.02 / train/inv/head_objective 0.4 / train/inv/head_weight 0 / train/inv/objective 0.4 / train/inv/policy_weight_max 1 / train/inv/policy_weight_mean 1 / train/inv/policy_weight_min 1 / train/inv/policy_weight_std 0 / train/inv/valid_frac 1 / train/inv/weight 0.02 / train/loss/con 0.02 / train/loss/dyn 2.64 / train/loss/image 4.14 / train/loss/inv 7.9e-3 / train/loss/policy -0.03 / train/loss/rep 2.64 / train/loss/repval 1.18 / train/loss/rew 0.5 / train/loss/value 1.18 / replay/replay_ratio 264 / fps/policy 5.71 / fps/train 1461.96

Writing metrics: /home/zhangpeiying01/lfy/btwm-7.7/runs/btwm_dmc_walker_walk_seed1_w002_b11_s1/scores.jsonl
Writing metrics: /home/zhangpeiying01/lfy/btwm-7.7/runs/btwm_dmc_walker_walk_seed1_w002_b11_s1/metrics.jsonl

--------------------[Agent Step 57_728]--------------------
Metrics filtered by: 'score|length|fps|ratio|train/loss/|train/acc/|train/inv/|train/rand/'
train/acc/inv 0.67 / train/inv/ce 0.94 / train/inv/confidence 0.47 / train/inv/confidence_gating 0 / train/inv/effective_rep_weight 0.02 / train/inv/head_objective 0.39 / train/inv/head_weight 0 / train/inv/objective 0.39 / train/inv/policy_weight_max 1 / train/inv/policy_weight_mean 1 / train/inv/policy_weight_min 1 / train/inv/policy_weight_std 0 / train/inv/valid_frac 1 / train/inv/weight 0.02 / train/loss/con 0.02 / train/loss/dyn 2.64 / train/loss/image 4.09 / train/loss/inv 7.8e-3 / train/loss/policy -0.03 / train/loss/rep 2.64 / train/loss/repval 1.18 / train/loss/rew 0.5 / train/loss/value 1.17 / replay/replay_ratio 264 / fps/policy 5.71 / fps/train 1461.65

Writing metrics: /home/zhangpeiying01/lfy/btwm-7.7/runs/btwm_dmc_walker_walk_seed1_w002_b11_s1/metrics.jsonl
Writing metrics: /home/zhangpeiying01/lfy/btwm-7.7/runs/btwm_dmc_walker_walk_seed1_w002_b11_s1/scores.jsonl

--------------------[Agent Step 58_416]--------------------
Metrics filtered by: 'score|length|fps|ratio|train/loss/|train/acc/|train/inv/|train/rand/'
train/acc/inv 0.66 / train/inv/ce 0.96 / train/inv/confidence 0.46 / train/inv/confidence_gating 0 / train/inv/effective_rep_weight 0.02 / train/inv/head_objective 0.4 / train/inv/head_weight 0 / train/inv/objective 0.4 / train/inv/policy_weight_max 1 / train/inv/policy_weight_mean 1 / train/inv/policy_weight_min 1 / train/inv/policy_weight_std 0 / train/inv/valid_frac 1 / train/inv/weight 0.02 / train/loss/con 0.02 / train/loss/dyn 2.65 / train/loss/image 4.05 / train/loss/inv 8e-3 / train/loss/policy -0.03 / train/loss/rep 2.65 / train/loss/repval 1.17 / train/loss/rew 0.51 / train/loss/value 1.14 / replay/replay_ratio 264 / fps/policy 5.68 / fps/train 1453.65

Writing metrics: /home/zhangpeiying01/lfy/btwm-7.7/runs/btwm_dmc_walker_walk_seed1_w002_b11_s1/scores.jsonl
Writing metrics: /home/zhangpeiying01/lfy/btwm-7.7/runs/btwm_dmc_walker_walk_seed1_w002_b11_s1/metrics.jsonl

--------------------[Agent Step 59_104]--------------------
Metrics filtered by: 'score|length|fps|ratio|train/loss/|train/acc/|train/inv/|train/rand/'
train/acc/inv 0.66 / train/inv/ce 0.96 / train/inv/confidence 0.46 / train/inv/confidence_gating 0 / train/inv/effective_rep_weight 0.02 / train/inv/head_objective 0.4 / train/inv/head_weight 0 / train/inv/objective 0.4 / train/inv/policy_weight_max 1 / train/inv/policy_weight_mean 1 / train/inv/policy_weight_min 1 / train/inv/policy_weight_std 0 / train/inv/valid_frac 1 / train/inv/weight 0.02 / train/loss/con 0.02 / train/loss/dyn 2.6 / train/loss/image 3.98 / train/loss/inv 8e-3 / train/loss/policy -0.03 / train/loss/rep 2.6 / train/loss/repval 1.14 / train/loss/rew 0.51 / train/loss/value 1.09 / replay/replay_ratio 264 / fps/policy 5.7 / fps/train 1458.91

Writing metrics: /home/zhangpeiying01/lfy/btwm-7.7/runs/btwm_dmc_walker_walk_seed1_w002_b11_s1/metrics.jsonl
Writing metrics: /home/zhangpeiying01/lfy/btwm-7.7/runs/btwm_dmc_walker_walk_seed1_w002_b11_s1/scores.jsonl

--------------------[Agent Step 59_792]--------------------
Metrics filtered by: 'score|length|fps|ratio|train/loss/|train/acc/|train/inv/|train/rand/'
train/acc/inv 0.66 / train/inv/ce 0.96 / train/inv/confidence 0.46 / train/inv/confidence_gating 0 / train/inv/effective_rep_weight 0.02 / train/inv/head_objective 0.4 / train/inv/head_weight 0 / train/inv/objective 0.4 / train/inv/policy_weight_max 1 / train/inv/policy_weight_mean 1 / train/inv/policy_weight_min 1 / train/inv/policy_weight_std 0 / train/inv/valid_frac 1 / train/inv/weight 0.02 / train/loss/con 0.02 / train/loss/dyn 2.63 / train/loss/image 4 / train/loss/inv 8e-3 / train/loss/policy -0.03 / train/loss/rep 2.63 / train/loss/repval 1.12 / train/loss/rew 0.5 / train/loss/value 1.05 / replay/replay_ratio 264 / fps/policy 5.69 / fps/train 1456.31

Writing metrics: /home/zhangpeiying01/lfy/btwm-7.7/runs/btwm_dmc_walker_walk_seed1_w002_b11_s1/metrics.jsonl
Writing metrics: /home/zhangpeiying01/lfy/btwm-7.7/runs/btwm_dmc_walker_walk_seed1_w002_b11_s1/scores.jsonl

--------------------[Agent Step 60_480]--------------------
Metrics filtered by: 'score|length|fps|ratio|train/loss/|train/acc/|train/inv/|train/rand/'
train/acc/inv 0.66 / train/inv/ce 0.96 / train/inv/confidence 0.46 / train/inv/confidence_gating 0 / train/inv/effective_rep_weight 0.02 / train/inv/head_objective 0.4 / train/inv/head_weight 0 / train/inv/objective 0.4 / train/inv/policy_weight_max 1 / train/inv/policy_weight_mean 1 / train/inv/policy_weight_min 1 / train/inv/policy_weight_std 0 / train/inv/valid_frac 1 / train/inv/weight 0.02 / train/loss/con 0.02 / train/loss/dyn 2.58 / train/loss/image 3.94 / train/loss/inv 8e-3 / train/loss/policy -0.03 / train/loss/rep 2.58 / train/loss/repval 1.09 / train/loss/rew 0.51 / train/loss/value 1 / replay/replay_ratio 264 / fps/policy 5.67 / fps/train 1452

Writing metrics: /home/zhangpeiying01/lfy/btwm-7.7/runs/btwm_dmc_walker_walk_seed1_w002_b11_s1/scores.jsonl
Writing metrics: /home/zhangpeiying01/lfy/btwm-7.7/runs/btwm_dmc_walker_walk_seed1_w002_b11_s1/metrics.jsonl

--------------------[Agent Step 61_168]--------------------
Metrics filtered by: 'score|length|fps|ratio|train/loss/|train/acc/|train/inv/|train/rand/'
train/acc/inv 0.67 / train/inv/ce 0.95 / train/inv/confidence 0.46 / train/inv/confidence_gating 0 / train/inv/effective_rep_weight 0.02 / train/inv/head_objective 0.4 / train/inv/head_weight 0 / train/inv/objective 0.4 / train/inv/policy_weight_max 1 / train/inv/policy_weight_mean 1 / train/inv/policy_weight_min 1 / train/inv/policy_weight_std 0 / train/inv/valid_frac 1 / train/inv/weight 0.02 / train/loss/con 0.02 / train/loss/dyn 2.6 / train/loss/image 3.92 / train/loss/inv 8e-3 / train/loss/policy -0.03 / train/loss/rep 2.6 / train/loss/repval 1.09 / train/loss/rew 0.51 / train/loss/value 0.99 / replay/replay_ratio 264 / fps/policy 5.69 / fps/train 1456.67

Writing metrics: /home/zhangpeiying01/lfy/btwm-7.7/runs/btwm_dmc_walker_walk_seed1_w002_b11_s1/metrics.jsonl
Writing metrics: /home/zhangpeiying01/lfy/btwm-7.7/runs/btwm_dmc_walker_walk_seed1_w002_b11_s1/scores.jsonl

--------------------[Agent Step 61_856]--------------------
Metrics filtered by: 'score|length|fps|ratio|train/loss/|train/acc/|train/inv/|train/rand/'
train/acc/inv 0.66 / train/inv/ce 0.97 / train/inv/confidence 0.45 / train/inv/confidence_gating 0 / train/inv/effective_rep_weight 0.02 / train/inv/head_objective 0.4 / train/inv/head_weight 0 / train/inv/objective 0.4 / train/inv/policy_weight_max 1 / train/inv/policy_weight_mean 1 / train/inv/policy_weight_min 1 / train/inv/policy_weight_std 0 / train/inv/valid_frac 1 / train/inv/weight 0.02 / train/loss/con 0.02 / train/loss/dyn 2.64 / train/loss/image 3.94 / train/loss/inv 8.1e-3 / train/loss/policy -0.03 / train/loss/rep 2.64 / train/loss/repval 1.07 / train/loss/rew 0.51 / train/loss/value 0.95 / replay/replay_ratio 264 / fps/policy 5.68 / fps/train 1454.61

Writing metrics: /home/zhangpeiying01/lfy/btwm-7.7/runs/btwm_dmc_walker_walk_seed1_w002_b11_s1/metrics.jsonl
Writing metrics: /home/zhangpeiying01/lfy/btwm-7.7/runs/btwm_dmc_walker_walk_seed1_w002_b11_s1/scores.jsonl

--------------------[Agent Step 62_544]--------------------
Metrics filtered by: 'score|length|fps|ratio|train/loss/|train/acc/|train/inv/|train/rand/'
train/acc/inv 0.66 / train/inv/ce 0.97 / train/inv/confidence 0.45 / train/inv/confidence_gating 0 / train/inv/effective_rep_weight 0.02 / train/inv/head_objective 0.41 / train/inv/head_weight 0 / train/inv/objective 0.41 / train/inv/policy_weight_max 1 / train/inv/policy_weight_mean 1 / train/inv/policy_weight_min 1 / train/inv/policy_weight_std 0 / train/inv/valid_frac 1 / train/inv/weight 0.02 / train/loss/con 0.02 / train/loss/dyn 2.61 / train/loss/image 3.95 / train/loss/inv 8.1e-3 / train/loss/policy -0.02 / train/loss/rep 2.61 / train/loss/repval 1.04 / train/loss/rew 0.51 / train/loss/value 0.92 / replay/replay_ratio 264 / fps/policy 5.7 / fps/train 1458.95

Writing metrics: /home/zhangpeiying01/lfy/btwm-7.7/runs/btwm_dmc_walker_walk_seed1_w002_b11_s1/metrics.jsonl
Writing metrics: /home/zhangpeiying01/lfy/btwm-7.7/runs/btwm_dmc_walker_walk_seed1_w002_b11_s1/scores.jsonl

--------------------[Agent Step 63_248]--------------------
Metrics filtered by: 'score|length|fps|ratio|train/loss/|train/acc/|train/inv/|train/rand/'
train/acc/inv 0.66 / train/inv/ce 0.97 / train/inv/confidence 0.45 / train/inv/confidence_gating 0 / train/inv/effective_rep_weight 0.02 / train/inv/head_objective 0.41 / train/inv/head_weight 0 / train/inv/objective 0.41 / train/inv/policy_weight_max 1 / train/inv/policy_weight_mean 1 / train/inv/policy_weight_min 1 / train/inv/policy_weight_std 0 / train/inv/valid_frac 1 / train/inv/weight 0.02 / train/loss/con 0.02 / train/loss/dyn 2.59 / train/loss/image 3.9 / train/loss/inv 8.1e-3 / train/loss/policy -0.03 / train/loss/rep 2.59 / train/loss/repval 1 / train/loss/rew 0.51 / train/loss/value 0.86 / replay/replay_ratio 264 / fps/policy 5.77 / fps/train 1476.54

Writing metrics: /home/zhangpeiying01/lfy/btwm-7.7/runs/btwm_dmc_walker_walk_seed1_w002_b11_s1/metrics.jsonl
Writing metrics: /home/zhangpeiying01/lfy/btwm-7.7/runs/btwm_dmc_walker_walk_seed1_w002_b11_s1/scores.jsonl
Saving checkpoint: /home/zhangpeiying01/lfy/btwm-7.7/runs/btwm_dmc_walker_walk_seed1_w002_b11_s1/ckpt/20260715T234923F144248
Saved checkpoint.

--------------------[Agent Step 63_920]--------------------
Metrics filtered by: 'score|length|fps|ratio|train/loss/|train/acc/|train/inv/|train/rand/'
train/acc/inv 0.66 / train/inv/ce 0.99 / train/inv/confidence 0.45 / train/inv/confidence_gating 0 / train/inv/effective_rep_weight 0.02 / train/inv/head_objective 0.41 / train/inv/head_weight 0 / train/inv/objective 0.41 / train/inv/policy_weight_max 1 / train/inv/policy_weight_mean 1 / train/inv/policy_weight_min 1 / train/inv/policy_weight_std 0 / train/inv/valid_frac 1 / train/inv/weight 0.02 / train/loss/con 0.02 / train/loss/dyn 2.65 / train/loss/image 3.94 / train/loss/inv 8.2e-3 / train/loss/policy -0.03 / train/loss/rep 2.65 / train/loss/repval 0.96 / train/loss/rew 0.51 / train/loss/value 0.81 / replay/replay_ratio 264 / fps/policy 5.6 / fps/train 1433.61

Writing metrics: /home/zhangpeiying01/lfy/btwm-7.7/runs/btwm_dmc_walker_walk_seed1_w002_b11_s1/metrics.jsonl
Writing metrics: /home/zhangpeiying01/lfy/btwm-7.7/runs/btwm_dmc_walker_walk_seed1_w002_b11_s1/scores.jsonl

--------------------[Agent Step 64_608]--------------------
Metrics filtered by: 'score|length|fps|ratio|train/loss/|train/acc/|train/inv/|train/rand/'
episode/score 639.18 / episode/length 1001 / train/acc/inv 0.66 / train/inv/ce 0.99 / train/inv/confidence 0.45 / train/inv/confidence_gating 0 / train/inv/effective_rep_weight 0.02 / train/inv/head_objective 0.41 / train/inv/head_weight 0 / train/inv/objective 0.41 / train/inv/policy_weight_max 1 / train/inv/policy_weight_mean 1 / train/inv/policy_weight_min 1 / train/inv/policy_weight_std 0 / train/inv/valid_frac 1 / train/inv/weight 0.02 / train/loss/con 0.02 / train/loss/dyn 2.73 / train/loss/image 4.18 / train/loss/inv 8.3e-3 / train/loss/policy -0.03 / train/loss/rep 2.73 / train/loss/repval 0.93 / train/loss/rew 0.51 / train/loss/value 0.77 / replay/replay_ratio 264 / fps/policy 5.7 / fps/train 1459.34

Writing metrics: /home/zhangpeiying01/lfy/btwm-7.7/runs/btwm_dmc_walker_walk_seed1_w002_b11_s1/metrics.jsonl
Writing metrics: /home/zhangpeiying01/lfy/btwm-7.7/runs/btwm_dmc_walker_walk_seed1_w002_b11_s1/scores.jsonl

--------------------[Agent Step 65_296]--------------------
Metrics filtered by: 'score|length|fps|ratio|train/loss/|train/acc/|train/inv/|train/rand/'
train/acc/inv 0.65 / train/inv/ce 1.02 / train/inv/confidence 0.44 / train/inv/confidence_gating 0 / train/inv/effective_rep_weight 0.02 / train/inv/head_objective 0.43 / train/inv/head_weight 0 / train/inv/objective 0.43 / train/inv/policy_weight_max 1 / train/inv/policy_weight_mean 1 / train/inv/policy_weight_min 1 / train/inv/policy_weight_std 0 / train/inv/valid_frac 1 / train/inv/weight 0.02 / train/loss/con 0.02 / train/loss/dyn 2.72 / train/loss/image 4.2 / train/loss/inv 8.5e-3 / train/loss/policy -0.02 / train/loss/rep 2.72 / train/loss/repval 0.86 / train/loss/rew 0.51 / train/loss/value 0.72 / replay/replay_ratio 264 / fps/policy 5.7 / fps/train 1458.63

Writing metrics: /home/zhangpeiying01/lfy/btwm-7.7/runs/btwm_dmc_walker_walk_seed1_w002_b11_s1/metrics.jsonl
Writing metrics: /home/zhangpeiying01/lfy/btwm-7.7/runs/btwm_dmc_walker_walk_seed1_w002_b11_s1/scores.jsonl

--------------------[Agent Step 65_984]--------------------
Metrics filtered by: 'score|length|fps|ratio|train/loss/|train/acc/|train/inv/|train/rand/'
train/acc/inv 0.65 / train/inv/ce 1.03 / train/inv/confidence 0.43 / train/inv/confidence_gating 0 / train/inv/effective_rep_weight 0.02 / train/inv/head_objective 0.43 / train/inv/head_weight 0 / train/inv/objective 0.43 / train/inv/policy_weight_max 1 / train/inv/policy_weight_mean 1 / train/inv/policy_weight_min 1 / train/inv/policy_weight_std 0 / train/inv/valid_frac 1 / train/inv/weight 0.02 / train/loss/con 0.02 / train/loss/dyn 2.63 / train/loss/image 4.1 / train/loss/inv 8.6e-3 / train/loss/policy -0.03 / train/loss/rep 2.63 / train/loss/repval 0.81 / train/loss/rew 0.51 / train/loss/value 0.66 / replay/replay_ratio 264 / fps/policy 5.73 / fps/train 1466.2

Writing metrics: /home/zhangpeiying01/lfy/btwm-7.7/runs/btwm_dmc_walker_walk_seed1_w002_b11_s1/metrics.jsonl
Writing metrics: /home/zhangpeiying01/lfy/btwm-7.7/runs/btwm_dmc_walker_walk_seed1_w002_b11_s1/scores.jsonl

--------------------[Agent Step 66_672]--------------------
Metrics filtered by: 'score|length|fps|ratio|train/loss/|train/acc/|train/inv/|train/rand/'
train/acc/inv 0.65 / train/inv/ce 1.02 / train/inv/confidence 0.44 / train/inv/confidence_gating 0 / train/inv/effective_rep_weight 0.02 / train/inv/head_objective 0.43 / train/inv/head_weight 0 / train/inv/objective 0.43 / train/inv/policy_weight_max 1 / train/inv/policy_weight_mean 1 / train/inv/policy_weight_min 1 / train/inv/policy_weight_std 0 / train/inv/valid_frac 1 / train/inv/weight 0.02 / train/loss/con 0.02 / train/loss/dyn 2.69 / train/loss/image 4.15 / train/loss/inv 8.5e-3 / train/loss/policy -0.03 / train/loss/rep 2.69 / train/loss/repval 0.78 / train/loss/rew 0.51 / train/loss/value 0.63 / replay/replay_ratio 264 / fps/policy 5.71 / fps/train 1461.83

Writing metrics: /home/zhangpeiying01/lfy/btwm-7.7/runs/btwm_dmc_walker_walk_seed1_w002_b11_s1/metrics.jsonl
Writing metrics: /home/zhangpeiying01/lfy/btwm-7.7/runs/btwm_dmc_walker_walk_seed1_w002_b11_s1/scores.jsonl

--------------------[Agent Step 67_360]--------------------
Metrics filtered by: 'score|length|fps|ratio|train/loss/|train/acc/|train/inv/|train/rand/'
train/acc/inv 0.65 / train/inv/ce 1.03 / train/inv/confidence 0.43 / train/inv/confidence_gating 0 / train/inv/effective_rep_weight 0.02 / train/inv/head_objective 0.43 / train/inv/head_weight 0 / train/inv/objective 0.43 / train/inv/policy_weight_max 1 / train/inv/policy_weight_mean 1 / train/inv/policy_weight_min 1 / train/inv/policy_weight_std 0 / train/inv/valid_frac 1 / train/inv/weight 0.02 / train/loss/con 0.02 / train/loss/dyn 2.73 / train/loss/image 4.21 / train/loss/inv 8.6e-3 / train/loss/policy -0.03 / train/loss/rep 2.73 / train/loss/repval 0.77 / train/loss/rew 0.51 / train/loss/value 0.66 / replay/replay_ratio 264 / fps/policy 5.66 / fps/train 1449.83

Writing metrics: /home/zhangpeiying01/lfy/btwm-7.7/runs/btwm_dmc_walker_walk_seed1_w002_b11_s1/metrics.jsonl
Writing metrics: /home/zhangpeiying01/lfy/btwm-7.7/runs/btwm_dmc_walker_walk_seed1_w002_b11_s1/scores.jsonl

--------------------[Agent Step 68_048]--------------------
Metrics filtered by: 'score|length|fps|ratio|train/loss/|train/acc/|train/inv/|train/rand/'
train/acc/inv 0.64 / train/inv/ce 1.04 / train/inv/confidence 0.43 / train/inv/confidence_gating 0 / train/inv/effective_rep_weight 0.02 / train/inv/head_objective 0.43 / train/inv/head_weight 0 / train/inv/objective 0.43 / train/inv/policy_weight_max 1 / train/inv/policy_weight_mean 1 / train/inv/policy_weight_min 1 / train/inv/policy_weight_std 0 / train/inv/valid_frac 1 / train/inv/weight 0.02 / train/loss/con 0.02 / train/loss/dyn 2.67 / train/loss/image 4.17 / train/loss/inv 8.7e-3 / train/loss/policy -0.03 / train/loss/rep 2.67 / train/loss/repval 0.81 / train/loss/rew 0.51 / train/loss/value 0.73 / replay/replay_ratio 264 / fps/policy 5.69 / fps/train 1457.27

Writing metrics: /home/zhangpeiying01/lfy/btwm-7.7/runs/btwm_dmc_walker_walk_seed1_w002_b11_s1/metrics.jsonl
Writing metrics: /home/zhangpeiying01/lfy/btwm-7.7/runs/btwm_dmc_walker_walk_seed1_w002_b11_s1/scores.jsonl

--------------------[Agent Step 68_736]--------------------
Metrics filtered by: 'score|length|fps|ratio|train/loss/|train/acc/|train/inv/|train/rand/'
train/acc/inv 0.64 / train/inv/ce 1.04 / train/inv/confidence 0.43 / train/inv/confidence_gating 0 / train/inv/effective_rep_weight 0.02 / train/inv/head_objective 0.43 / train/inv/head_weight 0 / train/inv/objective 0.43 / train/inv/policy_weight_max 1 / train/inv/policy_weight_mean 1 / train/inv/policy_weight_min 1 / train/inv/policy_weight_std 0 / train/inv/valid_frac 1 / train/inv/weight 0.02 / train/loss/con 0.02 / train/loss/dyn 2.73 / train/loss/image 4.17 / train/loss/inv 8.7e-3 / train/loss/policy -0.02 / train/loss/rep 2.73 / train/loss/repval 0.85 / train/loss/rew 0.51 / train/loss/value 0.79 / replay/replay_ratio 264 / fps/policy 5.67 / fps/train 1451.55

Writing metrics: /home/zhangpeiying01/lfy/btwm-7.7/runs/btwm_dmc_walker_walk_seed1_w002_b11_s1/metrics.jsonl
Writing metrics: /home/zhangpeiying01/lfy/btwm-7.7/runs/btwm_dmc_walker_walk_seed1_w002_b11_s1/scores.jsonl

--------------------[Agent Step 69_424]--------------------
Metrics filtered by: 'score|length|fps|ratio|train/loss/|train/acc/|train/inv/|train/rand/'
train/acc/inv 0.64 / train/inv/ce 1.03 / train/inv/confidence 0.43 / train/inv/confidence_gating 0 / train/inv/effective_rep_weight 0.02 / train/inv/head_objective 0.43 / train/inv/head_weight 0 / train/inv/objective 0.43 / train/inv/policy_weight_max 1 / train/inv/policy_weight_mean 1 / train/inv/policy_weight_min 1 / train/inv/policy_weight_std 0 / train/inv/valid_frac 1 / train/inv/weight 0.02 / train/loss/con 0.02 / train/loss/dyn 2.71 / train/loss/image 4.19 / train/loss/inv 8.6e-3 / train/loss/policy -0.03 / train/loss/rep 2.71 / train/loss/repval 0.91 / train/loss/rew 0.51 / train/loss/value 0.86 / replay/replay_ratio 264 / fps/policy 5.68 / fps/train 1454.24

Writing metrics: /home/zhangpeiying01/lfy/btwm-7.7/runs/btwm_dmc_walker_walk_seed1_w002_b11_s1/metrics.jsonl
Writing metrics: /home/zhangpeiying01/lfy/btwm-7.7/runs/btwm_dmc_walker_walk_seed1_w002_b11_s1/scores.jsonl

--------------------[Agent Step 70_112]--------------------
Metrics filtered by: 'score|length|fps|ratio|train/loss/|train/acc/|train/inv/|train/rand/'
train/acc/inv 0.64 / train/inv/ce 1.04 / train/inv/confidence 0.43 / train/inv/confidence_gating 0 / train/inv/effective_rep_weight 0.02 / train/inv/head_objective 0.43 / train/inv/head_weight 0 / train/inv/objective 0.43 / train/inv/policy_weight_max 1 / train/inv/policy_weight_mean 1 / train/inv/policy_weight_min 1 / train/inv/policy_weight_std 0 / train/inv/valid_frac 1 / train/inv/weight 0.02 / train/loss/con 0.02 / train/loss/dyn 2.7 / train/loss/image 4.09 / train/loss/inv 8.7e-3 / train/loss/policy -0.03 / train/loss/rep 2.7 / train/loss/repval 0.96 / train/loss/rew 0.51 / train/loss/value 0.94 / replay/replay_ratio 264 / fps/policy 5.69 / fps/train 1455.46

Writing metrics: /home/zhangpeiying01/lfy/btwm-7.7/runs/btwm_dmc_walker_walk_seed1_w002_b11_s1/metrics.jsonl
Writing metrics: /home/zhangpeiying01/lfy/btwm-7.7/runs/btwm_dmc_walker_walk_seed1_w002_b11_s1/scores.jsonl

--------------------[Agent Step 70_800]--------------------
Metrics filtered by: 'score|length|fps|ratio|train/loss/|train/acc/|train/inv/|train/rand/'
train/acc/inv 0.64 / train/inv/ce 1.04 / train/inv/confidence 0.43 / train/inv/confidence_gating 0 / train/inv/effective_rep_weight 0.02 / train/inv/head_objective 0.44 / train/inv/head_weight 0 / train/inv/objective 0.44 / train/inv/policy_weight_max 1 / train/inv/policy_weight_mean 1 / train/inv/policy_weight_min 1 / train/inv/policy_weight_std 0 / train/inv/valid_frac 1 / train/inv/weight 0.02 / train/loss/con 0.02 / train/loss/dyn 2.78 / train/loss/image 4.18 / train/loss/inv 8.7e-3 / train/loss/policy -0.03 / train/loss/rep 2.78 / train/loss/repval 1.01 / train/loss/rew 0.51 / train/loss/value 0.98 / replay/replay_ratio 264 / fps/policy 5.67 / fps/train 1452.68

Writing metrics: /home/zhangpeiying01/lfy/btwm-7.7/runs/btwm_dmc_walker_walk_seed1_w002_b11_s1/metrics.jsonl
Writing metrics: /home/zhangpeiying01/lfy/btwm-7.7/runs/btwm_dmc_walker_walk_seed1_w002_b11_s1/scores.jsonl

--------------------[Agent Step 71_488]--------------------
Metrics filtered by: 'score|length|fps|ratio|train/loss/|train/acc/|train/inv/|train/rand/'
train/acc/inv 0.64 / train/inv/ce 1.05 / train/inv/confidence 0.43 / train/inv/confidence_gating 0 / train/inv/effective_rep_weight 0.02 / train/inv/head_objective 0.44 / train/inv/head_weight 0 / train/inv/objective 0.44 / train/inv/policy_weight_max 1 / train/inv/policy_weight_mean 1 / train/inv/policy_weight_min 1 / train/inv/policy_weight_std 0 / train/inv/valid_frac 1 / train/inv/weight 0.02 / train/loss/con 0.02 / train/loss/dyn 2.67 / train/loss/image 4.09 / train/loss/inv 8.7e-3 / train/loss/policy -0.03 / train/loss/rep 2.67 / train/loss/repval 1.07 / train/loss/rew 0.51 / train/loss/value 1.04 / replay/replay_ratio 264 / fps/policy 5.67 / fps/train 1451.06

Writing metrics: /home/zhangpeiying01/lfy/btwm-7.7/runs/btwm_dmc_walker_walk_seed1_w002_b11_s1/metrics.jsonl
Writing metrics: /home/zhangpeiying01/lfy/btwm-7.7/runs/btwm_dmc_walker_walk_seed1_w002_b11_s1/scores.jsonl

--------------------[Agent Step 72_176]--------------------
Metrics filtered by: 'score|length|fps|ratio|train/loss/|train/acc/|train/inv/|train/rand/'
train/acc/inv 0.64 / train/inv/ce 1.05 / train/inv/confidence 0.42 / train/inv/confidence_gating 0 / train/inv/effective_rep_weight 0.02 / train/inv/head_objective 0.44 / train/inv/head_weight 0 / train/inv/objective 0.44 / train/inv/policy_weight_max 1 / train/inv/policy_weight_mean 1 / train/inv/policy_weight_min 1 / train/inv/policy_weight_std 0 / train/inv/valid_frac 1 / train/inv/weight 0.02 / train/loss/con 0.02 / train/loss/dyn 2.7 / train/loss/image 4.13 / train/loss/inv 8.8e-3 / train/loss/policy -0.04 / train/loss/rep 2.7 / train/loss/repval 1.13 / train/loss/rew 0.51 / train/loss/value 1.12 / replay/replay_ratio 264 / fps/policy 5.67 / fps/train 1452.39

Writing metrics: /home/zhangpeiying01/lfy/btwm-7.7/runs/btwm_dmc_walker_walk_seed1_w002_b11_s1/metrics.jsonl
Writing metrics: /home/zhangpeiying01/lfy/btwm-7.7/runs/btwm_dmc_walker_walk_seed1_w002_b11_s1/scores.jsonl

--------------------[Agent Step 72_864]--------------------
Metrics filtered by: 'score|length|fps|ratio|train/loss/|train/acc/|train/inv/|train/rand/'
train/acc/inv 0.64 / train/inv/ce 1.05 / train/inv/confidence 0.43 / train/inv/confidence_gating 0 / train/inv/effective_rep_weight 0.02 / train/inv/head_objective 0.44 / train/inv/head_weight 0 / train/inv/objective 0.44 / train/inv/policy_weight_max 1 / train/inv/policy_weight_mean 1 / train/inv/policy_weight_min 1 / train/inv/policy_weight_std 0 / train/inv/valid_frac 1 / train/inv/weight 0.02 / train/loss/con 0.02 / train/loss/dyn 2.7 / train/loss/image 4.08 / train/loss/inv 8.7e-3 / train/loss/policy -0.04 / train/loss/rep 2.7 / train/loss/repval 1.16 / train/loss/rew 0.51 / train/loss/value 1.18 / replay/replay_ratio 264 / fps/policy 5.69 / fps/train 1457.92

Writing metrics: /home/zhangpeiying01/lfy/btwm-7.7/runs/btwm_dmc_walker_walk_seed1_w002_b11_s1/metrics.jsonl
Writing metrics: /home/zhangpeiying01/lfy/btwm-7.7/runs/btwm_dmc_walker_walk_seed1_w002_b11_s1/scores.jsonl

--------------------[Agent Step 73_552]--------------------
Metrics filtered by: 'score|length|fps|ratio|train/loss/|train/acc/|train/inv/|train/rand/'
train/acc/inv 0.63 / train/inv/ce 1.07 / train/inv/confidence 0.41 / train/inv/confidence_gating 0 / train/inv/effective_rep_weight 0.02 / train/inv/head_objective 0.45 / train/inv/head_weight 0 / train/inv/objective 0.45 / train/inv/policy_weight_max 1 / train/inv/policy_weight_mean 1 / train/inv/policy_weight_min 1 / train/inv/policy_weight_std 0 / train/inv/valid_frac 1 / train/inv/weight 0.02 / train/loss/con 0.02 / train/loss/dyn 2.71 / train/loss/image 4.06 / train/loss/inv 8.9e-3 / train/loss/policy -0.04 / train/loss/rep 2.71 / train/loss/repval 1.17 / train/loss/rew 0.51 / train/loss/value 1.22 / replay/replay_ratio 264 / fps/policy 5.69 / fps/train 1456.3

Writing metrics: /home/zhangpeiying01/lfy/btwm-7.7/runs/btwm_dmc_walker_walk_seed1_w002_b11_s1/metrics.jsonl
Writing metrics: /home/zhangpeiying01/lfy/btwm-7.7/runs/btwm_dmc_walker_walk_seed1_w002_b11_s1/scores.jsonl

--------------------[Agent Step 74_240]--------------------
Metrics filtered by: 'score|length|fps|ratio|train/loss/|train/acc/|train/inv/|train/rand/'
train/acc/inv 0.64 / train/inv/ce 1.06 / train/inv/confidence 0.42 / train/inv/confidence_gating 0 / train/inv/effective_rep_weight 0.02 / train/inv/head_objective 0.44 / train/inv/head_weight 0 / train/inv/objective 0.44 / train/inv/policy_weight_max 1 / train/inv/policy_weight_mean 1 / train/inv/policy_weight_min 1 / train/inv/policy_weight_std 0 / train/inv/valid_frac 1 / train/inv/weight 0.02 / train/loss/con 0.02 / train/loss/dyn 2.68 / train/loss/image 4.04 / train/loss/inv 8.8e-3 / train/loss/policy -0.04 / train/loss/rep 2.68 / train/loss/repval 1.15 / train/loss/rew 0.51 / train/loss/value 1.22 / replay/replay_ratio 264 / fps/policy 5.66 / fps/train 1449.17

Writing metrics: /home/zhangpeiying01/lfy/btwm-7.7/runs/btwm_dmc_walker_walk_seed1_w002_b11_s1/metrics.jsonl
Writing metrics: /home/zhangpeiying01/lfy/btwm-7.7/runs/btwm_dmc_walker_walk_seed1_w002_b11_s1/scores.jsonl

--------------------[Agent Step 74_928]--------------------
Metrics filtered by: 'score|length|fps|ratio|train/loss/|train/acc/|train/inv/|train/rand/'
train/acc/inv 0.63 / train/inv/ce 1.06 / train/inv/confidence 0.42 / train/inv/confidence_gating 0 / train/inv/effective_rep_weight 0.02 / train/inv/head_objective 0.44 / train/inv/head_weight 0 / train/inv/objective 0.44 / train/inv/policy_weight_max 1 / train/inv/policy_weight_mean 1 / train/inv/policy_weight_min 1 / train/inv/policy_weight_std 0 / train/inv/valid_frac 1 / train/inv/weight 0.02 / train/loss/con 0.02 / train/loss/dyn 2.73 / train/loss/image 4.13 / train/loss/inv 8.9e-3 / train/loss/policy -0.03 / train/loss/rep 2.73 / train/loss/repval 1.14 / train/loss/rew 0.51 / train/loss/value 1.17 / replay/replay_ratio 264 / fps/policy 5.67 / fps/train 1451.64

Writing metrics: /home/zhangpeiying01/lfy/btwm-7.7/runs/btwm_dmc_walker_walk_seed1_w002_b11_s1/metrics.jsonl
Writing metrics: /home/zhangpeiying01/lfy/btwm-7.7/runs/btwm_dmc_walker_walk_seed1_w002_b11_s1/scores.jsonl

--------------------[Agent Step 75_616]--------------------
Metrics filtered by: 'score|length|fps|ratio|train/loss/|train/acc/|train/inv/|train/rand/'
train/acc/inv 0.63 / train/inv/ce 1.08 / train/inv/confidence 0.41 / train/inv/confidence_gating 0 / train/inv/effective_rep_weight 0.02 / train/inv/head_objective 0.45 / train/inv/head_weight 0 / train/inv/objective 0.45 / train/inv/policy_weight_max 1 / train/inv/policy_weight_mean 1 / train/inv/policy_weight_min 1 / train/inv/policy_weight_std 0 / train/inv/valid_frac 1 / train/inv/weight 0.02 / train/loss/con 0.02 / train/loss/dyn 2.77 / train/loss/image 4.13 / train/loss/inv 9e-3 / train/loss/policy -0.03 / train/loss/rep 2.77 / train/loss/repval 1.14 / train/loss/rew 0.51 / train/loss/value 1.12 / replay/replay_ratio 264 / fps/policy 5.69 / fps/train 1455.59

Writing metrics: /home/zhangpeiying01/lfy/btwm-7.7/runs/btwm_dmc_walker_walk_seed1_w002_b11_s1/metrics.jsonl
Writing metrics: /home/zhangpeiying01/lfy/btwm-7.7/runs/btwm_dmc_walker_walk_seed1_w002_b11_s1/scores.jsonl

--------------------[Agent Step 76_304]--------------------
Metrics filtered by: 'score|length|fps|ratio|train/loss/|train/acc/|train/inv/|train/rand/'
train/acc/inv 0.63 / train/inv/ce 1.07 / train/inv/confidence 0.41 / train/inv/confidence_gating 0 / train/inv/effective_rep_weight 0.02 / train/inv/head_objective 0.45 / train/inv/head_weight 0 / train/inv/objective 0.45 / train/inv/policy_weight_max 1 / train/inv/policy_weight_mean 1 / train/inv/policy_weight_min 1 / train/inv/policy_weight_std 0 / train/inv/valid_frac 1 / train/inv/weight 0.02 / train/loss/con 0.02 / train/loss/dyn 2.69 / train/loss/image 4.03 / train/loss/inv 8.9e-3 / train/loss/policy -0.03 / train/loss/rep 2.69 / train/loss/repval 1.1 / train/loss/rew 0.51 / train/loss/value 1.04 / replay/replay_ratio 264 / fps/policy 5.68 / fps/train 1453.15

Writing metrics: /home/zhangpeiying01/lfy/btwm-7.7/runs/btwm_dmc_walker_walk_seed1_w002_b11_s1/metrics.jsonl
Writing metrics: /home/zhangpeiying01/lfy/btwm-7.7/runs/btwm_dmc_walker_walk_seed1_w002_b11_s1/scores.jsonl

--------------------[Agent Step 76_992]--------------------
Metrics filtered by: 'score|length|fps|ratio|train/loss/|train/acc/|train/inv/|train/rand/'
train/acc/inv 0.63 / train/inv/ce 1.08 / train/inv/confidence 0.41 / train/inv/confidence_gating 0 / train/inv/effective_rep_weight 0.02 / train/inv/head_objective 0.45 / train/inv/head_weight 0 / train/inv/objective 0.45 / train/inv/policy_weight_max 1 / train/inv/policy_weight_mean 1 / train/inv/policy_weight_min 1 / train/inv/policy_weight_std 0 / train/inv/valid_frac 1 / train/inv/weight 0.02 / train/loss/con 0.02 / train/loss/dyn 2.75 / train/loss/image 4.1 / train/loss/inv 9e-3 / train/loss/policy -0.03 / train/loss/rep 2.75 / train/loss/repval 1.05 / train/loss/rew 0.51 / train/loss/value 0.92 / replay/replay_ratio 264 / fps/policy 5.67 / fps/train 1451.24

Writing metrics: /home/zhangpeiying01/lfy/btwm-7.7/runs/btwm_dmc_walker_walk_seed1_w002_b11_s1/metrics.jsonl
Writing metrics: /home/zhangpeiying01/lfy/btwm-7.7/runs/btwm_dmc_walker_walk_seed1_w002_b11_s1/scores.jsonl

--------------------[Agent Step 77_680]--------------------
Metrics filtered by: 'score|length|fps|ratio|train/loss/|train/acc/|train/inv/|train/rand/'
train/acc/inv 0.63 / train/inv/ce 1.08 / train/inv/confidence 0.41 / train/inv/confidence_gating 0 / train/inv/effective_rep_weight 0.02 / train/inv/head_objective 0.45 / train/inv/head_weight 0 / train/inv/objective 0.45 / train/inv/policy_weight_max 1 / train/inv/policy_weight_mean 1 / train/inv/policy_weight_min 1 / train/inv/policy_weight_std 0 / train/inv/valid_frac 1 / train/inv/weight 0.02 / train/loss/con 0.02 / train/loss/dyn 2.75 / train/loss/image 4.06 / train/loss/inv 9e-3 / train/loss/policy -0.02 / train/loss/rep 2.75 / train/loss/repval 1 / train/loss/rew 0.51 / train/loss/value 0.79 / replay/replay_ratio 264 / fps/policy 5.68 / fps/train 1454.29

Writing metrics: /home/zhangpeiying01/lfy/btwm-7.7/runs/btwm_dmc_walker_walk_seed1_w002_b11_s1/metrics.jsonl
Writing metrics: /home/zhangpeiying01/lfy/btwm-7.7/runs/btwm_dmc_walker_walk_seed1_w002_b11_s1/scores.jsonl

--------------------[Agent Step 78_368]--------------------
Metrics filtered by: 'score|length|fps|ratio|train/loss/|train/acc/|train/inv/|train/rand/'
train/acc/inv 0.63 / train/inv/ce 1.07 / train/inv/confidence 0.42 / train/inv/confidence_gating 0 / train/inv/effective_rep_weight 0.02 / train/inv/head_objective 0.45 / train/inv/head_weight 0 / train/inv/objective 0.45 / train/inv/policy_weight_max 1 / train/inv/policy_weight_mean 1 / train/inv/policy_weight_min 1 / train/inv/policy_weight_std 0 / train/inv/valid_frac 1 / train/inv/weight 0.02 / train/loss/con 0.02 / train/loss/dyn 2.76 / train/loss/image 4.08 / train/loss/inv 9e-3 / train/loss/policy -0.03 / train/loss/rep 2.76 / train/loss/repval 0.96 / train/loss/rew 0.51 / train/loss/value 0.72 / replay/replay_ratio 264 / fps/policy 5.68 / fps/train 1454.28

Writing metrics: /home/zhangpeiying01/lfy/btwm-7.7/runs/btwm_dmc_walker_walk_seed1_w002_b11_s1/metrics.jsonl
Writing metrics: /home/zhangpeiying01/lfy/btwm-7.7/runs/btwm_dmc_walker_walk_seed1_w002_b11_s1/scores.jsonl

--------------------[Agent Step 79_056]--------------------
Metrics filtered by: 'score|length|fps|ratio|train/loss/|train/acc/|train/inv/|train/rand/'
train/acc/inv 0.62 / train/inv/ce 1.1 / train/inv/confidence 0.4 / train/inv/confidence_gating 0 / train/inv/effective_rep_weight 0.02 / train/inv/head_objective 0.46 / train/inv/head_weight 0 / train/inv/objective 0.46 / train/inv/policy_weight_max 1 / train/inv/policy_weight_mean 1 / train/inv/policy_weight_min 1 / train/inv/policy_weight_std 0 / train/inv/valid_frac 1 / train/inv/weight 0.02 / train/loss/con 0.02 / train/loss/dyn 2.71 / train/loss/image 3.95 / train/loss/inv 9.2e-3 / train/loss/policy -0.03 / train/loss/rep 2.71 / train/loss/repval 0.91 / train/loss/rew 0.51 / train/loss/value 0.71 / replay/replay_ratio 264 / fps/policy 5.67 / fps/train 1450.55

Writing metrics: /home/zhangpeiying01/lfy/btwm-7.7/runs/btwm_dmc_walker_walk_seed1_w002_b11_s1/metrics.jsonl
Writing metrics: /home/zhangpeiying01/lfy/btwm-7.7/runs/btwm_dmc_walker_walk_seed1_w002_b11_s1/scores.jsonl

--------------------[Agent Step 79_744]--------------------
Metrics filtered by: 'score|length|fps|ratio|train/loss/|train/acc/|train/inv/|train/rand/'
train/acc/inv 0.63 / train/inv/ce 1.09 / train/inv/confidence 0.41 / train/inv/confidence_gating 0 / train/inv/effective_rep_weight 0.02 / train/inv/head_objective 0.45 / train/inv/head_weight 0 / train/inv/objective 0.45 / train/inv/policy_weight_max 1 / train/inv/policy_weight_mean 1 / train/inv/policy_weight_min 1 / train/inv/policy_weight_std 0 / train/inv/valid_frac 1 / train/inv/weight 0.02 / train/loss/con 0.02 / train/loss/dyn 2.72 / train/loss/image 3.97 / train/loss/inv 9.1e-3 / train/loss/policy -0.03 / train/loss/rep 2.72 / train/loss/repval 0.85 / train/loss/rew 0.51 / train/loss/value 0.72 / replay/replay_ratio 264 / fps/policy 5.7 / fps/train 1458.4

Writing metrics: /home/zhangpeiying01/lfy/btwm-7.7/runs/btwm_dmc_walker_walk_seed1_w002_b11_s1/scores.jsonl
Writing metrics: /home/zhangpeiying01/lfy/btwm-7.7/runs/btwm_dmc_walker_walk_seed1_w002_b11_s1/metrics.jsonl

--------------------[Agent Step 80_432]--------------------
Metrics filtered by: 'score|length|fps|ratio|train/loss/|train/acc/|train/inv/|train/rand/'
episode/score 721.56 / episode/length 1001 / train/acc/inv 0.62 / train/inv/ce 1.1 / train/inv/confidence 0.4 / train/inv/confidence_gating 0 / train/inv/effective_rep_weight 0.02 / train/inv/head_objective 0.46 / train/inv/head_weight 0 / train/inv/objective 0.46 / train/inv/policy_weight_max 1 / train/inv/policy_weight_mean 1 / train/inv/policy_weight_min 1 / train/inv/policy_weight_std 0 / train/inv/valid_frac 1 / train/inv/weight 0.02 / train/loss/con 0.02 / train/loss/dyn 2.76 / train/loss/image 4.05 / train/loss/inv 9.2e-3 / train/loss/policy -0.03 / train/loss/rep 2.76 / train/loss/repval 0.82 / train/loss/rew 0.51 / train/loss/value 0.76 / replay/replay_ratio 264 / fps/policy 5.7 / fps/train 1458.55

Writing metrics: /home/zhangpeiying01/lfy/btwm-7.7/runs/btwm_dmc_walker_walk_seed1_w002_b11_s1/metrics.jsonl
Writing metrics: /home/zhangpeiying01/lfy/btwm-7.7/runs/btwm_dmc_walker_walk_seed1_w002_b11_s1/scores.jsonl

--------------------[Agent Step 81_120]--------------------
Metrics filtered by: 'score|length|fps|ratio|train/loss/|train/acc/|train/inv/|train/rand/'
train/acc/inv 0.62 / train/inv/ce 1.12 / train/inv/confidence 0.4 / train/inv/confidence_gating 0 / train/inv/effective_rep_weight 0.02 / train/inv/head_objective 0.47 / train/inv/head_weight 0 / train/inv/objective 0.47 / train/inv/policy_weight_max 1 / train/inv/policy_weight_mean 1 / train/inv/policy_weight_min 1 / train/inv/policy_weight_std 0 / train/inv/valid_frac 1 / train/inv/weight 0.02 / train/loss/con 0.02 / train/loss/dyn 2.93 / train/loss/image 4.35 / train/loss/inv 9.3e-3 / train/loss/policy -0.03 / train/loss/rep 2.93 / train/loss/repval 0.82 / train/loss/rew 0.51 / train/loss/value 0.8 / replay/replay_ratio 264 / fps/policy 5.68 / fps/train 1453.29

Writing metrics: /home/zhangpeiying01/lfy/btwm-7.7/runs/btwm_dmc_walker_walk_seed1_w002_b11_s1/metrics.jsonl
Writing metrics: /home/zhangpeiying01/lfy/btwm-7.7/runs/btwm_dmc_walker_walk_seed1_w002_b11_s1/scores.jsonl

--------------------[Agent Step 81_808]--------------------
Metrics filtered by: 'score|length|fps|ratio|train/loss/|train/acc/|train/inv/|train/rand/'
train/acc/inv 0.62 / train/inv/ce 1.12 / train/inv/confidence 0.4 / train/inv/confidence_gating 0 / train/inv/effective_rep_weight 0.02 / train/inv/head_objective 0.47 / train/inv/head_weight 0 / train/inv/objective 0.47 / train/inv/policy_weight_max 1 / train/inv/policy_weight_mean 1 / train/inv/policy_weight_min 1 / train/inv/policy_weight_std 0 / train/inv/valid_frac 1 / train/inv/weight 0.02 / train/loss/con 0.02 / train/loss/dyn 2.79 / train/loss/image 4.19 / train/loss/inv 9.3e-3 / train/loss/policy -0.03 / train/loss/rep 2.79 / train/loss/repval 0.9 / train/loss/rew 0.51 / train/loss/value 0.9 / replay/replay_ratio 264 / fps/policy 5.68 / fps/train 1455.16

Writing metrics: /home/zhangpeiying01/lfy/btwm-7.7/runs/btwm_dmc_walker_walk_seed1_w002_b11_s1/metrics.jsonl
Writing metrics: /home/zhangpeiying01/lfy/btwm-7.7/runs/btwm_dmc_walker_walk_seed1_w002_b11_s1/scores.jsonl

--------------------[Agent Step 82_496]--------------------
Metrics filtered by: 'score|length|fps|ratio|train/loss/|train/acc/|train/inv/|train/rand/'
train/acc/inv 0.62 / train/inv/ce 1.1 / train/inv/confidence 0.4 / train/inv/confidence_gating 0 / train/inv/effective_rep_weight 0.02 / train/inv/head_objective 0.46 / train/inv/head_weight 0 / train/inv/objective 0.46 / train/inv/policy_weight_max 1 / train/inv/policy_weight_mean 1 / train/inv/policy_weight_min 1 / train/inv/policy_weight_std 0 / train/inv/valid_frac 1 / train/inv/weight 0.02 / train/loss/con 0.02 / train/loss/dyn 2.78 / train/loss/image 4.12 / train/loss/inv 9.2e-3 / train/loss/policy -0.04 / train/loss/rep 2.78 / train/loss/repval 0.99 / train/loss/rew 0.51 / train/loss/value 1 / replay/replay_ratio 264 / fps/policy 5.68 / fps/train 1454.1

Writing metrics: /home/zhangpeiying01/lfy/btwm-7.7/runs/btwm_dmc_walker_walk_seed1_w002_b11_s1/scores.jsonl
Writing metrics: /home/zhangpeiying01/lfy/btwm-7.7/runs/btwm_dmc_walker_walk_seed1_w002_b11_s1/metrics.jsonl

--------------------[Agent Step 83_184]--------------------
Metrics filtered by: 'score|length|fps|ratio|train/loss/|train/acc/|train/inv/|train/rand/'
train/acc/inv 0.62 / train/inv/ce 1.11 / train/inv/confidence 0.4 / train/inv/confidence_gating 0 / train/inv/effective_rep_weight 0.02 / train/inv/head_objective 0.46 / train/inv/head_weight 0 / train/inv/objective 0.46 / train/inv/policy_weight_max 1 / train/inv/policy_weight_mean 1 / train/inv/policy_weight_min 1 / train/inv/policy_weight_std 0 / train/inv/valid_frac 1 / train/inv/weight 0.02 / train/loss/con 0.02 / train/loss/dyn 2.72 / train/loss/image 4.08 / train/loss/inv 9.2e-3 / train/loss/policy -0.03 / train/loss/rep 2.72 / train/loss/repval 1.03 / train/loss/rew 0.51 / train/loss/value 1.06 / replay/replay_ratio 264 / fps/policy 5.68 / fps/train 1455.11

Writing metrics: /home/zhangpeiying01/lfy/btwm-7.7/runs/btwm_dmc_walker_walk_seed1_w002_b11_s1/metrics.jsonl
Writing metrics: /home/zhangpeiying01/lfy/btwm-7.7/runs/btwm_dmc_walker_walk_seed1_w002_b11_s1/scores.jsonl
Saving checkpoint: /home/zhangpeiying01/lfy/btwm-7.7/runs/btwm_dmc_walker_walk_seed1_w002_b11_s1/ckpt/20260716T004924F976388
Saved checkpoint.

--------------------[Agent Step 83_856]--------------------
Metrics filtered by: 'score|length|fps|ratio|train/loss/|train/acc/|train/inv/|train/rand/'
train/acc/inv 0.62 / train/inv/ce 1.11 / train/inv/confidence 0.4 / train/inv/confidence_gating 0 / train/inv/effective_rep_weight 0.02 / train/inv/head_objective 0.46 / train/inv/head_weight 0 / train/inv/objective 0.46 / train/inv/policy_weight_max 1 / train/inv/policy_weight_mean 1 / train/inv/policy_weight_min 1 / train/inv/policy_weight_std 0 / train/inv/valid_frac 1 / train/inv/weight 0.02 / train/loss/con 0.02 / train/loss/dyn 2.71 / train/loss/image 4.01 / train/loss/inv 9.2e-3 / train/loss/policy -0.03 / train/loss/rep 2.71 / train/loss/repval 1.06 / train/loss/rew 0.51 / train/loss/value 1.11 / replay/replay_ratio 264 / fps/policy 5.6 / fps/train 1433.03

Writing metrics: /home/zhangpeiying01/lfy/btwm-7.7/runs/btwm_dmc_walker_walk_seed1_w002_b11_s1/metrics.jsonl
Writing metrics: /home/zhangpeiying01/lfy/btwm-7.7/runs/btwm_dmc_walker_walk_seed1_w002_b11_s1/scores.jsonl

--------------------[Agent Step 84_544]--------------------
Metrics filtered by: 'score|length|fps|ratio|train/loss/|train/acc/|train/inv/|train/rand/'
train/acc/inv 0.61 / train/inv/ce 1.12 / train/inv/confidence 0.39 / train/inv/confidence_gating 0 / train/inv/effective_rep_weight 0.02 / train/inv/head_objective 0.47 / train/inv/head_weight 0 / train/inv/objective 0.47 / train/inv/policy_weight_max 1 / train/inv/policy_weight_mean 1 / train/inv/policy_weight_min 1 / train/inv/policy_weight_std 0 / train/inv/valid_frac 1 / train/inv/weight 0.02 / train/loss/con 0.02 / train/loss/dyn 2.77 / train/loss/image 3.98 / train/loss/inv 9.4e-3 / train/loss/policy -0.03 / train/loss/rep 2.77 / train/loss/repval 1.1 / train/loss/rew 0.51 / train/loss/value 1.15 / replay/replay_ratio 264 / fps/policy 5.68 / fps/train 1454.84

Writing metrics: /home/zhangpeiying01/lfy/btwm-7.7/runs/btwm_dmc_walker_walk_seed1_w002_b11_s1/metrics.jsonl
Writing metrics: /home/zhangpeiying01/lfy/btwm-7.7/runs/btwm_dmc_walker_walk_seed1_w002_b11_s1/scores.jsonl

--------------------[Agent Step 85_232]--------------------
Metrics filtered by: 'score|length|fps|ratio|train/loss/|train/acc/|train/inv/|train/rand/'
train/acc/inv 0.61 / train/inv/ce 1.13 / train/inv/confidence 0.39 / train/inv/confidence_gating 0 / train/inv/effective_rep_weight 0.02 / train/inv/head_objective 0.47 / train/inv/head_weight 0 / train/inv/objective 0.47 / train/inv/policy_weight_max 1 / train/inv/policy_weight_mean 1 / train/inv/policy_weight_min 1 / train/inv/policy_weight_std 0 / train/inv/valid_frac 1 / train/inv/weight 0.02 / train/loss/con 0.02 / train/loss/dyn 2.81 / train/loss/image 4.05 / train/loss/inv 9.4e-3 / train/loss/policy -0.03 / train/loss/rep 2.81 / train/loss/repval 1.11 / train/loss/rew 0.51 / train/loss/value 1.18 / replay/replay_ratio 264 / fps/policy 5.67 / fps/train 1451.06

Writing metrics: /home/zhangpeiying01/lfy/btwm-7.7/runs/btwm_dmc_walker_walk_seed1_w002_b11_s1/metrics.jsonl
Writing metrics: /home/zhangpeiying01/lfy/btwm-7.7/runs/btwm_dmc_walker_walk_seed1_w002_b11_s1/scores.jsonl

--------------------[Agent Step 85_920]--------------------
Metrics filtered by: 'score|length|fps|ratio|train/loss/|train/acc/|train/inv/|train/rand/'
train/acc/inv 0.62 / train/inv/ce 1.12 / train/inv/confidence 0.39 / train/inv/confidence_gating 0 / train/inv/effective_rep_weight 0.02 / train/inv/head_objective 0.47 / train/inv/head_weight 0 / train/inv/objective 0.47 / train/inv/policy_weight_max 1 / train/inv/policy_weight_mean 1 / train/inv/policy_weight_min 1 / train/inv/policy_weight_std 0 / train/inv/valid_frac 1 / train/inv/weight 0.02 / train/loss/con 0.02 / train/loss/dyn 2.77 / train/loss/image 4.01 / train/loss/inv 9.4e-3 / train/loss/policy -0.03 / train/loss/rep 2.77 / train/loss/repval 1.11 / train/loss/rew 0.51 / train/loss/value 1.2 / replay/replay_ratio 264 / fps/policy 5.68 / fps/train 1453.82

Writing metrics: /home/zhangpeiying01/lfy/btwm-7.7/runs/btwm_dmc_walker_walk_seed1_w002_b11_s1/metrics.jsonl
Writing metrics: /home/zhangpeiying01/lfy/btwm-7.7/runs/btwm_dmc_walker_walk_seed1_w002_b11_s1/scores.jsonl

--------------------[Agent Step 86_608]--------------------
Metrics filtered by: 'score|length|fps|ratio|train/loss/|train/acc/|train/inv/|train/rand/'
train/acc/inv 0.61 / train/inv/ce 1.13 / train/inv/confidence 0.39 / train/inv/confidence_gating 0 / train/inv/effective_rep_weight 0.02 / train/inv/head_objective 0.47 / train/inv/head_weight 0 / train/inv/objective 0.47 / train/inv/policy_weight_max 1 / train/inv/policy_weight_mean 1 / train/inv/policy_weight_min 1 / train/inv/policy_weight_std 0 / train/inv/valid_frac 1 / train/inv/weight 0.02 / train/loss/con 0.02 / train/loss/dyn 2.84 / train/loss/image 4.09 / train/loss/inv 9.5e-3 / train/loss/policy -0.02 / train/loss/rep 2.84 / train/loss/repval 1.13 / train/loss/rew 0.52 / train/loss/value 1.2 / replay/replay_ratio 264 / fps/policy 5.7 / fps/train 1459.78

Writing metrics: /home/zhangpeiying01/lfy/btwm-7.7/runs/btwm_dmc_walker_walk_seed1_w002_b11_s1/metrics.jsonl
Writing metrics: /home/zhangpeiying01/lfy/btwm-7.7/runs/btwm_dmc_walker_walk_seed1_w002_b11_s1/scores.jsonl

--------------------[Agent Step 87_296]--------------------
Metrics filtered by: 'score|length|fps|ratio|train/loss/|train/acc/|train/inv/|train/rand/'
train/acc/inv 0.61 / train/inv/ce 1.13 / train/inv/confidence 0.39 / train/inv/confidence_gating 0 / train/inv/effective_rep_weight 0.02 / train/inv/head_objective 0.47 / train/inv/head_weight 0 / train/inv/objective 0.47 / train/inv/policy_weight_max 1 / train/inv/policy_weight_mean 1 / train/inv/policy_weight_min 1 / train/inv/policy_weight_std 0 / train/inv/valid_frac 1 / train/inv/weight 0.02 / train/loss/con 0.02 / train/loss/dyn 2.8 / train/loss/image 4.04 / train/loss/inv 9.4e-3 / train/loss/policy -0.02 / train/loss/rep 2.8 / train/loss/repval 1.13 / train/loss/rew 0.52 / train/loss/value 1.2 / replay/replay_ratio 264 / fps/policy 5.68 / fps/train 1454.08

Writing metrics: /home/zhangpeiying01/lfy/btwm-7.7/runs/btwm_dmc_walker_walk_seed1_w002_b11_s1/metrics.jsonl
Writing metrics: /home/zhangpeiying01/lfy/btwm-7.7/runs/btwm_dmc_walker_walk_seed1_w002_b11_s1/scores.jsonl

--------------------[Agent Step 87_984]--------------------
Metrics filtered by: 'score|length|fps|ratio|train/loss/|train/acc/|train/inv/|train/rand/'
train/acc/inv 0.62 / train/inv/ce 1.12 / train/inv/confidence 0.4 / train/inv/confidence_gating 0 / train/inv/effective_rep_weight 0.02 / train/inv/head_objective 0.47 / train/inv/head_weight 0 / train/inv/objective 0.47 / train/inv/policy_weight_max 1 / train/inv/policy_weight_mean 1 / train/inv/policy_weight_min 1 / train/inv/policy_weight_std 0 / train/inv/valid_frac 1 / train/inv/weight 0.02 / train/loss/con 0.02 / train/loss/dyn 2.79 / train/loss/image 4.05 / train/loss/inv 9.3e-3 / train/loss/policy -0.02 / train/loss/rep 2.79 / train/loss/repval 1.12 / train/loss/rew 0.51 / train/loss/value 1.21 / replay/replay_ratio 264 / fps/policy 5.68 / fps/train 1453.45

Writing metrics: /home/zhangpeiying01/lfy/btwm-7.7/runs/btwm_dmc_walker_walk_seed1_w002_b11_s1/metrics.jsonl
Writing metrics: /home/zhangpeiying01/lfy/btwm-7.7/runs/btwm_dmc_walker_walk_seed1_w002_b11_s1/scores.jsonl

--------------------[Agent Step 88_672]--------------------
Metrics filtered by: 'score|length|fps|ratio|train/loss/|train/acc/|train/inv/|train/rand/'
train/acc/inv 0.62 / train/inv/ce 1.12 / train/inv/confidence 0.4 / train/inv/confidence_gating 0 / train/inv/effective_rep_weight 0.02 / train/inv/head_objective 0.47 / train/inv/head_weight 0 / train/inv/objective 0.47 / train/inv/policy_weight_max 1 / train/inv/policy_weight_mean 1 / train/inv/policy_weight_min 1 / train/inv/policy_weight_std 0 / train/inv/valid_frac 1 / train/inv/weight 0.02 / train/loss/con 0.02 / train/loss/dyn 2.76 / train/loss/image 3.97 / train/loss/inv 9.3e-3 / train/loss/policy -0.02 / train/loss/rep 2.76 / train/loss/repval 1.13 / train/loss/rew 0.52 / train/loss/value 1.22 / replay/replay_ratio 264 / fps/policy 5.7 / fps/train 1459.07

Writing metrics: /home/zhangpeiying01/lfy/btwm-7.7/runs/btwm_dmc_walker_walk_seed1_w002_b11_s1/metrics.jsonl
Writing metrics: /home/zhangpeiying01/lfy/btwm-7.7/runs/btwm_dmc_walker_walk_seed1_w002_b11_s1/scores.jsonl

--------------------[Agent Step 89_360]--------------------
Metrics filtered by: 'score|length|fps|ratio|train/loss/|train/acc/|train/inv/|train/rand/'
train/acc/inv 0.61 / train/inv/ce 1.13 / train/inv/confidence 0.39 / train/inv/confidence_gating 0 / train/inv/effective_rep_weight 0.02 / train/inv/head_objective 0.47 / train/inv/head_weight 0 / train/inv/objective 0.47 / train/inv/policy_weight_max 1 / train/inv/policy_weight_mean 1 / train/inv/policy_weight_min 1 / train/inv/policy_weight_std 0 / train/inv/valid_frac 1 / train/inv/weight 0.02 / train/loss/con 0.02 / train/loss/dyn 2.73 / train/loss/image 3.86 / train/loss/inv 9.4e-3 / train/loss/policy -0.02 / train/loss/rep 2.73 / train/loss/repval 1.14 / train/loss/rew 0.51 / train/loss/value 1.23 / replay/replay_ratio 264 / fps/policy 5.69 / fps/train 1455.78

Writing metrics: /home/zhangpeiying01/lfy/btwm-7.7/runs/btwm_dmc_walker_walk_seed1_w002_b11_s1/metrics.jsonl
Writing metrics: /home/zhangpeiying01/lfy/btwm-7.7/runs/btwm_dmc_walker_walk_seed1_w002_b11_s1/scores.jsonl

--------------------[Agent Step 90_048]--------------------
Metrics filtered by: 'score|length|fps|ratio|train/loss/|train/acc/|train/inv/|train/rand/'
train/acc/inv 0.61 / train/inv/ce 1.13 / train/inv/confidence 0.39 / train/inv/confidence_gating 0 / train/inv/effective_rep_weight 0.02 / train/inv/head_objective 0.47 / train/inv/head_weight 0 / train/inv/objective 0.47 / train/inv/policy_weight_max 1 / train/inv/policy_weight_mean 1 / train/inv/policy_weight_min 1 / train/inv/policy_weight_std 0 / train/inv/valid_frac 1 / train/inv/weight 0.02 / train/loss/con 0.02 / train/loss/dyn 2.75 / train/loss/image 3.83 / train/loss/inv 9.4e-3 / train/loss/policy -0.02 / train/loss/rep 2.75 / train/loss/repval 1.15 / train/loss/rew 0.52 / train/loss/value 1.24 / replay/replay_ratio 264 / fps/policy 5.7 / fps/train 1458.31

Writing metrics: /home/zhangpeiying01/lfy/btwm-7.7/runs/btwm_dmc_walker_walk_seed1_w002_b11_s1/metrics.jsonl
Writing metrics: /home/zhangpeiying01/lfy/btwm-7.7/runs/btwm_dmc_walker_walk_seed1_w002_b11_s1/scores.jsonl

--------------------[Agent Step 90_736]--------------------
Metrics filtered by: 'score|length|fps|ratio|train/loss/|train/acc/|train/inv/|train/rand/'
train/acc/inv 0.61 / train/inv/ce 1.13 / train/inv/confidence 0.39 / train/inv/confidence_gating 0 / train/inv/effective_rep_weight 0.02 / train/inv/head_objective 0.47 / train/inv/head_weight 0 / train/inv/objective 0.47 / train/inv/policy_weight_max 1 / train/inv/policy_weight_mean 1 / train/inv/policy_weight_min 1 / train/inv/policy_weight_std 0 / train/inv/valid_frac 1 / train/inv/weight 0.02 / train/loss/con 0.02 / train/loss/dyn 2.75 / train/loss/image 3.87 / train/loss/inv 9.4e-3 / train/loss/policy -0.02 / train/loss/rep 2.75 / train/loss/repval 1.15 / train/loss/rew 0.51 / train/loss/value 1.24 / replay/replay_ratio 264 / fps/policy 5.68 / fps/train 1454.75

Writing metrics: /home/zhangpeiying01/lfy/btwm-7.7/runs/btwm_dmc_walker_walk_seed1_w002_b11_s1/scores.jsonl
Writing metrics: /home/zhangpeiying01/lfy/btwm-7.7/runs/btwm_dmc_walker_walk_seed1_w002_b11_s1/metrics.jsonl

--------------------[Agent Step 91_424]--------------------
Metrics filtered by: 'score|length|fps|ratio|train/loss/|train/acc/|train/inv/|train/rand/'
train/acc/inv 0.61 / train/inv/ce 1.13 / train/inv/confidence 0.39 / train/inv/confidence_gating 0 / train/inv/effective_rep_weight 0.02 / train/inv/head_objective 0.47 / train/inv/head_weight 0 / train/inv/objective 0.47 / train/inv/policy_weight_max 1 / train/inv/policy_weight_mean 1 / train/inv/policy_weight_min 1 / train/inv/policy_weight_std 0 / train/inv/valid_frac 1 / train/inv/weight 0.02 / train/loss/con 0.02 / train/loss/dyn 2.72 / train/loss/image 3.78 / train/loss/inv 9.4e-3 / train/loss/policy -0.02 / train/loss/rep 2.72 / train/loss/repval 1.16 / train/loss/rew 0.52 / train/loss/value 1.25 / replay/replay_ratio 264 / fps/policy 5.68 / fps/train 1453.79

Writing metrics: /home/zhangpeiying01/lfy/btwm-7.7/runs/btwm_dmc_walker_walk_seed1_w002_b11_s1/metrics.jsonl
Writing metrics: /home/zhangpeiying01/lfy/btwm-7.7/runs/btwm_dmc_walker_walk_seed1_w002_b11_s1/scores.jsonl

--------------------[Agent Step 92_112]--------------------
Metrics filtered by: 'score|length|fps|ratio|train/loss/|train/acc/|train/inv/|train/rand/'
train/acc/inv 0.61 / train/inv/ce 1.13 / train/inv/confidence 0.39 / train/inv/confidence_gating 0 / train/inv/effective_rep_weight 0.02 / train/inv/head_objective 0.47 / train/inv/head_weight 0 / train/inv/objective 0.47 / train/inv/policy_weight_max 1 / train/inv/policy_weight_mean 1 / train/inv/policy_weight_min 1 / train/inv/policy_weight_std 0 / train/inv/valid_frac 1 / train/inv/weight 0.02 / train/loss/con 0.02 / train/loss/dyn 2.77 / train/loss/image 3.84 / train/loss/inv 9.4e-3 / train/loss/policy -0.02 / train/loss/rep 2.77 / train/loss/repval 1.17 / train/loss/rew 0.52 / train/loss/value 1.25 / replay/replay_ratio 264 / fps/policy 5.69 / fps/train 1455.38

Writing metrics: /home/zhangpeiying01/lfy/btwm-7.7/runs/btwm_dmc_walker_walk_seed1_w002_b11_s1/metrics.jsonl
Writing metrics: /home/zhangpeiying01/lfy/btwm-7.7/runs/btwm_dmc_walker_walk_seed1_w002_b11_s1/scores.jsonl

--------------------[Agent Step 92_800]--------------------
Metrics filtered by: 'score|length|fps|ratio|train/loss/|train/acc/|train/inv/|train/rand/'
train/acc/inv 0.61 / train/inv/ce 1.13 / train/inv/confidence 0.39 / train/inv/confidence_gating 0 / train/inv/effective_rep_weight 0.02 / train/inv/head_objective 0.47 / train/inv/head_weight 0 / train/inv/objective 0.47 / train/inv/policy_weight_max 1 / train/inv/policy_weight_mean 1 / train/inv/policy_weight_min 1 / train/inv/policy_weight_std 0 / train/inv/valid_frac 1 / train/inv/weight 0.02 / train/loss/con 0.02 / train/loss/dyn 2.74 / train/loss/image 3.8 / train/loss/inv 9.4e-3 / train/loss/policy -0.02 / train/loss/rep 2.74 / train/loss/repval 1.18 / train/loss/rew 0.52 / train/loss/value 1.25 / replay/replay_ratio 264 / fps/policy 5.67 / fps/train 1450.92

Writing metrics: /home/zhangpeiying01/lfy/btwm-7.7/runs/btwm_dmc_walker_walk_seed1_w002_b11_s1/scores.jsonl
Writing metrics: /home/zhangpeiying01/lfy/btwm-7.7/runs/btwm_dmc_walker_walk_seed1_w002_b11_s1/metrics.jsonl

--------------------[Agent Step 93_488]--------------------
Metrics filtered by: 'score|length|fps|ratio|train/loss/|train/acc/|train/inv/|train/rand/'
train/acc/inv 0.61 / train/inv/ce 1.13 / train/inv/confidence 0.39 / train/inv/confidence_gating 0 / train/inv/effective_rep_weight 0.02 / train/inv/head_objective 0.47 / train/inv/head_weight 0 / train/inv/objective 0.47 / train/inv/policy_weight_max 1 / train/inv/policy_weight_mean 1 / train/inv/policy_weight_min 1 / train/inv/policy_weight_std 0 / train/inv/valid_frac 1 / train/inv/weight 0.02 / train/loss/con 0.02 / train/loss/dyn 2.72 / train/loss/image 3.79 / train/loss/inv 9.4e-3 / train/loss/policy -0.02 / train/loss/rep 2.72 / train/loss/repval 1.18 / train/loss/rew 0.52 / train/loss/value 1.24 / replay/replay_ratio 264 / fps/policy 5.7 / fps/train 1458.11

Writing metrics: /home/zhangpeiying01/lfy/btwm-7.7/runs/btwm_dmc_walker_walk_seed1_w002_b11_s1/scores.jsonl
Writing metrics: /home/zhangpeiying01/lfy/btwm-7.7/runs/btwm_dmc_walker_walk_seed1_w002_b11_s1/metrics.jsonl

--------------------[Agent Step 94_176]--------------------
Metrics filtered by: 'score|length|fps|ratio|train/loss/|train/acc/|train/inv/|train/rand/'
train/acc/inv 0.61 / train/inv/ce 1.13 / train/inv/confidence 0.39 / train/inv/confidence_gating 0 / train/inv/effective_rep_weight 0.02 / train/inv/head_objective 0.47 / train/inv/head_weight 0 / train/inv/objective 0.47 / train/inv/policy_weight_max 1 / train/inv/policy_weight_mean 1 / train/inv/policy_weight_min 1 / train/inv/policy_weight_std 0 / train/inv/valid_frac 1 / train/inv/weight 0.02 / train/loss/con 0.02 / train/loss/dyn 2.72 / train/loss/image 3.77 / train/loss/inv 9.4e-3 / train/loss/policy -0.03 / train/loss/rep 2.72 / train/loss/repval 1.18 / train/loss/rew 0.52 / train/loss/value 1.24 / replay/replay_ratio 264 / fps/policy 5.68 / fps/train 1454.75

Writing metrics: /home/zhangpeiying01/lfy/btwm-7.7/runs/btwm_dmc_walker_walk_seed1_w002_b11_s1/metrics.jsonl
Writing metrics: /home/zhangpeiying01/lfy/btwm-7.7/runs/btwm_dmc_walker_walk_seed1_w002_b11_s1/scores.jsonl

--------------------[Agent Step 94_864]--------------------
Metrics filtered by: 'score|length|fps|ratio|train/loss/|train/acc/|train/inv/|train/rand/'
train/acc/inv 0.61 / train/inv/ce 1.13 / train/inv/confidence 0.39 / train/inv/confidence_gating 0 / train/inv/effective_rep_weight 0.02 / train/inv/head_objective 0.47 / train/inv/head_weight 0 / train/inv/objective 0.47 / train/inv/policy_weight_max 1 / train/inv/policy_weight_mean 1 / train/inv/policy_weight_min 1 / train/inv/policy_weight_std 0 / train/inv/valid_frac 1 / train/inv/weight 0.02 / train/loss/con 0.02 / train/loss/dyn 2.72 / train/loss/image 3.71 / train/loss/inv 9.4e-3 / train/loss/policy -0.02 / train/loss/rep 2.72 / train/loss/repval 1.2 / train/loss/rew 0.52 / train/loss/value 1.23 / replay/replay_ratio 264 / fps/policy 5.71 / fps/train 1460.73

Writing metrics: /home/zhangpeiying01/lfy/btwm-7.7/runs/btwm_dmc_walker_walk_seed1_w002_b11_s1/metrics.jsonl
Writing metrics: /home/zhangpeiying01/lfy/btwm-7.7/runs/btwm_dmc_walker_walk_seed1_w002_b11_s1/scores.jsonl

--------------------[Agent Step 95_552]--------------------
Metrics filtered by: 'score|length|fps|ratio|train/loss/|train/acc/|train/inv/|train/rand/'
train/acc/inv 0.62 / train/inv/ce 1.12 / train/inv/confidence 0.4 / train/inv/confidence_gating 0 / train/inv/effective_rep_weight 0.02 / train/inv/head_objective 0.47 / train/inv/head_weight 0 / train/inv/objective 0.47 / train/inv/policy_weight_max 1 / train/inv/policy_weight_mean 1 / train/inv/policy_weight_min 1 / train/inv/policy_weight_std 0 / train/inv/valid_frac 1 / train/inv/weight 0.02 / train/loss/con 0.02 / train/loss/dyn 2.69 / train/loss/image 3.69 / train/loss/inv 9.3e-3 / train/loss/policy -0.02 / train/loss/rep 2.69 / train/loss/repval 1.19 / train/loss/rew 0.52 / train/loss/value 1.22 / replay/replay_ratio 264 / fps/policy 5.69 / fps/train 1455.94

Writing metrics: /home/zhangpeiying01/lfy/btwm-7.7/runs/btwm_dmc_walker_walk_seed1_w002_b11_s1/metrics.jsonl
Writing metrics: /home/zhangpeiying01/lfy/btwm-7.7/runs/btwm_dmc_walker_walk_seed1_w002_b11_s1/scores.jsonl

--------------------[Agent Step 96_240]--------------------
Metrics filtered by: 'score|length|fps|ratio|train/loss/|train/acc/|train/inv/|train/rand/'
episode/score 875.56 / episode/length 1001 / train/acc/inv 0.61 / train/inv/ce 1.14 / train/inv/confidence 0.39 / train/inv/confidence_gating 0 / train/inv/effective_rep_weight 0.02 / train/inv/head_objective 0.47 / train/inv/head_weight 0 / train/inv/objective 0.47 / train/inv/policy_weight_max 1 / train/inv/policy_weight_mean 1 / train/inv/policy_weight_min 1 / train/inv/policy_weight_std 0 / train/inv/valid_frac 1 / train/inv/weight 0.02 / train/loss/con 0.02 / train/loss/dyn 2.7 / train/loss/image 3.66 / train/loss/inv 9.5e-3 / train/loss/policy -0.02 / train/loss/rep 2.7 / train/loss/repval 1.19 / train/loss/rew 0.52 / train/loss/value 1.21 / replay/replay_ratio 264 / fps/policy 5.68 / fps/train 1454.48

Writing metrics: /home/zhangpeiying01/lfy/btwm-7.7/runs/btwm_dmc_walker_walk_seed1_w002_b11_s1/metrics.jsonl
Writing metrics: /home/zhangpeiying01/lfy/btwm-7.7/runs/btwm_dmc_walker_walk_seed1_w002_b11_s1/scores.jsonl

--------------------[Agent Step 96_928]--------------------
Metrics filtered by: 'score|length|fps|ratio|train/loss/|train/acc/|train/inv/|train/rand/'
train/acc/inv 0.61 / train/inv/ce 1.16 / train/inv/confidence 0.38 / train/inv/confidence_gating 0 / train/inv/effective_rep_weight 0.02 / train/inv/head_objective 0.48 / train/inv/head_weight 0 / train/inv/objective 0.48 / train/inv/policy_weight_max 1 / train/inv/policy_weight_mean 1 / train/inv/policy_weight_min 1 / train/inv/policy_weight_std 0 / train/inv/valid_frac 1 / train/inv/weight 0.02 / train/loss/con 0.02 / train/loss/dyn 2.94 / train/loss/image 4.04 / train/loss/inv 9.7e-3 / train/loss/policy -0.01 / train/loss/rep 2.94 / train/loss/repval 1.19 / train/loss/rew 0.52 / train/loss/value 1.21 / replay/replay_ratio 264 / fps/policy 5.67 / fps/train 1452.28

Writing metrics: /home/zhangpeiying01/lfy/btwm-7.7/runs/btwm_dmc_walker_walk_seed1_w002_b11_s1/metrics.jsonl
Writing metrics: /home/zhangpeiying01/lfy/btwm-7.7/runs/btwm_dmc_walker_walk_seed1_w002_b11_s1/scores.jsonl

--------------------[Agent Step 97_616]--------------------
Metrics filtered by: 'score|length|fps|ratio|train/loss/|train/acc/|train/inv/|train/rand/'
train/acc/inv 0.6 / train/inv/ce 1.17 / train/inv/confidence 0.38 / train/inv/confidence_gating 0 / train/inv/effective_rep_weight 0.02 / train/inv/head_objective 0.49 / train/inv/head_weight 0 / train/inv/objective 0.49 / train/inv/policy_weight_max 1 / train/inv/policy_weight_mean 1 / train/inv/policy_weight_min 1 / train/inv/policy_weight_std 0 / train/inv/valid_frac 1 / train/inv/weight 0.02 / train/loss/con 0.02 / train/loss/dyn 2.81 / train/loss/image 3.99 / train/loss/inv 9.8e-3 / train/loss/policy -0.01 / train/loss/rep 2.81 / train/loss/repval 1.18 / train/loss/rew 0.52 / train/loss/value 1.2 / replay/replay_ratio 264 / fps/policy 5.7 / fps/train 1460.31

Writing metrics: /home/zhangpeiying01/lfy/btwm-7.7/runs/btwm_dmc_walker_walk_seed1_w002_b11_s1/metrics.jsonl
Writing metrics: /home/zhangpeiying01/lfy/btwm-7.7/runs/btwm_dmc_walker_walk_seed1_w002_b11_s1/scores.jsonl

--------------------[Agent Step 98_304]--------------------
Metrics filtered by: 'score|length|fps|ratio|train/loss/|train/acc/|train/inv/|train/rand/'
train/acc/inv 0.61 / train/inv/ce 1.16 / train/inv/confidence 0.38 / train/inv/confidence_gating 0 / train/inv/effective_rep_weight 0.02 / train/inv/head_objective 0.48 / train/inv/head_weight 0 / train/inv/objective 0.48 / train/inv/policy_weight_max 1 / train/inv/policy_weight_mean 1 / train/inv/policy_weight_min 1 / train/inv/policy_weight_std 0 / train/inv/valid_frac 1 / train/inv/weight 0.02 / train/loss/con 0.02 / train/loss/dyn 2.86 / train/loss/image 4.03 / train/loss/inv 9.7e-3 / train/loss/policy -9.1e-3 / train/loss/rep 2.86 / train/loss/repval 1.18 / train/loss/rew 0.52 / train/loss/value 1.19 / replay/replay_ratio 264 / fps/policy 5.68 / fps/train 1452.92

Writing metrics: /home/zhangpeiying01/lfy/btwm-7.7/runs/btwm_dmc_walker_walk_seed1_w002_b11_s1/metrics.jsonl
Writing metrics: /home/zhangpeiying01/lfy/btwm-7.7/runs/btwm_dmc_walker_walk_seed1_w002_b11_s1/scores.jsonl

--------------------[Agent Step 98_992]--------------------
Metrics filtered by: 'score|length|fps|ratio|train/loss/|train/acc/|train/inv/|train/rand/'
train/acc/inv 0.6 / train/inv/ce 1.18 / train/inv/confidence 0.37 / train/inv/confidence_gating 0 / train/inv/effective_rep_weight 0.02 / train/inv/head_objective 0.49 / train/inv/head_weight 0 / train/inv/objective 0.49 / train/inv/policy_weight_max 1 / train/inv/policy_weight_mean 1 / train/inv/policy_weight_min 1 / train/inv/policy_weight_std 0 / train/inv/valid_frac 1 / train/inv/weight 0.02 / train/loss/con 0.02 / train/loss/dyn 2.76 / train/loss/image 3.84 / train/loss/inv 9.8e-3 / train/loss/policy -8.7e-3 / train/loss/rep 2.76 / train/loss/repval 1.19 / train/loss/rew 0.52 / train/loss/value 1.19 / replay/replay_ratio 264 / fps/policy 5.67 / fps/train 1452.6

Writing metrics: /home/zhangpeiying01/lfy/btwm-7.7/runs/btwm_dmc_walker_walk_seed1_w002_b11_s1/metrics.jsonl
Writing metrics: /home/zhangpeiying01/lfy/btwm-7.7/runs/btwm_dmc_walker_walk_seed1_w002_b11_s1/scores.jsonl

--------------------[Agent Step 99_680]--------------------
Metrics filtered by: 'score|length|fps|ratio|train/loss/|train/acc/|train/inv/|train/rand/'
train/acc/inv 0.6 / train/inv/ce 1.17 / train/inv/confidence 0.38 / train/inv/confidence_gating 0 / train/inv/effective_rep_weight 0.02 / train/inv/head_objective 0.49 / train/inv/head_weight 0 / train/inv/objective 0.49 / train/inv/policy_weight_max 1 / train/inv/policy_weight_mean 1 / train/inv/policy_weight_min 1 / train/inv/policy_weight_std 0 / train/inv/valid_frac 1 / train/inv/weight 0.02 / train/loss/con 0.02 / train/loss/dyn 2.78 / train/loss/image 3.89 / train/loss/inv 9.7e-3 / train/loss/policy -2.7e-3 / train/loss/rep 2.78 / train/loss/repval 1.18 / train/loss/rew 0.52 / train/loss/value 1.19 / replay/replay_ratio 264 / fps/policy 5.68 / fps/train 1453.58

Writing metrics: /home/zhangpeiying01/lfy/btwm-7.7/runs/btwm_dmc_walker_walk_seed1_w002_b11_s1/metrics.jsonl
Writing metrics: /home/zhangpeiying01/lfy/btwm-7.7/runs/btwm_dmc_walker_walk_seed1_w002_b11_s1/scores.jsonl

--------------------[Agent Step 100_368]--------------------
Metrics filtered by: 'score|length|fps|ratio|train/loss/|train/acc/|train/inv/|train/rand/'
train/acc/inv 0.6 / train/inv/ce 1.18 / train/inv/confidence 0.37 / train/inv/confidence_gating 0 / train/inv/effective_rep_weight 0.02 / train/inv/head_objective 0.49 / train/inv/head_weight 0 / train/inv/objective 0.49 / train/inv/policy_weight_max 1 / train/inv/policy_weight_mean 1 / train/inv/policy_weight_min 1 / train/inv/policy_weight_std 0 / train/inv/valid_frac 1 / train/inv/weight 0.02 / train/loss/con 0.02 / train/loss/dyn 2.8 / train/loss/image 3.88 / train/loss/inv 9.8e-3 / train/loss/policy -0.01 / train/loss/rep 2.8 / train/loss/repval 1.18 / train/loss/rew 0.52 / train/loss/value 1.18 / replay/replay_ratio 264 / fps/policy 5.7 / fps/train 1458.75

Writing metrics: /home/zhangpeiying01/lfy/btwm-7.7/runs/btwm_dmc_walker_walk_seed1_w002_b11_s1/metrics.jsonl
Writing metrics: /home/zhangpeiying01/lfy/btwm-7.7/runs/btwm_dmc_walker_walk_seed1_w002_b11_s1/scores.jsonl

--------------------[Agent Step 101_056]--------------------
Metrics filtered by: 'score|length|fps|ratio|train/loss/|train/acc/|train/inv/|train/rand/'
train/acc/inv 0.6 / train/inv/ce 1.17 / train/inv/confidence 0.38 / train/inv/confidence_gating 0 / train/inv/effective_rep_weight 0.02 / train/inv/head_objective 0.49 / train/inv/head_weight 0 / train/inv/objective 0.49 / train/inv/policy_weight_max 1 / train/inv/policy_weight_mean 1 / train/inv/policy_weight_min 1 / train/inv/policy_weight_std 0 / train/inv/valid_frac 1 / train/inv/weight 0.02 / train/loss/con 0.02 / train/loss/dyn 2.74 / train/loss/image 3.82 / train/loss/inv 9.7e-3 / train/loss/policy -7.2e-3 / train/loss/rep 2.74 / train/loss/repval 1.19 / train/loss/rew 0.52 / train/loss/value 1.19 / replay/replay_ratio 264 / fps/policy 5.67 / fps/train 1450.78

Writing metrics: /home/zhangpeiying01/lfy/btwm-7.7/runs/btwm_dmc_walker_walk_seed1_w002_b11_s1/scores.jsonl
Writing metrics: /home/zhangpeiying01/lfy/btwm-7.7/runs/btwm_dmc_walker_walk_seed1_w002_b11_s1/metrics.jsonl

--------------------[Agent Step 101_744]--------------------
Metrics filtered by: 'score|length|fps|ratio|train/loss/|train/acc/|train/inv/|train/rand/'
train/acc/inv 0.6 / train/inv/ce 1.17 / train/inv/confidence 0.38 / train/inv/confidence_gating 0 / train/inv/effective_rep_weight 0.02 / train/inv/head_objective 0.49 / train/inv/head_weight 0 / train/inv/objective 0.49 / train/inv/policy_weight_max 1 / train/inv/policy_weight_mean 1 / train/inv/policy_weight_min 1 / train/inv/policy_weight_std 0 / train/inv/valid_frac 1 / train/inv/weight 0.02 / train/loss/con 0.02 / train/loss/dyn 2.7 / train/loss/image 3.75 / train/loss/inv 9.8e-3 / train/loss/policy -0.01 / train/loss/rep 2.7 / train/loss/repval 1.19 / train/loss/rew 0.52 / train/loss/value 1.18 / replay/replay_ratio 264 / fps/policy 5.68 / fps/train 1453.24

Writing metrics: /home/zhangpeiying01/lfy/btwm-7.7/runs/btwm_dmc_walker_walk_seed1_w002_b11_s1/metrics.jsonl
Writing metrics: /home/zhangpeiying01/lfy/btwm-7.7/runs/btwm_dmc_walker_walk_seed1_w002_b11_s1/scores.jsonl

--------------------[Agent Step 102_432]--------------------
Metrics filtered by: 'score|length|fps|ratio|train/loss/|train/acc/|train/inv/|train/rand/'
train/acc/inv 0.6 / train/inv/ce 1.17 / train/inv/confidence 0.38 / train/inv/confidence_gating 0 / train/inv/effective_rep_weight 0.02 / train/inv/head_objective 0.49 / train/inv/head_weight 0 / train/inv/objective 0.49 / train/inv/policy_weight_max 1 / train/inv/policy_weight_mean 1 / train/inv/policy_weight_min 1 / train/inv/policy_weight_std 0 / train/inv/valid_frac 1 / train/inv/weight 0.02 / train/loss/con 0.02 / train/loss/dyn 2.76 / train/loss/image 3.82 / train/loss/inv 9.8e-3 / train/loss/policy -0.01 / train/loss/rep 2.76 / train/loss/repval 1.19 / train/loss/rew 0.52 / train/loss/value 1.17 / replay/replay_ratio 264 / fps/policy 5.68 / fps/train 1454.22

Writing metrics: /home/zhangpeiying01/lfy/btwm-7.7/runs/btwm_dmc_walker_walk_seed1_w002_b11_s1/metrics.jsonl
Writing metrics: /home/zhangpeiying01/lfy/btwm-7.7/runs/btwm_dmc_walker_walk_seed1_w002_b11_s1/scores.jsonl

--------------------[Agent Step 103_120]--------------------
Metrics filtered by: 'score|length|fps|ratio|train/loss/|train/acc/|train/inv/|train/rand/'
train/acc/inv 0.6 / train/inv/ce 1.17 / train/inv/confidence 0.38 / train/inv/confidence_gating 0 / train/inv/effective_rep_weight 0.02 / train/inv/head_objective 0.49 / train/inv/head_weight 0 / train/inv/objective 0.49 / train/inv/policy_weight_max 1 / train/inv/policy_weight_mean 1 / train/inv/policy_weight_min 1 / train/inv/policy_weight_std 0 / train/inv/valid_frac 1 / train/inv/weight 0.02 / train/loss/con 0.02 / train/loss/dyn 2.75 / train/loss/image 3.77 / train/loss/inv 9.8e-3 / train/loss/policy -0.02 / train/loss/rep 2.75 / train/loss/repval 1.19 / train/loss/rew 0.52 / train/loss/value 1.17 / replay/replay_ratio 264 / fps/policy 5.68 / fps/train 1453.17

Writing metrics: /home/zhangpeiying01/lfy/btwm-7.7/runs/btwm_dmc_walker_walk_seed1_w002_b11_s1/metrics.jsonl
Writing metrics: /home/zhangpeiying01/lfy/btwm-7.7/runs/btwm_dmc_walker_walk_seed1_w002_b11_s1/scores.jsonl

--------------------[Agent Step 103_808]--------------------
Metrics filtered by: 'score|length|fps|ratio|train/loss/|train/acc/|train/inv/|train/rand/'
train/acc/inv 0.6 / train/inv/ce 1.18 / train/inv/confidence 0.37 / train/inv/confidence_gating 0 / train/inv/effective_rep_weight 0.02 / train/inv/head_objective 0.49 / train/inv/head_weight 0 / train/inv/objective 0.49 / train/inv/policy_weight_max 1 / train/inv/policy_weight_mean 1 / train/inv/policy_weight_min 1 / train/inv/policy_weight_std 0 / train/inv/valid_frac 1 / train/inv/weight 0.02 / train/loss/con 0.02 / train/loss/dyn 2.72 / train/loss/image 3.7 / train/loss/inv 9.8e-3 / train/loss/policy -0.01 / train/loss/rep 2.72 / train/loss/repval 1.19 / train/loss/rew 0.52 / train/loss/value 1.17 / replay/replay_ratio 264 / fps/policy 5.68 / fps/train 1455.09

Writing metrics: /home/zhangpeiying01/lfy/btwm-7.7/runs/btwm_dmc_walker_walk_seed1_w002_b11_s1/metrics.jsonl
Writing metrics: /home/zhangpeiying01/lfy/btwm-7.7/runs/btwm_dmc_walker_walk_seed1_w002_b11_s1/scores.jsonl
Saving checkpoint: /home/zhangpeiying01/lfy/btwm-7.7/runs/btwm_dmc_walker_walk_seed1_w002_b11_s1/ckpt/20260716T014927F337679
Saved checkpoint.

--------------------[Agent Step 104_496]--------------------
Metrics filtered by: 'score|length|fps|ratio|train/loss/|train/acc/|train/inv/|train/rand/'
train/acc/inv 0.6 / train/inv/ce 1.17 / train/inv/confidence 0.37 / train/inv/confidence_gating 0 / train/inv/effective_rep_weight 0.02 / train/inv/head_objective 0.49 / train/inv/head_weight 0 / train/inv/objective 0.49 / train/inv/policy_weight_max 1 / train/inv/policy_weight_mean 1 / train/inv/policy_weight_min 1 / train/inv/policy_weight_std 0 / train/inv/valid_frac 1 / train/inv/weight 0.02 / train/loss/con 0.02 / train/loss/dyn 2.67 / train/loss/image 3.64 / train/loss/inv 9.8e-3 / train/loss/policy -0.02 / train/loss/rep 2.67 / train/loss/repval 1.2 / train/loss/rew 0.52 / train/loss/value 1.17 / replay/replay_ratio 264 / fps/policy 5.6 / fps/train 1434.66

Writing metrics: /home/zhangpeiying01/lfy/btwm-7.7/runs/btwm_dmc_walker_walk_seed1_w002_b11_s1/metrics.jsonl
Writing metrics: /home/zhangpeiying01/lfy/btwm-7.7/runs/btwm_dmc_walker_walk_seed1_w002_b11_s1/scores.jsonl

--------------------[Agent Step 105_184]--------------------
Metrics filtered by: 'score|length|fps|ratio|train/loss/|train/acc/|train/inv/|train/rand/'
train/acc/inv 0.6 / train/inv/ce 1.18 / train/inv/confidence 0.37 / train/inv/confidence_gating 0 / train/inv/effective_rep_weight 0.02 / train/inv/head_objective 0.49 / train/inv/head_weight 0 / train/inv/objective 0.49 / train/inv/policy_weight_max 1 / train/inv/policy_weight_mean 1 / train/inv/policy_weight_min 1 / train/inv/policy_weight_std 0 / train/inv/valid_frac 1 / train/inv/weight 0.02 / train/loss/con 0.02 / train/loss/dyn 2.75 / train/loss/image 3.65 / train/loss/inv 9.8e-3 / train/loss/policy -0.01 / train/loss/rep 2.75 / train/loss/repval 1.2 / train/loss/rew 0.52 / train/loss/value 1.18 / replay/replay_ratio 264 / fps/policy 5.71 / fps/train 1461.35

Writing metrics: /home/zhangpeiying01/lfy/btwm-7.7/runs/btwm_dmc_walker_walk_seed1_w002_b11_s1/metrics.jsonl
Writing metrics: /home/zhangpeiying01/lfy/btwm-7.7/runs/btwm_dmc_walker_walk_seed1_w002_b11_s1/scores.jsonl

--------------------[Agent Step 105_872]--------------------
Metrics filtered by: 'score|length|fps|ratio|train/loss/|train/acc/|train/inv/|train/rand/'
train/acc/inv 0.61 / train/inv/ce 1.16 / train/inv/confidence 0.38 / train/inv/confidence_gating 0 / train/inv/effective_rep_weight 0.02 / train/inv/head_objective 0.48 / train/inv/head_weight 0 / train/inv/objective 0.48 / train/inv/policy_weight_max 1 / train/inv/policy_weight_mean 1 / train/inv/policy_weight_min 1 / train/inv/policy_weight_std 0 / train/inv/valid_frac 1 / train/inv/weight 0.02 / train/loss/con 0.02 / train/loss/dyn 2.68 / train/loss/image 3.58 / train/loss/inv 9.7e-3 / train/loss/policy -0.01 / train/loss/rep 2.68 / train/loss/repval 1.18 / train/loss/rew 0.52 / train/loss/value 1.17 / replay/replay_ratio 264 / fps/policy 5.68 / fps/train 1453.49

Writing metrics: /home/zhangpeiying01/lfy/btwm-7.7/runs/btwm_dmc_walker_walk_seed1_w002_b11_s1/scores.jsonl
Writing metrics: /home/zhangpeiying01/lfy/btwm-7.7/runs/btwm_dmc_walker_walk_seed1_w002_b11_s1/metrics.jsonl

--------------------[Agent Step 106_560]--------------------
Metrics filtered by: 'score|length|fps|ratio|train/loss/|train/acc/|train/inv/|train/rand/'
train/acc/inv 0.6 / train/inv/ce 1.18 / train/inv/confidence 0.37 / train/inv/confidence_gating 0 / train/inv/effective_rep_weight 0.02 / train/inv/head_objective 0.49 / train/inv/head_weight 0 / train/inv/objective 0.49 / train/inv/policy_weight_max 1 / train/inv/policy_weight_mean 1 / train/inv/policy_weight_min 1 / train/inv/policy_weight_std 0 / train/inv/valid_frac 1 / train/inv/weight 0.02 / train/loss/con 0.02 / train/loss/dyn 2.7 / train/loss/image 3.6 / train/loss/inv 9.9e-3 / train/loss/policy -9.7e-3 / train/loss/rep 2.7 / train/loss/repval 1.18 / train/loss/rew 0.52 / train/loss/value 1.16 / replay/replay_ratio 264 / fps/policy 5.66 / fps/train 1449.69

Writing metrics: /home/zhangpeiying01/lfy/btwm-7.7/runs/btwm_dmc_walker_walk_seed1_w002_b11_s1/metrics.jsonl
Writing metrics: /home/zhangpeiying01/lfy/btwm-7.7/runs/btwm_dmc_walker_walk_seed1_w002_b11_s1/scores.jsonl

--------------------[Agent Step 107_248]--------------------
Metrics filtered by: 'score|length|fps|ratio|train/loss/|train/acc/|train/inv/|train/rand/'
train/acc/inv 0.6 / train/inv/ce 1.18 / train/inv/confidence 0.37 / train/inv/confidence_gating 0 / train/inv/effective_rep_weight 0.02 / train/inv/head_objective 0.49 / train/inv/head_weight 0 / train/inv/objective 0.49 / train/inv/policy_weight_max 1 / train/inv/policy_weight_mean 1 / train/inv/policy_weight_min 1 / train/inv/policy_weight_std 0 / train/inv/valid_frac 1 / train/inv/weight 0.02 / train/loss/con 0.02 / train/loss/dyn 2.72 / train/loss/image 3.62 / train/loss/inv 9.8e-3 / train/loss/policy -9.1e-3 / train/loss/rep 2.72 / train/loss/repval 1.18 / train/loss/rew 0.52 / train/loss/value 1.15 / replay/replay_ratio 264 / fps/policy 5.68 / fps/train 1452.92

Writing metrics: /home/zhangpeiying01/lfy/btwm-7.7/runs/btwm_dmc_walker_walk_seed1_w002_b11_s1/scores.jsonl
Writing metrics: /home/zhangpeiying01/lfy/btwm-7.7/runs/btwm_dmc_walker_walk_seed1_w002_b11_s1/metrics.jsonl

--------------------[Agent Step 107_936]--------------------
Metrics filtered by: 'score|length|fps|ratio|train/loss/|train/acc/|train/inv/|train/rand/'
train/acc/inv 0.6 / train/inv/ce 1.18 / train/inv/confidence 0.37 / train/inv/confidence_gating 0 / train/inv/effective_rep_weight 0.02 / train/inv/head_objective 0.49 / train/inv/head_weight 0 / train/inv/objective 0.49 / train/inv/policy_weight_max 1 / train/inv/policy_weight_mean 1 / train/inv/policy_weight_min 1 / train/inv/policy_weight_std 0 / train/inv/valid_frac 1 / train/inv/weight 0.02 / train/loss/con 0.02 / train/loss/dyn 2.67 / train/loss/image 3.58 / train/loss/inv 9.8e-3 / train/loss/policy -9.8e-3 / train/loss/rep 2.67 / train/loss/repval 1.18 / train/loss/rew 0.53 / train/loss/value 1.15 / replay/replay_ratio 264 / fps/policy 5.68 / fps/train 1454.46

Writing metrics: /home/zhangpeiying01/lfy/btwm-7.7/runs/btwm_dmc_walker_walk_seed1_w002_b11_s1/scores.jsonl
Writing metrics: /home/zhangpeiying01/lfy/btwm-7.7/runs/btwm_dmc_walker_walk_seed1_w002_b11_s1/metrics.jsonl

--------------------[Agent Step 108_624]--------------------
Metrics filtered by: 'score|length|fps|ratio|train/loss/|train/acc/|train/inv/|train/rand/'
train/acc/inv 0.61 / train/inv/ce 1.16 / train/inv/confidence 0.38 / train/inv/confidence_gating 0 / train/inv/effective_rep_weight 0.02 / train/inv/head_objective 0.48 / train/inv/head_weight 0 / train/inv/objective 0.48 / train/inv/policy_weight_max 1 / train/inv/policy_weight_mean 1 / train/inv/policy_weight_min 1 / train/inv/policy_weight_std 0 / train/inv/valid_frac 1 / train/inv/weight 0.02 / train/loss/con 0.02 / train/loss/dyn 2.63 / train/loss/image 3.5 / train/loss/inv 9.7e-3 / train/loss/policy -0.02 / train/loss/rep 2.63 / train/loss/repval 1.19 / train/loss/rew 0.52 / train/loss/value 1.14 / replay/replay_ratio 264 / fps/policy 5.69 / fps/train 1455.79

Writing metrics: /home/zhangpeiying01/lfy/btwm-7.7/runs/btwm_dmc_walker_walk_seed1_w002_b11_s1/metrics.jsonl
Writing metrics: /home/zhangpeiying01/lfy/btwm-7.7/runs/btwm_dmc_walker_walk_seed1_w002_b11_s1/scores.jsonl

--------------------[Agent Step 109_312]--------------------
Metrics filtered by: 'score|length|fps|ratio|train/loss/|train/acc/|train/inv/|train/rand/'
train/acc/inv 0.61 / train/inv/ce 1.17 / train/inv/confidence 0.38 / train/inv/confidence_gating 0 / train/inv/effective_rep_weight 0.02 / train/inv/head_objective 0.49 / train/inv/head_weight 0 / train/inv/objective 0.49 / train/inv/policy_weight_max 1 / train/inv/policy_weight_mean 1 / train/inv/policy_weight_min 1 / train/inv/policy_weight_std 0 / train/inv/valid_frac 1 / train/inv/weight 0.02 / train/loss/con 0.02 / train/loss/dyn 2.69 / train/loss/image 3.54 / train/loss/inv 9.8e-3 / train/loss/policy -0.01 / train/loss/rep 2.69 / train/loss/repval 1.18 / train/loss/rew 0.53 / train/loss/value 1.14 / replay/replay_ratio 264 / fps/policy 5.7 / fps/train 1459.54

Writing metrics: /home/zhangpeiying01/lfy/btwm-7.7/runs/btwm_dmc_walker_walk_seed1_w002_b11_s1/metrics.jsonl
Writing metrics: /home/zhangpeiying01/lfy/btwm-7.7/runs/btwm_dmc_walker_walk_seed1_w002_b11_s1/scores.jsonl

--------------------[Agent Step 110_000]--------------------
Metrics filtered by: 'score|length|fps|ratio|train/loss/|train/acc/|train/inv/|train/rand/'
train/acc/inv 0.61 / train/inv/ce 1.17 / train/inv/confidence 0.38 / train/inv/confidence_gating 0 / train/inv/effective_rep_weight 0.02 / train/inv/head_objective 0.49 / train/inv/head_weight 0 / train/inv/objective 0.49 / train/inv/policy_weight_max 1 / train/inv/policy_weight_mean 1 / train/inv/policy_weight_min 1 / train/inv/policy_weight_std 0 / train/inv/valid_frac 1 / train/inv/weight 0.02 / train/loss/con 0.02 / train/loss/dyn 2.67 / train/loss/image 3.5 / train/loss/inv 9.8e-3 / train/loss/policy -0.02 / train/loss/rep 2.67 / train/loss/repval 1.18 / train/loss/rew 0.53 / train/loss/value 1.13 / replay/replay_ratio 264 / fps/policy 5.73 / fps/train 1465.87

Writing metrics: /home/zhangpeiying01/lfy/btwm-7.7/runs/btwm_dmc_walker_walk_seed1_w002_b11_s1/scores.jsonl
Writing metrics: /home/zhangpeiying01/lfy/btwm-7.7/runs/btwm_dmc_walker_walk_seed1_w002_b11_s1/metrics.jsonl

--------------------[Agent Step 110_704]--------------------
Metrics filtered by: 'score|length|fps|ratio|train/loss/|train/acc/|train/inv/|train/rand/'
train/acc/inv 0.61 / train/inv/ce 1.17 / train/inv/confidence 0.38 / train/inv/confidence_gating 0 / train/inv/effective_rep_weight 0.02 / train/inv/head_objective 0.49 / train/inv/head_weight 0 / train/inv/objective 0.49 / train/inv/policy_weight_max 1 / train/inv/policy_weight_mean 1 / train/inv/policy_weight_min 1 / train/inv/policy_weight_std 0 / train/inv/valid_frac 1 / train/inv/weight 0.02 / train/loss/con 0.02 / train/loss/dyn 2.65 / train/loss/image 3.5 / train/loss/inv 9.7e-3 / train/loss/policy -0.01 / train/loss/rep 2.65 / train/loss/repval 1.18 / train/loss/rew 0.53 / train/loss/value 1.13 / replay/replay_ratio 264 / fps/policy 5.74 / fps/train 1468.54

Writing metrics: /home/zhangpeiying01/lfy/btwm-7.7/runs/btwm_dmc_walker_walk_seed1_w002_b11_s1/metrics.jsonl
Writing metrics: /home/zhangpeiying01/lfy/btwm-7.7/runs/btwm_dmc_walker_walk_seed1_w002_b11_s1/scores.jsonl

--------------------[Agent Step 111_392]--------------------
Metrics filtered by: 'score|length|fps|ratio|train/loss/|train/acc/|train/inv/|train/rand/'
train/acc/inv 0.61 / train/inv/ce 1.17 / train/inv/confidence 0.38 / train/inv/confidence_gating 0 / train/inv/effective_rep_weight 0.02 / train/inv/head_objective 0.49 / train/inv/head_weight 0 / train/inv/objective 0.49 / train/inv/policy_weight_max 1 / train/inv/policy_weight_mean 1 / train/inv/policy_weight_min 1 / train/inv/policy_weight_std 0 / train/inv/valid_frac 1 / train/inv/weight 0.02 / train/loss/con 0.02 / train/loss/dyn 2.65 / train/loss/image 3.45 / train/loss/inv 9.8e-3 / train/loss/policy -0.01 / train/loss/rep 2.65 / train/loss/repval 1.17 / train/loss/rew 0.53 / train/loss/value 1.12 / replay/replay_ratio 264 / fps/policy 5.72 / fps/train 1464.33

Writing metrics: /home/zhangpeiying01/lfy/btwm-7.7/runs/btwm_dmc_walker_walk_seed1_w002_b11_s1/metrics.jsonl
Writing metrics: /home/zhangpeiying01/lfy/btwm-7.7/runs/btwm_dmc_walker_walk_seed1_w002_b11_s1/scores.jsonl

--------------------[Agent Step 112_080]--------------------
Metrics filtered by: 'score|length|fps|ratio|train/loss/|train/acc/|train/inv/|train/rand/'
train/acc/inv 0.6 / train/inv/ce 1.18 / train/inv/confidence 0.37 / train/inv/confidence_gating 0 / train/inv/effective_rep_weight 0.02 / train/inv/head_objective 0.49 / train/inv/head_weight 0 / train/inv/objective 0.49 / train/inv/policy_weight_max 1 / train/inv/policy_weight_mean 1 / train/inv/policy_weight_min 1 / train/inv/policy_weight_std 0 / train/inv/valid_frac 1 / train/inv/weight 0.02 / train/loss/con 0.02 / train/loss/dyn 2.7 / train/loss/image 3.45 / train/loss/inv 9.9e-3 / train/loss/policy -8.9e-3 / train/loss/rep 2.7 / train/loss/repval 1.17 / train/loss/rew 0.53 / train/loss/value 1.12 / replay/replay_ratio 264 / fps/policy 5.69 / fps/train 1455.5

Writing metrics: /home/zhangpeiying01/lfy/btwm-7.7/runs/btwm_dmc_walker_walk_seed1_w002_b11_s1/metrics.jsonl
Writing metrics: /home/zhangpeiying01/lfy/btwm-7.7/runs/btwm_dmc_walker_walk_seed1_w002_b11_s1/scores.jsonl

--------------------[Agent Step 112_768]--------------------
Metrics filtered by: 'score|length|fps|ratio|train/loss/|train/acc/|train/inv/|train/rand/'
episode/score 818.39 / episode/length 1001 / train/acc/inv 0.6 / train/inv/ce 1.2 / train/inv/confidence 0.37 / train/inv/confidence_gating 0 / train/inv/effective_rep_weight 0.02 / train/inv/head_objective 0.5 / train/inv/head_weight 0 / train/inv/objective 0.5 / train/inv/policy_weight_max 1 / train/inv/policy_weight_mean 1 / train/inv/policy_weight_min 1 / train/inv/policy_weight_std 0 / train/inv/valid_frac 1 / train/inv/weight 0.02 / train/loss/con 0.02 / train/loss/dyn 2.78 / train/loss/image 3.63 / train/loss/inv 1e-2 / train/loss/policy -0.01 / train/loss/rep 2.78 / train/loss/repval 1.17 / train/loss/rew 0.53 / train/loss/value 1.12 / replay/replay_ratio 264 / fps/policy 5.7 / fps/train 1459.13

Writing metrics: /home/zhangpeiying01/lfy/btwm-7.7/runs/btwm_dmc_walker_walk_seed1_w002_b11_s1/metrics.jsonl
Writing metrics: /home/zhangpeiying01/lfy/btwm-7.7/runs/btwm_dmc_walker_walk_seed1_w002_b11_s1/scores.jsonl

--------------------[Agent Step 113_456]--------------------
Metrics filtered by: 'score|length|fps|ratio|train/loss/|train/acc/|train/inv/|train/rand/'
train/acc/inv 0.6 / train/inv/ce 1.21 / train/inv/confidence 0.36 / train/inv/confidence_gating 0 / train/inv/effective_rep_weight 0.02 / train/inv/head_objective 0.5 / train/inv/head_weight 0 / train/inv/objective 0.5 / train/inv/policy_weight_max 1 / train/inv/policy_weight_mean 1 / train/inv/policy_weight_min 1 / train/inv/policy_weight_std 0 / train/inv/valid_frac 1 / train/inv/weight 0.02 / train/loss/con 0.02 / train/loss/dyn 2.86 / train/loss/image 3.76 / train/loss/inv 0.01 / train/loss/policy -6.4e-3 / train/loss/rep 2.86 / train/loss/repval 1.18 / train/loss/rew 0.53 / train/loss/value 1.12 / replay/replay_ratio 264 / fps/policy 5.69 / fps/train 1455.49

Writing metrics: /home/zhangpeiying01/lfy/btwm-7.7/runs/btwm_dmc_walker_walk_seed1_w002_b11_s1/scores.jsonl
Writing metrics: /home/zhangpeiying01/lfy/btwm-7.7/runs/btwm_dmc_walker_walk_seed1_w002_b11_s1/metrics.jsonl

--------------------[Agent Step 114_144]--------------------
Metrics filtered by: 'score|length|fps|ratio|train/loss/|train/acc/|train/inv/|train/rand/'
train/acc/inv 0.6 / train/inv/ce 1.21 / train/inv/confidence 0.36 / train/inv/confidence_gating 0 / train/inv/effective_rep_weight 0.02 / train/inv/head_objective 0.51 / train/inv/head_weight 0 / train/inv/objective 0.51 / train/inv/policy_weight_max 1 / train/inv/policy_weight_mean 1 / train/inv/policy_weight_min 1 / train/inv/policy_weight_std 0 / train/inv/valid_frac 1 / train/inv/weight 0.02 / train/loss/con 0.02 / train/loss/dyn 2.81 / train/loss/image 3.72 / train/loss/inv 0.01 / train/loss/policy -0.01 / train/loss/rep 2.81 / train/loss/repval 1.17 / train/loss/rew 0.53 / train/loss/value 1.11 / replay/replay_ratio 264 / fps/policy 5.69 / fps/train 1457.09

Writing metrics: /home/zhangpeiying01/lfy/btwm-7.7/runs/btwm_dmc_walker_walk_seed1_w002_b11_s1/metrics.jsonl
Writing metrics: /home/zhangpeiying01/lfy/btwm-7.7/runs/btwm_dmc_walker_walk_seed1_w002_b11_s1/scores.jsonl

--------------------[Agent Step 114_832]--------------------
Metrics filtered by: 'score|length|fps|ratio|train/loss/|train/acc/|train/inv/|train/rand/'
train/acc/inv 0.6 / train/inv/ce 1.2 / train/inv/confidence 0.37 / train/inv/confidence_gating 0 / train/inv/effective_rep_weight 0.02 / train/inv/head_objective 0.5 / train/inv/head_weight 0 / train/inv/objective 0.5 / train/inv/policy_weight_max 1 / train/inv/policy_weight_mean 1 / train/inv/policy_weight_min 1 / train/inv/policy_weight_std 0 / train/inv/valid_frac 1 / train/inv/weight 0.02 / train/loss/con 0.02 / train/loss/dyn 2.72 / train/loss/image 3.63 / train/loss/inv 0.01 / train/loss/policy -0.01 / train/loss/rep 2.72 / train/loss/repval 1.17 / train/loss/rew 0.53 / train/loss/value 1.12 / replay/replay_ratio 264 / fps/policy 5.69 / fps/train 1456.95

Writing metrics: /home/zhangpeiying01/lfy/btwm-7.7/runs/btwm_dmc_walker_walk_seed1_w002_b11_s1/scores.jsonl
Writing metrics: /home/zhangpeiying01/lfy/btwm-7.7/runs/btwm_dmc_walker_walk_seed1_w002_b11_s1/metrics.jsonl

--------------------[Agent Step 115_520]--------------------
Metrics filtered by: 'score|length|fps|ratio|train/loss/|train/acc/|train/inv/|train/rand/'
train/acc/inv 0.59 / train/inv/ce 1.22 / train/inv/confidence 0.36 / train/inv/confidence_gating 0 / train/inv/effective_rep_weight 0.02 / train/inv/head_objective 0.51 / train/inv/head_weight 0 / train/inv/objective 0.51 / train/inv/policy_weight_max 1 / train/inv/policy_weight_mean 1 / train/inv/policy_weight_min 1 / train/inv/policy_weight_std 0 / train/inv/valid_frac 1 / train/inv/weight 0.02 / train/loss/con 0.02 / train/loss/dyn 2.71 / train/loss/image 3.57 / train/loss/inv 0.01 / train/loss/policy -0.02 / train/loss/rep 2.71 / train/loss/repval 1.17 / train/loss/rew 0.53 / train/loss/value 1.11 / replay/replay_ratio 264 / fps/policy 5.69 / fps/train 1456.21

Writing metrics: /home/zhangpeiying01/lfy/btwm-7.7/runs/btwm_dmc_walker_walk_seed1_w002_b11_s1/scores.jsonl
Writing metrics: /home/zhangpeiying01/lfy/btwm-7.7/runs/btwm_dmc_walker_walk_seed1_w002_b11_s1/metrics.jsonl

--------------------[Agent Step 116_208]--------------------
Metrics filtered by: 'score|length|fps|ratio|train/loss/|train/acc/|train/inv/|train/rand/'
train/acc/inv 0.6 / train/inv/ce 1.2 / train/inv/confidence 0.37 / train/inv/confidence_gating 0 / train/inv/effective_rep_weight 0.02 / train/inv/head_objective 0.5 / train/inv/head_weight 0 / train/inv/objective 0.5 / train/inv/policy_weight_max 1 / train/inv/policy_weight_mean 1 / train/inv/policy_weight_min 1 / train/inv/policy_weight_std 0 / train/inv/valid_frac 1 / train/inv/weight 0.02 / train/loss/con 0.02 / train/loss/dyn 2.71 / train/loss/image 3.51 / train/loss/inv 0.01 / train/loss/policy -0.02 / train/loss/rep 2.71 / train/loss/repval 1.17 / train/loss/rew 0.53 / train/loss/value 1.12 / replay/replay_ratio 264 / fps/policy 5.68 / fps/train 1454.5

Writing metrics: /home/zhangpeiying01/lfy/btwm-7.7/runs/btwm_dmc_walker_walk_seed1_w002_b11_s1/metrics.jsonl
Writing metrics: /home/zhangpeiying01/lfy/btwm-7.7/runs/btwm_dmc_walker_walk_seed1_w002_b11_s1/scores.jsonl

--------------------[Agent Step 116_896]--------------------
Metrics filtered by: 'score|length|fps|ratio|train/loss/|train/acc/|train/inv/|train/rand/'
train/acc/inv 0.6 / train/inv/ce 1.21 / train/inv/confidence 0.36 / train/inv/confidence_gating 0 / train/inv/effective_rep_weight 0.02 / train/inv/head_objective 0.5 / train/inv/head_weight 0 / train/inv/objective 0.5 / train/inv/policy_weight_max 1 / train/inv/policy_weight_mean 1 / train/inv/policy_weight_min 1 / train/inv/policy_weight_std 0 / train/inv/valid_frac 1 / train/inv/weight 0.02 / train/loss/con 0.02 / train/loss/dyn 2.73 / train/loss/image 3.54 / train/loss/inv 0.01 / train/loss/policy -0.01 / train/loss/rep 2.73 / train/loss/repval 1.18 / train/loss/rew 0.53 / train/loss/value 1.12 / replay/replay_ratio 264 / fps/policy 5.67 / fps/train 1451.82

Writing metrics: /home/zhangpeiying01/lfy/btwm-7.7/runs/btwm_dmc_walker_walk_seed1_w002_b11_s1/metrics.jsonl
Writing metrics: /home/zhangpeiying01/lfy/btwm-7.7/runs/btwm_dmc_walker_walk_seed1_w002_b11_s1/scores.jsonl

--------------------[Agent Step 117_584]--------------------
Metrics filtered by: 'score|length|fps|ratio|train/loss/|train/acc/|train/inv/|train/rand/'
train/acc/inv 0.6 / train/inv/ce 1.21 / train/inv/confidence 0.36 / train/inv/confidence_gating 0 / train/inv/effective_rep_weight 0.02 / train/inv/head_objective 0.5 / train/inv/head_weight 0 / train/inv/objective 0.5 / train/inv/policy_weight_max 1 / train/inv/policy_weight_mean 1 / train/inv/policy_weight_min 1 / train/inv/policy_weight_std 0 / train/inv/valid_frac 1 / train/inv/weight 0.02 / train/loss/con 0.02 / train/loss/dyn 2.73 / train/loss/image 3.5 / train/loss/inv 0.01 / train/loss/policy -0.01 / train/loss/rep 2.73 / train/loss/repval 1.18 / train/loss/rew 0.53 / train/loss/value 1.12 / replay/replay_ratio 264 / fps/policy 5.69 / fps/train 1455.71

Writing metrics: /home/zhangpeiying01/lfy/btwm-7.7/runs/btwm_dmc_walker_walk_seed1_w002_b11_s1/scores.jsonl
Writing metrics: /home/zhangpeiying01/lfy/btwm-7.7/runs/btwm_dmc_walker_walk_seed1_w002_b11_s1/metrics.jsonl

--------------------[Agent Step 118_272]--------------------
Metrics filtered by: 'score|length|fps|ratio|train/loss/|train/acc/|train/inv/|train/rand/'
train/acc/inv 0.6 / train/inv/ce 1.21 / train/inv/confidence 0.36 / train/inv/confidence_gating 0 / train/inv/effective_rep_weight 0.02 / train/inv/head_objective 0.5 / train/inv/head_weight 0 / train/inv/objective 0.5 / train/inv/policy_weight_max 1 / train/inv/policy_weight_mean 1 / train/inv/policy_weight_min 1 / train/inv/policy_weight_std 0 / train/inv/valid_frac 1 / train/inv/weight 0.02 / train/loss/con 0.02 / train/loss/dyn 2.75 / train/loss/image 3.55 / train/loss/inv 0.01 / train/loss/policy -0.01 / train/loss/rep 2.75 / train/loss/repval 1.18 / train/loss/rew 0.53 / train/loss/value 1.12 / replay/replay_ratio 264 / fps/policy 5.68 / fps/train 1454.38

Writing metrics: /home/zhangpeiying01/lfy/btwm-7.7/runs/btwm_dmc_walker_walk_seed1_w002_b11_s1/metrics.jsonl
Writing metrics: /home/zhangpeiying01/lfy/btwm-7.7/runs/btwm_dmc_walker_walk_seed1_w002_b11_s1/scores.jsonl

--------------------[Agent Step 118_960]--------------------
Metrics filtered by: 'score|length|fps|ratio|train/loss/|train/acc/|train/inv/|train/rand/'
train/acc/inv 0.59 / train/inv/ce 1.21 / train/inv/confidence 0.36 / train/inv/confidence_gating 0 / train/inv/effective_rep_weight 0.02 / train/inv/head_objective 0.51 / train/inv/head_weight 0 / train/inv/objective 0.51 / train/inv/policy_weight_max 1 / train/inv/policy_weight_mean 1 / train/inv/policy_weight_min 1 / train/inv/policy_weight_std 0 / train/inv/valid_frac 1 / train/inv/weight 0.02 / train/loss/con 0.02 / train/loss/dyn 2.72 / train/loss/image 3.51 / train/loss/inv 0.01 / train/loss/policy -0.01 / train/loss/rep 2.72 / train/loss/repval 1.18 / train/loss/rew 0.53 / train/loss/value 1.13 / replay/replay_ratio 264 / fps/policy 5.68 / fps/train 1453.6

Writing metrics: /home/zhangpeiying01/lfy/btwm-7.7/runs/btwm_dmc_walker_walk_seed1_w002_b11_s1/metrics.jsonl
Writing metrics: /home/zhangpeiying01/lfy/btwm-7.7/runs/btwm_dmc_walker_walk_seed1_w002_b11_s1/scores.jsonl

--------------------[Agent Step 119_648]--------------------
Metrics filtered by: 'score|length|fps|ratio|train/loss/|train/acc/|train/inv/|train/rand/'
train/acc/inv 0.59 / train/inv/ce 1.22 / train/inv/confidence 0.36 / train/inv/confidence_gating 0 / train/inv/effective_rep_weight 0.02 / train/inv/head_objective 0.51 / train/inv/head_weight 0 / train/inv/objective 0.51 / train/inv/policy_weight_max 1 / train/inv/policy_weight_mean 1 / train/inv/policy_weight_min 1 / train/inv/policy_weight_std 0 / train/inv/valid_frac 1 / train/inv/weight 0.02 / train/loss/con 0.02 / train/loss/dyn 2.71 / train/loss/image 3.5 / train/loss/inv 0.01 / train/loss/policy -9e-3 / train/loss/rep 2.71 / train/loss/repval 1.18 / train/loss/rew 0.53 / train/loss/value 1.12 / replay/replay_ratio 264 / fps/policy 5.68 / fps/train 1453.82

Writing metrics: /home/zhangpeiying01/lfy/btwm-7.7/runs/btwm_dmc_walker_walk_seed1_w002_b11_s1/metrics.jsonl
Writing metrics: /home/zhangpeiying01/lfy/btwm-7.7/runs/btwm_dmc_walker_walk_seed1_w002_b11_s1/scores.jsonl

--------------------[Agent Step 120_336]--------------------
Metrics filtered by: 'score|length|fps|ratio|train/loss/|train/acc/|train/inv/|train/rand/'
train/acc/inv 0.59 / train/inv/ce 1.22 / train/inv/confidence 0.36 / train/inv/confidence_gating 0 / train/inv/effective_rep_weight 0.02 / train/inv/head_objective 0.51 / train/inv/head_weight 0 / train/inv/objective 0.51 / train/inv/policy_weight_max 1 / train/inv/policy_weight_mean 1 / train/inv/policy_weight_min 1 / train/inv/policy_weight_std 0 / train/inv/valid_frac 1 / train/inv/weight 0.02 / train/loss/con 0.02 / train/loss/dyn 2.73 / train/loss/image 3.46 / train/loss/inv 0.01 / train/loss/policy -0.01 / train/loss/rep 2.73 / train/loss/repval 1.17 / train/loss/rew 0.53 / train/loss/value 1.12 / replay/replay_ratio 264 / fps/policy 5.67 / fps/train 1452.56

Writing metrics: /home/zhangpeiying01/lfy/btwm-7.7/runs/btwm_dmc_walker_walk_seed1_w002_b11_s1/scores.jsonl
Writing metrics: /home/zhangpeiying01/lfy/btwm-7.7/runs/btwm_dmc_walker_walk_seed1_w002_b11_s1/metrics.jsonl

--------------------[Agent Step 121_024]--------------------
Metrics filtered by: 'score|length|fps|ratio|train/loss/|train/acc/|train/inv/|train/rand/'
train/acc/inv 0.59 / train/inv/ce 1.22 / train/inv/confidence 0.36 / train/inv/confidence_gating 0 / train/inv/effective_rep_weight 0.02 / train/inv/head_objective 0.51 / train/inv/head_weight 0 / train/inv/objective 0.51 / train/inv/policy_weight_max 1 / train/inv/policy_weight_mean 1 / train/inv/policy_weight_min 1 / train/inv/policy_weight_std 0 / train/inv/valid_frac 1 / train/inv/weight 0.02 / train/loss/con 0.02 / train/loss/dyn 2.84 / train/loss/image 3.58 / train/loss/inv 0.01 / train/loss/policy -9.5e-3 / train/loss/rep 2.84 / train/loss/repval 1.17 / train/loss/rew 0.53 / train/loss/value 1.12 / replay/replay_ratio 264 / fps/policy 5.69 / fps/train 1456.72

Writing metrics: /home/zhangpeiying01/lfy/btwm-7.7/runs/btwm_dmc_walker_walk_seed1_w002_b11_s1/metrics.jsonl
Writing metrics: /home/zhangpeiying01/lfy/btwm-7.7/runs/btwm_dmc_walker_walk_seed1_w002_b11_s1/scores.jsonl

--------------------[Agent Step 121_712]--------------------
Metrics filtered by: 'score|length|fps|ratio|train/loss/|train/acc/|train/inv/|train/rand/'
train/acc/inv 0.6 / train/inv/ce 1.2 / train/inv/confidence 0.37 / train/inv/confidence_gating 0 / train/inv/effective_rep_weight 0.02 / train/inv/head_objective 0.5 / train/inv/head_weight 0 / train/inv/objective 0.5 / train/inv/policy_weight_max 1 / train/inv/policy_weight_mean 1 / train/inv/policy_weight_min 1 / train/inv/policy_weight_std 0 / train/inv/valid_frac 1 / train/inv/weight 0.02 / train/loss/con 0.02 / train/loss/dyn 2.66 / train/loss/image 3.44 / train/loss/inv 0.01 / train/loss/policy -0.01 / train/loss/rep 2.66 / train/loss/repval 1.18 / train/loss/rew 0.53 / train/loss/value 1.12 / replay/replay_ratio 264 / fps/policy 5.68 / fps/train 1454.48

Writing metrics: /home/zhangpeiying01/lfy/btwm-7.7/runs/btwm_dmc_walker_walk_seed1_w002_b11_s1/metrics.jsonl
Writing metrics: /home/zhangpeiying01/lfy/btwm-7.7/runs/btwm_dmc_walker_walk_seed1_w002_b11_s1/scores.jsonl

--------------------[Agent Step 122_400]--------------------
Metrics filtered by: 'score|length|fps|ratio|train/loss/|train/acc/|train/inv/|train/rand/'
train/acc/inv 0.59 / train/inv/ce 1.22 / train/inv/confidence 0.36 / train/inv/confidence_gating 0 / train/inv/effective_rep_weight 0.02 / train/inv/head_objective 0.51 / train/inv/head_weight 0 / train/inv/objective 0.51 / train/inv/policy_weight_max 1 / train/inv/policy_weight_mean 1 / train/inv/policy_weight_min 1 / train/inv/policy_weight_std 0 / train/inv/valid_frac 1 / train/inv/weight 0.02 / train/loss/con 0.02 / train/loss/dyn 2.67 / train/loss/image 3.41 / train/loss/inv 0.01 / train/loss/policy -0.01 / train/loss/rep 2.67 / train/loss/repval 1.18 / train/loss/rew 0.53 / train/loss/value 1.12 / replay/replay_ratio 264 / fps/policy 5.64 / fps/train 1445.08

Writing metrics: /home/zhangpeiying01/lfy/btwm-7.7/runs/btwm_dmc_walker_walk_seed1_w002_b11_s1/metrics.jsonl
Writing metrics: /home/zhangpeiying01/lfy/btwm-7.7/runs/btwm_dmc_walker_walk_seed1_w002_b11_s1/scores.jsonl

--------------------[Agent Step 123_088]--------------------
Metrics filtered by: 'score|length|fps|ratio|train/loss/|train/acc/|train/inv/|train/rand/'
train/acc/inv 0.59 / train/inv/ce 1.23 / train/inv/confidence 0.36 / train/inv/confidence_gating 0 / train/inv/effective_rep_weight 0.02 / train/inv/head_objective 0.51 / train/inv/head_weight 0 / train/inv/objective 0.51 / train/inv/policy_weight_max 1 / train/inv/policy_weight_mean 1 / train/inv/policy_weight_min 1 / train/inv/policy_weight_std 0 / train/inv/valid_frac 1 / train/inv/weight 0.02 / train/loss/con 0.02 / train/loss/dyn 2.74 / train/loss/image 3.42 / train/loss/inv 0.01 / train/loss/policy -8.9e-3 / train/loss/rep 2.74 / train/loss/repval 1.17 / train/loss/rew 0.53 / train/loss/value 1.11 / replay/replay_ratio 264 / fps/policy 5.67 / fps/train 1452.64

Writing metrics: /home/zhangpeiying01/lfy/btwm-7.7/runs/btwm_dmc_walker_walk_seed1_w002_b11_s1/metrics.jsonl
Writing metrics: /home/zhangpeiying01/lfy/btwm-7.7/runs/btwm_dmc_walker_walk_seed1_w002_b11_s1/scores.jsonl

--------------------[Agent Step 123_776]--------------------
Metrics filtered by: 'score|length|fps|ratio|train/loss/|train/acc/|train/inv/|train/rand/'
train/acc/inv 0.59 / train/inv/ce 1.22 / train/inv/confidence 0.36 / train/inv/confidence_gating 0 / train/inv/effective_rep_weight 0.02 / train/inv/head_objective 0.51 / train/inv/head_weight 0 / train/inv/objective 0.51 / train/inv/policy_weight_max 1 / train/inv/policy_weight_mean 1 / train/inv/policy_weight_min 1 / train/inv/policy_weight_std 0 / train/inv/valid_frac 1 / train/inv/weight 0.02 / train/loss/con 0.02 / train/loss/dyn 2.69 / train/loss/image 3.39 / train/loss/inv 0.01 / train/loss/policy -0.02 / train/loss/rep 2.69 / train/loss/repval 1.17 / train/loss/rew 0.53 / train/loss/value 1.1 / replay/replay_ratio 264 / fps/policy 5.69 / fps/train 1456.42

Writing metrics: /home/zhangpeiying01/lfy/btwm-7.7/runs/btwm_dmc_walker_walk_seed1_w002_b11_s1/metrics.jsonl
Writing metrics: /home/zhangpeiying01/lfy/btwm-7.7/runs/btwm_dmc_walker_walk_seed1_w002_b11_s1/scores.jsonl

--------------------[Agent Step 124_464]--------------------
Metrics filtered by: 'score|length|fps|ratio|train/loss/|train/acc/|train/inv/|train/rand/'
train/acc/inv 0.6 / train/inv/ce 1.22 / train/inv/confidence 0.36 / train/inv/confidence_gating 0 / train/inv/effective_rep_weight 0.02 / train/inv/head_objective 0.51 / train/inv/head_weight 0 / train/inv/objective 0.51 / train/inv/policy_weight_max 1 / train/inv/policy_weight_mean 1 / train/inv/policy_weight_min 1 / train/inv/policy_weight_std 0 / train/inv/valid_frac 1 / train/inv/weight 0.02 / train/loss/con 0.02 / train/loss/dyn 2.65 / train/loss/image 3.35 / train/loss/inv 0.01 / train/loss/policy -0.01 / train/loss/rep 2.65 / train/loss/repval 1.16 / train/loss/rew 0.53 / train/loss/value 1.1 / replay/replay_ratio 264 / fps/policy 5.69 / fps/train 1457.22

Writing metrics: /home/zhangpeiying01/lfy/btwm-7.7/runs/btwm_dmc_walker_walk_seed1_w002_b11_s1/metrics.jsonl
Writing metrics: /home/zhangpeiying01/lfy/btwm-7.7/runs/btwm_dmc_walker_walk_seed1_w002_b11_s1/scores.jsonl
Saving checkpoint: /home/zhangpeiying01/lfy/btwm-7.7/runs/btwm_dmc_walker_walk_seed1_w002_b11_s1/ckpt/20260716T024927F439412
Saved checkpoint.

--------------------[Agent Step 125_152]--------------------
Metrics filtered by: 'score|length|fps|ratio|train/loss/|train/acc/|train/inv/|train/rand/'
train/acc/inv 0.6 / train/inv/ce 1.22 / train/inv/confidence 0.36 / train/inv/confidence_gating 0 / train/inv/effective_rep_weight 0.02 / train/inv/head_objective 0.51 / train/inv/head_weight 0 / train/inv/objective 0.51 / train/inv/policy_weight_max 1 / train/inv/policy_weight_mean 1 / train/inv/policy_weight_min 1 / train/inv/policy_weight_std 0 / train/inv/valid_frac 1 / train/inv/weight 0.02 / train/loss/con 0.02 / train/loss/dyn 2.67 / train/loss/image 3.35 / train/loss/inv 0.01 / train/loss/policy -0.02 / train/loss/rep 2.67 / train/loss/repval 1.16 / train/loss/rew 0.54 / train/loss/value 1.1 / replay/replay_ratio 264 / fps/policy 5.63 / fps/train 1440.62

Writing metrics: /home/zhangpeiying01/lfy/btwm-7.7/runs/btwm_dmc_walker_walk_seed1_w002_b11_s1/metrics.jsonl
Writing metrics: /home/zhangpeiying01/lfy/btwm-7.7/runs/btwm_dmc_walker_walk_seed1_w002_b11_s1/scores.jsonl

--------------------[Agent Step 125_840]--------------------
Metrics filtered by: 'score|length|fps|ratio|train/loss/|train/acc/|train/inv/|train/rand/'
train/acc/inv 0.59 / train/inv/ce 1.23 / train/inv/confidence 0.36 / train/inv/confidence_gating 0 / train/inv/effective_rep_weight 0.02 / train/inv/head_objective 0.51 / train/inv/head_weight 0 / train/inv/objective 0.51 / train/inv/policy_weight_max 1 / train/inv/policy_weight_mean 1 / train/inv/policy_weight_min 1 / train/inv/policy_weight_std 0 / train/inv/valid_frac 1 / train/inv/weight 0.02 / train/loss/con 0.02 / train/loss/dyn 2.71 / train/loss/image 3.34 / train/loss/inv 0.01 / train/loss/policy -0.02 / train/loss/rep 2.71 / train/loss/repval 1.17 / train/loss/rew 0.54 / train/loss/value 1.1 / replay/replay_ratio 264 / fps/policy 5.69 / fps/train 1456.39

Writing metrics: /home/zhangpeiying01/lfy/btwm-7.7/runs/btwm_dmc_walker_walk_seed1_w002_b11_s1/metrics.jsonl
Writing metrics: /home/zhangpeiying01/lfy/btwm-7.7/runs/btwm_dmc_walker_walk_seed1_w002_b11_s1/scores.jsonl

--------------------[Agent Step 126_528]--------------------
Metrics filtered by: 'score|length|fps|ratio|train/loss/|train/acc/|train/inv/|train/rand/'
train/acc/inv 0.59 / train/inv/ce 1.22 / train/inv/confidence 0.36 / train/inv/confidence_gating 0 / train/inv/effective_rep_weight 0.02 / train/inv/head_objective 0.51 / train/inv/head_weight 0 / train/inv/objective 0.51 / train/inv/policy_weight_max 1 / train/inv/policy_weight_mean 1 / train/inv/policy_weight_min 1 / train/inv/policy_weight_std 0 / train/inv/valid_frac 1 / train/inv/weight 0.02 / train/loss/con 0.02 / train/loss/dyn 2.66 / train/loss/image 3.34 / train/loss/inv 0.01 / train/loss/policy -0.02 / train/loss/rep 2.66 / train/loss/repval 1.17 / train/loss/rew 0.53 / train/loss/value 1.1 / replay/replay_ratio 264 / fps/policy 5.7 / fps/train 1458.01

Writing metrics: /home/zhangpeiying01/lfy/btwm-7.7/runs/btwm_dmc_walker_walk_seed1_w002_b11_s1/scores.jsonl
Writing metrics: /home/zhangpeiying01/lfy/btwm-7.7/runs/btwm_dmc_walker_walk_seed1_w002_b11_s1/metrics.jsonl

--------------------[Agent Step 127_216]--------------------
Metrics filtered by: 'score|length|fps|ratio|train/loss/|train/acc/|train/inv/|train/rand/'
train/acc/inv 0.6 / train/inv/ce 1.21 / train/inv/confidence 0.36 / train/inv/confidence_gating 0 / train/inv/effective_rep_weight 0.02 / train/inv/head_objective 0.51 / train/inv/head_weight 0 / train/inv/objective 0.51 / train/inv/policy_weight_max 1 / train/inv/policy_weight_mean 1 / train/inv/policy_weight_min 1 / train/inv/policy_weight_std 0 / train/inv/valid_frac 1 / train/inv/weight 0.02 / train/loss/con 0.02 / train/loss/dyn 2.63 / train/loss/image 3.27 / train/loss/inv 0.01 / train/loss/policy -0.02 / train/loss/rep 2.63 / train/loss/repval 1.16 / train/loss/rew 0.53 / train/loss/value 1.1 / replay/replay_ratio 264 / fps/policy 5.66 / fps/train 1449.22

Writing metrics: /home/zhangpeiying01/lfy/btwm-7.7/runs/btwm_dmc_walker_walk_seed1_w002_b11_s1/scores.jsonl
Writing metrics: /home/zhangpeiying01/lfy/btwm-7.7/runs/btwm_dmc_walker_walk_seed1_w002_b11_s1/metrics.jsonl

--------------------[Agent Step 127_904]--------------------
Metrics filtered by: 'score|length|fps|ratio|train/loss/|train/acc/|train/inv/|train/rand/'
train/acc/inv 0.59 / train/inv/ce 1.22 / train/inv/confidence 0.36 / train/inv/confidence_gating 0 / train/inv/effective_rep_weight 0.02 / train/inv/head_objective 0.51 / train/inv/head_weight 0 / train/inv/objective 0.51 / train/inv/policy_weight_max 1 / train/inv/policy_weight_mean 1 / train/inv/policy_weight_min 1 / train/inv/policy_weight_std 0 / train/inv/valid_frac 1 / train/inv/weight 0.02 / train/loss/con 0.02 / train/loss/dyn 2.66 / train/loss/image 3.27 / train/loss/inv 0.01 / train/loss/policy -0.01 / train/loss/rep 2.66 / train/loss/repval 1.16 / train/loss/rew 0.54 / train/loss/value 1.1 / replay/replay_ratio 264 / fps/policy 5.68 / fps/train 1453

Writing metrics: /home/zhangpeiying01/lfy/btwm-7.7/runs/btwm_dmc_walker_walk_seed1_w002_b11_s1/metrics.jsonl
Writing metrics: /home/zhangpeiying01/lfy/btwm-7.7/runs/btwm_dmc_walker_walk_seed1_w002_b11_s1/scores.jsonl

--------------------[Agent Step 128_592]--------------------
Metrics filtered by: 'score|length|fps|ratio|train/loss/|train/acc/|train/inv/|train/rand/'
episode/score 809.88 / episode/length 1001 / train/acc/inv 0.59 / train/inv/ce 1.24 / train/inv/confidence 0.35 / train/inv/confidence_gating 0 / train/inv/effective_rep_weight 0.02 / train/inv/head_objective 0.52 / train/inv/head_weight 0 / train/inv/objective 0.52 / train/inv/policy_weight_max 1 / train/inv/policy_weight_mean 1 / train/inv/policy_weight_min 1 / train/inv/policy_weight_std 0 / train/inv/valid_frac 1 / train/inv/weight 0.02 / train/loss/con 0.02 / train/loss/dyn 2.74 / train/loss/image 3.4 / train/loss/inv 0.01 / train/loss/policy -0.01 / train/loss/rep 2.74 / train/loss/repval 1.16 / train/loss/rew 0.54 / train/loss/value 1.09 / replay/replay_ratio 264 / fps/policy 5.68 / fps/train 1454.52

Writing metrics: /home/zhangpeiying01/lfy/btwm-7.7/runs/btwm_dmc_walker_walk_seed1_w002_b11_s1/scores.jsonl
Writing metrics: /home/zhangpeiying01/lfy/btwm-7.7/runs/btwm_dmc_walker_walk_seed1_w002_b11_s1/metrics.jsonl

--------------------[Agent Step 129_280]--------------------
Metrics filtered by: 'score|length|fps|ratio|train/loss/|train/acc/|train/inv/|train/rand/'
train/acc/inv 0.59 / train/inv/ce 1.23 / train/inv/confidence 0.36 / train/inv/confidence_gating 0 / train/inv/effective_rep_weight 0.02 / train/inv/head_objective 0.51 / train/inv/head_weight 0 / train/inv/objective 0.51 / train/inv/policy_weight_max 1 / train/inv/policy_weight_mean 1 / train/inv/policy_weight_min 1 / train/inv/policy_weight_std 0 / train/inv/valid_frac 1 / train/inv/weight 0.02 / train/loss/con 0.02 / train/loss/dyn 2.81 / train/loss/image 3.5 / train/loss/inv 0.01 / train/loss/policy -8.2e-3 / train/loss/rep 2.81 / train/loss/repval 1.15 / train/loss/rew 0.54 / train/loss/value 1.1 / replay/replay_ratio 264 / fps/policy 5.69 / fps/train 1456.33

Writing metrics: /home/zhangpeiying01/lfy/btwm-7.7/runs/btwm_dmc_walker_walk_seed1_w002_b11_s1/metrics.jsonl
Writing metrics: /home/zhangpeiying01/lfy/btwm-7.7/runs/btwm_dmc_walker_walk_seed1_w002_b11_s1/scores.jsonl

--------------------[Agent Step 129_968]--------------------
Metrics filtered by: 'score|length|fps|ratio|train/loss/|train/acc/|train/inv/|train/rand/'
train/acc/inv 0.59 / train/inv/ce 1.23 / train/inv/confidence 0.36 / train/inv/confidence_gating 0 / train/inv/effective_rep_weight 0.02 / train/inv/head_objective 0.51 / train/inv/head_weight 0 / train/inv/objective 0.51 / train/inv/policy_weight_max 1 / train/inv/policy_weight_mean 1 / train/inv/policy_weight_min 1 / train/inv/policy_weight_std 0 / train/inv/valid_frac 1 / train/inv/weight 0.02 / train/loss/con 0.02 / train/loss/dyn 2.79 / train/loss/image 3.47 / train/loss/inv 0.01 / train/loss/policy -6.2e-3 / train/loss/rep 2.79 / train/loss/repval 1.14 / train/loss/rew 0.54 / train/loss/value 1.09 / replay/replay_ratio 264 / fps/policy 5.68 / fps/train 1455.17

Writing metrics: /home/zhangpeiying01/lfy/btwm-7.7/runs/btwm_dmc_walker_walk_seed1_w002_b11_s1/metrics.jsonl
Writing metrics: /home/zhangpeiying01/lfy/btwm-7.7/runs/btwm_dmc_walker_walk_seed1_w002_b11_s1/scores.jsonl

--------------------[Agent Step 130_656]--------------------
Metrics filtered by: 'score|length|fps|ratio|train/loss/|train/acc/|train/inv/|train/rand/'
train/acc/inv 0.59 / train/inv/ce 1.24 / train/inv/confidence 0.35 / train/inv/confidence_gating 0 / train/inv/effective_rep_weight 0.02 / train/inv/head_objective 0.52 / train/inv/head_weight 0 / train/inv/objective 0.52 / train/inv/policy_weight_max 1 / train/inv/policy_weight_mean 1 / train/inv/policy_weight_min 1 / train/inv/policy_weight_std 0 / train/inv/valid_frac 1 / train/inv/weight 0.02 / train/loss/con 0.02 / train/loss/dyn 2.67 / train/loss/image 3.36 / train/loss/inv 0.01 / train/loss/policy -6.3e-3 / train/loss/rep 2.67 / train/loss/repval 1.15 / train/loss/rew 0.54 / train/loss/value 1.09 / replay/replay_ratio 264 / fps/policy 5.67 / fps/train 1452.59

Writing metrics: /home/zhangpeiying01/lfy/btwm-7.7/runs/btwm_dmc_walker_walk_seed1_w002_b11_s1/metrics.jsonl
Writing metrics: /home/zhangpeiying01/lfy/btwm-7.7/runs/btwm_dmc_walker_walk_seed1_w002_b11_s1/scores.jsonl

--------------------[Agent Step 131_344]--------------------
Metrics filtered by: 'score|length|fps|ratio|train/loss/|train/acc/|train/inv/|train/rand/'
train/acc/inv 0.59 / train/inv/ce 1.24 / train/inv/confidence 0.35 / train/inv/confidence_gating 0 / train/inv/effective_rep_weight 0.02 / train/inv/head_objective 0.52 / train/inv/head_weight 0 / train/inv/objective 0.52 / train/inv/policy_weight_max 1 / train/inv/policy_weight_mean 1 / train/inv/policy_weight_min 1 / train/inv/policy_weight_std 0 / train/inv/valid_frac 1 / train/inv/weight 0.02 / train/loss/con 0.02 / train/loss/dyn 2.7 / train/loss/image 3.42 / train/loss/inv 0.01 / train/loss/policy -0.01 / train/loss/rep 2.7 / train/loss/repval 1.15 / train/loss/rew 0.54 / train/loss/value 1.1 / replay/replay_ratio 264 / fps/policy 5.68 / fps/train 1454.04

Writing metrics: /home/zhangpeiying01/lfy/btwm-7.7/runs/btwm_dmc_walker_walk_seed1_w002_b11_s1/scores.jsonl
Writing metrics: /home/zhangpeiying01/lfy/btwm-7.7/runs/btwm_dmc_walker_walk_seed1_w002_b11_s1/metrics.jsonl

--------------------[Agent Step 132_032]--------------------
Metrics filtered by: 'score|length|fps|ratio|train/loss/|train/acc/|train/inv/|train/rand/'
train/acc/inv 0.59 / train/inv/ce 1.24 / train/inv/confidence 0.35 / train/inv/confidence_gating 0 / train/inv/effective_rep_weight 0.02 / train/inv/head_objective 0.52 / train/inv/head_weight 0 / train/inv/objective 0.52 / train/inv/policy_weight_max 1 / train/inv/policy_weight_mean 1 / train/inv/policy_weight_min 1 / train/inv/policy_weight_std 0 / train/inv/valid_frac 1 / train/inv/weight 0.02 / train/loss/con 0.02 / train/loss/dyn 2.73 / train/loss/image 3.36 / train/loss/inv 0.01 / train/loss/policy -7.7e-3 / train/loss/rep 2.73 / train/loss/repval 1.16 / train/loss/rew 0.54 / train/loss/value 1.1 / replay/replay_ratio 264 / fps/policy 5.68 / fps/train 1453.2

Writing metrics: /home/zhangpeiying01/lfy/btwm-7.7/runs/btwm_dmc_walker_walk_seed1_w002_b11_s1/metrics.jsonl
Writing metrics: /home/zhangpeiying01/lfy/btwm-7.7/runs/btwm_dmc_walker_walk_seed1_w002_b11_s1/scores.jsonl

--------------------[Agent Step 132_720]--------------------
Metrics filtered by: 'score|length|fps|ratio|train/loss/|train/acc/|train/inv/|train/rand/'
train/acc/inv 0.59 / train/inv/ce 1.24 / train/inv/confidence 0.35 / train/inv/confidence_gating 0 / train/inv/effective_rep_weight 0.02 / train/inv/head_objective 0.52 / train/inv/head_weight 0 / train/inv/objective 0.52 / train/inv/policy_weight_max 1 / train/inv/policy_weight_mean 1 / train/inv/policy_weight_min 1 / train/inv/policy_weight_std 0 / train/inv/valid_frac 1 / train/inv/weight 0.02 / train/loss/con 0.02 / train/loss/dyn 2.68 / train/loss/image 3.32 / train/loss/inv 0.01 / train/loss/policy -7.6e-3 / train/loss/rep 2.68 / train/loss/repval 1.16 / train/loss/rew 0.54 / train/loss/value 1.1 / replay/replay_ratio 264 / fps/policy 5.68 / fps/train 1453.75

Writing metrics: /home/zhangpeiying01/lfy/btwm-7.7/runs/btwm_dmc_walker_walk_seed1_w002_b11_s1/metrics.jsonl
Writing metrics: /home/zhangpeiying01/lfy/btwm-7.7/runs/btwm_dmc_walker_walk_seed1_w002_b11_s1/scores.jsonl

--------------------[Agent Step 133_408]--------------------
Metrics filtered by: 'score|length|fps|ratio|train/loss/|train/acc/|train/inv/|train/rand/'
train/acc/inv 0.59 / train/inv/ce 1.23 / train/inv/confidence 0.35 / train/inv/confidence_gating 0 / train/inv/effective_rep_weight 0.02 / train/inv/head_objective 0.51 / train/inv/head_weight 0 / train/inv/objective 0.51 / train/inv/policy_weight_max 1 / train/inv/policy_weight_mean 1 / train/inv/policy_weight_min 1 / train/inv/policy_weight_std 0 / train/inv/valid_frac 1 / train/inv/weight 0.02 / train/loss/con 0.02 / train/loss/dyn 2.63 / train/loss/image 3.31 / train/loss/inv 0.01 / train/loss/policy -0.01 / train/loss/rep 2.63 / train/loss/repval 1.16 / train/loss/rew 0.54 / train/loss/value 1.1 / replay/replay_ratio 264 / fps/policy 5.67 / fps/train 1451.95

Writing metrics: /home/zhangpeiying01/lfy/btwm-7.7/runs/btwm_dmc_walker_walk_seed1_w002_b11_s1/metrics.jsonl
Writing metrics: /home/zhangpeiying01/lfy/btwm-7.7/runs/btwm_dmc_walker_walk_seed1_w002_b11_s1/scores.jsonl

--------------------[Agent Step 134_096]--------------------
Metrics filtered by: 'score|length|fps|ratio|train/loss/|train/acc/|train/inv/|train/rand/'
train/acc/inv 0.59 / train/inv/ce 1.23 / train/inv/confidence 0.35 / train/inv/confidence_gating 0 / train/inv/effective_rep_weight 0.02 / train/inv/head_objective 0.51 / train/inv/head_weight 0 / train/inv/objective 0.51 / train/inv/policy_weight_max 1 / train/inv/policy_weight_mean 1 / train/inv/policy_weight_min 1 / train/inv/policy_weight_std 0 / train/inv/valid_frac 1 / train/inv/weight 0.02 / train/loss/con 0.02 / train/loss/dyn 2.67 / train/loss/image 3.31 / train/loss/inv 0.01 / train/loss/policy -0.02 / train/loss/rep 2.67 / train/loss/repval 1.15 / train/loss/rew 0.54 / train/loss/value 1.09 / replay/replay_ratio 264 / fps/policy 5.68 / fps/train 1453.02

Writing metrics: /home/zhangpeiying01/lfy/btwm-7.7/runs/btwm_dmc_walker_walk_seed1_w002_b11_s1/metrics.jsonl
Writing metrics: /home/zhangpeiying01/lfy/btwm-7.7/runs/btwm_dmc_walker_walk_seed1_w002_b11_s1/scores.jsonl

--------------------[Agent Step 134_784]--------------------
Metrics filtered by: 'score|length|fps|ratio|train/loss/|train/acc/|train/inv/|train/rand/'
train/acc/inv 0.6 / train/inv/ce 1.23 / train/inv/confidence 0.36 / train/inv/confidence_gating 0 / train/inv/effective_rep_weight 0.02 / train/inv/head_objective 0.51 / train/inv/head_weight 0 / train/inv/objective 0.51 / train/inv/policy_weight_max 1 / train/inv/policy_weight_mean 1 / train/inv/policy_weight_min 1 / train/inv/policy_weight_std 0 / train/inv/valid_frac 1 / train/inv/weight 0.02 / train/loss/con 0.02 / train/loss/dyn 2.67 / train/loss/image 3.28 / train/loss/inv 0.01 / train/loss/policy -0.02 / train/loss/rep 2.67 / train/loss/repval 1.15 / train/loss/rew 0.54 / train/loss/value 1.1 / replay/replay_ratio 264 / fps/policy 5.68 / fps/train 1454.98

Writing metrics: /home/zhangpeiying01/lfy/btwm-7.7/runs/btwm_dmc_walker_walk_seed1_w002_b11_s1/metrics.jsonl
Writing metrics: /home/zhangpeiying01/lfy/btwm-7.7/runs/btwm_dmc_walker_walk_seed1_w002_b11_s1/scores.jsonl

--------------------[Agent Step 135_472]--------------------
Metrics filtered by: 'score|length|fps|ratio|train/loss/|train/acc/|train/inv/|train/rand/'
train/acc/inv 0.59 / train/inv/ce 1.24 / train/inv/confidence 0.35 / train/inv/confidence_gating 0 / train/inv/effective_rep_weight 0.02 / train/inv/head_objective 0.52 / train/inv/head_weight 0 / train/inv/objective 0.52 / train/inv/policy_weight_max 1 / train/inv/policy_weight_mean 1 / train/inv/policy_weight_min 1 / train/inv/policy_weight_std 0 / train/inv/valid_frac 1 / train/inv/weight 0.02 / train/loss/con 0.02 / train/loss/dyn 2.67 / train/loss/image 3.24 / train/loss/inv 0.01 / train/loss/policy -0.01 / train/loss/rep 2.67 / train/loss/repval 1.16 / train/loss/rew 0.54 / train/loss/value 1.1 / replay/replay_ratio 264 / fps/policy 5.68 / fps/train 1452.87

Writing metrics: /home/zhangpeiying01/lfy/btwm-7.7/runs/btwm_dmc_walker_walk_seed1_w002_b11_s1/metrics.jsonl
Writing metrics: /home/zhangpeiying01/lfy/btwm-7.7/runs/btwm_dmc_walker_walk_seed1_w002_b11_s1/scores.jsonl

--------------------[Agent Step 136_160]--------------------
Metrics filtered by: 'score|length|fps|ratio|train/loss/|train/acc/|train/inv/|train/rand/'
train/acc/inv 0.59 / train/inv/ce 1.23 / train/inv/confidence 0.35 / train/inv/confidence_gating 0 / train/inv/effective_rep_weight 0.02 / train/inv/head_objective 0.51 / train/inv/head_weight 0 / train/inv/objective 0.51 / train/inv/policy_weight_max 1 / train/inv/policy_weight_mean 1 / train/inv/policy_weight_min 1 / train/inv/policy_weight_std 0 / train/inv/valid_frac 1 / train/inv/weight 0.02 / train/loss/con 0.02 / train/loss/dyn 2.62 / train/loss/image 3.24 / train/loss/inv 0.01 / train/loss/policy -0.01 / train/loss/rep 2.62 / train/loss/repval 1.15 / train/loss/rew 0.54 / train/loss/value 1.1 / replay/replay_ratio 264 / fps/policy 5.7 / fps/train 1458.96

Writing metrics: /home/zhangpeiying01/lfy/btwm-7.7/runs/btwm_dmc_walker_walk_seed1_w002_b11_s1/metrics.jsonl
Writing metrics: /home/zhangpeiying01/lfy/btwm-7.7/runs/btwm_dmc_walker_walk_seed1_w002_b11_s1/scores.jsonl

--------------------[Agent Step 136_848]--------------------
Metrics filtered by: 'score|length|fps|ratio|train/loss/|train/acc/|train/inv/|train/rand/'
train/acc/inv 0.6 / train/inv/ce 1.23 / train/inv/confidence 0.36 / train/inv/confidence_gating 0 / train/inv/effective_rep_weight 0.02 / train/inv/head_objective 0.51 / train/inv/head_weight 0 / train/inv/objective 0.51 / train/inv/policy_weight_max 1 / train/inv/policy_weight_mean 1 / train/inv/policy_weight_min 1 / train/inv/policy_weight_std 0 / train/inv/valid_frac 1 / train/inv/weight 0.02 / train/loss/con 0.02 / train/loss/dyn 2.68 / train/loss/image 3.21 / train/loss/inv 0.01 / train/loss/policy -0.01 / train/loss/rep 2.68 / train/loss/repval 1.14 / train/loss/rew 0.54 / train/loss/value 1.09 / replay/replay_ratio 264 / fps/policy 5.67 / fps/train 1452.42

Writing metrics: /home/zhangpeiying01/lfy/btwm-7.7/runs/btwm_dmc_walker_walk_seed1_w002_b11_s1/scores.jsonl
Writing metrics: /home/zhangpeiying01/lfy/btwm-7.7/runs/btwm_dmc_walker_walk_seed1_w002_b11_s1/metrics.jsonl

--------------------[Agent Step 137_536]--------------------
Metrics filtered by: 'score|length|fps|ratio|train/loss/|train/acc/|train/inv/|train/rand/'
train/acc/inv 0.59 / train/inv/ce 1.23 / train/inv/confidence 0.35 / train/inv/confidence_gating 0 / train/inv/effective_rep_weight 0.02 / train/inv/head_objective 0.51 / train/inv/head_weight 0 / train/inv/objective 0.51 / train/inv/policy_weight_max 1 / train/inv/policy_weight_mean 1 / train/inv/policy_weight_min 1 / train/inv/policy_weight_std 0 / train/inv/valid_frac 1 / train/inv/weight 0.02 / train/loss/con 0.02 / train/loss/dyn 2.64 / train/loss/image 3.19 / train/loss/inv 0.01 / train/loss/policy -0.01 / train/loss/rep 2.64 / train/loss/repval 1.15 / train/loss/rew 0.54 / train/loss/value 1.08 / replay/replay_ratio 264 / fps/policy 5.68 / fps/train 1453.68

Writing metrics: /home/zhangpeiying01/lfy/btwm-7.7/runs/btwm_dmc_walker_walk_seed1_w002_b11_s1/metrics.jsonl
Writing metrics: /home/zhangpeiying01/lfy/btwm-7.7/runs/btwm_dmc_walker_walk_seed1_w002_b11_s1/scores.jsonl

--------------------[Agent Step 138_224]--------------------
Metrics filtered by: 'score|length|fps|ratio|train/loss/|train/acc/|train/inv/|train/rand/'
train/acc/inv 0.59 / train/inv/ce 1.24 / train/inv/confidence 0.35 / train/inv/confidence_gating 0 / train/inv/effective_rep_weight 0.02 / train/inv/head_objective 0.52 / train/inv/head_weight 0 / train/inv/objective 0.52 / train/inv/policy_weight_max 1 / train/inv/policy_weight_mean 1 / train/inv/policy_weight_min 1 / train/inv/policy_weight_std 0 / train/inv/valid_frac 1 / train/inv/weight 0.02 / train/loss/con 0.02 / train/loss/dyn 2.65 / train/loss/image 3.19 / train/loss/inv 0.01 / train/loss/policy -0.01 / train/loss/rep 2.65 / train/loss/repval 1.15 / train/loss/rew 0.54 / train/loss/value 1.08 / replay/replay_ratio 264 / fps/policy 5.7 / fps/train 1459.77

Writing metrics: /home/zhangpeiying01/lfy/btwm-7.7/runs/btwm_dmc_walker_walk_seed1_w002_b11_s1/scores.jsonl
Writing metrics: /home/zhangpeiying01/lfy/btwm-7.7/runs/btwm_dmc_walker_walk_seed1_w002_b11_s1/metrics.jsonl

--------------------[Agent Step 138_912]--------------------
Metrics filtered by: 'score|length|fps|ratio|train/loss/|train/acc/|train/inv/|train/rand/'
train/acc/inv 0.59 / train/inv/ce 1.24 / train/inv/confidence 0.35 / train/inv/confidence_gating 0 / train/inv/effective_rep_weight 0.02 / train/inv/head_objective 0.52 / train/inv/head_weight 0 / train/inv/objective 0.52 / train/inv/policy_weight_max 1 / train/inv/policy_weight_mean 1 / train/inv/policy_weight_min 1 / train/inv/policy_weight_std 0 / train/inv/valid_frac 1 / train/inv/weight 0.02 / train/loss/con 0.02 / train/loss/dyn 2.69 / train/loss/image 3.21 / train/loss/inv 0.01 / train/loss/policy -0.02 / train/loss/rep 2.69 / train/loss/repval 1.14 / train/loss/rew 0.54 / train/loss/value 1.07 / replay/replay_ratio 264 / fps/policy 5.67 / fps/train 1451.58

Writing metrics: /home/zhangpeiying01/lfy/btwm-7.7/runs/btwm_dmc_walker_walk_seed1_w002_b11_s1/scores.jsonl
Writing metrics: /home/zhangpeiying01/lfy/btwm-7.7/runs/btwm_dmc_walker_walk_seed1_w002_b11_s1/metrics.jsonl

--------------------[Agent Step 139_600]--------------------
Metrics filtered by: 'score|length|fps|ratio|train/loss/|train/acc/|train/inv/|train/rand/'
train/acc/inv 0.59 / train/inv/ce 1.23 / train/inv/confidence 0.35 / train/inv/confidence_gating 0 / train/inv/effective_rep_weight 0.02 / train/inv/head_objective 0.51 / train/inv/head_weight 0 / train/inv/objective 0.51 / train/inv/policy_weight_max 1 / train/inv/policy_weight_mean 1 / train/inv/policy_weight_min 1 / train/inv/policy_weight_std 0 / train/inv/valid_frac 1 / train/inv/weight 0.02 / train/loss/con 0.02 / train/loss/dyn 2.65 / train/loss/image 3.2 / train/loss/inv 0.01 / train/loss/policy -0.02 / train/loss/rep 2.65 / train/loss/repval 1.15 / train/loss/rew 0.54 / train/loss/value 1.08 / replay/replay_ratio 264 / fps/policy 5.66 / fps/train 1448.79

Writing metrics: /home/zhangpeiying01/lfy/btwm-7.7/runs/btwm_dmc_walker_walk_seed1_w002_b11_s1/metrics.jsonl
Writing metrics: /home/zhangpeiying01/lfy/btwm-7.7/runs/btwm_dmc_walker_walk_seed1_w002_b11_s1/scores.jsonl

--------------------[Agent Step 140_288]--------------------
Metrics filtered by: 'score|length|fps|ratio|train/loss/|train/acc/|train/inv/|train/rand/'
train/acc/inv 0.59 / train/inv/ce 1.24 / train/inv/confidence 0.35 / train/inv/confidence_gating 0 / train/inv/effective_rep_weight 0.02 / train/inv/head_objective 0.52 / train/inv/head_weight 0 / train/inv/objective 0.52 / train/inv/policy_weight_max 1 / train/inv/policy_weight_mean 1 / train/inv/policy_weight_min 1 / train/inv/policy_weight_std 0 / train/inv/valid_frac 1 / train/inv/weight 0.02 / train/loss/con 0.02 / train/loss/dyn 2.62 / train/loss/image 3.15 / train/loss/inv 0.01 / train/loss/policy -0.01 / train/loss/rep 2.62 / train/loss/repval 1.14 / train/loss/rew 0.54 / train/loss/value 1.07 / replay/replay_ratio 264 / fps/policy 5.68 / fps/train 1454.25

Writing metrics: /home/zhangpeiying01/lfy/btwm-7.7/runs/btwm_dmc_walker_walk_seed1_w002_b11_s1/scores.jsonl
Writing metrics: /home/zhangpeiying01/lfy/btwm-7.7/runs/btwm_dmc_walker_walk_seed1_w002_b11_s1/metrics.jsonl

--------------------[Agent Step 140_976]--------------------
Metrics filtered by: 'score|length|fps|ratio|train/loss/|train/acc/|train/inv/|train/rand/'
train/acc/inv 0.59 / train/inv/ce 1.25 / train/inv/confidence 0.35 / train/inv/confidence_gating 0 / train/inv/effective_rep_weight 0.02 / train/inv/head_objective 0.52 / train/inv/head_weight 0 / train/inv/objective 0.52 / train/inv/policy_weight_max 1 / train/inv/policy_weight_mean 1 / train/inv/policy_weight_min 1 / train/inv/policy_weight_std 0 / train/inv/valid_frac 1 / train/inv/weight 0.02 / train/loss/con 0.02 / train/loss/dyn 2.64 / train/loss/image 3.15 / train/loss/inv 0.01 / train/loss/policy -0.01 / train/loss/rep 2.64 / train/loss/repval 1.14 / train/loss/rew 0.54 / train/loss/value 1.07 / replay/replay_ratio 264 / fps/policy 5.67 / fps/train 1451.05

Writing metrics: /home/zhangpeiying01/lfy/btwm-7.7/runs/btwm_dmc_walker_walk_seed1_w002_b11_s1/metrics.jsonl
Writing metrics: /home/zhangpeiying01/lfy/btwm-7.7/runs/btwm_dmc_walker_walk_seed1_w002_b11_s1/scores.jsonl

--------------------[Agent Step 141_664]--------------------
Metrics filtered by: 'score|length|fps|ratio|train/loss/|train/acc/|train/inv/|train/rand/'
train/acc/inv 0.59 / train/inv/ce 1.24 / train/inv/confidence 0.35 / train/inv/confidence_gating 0 / train/inv/effective_rep_weight 0.02 / train/inv/head_objective 0.52 / train/inv/head_weight 0 / train/inv/objective 0.52 / train/inv/policy_weight_max 1 / train/inv/policy_weight_mean 1 / train/inv/policy_weight_min 1 / train/inv/policy_weight_std 0 / train/inv/valid_frac 1 / train/inv/weight 0.02 / train/loss/con 0.02 / train/loss/dyn 2.64 / train/loss/image 3.17 / train/loss/inv 0.01 / train/loss/policy -9e-3 / train/loss/rep 2.64 / train/loss/repval 1.14 / train/loss/rew 0.54 / train/loss/value 1.07 / replay/replay_ratio 264 / fps/policy 5.7 / fps/train 1458.44

Writing metrics: /home/zhangpeiying01/lfy/btwm-7.7/runs/btwm_dmc_walker_walk_seed1_w002_b11_s1/metrics.jsonl
Writing metrics: /home/zhangpeiying01/lfy/btwm-7.7/runs/btwm_dmc_walker_walk_seed1_w002_b11_s1/scores.jsonl

--------------------[Agent Step 142_352]--------------------
Metrics filtered by: 'score|length|fps|ratio|train/loss/|train/acc/|train/inv/|train/rand/'
train/acc/inv 0.59 / train/inv/ce 1.24 / train/inv/confidence 0.35 / train/inv/confidence_gating 0 / train/inv/effective_rep_weight 0.02 / train/inv/head_objective 0.52 / train/inv/head_weight 0 / train/inv/objective 0.52 / train/inv/policy_weight_max 1 / train/inv/policy_weight_mean 1 / train/inv/policy_weight_min 1 / train/inv/policy_weight_std 0 / train/inv/valid_frac 1 / train/inv/weight 0.02 / train/loss/con 0.02 / train/loss/dyn 2.63 / train/loss/image 3.12 / train/loss/inv 0.01 / train/loss/policy -0.02 / train/loss/rep 2.63 / train/loss/repval 1.13 / train/loss/rew 0.54 / train/loss/value 1.06 / replay/replay_ratio 264 / fps/policy 5.67 / fps/train 1452.68

Writing metrics: /home/zhangpeiying01/lfy/btwm-7.7/runs/btwm_dmc_walker_walk_seed1_w002_b11_s1/metrics.jsonl
Writing metrics: /home/zhangpeiying01/lfy/btwm-7.7/runs/btwm_dmc_walker_walk_seed1_w002_b11_s1/scores.jsonl

--------------------[Agent Step 143_040]--------------------
Metrics filtered by: 'score|length|fps|ratio|train/loss/|train/acc/|train/inv/|train/rand/'
train/acc/inv 0.59 / train/inv/ce 1.25 / train/inv/confidence 0.35 / train/inv/confidence_gating 0 / train/inv/effective_rep_weight 0.02 / train/inv/head_objective 0.52 / train/inv/head_weight 0 / train/inv/objective 0.52 / train/inv/policy_weight_max 1 / train/inv/policy_weight_mean 1 / train/inv/policy_weight_min 1 / train/inv/policy_weight_std 0 / train/inv/valid_frac 1 / train/inv/weight 0.02 / train/loss/con 0.02 / train/loss/dyn 2.64 / train/loss/image 3.14 / train/loss/inv 0.01 / train/loss/policy -0.02 / train/loss/rep 2.64 / train/loss/repval 1.13 / train/loss/rew 0.54 / train/loss/value 1.06 / replay/replay_ratio 264 / fps/policy 5.68 / fps/train 1452.88

Writing metrics: /home/zhangpeiying01/lfy/btwm-7.7/runs/btwm_dmc_walker_walk_seed1_w002_b11_s1/metrics.jsonl
Writing metrics: /home/zhangpeiying01/lfy/btwm-7.7/runs/btwm_dmc_walker_walk_seed1_w002_b11_s1/scores.jsonl

--------------------[Agent Step 143_728]--------------------
Metrics filtered by: 'score|length|fps|ratio|train/loss/|train/acc/|train/inv/|train/rand/'
train/acc/inv 0.59 / train/inv/ce 1.26 / train/inv/confidence 0.35 / train/inv/confidence_gating 0 / train/inv/effective_rep_weight 0.02 / train/inv/head_objective 0.52 / train/inv/head_weight 0 / train/inv/objective 0.52 / train/inv/policy_weight_max 1 / train/inv/policy_weight_mean 1 / train/inv/policy_weight_min 1 / train/inv/policy_weight_std 0 / train/inv/valid_frac 1 / train/inv/weight 0.02 / train/loss/con 0.02 / train/loss/dyn 2.64 / train/loss/image 3.09 / train/loss/inv 0.01 / train/loss/policy -0.02 / train/loss/rep 2.64 / train/loss/repval 1.14 / train/loss/rew 0.54 / train/loss/value 1.06 / replay/replay_ratio 264 / fps/policy 5.71 / fps/train 1461.57

Writing metrics: /home/zhangpeiying01/lfy/btwm-7.7/runs/btwm_dmc_walker_walk_seed1_w002_b11_s1/metrics.jsonl
Writing metrics: /home/zhangpeiying01/lfy/btwm-7.7/runs/btwm_dmc_walker_walk_seed1_w002_b11_s1/scores.jsonl

--------------------[Agent Step 144_416]--------------------
Metrics filtered by: 'score|length|fps|ratio|train/loss/|train/acc/|train/inv/|train/rand/'
episode/score 917 / episode/length 1001 / train/acc/inv 0.59 / train/inv/ce 1.25 / train/inv/confidence 0.35 / train/inv/confidence_gating 0 / train/inv/effective_rep_weight 0.02 / train/inv/head_objective 0.52 / train/inv/head_weight 0 / train/inv/objective 0.52 / train/inv/policy_weight_max 1 / train/inv/policy_weight_mean 1 / train/inv/policy_weight_min 1 / train/inv/policy_weight_std 0 / train/inv/valid_frac 1 / train/inv/weight 0.02 / train/loss/con 0.02 / train/loss/dyn 2.62 / train/loss/image 3.09 / train/loss/inv 0.01 / train/loss/policy -0.02 / train/loss/rep 2.62 / train/loss/repval 1.13 / train/loss/rew 0.54 / train/loss/value 1.06 / replay/replay_ratio 264 / fps/policy 5.71 / fps/train 1461.42

Writing metrics: /home/zhangpeiying01/lfy/btwm-7.7/runs/btwm_dmc_walker_walk_seed1_w002_b11_s1/scores.jsonl
Writing metrics: /home/zhangpeiying01/lfy/btwm-7.7/runs/btwm_dmc_walker_walk_seed1_w002_b11_s1/metrics.jsonl

--------------------[Agent Step 145_104]--------------------
Metrics filtered by: 'score|length|fps|ratio|train/loss/|train/acc/|train/inv/|train/rand/'
train/acc/inv 0.58 / train/inv/ce 1.29 / train/inv/confidence 0.34 / train/inv/confidence_gating 0 / train/inv/effective_rep_weight 0.02 / train/inv/head_objective 0.54 / train/inv/head_weight 0 / train/inv/objective 0.54 / train/inv/policy_weight_max 1 / train/inv/policy_weight_mean 1 / train/inv/policy_weight_min 1 / train/inv/policy_weight_std 0 / train/inv/valid_frac 1 / train/inv/weight 0.02 / train/loss/con 0.02 / train/loss/dyn 2.85 / train/loss/image 3.42 / train/loss/inv 0.01 / train/loss/policy -7.1e-3 / train/loss/rep 2.85 / train/loss/repval 1.13 / train/loss/rew 0.55 / train/loss/value 1.06 / replay/replay_ratio 264 / fps/policy 5.7 / fps/train 1460.13

Writing metrics: /home/zhangpeiying01/lfy/btwm-7.7/runs/btwm_dmc_walker_walk_seed1_w002_b11_s1/scores.jsonl
Writing metrics: /home/zhangpeiying01/lfy/btwm-7.7/runs/btwm_dmc_walker_walk_seed1_w002_b11_s1/metrics.jsonl
Saving checkpoint: /home/zhangpeiying01/lfy/btwm-7.7/runs/btwm_dmc_walker_walk_seed1_w002_b11_s1/ckpt/20260716T034930F131655
Saved checkpoint.

--------------------[Agent Step 145_776]--------------------
Metrics filtered by: 'score|length|fps|ratio|train/loss/|train/acc/|train/inv/|train/rand/'
train/acc/inv 0.59 / train/inv/ce 1.26 / train/inv/confidence 0.35 / train/inv/confidence_gating 0 / train/inv/effective_rep_weight 0.02 / train/inv/head_objective 0.53 / train/inv/head_weight 0 / train/inv/objective 0.53 / train/inv/policy_weight_max 1 / train/inv/policy_weight_mean 1 / train/inv/policy_weight_min 1 / train/inv/policy_weight_std 0 / train/inv/valid_frac 1 / train/inv/weight 0.02 / train/loss/con 0.02 / train/loss/dyn 2.8 / train/loss/image 3.42 / train/loss/inv 0.01 / train/loss/policy -0.01 / train/loss/rep 2.8 / train/loss/repval 1.14 / train/loss/rew 0.54 / train/loss/value 1.06 / replay/replay_ratio 264 / fps/policy 5.59 / fps/train 1430.46

Writing metrics: /home/zhangpeiying01/lfy/btwm-7.7/runs/btwm_dmc_walker_walk_seed1_w002_b11_s1/metrics.jsonl
Writing metrics: /home/zhangpeiying01/lfy/btwm-7.7/runs/btwm_dmc_walker_walk_seed1_w002_b11_s1/scores.jsonl

--------------------[Agent Step 146_464]--------------------
Metrics filtered by: 'score|length|fps|ratio|train/loss/|train/acc/|train/inv/|train/rand/'
train/acc/inv 0.59 / train/inv/ce 1.27 / train/inv/confidence 0.34 / train/inv/confidence_gating 0 / train/inv/effective_rep_weight 0.02 / train/inv/head_objective 0.53 / train/inv/head_weight 0 / train/inv/objective 0.53 / train/inv/policy_weight_max 1 / train/inv/policy_weight_mean 1 / train/inv/policy_weight_min 1 / train/inv/policy_weight_std 0 / train/inv/valid_frac 1 / train/inv/weight 0.02 / train/loss/con 0.02 / train/loss/dyn 2.68 / train/loss/image 3.25 / train/loss/inv 0.01 / train/loss/policy -0.01 / train/loss/rep 2.68 / train/loss/repval 1.13 / train/loss/rew 0.54 / train/loss/value 1.06 / replay/replay_ratio 264 / fps/policy 5.68 / fps/train 1453.39

Writing metrics: /home/zhangpeiying01/lfy/btwm-7.7/runs/btwm_dmc_walker_walk_seed1_w002_b11_s1/scores.jsonl
Writing metrics: /home/zhangpeiying01/lfy/btwm-7.7/runs/btwm_dmc_walker_walk_seed1_w002_b11_s1/metrics.jsonl

--------------------[Agent Step 147_152]--------------------
Metrics filtered by: 'score|length|fps|ratio|train/loss/|train/acc/|train/inv/|train/rand/'
train/acc/inv 0.58 / train/inv/ce 1.28 / train/inv/confidence 0.34 / train/inv/confidence_gating 0 / train/inv/effective_rep_weight 0.02 / train/inv/head_objective 0.53 / train/inv/head_weight 0 / train/inv/objective 0.53 / train/inv/policy_weight_max 1 / train/inv/policy_weight_mean 1 / train/inv/policy_weight_min 1 / train/inv/policy_weight_std 0 / train/inv/valid_frac 1 / train/inv/weight 0.02 / train/loss/con 0.02 / train/loss/dyn 2.65 / train/loss/image 3.17 / train/loss/inv 0.01 / train/loss/policy -0.02 / train/loss/rep 2.65 / train/loss/repval 1.13 / train/loss/rew 0.54 / train/loss/value 1.06 / replay/replay_ratio 264 / fps/policy 5.69 / fps/train 1456.88

Writing metrics: /home/zhangpeiying01/lfy/btwm-7.7/runs/btwm_dmc_walker_walk_seed1_w002_b11_s1/metrics.jsonl
Writing metrics: /home/zhangpeiying01/lfy/btwm-7.7/runs/btwm_dmc_walker_walk_seed1_w002_b11_s1/scores.jsonl

--------------------[Agent Step 147_840]--------------------
Metrics filtered by: 'score|length|fps|ratio|train/loss/|train/acc/|train/inv/|train/rand/'
train/acc/inv 0.59 / train/inv/ce 1.26 / train/inv/confidence 0.35 / train/inv/confidence_gating 0 / train/inv/effective_rep_weight 0.02 / train/inv/head_objective 0.52 / train/inv/head_weight 0 / train/inv/objective 0.52 / train/inv/policy_weight_max 1 / train/inv/policy_weight_mean 1 / train/inv/policy_weight_min 1 / train/inv/policy_weight_std 0 / train/inv/valid_frac 1 / train/inv/weight 0.02 / train/loss/con 0.02 / train/loss/dyn 2.64 / train/loss/image 3.17 / train/loss/inv 0.01 / train/loss/policy -0.01 / train/loss/rep 2.64 / train/loss/repval 1.14 / train/loss/rew 0.54 / train/loss/value 1.06 / replay/replay_ratio 264 / fps/policy 5.68 / fps/train 1455.15

Writing metrics: /home/zhangpeiying01/lfy/btwm-7.7/runs/btwm_dmc_walker_walk_seed1_w002_b11_s1/metrics.jsonl
Writing metrics: /home/zhangpeiying01/lfy/btwm-7.7/runs/btwm_dmc_walker_walk_seed1_w002_b11_s1/scores.jsonl

--------------------[Agent Step 148_528]--------------------
Metrics filtered by: 'score|length|fps|ratio|train/loss/|train/acc/|train/inv/|train/rand/'
train/acc/inv 0.59 / train/inv/ce 1.26 / train/inv/confidence 0.35 / train/inv/confidence_gating 0 / train/inv/effective_rep_weight 0.02 / train/inv/head_objective 0.53 / train/inv/head_weight 0 / train/inv/objective 0.53 / train/inv/policy_weight_max 1 / train/inv/policy_weight_mean 1 / train/inv/policy_weight_min 1 / train/inv/policy_weight_std 0 / train/inv/valid_frac 1 / train/inv/weight 0.02 / train/loss/con 0.02 / train/loss/dyn 2.67 / train/loss/image 3.17 / train/loss/inv 0.01 / train/loss/policy -0.01 / train/loss/rep 2.67 / train/loss/repval 1.13 / train/loss/rew 0.54 / train/loss/value 1.06 / replay/replay_ratio 264 / fps/policy 5.68 / fps/train 1455.21

Writing metrics: /home/zhangpeiying01/lfy/btwm-7.7/runs/btwm_dmc_walker_walk_seed1_w002_b11_s1/metrics.jsonl
Writing metrics: /home/zhangpeiying01/lfy/btwm-7.7/runs/btwm_dmc_walker_walk_seed1_w002_b11_s1/scores.jsonl

--------------------[Agent Step 149_216]--------------------
Metrics filtered by: 'score|length|fps|ratio|train/loss/|train/acc/|train/inv/|train/rand/'
train/acc/inv 0.59 / train/inv/ce 1.27 / train/inv/confidence 0.34 / train/inv/confidence_gating 0 / train/inv/effective_rep_weight 0.02 / train/inv/head_objective 0.53 / train/inv/head_weight 0 / train/inv/objective 0.53 / train/inv/policy_weight_max 1 / train/inv/policy_weight_mean 1 / train/inv/policy_weight_min 1 / train/inv/policy_weight_std 0 / train/inv/valid_frac 1 / train/inv/weight 0.02 / train/loss/con 0.02 / train/loss/dyn 2.67 / train/loss/image 3.15 / train/loss/inv 0.01 / train/loss/policy -0.01 / train/loss/rep 2.67 / train/loss/repval 1.13 / train/loss/rew 0.54 / train/loss/value 1.06 / replay/replay_ratio 264 / fps/policy 5.68 / fps/train 1454.9

Writing metrics: /home/zhangpeiying01/lfy/btwm-7.7/runs/btwm_dmc_walker_walk_seed1_w002_b11_s1/metrics.jsonl
Writing metrics: /home/zhangpeiying01/lfy/btwm-7.7/runs/btwm_dmc_walker_walk_seed1_w002_b11_s1/scores.jsonl

--------------------[Agent Step 149_904]--------------------
Metrics filtered by: 'score|length|fps|ratio|train/loss/|train/acc/|train/inv/|train/rand/'
train/acc/inv 0.59 / train/inv/ce 1.26 / train/inv/confidence 0.35 / train/inv/confidence_gating 0 / train/inv/effective_rep_weight 0.02 / train/inv/head_objective 0.53 / train/inv/head_weight 0 / train/inv/objective 0.53 / train/inv/policy_weight_max 1 / train/inv/policy_weight_mean 1 / train/inv/policy_weight_min 1 / train/inv/policy_weight_std 0 / train/inv/valid_frac 1 / train/inv/weight 0.02 / train/loss/con 0.02 / train/loss/dyn 2.62 / train/loss/image 3.13 / train/loss/inv 0.01 / train/loss/policy -0.01 / train/loss/rep 2.62 / train/loss/repval 1.13 / train/loss/rew 0.54 / train/loss/value 1.06 / replay/replay_ratio 264 / fps/policy 5.69 / fps/train 1457.36

Writing metrics: /home/zhangpeiying01/lfy/btwm-7.7/runs/btwm_dmc_walker_walk_seed1_w002_b11_s1/metrics.jsonl
Writing metrics: /home/zhangpeiying01/lfy/btwm-7.7/runs/btwm_dmc_walker_walk_seed1_w002_b11_s1/scores.jsonl

--------------------[Agent Step 150_592]--------------------
Metrics filtered by: 'score|length|fps|ratio|train/loss/|train/acc/|train/inv/|train/rand/'
train/acc/inv 0.59 / train/inv/ce 1.26 / train/inv/confidence 0.35 / train/inv/confidence_gating 0 / train/inv/effective_rep_weight 0.02 / train/inv/head_objective 0.53 / train/inv/head_weight 0 / train/inv/objective 0.53 / train/inv/policy_weight_max 1 / train/inv/policy_weight_mean 1 / train/inv/policy_weight_min 1 / train/inv/policy_weight_std 0 / train/inv/valid_frac 1 / train/inv/weight 0.02 / train/loss/con 0.02 / train/loss/dyn 2.66 / train/loss/image 3.16 / train/loss/inv 0.01 / train/loss/policy -0.01 / train/loss/rep 2.66 / train/loss/repval 1.13 / train/loss/rew 0.54 / train/loss/value 1.06 / replay/replay_ratio 264 / fps/policy 5.69 / fps/train 1455.79

Writing metrics: /home/zhangpeiying01/lfy/btwm-7.7/runs/btwm_dmc_walker_walk_seed1_w002_b11_s1/scores.jsonl
Writing metrics: /home/zhangpeiying01/lfy/btwm-7.7/runs/btwm_dmc_walker_walk_seed1_w002_b11_s1/metrics.jsonl

--------------------[Agent Step 151_280]--------------------
Metrics filtered by: 'score|length|fps|ratio|train/loss/|train/acc/|train/inv/|train/rand/'
train/acc/inv 0.59 / train/inv/ce 1.27 / train/inv/confidence 0.34 / train/inv/confidence_gating 0 / train/inv/effective_rep_weight 0.02 / train/inv/head_objective 0.53 / train/inv/head_weight 0 / train/inv/objective 0.53 / train/inv/policy_weight_max 1 / train/inv/policy_weight_mean 1 / train/inv/policy_weight_min 1 / train/inv/policy_weight_std 0 / train/inv/valid_frac 1 / train/inv/weight 0.02 / train/loss/con 0.02 / train/loss/dyn 2.64 / train/loss/image 3.09 / train/loss/inv 0.01 / train/loss/policy -0.01 / train/loss/rep 2.64 / train/loss/repval 1.12 / train/loss/rew 0.55 / train/loss/value 1.06 / replay/replay_ratio 264 / fps/policy 5.67 / fps/train 1452.01

Writing metrics: /home/zhangpeiying01/lfy/btwm-7.7/runs/btwm_dmc_walker_walk_seed1_w002_b11_s1/metrics.jsonl
Writing metrics: /home/zhangpeiying01/lfy/btwm-7.7/runs/btwm_dmc_walker_walk_seed1_w002_b11_s1/scores.jsonl

--------------------[Agent Step 151_968]--------------------
Metrics filtered by: 'score|length|fps|ratio|train/loss/|train/acc/|train/inv/|train/rand/'
train/acc/inv 0.59 / train/inv/ce 1.27 / train/inv/confidence 0.34 / train/inv/confidence_gating 0 / train/inv/effective_rep_weight 0.02 / train/inv/head_objective 0.53 / train/inv/head_weight 0 / train/inv/objective 0.53 / train/inv/policy_weight_max 1 / train/inv/policy_weight_mean 1 / train/inv/policy_weight_min 1 / train/inv/policy_weight_std 0 / train/inv/valid_frac 1 / train/inv/weight 0.02 / train/loss/con 0.02 / train/loss/dyn 2.65 / train/loss/image 3.1 / train/loss/inv 0.01 / train/loss/policy -0.01 / train/loss/rep 2.65 / train/loss/repval 1.13 / train/loss/rew 0.55 / train/loss/value 1.06 / replay/replay_ratio 264 / fps/policy 5.67 / fps/train 1452.34

Writing metrics: /home/zhangpeiying01/lfy/btwm-7.7/runs/btwm_dmc_walker_walk_seed1_w002_b11_s1/metrics.jsonl
Writing metrics: /home/zhangpeiying01/lfy/btwm-7.7/runs/btwm_dmc_walker_walk_seed1_w002_b11_s1/scores.jsonl

--------------------[Agent Step 152_656]--------------------
Metrics filtered by: 'score|length|fps|ratio|train/loss/|train/acc/|train/inv/|train/rand/'
train/acc/inv 0.59 / train/inv/ce 1.27 / train/inv/confidence 0.34 / train/inv/confidence_gating 0 / train/inv/effective_rep_weight 0.02 / train/inv/head_objective 0.53 / train/inv/head_weight 0 / train/inv/objective 0.53 / train/inv/policy_weight_max 1 / train/inv/policy_weight_mean 1 / train/inv/policy_weight_min 1 / train/inv/policy_weight_std 0 / train/inv/valid_frac 1 / train/inv/weight 0.02 / train/loss/con 0.02 / train/loss/dyn 2.65 / train/loss/image 3.07 / train/loss/inv 0.01 / train/loss/policy -0.01 / train/loss/rep 2.65 / train/loss/repval 1.13 / train/loss/rew 0.55 / train/loss/value 1.06 / replay/replay_ratio 264 / fps/policy 5.69 / fps/train 1457.87

Writing metrics: /home/zhangpeiying01/lfy/btwm-7.7/runs/btwm_dmc_walker_walk_seed1_w002_b11_s1/metrics.jsonl
Writing metrics: /home/zhangpeiying01/lfy/btwm-7.7/runs/btwm_dmc_walker_walk_seed1_w002_b11_s1/scores.jsonl

--------------------[Agent Step 153_344]--------------------
Metrics filtered by: 'score|length|fps|ratio|train/loss/|train/acc/|train/inv/|train/rand/'
train/acc/inv 0.58 / train/inv/ce 1.28 / train/inv/confidence 0.34 / train/inv/confidence_gating 0 / train/inv/effective_rep_weight 0.02 / train/inv/head_objective 0.53 / train/inv/head_weight 0 / train/inv/objective 0.53 / train/inv/policy_weight_max 1 / train/inv/policy_weight_mean 1 / train/inv/policy_weight_min 1 / train/inv/policy_weight_std 0 / train/inv/valid_frac 1 / train/inv/weight 0.02 / train/loss/con 0.02 / train/loss/dyn 2.67 / train/loss/image 3.08 / train/loss/inv 0.01 / train/loss/policy -2.9e-3 / train/loss/rep 2.67 / train/loss/repval 1.13 / train/loss/rew 0.55 / train/loss/value 1.06 / replay/replay_ratio 264 / fps/policy 5.69 / fps/train 1455.44

Writing metrics: /home/zhangpeiying01/lfy/btwm-7.7/runs/btwm_dmc_walker_walk_seed1_w002_b11_s1/metrics.jsonl
Writing metrics: /home/zhangpeiying01/lfy/btwm-7.7/runs/btwm_dmc_walker_walk_seed1_w002_b11_s1/scores.jsonl

--------------------[Agent Step 154_032]--------------------
Metrics filtered by: 'score|length|fps|ratio|train/loss/|train/acc/|train/inv/|train/rand/'
train/acc/inv 0.59 / train/inv/ce 1.27 / train/inv/confidence 0.34 / train/inv/confidence_gating 0 / train/inv/effective_rep_weight 0.02 / train/inv/head_objective 0.53 / train/inv/head_weight 0 / train/inv/objective 0.53 / train/inv/policy_weight_max 1 / train/inv/policy_weight_mean 1 / train/inv/policy_weight_min 1 / train/inv/policy_weight_std 0 / train/inv/valid_frac 1 / train/inv/weight 0.02 / train/loss/con 0.02 / train/loss/dyn 2.69 / train/loss/image 3.13 / train/loss/inv 0.01 / train/loss/policy -7.1e-3 / train/loss/rep 2.69 / train/loss/repval 1.13 / train/loss/rew 0.55 / train/loss/value 1.06 / replay/replay_ratio 264 / fps/policy 5.67 / fps/train 1451.89

Writing metrics: /home/zhangpeiying01/lfy/btwm-7.7/runs/btwm_dmc_walker_walk_seed1_w002_b11_s1/metrics.jsonl
Writing metrics: /home/zhangpeiying01/lfy/btwm-7.7/runs/btwm_dmc_walker_walk_seed1_w002_b11_s1/scores.jsonl

--------------------[Agent Step 154_720]--------------------
Metrics filtered by: 'score|length|fps|ratio|train/loss/|train/acc/|train/inv/|train/rand/'
train/acc/inv 0.59 / train/inv/ce 1.26 / train/inv/confidence 0.35 / train/inv/confidence_gating 0 / train/inv/effective_rep_weight 0.02 / train/inv/head_objective 0.53 / train/inv/head_weight 0 / train/inv/objective 0.53 / train/inv/policy_weight_max 1 / train/inv/policy_weight_mean 1 / train/inv/policy_weight_min 1 / train/inv/policy_weight_std 0 / train/inv/valid_frac 1 / train/inv/weight 0.02 / train/loss/con 0.02 / train/loss/dyn 2.61 / train/loss/image 3.11 / train/loss/inv 0.01 / train/loss/policy -0.01 / train/loss/rep 2.61 / train/loss/repval 1.13 / train/loss/rew 0.55 / train/loss/value 1.06 / replay/replay_ratio 264 / fps/policy 5.65 / fps/train 1446.88

Writing metrics: /home/zhangpeiying01/lfy/btwm-7.7/runs/btwm_dmc_walker_walk_seed1_w002_b11_s1/metrics.jsonl
Writing metrics: /home/zhangpeiying01/lfy/btwm-7.7/runs/btwm_dmc_walker_walk_seed1_w002_b11_s1/scores.jsonl

--------------------[Agent Step 155_408]--------------------
Metrics filtered by: 'score|length|fps|ratio|train/loss/|train/acc/|train/inv/|train/rand/'
train/acc/inv 0.59 / train/inv/ce 1.26 / train/inv/confidence 0.34 / train/inv/confidence_gating 0 / train/inv/effective_rep_weight 0.02 / train/inv/head_objective 0.53 / train/inv/head_weight 0 / train/inv/objective 0.53 / train/inv/policy_weight_max 1 / train/inv/policy_weight_mean 1 / train/inv/policy_weight_min 1 / train/inv/policy_weight_std 0 / train/inv/valid_frac 1 / train/inv/weight 0.02 / train/loss/con 0.02 / train/loss/dyn 2.64 / train/loss/image 3.07 / train/loss/inv 0.01 / train/loss/policy -0.01 / train/loss/rep 2.64 / train/loss/repval 1.13 / train/loss/rew 0.55 / train/loss/value 1.06 / replay/replay_ratio 264 / fps/policy 5.68 / fps/train 1454.4

Writing metrics: /home/zhangpeiying01/lfy/btwm-7.7/runs/btwm_dmc_walker_walk_seed1_w002_b11_s1/metrics.jsonl
Writing metrics: /home/zhangpeiying01/lfy/btwm-7.7/runs/btwm_dmc_walker_walk_seed1_w002_b11_s1/scores.jsonl

--------------------[Agent Step 156_096]--------------------
Metrics filtered by: 'score|length|fps|ratio|train/loss/|train/acc/|train/inv/|train/rand/'
train/acc/inv 0.59 / train/inv/ce 1.27 / train/inv/confidence 0.34 / train/inv/confidence_gating 0 / train/inv/effective_rep_weight 0.02 / train/inv/head_objective 0.53 / train/inv/head_weight 0 / train/inv/objective 0.53 / train/inv/policy_weight_max 1 / train/inv/policy_weight_mean 1 / train/inv/policy_weight_min 1 / train/inv/policy_weight_std 0 / train/inv/valid_frac 1 / train/inv/weight 0.02 / train/loss/con 0.02 / train/loss/dyn 2.62 / train/loss/image 3.04 / train/loss/inv 0.01 / train/loss/policy -8.2e-3 / train/loss/rep 2.62 / train/loss/repval 1.13 / train/loss/rew 0.55 / train/loss/value 1.06 / replay/replay_ratio 264 / fps/policy 5.66 / fps/train 1449.68

Writing metrics: /home/zhangpeiying01/lfy/btwm-7.7/runs/btwm_dmc_walker_walk_seed1_w002_b11_s1/scores.jsonl
Writing metrics: /home/zhangpeiying01/lfy/btwm-7.7/runs/btwm_dmc_walker_walk_seed1_w002_b11_s1/metrics.jsonl

--------------------[Agent Step 156_784]--------------------
Metrics filtered by: 'score|length|fps|ratio|train/loss/|train/acc/|train/inv/|train/rand/'
train/acc/inv 0.59 / train/inv/ce 1.28 / train/inv/confidence 0.34 / train/inv/confidence_gating 0 / train/inv/effective_rep_weight 0.02 / train/inv/head_objective 0.53 / train/inv/head_weight 0 / train/inv/objective 0.53 / train/inv/policy_weight_max 1 / train/inv/policy_weight_mean 1 / train/inv/policy_weight_min 1 / train/inv/policy_weight_std 0 / train/inv/valid_frac 1 / train/inv/weight 0.02 / train/loss/con 0.02 / train/loss/dyn 2.64 / train/loss/image 3.05 / train/loss/inv 0.01 / train/loss/policy -0.01 / train/loss/rep 2.64 / train/loss/repval 1.12 / train/loss/rew 0.55 / train/loss/value 1.05 / replay/replay_ratio 264 / fps/policy 5.67 / fps/train 1451.36

Writing metrics: /home/zhangpeiying01/lfy/btwm-7.7/runs/btwm_dmc_walker_walk_seed1_w002_b11_s1/metrics.jsonl
Writing metrics: /home/zhangpeiying01/lfy/btwm-7.7/runs/btwm_dmc_walker_walk_seed1_w002_b11_s1/scores.jsonl

--------------------[Agent Step 157_472]--------------------
Metrics filtered by: 'score|length|fps|ratio|train/loss/|train/acc/|train/inv/|train/rand/'
train/acc/inv 0.59 / train/inv/ce 1.27 / train/inv/confidence 0.34 / train/inv/confidence_gating 0 / train/inv/effective_rep_weight 0.02 / train/inv/head_objective 0.53 / train/inv/head_weight 0 / train/inv/objective 0.53 / train/inv/policy_weight_max 1 / train/inv/policy_weight_mean 1 / train/inv/policy_weight_min 1 / train/inv/policy_weight_std 0 / train/inv/valid_frac 1 / train/inv/weight 0.02 / train/loss/con 0.02 / train/loss/dyn 2.67 / train/loss/image 3.06 / train/loss/inv 0.01 / train/loss/policy -0.01 / train/loss/rep 2.67 / train/loss/repval 1.13 / train/loss/rew 0.55 / train/loss/value 1.05 / replay/replay_ratio 264 / fps/policy 5.67 / fps/train 1452.49

Writing metrics: /home/zhangpeiying01/lfy/btwm-7.7/runs/btwm_dmc_walker_walk_seed1_w002_b11_s1/metrics.jsonl
Writing metrics: /home/zhangpeiying01/lfy/btwm-7.7/runs/btwm_dmc_walker_walk_seed1_w002_b11_s1/scores.jsonl

--------------------[Agent Step 158_160]--------------------
Metrics filtered by: 'score|length|fps|ratio|train/loss/|train/acc/|train/inv/|train/rand/'
train/acc/inv 0.59 / train/inv/ce 1.27 / train/inv/confidence 0.34 / train/inv/confidence_gating 0 / train/inv/effective_rep_weight 0.02 / train/inv/head_objective 0.53 / train/inv/head_weight 0 / train/inv/objective 0.53 / train/inv/policy_weight_max 1 / train/inv/policy_weight_mean 1 / train/inv/policy_weight_min 1 / train/inv/policy_weight_std 0 / train/inv/valid_frac 1 / train/inv/weight 0.02 / train/loss/con 0.02 / train/loss/dyn 2.63 / train/loss/image 3.02 / train/loss/inv 0.01 / train/loss/policy -0.01 / train/loss/rep 2.63 / train/loss/repval 1.12 / train/loss/rew 0.55 / train/loss/value 1.05 / replay/replay_ratio 264 / fps/policy 5.66 / fps/train 1449.64

Writing metrics: /home/zhangpeiying01/lfy/btwm-7.7/runs/btwm_dmc_walker_walk_seed1_w002_b11_s1/metrics.jsonl
Writing metrics: /home/zhangpeiying01/lfy/btwm-7.7/runs/btwm_dmc_walker_walk_seed1_w002_b11_s1/scores.jsonl

--------------------[Agent Step 158_848]--------------------
Metrics filtered by: 'score|length|fps|ratio|train/loss/|train/acc/|train/inv/|train/rand/'
train/acc/inv 0.59 / train/inv/ce 1.27 / train/inv/confidence 0.34 / train/inv/confidence_gating 0 / train/inv/effective_rep_weight 0.02 / train/inv/head_objective 0.53 / train/inv/head_weight 0 / train/inv/objective 0.53 / train/inv/policy_weight_max 1 / train/inv/policy_weight_mean 1 / train/inv/policy_weight_min 1 / train/inv/policy_weight_std 0 / train/inv/valid_frac 1 / train/inv/weight 0.02 / train/loss/con 0.02 / train/loss/dyn 2.59 / train/loss/image 2.98 / train/loss/inv 0.01 / train/loss/policy -0.01 / train/loss/rep 2.59 / train/loss/repval 1.12 / train/loss/rew 0.55 / train/loss/value 1.05 / replay/replay_ratio 264 / fps/policy 5.68 / fps/train 1453.27

Writing metrics: /home/zhangpeiying01/lfy/btwm-7.7/runs/btwm_dmc_walker_walk_seed1_w002_b11_s1/metrics.jsonl
Writing metrics: /home/zhangpeiying01/lfy/btwm-7.7/runs/btwm_dmc_walker_walk_seed1_w002_b11_s1/scores.jsonl

--------------------[Agent Step 159_536]--------------------
Metrics filtered by: 'score|length|fps|ratio|train/loss/|train/acc/|train/inv/|train/rand/'
train/acc/inv 0.59 / train/inv/ce 1.27 / train/inv/confidence 0.34 / train/inv/confidence_gating 0 / train/inv/effective_rep_weight 0.02 / train/inv/head_objective 0.53 / train/inv/head_weight 0 / train/inv/objective 0.53 / train/inv/policy_weight_max 1 / train/inv/policy_weight_mean 1 / train/inv/policy_weight_min 1 / train/inv/policy_weight_std 0 / train/inv/valid_frac 1 / train/inv/weight 0.02 / train/loss/con 0.02 / train/loss/dyn 2.66 / train/loss/image 3.02 / train/loss/inv 0.01 / train/loss/policy -9.2e-3 / train/loss/rep 2.66 / train/loss/repval 1.12 / train/loss/rew 0.55 / train/loss/value 1.05 / replay/replay_ratio 264 / fps/policy 5.66 / fps/train 1448.56

Writing metrics: /home/zhangpeiying01/lfy/btwm-7.7/runs/btwm_dmc_walker_walk_seed1_w002_b11_s1/metrics.jsonl
Writing metrics: /home/zhangpeiying01/lfy/btwm-7.7/runs/btwm_dmc_walker_walk_seed1_w002_b11_s1/scores.jsonl

--------------------[Agent Step 160_224]--------------------
Metrics filtered by: 'score|length|fps|ratio|train/loss/|train/acc/|train/inv/|train/rand/'
episode/score 878.66 / episode/length 1001 / train/acc/inv 0.59 / train/inv/ce 1.27 / train/inv/confidence 0.34 / train/inv/confidence_gating 0 / train/inv/effective_rep_weight 0.02 / train/inv/head_objective 0.53 / train/inv/head_weight 0 / train/inv/objective 0.53 / train/inv/policy_weight_max 1 / train/inv/policy_weight_mean 1 / train/inv/policy_weight_min 1 / train/inv/policy_weight_std 0 / train/inv/valid_frac 1 / train/inv/weight 0.02 / train/loss/con 0.02 / train/loss/dyn 2.63 / train/loss/image 2.99 / train/loss/inv 0.01 / train/loss/policy -0.01 / train/loss/rep 2.63 / train/loss/repval 1.12 / train/loss/rew 0.55 / train/loss/value 1.04 / replay/replay_ratio 264 / fps/policy 5.66 / fps/train 1447.96

Writing metrics: /home/zhangpeiying01/lfy/btwm-7.7/runs/btwm_dmc_walker_walk_seed1_w002_b11_s1/scores.jsonl
Writing metrics: /home/zhangpeiying01/lfy/btwm-7.7/runs/btwm_dmc_walker_walk_seed1_w002_b11_s1/metrics.jsonl

--------------------[Agent Step 160_912]--------------------
Metrics filtered by: 'score|length|fps|ratio|train/loss/|train/acc/|train/inv/|train/rand/'
train/acc/inv 0.58 / train/inv/ce 1.29 / train/inv/confidence 0.33 / train/inv/confidence_gating 0 / train/inv/effective_rep_weight 0.02 / train/inv/head_objective 0.54 / train/inv/head_weight 0 / train/inv/objective 0.54 / train/inv/policy_weight_max 1 / train/inv/policy_weight_mean 1 / train/inv/policy_weight_min 1 / train/inv/policy_weight_std 0 / train/inv/valid_frac 1 / train/inv/weight 0.02 / train/loss/con 0.02 / train/loss/dyn 2.75 / train/loss/image 3.16 / train/loss/inv 0.01 / train/loss/policy -0.01 / train/loss/rep 2.75 / train/loss/repval 1.12 / train/loss/rew 0.55 / train/loss/value 1.04 / replay/replay_ratio 264 / fps/policy 5.66 / fps/train 1447.84

Writing metrics: /home/zhangpeiying01/lfy/btwm-7.7/runs/btwm_dmc_walker_walk_seed1_w002_b11_s1/scores.jsonl
Writing metrics: /home/zhangpeiying01/lfy/btwm-7.7/runs/btwm_dmc_walker_walk_seed1_w002_b11_s1/metrics.jsonl

--------------------[Agent Step 161_616]--------------------
Metrics filtered by: 'score|length|fps|ratio|train/loss/|train/acc/|train/inv/|train/rand/'
train/acc/inv 0.58 / train/inv/ce 1.29 / train/inv/confidence 0.34 / train/inv/confidence_gating 0 / train/inv/effective_rep_weight 0.02 / train/inv/head_objective 0.54 / train/inv/head_weight 0 / train/inv/objective 0.54 / train/inv/policy_weight_max 1 / train/inv/policy_weight_mean 1 / train/inv/policy_weight_min 1 / train/inv/policy_weight_std 0 / train/inv/valid_frac 1 / train/inv/weight 0.02 / train/loss/con 0.02 / train/loss/dyn 2.81 / train/loss/image 3.28 / train/loss/inv 0.01 / train/loss/policy -2e-3 / train/loss/rep 2.81 / train/loss/repval 1.11 / train/loss/rew 0.55 / train/loss/value 1.04 / replay/replay_ratio 264 / fps/policy 5.85 / fps/train 1497.82

Writing metrics: /home/zhangpeiying01/lfy/btwm-7.7/runs/btwm_dmc_walker_walk_seed1_w002_b11_s1/metrics.jsonl
Writing metrics: /home/zhangpeiying01/lfy/btwm-7.7/runs/btwm_dmc_walker_walk_seed1_w002_b11_s1/scores.jsonl

--------------------[Agent Step 162_848]--------------------
Metrics filtered by: 'score|length|fps|ratio|train/loss/|train/acc/|train/inv/|train/rand/'
train/acc/inv 0.58 / train/inv/ce 1.3 / train/inv/confidence 0.33 / train/inv/confidence_gating 0 / train/inv/effective_rep_weight 0.02 / train/inv/head_objective 0.54 / train/inv/head_weight 0 / train/inv/objective 0.54 / train/inv/policy_weight_max 1 / train/inv/policy_weight_mean 1 / train/inv/policy_weight_min 1 / train/inv/policy_weight_std 0 / train/inv/valid_frac 1 / train/inv/weight 0.02 / train/loss/con 0.02 / train/loss/dyn 2.67 / train/loss/image 3.12 / train/loss/inv 0.01 / train/loss/policy -0.01 / train/loss/rep 2.67 / train/loss/repval 1.11 / train/loss/rew 0.55 / train/loss/value 1.04 / replay/replay_ratio 264 / fps/policy 10.2 / fps/train 2612.33

Writing metrics: /home/zhangpeiying01/lfy/btwm-7.7/runs/btwm_dmc_walker_walk_seed1_w002_b11_s1/metrics.jsonl
Writing metrics: /home/zhangpeiying01/lfy/btwm-7.7/runs/btwm_dmc_walker_walk_seed1_w002_b11_s1/scores.jsonl

--------------------[Agent Step 164_080]--------------------
Metrics filtered by: 'score|length|fps|ratio|train/loss/|train/acc/|train/inv/|train/rand/'
train/acc/inv 0.58 / train/inv/ce 1.29 / train/inv/confidence 0.34 / train/inv/confidence_gating 0 / train/inv/effective_rep_weight 0.02 / train/inv/head_objective 0.54 / train/inv/head_weight 0 / train/inv/objective 0.54 / train/inv/policy_weight_max 1 / train/inv/policy_weight_mean 1 / train/inv/policy_weight_min 1 / train/inv/policy_weight_std 0 / train/inv/valid_frac 1 / train/inv/weight 0.02 / train/loss/con 0.02 / train/loss/dyn 2.61 / train/loss/image 3.05 / train/loss/inv 0.01 / train/loss/policy -0.01 / train/loss/rep 2.61 / train/loss/repval 1.12 / train/loss/rew 0.55 / train/loss/value 1.04 / replay/replay_ratio 264 / fps/policy 10.26 / fps/train 2627.16

Writing metrics: /home/zhangpeiying01/lfy/btwm-7.7/runs/btwm_dmc_walker_walk_seed1_w002_b11_s1/scores.jsonl
Writing metrics: /home/zhangpeiying01/lfy/btwm-7.7/runs/btwm_dmc_walker_walk_seed1_w002_b11_s1/metrics.jsonl

--------------------[Agent Step 165_328]--------------------
Metrics filtered by: 'score|length|fps|ratio|train/loss/|train/acc/|train/inv/|train/rand/'
train/acc/inv 0.58 / train/inv/ce 1.29 / train/inv/confidence 0.33 / train/inv/confidence_gating 0 / train/inv/effective_rep_weight 0.02 / train/inv/head_objective 0.54 / train/inv/head_weight 0 / train/inv/objective 0.54 / train/inv/policy_weight_max 1 / train/inv/policy_weight_mean 1 / train/inv/policy_weight_min 1 / train/inv/policy_weight_std 0 / train/inv/valid_frac 1 / train/inv/weight 0.02 / train/loss/con 0.02 / train/loss/dyn 2.67 / train/loss/image 3.04 / train/loss/inv 0.01 / train/loss/policy -0.01 / train/loss/rep 2.67 / train/loss/repval 1.12 / train/loss/rew 0.55 / train/loss/value 1.04 / replay/replay_ratio 264 / fps/policy 10.35 / fps/train 2649.67

Writing metrics: /home/zhangpeiying01/lfy/btwm-7.7/runs/btwm_dmc_walker_walk_seed1_w002_b11_s1/metrics.jsonl
Writing metrics: /home/zhangpeiying01/lfy/btwm-7.7/runs/btwm_dmc_walker_walk_seed1_w002_b11_s1/scores.jsonl

--------------------[Agent Step 166_576]--------------------
Metrics filtered by: 'score|length|fps|ratio|train/loss/|train/acc/|train/inv/|train/rand/'
train/acc/inv 0.59 / train/inv/ce 1.28 / train/inv/confidence 0.34 / train/inv/confidence_gating 0 / train/inv/effective_rep_weight 0.02 / train/inv/head_objective 0.54 / train/inv/head_weight 0 / train/inv/objective 0.54 / train/inv/policy_weight_max 1 / train/inv/policy_weight_mean 1 / train/inv/policy_weight_min 1 / train/inv/policy_weight_std 0 / train/inv/valid_frac 1 / train/inv/weight 0.02 / train/loss/con 0.02 / train/loss/dyn 2.63 / train/loss/image 3 / train/loss/inv 0.01 / train/loss/policy -0.01 / train/loss/rep 2.63 / train/loss/repval 1.12 / train/loss/rew 0.55 / train/loss/value 1.05 / replay/replay_ratio 264 / fps/policy 10.36 / fps/train 2651.24

Writing metrics: /home/zhangpeiying01/lfy/btwm-7.7/runs/btwm_dmc_walker_walk_seed1_w002_b11_s1/metrics.jsonl
Writing metrics: /home/zhangpeiying01/lfy/btwm-7.7/runs/btwm_dmc_walker_walk_seed1_w002_b11_s1/scores.jsonl

--------------------[Agent Step 167_824]--------------------
Metrics filtered by: 'score|length|fps|ratio|train/loss/|train/acc/|train/inv/|train/rand/'
train/acc/inv 0.58 / train/inv/ce 1.29 / train/inv/confidence 0.33 / train/inv/confidence_gating 0 / train/inv/effective_rep_weight 0.02 / train/inv/head_objective 0.54 / train/inv/head_weight 0 / train/inv/objective 0.54 / train/inv/policy_weight_max 1 / train/inv/policy_weight_mean 1 / train/inv/policy_weight_min 1 / train/inv/policy_weight_std 0 / train/inv/valid_frac 1 / train/inv/weight 0.02 / train/loss/con 0.02 / train/loss/dyn 2.64 / train/loss/image 3 / train/loss/inv 0.01 / train/loss/policy -0.01 / train/loss/rep 2.64 / train/loss/repval 1.12 / train/loss/rew 0.55 / train/loss/value 1.04 / replay/replay_ratio 264 / fps/policy 10.35 / fps/train 2650.06

Writing metrics: /home/zhangpeiying01/lfy/btwm-7.7/runs/btwm_dmc_walker_walk_seed1_w002_b11_s1/metrics.jsonl
Writing metrics: /home/zhangpeiying01/lfy/btwm-7.7/runs/btwm_dmc_walker_walk_seed1_w002_b11_s1/scores.jsonl
Saving checkpoint: /home/zhangpeiying01/lfy/btwm-7.7/runs/btwm_dmc_walker_walk_seed1_w002_b11_s1/ckpt/20260716T044931F376599
Saved checkpoint.

--------------------[Agent Step 169_056]--------------------
Metrics filtered by: 'score|length|fps|ratio|train/loss/|train/acc/|train/inv/|train/rand/'
train/acc/inv 0.58 / train/inv/ce 1.3 / train/inv/confidence 0.33 / train/inv/confidence_gating 0 / train/inv/effective_rep_weight 0.02 / train/inv/head_objective 0.54 / train/inv/head_weight 0 / train/inv/objective 0.54 / train/inv/policy_weight_max 1 / train/inv/policy_weight_mean 1 / train/inv/policy_weight_min 1 / train/inv/policy_weight_std 0 / train/inv/valid_frac 1 / train/inv/weight 0.02 / train/loss/con 0.02 / train/loss/dyn 2.68 / train/loss/image 3.03 / train/loss/inv 0.01 / train/loss/policy -0.01 / train/loss/rep 2.68 / train/loss/repval 1.12 / train/loss/rew 0.55 / train/loss/value 1.05 / replay/replay_ratio 264 / fps/policy 10.16 / fps/train 2601.07

Writing metrics: /home/zhangpeiying01/lfy/btwm-7.7/runs/btwm_dmc_walker_walk_seed1_w002_b11_s1/metrics.jsonl
Writing metrics: /home/zhangpeiying01/lfy/btwm-7.7/runs/btwm_dmc_walker_walk_seed1_w002_b11_s1/scores.jsonl

--------------------[Agent Step 170_304]--------------------
Metrics filtered by: 'score|length|fps|ratio|train/loss/|train/acc/|train/inv/|train/rand/'
train/acc/inv 0.58 / train/inv/ce 1.3 / train/inv/confidence 0.33 / train/inv/confidence_gating 0 / train/inv/effective_rep_weight 0.02 / train/inv/head_objective 0.54 / train/inv/head_weight 0 / train/inv/objective 0.54 / train/inv/policy_weight_max 1 / train/inv/policy_weight_mean 1 / train/inv/policy_weight_min 1 / train/inv/policy_weight_std 0 / train/inv/valid_frac 1 / train/inv/weight 0.02 / train/loss/con 0.02 / train/loss/dyn 2.65 / train/loss/image 2.99 / train/loss/inv 0.01 / train/loss/policy -8.5e-3 / train/loss/rep 2.65 / train/loss/repval 1.12 / train/loss/rew 0.55 / train/loss/value 1.05 / replay/replay_ratio 264 / fps/policy 10.33 / fps/train 2644.81

Writing metrics: /home/zhangpeiying01/lfy/btwm-7.7/runs/btwm_dmc_walker_walk_seed1_w002_b11_s1/metrics.jsonl
Writing metrics: /home/zhangpeiying01/lfy/btwm-7.7/runs/btwm_dmc_walker_walk_seed1_w002_b11_s1/scores.jsonl

--------------------[Agent Step 171_552]--------------------
Metrics filtered by: 'score|length|fps|ratio|train/loss/|train/acc/|train/inv/|train/rand/'
train/acc/inv 0.58 / train/inv/ce 1.3 / train/inv/confidence 0.33 / train/inv/confidence_gating 0 / train/inv/effective_rep_weight 0.02 / train/inv/head_objective 0.54 / train/inv/head_weight 0 / train/inv/objective 0.54 / train/inv/policy_weight_max 1 / train/inv/policy_weight_mean 1 / train/inv/policy_weight_min 1 / train/inv/policy_weight_std 0 / train/inv/valid_frac 1 / train/inv/weight 0.02 / train/loss/con 0.02 / train/loss/dyn 2.63 / train/loss/image 2.96 / train/loss/inv 0.01 / train/loss/policy -0.01 / train/loss/rep 2.63 / train/loss/repval 1.12 / train/loss/rew 0.55 / train/loss/value 1.05 / replay/replay_ratio 264 / fps/policy 10.35 / fps/train 2648.45

Writing metrics: /home/zhangpeiying01/lfy/btwm-7.7/runs/btwm_dmc_walker_walk_seed1_w002_b11_s1/scores.jsonl
Writing metrics: /home/zhangpeiying01/lfy/btwm-7.7/runs/btwm_dmc_walker_walk_seed1_w002_b11_s1/metrics.jsonl

--------------------[Agent Step 172_800]--------------------
Metrics filtered by: 'score|length|fps|ratio|train/loss/|train/acc/|train/inv/|train/rand/'
train/acc/inv 0.58 / train/inv/ce 1.29 / train/inv/confidence 0.33 / train/inv/confidence_gating 0 / train/inv/effective_rep_weight 0.02 / train/inv/head_objective 0.54 / train/inv/head_weight 0 / train/inv/objective 0.54 / train/inv/policy_weight_max 1 / train/inv/policy_weight_mean 1 / train/inv/policy_weight_min 1 / train/inv/policy_weight_std 0 / train/inv/valid_frac 1 / train/inv/weight 0.02 / train/loss/con 0.02 / train/loss/dyn 2.66 / train/loss/image 2.97 / train/loss/inv 0.01 / train/loss/policy -0.01 / train/loss/rep 2.66 / train/loss/repval 1.12 / train/loss/rew 0.55 / train/loss/value 1.05 / replay/replay_ratio 264 / fps/policy 10.35 / fps/train 2649.74

Writing metrics: /home/zhangpeiying01/lfy/btwm-7.7/runs/btwm_dmc_walker_walk_seed1_w002_b11_s1/metrics.jsonl
Writing metrics: /home/zhangpeiying01/lfy/btwm-7.7/runs/btwm_dmc_walker_walk_seed1_w002_b11_s1/scores.jsonl

--------------------[Agent Step 174_048]--------------------
Metrics filtered by: 'score|length|fps|ratio|train/loss/|train/acc/|train/inv/|train/rand/'
train/acc/inv 0.58 / train/inv/ce 1.3 / train/inv/confidence 0.33 / train/inv/confidence_gating 0 / train/inv/effective_rep_weight 0.02 / train/inv/head_objective 0.54 / train/inv/head_weight 0 / train/inv/objective 0.54 / train/inv/policy_weight_max 1 / train/inv/policy_weight_mean 1 / train/inv/policy_weight_min 1 / train/inv/policy_weight_std 0 / train/inv/valid_frac 1 / train/inv/weight 0.02 / train/loss/con 0.02 / train/loss/dyn 2.65 / train/loss/image 2.94 / train/loss/inv 0.01 / train/loss/policy -0.02 / train/loss/rep 2.65 / train/loss/repval 1.12 / train/loss/rew 0.56 / train/loss/value 1.04 / replay/replay_ratio 264 / fps/policy 10.35 / fps/train 2649.19

Writing metrics: /home/zhangpeiying01/lfy/btwm-7.7/runs/btwm_dmc_walker_walk_seed1_w002_b11_s1/metrics.jsonl
Writing metrics: /home/zhangpeiying01/lfy/btwm-7.7/runs/btwm_dmc_walker_walk_seed1_w002_b11_s1/scores.jsonl

--------------------[Agent Step 175_296]--------------------
Metrics filtered by: 'score|length|fps|ratio|train/loss/|train/acc/|train/inv/|train/rand/'
train/acc/inv 0.58 / train/inv/ce 1.3 / train/inv/confidence 0.33 / train/inv/confidence_gating 0 / train/inv/effective_rep_weight 0.02 / train/inv/head_objective 0.54 / train/inv/head_weight 0 / train/inv/objective 0.54 / train/inv/policy_weight_max 1 / train/inv/policy_weight_mean 1 / train/inv/policy_weight_min 1 / train/inv/policy_weight_std 0 / train/inv/valid_frac 1 / train/inv/weight 0.02 / train/loss/con 0.02 / train/loss/dyn 2.65 / train/loss/image 2.95 / train/loss/inv 0.01 / train/loss/policy -0.01 / train/loss/rep 2.65 / train/loss/repval 1.11 / train/loss/rew 0.55 / train/loss/value 1.04 / replay/replay_ratio 264 / fps/policy 10.36 / fps/train 2652.45

Writing metrics: /home/zhangpeiying01/lfy/btwm-7.7/runs/btwm_dmc_walker_walk_seed1_w002_b11_s1/metrics.jsonl
Writing metrics: /home/zhangpeiying01/lfy/btwm-7.7/runs/btwm_dmc_walker_walk_seed1_w002_b11_s1/scores.jsonl

--------------------[Agent Step 176_544]--------------------
Metrics filtered by: 'score|length|fps|ratio|train/loss/|train/acc/|train/inv/|train/rand/'
episode/score 879.7 / episode/length 1001 / train/acc/inv 0.58 / train/inv/ce 1.31 / train/inv/confidence 0.33 / train/inv/confidence_gating 0 / train/inv/effective_rep_weight 0.02 / train/inv/head_objective 0.54 / train/inv/head_weight 0 / train/inv/objective 0.54 / train/inv/policy_weight_max 1 / train/inv/policy_weight_mean 1 / train/inv/policy_weight_min 1 / train/inv/policy_weight_std 0 / train/inv/valid_frac 1 / train/inv/weight 0.02 / train/loss/con 0.02 / train/loss/dyn 2.69 / train/loss/image 2.99 / train/loss/inv 0.01 / train/loss/policy -0.01 / train/loss/rep 2.69 / train/loss/repval 1.11 / train/loss/rew 0.56 / train/loss/value 1.04 / replay/replay_ratio 264 / fps/policy 10.34 / fps/train 2648.32

Writing metrics: /home/zhangpeiying01/lfy/btwm-7.7/runs/btwm_dmc_walker_walk_seed1_w002_b11_s1/metrics.jsonl
Writing metrics: /home/zhangpeiying01/lfy/btwm-7.7/runs/btwm_dmc_walker_walk_seed1_w002_b11_s1/scores.jsonl

--------------------[Agent Step 177_792]--------------------
Metrics filtered by: 'score|length|fps|ratio|train/loss/|train/acc/|train/inv/|train/rand/'
train/acc/inv 0.58 / train/inv/ce 1.31 / train/inv/confidence 0.33 / train/inv/confidence_gating 0 / train/inv/effective_rep_weight 0.02 / train/inv/head_objective 0.55 / train/inv/head_weight 0 / train/inv/objective 0.55 / train/inv/policy_weight_max 1 / train/inv/policy_weight_mean 1 / train/inv/policy_weight_min 1 / train/inv/policy_weight_std 0 / train/inv/valid_frac 1 / train/inv/weight 0.02 / train/loss/con 0.02 / train/loss/dyn 2.76 / train/loss/image 3.14 / train/loss/inv 0.01 / train/loss/policy -9.3e-3 / train/loss/rep 2.76 / train/loss/repval 1.1 / train/loss/rew 0.56 / train/loss/value 1.04 / replay/replay_ratio 264 / fps/policy 10.36 / fps/train 2653

Writing metrics: /home/zhangpeiying01/lfy/btwm-7.7/runs/btwm_dmc_walker_walk_seed1_w002_b11_s1/metrics.jsonl
Writing metrics: /home/zhangpeiying01/lfy/btwm-7.7/runs/btwm_dmc_walker_walk_seed1_w002_b11_s1/scores.jsonl

--------------------[Agent Step 179_040]--------------------
Metrics filtered by: 'score|length|fps|ratio|train/loss/|train/acc/|train/inv/|train/rand/'
train/acc/inv 0.58 / train/inv/ce 1.31 / train/inv/confidence 0.33 / train/inv/confidence_gating 0 / train/inv/effective_rep_weight 0.02 / train/inv/head_objective 0.55 / train/inv/head_weight 0 / train/inv/objective 0.55 / train/inv/policy_weight_max 1 / train/inv/policy_weight_mean 1 / train/inv/policy_weight_min 1 / train/inv/policy_weight_std 0 / train/inv/valid_frac 1 / train/inv/weight 0.02 / train/loss/con 0.02 / train/loss/dyn 2.69 / train/loss/image 3.04 / train/loss/inv 0.01 / train/loss/policy -0.01 / train/loss/rep 2.69 / train/loss/repval 1.1 / train/loss/rew 0.56 / train/loss/value 1.03 / replay/replay_ratio 264 / fps/policy 10.36 / fps/train 2651.71

Writing metrics: /home/zhangpeiying01/lfy/btwm-7.7/runs/btwm_dmc_walker_walk_seed1_w002_b11_s1/metrics.jsonl
Writing metrics: /home/zhangpeiying01/lfy/btwm-7.7/runs/btwm_dmc_walker_walk_seed1_w002_b11_s1/scores.jsonl

--------------------[Agent Step 180_288]--------------------
Metrics filtered by: 'score|length|fps|ratio|train/loss/|train/acc/|train/inv/|train/rand/'
train/acc/inv 0.58 / train/inv/ce 1.31 / train/inv/confidence 0.33 / train/inv/confidence_gating 0 / train/inv/effective_rep_weight 0.02 / train/inv/head_objective 0.55 / train/inv/head_weight 0 / train/inv/objective 0.55 / train/inv/policy_weight_max 1 / train/inv/policy_weight_mean 1 / train/inv/policy_weight_min 1 / train/inv/policy_weight_std 0 / train/inv/valid_frac 1 / train/inv/weight 0.02 / train/loss/con 0.02 / train/loss/dyn 2.66 / train/loss/image 3 / train/loss/inv 0.01 / train/loss/policy -0.01 / train/loss/rep 2.66 / train/loss/repval 1.11 / train/loss/rew 0.55 / train/loss/value 1.04 / replay/replay_ratio 264 / fps/policy 10.37 / fps/train 2653.84

Writing metrics: /home/zhangpeiying01/lfy/btwm-7.7/runs/btwm_dmc_walker_walk_seed1_w002_b11_s1/scores.jsonl
Writing metrics: /home/zhangpeiying01/lfy/btwm-7.7/runs/btwm_dmc_walker_walk_seed1_w002_b11_s1/metrics.jsonl

--------------------[Agent Step 181_536]--------------------
Metrics filtered by: 'score|length|fps|ratio|train/loss/|train/acc/|train/inv/|train/rand/'
train/acc/inv 0.58 / train/inv/ce 1.32 / train/inv/confidence 0.33 / train/inv/confidence_gating 0 / train/inv/effective_rep_weight 0.02 / train/inv/head_objective 0.55 / train/inv/head_weight 0 / train/inv/objective 0.55 / train/inv/policy_weight_max 1 / train/inv/policy_weight_mean 1 / train/inv/policy_weight_min 1 / train/inv/policy_weight_std 0 / train/inv/valid_frac 1 / train/inv/weight 0.02 / train/loss/con 0.02 / train/loss/dyn 2.66 / train/loss/image 3.01 / train/loss/inv 0.01 / train/loss/policy -0.01 / train/loss/rep 2.66 / train/loss/repval 1.1 / train/loss/rew 0.55 / train/loss/value 1.03 / replay/replay_ratio 264 / fps/policy 10.36 / fps/train 2652.41

Writing metrics: /home/zhangpeiying01/lfy/btwm-7.7/runs/btwm_dmc_walker_walk_seed1_w002_b11_s1/metrics.jsonl
Writing metrics: /home/zhangpeiying01/lfy/btwm-7.7/runs/btwm_dmc_walker_walk_seed1_w002_b11_s1/scores.jsonl

--------------------[Agent Step 182_784]--------------------
Metrics filtered by: 'score|length|fps|ratio|train/loss/|train/acc/|train/inv/|train/rand/'
train/acc/inv 0.58 / train/inv/ce 1.32 / train/inv/confidence 0.33 / train/inv/confidence_gating 0 / train/inv/effective_rep_weight 0.02 / train/inv/head_objective 0.55 / train/inv/head_weight 0 / train/inv/objective 0.55 / train/inv/policy_weight_max 1 / train/inv/policy_weight_mean 1 / train/inv/policy_weight_min 1 / train/inv/policy_weight_std 0 / train/inv/valid_frac 1 / train/inv/weight 0.02 / train/loss/con 0.02 / train/loss/dyn 2.68 / train/loss/image 2.96 / train/loss/inv 0.01 / train/loss/policy -0.01 / train/loss/rep 2.68 / train/loss/repval 1.1 / train/loss/rew 0.56 / train/loss/value 1.03 / replay/replay_ratio 264 / fps/policy 10.35 / fps/train 2648.39

Writing metrics: /home/zhangpeiying01/lfy/btwm-7.7/runs/btwm_dmc_walker_walk_seed1_w002_b11_s1/metrics.jsonl
Writing metrics: /home/zhangpeiying01/lfy/btwm-7.7/runs/btwm_dmc_walker_walk_seed1_w002_b11_s1/scores.jsonl

--------------------[Agent Step 184_032]--------------------
Metrics filtered by: 'score|length|fps|ratio|train/loss/|train/acc/|train/inv/|train/rand/'
train/acc/inv 0.58 / train/inv/ce 1.31 / train/inv/confidence 0.33 / train/inv/confidence_gating 0 / train/inv/effective_rep_weight 0.02 / train/inv/head_objective 0.55 / train/inv/head_weight 0 / train/inv/objective 0.55 / train/inv/policy_weight_max 1 / train/inv/policy_weight_mean 1 / train/inv/policy_weight_min 1 / train/inv/policy_weight_std 0 / train/inv/valid_frac 1 / train/inv/weight 0.02 / train/loss/con 0.02 / train/loss/dyn 2.64 / train/loss/image 2.94 / train/loss/inv 0.01 / train/loss/policy -9.9e-3 / train/loss/rep 2.64 / train/loss/repval 1.1 / train/loss/rew 0.56 / train/loss/value 1.02 / replay/replay_ratio 264 / fps/policy 10.36 / fps/train 2651.16

Writing metrics: /home/zhangpeiying01/lfy/btwm-7.7/runs/btwm_dmc_walker_walk_seed1_w002_b11_s1/metrics.jsonl
Writing metrics: /home/zhangpeiying01/lfy/btwm-7.7/runs/btwm_dmc_walker_walk_seed1_w002_b11_s1/scores.jsonl

--------------------[Agent Step 185_280]--------------------
Metrics filtered by: 'score|length|fps|ratio|train/loss/|train/acc/|train/inv/|train/rand/'
train/acc/inv 0.58 / train/inv/ce 1.32 / train/inv/confidence 0.32 / train/inv/confidence_gating 0 / train/inv/effective_rep_weight 0.02 / train/inv/head_objective 0.55 / train/inv/head_weight 0 / train/inv/objective 0.55 / train/inv/policy_weight_max 1 / train/inv/policy_weight_mean 1 / train/inv/policy_weight_min 1 / train/inv/policy_weight_std 0 / train/inv/valid_frac 1 / train/inv/weight 0.02 / train/loss/con 0.02 / train/loss/dyn 2.63 / train/loss/image 2.89 / train/loss/inv 0.01 / train/loss/policy -0.01 / train/loss/rep 2.63 / train/loss/repval 1.09 / train/loss/rew 0.56 / train/loss/value 1.01 / replay/replay_ratio 264 / fps/policy 10.35 / fps/train 2650.11

Writing metrics: /home/zhangpeiying01/lfy/btwm-7.7/runs/btwm_dmc_walker_walk_seed1_w002_b11_s1/metrics.jsonl
Writing metrics: /home/zhangpeiying01/lfy/btwm-7.7/runs/btwm_dmc_walker_walk_seed1_w002_b11_s1/scores.jsonl

--------------------[Agent Step 186_528]--------------------
Metrics filtered by: 'score|length|fps|ratio|train/loss/|train/acc/|train/inv/|train/rand/'
train/acc/inv 0.58 / train/inv/ce 1.32 / train/inv/confidence 0.32 / train/inv/confidence_gating 0 / train/inv/effective_rep_weight 0.02 / train/inv/head_objective 0.55 / train/inv/head_weight 0 / train/inv/objective 0.55 / train/inv/policy_weight_max 1 / train/inv/policy_weight_mean 1 / train/inv/policy_weight_min 1 / train/inv/policy_weight_std 0 / train/inv/valid_frac 1 / train/inv/weight 0.02 / train/loss/con 0.02 / train/loss/dyn 2.68 / train/loss/image 2.93 / train/loss/inv 0.01 / train/loss/policy -9.4e-3 / train/loss/rep 2.68 / train/loss/repval 1.09 / train/loss/rew 0.56 / train/loss/value 1.01 / replay/replay_ratio 264 / fps/policy 10.35 / fps/train 2650.04

Writing metrics: /home/zhangpeiying01/lfy/btwm-7.7/runs/btwm_dmc_walker_walk_seed1_w002_b11_s1/metrics.jsonl
Writing metrics: /home/zhangpeiying01/lfy/btwm-7.7/runs/btwm_dmc_walker_walk_seed1_w002_b11_s1/scores.jsonl

--------------------[Agent Step 187_776]--------------------
Metrics filtered by: 'score|length|fps|ratio|train/loss/|train/acc/|train/inv/|train/rand/'
train/acc/inv 0.58 / train/inv/ce 1.32 / train/inv/confidence 0.33 / train/inv/confidence_gating 0 / train/inv/effective_rep_weight 0.02 / train/inv/head_objective 0.55 / train/inv/head_weight 0 / train/inv/objective 0.55 / train/inv/policy_weight_max 1 / train/inv/policy_weight_mean 1 / train/inv/policy_weight_min 1 / train/inv/policy_weight_std 0 / train/inv/valid_frac 1 / train/inv/weight 0.02 / train/loss/con 0.02 / train/loss/dyn 2.64 / train/loss/image 2.88 / train/loss/inv 0.01 / train/loss/policy -0.01 / train/loss/rep 2.64 / train/loss/repval 1.09 / train/loss/rew 0.56 / train/loss/value 1.01 / replay/replay_ratio 264 / fps/policy 10.34 / fps/train 2648.21

Writing metrics: /home/zhangpeiying01/lfy/btwm-7.7/runs/btwm_dmc_walker_walk_seed1_w002_b11_s1/metrics.jsonl
Writing metrics: /home/zhangpeiying01/lfy/btwm-7.7/runs/btwm_dmc_walker_walk_seed1_w002_b11_s1/scores.jsonl

--------------------[Agent Step 189_024]--------------------
Metrics filtered by: 'score|length|fps|ratio|train/loss/|train/acc/|train/inv/|train/rand/'
train/acc/inv 0.58 / train/inv/ce 1.32 / train/inv/confidence 0.32 / train/inv/confidence_gating 0 / train/inv/effective_rep_weight 0.02 / train/inv/head_objective 0.55 / train/inv/head_weight 0 / train/inv/objective 0.55 / train/inv/policy_weight_max 1 / train/inv/policy_weight_mean 1 / train/inv/policy_weight_min 1 / train/inv/policy_weight_std 0 / train/inv/valid_frac 1 / train/inv/weight 0.02 / train/loss/con 0.02 / train/loss/dyn 2.67 / train/loss/image 2.9 / train/loss/inv 0.01 / train/loss/policy -8.6e-3 / train/loss/rep 2.67 / train/loss/repval 1.09 / train/loss/rew 0.56 / train/loss/value 1.02 / replay/replay_ratio 264 / fps/policy 10.33 / fps/train 2643.75

Writing metrics: /home/zhangpeiying01/lfy/btwm-7.7/runs/btwm_dmc_walker_walk_seed1_w002_b11_s1/metrics.jsonl
Writing metrics: /home/zhangpeiying01/lfy/btwm-7.7/runs/btwm_dmc_walker_walk_seed1_w002_b11_s1/scores.jsonl

--------------------[Agent Step 190_272]--------------------
Metrics filtered by: 'score|length|fps|ratio|train/loss/|train/acc/|train/inv/|train/rand/'
train/acc/inv 0.58 / train/inv/ce 1.32 / train/inv/confidence 0.33 / train/inv/confidence_gating 0 / train/inv/effective_rep_weight 0.02 / train/inv/head_objective 0.55 / train/inv/head_weight 0 / train/inv/objective 0.55 / train/inv/policy_weight_max 1 / train/inv/policy_weight_mean 1 / train/inv/policy_weight_min 1 / train/inv/policy_weight_std 0 / train/inv/valid_frac 1 / train/inv/weight 0.02 / train/loss/con 0.02 / train/loss/dyn 2.64 / train/loss/image 2.86 / train/loss/inv 0.01 / train/loss/policy -9.1e-3 / train/loss/rep 2.64 / train/loss/repval 1.09 / train/loss/rew 0.56 / train/loss/value 1.02 / replay/replay_ratio 264 / fps/policy 10.36 / fps/train 2651.23

Writing metrics: /home/zhangpeiying01/lfy/btwm-7.7/runs/btwm_dmc_walker_walk_seed1_w002_b11_s1/metrics.jsonl
Writing metrics: /home/zhangpeiying01/lfy/btwm-7.7/runs/btwm_dmc_walker_walk_seed1_w002_b11_s1/scores.jsonl

--------------------[Agent Step 191_520]--------------------
Metrics filtered by: 'score|length|fps|ratio|train/loss/|train/acc/|train/inv/|train/rand/'
train/acc/inv 0.58 / train/inv/ce 1.32 / train/inv/confidence 0.33 / train/inv/confidence_gating 0 / train/inv/effective_rep_weight 0.02 / train/inv/head_objective 0.55 / train/inv/head_weight 0 / train/inv/objective 0.55 / train/inv/policy_weight_max 1 / train/inv/policy_weight_mean 1 / train/inv/policy_weight_min 1 / train/inv/policy_weight_std 0 / train/inv/valid_frac 1 / train/inv/weight 0.02 / train/loss/con 0.02 / train/loss/dyn 2.62 / train/loss/image 2.85 / train/loss/inv 0.01 / train/loss/policy -0.01 / train/loss/rep 2.62 / train/loss/repval 1.08 / train/loss/rew 0.56 / train/loss/value 1.01 / replay/replay_ratio 264 / fps/policy 10.36 / fps/train 2652.92

Writing metrics: /home/zhangpeiying01/lfy/btwm-7.7/runs/btwm_dmc_walker_walk_seed1_w002_b11_s1/metrics.jsonl
Writing metrics: /home/zhangpeiying01/lfy/btwm-7.7/runs/btwm_dmc_walker_walk_seed1_w002_b11_s1/scores.jsonl

--------------------[Agent Step 192_768]--------------------
Metrics filtered by: 'score|length|fps|ratio|train/loss/|train/acc/|train/inv/|train/rand/'
episode/score 938.48 / episode/length 1001 / train/acc/inv 0.58 / train/inv/ce 1.33 / train/inv/confidence 0.32 / train/inv/confidence_gating 0 / train/inv/effective_rep_weight 0.02 / train/inv/head_objective 0.55 / train/inv/head_weight 0 / train/inv/objective 0.55 / train/inv/policy_weight_max 1 / train/inv/policy_weight_mean 1 / train/inv/policy_weight_min 1 / train/inv/policy_weight_std 0 / train/inv/valid_frac 1 / train/inv/weight 0.02 / train/loss/con 0.02 / train/loss/dyn 2.75 / train/loss/image 2.94 / train/loss/inv 0.01 / train/loss/policy -0.01 / train/loss/rep 2.75 / train/loss/repval 1.08 / train/loss/rew 0.56 / train/loss/value 1 / replay/replay_ratio 264 / fps/policy 10.36 / fps/train 2652.15

Writing metrics: /home/zhangpeiying01/lfy/btwm-7.7/runs/btwm_dmc_walker_walk_seed1_w002_b11_s1/metrics.jsonl
Writing metrics: /home/zhangpeiying01/lfy/btwm-7.7/runs/btwm_dmc_walker_walk_seed1_w002_b11_s1/scores.jsonl

--------------------[Agent Step 194_016]--------------------
Metrics filtered by: 'score|length|fps|ratio|train/loss/|train/acc/|train/inv/|train/rand/'
train/acc/inv 0.57 / train/inv/ce 1.34 / train/inv/confidence 0.32 / train/inv/confidence_gating 0 / train/inv/effective_rep_weight 0.02 / train/inv/head_objective 0.56 / train/inv/head_weight 0 / train/inv/objective 0.56 / train/inv/policy_weight_max 1 / train/inv/policy_weight_mean 1 / train/inv/policy_weight_min 1 / train/inv/policy_weight_std 0 / train/inv/valid_frac 1 / train/inv/weight 0.02 / train/loss/con 0.02 / train/loss/dyn 2.72 / train/loss/image 3 / train/loss/inv 0.01 / train/loss/policy -0.01 / train/loss/rep 2.72 / train/loss/repval 1.08 / train/loss/rew 0.56 / train/loss/value 1.01 / replay/replay_ratio 264 / fps/policy 10.35 / fps/train 2648.96

Writing metrics: /home/zhangpeiying01/lfy/btwm-7.7/runs/btwm_dmc_walker_walk_seed1_w002_b11_s1/metrics.jsonl
Writing metrics: /home/zhangpeiying01/lfy/btwm-7.7/runs/btwm_dmc_walker_walk_seed1_w002_b11_s1/scores.jsonl

--------------------[Agent Step 195_264]--------------------
Metrics filtered by: 'score|length|fps|ratio|train/loss/|train/acc/|train/inv/|train/rand/'
train/acc/inv 0.58 / train/inv/ce 1.33 / train/inv/confidence 0.32 / train/inv/confidence_gating 0 / train/inv/effective_rep_weight 0.02 / train/inv/head_objective 0.56 / train/inv/head_weight 0 / train/inv/objective 0.56 / train/inv/policy_weight_max 1 / train/inv/policy_weight_mean 1 / train/inv/policy_weight_min 1 / train/inv/policy_weight_std 0 / train/inv/valid_frac 1 / train/inv/weight 0.02 / train/loss/con 0.02 / train/loss/dyn 2.67 / train/loss/image 2.93 / train/loss/inv 0.01 / train/loss/policy -0.01 / train/loss/rep 2.67 / train/loss/repval 1.08 / train/loss/rew 0.56 / train/loss/value 1.01 / replay/replay_ratio 264 / fps/policy 10.36 / fps/train 2651

Writing metrics: /home/zhangpeiying01/lfy/btwm-7.7/runs/btwm_dmc_walker_walk_seed1_w002_b11_s1/scores.jsonl
Writing metrics: /home/zhangpeiying01/lfy/btwm-7.7/runs/btwm_dmc_walker_walk_seed1_w002_b11_s1/metrics.jsonl

--------------------[Agent Step 196_512]--------------------
Metrics filtered by: 'score|length|fps|ratio|train/loss/|train/acc/|train/inv/|train/rand/'
train/acc/inv 0.57 / train/inv/ce 1.34 / train/inv/confidence 0.32 / train/inv/confidence_gating 0 / train/inv/effective_rep_weight 0.02 / train/inv/head_objective 0.56 / train/inv/head_weight 0 / train/inv/objective 0.56 / train/inv/policy_weight_max 1 / train/inv/policy_weight_mean 1 / train/inv/policy_weight_min 1 / train/inv/policy_weight_std 0 / train/inv/valid_frac 1 / train/inv/weight 0.02 / train/loss/con 0.02 / train/loss/dyn 2.67 / train/loss/image 2.88 / train/loss/inv 0.01 / train/loss/policy -0.01 / train/loss/rep 2.67 / train/loss/repval 1.07 / train/loss/rew 0.56 / train/loss/value 1 / replay/replay_ratio 264 / fps/policy 10.33 / fps/train 2644.75

Writing metrics: /home/zhangpeiying01/lfy/btwm-7.7/runs/btwm_dmc_walker_walk_seed1_w002_b11_s1/metrics.jsonl
Writing metrics: /home/zhangpeiying01/lfy/btwm-7.7/runs/btwm_dmc_walker_walk_seed1_w002_b11_s1/scores.jsonl

--------------------[Agent Step 197_760]--------------------
Metrics filtered by: 'score|length|fps|ratio|train/loss/|train/acc/|train/inv/|train/rand/'
train/acc/inv 0.58 / train/inv/ce 1.33 / train/inv/confidence 0.32 / train/inv/confidence_gating 0 / train/inv/effective_rep_weight 0.02 / train/inv/head_objective 0.56 / train/inv/head_weight 0 / train/inv/objective 0.56 / train/inv/policy_weight_max 1 / train/inv/policy_weight_mean 1 / train/inv/policy_weight_min 1 / train/inv/policy_weight_std 0 / train/inv/valid_frac 1 / train/inv/weight 0.02 / train/loss/con 0.02 / train/loss/dyn 2.68 / train/loss/image 2.89 / train/loss/inv 0.01 / train/loss/policy -0.01 / train/loss/rep 2.68 / train/loss/repval 1.07 / train/loss/rew 0.56 / train/loss/value 1 / replay/replay_ratio 264 / fps/policy 10.37 / fps/train 2654.46

Writing metrics: /home/zhangpeiying01/lfy/btwm-7.7/runs/btwm_dmc_walker_walk_seed1_w002_b11_s1/metrics.jsonl
Writing metrics: /home/zhangpeiying01/lfy/btwm-7.7/runs/btwm_dmc_walker_walk_seed1_w002_b11_s1/scores.jsonl

--------------------[Agent Step 199_008]--------------------
Metrics filtered by: 'score|length|fps|ratio|train/loss/|train/acc/|train/inv/|train/rand/'
train/acc/inv 0.58 / train/inv/ce 1.33 / train/inv/confidence 0.32 / train/inv/confidence_gating 0 / train/inv/effective_rep_weight 0.02 / train/inv/head_objective 0.56 / train/inv/head_weight 0 / train/inv/objective 0.56 / train/inv/policy_weight_max 1 / train/inv/policy_weight_mean 1 / train/inv/policy_weight_min 1 / train/inv/policy_weight_std 0 / train/inv/valid_frac 1 / train/inv/weight 0.02 / train/loss/con 0.02 / train/loss/dyn 2.65 / train/loss/image 2.87 / train/loss/inv 0.01 / train/loss/policy -0.02 / train/loss/rep 2.65 / train/loss/repval 1.07 / train/loss/rew 0.56 / train/loss/value 1 / replay/replay_ratio 264 / fps/policy 10.36 / fps/train 2651.97

Writing metrics: /home/zhangpeiying01/lfy/btwm-7.7/runs/btwm_dmc_walker_walk_seed1_w002_b11_s1/metrics.jsonl
Writing metrics: /home/zhangpeiying01/lfy/btwm-7.7/runs/btwm_dmc_walker_walk_seed1_w002_b11_s1/scores.jsonl

--------------------[Agent Step 200_256]--------------------
Metrics filtered by: 'score|length|fps|ratio|train/loss/|train/acc/|train/inv/|train/rand/'
train/acc/inv 0.58 / train/inv/ce 1.32 / train/inv/confidence 0.32 / train/inv/confidence_gating 0 / train/inv/effective_rep_weight 0.02 / train/inv/head_objective 0.55 / train/inv/head_weight 0 / train/inv/objective 0.55 / train/inv/policy_weight_max 1 / train/inv/policy_weight_mean 1 / train/inv/policy_weight_min 1 / train/inv/policy_weight_std 0 / train/inv/valid_frac 1 / train/inv/weight 0.02 / train/loss/con 0.02 / train/loss/dyn 2.7 / train/loss/image 2.87 / train/loss/inv 0.01 / train/loss/policy -0.01 / train/loss/rep 2.7 / train/loss/repval 1.07 / train/loss/rew 0.56 / train/loss/value 1 / replay/replay_ratio 264 / fps/policy 10.36 / fps/train 2651.57

Writing metrics: /home/zhangpeiying01/lfy/btwm-7.7/runs/btwm_dmc_walker_walk_seed1_w002_b11_s1/metrics.jsonl
Writing metrics: /home/zhangpeiying01/lfy/btwm-7.7/runs/btwm_dmc_walker_walk_seed1_w002_b11_s1/scores.jsonl

--------------------[Agent Step 201_504]--------------------
Metrics filtered by: 'score|length|fps|ratio|train/loss/|train/acc/|train/inv/|train/rand/'
train/acc/inv 0.58 / train/inv/ce 1.33 / train/inv/confidence 0.32 / train/inv/confidence_gating 0 / train/inv/effective_rep_weight 0.02 / train/inv/head_objective 0.56 / train/inv/head_weight 0 / train/inv/objective 0.56 / train/inv/policy_weight_max 1 / train/inv/policy_weight_mean 1 / train/inv/policy_weight_min 1 / train/inv/policy_weight_std 0 / train/inv/valid_frac 1 / train/inv/weight 0.02 / train/loss/con 0.02 / train/loss/dyn 2.65 / train/loss/image 2.87 / train/loss/inv 0.01 / train/loss/policy -0.01 / train/loss/rep 2.65 / train/loss/repval 1.08 / train/loss/rew 0.56 / train/loss/value 1 / replay/replay_ratio 264 / fps/policy 10.37 / fps/train 2653.49

Writing metrics: /home/zhangpeiying01/lfy/btwm-7.7/runs/btwm_dmc_walker_walk_seed1_w002_b11_s1/metrics.jsonl
Writing metrics: /home/zhangpeiying01/lfy/btwm-7.7/runs/btwm_dmc_walker_walk_seed1_w002_b11_s1/scores.jsonl

--------------------[Agent Step 202_752]--------------------
Metrics filtered by: 'score|length|fps|ratio|train/loss/|train/acc/|train/inv/|train/rand/'
train/acc/inv 0.58 / train/inv/ce 1.33 / train/inv/confidence 0.32 / train/inv/confidence_gating 0 / train/inv/effective_rep_weight 0.02 / train/inv/head_objective 0.56 / train/inv/head_weight 0 / train/inv/objective 0.56 / train/inv/policy_weight_max 1 / train/inv/policy_weight_mean 1 / train/inv/policy_weight_min 1 / train/inv/policy_weight_std 0 / train/inv/valid_frac 1 / train/inv/weight 0.02 / train/loss/con 0.02 / train/loss/dyn 2.68 / train/loss/image 2.87 / train/loss/inv 0.01 / train/loss/policy -0.01 / train/loss/rep 2.68 / train/loss/repval 1.08 / train/loss/rew 0.56 / train/loss/value 1.01 / replay/replay_ratio 264 / fps/policy 10.36 / fps/train 2653.35

Writing metrics: /home/zhangpeiying01/lfy/btwm-7.7/runs/btwm_dmc_walker_walk_seed1_w002_b11_s1/metrics.jsonl
Writing metrics: /home/zhangpeiying01/lfy/btwm-7.7/runs/btwm_dmc_walker_walk_seed1_w002_b11_s1/scores.jsonl

--------------------[Agent Step 204_000]--------------------
Metrics filtered by: 'score|length|fps|ratio|train/loss/|train/acc/|train/inv/|train/rand/'
train/acc/inv 0.58 / train/inv/ce 1.34 / train/inv/confidence 0.32 / train/inv/confidence_gating 0 / train/inv/effective_rep_weight 0.02 / train/inv/head_objective 0.56 / train/inv/head_weight 0 / train/inv/objective 0.56 / train/inv/policy_weight_max 1 / train/inv/policy_weight_mean 1 / train/inv/policy_weight_min 1 / train/inv/policy_weight_std 0 / train/inv/valid_frac 1 / train/inv/weight 0.02 / train/loss/con 0.02 / train/loss/dyn 2.65 / train/loss/image 2.82 / train/loss/inv 0.01 / train/loss/policy -0.01 / train/loss/rep 2.65 / train/loss/repval 1.07 / train/loss/rew 0.56 / train/loss/value 1 / replay/replay_ratio 264 / fps/policy 10.36 / fps/train 2653.02

Writing metrics: /home/zhangpeiying01/lfy/btwm-7.7/runs/btwm_dmc_walker_walk_seed1_w002_b11_s1/metrics.jsonl
Writing metrics: /home/zhangpeiying01/lfy/btwm-7.7/runs/btwm_dmc_walker_walk_seed1_w002_b11_s1/scores.jsonl

--------------------[Agent Step 205_248]--------------------
Metrics filtered by: 'score|length|fps|ratio|train/loss/|train/acc/|train/inv/|train/rand/'
train/acc/inv 0.57 / train/inv/ce 1.34 / train/inv/confidence 0.32 / train/inv/confidence_gating 0 / train/inv/effective_rep_weight 0.02 / train/inv/head_objective 0.56 / train/inv/head_weight 0 / train/inv/objective 0.56 / train/inv/policy_weight_max 1 / train/inv/policy_weight_mean 1 / train/inv/policy_weight_min 1 / train/inv/policy_weight_std 0 / train/inv/valid_frac 1 / train/inv/weight 0.02 / train/loss/con 0.02 / train/loss/dyn 2.65 / train/loss/image 2.82 / train/loss/inv 0.01 / train/loss/policy -0.01 / train/loss/rep 2.65 / train/loss/repval 1.07 / train/loss/rew 0.56 / train/loss/value 1 / replay/replay_ratio 264 / fps/policy 10.37 / fps/train 2655.31

Writing metrics: /home/zhangpeiying01/lfy/btwm-7.7/runs/btwm_dmc_walker_walk_seed1_w002_b11_s1/metrics.jsonl
Writing metrics: /home/zhangpeiying01/lfy/btwm-7.7/runs/btwm_dmc_walker_walk_seed1_w002_b11_s1/scores.jsonl
Saving checkpoint: /home/zhangpeiying01/lfy/btwm-7.7/runs/btwm_dmc_walker_walk_seed1_w002_b11_s1/ckpt/20260716T054932F631609
Saved checkpoint.

--------------------[Agent Step 206_480]--------------------
Metrics filtered by: 'score|length|fps|ratio|train/loss/|train/acc/|train/inv/|train/rand/'
train/acc/inv 0.58 / train/inv/ce 1.34 / train/inv/confidence 0.32 / train/inv/confidence_gating 0 / train/inv/effective_rep_weight 0.02 / train/inv/head_objective 0.56 / train/inv/head_weight 0 / train/inv/objective 0.56 / train/inv/policy_weight_max 1 / train/inv/policy_weight_mean 1 / train/inv/policy_weight_min 1 / train/inv/policy_weight_std 0 / train/inv/valid_frac 1 / train/inv/weight 0.02 / train/loss/con 0.02 / train/loss/dyn 2.66 / train/loss/image 2.79 / train/loss/inv 0.01 / train/loss/policy -9.8e-3 / train/loss/rep 2.66 / train/loss/repval 1.07 / train/loss/rew 0.56 / train/loss/value 0.99 / replay/replay_ratio 264 / fps/policy 10.16 / fps/train 2600.45

Writing metrics: /home/zhangpeiying01/lfy/btwm-7.7/runs/btwm_dmc_walker_walk_seed1_w002_b11_s1/metrics.jsonl
Writing metrics: /home/zhangpeiying01/lfy/btwm-7.7/runs/btwm_dmc_walker_walk_seed1_w002_b11_s1/scores.jsonl

--------------------[Agent Step 207_728]--------------------
Metrics filtered by: 'score|length|fps|ratio|train/loss/|train/acc/|train/inv/|train/rand/'
train/acc/inv 0.58 / train/inv/ce 1.34 / train/inv/confidence 0.32 / train/inv/confidence_gating 0 / train/inv/effective_rep_weight 0.02 / train/inv/head_objective 0.56 / train/inv/head_weight 0 / train/inv/objective 0.56 / train/inv/policy_weight_max 1 / train/inv/policy_weight_mean 1 / train/inv/policy_weight_min 1 / train/inv/policy_weight_std 0 / train/inv/valid_frac 1 / train/inv/weight 0.02 / train/loss/con 0.02 / train/loss/dyn 2.65 / train/loss/image 2.79 / train/loss/inv 0.01 / train/loss/policy -0.01 / train/loss/rep 2.65 / train/loss/repval 1.07 / train/loss/rew 0.56 / train/loss/value 0.99 / replay/replay_ratio 264 / fps/policy 10.36 / fps/train 2651.4

Writing metrics: /home/zhangpeiying01/lfy/btwm-7.7/runs/btwm_dmc_walker_walk_seed1_w002_b11_s1/metrics.jsonl
Writing metrics: /home/zhangpeiying01/lfy/btwm-7.7/runs/btwm_dmc_walker_walk_seed1_w002_b11_s1/scores.jsonl

--------------------[Agent Step 208_976]--------------------
Metrics filtered by: 'score|length|fps|ratio|train/loss/|train/acc/|train/inv/|train/rand/'
episode/score 902.02 / episode/length 1001 / train/acc/inv 0.57 / train/inv/ce 1.35 / train/inv/confidence 0.31 / train/inv/confidence_gating 0 / train/inv/effective_rep_weight 0.02 / train/inv/head_objective 0.56 / train/inv/head_weight 0 / train/inv/objective 0.56 / train/inv/policy_weight_max 1 / train/inv/policy_weight_mean 1 / train/inv/policy_weight_min 1 / train/inv/policy_weight_std 0 / train/inv/valid_frac 1 / train/inv/weight 0.02 / train/loss/con 0.02 / train/loss/dyn 2.7 / train/loss/image 2.87 / train/loss/inv 0.01 / train/loss/policy -7.7e-3 / train/loss/rep 2.7 / train/loss/repval 1.07 / train/loss/rew 0.56 / train/loss/value 0.99 / replay/replay_ratio 264 / fps/policy 10.34 / fps/train 2646.78

Writing metrics: /home/zhangpeiying01/lfy/btwm-7.7/runs/btwm_dmc_walker_walk_seed1_w002_b11_s1/scores.jsonl
Writing metrics: /home/zhangpeiying01/lfy/btwm-7.7/runs/btwm_dmc_walker_walk_seed1_w002_b11_s1/metrics.jsonl

--------------------[Agent Step 210_224]--------------------
Metrics filtered by: 'score|length|fps|ratio|train/loss/|train/acc/|train/inv/|train/rand/'
train/acc/inv 0.57 / train/inv/ce 1.35 / train/inv/confidence 0.32 / train/inv/confidence_gating 0 / train/inv/effective_rep_weight 0.02 / train/inv/head_objective 0.56 / train/inv/head_weight 0 / train/inv/objective 0.56 / train/inv/policy_weight_max 1 / train/inv/policy_weight_mean 1 / train/inv/policy_weight_min 1 / train/inv/policy_weight_std 0 / train/inv/valid_frac 1 / train/inv/weight 0.02 / train/loss/con 0.02 / train/loss/dyn 2.78 / train/loss/image 2.95 / train/loss/inv 0.01 / train/loss/policy -7.8e-3 / train/loss/rep 2.78 / train/loss/repval 1.07 / train/loss/rew 0.57 / train/loss/value 0.99 / replay/replay_ratio 264 / fps/policy 10.33 / fps/train 2643.75

Writing metrics: /home/zhangpeiying01/lfy/btwm-7.7/runs/btwm_dmc_walker_walk_seed1_w002_b11_s1/metrics.jsonl
Writing metrics: /home/zhangpeiying01/lfy/btwm-7.7/runs/btwm_dmc_walker_walk_seed1_w002_b11_s1/scores.jsonl

--------------------[Agent Step 211_472]--------------------
Metrics filtered by: 'score|length|fps|ratio|train/loss/|train/acc/|train/inv/|train/rand/'
train/acc/inv 0.57 / train/inv/ce 1.35 / train/inv/confidence 0.31 / train/inv/confidence_gating 0 / train/inv/effective_rep_weight 0.02 / train/inv/head_objective 0.56 / train/inv/head_weight 0 / train/inv/objective 0.56 / train/inv/policy_weight_max 1 / train/inv/policy_weight_mean 1 / train/inv/policy_weight_min 1 / train/inv/policy_weight_std 0 / train/inv/valid_frac 1 / train/inv/weight 0.02 / train/loss/con 0.02 / train/loss/dyn 2.62 / train/loss/image 2.82 / train/loss/inv 0.01 / train/loss/policy -8.9e-3 / train/loss/rep 2.62 / train/loss/repval 1.06 / train/loss/rew 0.56 / train/loss/value 0.99 / replay/replay_ratio 264 / fps/policy 10.36 / fps/train 2651.46

Writing metrics: /home/zhangpeiying01/lfy/btwm-7.7/runs/btwm_dmc_walker_walk_seed1_w002_b11_s1/metrics.jsonl
Writing metrics: /home/zhangpeiying01/lfy/btwm-7.7/runs/btwm_dmc_walker_walk_seed1_w002_b11_s1/scores.jsonl

--------------------[Agent Step 212_720]--------------------
Metrics filtered by: 'score|length|fps|ratio|train/loss/|train/acc/|train/inv/|train/rand/'
train/acc/inv 0.57 / train/inv/ce 1.35 / train/inv/confidence 0.32 / train/inv/confidence_gating 0 / train/inv/effective_rep_weight 0.02 / train/inv/head_objective 0.56 / train/inv/head_weight 0 / train/inv/objective 0.56 / train/inv/policy_weight_max 1 / train/inv/policy_weight_mean 1 / train/inv/policy_weight_min 1 / train/inv/policy_weight_std 0 / train/inv/valid_frac 1 / train/inv/weight 0.02 / train/loss/con 0.02 / train/loss/dyn 2.67 / train/loss/image 2.85 / train/loss/inv 0.01 / train/loss/policy -8.2e-3 / train/loss/rep 2.67 / train/loss/repval 1.06 / train/loss/rew 0.56 / train/loss/value 0.98 / replay/replay_ratio 264 / fps/policy 10.35 / fps/train 2649.68

Writing metrics: /home/zhangpeiying01/lfy/btwm-7.7/runs/btwm_dmc_walker_walk_seed1_w002_b11_s1/metrics.jsonl
Writing metrics: /home/zhangpeiying01/lfy/btwm-7.7/runs/btwm_dmc_walker_walk_seed1_w002_b11_s1/scores.jsonl

--------------------[Agent Step 213_968]--------------------
Metrics filtered by: 'score|length|fps|ratio|train/loss/|train/acc/|train/inv/|train/rand/'
train/acc/inv 0.57 / train/inv/ce 1.35 / train/inv/confidence 0.32 / train/inv/confidence_gating 0 / train/inv/effective_rep_weight 0.02 / train/inv/head_objective 0.56 / train/inv/head_weight 0 / train/inv/objective 0.56 / train/inv/policy_weight_max 1 / train/inv/policy_weight_mean 1 / train/inv/policy_weight_min 1 / train/inv/policy_weight_std 0 / train/inv/valid_frac 1 / train/inv/weight 0.02 / train/loss/con 0.02 / train/loss/dyn 2.67 / train/loss/image 2.82 / train/loss/inv 0.01 / train/loss/policy -8.4e-3 / train/loss/rep 2.67 / train/loss/repval 1.05 / train/loss/rew 0.57 / train/loss/value 0.98 / replay/replay_ratio 264 / fps/policy 10.32 / fps/train 2643.03

Writing metrics: /home/zhangpeiying01/lfy/btwm-7.7/runs/btwm_dmc_walker_walk_seed1_w002_b11_s1/metrics.jsonl
Writing metrics: /home/zhangpeiying01/lfy/btwm-7.7/runs/btwm_dmc_walker_walk_seed1_w002_b11_s1/scores.jsonl

--------------------[Agent Step 215_216]--------------------
Metrics filtered by: 'score|length|fps|ratio|train/loss/|train/acc/|train/inv/|train/rand/'
train/acc/inv 0.57 / train/inv/ce 1.35 / train/inv/confidence 0.31 / train/inv/confidence_gating 0 / train/inv/effective_rep_weight 0.02 / train/inv/head_objective 0.56 / train/inv/head_weight 0 / train/inv/objective 0.56 / train/inv/policy_weight_max 1 / train/inv/policy_weight_mean 1 / train/inv/policy_weight_min 1 / train/inv/policy_weight_std 0 / train/inv/valid_frac 1 / train/inv/weight 0.02 / train/loss/con 0.02 / train/loss/dyn 2.65 / train/loss/image 2.77 / train/loss/inv 0.01 / train/loss/policy -6.8e-3 / train/loss/rep 2.65 / train/loss/repval 1.05 / train/loss/rew 0.57 / train/loss/value 0.98 / replay/replay_ratio 264 / fps/policy 10.37 / fps/train 2653.64

Writing metrics: /home/zhangpeiying01/lfy/btwm-7.7/runs/btwm_dmc_walker_walk_seed1_w002_b11_s1/metrics.jsonl
Writing metrics: /home/zhangpeiying01/lfy/btwm-7.7/runs/btwm_dmc_walker_walk_seed1_w002_b11_s1/scores.jsonl

--------------------[Agent Step 216_464]--------------------
Metrics filtered by: 'score|length|fps|ratio|train/loss/|train/acc/|train/inv/|train/rand/'
train/acc/inv 0.57 / train/inv/ce 1.35 / train/inv/confidence 0.31 / train/inv/confidence_gating 0 / train/inv/effective_rep_weight 0.02 / train/inv/head_objective 0.56 / train/inv/head_weight 0 / train/inv/objective 0.56 / train/inv/policy_weight_max 1 / train/inv/policy_weight_mean 1 / train/inv/policy_weight_min 1 / train/inv/policy_weight_std 0 / train/inv/valid_frac 1 / train/inv/weight 0.02 / train/loss/con 0.02 / train/loss/dyn 2.65 / train/loss/image 2.78 / train/loss/inv 0.01 / train/loss/policy -6.4e-3 / train/loss/rep 2.65 / train/loss/repval 1.06 / train/loss/rew 0.57 / train/loss/value 0.98 / replay/replay_ratio 264 / fps/policy 10.38 / fps/train 2657.1

Writing metrics: /home/zhangpeiying01/lfy/btwm-7.7/runs/btwm_dmc_walker_walk_seed1_w002_b11_s1/scores.jsonl
Writing metrics: /home/zhangpeiying01/lfy/btwm-7.7/runs/btwm_dmc_walker_walk_seed1_w002_b11_s1/metrics.jsonl

--------------------[Agent Step 217_712]--------------------
Metrics filtered by: 'score|length|fps|ratio|train/loss/|train/acc/|train/inv/|train/rand/'
train/acc/inv 0.57 / train/inv/ce 1.36 / train/inv/confidence 0.31 / train/inv/confidence_gating 0 / train/inv/effective_rep_weight 0.02 / train/inv/head_objective 0.57 / train/inv/head_weight 0 / train/inv/objective 0.57 / train/inv/policy_weight_max 1 / train/inv/policy_weight_mean 1 / train/inv/policy_weight_min 1 / train/inv/policy_weight_std 0 / train/inv/valid_frac 1 / train/inv/weight 0.02 / train/loss/con 0.02 / train/loss/dyn 2.67 / train/loss/image 2.77 / train/loss/inv 0.01 / train/loss/policy -9.9e-3 / train/loss/rep 2.67 / train/loss/repval 1.05 / train/loss/rew 0.57 / train/loss/value 0.97 / replay/replay_ratio 264 / fps/policy 10.37 / fps/train 2655.95

Writing metrics: /home/zhangpeiying01/lfy/btwm-7.7/runs/btwm_dmc_walker_walk_seed1_w002_b11_s1/metrics.jsonl
Writing metrics: /home/zhangpeiying01/lfy/btwm-7.7/runs/btwm_dmc_walker_walk_seed1_w002_b11_s1/scores.jsonl

--------------------[Agent Step 218_960]--------------------
Metrics filtered by: 'score|length|fps|ratio|train/loss/|train/acc/|train/inv/|train/rand/'
train/acc/inv 0.57 / train/inv/ce 1.36 / train/inv/confidence 0.31 / train/inv/confidence_gating 0 / train/inv/effective_rep_weight 0.02 / train/inv/head_objective 0.57 / train/inv/head_weight 0 / train/inv/objective 0.57 / train/inv/policy_weight_max 1 / train/inv/policy_weight_mean 1 / train/inv/policy_weight_min 1 / train/inv/policy_weight_std 0 / train/inv/valid_frac 1 / train/inv/weight 0.02 / train/loss/con 0.02 / train/loss/dyn 2.64 / train/loss/image 2.75 / train/loss/inv 0.01 / train/loss/policy -8.2e-3 / train/loss/rep 2.64 / train/loss/repval 1.05 / train/loss/rew 0.57 / train/loss/value 0.97 / replay/replay_ratio 264 / fps/policy 10.37 / fps/train 2653.7

Writing metrics: /home/zhangpeiying01/lfy/btwm-7.7/runs/btwm_dmc_walker_walk_seed1_w002_b11_s1/metrics.jsonl
Writing metrics: /home/zhangpeiying01/lfy/btwm-7.7/runs/btwm_dmc_walker_walk_seed1_w002_b11_s1/scores.jsonl

--------------------[Agent Step 220_208]--------------------
Metrics filtered by: 'score|length|fps|ratio|train/loss/|train/acc/|train/inv/|train/rand/'
train/acc/inv 0.58 / train/inv/ce 1.35 / train/inv/confidence 0.31 / train/inv/confidence_gating 0 / train/inv/effective_rep_weight 0.02 / train/inv/head_objective 0.56 / train/inv/head_weight 0 / train/inv/objective 0.56 / train/inv/policy_weight_max 1 / train/inv/policy_weight_mean 1 / train/inv/policy_weight_min 1 / train/inv/policy_weight_std 0 / train/inv/valid_frac 1 / train/inv/weight 0.02 / train/loss/con 0.02 / train/loss/dyn 2.66 / train/loss/image 2.77 / train/loss/inv 0.01 / train/loss/policy -6.9e-3 / train/loss/rep 2.66 / train/loss/repval 1.06 / train/loss/rew 0.57 / train/loss/value 0.98 / replay/replay_ratio 264 / fps/policy 10.37 / fps/train 2654.33

Writing metrics: /home/zhangpeiying01/lfy/btwm-7.7/runs/btwm_dmc_walker_walk_seed1_w002_b11_s1/metrics.jsonl
Writing metrics: /home/zhangpeiying01/lfy/btwm-7.7/runs/btwm_dmc_walker_walk_seed1_w002_b11_s1/scores.jsonl

--------------------[Agent Step 221_456]--------------------
Metrics filtered by: 'score|length|fps|ratio|train/loss/|train/acc/|train/inv/|train/rand/'
train/acc/inv 0.57 / train/inv/ce 1.36 / train/inv/confidence 0.31 / train/inv/confidence_gating 0 / train/inv/effective_rep_weight 0.02 / train/inv/head_objective 0.57 / train/inv/head_weight 0 / train/inv/objective 0.57 / train/inv/policy_weight_max 1 / train/inv/policy_weight_mean 1 / train/inv/policy_weight_min 1 / train/inv/policy_weight_std 0 / train/inv/valid_frac 1 / train/inv/weight 0.02 / train/loss/con 0.02 / train/loss/dyn 2.66 / train/loss/image 2.77 / train/loss/inv 0.01 / train/loss/policy -4.1e-3 / train/loss/rep 2.66 / train/loss/repval 1.06 / train/loss/rew 0.57 / train/loss/value 0.98 / replay/replay_ratio 264 / fps/policy 10.31 / fps/train 2640.39

Writing metrics: /home/zhangpeiying01/lfy/btwm-7.7/runs/btwm_dmc_walker_walk_seed1_w002_b11_s1/metrics.jsonl
Writing metrics: /home/zhangpeiying01/lfy/btwm-7.7/runs/btwm_dmc_walker_walk_seed1_w002_b11_s1/scores.jsonl

--------------------[Agent Step 222_704]--------------------
Metrics filtered by: 'score|length|fps|ratio|train/loss/|train/acc/|train/inv/|train/rand/'
train/acc/inv 0.57 / train/inv/ce 1.36 / train/inv/confidence 0.31 / train/inv/confidence_gating 0 / train/inv/effective_rep_weight 0.02 / train/inv/head_objective 0.57 / train/inv/head_weight 0 / train/inv/objective 0.57 / train/inv/policy_weight_max 1 / train/inv/policy_weight_mean 1 / train/inv/policy_weight_min 1 / train/inv/policy_weight_std 0 / train/inv/valid_frac 1 / train/inv/weight 0.02 / train/loss/con 0.02 / train/loss/dyn 2.63 / train/loss/image 2.73 / train/loss/inv 0.01 / train/loss/policy -6.8e-3 / train/loss/rep 2.63 / train/loss/repval 1.05 / train/loss/rew 0.57 / train/loss/value 0.97 / replay/replay_ratio 264 / fps/policy 10.33 / fps/train 2643.5

Writing metrics: /home/zhangpeiying01/lfy/btwm-7.7/runs/btwm_dmc_walker_walk_seed1_w002_b11_s1/scores.jsonl
Writing metrics: /home/zhangpeiying01/lfy/btwm-7.7/runs/btwm_dmc_walker_walk_seed1_w002_b11_s1/metrics.jsonl

--------------------[Agent Step 223_952]--------------------
Metrics filtered by: 'score|length|fps|ratio|train/loss/|train/acc/|train/inv/|train/rand/'
train/acc/inv 0.57 / train/inv/ce 1.36 / train/inv/confidence 0.31 / train/inv/confidence_gating 0 / train/inv/effective_rep_weight 0.02 / train/inv/head_objective 0.57 / train/inv/head_weight 0 / train/inv/objective 0.57 / train/inv/policy_weight_max 1 / train/inv/policy_weight_mean 1 / train/inv/policy_weight_min 1 / train/inv/policy_weight_std 0 / train/inv/valid_frac 1 / train/inv/weight 0.02 / train/loss/con 0.02 / train/loss/dyn 2.66 / train/loss/image 2.72 / train/loss/inv 0.01 / train/loss/policy -6.3e-3 / train/loss/rep 2.66 / train/loss/repval 1.04 / train/loss/rew 0.57 / train/loss/value 0.96 / replay/replay_ratio 264 / fps/policy 10.35 / fps/train 2648.64

Writing metrics: /home/zhangpeiying01/lfy/btwm-7.7/runs/btwm_dmc_walker_walk_seed1_w002_b11_s1/metrics.jsonl
Writing metrics: /home/zhangpeiying01/lfy/btwm-7.7/runs/btwm_dmc_walker_walk_seed1_w002_b11_s1/scores.jsonl

--------------------[Agent Step 225_200]--------------------
Metrics filtered by: 'score|length|fps|ratio|train/loss/|train/acc/|train/inv/|train/rand/'
episode/score 955.76 / episode/length 1001 / train/acc/inv 0.57 / train/inv/ce 1.37 / train/inv/confidence 0.31 / train/inv/confidence_gating 0 / train/inv/effective_rep_weight 0.02 / train/inv/head_objective 0.57 / train/inv/head_weight 0 / train/inv/objective 0.57 / train/inv/policy_weight_max 1 / train/inv/policy_weight_mean 1 / train/inv/policy_weight_min 1 / train/inv/policy_weight_std 0 / train/inv/valid_frac 1 / train/inv/weight 0.02 / train/loss/con 0.02 / train/loss/dyn 2.75 / train/loss/image 2.85 / train/loss/inv 0.01 / train/loss/policy -7.8e-3 / train/loss/rep 2.75 / train/loss/repval 1.05 / train/loss/rew 0.57 / train/loss/value 0.97 / replay/replay_ratio 264 / fps/policy 10.37 / fps/train 2653.7

Writing metrics: /home/zhangpeiying01/lfy/btwm-7.7/runs/btwm_dmc_walker_walk_seed1_w002_b11_s1/metrics.jsonl
Writing metrics: /home/zhangpeiying01/lfy/btwm-7.7/runs/btwm_dmc_walker_walk_seed1_w002_b11_s1/scores.jsonl

--------------------[Agent Step 226_448]--------------------
Metrics filtered by: 'score|length|fps|ratio|train/loss/|train/acc/|train/inv/|train/rand/'
train/acc/inv 0.57 / train/inv/ce 1.37 / train/inv/confidence 0.31 / train/inv/confidence_gating 0 / train/inv/effective_rep_weight 0.02 / train/inv/head_objective 0.57 / train/inv/head_weight 0 / train/inv/objective 0.57 / train/inv/policy_weight_max 1 / train/inv/policy_weight_mean 1 / train/inv/policy_weight_min 1 / train/inv/policy_weight_std 0 / train/inv/valid_frac 1 / train/inv/weight 0.02 / train/loss/con 0.02 / train/loss/dyn 2.71 / train/loss/image 2.86 / train/loss/inv 0.01 / train/loss/policy -5.1e-3 / train/loss/rep 2.71 / train/loss/repval 1.05 / train/loss/rew 0.57 / train/loss/value 0.97 / replay/replay_ratio 264 / fps/policy 10.32 / fps/train 2641.01

Writing metrics: /home/zhangpeiying01/lfy/btwm-7.7/runs/btwm_dmc_walker_walk_seed1_w002_b11_s1/metrics.jsonl
Writing metrics: /home/zhangpeiying01/lfy/btwm-7.7/runs/btwm_dmc_walker_walk_seed1_w002_b11_s1/scores.jsonl

--------------------[Agent Step 227_696]--------------------
Metrics filtered by: 'score|length|fps|ratio|train/loss/|train/acc/|train/inv/|train/rand/'
train/acc/inv 0.57 / train/inv/ce 1.37 / train/inv/confidence 0.31 / train/inv/confidence_gating 0 / train/inv/effective_rep_weight 0.02 / train/inv/head_objective 0.57 / train/inv/head_weight 0 / train/inv/objective 0.57 / train/inv/policy_weight_max 1 / train/inv/policy_weight_mean 1 / train/inv/policy_weight_min 1 / train/inv/policy_weight_std 0 / train/inv/valid_frac 1 / train/inv/weight 0.02 / train/loss/con 0.02 / train/loss/dyn 2.69 / train/loss/image 2.8 / train/loss/inv 0.01 / train/loss/policy -7.3e-3 / train/loss/rep 2.69 / train/loss/repval 1.04 / train/loss/rew 0.57 / train/loss/value 0.97 / replay/replay_ratio 264 / fps/policy 10.38 / fps/train 2657.18

Writing metrics: /home/zhangpeiying01/lfy/btwm-7.7/runs/btwm_dmc_walker_walk_seed1_w002_b11_s1/metrics.jsonl
Writing metrics: /home/zhangpeiying01/lfy/btwm-7.7/runs/btwm_dmc_walker_walk_seed1_w002_b11_s1/scores.jsonl

--------------------[Agent Step 228_944]--------------------
Metrics filtered by: 'score|length|fps|ratio|train/loss/|train/acc/|train/inv/|train/rand/'
train/acc/inv 0.57 / train/inv/ce 1.37 / train/inv/confidence 0.31 / train/inv/confidence_gating 0 / train/inv/effective_rep_weight 0.02 / train/inv/head_objective 0.57 / train/inv/head_weight 0 / train/inv/objective 0.57 / train/inv/policy_weight_max 1 / train/inv/policy_weight_mean 1 / train/inv/policy_weight_min 1 / train/inv/policy_weight_std 0 / train/inv/valid_frac 1 / train/inv/weight 0.02 / train/loss/con 0.02 / train/loss/dyn 2.69 / train/loss/image 2.79 / train/loss/inv 0.01 / train/loss/policy -0.01 / train/loss/rep 2.69 / train/loss/repval 1.05 / train/loss/rew 0.57 / train/loss/value 0.96 / replay/replay_ratio 264 / fps/policy 10.37 / fps/train 2654.92

Writing metrics: /home/zhangpeiying01/lfy/btwm-7.7/runs/btwm_dmc_walker_walk_seed1_w002_b11_s1/metrics.jsonl
Writing metrics: /home/zhangpeiying01/lfy/btwm-7.7/runs/btwm_dmc_walker_walk_seed1_w002_b11_s1/scores.jsonl

--------------------[Agent Step 230_192]--------------------
Metrics filtered by: 'score|length|fps|ratio|train/loss/|train/acc/|train/inv/|train/rand/'
train/acc/inv 0.57 / train/inv/ce 1.37 / train/inv/confidence 0.31 / train/inv/confidence_gating 0 / train/inv/effective_rep_weight 0.02 / train/inv/head_objective 0.57 / train/inv/head_weight 0 / train/inv/objective 0.57 / train/inv/policy_weight_max 1 / train/inv/policy_weight_mean 1 / train/inv/policy_weight_min 1 / train/inv/policy_weight_std 0 / train/inv/valid_frac 1 / train/inv/weight 0.02 / train/loss/con 0.02 / train/loss/dyn 2.65 / train/loss/image 2.75 / train/loss/inv 0.01 / train/loss/policy -9.1e-3 / train/loss/rep 2.65 / train/loss/repval 1.04 / train/loss/rew 0.57 / train/loss/value 0.96 / replay/replay_ratio 264 / fps/policy 10.36 / fps/train 2652.96

Writing metrics: /home/zhangpeiying01/lfy/btwm-7.7/runs/btwm_dmc_walker_walk_seed1_w002_b11_s1/metrics.jsonl
Writing metrics: /home/zhangpeiying01/lfy/btwm-7.7/runs/btwm_dmc_walker_walk_seed1_w002_b11_s1/scores.jsonl

--------------------[Agent Step 231_440]--------------------
Metrics filtered by: 'score|length|fps|ratio|train/loss/|train/acc/|train/inv/|train/rand/'
train/acc/inv 0.57 / train/inv/ce 1.37 / train/inv/confidence 0.31 / train/inv/confidence_gating 0 / train/inv/effective_rep_weight 0.02 / train/inv/head_objective 0.57 / train/inv/head_weight 0 / train/inv/objective 0.57 / train/inv/policy_weight_max 1 / train/inv/policy_weight_mean 1 / train/inv/policy_weight_min 1 / train/inv/policy_weight_std 0 / train/inv/valid_frac 1 / train/inv/weight 0.02 / train/loss/con 0.02 / train/loss/dyn 2.69 / train/loss/image 2.76 / train/loss/inv 0.01 / train/loss/policy -5.4e-3 / train/loss/rep 2.69 / train/loss/repval 1.04 / train/loss/rew 0.57 / train/loss/value 0.97 / replay/replay_ratio 264 / fps/policy 10.36 / fps/train 2653.39

Writing metrics: /home/zhangpeiying01/lfy/btwm-7.7/runs/btwm_dmc_walker_walk_seed1_w002_b11_s1/scores.jsonl
Writing metrics: /home/zhangpeiying01/lfy/btwm-7.7/runs/btwm_dmc_walker_walk_seed1_w002_b11_s1/metrics.jsonl

--------------------[Agent Step 232_688]--------------------
Metrics filtered by: 'score|length|fps|ratio|train/loss/|train/acc/|train/inv/|train/rand/'
train/acc/inv 0.57 / train/inv/ce 1.37 / train/inv/confidence 0.31 / train/inv/confidence_gating 0 / train/inv/effective_rep_weight 0.02 / train/inv/head_objective 0.57 / train/inv/head_weight 0 / train/inv/objective 0.57 / train/inv/policy_weight_max 1 / train/inv/policy_weight_mean 1 / train/inv/policy_weight_min 1 / train/inv/policy_weight_std 0 / train/inv/valid_frac 1 / train/inv/weight 0.02 / train/loss/con 0.02 / train/loss/dyn 2.63 / train/loss/image 2.71 / train/loss/inv 0.01 / train/loss/policy -7.4e-3 / train/loss/rep 2.63 / train/loss/repval 1.04 / train/loss/rew 0.57 / train/loss/value 0.97 / replay/replay_ratio 264 / fps/policy 10.36 / fps/train 2651.66

Writing metrics: /home/zhangpeiying01/lfy/btwm-7.7/runs/btwm_dmc_walker_walk_seed1_w002_b11_s1/metrics.jsonl
Writing metrics: /home/zhangpeiying01/lfy/btwm-7.7/runs/btwm_dmc_walker_walk_seed1_w002_b11_s1/scores.jsonl

--------------------[Agent Step 233_936]--------------------
Metrics filtered by: 'score|length|fps|ratio|train/loss/|train/acc/|train/inv/|train/rand/'
train/acc/inv 0.57 / train/inv/ce 1.37 / train/inv/confidence 0.31 / train/inv/confidence_gating 0 / train/inv/effective_rep_weight 0.02 / train/inv/head_objective 0.57 / train/inv/head_weight 0 / train/inv/objective 0.57 / train/inv/policy_weight_max 1 / train/inv/policy_weight_mean 1 / train/inv/policy_weight_min 1 / train/inv/policy_weight_std 0 / train/inv/valid_frac 1 / train/inv/weight 0.02 / train/loss/con 0.02 / train/loss/dyn 2.69 / train/loss/image 2.73 / train/loss/inv 0.01 / train/loss/policy -0.01 / train/loss/rep 2.69 / train/loss/repval 1.04 / train/loss/rew 0.57 / train/loss/value 0.96 / replay/replay_ratio 264 / fps/policy 10.33 / fps/train 2643.74

Writing metrics: /home/zhangpeiying01/lfy/btwm-7.7/runs/btwm_dmc_walker_walk_seed1_w002_b11_s1/metrics.jsonl
Writing metrics: /home/zhangpeiying01/lfy/btwm-7.7/runs/btwm_dmc_walker_walk_seed1_w002_b11_s1/scores.jsonl

--------------------[Agent Step 235_184]--------------------
Metrics filtered by: 'score|length|fps|ratio|train/loss/|train/acc/|train/inv/|train/rand/'
train/acc/inv 0.57 / train/inv/ce 1.37 / train/inv/confidence 0.31 / train/inv/confidence_gating 0 / train/inv/effective_rep_weight 0.02 / train/inv/head_objective 0.57 / train/inv/head_weight 0 / train/inv/objective 0.57 / train/inv/policy_weight_max 1 / train/inv/policy_weight_mean 1 / train/inv/policy_weight_min 1 / train/inv/policy_weight_std 0 / train/inv/valid_frac 1 / train/inv/weight 0.02 / train/loss/con 0.02 / train/loss/dyn 2.67 / train/loss/image 2.7 / train/loss/inv 0.01 / train/loss/policy -0.01 / train/loss/rep 2.67 / train/loss/repval 1.04 / train/loss/rew 0.57 / train/loss/value 0.96 / replay/replay_ratio 264 / fps/policy 10.33 / fps/train 2644.73

Writing metrics: /home/zhangpeiying01/lfy/btwm-7.7/runs/btwm_dmc_walker_walk_seed1_w002_b11_s1/metrics.jsonl
Writing metrics: /home/zhangpeiying01/lfy/btwm-7.7/runs/btwm_dmc_walker_walk_seed1_w002_b11_s1/scores.jsonl

--------------------[Agent Step 236_432]--------------------
Metrics filtered by: 'score|length|fps|ratio|train/loss/|train/acc/|train/inv/|train/rand/'
train/acc/inv 0.57 / train/inv/ce 1.38 / train/inv/confidence 0.31 / train/inv/confidence_gating 0 / train/inv/effective_rep_weight 0.02 / train/inv/head_objective 0.57 / train/inv/head_weight 0 / train/inv/objective 0.57 / train/inv/policy_weight_max 1 / train/inv/policy_weight_mean 1 / train/inv/policy_weight_min 1 / train/inv/policy_weight_std 0 / train/inv/valid_frac 1 / train/inv/weight 0.02 / train/loss/con 0.02 / train/loss/dyn 2.64 / train/loss/image 2.67 / train/loss/inv 0.01 / train/loss/policy -0.01 / train/loss/rep 2.64 / train/loss/repval 1.04 / train/loss/rew 0.57 / train/loss/value 0.96 / replay/replay_ratio 264 / fps/policy 10.32 / fps/train 2642.05

Writing metrics: /home/zhangpeiying01/lfy/btwm-7.7/runs/btwm_dmc_walker_walk_seed1_w002_b11_s1/metrics.jsonl
Writing metrics: /home/zhangpeiying01/lfy/btwm-7.7/runs/btwm_dmc_walker_walk_seed1_w002_b11_s1/scores.jsonl

--------------------[Agent Step 237_680]--------------------
Metrics filtered by: 'score|length|fps|ratio|train/loss/|train/acc/|train/inv/|train/rand/'
train/acc/inv 0.57 / train/inv/ce 1.37 / train/inv/confidence 0.31 / train/inv/confidence_gating 0 / train/inv/effective_rep_weight 0.02 / train/inv/head_objective 0.57 / train/inv/head_weight 0 / train/inv/objective 0.57 / train/inv/policy_weight_max 1 / train/inv/policy_weight_mean 1 / train/inv/policy_weight_min 1 / train/inv/policy_weight_std 0 / train/inv/valid_frac 1 / train/inv/weight 0.02 / train/loss/con 0.02 / train/loss/dyn 2.67 / train/loss/image 2.7 / train/loss/inv 0.01 / train/loss/policy -0.01 / train/loss/rep 2.67 / train/loss/repval 1.04 / train/loss/rew 0.57 / train/loss/value 0.96 / replay/replay_ratio 264 / fps/policy 10.32 / fps/train 2642.19

Writing metrics: /home/zhangpeiying01/lfy/btwm-7.7/runs/btwm_dmc_walker_walk_seed1_w002_b11_s1/metrics.jsonl
Writing metrics: /home/zhangpeiying01/lfy/btwm-7.7/runs/btwm_dmc_walker_walk_seed1_w002_b11_s1/scores.jsonl

--------------------[Agent Step 238_928]--------------------
Metrics filtered by: 'score|length|fps|ratio|train/loss/|train/acc/|train/inv/|train/rand/'
train/acc/inv 0.57 / train/inv/ce 1.37 / train/inv/confidence 0.31 / train/inv/confidence_gating 0 / train/inv/effective_rep_weight 0.02 / train/inv/head_objective 0.57 / train/inv/head_weight 0 / train/inv/objective 0.57 / train/inv/policy_weight_max 1 / train/inv/policy_weight_mean 1 / train/inv/policy_weight_min 1 / train/inv/policy_weight_std 0 / train/inv/valid_frac 1 / train/inv/weight 0.02 / train/loss/con 0.02 / train/loss/dyn 2.65 / train/loss/image 2.7 / train/loss/inv 0.01 / train/loss/policy -0.01 / train/loss/rep 2.65 / train/loss/repval 1.04 / train/loss/rew 0.57 / train/loss/value 0.95 / replay/replay_ratio 264 / fps/policy 10.36 / fps/train 2651.4

Writing metrics: /home/zhangpeiying01/lfy/btwm-7.7/runs/btwm_dmc_walker_walk_seed1_w002_b11_s1/metrics.jsonl
Writing metrics: /home/zhangpeiying01/lfy/btwm-7.7/runs/btwm_dmc_walker_walk_seed1_w002_b11_s1/scores.jsonl

--------------------[Agent Step 240_176]--------------------
Metrics filtered by: 'score|length|fps|ratio|train/loss/|train/acc/|train/inv/|train/rand/'
train/acc/inv 0.57 / train/inv/ce 1.38 / train/inv/confidence 0.31 / train/inv/confidence_gating 0 / train/inv/effective_rep_weight 0.02 / train/inv/head_objective 0.58 / train/inv/head_weight 0 / train/inv/objective 0.58 / train/inv/policy_weight_max 1 / train/inv/policy_weight_mean 1 / train/inv/policy_weight_min 1 / train/inv/policy_weight_std 0 / train/inv/valid_frac 1 / train/inv/weight 0.02 / train/loss/con 0.02 / train/loss/dyn 2.65 / train/loss/image 2.66 / train/loss/inv 0.01 / train/loss/policy -6e-3 / train/loss/rep 2.65 / train/loss/repval 1.03 / train/loss/rew 0.57 / train/loss/value 0.95 / replay/replay_ratio 264 / fps/policy 10.38 / fps/train 2656.38

Writing metrics: /home/zhangpeiying01/lfy/btwm-7.7/runs/btwm_dmc_walker_walk_seed1_w002_b11_s1/metrics.jsonl
Writing metrics: /home/zhangpeiying01/lfy/btwm-7.7/runs/btwm_dmc_walker_walk_seed1_w002_b11_s1/scores.jsonl

--------------------[Agent Step 241_424]--------------------
Metrics filtered by: 'score|length|fps|ratio|train/loss/|train/acc/|train/inv/|train/rand/'
episode/score 900.76 / episode/length 1001 / train/acc/inv 0.56 / train/inv/ce 1.4 / train/inv/confidence 0.3 / train/inv/confidence_gating 0 / train/inv/effective_rep_weight 0.02 / train/inv/head_objective 0.58 / train/inv/head_weight 0 / train/inv/objective 0.58 / train/inv/policy_weight_max 1 / train/inv/policy_weight_mean 1 / train/inv/policy_weight_min 1 / train/inv/policy_weight_std 0 / train/inv/valid_frac 1 / train/inv/weight 0.02 / train/loss/con 0.02 / train/loss/dyn 2.82 / train/loss/image 2.87 / train/loss/inv 0.01 / train/loss/policy -2e-3 / train/loss/rep 2.82 / train/loss/repval 1.03 / train/loss/rew 0.57 / train/loss/value 0.94 / replay/replay_ratio 264 / fps/policy 10.33 / fps/train 2643.83

Writing metrics: /home/zhangpeiying01/lfy/btwm-7.7/runs/btwm_dmc_walker_walk_seed1_w002_b11_s1/metrics.jsonl
Writing metrics: /home/zhangpeiying01/lfy/btwm-7.7/runs/btwm_dmc_walker_walk_seed1_w002_b11_s1/scores.jsonl

--------------------[Agent Step 242_672]--------------------
Metrics filtered by: 'score|length|fps|ratio|train/loss/|train/acc/|train/inv/|train/rand/'
train/acc/inv 0.57 / train/inv/ce 1.39 / train/inv/confidence 0.3 / train/inv/confidence_gating 0 / train/inv/effective_rep_weight 0.02 / train/inv/head_objective 0.58 / train/inv/head_weight 0 / train/inv/objective 0.58 / train/inv/policy_weight_max 1 / train/inv/policy_weight_mean 1 / train/inv/policy_weight_min 1 / train/inv/policy_weight_std 0 / train/inv/valid_frac 1 / train/inv/weight 0.02 / train/loss/con 0.02 / train/loss/dyn 2.68 / train/loss/image 2.77 / train/loss/inv 0.01 / train/loss/policy -5e-3 / train/loss/rep 2.68 / train/loss/repval 1.02 / train/loss/rew 0.57 / train/loss/value 0.94 / replay/replay_ratio 264 / fps/policy 10.37 / fps/train 2655.06

Writing metrics: /home/zhangpeiying01/lfy/btwm-7.7/runs/btwm_dmc_walker_walk_seed1_w002_b11_s1/scores.jsonl
Writing metrics: /home/zhangpeiying01/lfy/btwm-7.7/runs/btwm_dmc_walker_walk_seed1_w002_b11_s1/metrics.jsonl
Saving checkpoint: /home/zhangpeiying01/lfy/btwm-7.7/runs/btwm_dmc_walker_walk_seed1_w002_b11_s1/ckpt/20260716T064933F700660
Saved checkpoint.

--------------------[Agent Step 243_904]--------------------
Metrics filtered by: 'score|length|fps|ratio|train/loss/|train/acc/|train/inv/|train/rand/'
train/acc/inv 0.57 / train/inv/ce 1.39 / train/inv/confidence 0.3 / train/inv/confidence_gating 0 / train/inv/effective_rep_weight 0.02 / train/inv/head_objective 0.58 / train/inv/head_weight 0 / train/inv/objective 0.58 / train/inv/policy_weight_max 1 / train/inv/policy_weight_mean 1 / train/inv/policy_weight_min 1 / train/inv/policy_weight_std 0 / train/inv/valid_frac 1 / train/inv/weight 0.02 / train/loss/con 0.02 / train/loss/dyn 2.66 / train/loss/image 2.74 / train/loss/inv 0.01 / train/loss/policy -5.1e-3 / train/loss/rep 2.66 / train/loss/repval 1.02 / train/loss/rew 0.57 / train/loss/value 0.94 / replay/replay_ratio 264 / fps/policy 10.18 / fps/train 2605.73

Writing metrics: /home/zhangpeiying01/lfy/btwm-7.7/runs/btwm_dmc_walker_walk_seed1_w002_b11_s1/metrics.jsonl
Writing metrics: /home/zhangpeiying01/lfy/btwm-7.7/runs/btwm_dmc_walker_walk_seed1_w002_b11_s1/scores.jsonl

--------------------[Agent Step 245_152]--------------------
Metrics filtered by: 'score|length|fps|ratio|train/loss/|train/acc/|train/inv/|train/rand/'
train/acc/inv 0.57 / train/inv/ce 1.39 / train/inv/confidence 0.3 / train/inv/confidence_gating 0 / train/inv/effective_rep_weight 0.02 / train/inv/head_objective 0.58 / train/inv/head_weight 0 / train/inv/objective 0.58 / train/inv/policy_weight_max 1 / train/inv/policy_weight_mean 1 / train/inv/policy_weight_min 1 / train/inv/policy_weight_std 0 / train/inv/valid_frac 1 / train/inv/weight 0.02 / train/loss/con 0.02 / train/loss/dyn 2.68 / train/loss/image 2.73 / train/loss/inv 0.01 / train/loss/policy -6.6e-3 / train/loss/rep 2.68 / train/loss/repval 1.02 / train/loss/rew 0.57 / train/loss/value 0.94 / replay/replay_ratio 264 / fps/policy 10.33 / fps/train 2643.42

Writing metrics: /home/zhangpeiying01/lfy/btwm-7.7/runs/btwm_dmc_walker_walk_seed1_w002_b11_s1/metrics.jsonl
Writing metrics: /home/zhangpeiying01/lfy/btwm-7.7/runs/btwm_dmc_walker_walk_seed1_w002_b11_s1/scores.jsonl

--------------------[Agent Step 246_400]--------------------
Metrics filtered by: 'score|length|fps|ratio|train/loss/|train/acc/|train/inv/|train/rand/'
train/acc/inv 0.57 / train/inv/ce 1.39 / train/inv/confidence 0.3 / train/inv/confidence_gating 0 / train/inv/effective_rep_weight 0.02 / train/inv/head_objective 0.58 / train/inv/head_weight 0 / train/inv/objective 0.58 / train/inv/policy_weight_max 1 / train/inv/policy_weight_mean 1 / train/inv/policy_weight_min 1 / train/inv/policy_weight_std 0 / train/inv/valid_frac 1 / train/inv/weight 0.02 / train/loss/con 0.02 / train/loss/dyn 2.66 / train/loss/image 2.7 / train/loss/inv 0.01 / train/loss/policy -7.1e-3 / train/loss/rep 2.66 / train/loss/repval 1.02 / train/loss/rew 0.57 / train/loss/value 0.94 / replay/replay_ratio 264 / fps/policy 10.37 / fps/train 2655.1

Writing metrics: /home/zhangpeiying01/lfy/btwm-7.7/runs/btwm_dmc_walker_walk_seed1_w002_b11_s1/metrics.jsonl
Writing metrics: /home/zhangpeiying01/lfy/btwm-7.7/runs/btwm_dmc_walker_walk_seed1_w002_b11_s1/scores.jsonl

--------------------[Agent Step 247_648]--------------------
Metrics filtered by: 'score|length|fps|ratio|train/loss/|train/acc/|train/inv/|train/rand/'
train/acc/inv 0.57 / train/inv/ce 1.39 / train/inv/confidence 0.3 / train/inv/confidence_gating 0 / train/inv/effective_rep_weight 0.02 / train/inv/head_objective 0.58 / train/inv/head_weight 0 / train/inv/objective 0.58 / train/inv/policy_weight_max 1 / train/inv/policy_weight_mean 1 / train/inv/policy_weight_min 1 / train/inv/policy_weight_std 0 / train/inv/valid_frac 1 / train/inv/weight 0.02 / train/loss/con 0.02 / train/loss/dyn 2.65 / train/loss/image 2.71 / train/loss/inv 0.01 / train/loss/policy -6.9e-3 / train/loss/rep 2.65 / train/loss/repval 1.02 / train/loss/rew 0.57 / train/loss/value 0.93 / replay/replay_ratio 264 / fps/policy 10.38 / fps/train 2656.56

Writing metrics: /home/zhangpeiying01/lfy/btwm-7.7/runs/btwm_dmc_walker_walk_seed1_w002_b11_s1/metrics.jsonl
Writing metrics: /home/zhangpeiying01/lfy/btwm-7.7/runs/btwm_dmc_walker_walk_seed1_w002_b11_s1/scores.jsonl

--------------------[Agent Step 248_896]--------------------
Metrics filtered by: 'score|length|fps|ratio|train/loss/|train/acc/|train/inv/|train/rand/'
train/acc/inv 0.57 / train/inv/ce 1.39 / train/inv/confidence 0.3 / train/inv/confidence_gating 0 / train/inv/effective_rep_weight 0.02 / train/inv/head_objective 0.58 / train/inv/head_weight 0 / train/inv/objective 0.58 / train/inv/policy_weight_max 1 / train/inv/policy_weight_mean 1 / train/inv/policy_weight_min 1 / train/inv/policy_weight_std 0 / train/inv/valid_frac 1 / train/inv/weight 0.02 / train/loss/con 0.02 / train/loss/dyn 2.67 / train/loss/image 2.69 / train/loss/inv 0.01 / train/loss/policy -7e-3 / train/loss/rep 2.67 / train/loss/repval 1.01 / train/loss/rew 0.57 / train/loss/value 0.92 / replay/replay_ratio 264 / fps/policy 10.33 / fps/train 2645.38

Writing metrics: /home/zhangpeiying01/lfy/btwm-7.7/runs/btwm_dmc_walker_walk_seed1_w002_b11_s1/metrics.jsonl
Writing metrics: /home/zhangpeiying01/lfy/btwm-7.7/runs/btwm_dmc_walker_walk_seed1_w002_b11_s1/scores.jsonl

--------------------[Agent Step 250_144]--------------------
Metrics filtered by: 'score|length|fps|ratio|train/loss/|train/acc/|train/inv/|train/rand/'
train/acc/inv 0.57 / train/inv/ce 1.38 / train/inv/confidence 0.3 / train/inv/confidence_gating 0 / train/inv/effective_rep_weight 0.02 / train/inv/head_objective 0.58 / train/inv/head_weight 0 / train/inv/objective 0.58 / train/inv/policy_weight_max 1 / train/inv/policy_weight_mean 1 / train/inv/policy_weight_min 1 / train/inv/policy_weight_std 0 / train/inv/valid_frac 1 / train/inv/weight 0.02 / train/loss/con 0.02 / train/loss/dyn 2.67 / train/loss/image 2.67 / train/loss/inv 0.01 / train/loss/policy -7.8e-3 / train/loss/rep 2.67 / train/loss/repval 1.01 / train/loss/rew 0.57 / train/loss/value 0.91 / replay/replay_ratio 264 / fps/policy 10.36 / fps/train 2653.3

Writing metrics: /home/zhangpeiying01/lfy/btwm-7.7/runs/btwm_dmc_walker_walk_seed1_w002_b11_s1/metrics.jsonl
Writing metrics: /home/zhangpeiying01/lfy/btwm-7.7/runs/btwm_dmc_walker_walk_seed1_w002_b11_s1/scores.jsonl

--------------------[Agent Step 251_392]--------------------
Metrics filtered by: 'score|length|fps|ratio|train/loss/|train/acc/|train/inv/|train/rand/'
train/acc/inv 0.57 / train/inv/ce 1.39 / train/inv/confidence 0.3 / train/inv/confidence_gating 0 / train/inv/effective_rep_weight 0.02 / train/inv/head_objective 0.58 / train/inv/head_weight 0 / train/inv/objective 0.58 / train/inv/policy_weight_max 1 / train/inv/policy_weight_mean 1 / train/inv/policy_weight_min 1 / train/inv/policy_weight_std 0 / train/inv/valid_frac 1 / train/inv/weight 0.02 / train/loss/con 0.02 / train/loss/dyn 2.69 / train/loss/image 2.67 / train/loss/inv 0.01 / train/loss/policy -0.01 / train/loss/rep 2.69 / train/loss/repval 1 / train/loss/rew 0.57 / train/loss/value 0.91 / replay/replay_ratio 264 / fps/policy 10.37 / fps/train 2654.78

Writing metrics: /home/zhangpeiying01/lfy/btwm-7.7/runs/btwm_dmc_walker_walk_seed1_w002_b11_s1/metrics.jsonl
Writing metrics: /home/zhangpeiying01/lfy/btwm-7.7/runs/btwm_dmc_walker_walk_seed1_w002_b11_s1/scores.jsonl

--------------------[Agent Step 252_640]--------------------
Metrics filtered by: 'score|length|fps|ratio|train/loss/|train/acc/|train/inv/|train/rand/'
train/acc/inv 0.57 / train/inv/ce 1.39 / train/inv/confidence 0.3 / train/inv/confidence_gating 0 / train/inv/effective_rep_weight 0.02 / train/inv/head_objective 0.58 / train/inv/head_weight 0 / train/inv/objective 0.58 / train/inv/policy_weight_max 1 / train/inv/policy_weight_mean 1 / train/inv/policy_weight_min 1 / train/inv/policy_weight_std 0 / train/inv/valid_frac 1 / train/inv/weight 0.02 / train/loss/con 0.02 / train/loss/dyn 2.66 / train/loss/image 2.67 / train/loss/inv 0.01 / train/loss/policy -9.4e-3 / train/loss/rep 2.66 / train/loss/repval 1.01 / train/loss/rew 0.57 / train/loss/value 0.92 / replay/replay_ratio 264 / fps/policy 10.37 / fps/train 2654.39

Writing metrics: /home/zhangpeiying01/lfy/btwm-7.7/runs/btwm_dmc_walker_walk_seed1_w002_b11_s1/metrics.jsonl
Writing metrics: /home/zhangpeiying01/lfy/btwm-7.7/runs/btwm_dmc_walker_walk_seed1_w002_b11_s1/scores.jsonl

--------------------[Agent Step 253_888]--------------------
Metrics filtered by: 'score|length|fps|ratio|train/loss/|train/acc/|train/inv/|train/rand/'
train/acc/inv 0.57 / train/inv/ce 1.39 / train/inv/confidence 0.3 / train/inv/confidence_gating 0 / train/inv/effective_rep_weight 0.02 / train/inv/head_objective 0.58 / train/inv/head_weight 0 / train/inv/objective 0.58 / train/inv/policy_weight_max 1 / train/inv/policy_weight_mean 1 / train/inv/policy_weight_min 1 / train/inv/policy_weight_std 0 / train/inv/valid_frac 1 / train/inv/weight 0.02 / train/loss/con 0.02 / train/loss/dyn 2.66 / train/loss/image 2.66 / train/loss/inv 0.01 / train/loss/policy -7.8e-3 / train/loss/rep 2.66 / train/loss/repval 1.01 / train/loss/rew 0.57 / train/loss/value 0.92 / replay/replay_ratio 264 / fps/policy 10.37 / fps/train 2654.66

Writing metrics: /home/zhangpeiying01/lfy/btwm-7.7/runs/btwm_dmc_walker_walk_seed1_w002_b11_s1/metrics.jsonl
Writing metrics: /home/zhangpeiying01/lfy/btwm-7.7/runs/btwm_dmc_walker_walk_seed1_w002_b11_s1/scores.jsonl

--------------------[Agent Step 255_136]--------------------
Metrics filtered by: 'score|length|fps|ratio|train/loss/|train/acc/|train/inv/|train/rand/'
train/acc/inv 0.56 / train/inv/ce 1.4 / train/inv/confidence 0.3 / train/inv/confidence_gating 0 / train/inv/effective_rep_weight 0.02 / train/inv/head_objective 0.58 / train/inv/head_weight 0 / train/inv/objective 0.58 / train/inv/policy_weight_max 1 / train/inv/policy_weight_mean 1 / train/inv/policy_weight_min 1 / train/inv/policy_weight_std 0 / train/inv/valid_frac 1 / train/inv/weight 0.02 / train/loss/con 0.02 / train/loss/dyn 2.68 / train/loss/image 2.64 / train/loss/inv 0.01 / train/loss/policy -4.1e-3 / train/loss/rep 2.68 / train/loss/repval 1.01 / train/loss/rew 0.58 / train/loss/value 0.93 / replay/replay_ratio 264 / fps/policy 10.36 / fps/train 2651.62

Writing metrics: /home/zhangpeiying01/lfy/btwm-7.7/runs/btwm_dmc_walker_walk_seed1_w002_b11_s1/metrics.jsonl
Writing metrics: /home/zhangpeiying01/lfy/btwm-7.7/runs/btwm_dmc_walker_walk_seed1_w002_b11_s1/scores.jsonl

--------------------[Agent Step 256_384]--------------------
Metrics filtered by: 'score|length|fps|ratio|train/loss/|train/acc/|train/inv/|train/rand/'
episode/score 969.03 / episode/length 1001 / train/acc/inv 0.57 / train/inv/ce 1.39 / train/inv/confidence 0.3 / train/inv/confidence_gating 0 / train/inv/effective_rep_weight 0.02 / train/inv/head_objective 0.58 / train/inv/head_weight 0 / train/inv/objective 0.58 / train/inv/policy_weight_max 1 / train/inv/policy_weight_mean 1 / train/inv/policy_weight_min 1 / train/inv/policy_weight_std 0 / train/inv/valid_frac 1 / train/inv/weight 0.02 / train/loss/con 0.02 / train/loss/dyn 2.67 / train/loss/image 2.65 / train/loss/inv 0.01 / train/loss/policy -5.9e-3 / train/loss/rep 2.67 / train/loss/repval 1.01 / train/loss/rew 0.57 / train/loss/value 0.93 / replay/replay_ratio 264 / fps/policy 10.38 / fps/train 2656.49

Writing metrics: /home/zhangpeiying01/lfy/btwm-7.7/runs/btwm_dmc_walker_walk_seed1_w002_b11_s1/metrics.jsonl
Writing metrics: /home/zhangpeiying01/lfy/btwm-7.7/runs/btwm_dmc_walker_walk_seed1_w002_b11_s1/scores.jsonl

--------------------[Agent Step 257_632]--------------------
Metrics filtered by: 'score|length|fps|ratio|train/loss/|train/acc/|train/inv/|train/rand/'
train/acc/inv 0.56 / train/inv/ce 1.41 / train/inv/confidence 0.3 / train/inv/confidence_gating 0 / train/inv/effective_rep_weight 0.02 / train/inv/head_objective 0.59 / train/inv/head_weight 0 / train/inv/objective 0.59 / train/inv/policy_weight_max 1 / train/inv/policy_weight_mean 1 / train/inv/policy_weight_min 1 / train/inv/policy_weight_std 0 / train/inv/valid_frac 1 / train/inv/weight 0.02 / train/loss/con 0.02 / train/loss/dyn 2.79 / train/loss/image 2.81 / train/loss/inv 0.01 / train/loss/policy -4.4e-3 / train/loss/rep 2.79 / train/loss/repval 1.01 / train/loss/rew 0.58 / train/loss/value 0.93 / replay/replay_ratio 264 / fps/policy 10.33 / fps/train 2643.9

Writing metrics: /home/zhangpeiying01/lfy/btwm-7.7/runs/btwm_dmc_walker_walk_seed1_w002_b11_s1/scores.jsonl
Writing metrics: /home/zhangpeiying01/lfy/btwm-7.7/runs/btwm_dmc_walker_walk_seed1_w002_b11_s1/metrics.jsonl

--------------------[Agent Step 258_880]--------------------
Metrics filtered by: 'score|length|fps|ratio|train/loss/|train/acc/|train/inv/|train/rand/'
train/acc/inv 0.57 / train/inv/ce 1.39 / train/inv/confidence 0.3 / train/inv/confidence_gating 0 / train/inv/effective_rep_weight 0.02 / train/inv/head_objective 0.58 / train/inv/head_weight 0 / train/inv/objective 0.58 / train/inv/policy_weight_max 1 / train/inv/policy_weight_mean 1 / train/inv/policy_weight_min 1 / train/inv/policy_weight_std 0 / train/inv/valid_frac 1 / train/inv/weight 0.02 / train/loss/con 0.02 / train/loss/dyn 2.73 / train/loss/image 2.73 / train/loss/inv 0.01 / train/loss/policy -4.1e-3 / train/loss/rep 2.73 / train/loss/repval 1.01 / train/loss/rew 0.58 / train/loss/value 0.93 / replay/replay_ratio 264 / fps/policy 10.32 / fps/train 2641.17

Writing metrics: /home/zhangpeiying01/lfy/btwm-7.7/runs/btwm_dmc_walker_walk_seed1_w002_b11_s1/metrics.jsonl
Writing metrics: /home/zhangpeiying01/lfy/btwm-7.7/runs/btwm_dmc_walker_walk_seed1_w002_b11_s1/scores.jsonl

--------------------[Agent Step 260_128]--------------------
Metrics filtered by: 'score|length|fps|ratio|train/loss/|train/acc/|train/inv/|train/rand/'
train/acc/inv 0.57 / train/inv/ce 1.4 / train/inv/confidence 0.3 / train/inv/confidence_gating 0 / train/inv/effective_rep_weight 0.02 / train/inv/head_objective 0.58 / train/inv/head_weight 0 / train/inv/objective 0.58 / train/inv/policy_weight_max 1 / train/inv/policy_weight_mean 1 / train/inv/policy_weight_min 1 / train/inv/policy_weight_std 0 / train/inv/valid_frac 1 / train/inv/weight 0.02 / train/loss/con 0.02 / train/loss/dyn 2.66 / train/loss/image 2.67 / train/loss/inv 0.01 / train/loss/policy -9.4e-3 / train/loss/rep 2.66 / train/loss/repval 1 / train/loss/rew 0.57 / train/loss/value 0.91 / replay/replay_ratio 264 / fps/policy 10.38 / fps/train 2656.15

Writing metrics: /home/zhangpeiying01/lfy/btwm-7.7/runs/btwm_dmc_walker_walk_seed1_w002_b11_s1/metrics.jsonl
Writing metrics: /home/zhangpeiying01/lfy/btwm-7.7/runs/btwm_dmc_walker_walk_seed1_w002_b11_s1/scores.jsonl

--------------------[Agent Step 261_376]--------------------
Metrics filtered by: 'score|length|fps|ratio|train/loss/|train/acc/|train/inv/|train/rand/'
train/acc/inv 0.56 / train/inv/ce 1.4 / train/inv/confidence 0.3 / train/inv/confidence_gating 0 / train/inv/effective_rep_weight 0.02 / train/inv/head_objective 0.59 / train/inv/head_weight 0 / train/inv/objective 0.59 / train/inv/policy_weight_max 1 / train/inv/policy_weight_mean 1 / train/inv/policy_weight_min 1 / train/inv/policy_weight_std 0 / train/inv/valid_frac 1 / train/inv/weight 0.02 / train/loss/con 0.02 / train/loss/dyn 2.71 / train/loss/image 2.67 / train/loss/inv 0.01 / train/loss/policy -0.01 / train/loss/rep 2.71 / train/loss/repval 1 / train/loss/rew 0.58 / train/loss/value 0.91 / replay/replay_ratio 264 / fps/policy 10.33 / fps/train 2645.67

Writing metrics: /home/zhangpeiying01/lfy/btwm-7.7/runs/btwm_dmc_walker_walk_seed1_w002_b11_s1/metrics.jsonl
Writing metrics: /home/zhangpeiying01/lfy/btwm-7.7/runs/btwm_dmc_walker_walk_seed1_w002_b11_s1/scores.jsonl

--------------------[Agent Step 262_624]--------------------
Metrics filtered by: 'score|length|fps|ratio|train/loss/|train/acc/|train/inv/|train/rand/'
train/acc/inv 0.57 / train/inv/ce 1.39 / train/inv/confidence 0.3 / train/inv/confidence_gating 0 / train/inv/effective_rep_weight 0.02 / train/inv/head_objective 0.58 / train/inv/head_weight 0 / train/inv/objective 0.58 / train/inv/policy_weight_max 1 / train/inv/policy_weight_mean 1 / train/inv/policy_weight_min 1 / train/inv/policy_weight_std 0 / train/inv/valid_frac 1 / train/inv/weight 0.02 / train/loss/con 0.02 / train/loss/dyn 2.65 / train/loss/image 2.64 / train/loss/inv 0.01 / train/loss/policy -0.01 / train/loss/rep 2.65 / train/loss/repval 1 / train/loss/rew 0.57 / train/loss/value 0.92 / replay/replay_ratio 264 / fps/policy 10.37 / fps/train 2653.82

Writing metrics: /home/zhangpeiying01/lfy/btwm-7.7/runs/btwm_dmc_walker_walk_seed1_w002_b11_s1/metrics.jsonl
Writing metrics: /home/zhangpeiying01/lfy/btwm-7.7/runs/btwm_dmc_walker_walk_seed1_w002_b11_s1/scores.jsonl

--------------------[Agent Step 263_872]--------------------
Metrics filtered by: 'score|length|fps|ratio|train/loss/|train/acc/|train/inv/|train/rand/'
train/acc/inv 0.56 / train/inv/ce 1.4 / train/inv/confidence 0.3 / train/inv/confidence_gating 0 / train/inv/effective_rep_weight 0.02 / train/inv/head_objective 0.58 / train/inv/head_weight 0 / train/inv/objective 0.58 / train/inv/policy_weight_max 1 / train/inv/policy_weight_mean 1 / train/inv/policy_weight_min 1 / train/inv/policy_weight_std 0 / train/inv/valid_frac 1 / train/inv/weight 0.02 / train/loss/con 0.02 / train/loss/dyn 2.66 / train/loss/image 2.63 / train/loss/inv 0.01 / train/loss/policy -0.01 / train/loss/rep 2.66 / train/loss/repval 1 / train/loss/rew 0.58 / train/loss/value 0.92 / replay/replay_ratio 264 / fps/policy 10.37 / fps/train 2655.73

Writing metrics: /home/zhangpeiying01/lfy/btwm-7.7/runs/btwm_dmc_walker_walk_seed1_w002_b11_s1/metrics.jsonl
Writing metrics: /home/zhangpeiying01/lfy/btwm-7.7/runs/btwm_dmc_walker_walk_seed1_w002_b11_s1/scores.jsonl

--------------------[Agent Step 265_120]--------------------
Metrics filtered by: 'score|length|fps|ratio|train/loss/|train/acc/|train/inv/|train/rand/'
train/acc/inv 0.56 / train/inv/ce 1.41 / train/inv/confidence 0.3 / train/inv/confidence_gating 0 / train/inv/effective_rep_weight 0.02 / train/inv/head_objective 0.59 / train/inv/head_weight 0 / train/inv/objective 0.59 / train/inv/policy_weight_max 1 / train/inv/policy_weight_mean 1 / train/inv/policy_weight_min 1 / train/inv/policy_weight_std 0 / train/inv/valid_frac 1 / train/inv/weight 0.02 / train/loss/con 0.02 / train/loss/dyn 2.7 / train/loss/image 2.64 / train/loss/inv 0.01 / train/loss/policy -0.01 / train/loss/rep 2.7 / train/loss/repval 1 / train/loss/rew 0.58 / train/loss/value 0.92 / replay/replay_ratio 264 / fps/policy 10.36 / fps/train 2652.8

Writing metrics: /home/zhangpeiying01/lfy/btwm-7.7/runs/btwm_dmc_walker_walk_seed1_w002_b11_s1/metrics.jsonl
Writing metrics: /home/zhangpeiying01/lfy/btwm-7.7/runs/btwm_dmc_walker_walk_seed1_w002_b11_s1/scores.jsonl

--------------------[Agent Step 266_368]--------------------
Metrics filtered by: 'score|length|fps|ratio|train/loss/|train/acc/|train/inv/|train/rand/'
train/acc/inv 0.57 / train/inv/ce 1.39 / train/inv/confidence 0.3 / train/inv/confidence_gating 0 / train/inv/effective_rep_weight 0.02 / train/inv/head_objective 0.58 / train/inv/head_weight 0 / train/inv/objective 0.58 / train/inv/policy_weight_max 1 / train/inv/policy_weight_mean 1 / train/inv/policy_weight_min 1 / train/inv/policy_weight_std 0 / train/inv/valid_frac 1 / train/inv/weight 0.02 / train/loss/con 0.02 / train/loss/dyn 2.65 / train/loss/image 2.62 / train/loss/inv 0.01 / train/loss/policy -0.01 / train/loss/rep 2.65 / train/loss/repval 1 / train/loss/rew 0.58 / train/loss/value 0.92 / replay/replay_ratio 264 / fps/policy 10.37 / fps/train 2654.22

Writing metrics: /home/zhangpeiying01/lfy/btwm-7.7/runs/btwm_dmc_walker_walk_seed1_w002_b11_s1/scores.jsonl
Writing metrics: /home/zhangpeiying01/lfy/btwm-7.7/runs/btwm_dmc_walker_walk_seed1_w002_b11_s1/metrics.jsonl

--------------------[Agent Step 267_616]--------------------
Metrics filtered by: 'score|length|fps|ratio|train/loss/|train/acc/|train/inv/|train/rand/'
train/acc/inv 0.57 / train/inv/ce 1.4 / train/inv/confidence 0.3 / train/inv/confidence_gating 0 / train/inv/effective_rep_weight 0.02 / train/inv/head_objective 0.58 / train/inv/head_weight 0 / train/inv/objective 0.58 / train/inv/policy_weight_max 1 / train/inv/policy_weight_mean 1 / train/inv/policy_weight_min 1 / train/inv/policy_weight_std 0 / train/inv/valid_frac 1 / train/inv/weight 0.02 / train/loss/con 0.02 / train/loss/dyn 2.66 / train/loss/image 2.61 / train/loss/inv 0.01 / train/loss/policy -0.01 / train/loss/rep 2.66 / train/loss/repval 0.99 / train/loss/rew 0.58 / train/loss/value 0.91 / replay/replay_ratio 264 / fps/policy 10.34 / fps/train 2646.44

Writing metrics: /home/zhangpeiying01/lfy/btwm-7.7/runs/btwm_dmc_walker_walk_seed1_w002_b11_s1/scores.jsonl
Writing metrics: /home/zhangpeiying01/lfy/btwm-7.7/runs/btwm_dmc_walker_walk_seed1_w002_b11_s1/metrics.jsonl

--------------------[Agent Step 268_864]--------------------
Metrics filtered by: 'score|length|fps|ratio|train/loss/|train/acc/|train/inv/|train/rand/'
train/acc/inv 0.56 / train/inv/ce 1.41 / train/inv/confidence 0.3 / train/inv/confidence_gating 0 / train/inv/effective_rep_weight 0.02 / train/inv/head_objective 0.59 / train/inv/head_weight 0 / train/inv/objective 0.59 / train/inv/policy_weight_max 1 / train/inv/policy_weight_mean 1 / train/inv/policy_weight_min 1 / train/inv/policy_weight_std 0 / train/inv/valid_frac 1 / train/inv/weight 0.02 / train/loss/con 0.02 / train/loss/dyn 2.68 / train/loss/image 2.6 / train/loss/inv 0.01 / train/loss/policy -0.01 / train/loss/rep 2.68 / train/loss/repval 0.99 / train/loss/rew 0.58 / train/loss/value 0.9 / replay/replay_ratio 264 / fps/policy 10.38 / fps/train 2656.67

Writing metrics: /home/zhangpeiying01/lfy/btwm-7.7/runs/btwm_dmc_walker_walk_seed1_w002_b11_s1/metrics.jsonl
Writing metrics: /home/zhangpeiying01/lfy/btwm-7.7/runs/btwm_dmc_walker_walk_seed1_w002_b11_s1/scores.jsonl

--------------------[Agent Step 270_112]--------------------
Metrics filtered by: 'score|length|fps|ratio|train/loss/|train/acc/|train/inv/|train/rand/'
train/acc/inv 0.57 / train/inv/ce 1.39 / train/inv/confidence 0.3 / train/inv/confidence_gating 0 / train/inv/effective_rep_weight 0.02 / train/inv/head_objective 0.58 / train/inv/head_weight 0 / train/inv/objective 0.58 / train/inv/policy_weight_max 1 / train/inv/policy_weight_mean 1 / train/inv/policy_weight_min 1 / train/inv/policy_weight_std 0 / train/inv/valid_frac 1 / train/inv/weight 0.02 / train/loss/con 0.02 / train/loss/dyn 2.68 / train/loss/image 2.63 / train/loss/inv 0.01 / train/loss/policy -0.01 / train/loss/rep 2.68 / train/loss/repval 0.99 / train/loss/rew 0.58 / train/loss/value 0.91 / replay/replay_ratio 264 / fps/policy 10.36 / fps/train 2651.62

Writing metrics: /home/zhangpeiying01/lfy/btwm-7.7/runs/btwm_dmc_walker_walk_seed1_w002_b11_s1/metrics.jsonl
Writing metrics: /home/zhangpeiying01/lfy/btwm-7.7/runs/btwm_dmc_walker_walk_seed1_w002_b11_s1/scores.jsonl

--------------------[Agent Step 271_360]--------------------
Metrics filtered by: 'score|length|fps|ratio|train/loss/|train/acc/|train/inv/|train/rand/'
train/acc/inv 0.56 / train/inv/ce 1.4 / train/inv/confidence 0.3 / train/inv/confidence_gating 0 / train/inv/effective_rep_weight 0.02 / train/inv/head_objective 0.58 / train/inv/head_weight 0 / train/inv/objective 0.58 / train/inv/policy_weight_max 1 / train/inv/policy_weight_mean 1 / train/inv/policy_weight_min 1 / train/inv/policy_weight_std 0 / train/inv/valid_frac 1 / train/inv/weight 0.02 / train/loss/con 0.02 / train/loss/dyn 2.65 / train/loss/image 2.58 / train/loss/inv 0.01 / train/loss/policy -0.01 / train/loss/rep 2.65 / train/loss/repval 0.98 / train/loss/rew 0.58 / train/loss/value 0.89 / replay/replay_ratio 264 / fps/policy 10.37 / fps/train 2654.74

Writing metrics: /home/zhangpeiying01/lfy/btwm-7.7/runs/btwm_dmc_walker_walk_seed1_w002_b11_s1/metrics.jsonl
Writing metrics: /home/zhangpeiying01/lfy/btwm-7.7/runs/btwm_dmc_walker_walk_seed1_w002_b11_s1/scores.jsonl

--------------------[Agent Step 272_608]--------------------
Metrics filtered by: 'score|length|fps|ratio|train/loss/|train/acc/|train/inv/|train/rand/'
episode/score 967.69 / episode/length 1001 / train/acc/inv 0.56 / train/inv/ce 1.41 / train/inv/confidence 0.3 / train/inv/confidence_gating 0 / train/inv/effective_rep_weight 0.02 / train/inv/head_objective 0.59 / train/inv/head_weight 0 / train/inv/objective 0.59 / train/inv/policy_weight_max 1 / train/inv/policy_weight_mean 1 / train/inv/policy_weight_min 1 / train/inv/policy_weight_std 0 / train/inv/valid_frac 1 / train/inv/weight 0.02 / train/loss/con 0.02 / train/loss/dyn 2.72 / train/loss/image 2.65 / train/loss/inv 0.01 / train/loss/policy -0.01 / train/loss/rep 2.72 / train/loss/repval 0.98 / train/loss/rew 0.58 / train/loss/value 0.89 / replay/replay_ratio 264 / fps/policy 10.37 / fps/train 2655.31

Writing metrics: /home/zhangpeiying01/lfy/btwm-7.7/runs/btwm_dmc_walker_walk_seed1_w002_b11_s1/metrics.jsonl
Writing metrics: /home/zhangpeiying01/lfy/btwm-7.7/runs/btwm_dmc_walker_walk_seed1_w002_b11_s1/scores.jsonl

--------------------[Agent Step 273_856]--------------------
Metrics filtered by: 'score|length|fps|ratio|train/loss/|train/acc/|train/inv/|train/rand/'
train/acc/inv 0.56 / train/inv/ce 1.41 / train/inv/confidence 0.3 / train/inv/confidence_gating 0 / train/inv/effective_rep_weight 0.02 / train/inv/head_objective 0.59 / train/inv/head_weight 0 / train/inv/objective 0.59 / train/inv/policy_weight_max 1 / train/inv/policy_weight_mean 1 / train/inv/policy_weight_min 1 / train/inv/policy_weight_std 0 / train/inv/valid_frac 1 / train/inv/weight 0.02 / train/loss/con 0.02 / train/loss/dyn 2.74 / train/loss/image 2.7 / train/loss/inv 0.01 / train/loss/policy -0.01 / train/loss/rep 2.74 / train/loss/repval 0.98 / train/loss/rew 0.58 / train/loss/value 0.9 / replay/replay_ratio 264 / fps/policy 10.33 / fps/train 2645.15

Writing metrics: /home/zhangpeiying01/lfy/btwm-7.7/runs/btwm_dmc_walker_walk_seed1_w002_b11_s1/metrics.jsonl
Writing metrics: /home/zhangpeiying01/lfy/btwm-7.7/runs/btwm_dmc_walker_walk_seed1_w002_b11_s1/scores.jsonl

--------------------[Agent Step 275_104]--------------------
Metrics filtered by: 'score|length|fps|ratio|train/loss/|train/acc/|train/inv/|train/rand/'
train/acc/inv 0.56 / train/inv/ce 1.42 / train/inv/confidence 0.29 / train/inv/confidence_gating 0 / train/inv/effective_rep_weight 0.02 / train/inv/head_objective 0.59 / train/inv/head_weight 0 / train/inv/objective 0.59 / train/inv/policy_weight_max 1 / train/inv/policy_weight_mean 1 / train/inv/policy_weight_min 1 / train/inv/policy_weight_std 0 / train/inv/valid_frac 1 / train/inv/weight 0.02 / train/loss/con 0.02 / train/loss/dyn 2.7 / train/loss/image 2.66 / train/loss/inv 0.01 / train/loss/policy -0.01 / train/loss/rep 2.7 / train/loss/repval 0.98 / train/loss/rew 0.58 / train/loss/value 0.9 / replay/replay_ratio 264 / fps/policy 10.34 / fps/train 2645.95

Writing metrics: /home/zhangpeiying01/lfy/btwm-7.7/runs/btwm_dmc_walker_walk_seed1_w002_b11_s1/metrics.jsonl
Writing metrics: /home/zhangpeiying01/lfy/btwm-7.7/runs/btwm_dmc_walker_walk_seed1_w002_b11_s1/scores.jsonl

--------------------[Agent Step 276_352]--------------------
Metrics filtered by: 'score|length|fps|ratio|train/loss/|train/acc/|train/inv/|train/rand/'
train/acc/inv 0.56 / train/inv/ce 1.41 / train/inv/confidence 0.3 / train/inv/confidence_gating 0 / train/inv/effective_rep_weight 0.02 / train/inv/head_objective 0.59 / train/inv/head_weight 0 / train/inv/objective 0.59 / train/inv/policy_weight_max 1 / train/inv/policy_weight_mean 1 / train/inv/policy_weight_min 1 / train/inv/policy_weight_std 0 / train/inv/valid_frac 1 / train/inv/weight 0.02 / train/loss/con 0.02 / train/loss/dyn 2.74 / train/loss/image 2.67 / train/loss/inv 0.01 / train/loss/policy -8.3e-3 / train/loss/rep 2.74 / train/loss/repval 0.99 / train/loss/rew 0.58 / train/loss/value 0.91 / replay/replay_ratio 264 / fps/policy 10.32 / fps/train 2642.65

Writing metrics: /home/zhangpeiying01/lfy/btwm-7.7/runs/btwm_dmc_walker_walk_seed1_w002_b11_s1/metrics.jsonl
Writing metrics: /home/zhangpeiying01/lfy/btwm-7.7/runs/btwm_dmc_walker_walk_seed1_w002_b11_s1/scores.jsonl

--------------------[Agent Step 277_600]--------------------
Metrics filtered by: 'score|length|fps|ratio|train/loss/|train/acc/|train/inv/|train/rand/'
train/acc/inv 0.56 / train/inv/ce 1.41 / train/inv/confidence 0.29 / train/inv/confidence_gating 0 / train/inv/effective_rep_weight 0.02 / train/inv/head_objective 0.59 / train/inv/head_weight 0 / train/inv/objective 0.59 / train/inv/policy_weight_max 1 / train/inv/policy_weight_mean 1 / train/inv/policy_weight_min 1 / train/inv/policy_weight_std 0 / train/inv/valid_frac 1 / train/inv/weight 0.02 / train/loss/con 0.02 / train/loss/dyn 2.64 / train/loss/image 2.62 / train/loss/inv 0.01 / train/loss/policy -9.4e-3 / train/loss/rep 2.64 / train/loss/repval 0.98 / train/loss/rew 0.58 / train/loss/value 0.9 / replay/replay_ratio 264 / fps/policy 10.38 / fps/train 2656.87

Writing metrics: /home/zhangpeiying01/lfy/btwm-7.7/runs/btwm_dmc_walker_walk_seed1_w002_b11_s1/metrics.jsonl
Writing metrics: /home/zhangpeiying01/lfy/btwm-7.7/runs/btwm_dmc_walker_walk_seed1_w002_b11_s1/scores.jsonl

--------------------[Agent Step 278_848]--------------------
Metrics filtered by: 'score|length|fps|ratio|train/loss/|train/acc/|train/inv/|train/rand/'
train/acc/inv 0.56 / train/inv/ce 1.41 / train/inv/confidence 0.29 / train/inv/confidence_gating 0 / train/inv/effective_rep_weight 0.02 / train/inv/head_objective 0.59 / train/inv/head_weight 0 / train/inv/objective 0.59 / train/inv/policy_weight_max 1 / train/inv/policy_weight_mean 1 / train/inv/policy_weight_min 1 / train/inv/policy_weight_std 0 / train/inv/valid_frac 1 / train/inv/weight 0.02 / train/loss/con 0.02 / train/loss/dyn 2.65 / train/loss/image 2.58 / train/loss/inv 0.01 / train/loss/policy -7.7e-3 / train/loss/rep 2.65 / train/loss/repval 0.98 / train/loss/rew 0.58 / train/loss/value 0.9 / replay/replay_ratio 264 / fps/policy 10.38 / fps/train 2657.05

Writing metrics: /home/zhangpeiying01/lfy/btwm-7.7/runs/btwm_dmc_walker_walk_seed1_w002_b11_s1/metrics.jsonl
Writing metrics: /home/zhangpeiying01/lfy/btwm-7.7/runs/btwm_dmc_walker_walk_seed1_w002_b11_s1/scores.jsonl

--------------------[Agent Step 280_096]--------------------
Metrics filtered by: 'score|length|fps|ratio|train/loss/|train/acc/|train/inv/|train/rand/'
train/acc/inv 0.57 / train/inv/ce 1.4 / train/inv/confidence 0.3 / train/inv/confidence_gating 0 / train/inv/effective_rep_weight 0.02 / train/inv/head_objective 0.58 / train/inv/head_weight 0 / train/inv/objective 0.58 / train/inv/policy_weight_max 1 / train/inv/policy_weight_mean 1 / train/inv/policy_weight_min 1 / train/inv/policy_weight_std 0 / train/inv/valid_frac 1 / train/inv/weight 0.02 / train/loss/con 0.02 / train/loss/dyn 2.64 / train/loss/image 2.59 / train/loss/inv 0.01 / train/loss/policy -9.9e-3 / train/loss/rep 2.64 / train/loss/repval 0.99 / train/loss/rew 0.58 / train/loss/value 0.9 / replay/replay_ratio 264 / fps/policy 10.36 / fps/train 2650.99

Writing metrics: /home/zhangpeiying01/lfy/btwm-7.7/runs/btwm_dmc_walker_walk_seed1_w002_b11_s1/scores.jsonl
Writing metrics: /home/zhangpeiying01/lfy/btwm-7.7/runs/btwm_dmc_walker_walk_seed1_w002_b11_s1/metrics.jsonl
Saving checkpoint: /home/zhangpeiying01/lfy/btwm-7.7/runs/btwm_dmc_walker_walk_seed1_w002_b11_s1/ckpt/20260716T074933F723314
Saved checkpoint.

--------------------[Agent Step 281_328]--------------------
Metrics filtered by: 'score|length|fps|ratio|train/loss/|train/acc/|train/inv/|train/rand/'
train/acc/inv 0.56 / train/inv/ce 1.42 / train/inv/confidence 0.29 / train/inv/confidence_gating 0 / train/inv/effective_rep_weight 0.02 / train/inv/head_objective 0.59 / train/inv/head_weight 0 / train/inv/objective 0.59 / train/inv/policy_weight_max 1 / train/inv/policy_weight_mean 1 / train/inv/policy_weight_min 1 / train/inv/policy_weight_std 0 / train/inv/valid_frac 1 / train/inv/weight 0.02 / train/loss/con 0.02 / train/loss/dyn 2.67 / train/loss/image 2.58 / train/loss/inv 0.01 / train/loss/policy -7.8e-3 / train/loss/rep 2.67 / train/loss/repval 0.98 / train/loss/rew 0.58 / train/loss/value 0.89 / replay/replay_ratio 264 / fps/policy 10.16 / fps/train 2600.3

Writing metrics: /home/zhangpeiying01/lfy/btwm-7.7/runs/btwm_dmc_walker_walk_seed1_w002_b11_s1/metrics.jsonl
Writing metrics: /home/zhangpeiying01/lfy/btwm-7.7/runs/btwm_dmc_walker_walk_seed1_w002_b11_s1/scores.jsonl

--------------------[Agent Step 282_576]--------------------
Metrics filtered by: 'score|length|fps|ratio|train/loss/|train/acc/|train/inv/|train/rand/'
train/acc/inv 0.56 / train/inv/ce 1.42 / train/inv/confidence 0.29 / train/inv/confidence_gating 0 / train/inv/effective_rep_weight 0.02 / train/inv/head_objective 0.59 / train/inv/head_weight 0 / train/inv/objective 0.59 / train/inv/policy_weight_max 1 / train/inv/policy_weight_mean 1 / train/inv/policy_weight_min 1 / train/inv/policy_weight_std 0 / train/inv/valid_frac 1 / train/inv/weight 0.02 / train/loss/con 0.02 / train/loss/dyn 2.71 / train/loss/image 2.61 / train/loss/inv 0.01 / train/loss/policy -8.2e-3 / train/loss/rep 2.71 / train/loss/repval 0.98 / train/loss/rew 0.58 / train/loss/value 0.89 / replay/replay_ratio 264 / fps/policy 10.33 / fps/train 2644.67

Writing metrics: /home/zhangpeiying01/lfy/btwm-7.7/runs/btwm_dmc_walker_walk_seed1_w002_b11_s1/metrics.jsonl
Writing metrics: /home/zhangpeiying01/lfy/btwm-7.7/runs/btwm_dmc_walker_walk_seed1_w002_b11_s1/scores.jsonl

--------------------[Agent Step 283_824]--------------------
Metrics filtered by: 'score|length|fps|ratio|train/loss/|train/acc/|train/inv/|train/rand/'
train/acc/inv 0.56 / train/inv/ce 1.42 / train/inv/confidence 0.29 / train/inv/confidence_gating 0 / train/inv/effective_rep_weight 0.02 / train/inv/head_objective 0.59 / train/inv/head_weight 0 / train/inv/objective 0.59 / train/inv/policy_weight_max 1 / train/inv/policy_weight_mean 1 / train/inv/policy_weight_min 1 / train/inv/policy_weight_std 0 / train/inv/valid_frac 1 / train/inv/weight 0.02 / train/loss/con 0.02 / train/loss/dyn 2.66 / train/loss/image 2.57 / train/loss/inv 0.01 / train/loss/policy -0.01 / train/loss/rep 2.66 / train/loss/repval 0.97 / train/loss/rew 0.58 / train/loss/value 0.88 / replay/replay_ratio 264 / fps/policy 10.38 / fps/train 2656.2

Writing metrics: /home/zhangpeiying01/lfy/btwm-7.7/runs/btwm_dmc_walker_walk_seed1_w002_b11_s1/scores.jsonl
Writing metrics: /home/zhangpeiying01/lfy/btwm-7.7/runs/btwm_dmc_walker_walk_seed1_w002_b11_s1/metrics.jsonl

--------------------[Agent Step 285_072]--------------------
Metrics filtered by: 'score|length|fps|ratio|train/loss/|train/acc/|train/inv/|train/rand/'
train/acc/inv 0.56 / train/inv/ce 1.42 / train/inv/confidence 0.29 / train/inv/confidence_gating 0 / train/inv/effective_rep_weight 0.02 / train/inv/head_objective 0.59 / train/inv/head_weight 0 / train/inv/objective 0.59 / train/inv/policy_weight_max 1 / train/inv/policy_weight_mean 1 / train/inv/policy_weight_min 1 / train/inv/policy_weight_std 0 / train/inv/valid_frac 1 / train/inv/weight 0.02 / train/loss/con 0.02 / train/loss/dyn 2.67 / train/loss/image 2.57 / train/loss/inv 0.01 / train/loss/policy -0.01 / train/loss/rep 2.67 / train/loss/repval 0.97 / train/loss/rew 0.58 / train/loss/value 0.89 / replay/replay_ratio 264 / fps/policy 10.37 / fps/train 2654.54

Writing metrics: /home/zhangpeiying01/lfy/btwm-7.7/runs/btwm_dmc_walker_walk_seed1_w002_b11_s1/metrics.jsonl
Writing metrics: /home/zhangpeiying01/lfy/btwm-7.7/runs/btwm_dmc_walker_walk_seed1_w002_b11_s1/scores.jsonl

--------------------[Agent Step 286_320]--------------------
Metrics filtered by: 'score|length|fps|ratio|train/loss/|train/acc/|train/inv/|train/rand/'
train/acc/inv 0.56 / train/inv/ce 1.42 / train/inv/confidence 0.29 / train/inv/confidence_gating 0 / train/inv/effective_rep_weight 0.02 / train/inv/head_objective 0.59 / train/inv/head_weight 0 / train/inv/objective 0.59 / train/inv/policy_weight_max 1 / train/inv/policy_weight_mean 1 / train/inv/policy_weight_min 1 / train/inv/policy_weight_std 0 / train/inv/valid_frac 1 / train/inv/weight 0.02 / train/loss/con 0.02 / train/loss/dyn 2.67 / train/loss/image 2.57 / train/loss/inv 0.01 / train/loss/policy -0.01 / train/loss/rep 2.67 / train/loss/repval 0.97 / train/loss/rew 0.58 / train/loss/value 0.88 / replay/replay_ratio 264 / fps/policy 10.36 / fps/train 2651.59

Writing metrics: /home/zhangpeiying01/lfy/btwm-7.7/runs/btwm_dmc_walker_walk_seed1_w002_b11_s1/metrics.jsonl
Writing metrics: /home/zhangpeiying01/lfy/btwm-7.7/runs/btwm_dmc_walker_walk_seed1_w002_b11_s1/scores.jsonl

--------------------[Agent Step 287_568]--------------------
Metrics filtered by: 'score|length|fps|ratio|train/loss/|train/acc/|train/inv/|train/rand/'
train/acc/inv 0.56 / train/inv/ce 1.42 / train/inv/confidence 0.29 / train/inv/confidence_gating 0 / train/inv/effective_rep_weight 0.02 / train/inv/head_objective 0.59 / train/inv/head_weight 0 / train/inv/objective 0.59 / train/inv/policy_weight_max 1 / train/inv/policy_weight_mean 1 / train/inv/policy_weight_min 1 / train/inv/policy_weight_std 0 / train/inv/valid_frac 1 / train/inv/weight 0.02 / train/loss/con 0.02 / train/loss/dyn 2.68 / train/loss/image 2.56 / train/loss/inv 0.01 / train/loss/policy -0.01 / train/loss/rep 2.68 / train/loss/repval 0.96 / train/loss/rew 0.58 / train/loss/value 0.88 / replay/replay_ratio 264 / fps/policy 10.35 / fps/train 2650.23

Writing metrics: /home/zhangpeiying01/lfy/btwm-7.7/runs/btwm_dmc_walker_walk_seed1_w002_b11_s1/metrics.jsonl
Writing metrics: /home/zhangpeiying01/lfy/btwm-7.7/runs/btwm_dmc_walker_walk_seed1_w002_b11_s1/scores.jsonl

--------------------[Agent Step 288_816]--------------------
Metrics filtered by: 'score|length|fps|ratio|train/loss/|train/acc/|train/inv/|train/rand/'
episode/score 962.93 / episode/length 1001 / train/acc/inv 0.56 / train/inv/ce 1.43 / train/inv/confidence 0.29 / train/inv/confidence_gating 0 / train/inv/effective_rep_weight 0.02 / train/inv/head_objective 0.6 / train/inv/head_weight 0 / train/inv/objective 0.6 / train/inv/policy_weight_max 1 / train/inv/policy_weight_mean 1 / train/inv/policy_weight_min 1 / train/inv/policy_weight_std 0 / train/inv/valid_frac 1 / train/inv/weight 0.02 / train/loss/con 0.02 / train/loss/dyn 2.68 / train/loss/image 2.55 / train/loss/inv 0.01 / train/loss/policy -9.2e-3 / train/loss/rep 2.68 / train/loss/repval 0.96 / train/loss/rew 0.58 / train/loss/value 0.87 / replay/replay_ratio 264 / fps/policy 10.32 / fps/train 2642.69

Writing metrics: /home/zhangpeiying01/lfy/btwm-7.7/runs/btwm_dmc_walker_walk_seed1_w002_b11_s1/scores.jsonl
Writing metrics: /home/zhangpeiying01/lfy/btwm-7.7/runs/btwm_dmc_walker_walk_seed1_w002_b11_s1/metrics.jsonl

--------------------[Agent Step 290_064]--------------------
Metrics filtered by: 'score|length|fps|ratio|train/loss/|train/acc/|train/inv/|train/rand/'
train/acc/inv 0.56 / train/inv/ce 1.43 / train/inv/confidence 0.29 / train/inv/confidence_gating 0 / train/inv/effective_rep_weight 0.02 / train/inv/head_objective 0.6 / train/inv/head_weight 0 / train/inv/objective 0.6 / train/inv/policy_weight_max 1 / train/inv/policy_weight_mean 1 / train/inv/policy_weight_min 1 / train/inv/policy_weight_std 0 / train/inv/valid_frac 1 / train/inv/weight 0.02 / train/loss/con 0.02 / train/loss/dyn 2.8 / train/loss/image 2.74 / train/loss/inv 0.01 / train/loss/policy -7.4e-3 / train/loss/rep 2.8 / train/loss/repval 0.97 / train/loss/rew 0.58 / train/loss/value 0.88 / replay/replay_ratio 264 / fps/policy 10.32 / fps/train 2640.92

Writing metrics: /home/zhangpeiying01/lfy/btwm-7.7/runs/btwm_dmc_walker_walk_seed1_w002_b11_s1/metrics.jsonl
Writing metrics: /home/zhangpeiying01/lfy/btwm-7.7/runs/btwm_dmc_walker_walk_seed1_w002_b11_s1/scores.jsonl

--------------------[Agent Step 291_312]--------------------
Metrics filtered by: 'score|length|fps|ratio|train/loss/|train/acc/|train/inv/|train/rand/'
train/acc/inv 0.56 / train/inv/ce 1.42 / train/inv/confidence 0.29 / train/inv/confidence_gating 0 / train/inv/effective_rep_weight 0.02 / train/inv/head_objective 0.59 / train/inv/head_weight 0 / train/inv/objective 0.59 / train/inv/policy_weight_max 1 / train/inv/policy_weight_mean 1 / train/inv/policy_weight_min 1 / train/inv/policy_weight_std 0 / train/inv/valid_frac 1 / train/inv/weight 0.02 / train/loss/con 0.02 / train/loss/dyn 2.66 / train/loss/image 2.59 / train/loss/inv 0.01 / train/loss/policy -8.7e-3 / train/loss/rep 2.66 / train/loss/repval 0.96 / train/loss/rew 0.58 / train/loss/value 0.88 / replay/replay_ratio 264 / fps/policy 10.32 / fps/train 2643.19

Writing metrics: /home/zhangpeiying01/lfy/btwm-7.7/runs/btwm_dmc_walker_walk_seed1_w002_b11_s1/metrics.jsonl
Writing metrics: /home/zhangpeiying01/lfy/btwm-7.7/runs/btwm_dmc_walker_walk_seed1_w002_b11_s1/scores.jsonl

--------------------[Agent Step 292_560]--------------------
Metrics filtered by: 'score|length|fps|ratio|train/loss/|train/acc/|train/inv/|train/rand/'
train/acc/inv 0.56 / train/inv/ce 1.43 / train/inv/confidence 0.29 / train/inv/confidence_gating 0 / train/inv/effective_rep_weight 0.02 / train/inv/head_objective 0.6 / train/inv/head_weight 0 / train/inv/objective 0.6 / train/inv/policy_weight_max 1 / train/inv/policy_weight_mean 1 / train/inv/policy_weight_min 1 / train/inv/policy_weight_std 0 / train/inv/valid_frac 1 / train/inv/weight 0.02 / train/loss/con 0.02 / train/loss/dyn 2.7 / train/loss/image 2.59 / train/loss/inv 0.01 / train/loss/policy -9.4e-3 / train/loss/rep 2.7 / train/loss/repval 0.96 / train/loss/rew 0.58 / train/loss/value 0.88 / replay/replay_ratio 264 / fps/policy 10.37 / fps/train 2653.92

Writing metrics: /home/zhangpeiying01/lfy/btwm-7.7/runs/btwm_dmc_walker_walk_seed1_w002_b11_s1/metrics.jsonl
Writing metrics: /home/zhangpeiying01/lfy/btwm-7.7/runs/btwm_dmc_walker_walk_seed1_w002_b11_s1/scores.jsonl

--------------------[Agent Step 293_808]--------------------
Metrics filtered by: 'score|length|fps|ratio|train/loss/|train/acc/|train/inv/|train/rand/'
train/acc/inv 0.56 / train/inv/ce 1.43 / train/inv/confidence 0.29 / train/inv/confidence_gating 0 / train/inv/effective_rep_weight 0.02 / train/inv/head_objective 0.6 / train/inv/head_weight 0 / train/inv/objective 0.6 / train/inv/policy_weight_max 1 / train/inv/policy_weight_mean 1 / train/inv/policy_weight_min 1 / train/inv/policy_weight_std 0 / train/inv/valid_frac 1 / train/inv/weight 0.02 / train/loss/con 0.02 / train/loss/dyn 2.66 / train/loss/image 2.56 / train/loss/inv 0.01 / train/loss/policy -7.2e-3 / train/loss/rep 2.66 / train/loss/repval 0.96 / train/loss/rew 0.58 / train/loss/value 0.87 / replay/replay_ratio 264 / fps/policy 10.36 / fps/train 2652.24

Writing metrics: /home/zhangpeiying01/lfy/btwm-7.7/runs/btwm_dmc_walker_walk_seed1_w002_b11_s1/metrics.jsonl
Writing metrics: /home/zhangpeiying01/lfy/btwm-7.7/runs/btwm_dmc_walker_walk_seed1_w002_b11_s1/scores.jsonl

--------------------[Agent Step 295_056]--------------------
Metrics filtered by: 'score|length|fps|ratio|train/loss/|train/acc/|train/inv/|train/rand/'
train/acc/inv 0.56 / train/inv/ce 1.43 / train/inv/confidence 0.29 / train/inv/confidence_gating 0 / train/inv/effective_rep_weight 0.02 / train/inv/head_objective 0.6 / train/inv/head_weight 0 / train/inv/objective 0.6 / train/inv/policy_weight_max 1 / train/inv/policy_weight_mean 1 / train/inv/policy_weight_min 1 / train/inv/policy_weight_std 0 / train/inv/valid_frac 1 / train/inv/weight 0.02 / train/loss/con 0.02 / train/loss/dyn 2.65 / train/loss/image 2.55 / train/loss/inv 0.01 / train/loss/policy -0.01 / train/loss/rep 2.65 / train/loss/repval 0.96 / train/loss/rew 0.58 / train/loss/value 0.87 / replay/replay_ratio 264 / fps/policy 10.37 / fps/train 2655.3

Writing metrics: /home/zhangpeiying01/lfy/btwm-7.7/runs/btwm_dmc_walker_walk_seed1_w002_b11_s1/scores.jsonl
Writing metrics: /home/zhangpeiying01/lfy/btwm-7.7/runs/btwm_dmc_walker_walk_seed1_w002_b11_s1/metrics.jsonl

--------------------[Agent Step 296_304]--------------------
Metrics filtered by: 'score|length|fps|ratio|train/loss/|train/acc/|train/inv/|train/rand/'
train/acc/inv 0.56 / train/inv/ce 1.43 / train/inv/confidence 0.29 / train/inv/confidence_gating 0 / train/inv/effective_rep_weight 0.02 / train/inv/head_objective 0.6 / train/inv/head_weight 0 / train/inv/objective 0.6 / train/inv/policy_weight_max 1 / train/inv/policy_weight_mean 1 / train/inv/policy_weight_min 1 / train/inv/policy_weight_std 0 / train/inv/valid_frac 1 / train/inv/weight 0.02 / train/loss/con 0.02 / train/loss/dyn 2.7 / train/loss/image 2.57 / train/loss/inv 0.01 / train/loss/policy -0.01 / train/loss/rep 2.7 / train/loss/repval 0.97 / train/loss/rew 0.58 / train/loss/value 0.88 / replay/replay_ratio 264 / fps/policy 10.37 / fps/train 2654.24

Writing metrics: /home/zhangpeiying01/lfy/btwm-7.7/runs/btwm_dmc_walker_walk_seed1_w002_b11_s1/metrics.jsonl
Writing metrics: /home/zhangpeiying01/lfy/btwm-7.7/runs/btwm_dmc_walker_walk_seed1_w002_b11_s1/scores.jsonl

--------------------[Agent Step 297_552]--------------------
Metrics filtered by: 'score|length|fps|ratio|train/loss/|train/acc/|train/inv/|train/rand/'
train/acc/inv 0.56 / train/inv/ce 1.43 / train/inv/confidence 0.29 / train/inv/confidence_gating 0 / train/inv/effective_rep_weight 0.02 / train/inv/head_objective 0.6 / train/inv/head_weight 0 / train/inv/objective 0.6 / train/inv/policy_weight_max 1 / train/inv/policy_weight_mean 1 / train/inv/policy_weight_min 1 / train/inv/policy_weight_std 0 / train/inv/valid_frac 1 / train/inv/weight 0.02 / train/loss/con 0.02 / train/loss/dyn 2.65 / train/loss/image 2.54 / train/loss/inv 0.01 / train/loss/policy -9.8e-3 / train/loss/rep 2.65 / train/loss/repval 0.97 / train/loss/rew 0.58 / train/loss/value 0.88 / replay/replay_ratio 264 / fps/policy 10.36 / fps/train 2652.87

Writing metrics: /home/zhangpeiying01/lfy/btwm-7.7/runs/btwm_dmc_walker_walk_seed1_w002_b11_s1/metrics.jsonl
Writing metrics: /home/zhangpeiying01/lfy/btwm-7.7/runs/btwm_dmc_walker_walk_seed1_w002_b11_s1/scores.jsonl

--------------------[Agent Step 298_800]--------------------
Metrics filtered by: 'score|length|fps|ratio|train/loss/|train/acc/|train/inv/|train/rand/'
train/acc/inv 0.56 / train/inv/ce 1.42 / train/inv/confidence 0.29 / train/inv/confidence_gating 0 / train/inv/effective_rep_weight 0.02 / train/inv/head_objective 0.59 / train/inv/head_weight 0 / train/inv/objective 0.59 / train/inv/policy_weight_max 1 / train/inv/policy_weight_mean 1 / train/inv/policy_weight_min 1 / train/inv/policy_weight_std 0 / train/inv/valid_frac 1 / train/inv/weight 0.02 / train/loss/con 0.02 / train/loss/dyn 2.67 / train/loss/image 2.57 / train/loss/inv 0.01 / train/loss/policy -0.01 / train/loss/rep 2.67 / train/loss/repval 0.96 / train/loss/rew 0.58 / train/loss/value 0.88 / replay/replay_ratio 264 / fps/policy 10.37 / fps/train 2653.75

Writing metrics: /home/zhangpeiying01/lfy/btwm-7.7/runs/btwm_dmc_walker_walk_seed1_w002_b11_s1/metrics.jsonl
Writing metrics: /home/zhangpeiying01/lfy/btwm-7.7/runs/btwm_dmc_walker_walk_seed1_w002_b11_s1/scores.jsonl
