[2026-07-12 21:42:06] model=btwm domain=dmc task=dmc_walker_walk
seed=0 gpu=4 steps=1000000 logdir=/home/zhangpeiying01/lfy/btwm-7.7/runs/btwm_dmc_walker_walk_seed0_w002_b11_1m
variant=v2 param_matched=1 inv_weight=0.02 head_weight=0.0 inv_bins=11 confidence_gating=False policy_weight=0.0
command: python /home/zhangpeiying01/lfy/btwm-7.7/dreamerv3/dreamerv3/main.py --logdir /home/zhangpeiying01/lfy/btwm-7.7/runs/btwm_dmc_walker_walk_seed0_w002_b11_1m --configs dmc_vision --task dmc_walker_walk --seed 0 --run.steps 1000000 --replay.size 300000 --agent.use_btwm True --agent.inv_loss_weight 0.02 --agent.inv_head_loss_weight 0.0 --agent.inv_num_bins 11 --agent.inv_confidence_gating False --agent.inv_policy_weight 0.0 --batch_size 8 --batch_length 32 --report_length 32
2026-07-12 21:44:14.915901: E external/xla/xla/python/profiler/internal/python_hooks.cc:400] Can't import tensorflow.python.profiler.trace
2026-07-12 21:44:16.869343: E external/xla/xla/python/profiler/internal/python_hooks.cc:400] Can't import tensorflow.python.profiler.trace
---  ___                           __   ______ ---
--- |   \ _ _ ___ __ _ _ __  ___ _ \ \ / /__ / ---
--- | |) | '_/ -_) _` | '  \/ -_) '/\ V / |_ \ ---
--- |___/|_| \___\__,_|_|_|_\___|_|  \_/ |___/ ---
Replica: 0 / 1
Logdir: /home/zhangpeiying01/lfy/btwm-7.7/runs/btwm_dmc_walker_walk_seed0_w002_b11_1m
Run script: train
Observations
  is_first         Space(bool, shape=(), low=False, high=True)
  is_last          Space(bool, shape=(), low=False, high=True)
  is_terminal      Space(bool, shape=(), low=False, high=True)
  reward           Space(float32, shape=(), low=-inf, high=inf)
  image            Space(uint8, shape=(64, 64, 3), low=0, high=255)
Actions
  action           Space(float32, shape=(6,), low=-1.0, high=1.0)
Extras
  consec           Space(int32, shape=(), low=-2147483648, high=2147483647)
  stepid           Space(uint8, shape=(20,), low=0, high=255)
  dyn/deter        Space(float32, shape=(8192,), low=-inf, high=inf)
  dyn/stoch        Space(float32, shape=(32, 64), low=-inf, high=inf)
JAX devices (1): [cuda:0]
Policy devices: cuda:0
Train devices:  cuda:0
Initializing parameters...
Optimizer opt has 168,129,360 params:
    97,664,578 dyn
    20,282,115 dec
    12,850,431 val
    12,601,356 pol
    10,749,183 rew
    10,488,833 con
     3,492,864 enc
Done initializing!
Compiling 1 checkpoint groups...
Largest checkpoint group: 2 GB
Compiling train and report...
Train cost analysis:
  FLOPS:            2.3e+11
  Memory (temp):    1.8e+09
  Memory (inputs):  2.1e+09
  Memory (outputs): 2.1e+09
  Memory (code):    4.1e+06

Report cost analysis:
  FLOPS:            8.4e+09
  Memory (temp):    3.4e+08
  Memory (inputs):  4.9e+08
  Memory (outputs): 1.0e+07
  Memory (code):    8.1e+06

Done compiling!
Found existing checkpoint.
Loading checkpoint: /home/zhangpeiying01/lfy/btwm-7.7/runs/btwm_dmc_walker_walk_seed0_w002_b11_1m/ckpt/20260712T200454F782332
Loaded checkpoint.
Start training loop
Start JAX profiler: /home/zhangpeiying01/lfy/btwm-7.7/runs/btwm_dmc_walker_walk_seed0_w002_b11_1m
Stop JAX profiler

--------------------[Agent Step 1_984]--------------------
Metrics filtered by: 'score|length|fps|ratio|train/loss/|train/acc/|train/inv/|train/rand/'
train/acc/inv 0.42 / train/inv/ce 1.8 / train/inv/confidence 0.19 / train/inv/confidence_gating 0 / train/inv/effective_rep_weight 0.02 / train/inv/head_objective 0.75 / train/inv/head_weight 0 / train/inv/objective 0.75 / train/inv/policy_weight_max 1 / train/inv/policy_weight_mean 1 / train/inv/policy_weight_min 1 / train/inv/policy_weight_std 0 / train/inv/valid_frac 1 / train/inv/weight 0.02 / train/loss/con 0.04 / train/loss/dyn 5.96 / train/loss/image 105.04 / train/loss/inv 0.02 / train/loss/policy 1.71 / train/loss/rep 5.96 / train/loss/repval 4.58 / train/loss/rew 1.44 / train/loss/value 3.46 / replay/replay_ratio 218.45 / fps/policy 15.11 / fps/train 2373.08

Writing metrics: /home/zhangpeiying01/lfy/btwm-7.7/runs/btwm_dmc_walker_walk_seed0_w002_b11_1m/metrics.jsonl
Writing metrics: /home/zhangpeiying01/lfy/btwm-7.7/runs/btwm_dmc_walker_walk_seed0_w002_b11_1m/scores.jsonl

--------------------[Agent Step 3_248]--------------------
Metrics filtered by: 'score|length|fps|ratio|train/loss/|train/acc/|train/inv/|train/rand/'
train/acc/inv 0.79 / train/inv/ce 0.91 / train/inv/confidence 0.44 / train/inv/confidence_gating 0 / train/inv/effective_rep_weight 0.02 / train/inv/head_objective 0.38 / train/inv/head_weight 0 / train/inv/objective 0.38 / train/inv/policy_weight_max 1 / train/inv/policy_weight_mean 1 / train/inv/policy_weight_min 1 / train/inv/policy_weight_std 0 / train/inv/valid_frac 1 / train/inv/weight 0.02 / train/loss/con 0.02 / train/loss/dyn 4.9 / train/loss/image 25.59 / train/loss/inv 7.6e-3 / train/loss/policy 0.22 / train/loss/rep 4.9 / train/loss/repval 1.57 / train/loss/rew 0.47 / train/loss/value 1.36 / replay/replay_ratio 264 / fps/policy 10.57 / fps/train 2705.69

Writing metrics: /home/zhangpeiying01/lfy/btwm-7.7/runs/btwm_dmc_walker_walk_seed0_w002_b11_1m/scores.jsonl
Writing metrics: /home/zhangpeiying01/lfy/btwm-7.7/runs/btwm_dmc_walker_walk_seed0_w002_b11_1m/metrics.jsonl

--------------------[Agent Step 4_512]--------------------
Metrics filtered by: 'score|length|fps|ratio|train/loss/|train/acc/|train/inv/|train/rand/'
train/acc/inv 0.86 / train/inv/ce 0.63 / train/inv/confidence 0.59 / train/inv/confidence_gating 0 / train/inv/effective_rep_weight 0.02 / train/inv/head_objective 0.26 / train/inv/head_weight 0 / train/inv/objective 0.26 / train/inv/policy_weight_max 1 / train/inv/policy_weight_mean 1 / train/inv/policy_weight_min 1 / train/inv/policy_weight_std 0 / train/inv/valid_frac 1 / train/inv/weight 0.02 / train/loss/con 0.02 / train/loss/dyn 4.88 / train/loss/image 17.74 / train/loss/inv 5.2e-3 / train/loss/policy 0.05 / train/loss/rep 4.88 / train/loss/repval 1.39 / train/loss/rew 0.47 / train/loss/value 1.22 / replay/replay_ratio 264 / fps/policy 10.5 / fps/train 2688.15

Writing metrics: /home/zhangpeiying01/lfy/btwm-7.7/runs/btwm_dmc_walker_walk_seed0_w002_b11_1m/metrics.jsonl
Writing metrics: /home/zhangpeiying01/lfy/btwm-7.7/runs/btwm_dmc_walker_walk_seed0_w002_b11_1m/scores.jsonl

--------------------[Agent Step 5_776]--------------------
Metrics filtered by: 'score|length|fps|ratio|train/loss/|train/acc/|train/inv/|train/rand/'
train/acc/inv 0.88 / train/inv/ce 0.54 / train/inv/confidence 0.65 / train/inv/confidence_gating 0 / train/inv/effective_rep_weight 0.02 / train/inv/head_objective 0.22 / train/inv/head_weight 0 / train/inv/objective 0.22 / train/inv/policy_weight_max 1 / train/inv/policy_weight_mean 1 / train/inv/policy_weight_min 1 / train/inv/policy_weight_std 0 / train/inv/valid_frac 1 / train/inv/weight 0.02 / train/loss/con 0.02 / train/loss/dyn 4.69 / train/loss/image 14.96 / train/loss/inv 4.5e-3 / train/loss/policy -0.07 / train/loss/rep 4.69 / train/loss/repval 1.22 / train/loss/rew 0.49 / train/loss/value 1.09 / replay/replay_ratio 264 / fps/policy 10.42 / fps/train 2668

Writing metrics: /home/zhangpeiying01/lfy/btwm-7.7/runs/btwm_dmc_walker_walk_seed0_w002_b11_1m/metrics.jsonl
Writing metrics: /home/zhangpeiying01/lfy/btwm-7.7/runs/btwm_dmc_walker_walk_seed0_w002_b11_1m/scores.jsonl

--------------------[Agent Step 7_024]--------------------
Metrics filtered by: 'score|length|fps|ratio|train/loss/|train/acc/|train/inv/|train/rand/'
train/acc/inv 0.87 / train/inv/ce 0.53 / train/inv/confidence 0.66 / train/inv/confidence_gating 0 / train/inv/effective_rep_weight 0.02 / train/inv/head_objective 0.22 / train/inv/head_weight 0 / train/inv/objective 0.22 / train/inv/policy_weight_max 1 / train/inv/policy_weight_mean 1 / train/inv/policy_weight_min 1 / train/inv/policy_weight_std 0 / train/inv/valid_frac 1 / train/inv/weight 0.02 / train/loss/con 0.02 / train/loss/dyn 4.61 / train/loss/image 13.17 / train/loss/inv 4.4e-3 / train/loss/policy -0.09 / train/loss/rep 4.61 / train/loss/repval 1.12 / train/loss/rew 0.5 / train/loss/value 1.03 / replay/replay_ratio 264 / fps/policy 10.32 / fps/train 2641.27

Writing metrics: /home/zhangpeiying01/lfy/btwm-7.7/runs/btwm_dmc_walker_walk_seed0_w002_b11_1m/metrics.jsonl
Writing metrics: /home/zhangpeiying01/lfy/btwm-7.7/runs/btwm_dmc_walker_walk_seed0_w002_b11_1m/scores.jsonl

--------------------[Agent Step 8_288]--------------------
Metrics filtered by: 'score|length|fps|ratio|train/loss/|train/acc/|train/inv/|train/rand/'
train/acc/inv 0.87 / train/inv/ce 0.51 / train/inv/confidence 0.67 / train/inv/confidence_gating 0 / train/inv/effective_rep_weight 0.02 / train/inv/head_objective 0.21 / train/inv/head_weight 0 / train/inv/objective 0.21 / train/inv/policy_weight_max 1 / train/inv/policy_weight_mean 1 / train/inv/policy_weight_min 1 / train/inv/policy_weight_std 0 / train/inv/valid_frac 1 / train/inv/weight 0.02 / train/loss/con 0.02 / train/loss/dyn 4.56 / train/loss/image 12.04 / train/loss/inv 4.2e-3 / train/loss/policy -0.07 / train/loss/rep 4.56 / train/loss/repval 1.09 / train/loss/rew 0.51 / train/loss/value 1.03 / replay/replay_ratio 264 / fps/policy 10.53 / fps/train 2695.4

Writing metrics: /home/zhangpeiying01/lfy/btwm-7.7/runs/btwm_dmc_walker_walk_seed0_w002_b11_1m/metrics.jsonl
Writing metrics: /home/zhangpeiying01/lfy/btwm-7.7/runs/btwm_dmc_walker_walk_seed0_w002_b11_1m/scores.jsonl

--------------------[Agent Step 9_536]--------------------
Metrics filtered by: 'score|length|fps|ratio|train/loss/|train/acc/|train/inv/|train/rand/'
train/acc/inv 0.86 / train/inv/ce 0.52 / train/inv/confidence 0.67 / train/inv/confidence_gating 0 / train/inv/effective_rep_weight 0.02 / train/inv/head_objective 0.22 / train/inv/head_weight 0 / train/inv/objective 0.22 / train/inv/policy_weight_max 1 / train/inv/policy_weight_mean 1 / train/inv/policy_weight_min 1 / train/inv/policy_weight_std 0 / train/inv/valid_frac 1 / train/inv/weight 0.02 / train/loss/con 0.02 / train/loss/dyn 4.51 / train/loss/image 11.22 / train/loss/inv 4.3e-3 / train/loss/policy -0.03 / train/loss/rep 4.51 / train/loss/repval 1.09 / train/loss/rew 0.51 / train/loss/value 1 / replay/replay_ratio 264 / fps/policy 10.37 / fps/train 2655.93

Writing metrics: /home/zhangpeiying01/lfy/btwm-7.7/runs/btwm_dmc_walker_walk_seed0_w002_b11_1m/metrics.jsonl
Writing metrics: /home/zhangpeiying01/lfy/btwm-7.7/runs/btwm_dmc_walker_walk_seed0_w002_b11_1m/scores.jsonl

--------------------[Agent Step 10_800]--------------------
Metrics filtered by: 'score|length|fps|ratio|train/loss/|train/acc/|train/inv/|train/rand/'
train/acc/inv 0.85 / train/inv/ce 0.53 / train/inv/confidence 0.67 / train/inv/confidence_gating 0 / train/inv/effective_rep_weight 0.02 / train/inv/head_objective 0.22 / train/inv/head_weight 0 / train/inv/objective 0.22 / train/inv/policy_weight_max 1 / train/inv/policy_weight_mean 1 / train/inv/policy_weight_min 1 / train/inv/policy_weight_std 0 / train/inv/valid_frac 1 / train/inv/weight 0.02 / train/loss/con 0.02 / train/loss/dyn 4.36 / train/loss/image 10.25 / train/loss/inv 4.4e-3 / train/loss/policy -0.01 / train/loss/rep 4.36 / train/loss/repval 1.09 / train/loss/rew 0.51 / train/loss/value 0.99 / replay/replay_ratio 264 / fps/policy 10.42 / fps/train 2668.57

Writing metrics: /home/zhangpeiying01/lfy/btwm-7.7/runs/btwm_dmc_walker_walk_seed0_w002_b11_1m/metrics.jsonl
Writing metrics: /home/zhangpeiying01/lfy/btwm-7.7/runs/btwm_dmc_walker_walk_seed0_w002_b11_1m/scores.jsonl

--------------------[Agent Step 12_064]--------------------
Metrics filtered by: 'score|length|fps|ratio|train/loss/|train/acc/|train/inv/|train/rand/'
train/acc/inv 0.84 / train/inv/ce 0.55 / train/inv/confidence 0.66 / train/inv/confidence_gating 0 / train/inv/effective_rep_weight 0.02 / train/inv/head_objective 0.23 / train/inv/head_weight 0 / train/inv/objective 0.23 / train/inv/policy_weight_max 1 / train/inv/policy_weight_mean 1 / train/inv/policy_weight_min 1 / train/inv/policy_weight_std 0 / train/inv/valid_frac 1 / train/inv/weight 0.02 / train/loss/con 0.02 / train/loss/dyn 4.28 / train/loss/image 9.61 / train/loss/inv 4.6e-3 / train/loss/policy -4e-4 / train/loss/rep 4.28 / train/loss/repval 1.08 / train/loss/rew 0.52 / train/loss/value 1.02 / replay/replay_ratio 264 / fps/policy 10.46 / fps/train 2678.71

Writing metrics: /home/zhangpeiying01/lfy/btwm-7.7/runs/btwm_dmc_walker_walk_seed0_w002_b11_1m/metrics.jsonl
Writing metrics: /home/zhangpeiying01/lfy/btwm-7.7/runs/btwm_dmc_walker_walk_seed0_w002_b11_1m/scores.jsonl

--------------------[Agent Step 13_328]--------------------
Metrics filtered by: 'score|length|fps|ratio|train/loss/|train/acc/|train/inv/|train/rand/'
train/acc/inv 0.83 / train/inv/ce 0.58 / train/inv/confidence 0.65 / train/inv/confidence_gating 0 / train/inv/effective_rep_weight 0.02 / train/inv/head_objective 0.24 / train/inv/head_weight 0 / train/inv/objective 0.24 / train/inv/policy_weight_max 1 / train/inv/policy_weight_mean 1 / train/inv/policy_weight_min 1 / train/inv/policy_weight_std 0 / train/inv/valid_frac 1 / train/inv/weight 0.02 / train/loss/con 0.02 / train/loss/dyn 4.22 / train/loss/image 9.12 / train/loss/inv 4.8e-3 / train/loss/policy -7.1e-3 / train/loss/rep 4.22 / train/loss/repval 1.13 / train/loss/rew 0.51 / train/loss/value 1.07 / replay/replay_ratio 264 / fps/policy 10.49 / fps/train 2686.38

Writing metrics: /home/zhangpeiying01/lfy/btwm-7.7/runs/btwm_dmc_walker_walk_seed0_w002_b11_1m/metrics.jsonl
Writing metrics: /home/zhangpeiying01/lfy/btwm-7.7/runs/btwm_dmc_walker_walk_seed0_w002_b11_1m/scores.jsonl

--------------------[Agent Step 14_576]--------------------
Metrics filtered by: 'score|length|fps|ratio|train/loss/|train/acc/|train/inv/|train/rand/'
train/acc/inv 0.82 / train/inv/ce 0.59 / train/inv/confidence 0.64 / train/inv/confidence_gating 0 / train/inv/effective_rep_weight 0.02 / train/inv/head_objective 0.25 / train/inv/head_weight 0 / train/inv/objective 0.25 / train/inv/policy_weight_max 1 / train/inv/policy_weight_mean 1 / train/inv/policy_weight_min 1 / train/inv/policy_weight_std 0 / train/inv/valid_frac 1 / train/inv/weight 0.02 / train/loss/con 0.02 / train/loss/dyn 4.09 / train/loss/image 8.46 / train/loss/inv 4.9e-3 / train/loss/policy -0.03 / train/loss/rep 4.09 / train/loss/repval 1 / train/loss/rew 0.51 / train/loss/value 0.91 / replay/replay_ratio 264 / fps/policy 10.32 / fps/train 2642.47

Writing metrics: /home/zhangpeiying01/lfy/btwm-7.7/runs/btwm_dmc_walker_walk_seed0_w002_b11_1m/metrics.jsonl
Writing metrics: /home/zhangpeiying01/lfy/btwm-7.7/runs/btwm_dmc_walker_walk_seed0_w002_b11_1m/scores.jsonl

--------------------[Agent Step 15_840]--------------------
Metrics filtered by: 'score|length|fps|ratio|train/loss/|train/acc/|train/inv/|train/rand/'
train/acc/inv 0.8 / train/inv/ce 0.62 / train/inv/confidence 0.62 / train/inv/confidence_gating 0 / train/inv/effective_rep_weight 0.02 / train/inv/head_objective 0.26 / train/inv/head_weight 0 / train/inv/objective 0.26 / train/inv/policy_weight_max 1 / train/inv/policy_weight_mean 1 / train/inv/policy_weight_min 1 / train/inv/policy_weight_std 0 / train/inv/valid_frac 1 / train/inv/weight 0.02 / train/loss/con 0.02 / train/loss/dyn 4.03 / train/loss/image 8.12 / train/loss/inv 5.2e-3 / train/loss/policy -0.04 / train/loss/rep 4.03 / train/loss/repval 1.09 / train/loss/rew 0.52 / train/loss/value 1.01 / replay/replay_ratio 264 / fps/policy 10.48 / fps/train 2682.65

Writing metrics: /home/zhangpeiying01/lfy/btwm-7.7/runs/btwm_dmc_walker_walk_seed0_w002_b11_1m/metrics.jsonl
Writing metrics: /home/zhangpeiying01/lfy/btwm-7.7/runs/btwm_dmc_walker_walk_seed0_w002_b11_1m/scores.jsonl

--------------------[Agent Step 17_104]--------------------
Metrics filtered by: 'score|length|fps|ratio|train/loss/|train/acc/|train/inv/|train/rand/'
episode/score 459.31 / episode/length 1001 / train/acc/inv 0.8 / train/inv/ce 0.65 / train/inv/confidence 0.61 / train/inv/confidence_gating 0 / train/inv/effective_rep_weight 0.02 / train/inv/head_objective 0.27 / train/inv/head_weight 0 / train/inv/objective 0.27 / train/inv/policy_weight_max 1 / train/inv/policy_weight_mean 1 / train/inv/policy_weight_min 1 / train/inv/policy_weight_std 0 / train/inv/valid_frac 1 / train/inv/weight 0.02 / train/loss/con 0.02 / train/loss/dyn 4.05 / train/loss/image 8.38 / train/loss/inv 5.4e-3 / train/loss/policy -0.05 / train/loss/rep 4.05 / train/loss/repval 1.08 / train/loss/rew 0.52 / train/loss/value 1.11 / replay/replay_ratio 264 / fps/policy 10.45 / fps/train 2674.25

Writing metrics: /home/zhangpeiying01/lfy/btwm-7.7/runs/btwm_dmc_walker_walk_seed0_w002_b11_1m/metrics.jsonl
Writing metrics: /home/zhangpeiying01/lfy/btwm-7.7/runs/btwm_dmc_walker_walk_seed0_w002_b11_1m/scores.jsonl

--------------------[Agent Step 18_368]--------------------
Metrics filtered by: 'score|length|fps|ratio|train/loss/|train/acc/|train/inv/|train/rand/'
train/acc/inv 0.8 / train/inv/ce 0.64 / train/inv/confidence 0.61 / train/inv/confidence_gating 0 / train/inv/effective_rep_weight 0.02 / train/inv/head_objective 0.27 / train/inv/head_weight 0 / train/inv/objective 0.27 / train/inv/policy_weight_max 1 / train/inv/policy_weight_mean 1 / train/inv/policy_weight_min 1 / train/inv/policy_weight_std 0 / train/inv/valid_frac 1 / train/inv/weight 0.02 / train/loss/con 0.02 / train/loss/dyn 3.98 / train/loss/image 8.14 / train/loss/inv 5.3e-3 / train/loss/policy -0.05 / train/loss/rep 3.98 / train/loss/repval 0.96 / train/loss/rew 0.52 / train/loss/value 0.89 / replay/replay_ratio 264 / fps/policy 10.47 / fps/train 2680.55

Writing metrics: /home/zhangpeiying01/lfy/btwm-7.7/runs/btwm_dmc_walker_walk_seed0_w002_b11_1m/metrics.jsonl
Writing metrics: /home/zhangpeiying01/lfy/btwm-7.7/runs/btwm_dmc_walker_walk_seed0_w002_b11_1m/scores.jsonl

--------------------[Agent Step 19_632]--------------------
Metrics filtered by: 'score|length|fps|ratio|train/loss/|train/acc/|train/inv/|train/rand/'
train/acc/inv 0.79 / train/inv/ce 0.66 / train/inv/confidence 0.6 / train/inv/confidence_gating 0 / train/inv/effective_rep_weight 0.02 / train/inv/head_objective 0.28 / train/inv/head_weight 0 / train/inv/objective 0.28 / train/inv/policy_weight_max 1 / train/inv/policy_weight_mean 1 / train/inv/policy_weight_min 1 / train/inv/policy_weight_std 0 / train/inv/valid_frac 1 / train/inv/weight 0.02 / train/loss/con 0.02 / train/loss/dyn 3.93 / train/loss/image 7.65 / train/loss/inv 5.5e-3 / train/loss/policy -0.02 / train/loss/rep 3.93 / train/loss/repval 0.92 / train/loss/rew 0.52 / train/loss/value 0.8 / replay/replay_ratio 264 / fps/policy 10.47 / fps/train 2680.1

Writing metrics: /home/zhangpeiying01/lfy/btwm-7.7/runs/btwm_dmc_walker_walk_seed0_w002_b11_1m/metrics.jsonl
Writing metrics: /home/zhangpeiying01/lfy/btwm-7.7/runs/btwm_dmc_walker_walk_seed0_w002_b11_1m/scores.jsonl

--------------------[Agent Step 20_896]--------------------
Metrics filtered by: 'score|length|fps|ratio|train/loss/|train/acc/|train/inv/|train/rand/'
train/acc/inv 0.79 / train/inv/ce 0.65 / train/inv/confidence 0.6 / train/inv/confidence_gating 0 / train/inv/effective_rep_weight 0.02 / train/inv/head_objective 0.27 / train/inv/head_weight 0 / train/inv/objective 0.27 / train/inv/policy_weight_max 1 / train/inv/policy_weight_mean 1 / train/inv/policy_weight_min 1 / train/inv/policy_weight_std 0 / train/inv/valid_frac 1 / train/inv/weight 0.02 / train/loss/con 0.02 / train/loss/dyn 3.77 / train/loss/image 7.13 / train/loss/inv 5.4e-3 / train/loss/policy -0.02 / train/loss/rep 3.77 / train/loss/repval 0.96 / train/loss/rew 0.52 / train/loss/value 0.85 / replay/replay_ratio 264 / fps/policy 10.47 / fps/train 2680.21

Writing metrics: /home/zhangpeiying01/lfy/btwm-7.7/runs/btwm_dmc_walker_walk_seed0_w002_b11_1m/metrics.jsonl
Writing metrics: /home/zhangpeiying01/lfy/btwm-7.7/runs/btwm_dmc_walker_walk_seed0_w002_b11_1m/scores.jsonl

--------------------[Agent Step 22_144]--------------------
Metrics filtered by: 'score|length|fps|ratio|train/loss/|train/acc/|train/inv/|train/rand/'
train/acc/inv 0.78 / train/inv/ce 0.67 / train/inv/confidence 0.59 / train/inv/confidence_gating 0 / train/inv/effective_rep_weight 0.02 / train/inv/head_objective 0.28 / train/inv/head_weight 0 / train/inv/objective 0.28 / train/inv/policy_weight_max 1 / train/inv/policy_weight_mean 1 / train/inv/policy_weight_min 1 / train/inv/policy_weight_std 0 / train/inv/valid_frac 1 / train/inv/weight 0.02 / train/loss/con 0.02 / train/loss/dyn 3.71 / train/loss/image 6.79 / train/loss/inv 5.6e-3 / train/loss/policy -0.02 / train/loss/rep 3.71 / train/loss/repval 1.03 / train/loss/rew 0.52 / train/loss/value 0.93 / replay/replay_ratio 264 / fps/policy 10.37 / fps/train 2654.66

Writing metrics: /home/zhangpeiying01/lfy/btwm-7.7/runs/btwm_dmc_walker_walk_seed0_w002_b11_1m/metrics.jsonl
Writing metrics: /home/zhangpeiying01/lfy/btwm-7.7/runs/btwm_dmc_walker_walk_seed0_w002_b11_1m/scores.jsonl

--------------------[Agent Step 23_392]--------------------
Metrics filtered by: 'score|length|fps|ratio|train/loss/|train/acc/|train/inv/|train/rand/'
train/acc/inv 0.77 / train/inv/ce 0.7 / train/inv/confidence 0.58 / train/inv/confidence_gating 0 / train/inv/effective_rep_weight 0.02 / train/inv/head_objective 0.29 / train/inv/head_weight 0 / train/inv/objective 0.29 / train/inv/policy_weight_max 1 / train/inv/policy_weight_mean 1 / train/inv/policy_weight_min 1 / train/inv/policy_weight_std 0 / train/inv/valid_frac 1 / train/inv/weight 0.02 / train/loss/con 0.02 / train/loss/dyn 3.7 / train/loss/image 6.65 / train/loss/inv 5.8e-3 / train/loss/policy -0.02 / train/loss/rep 3.7 / train/loss/repval 1.09 / train/loss/rew 0.52 / train/loss/value 1.02 / replay/replay_ratio 264 / fps/policy 10.39 / fps/train 2659.68

Writing metrics: /home/zhangpeiying01/lfy/btwm-7.7/runs/btwm_dmc_walker_walk_seed0_w002_b11_1m/scores.jsonl
Writing metrics: /home/zhangpeiying01/lfy/btwm-7.7/runs/btwm_dmc_walker_walk_seed0_w002_b11_1m/metrics.jsonl

--------------------[Agent Step 24_656]--------------------
Metrics filtered by: 'score|length|fps|ratio|train/loss/|train/acc/|train/inv/|train/rand/'
train/acc/inv 0.77 / train/inv/ce 0.72 / train/inv/confidence 0.57 / train/inv/confidence_gating 0 / train/inv/effective_rep_weight 0.02 / train/inv/head_objective 0.3 / train/inv/head_weight 0 / train/inv/objective 0.3 / train/inv/policy_weight_max 1 / train/inv/policy_weight_mean 1 / train/inv/policy_weight_min 1 / train/inv/policy_weight_std 0 / train/inv/valid_frac 1 / train/inv/weight 0.02 / train/loss/con 0.02 / train/loss/dyn 3.59 / train/loss/image 6.36 / train/loss/inv 6e-3 / train/loss/policy -0.02 / train/loss/rep 3.59 / train/loss/repval 1.13 / train/loss/rew 0.52 / train/loss/value 1.1 / replay/replay_ratio 264 / fps/policy 10.43 / fps/train 2668.81

Writing metrics: /home/zhangpeiying01/lfy/btwm-7.7/runs/btwm_dmc_walker_walk_seed0_w002_b11_1m/metrics.jsonl
Writing metrics: /home/zhangpeiying01/lfy/btwm-7.7/runs/btwm_dmc_walker_walk_seed0_w002_b11_1m/scores.jsonl

--------------------[Agent Step 25_920]--------------------
Metrics filtered by: 'score|length|fps|ratio|train/loss/|train/acc/|train/inv/|train/rand/'
train/acc/inv 0.76 / train/inv/ce 0.73 / train/inv/confidence 0.57 / train/inv/confidence_gating 0 / train/inv/effective_rep_weight 0.02 / train/inv/head_objective 0.3 / train/inv/head_weight 0 / train/inv/objective 0.3 / train/inv/policy_weight_max 1 / train/inv/policy_weight_mean 1 / train/inv/policy_weight_min 1 / train/inv/policy_weight_std 0 / train/inv/valid_frac 1 / train/inv/weight 0.02 / train/loss/con 0.02 / train/loss/dyn 3.53 / train/loss/image 6.15 / train/loss/inv 6.1e-3 / train/loss/policy -0.02 / train/loss/rep 3.53 / train/loss/repval 1.14 / train/loss/rew 0.52 / train/loss/value 1.13 / replay/replay_ratio 264 / fps/policy 10.47 / fps/train 2679.58

Writing metrics: /home/zhangpeiying01/lfy/btwm-7.7/runs/btwm_dmc_walker_walk_seed0_w002_b11_1m/metrics.jsonl
Writing metrics: /home/zhangpeiying01/lfy/btwm-7.7/runs/btwm_dmc_walker_walk_seed0_w002_b11_1m/scores.jsonl

--------------------[Agent Step 27_184]--------------------
Metrics filtered by: 'score|length|fps|ratio|train/loss/|train/acc/|train/inv/|train/rand/'
train/acc/inv 0.75 / train/inv/ce 0.74 / train/inv/confidence 0.56 / train/inv/confidence_gating 0 / train/inv/effective_rep_weight 0.02 / train/inv/head_objective 0.31 / train/inv/head_weight 0 / train/inv/objective 0.31 / train/inv/policy_weight_max 1 / train/inv/policy_weight_mean 1 / train/inv/policy_weight_min 1 / train/inv/policy_weight_std 0 / train/inv/valid_frac 1 / train/inv/weight 0.02 / train/loss/con 0.02 / train/loss/dyn 3.45 / train/loss/image 5.88 / train/loss/inv 6.2e-3 / train/loss/policy -0.03 / train/loss/rep 3.45 / train/loss/repval 1.14 / train/loss/rew 0.53 / train/loss/value 1.18 / replay/replay_ratio 264 / fps/policy 10.46 / fps/train 2678.41

Writing metrics: /home/zhangpeiying01/lfy/btwm-7.7/runs/btwm_dmc_walker_walk_seed0_w002_b11_1m/metrics.jsonl
Writing metrics: /home/zhangpeiying01/lfy/btwm-7.7/runs/btwm_dmc_walker_walk_seed0_w002_b11_1m/scores.jsonl

--------------------[Agent Step 28_432]--------------------
Metrics filtered by: 'score|length|fps|ratio|train/loss/|train/acc/|train/inv/|train/rand/'
train/acc/inv 0.75 / train/inv/ce 0.77 / train/inv/confidence 0.55 / train/inv/confidence_gating 0 / train/inv/effective_rep_weight 0.02 / train/inv/head_objective 0.32 / train/inv/head_weight 0 / train/inv/objective 0.32 / train/inv/policy_weight_max 1 / train/inv/policy_weight_mean 1 / train/inv/policy_weight_min 1 / train/inv/policy_weight_std 0 / train/inv/valid_frac 1 / train/inv/weight 0.02 / train/loss/con 0.02 / train/loss/dyn 3.45 / train/loss/image 5.78 / train/loss/inv 6.4e-3 / train/loss/policy -0.03 / train/loss/rep 3.45 / train/loss/repval 1.15 / train/loss/rew 0.53 / train/loss/value 1.2 / replay/replay_ratio 264 / fps/policy 10.32 / fps/train 2641.84

Writing metrics: /home/zhangpeiying01/lfy/btwm-7.7/runs/btwm_dmc_walker_walk_seed0_w002_b11_1m/metrics.jsonl
Writing metrics: /home/zhangpeiying01/lfy/btwm-7.7/runs/btwm_dmc_walker_walk_seed0_w002_b11_1m/scores.jsonl

--------------------[Agent Step 29_696]--------------------
Metrics filtered by: 'score|length|fps|ratio|train/loss/|train/acc/|train/inv/|train/rand/'
train/acc/inv 0.73 / train/inv/ce 0.8 / train/inv/confidence 0.54 / train/inv/confidence_gating 0 / train/inv/effective_rep_weight 0.02 / train/inv/head_objective 0.33 / train/inv/head_weight 0 / train/inv/objective 0.33 / train/inv/policy_weight_max 1 / train/inv/policy_weight_mean 1 / train/inv/policy_weight_min 1 / train/inv/policy_weight_std 0 / train/inv/valid_frac 1 / train/inv/weight 0.02 / train/loss/con 0.02 / train/loss/dyn 3.41 / train/loss/image 5.69 / train/loss/inv 6.7e-3 / train/loss/policy -0.03 / train/loss/rep 3.41 / train/loss/repval 1.16 / train/loss/rew 0.53 / train/loss/value 1.22 / replay/replay_ratio 264 / fps/policy 10.48 / fps/train 2682.61

Writing metrics: /home/zhangpeiying01/lfy/btwm-7.7/runs/btwm_dmc_walker_walk_seed0_w002_b11_1m/metrics.jsonl
Writing metrics: /home/zhangpeiying01/lfy/btwm-7.7/runs/btwm_dmc_walker_walk_seed0_w002_b11_1m/scores.jsonl

--------------------[Agent Step 30_944]--------------------
Metrics filtered by: 'score|length|fps|ratio|train/loss/|train/acc/|train/inv/|train/rand/'
train/acc/inv 0.72 / train/inv/ce 0.83 / train/inv/confidence 0.53 / train/inv/confidence_gating 0 / train/inv/effective_rep_weight 0.02 / train/inv/head_objective 0.35 / train/inv/head_weight 0 / train/inv/objective 0.35 / train/inv/policy_weight_max 1 / train/inv/policy_weight_mean 1 / train/inv/policy_weight_min 1 / train/inv/policy_weight_std 0 / train/inv/valid_frac 1 / train/inv/weight 0.02 / train/loss/con 0.02 / train/loss/dyn 3.4 / train/loss/image 5.61 / train/loss/inv 7e-3 / train/loss/policy -0.02 / train/loss/rep 3.4 / train/loss/repval 1.17 / train/loss/rew 0.53 / train/loss/value 1.23 / replay/replay_ratio 264 / fps/policy 10.34 / fps/train 2646.15

Writing metrics: /home/zhangpeiying01/lfy/btwm-7.7/runs/btwm_dmc_walker_walk_seed0_w002_b11_1m/metrics.jsonl
Writing metrics: /home/zhangpeiying01/lfy/btwm-7.7/runs/btwm_dmc_walker_walk_seed0_w002_b11_1m/scores.jsonl

--------------------[Agent Step 32_208]--------------------
Metrics filtered by: 'score|length|fps|ratio|train/loss/|train/acc/|train/inv/|train/rand/'
episode/score 654.44 / episode/length 1001 / train/acc/inv 0.72 / train/inv/ce 0.83 / train/inv/confidence 0.53 / train/inv/confidence_gating 0 / train/inv/effective_rep_weight 0.02 / train/inv/head_objective 0.35 / train/inv/head_weight 0 / train/inv/objective 0.35 / train/inv/policy_weight_max 1 / train/inv/policy_weight_mean 1 / train/inv/policy_weight_min 1 / train/inv/policy_weight_std 0 / train/inv/valid_frac 1 / train/inv/weight 0.02 / train/loss/con 0.02 / train/loss/dyn 3.31 / train/loss/image 5.46 / train/loss/inv 6.9e-3 / train/loss/policy -0.02 / train/loss/rep 3.31 / train/loss/repval 1.16 / train/loss/rew 0.53 / train/loss/value 1.23 / replay/replay_ratio 264 / fps/policy 10.42 / fps/train 2667.14

Writing metrics: /home/zhangpeiying01/lfy/btwm-7.7/runs/btwm_dmc_walker_walk_seed0_w002_b11_1m/scores.jsonl
Writing metrics: /home/zhangpeiying01/lfy/btwm-7.7/runs/btwm_dmc_walker_walk_seed0_w002_b11_1m/metrics.jsonl

--------------------[Agent Step 33_440]--------------------
Metrics filtered by: 'score|length|fps|ratio|train/loss/|train/acc/|train/inv/|train/rand/'
train/acc/inv 0.71 / train/inv/ce 0.88 / train/inv/confidence 0.51 / train/inv/confidence_gating 0 / train/inv/effective_rep_weight 0.02 / train/inv/head_objective 0.37 / train/inv/head_weight 0 / train/inv/objective 0.37 / train/inv/policy_weight_max 1 / train/inv/policy_weight_mean 1 / train/inv/policy_weight_min 1 / train/inv/policy_weight_std 0 / train/inv/valid_frac 1 / train/inv/weight 0.02 / train/loss/con 0.02 / train/loss/dyn 3.44 / train/loss/image 5.95 / train/loss/inv 7.3e-3 / train/loss/policy -0.02 / train/loss/rep 3.44 / train/loss/repval 1.17 / train/loss/rew 0.53 / train/loss/value 1.22 / replay/replay_ratio 264 / fps/policy 10.19 / fps/train 2608.53

Writing metrics: /home/zhangpeiying01/lfy/btwm-7.7/runs/btwm_dmc_walker_walk_seed0_w002_b11_1m/metrics.jsonl
Writing metrics: /home/zhangpeiying01/lfy/btwm-7.7/runs/btwm_dmc_walker_walk_seed0_w002_b11_1m/scores.jsonl

--------------------[Agent Step 34_688]--------------------
Metrics filtered by: 'score|length|fps|ratio|train/loss/|train/acc/|train/inv/|train/rand/'
train/acc/inv 0.71 / train/inv/ce 0.88 / train/inv/confidence 0.51 / train/inv/confidence_gating 0 / train/inv/effective_rep_weight 0.02 / train/inv/head_objective 0.37 / train/inv/head_weight 0 / train/inv/objective 0.37 / train/inv/policy_weight_max 1 / train/inv/policy_weight_mean 1 / train/inv/policy_weight_min 1 / train/inv/policy_weight_std 0 / train/inv/valid_frac 1 / train/inv/weight 0.02 / train/loss/con 0.02 / train/loss/dyn 3.39 / train/loss/image 5.76 / train/loss/inv 7.3e-3 / train/loss/policy -0.02 / train/loss/rep 3.39 / train/loss/repval 1.18 / train/loss/rew 0.53 / train/loss/value 1.21 / replay/replay_ratio 264 / fps/policy 10.32 / fps/train 2643.15

Writing metrics: /home/zhangpeiying01/lfy/btwm-7.7/runs/btwm_dmc_walker_walk_seed0_w002_b11_1m/metrics.jsonl
Writing metrics: /home/zhangpeiying01/lfy/btwm-7.7/runs/btwm_dmc_walker_walk_seed0_w002_b11_1m/scores.jsonl

--------------------[Agent Step 35_952]--------------------
Metrics filtered by: 'score|length|fps|ratio|train/loss/|train/acc/|train/inv/|train/rand/'
train/acc/inv 0.71 / train/inv/ce 0.88 / train/inv/confidence 0.5 / train/inv/confidence_gating 0 / train/inv/effective_rep_weight 0.02 / train/inv/head_objective 0.37 / train/inv/head_weight 0 / train/inv/objective 0.37 / train/inv/policy_weight_max 1 / train/inv/policy_weight_mean 1 / train/inv/policy_weight_min 1 / train/inv/policy_weight_std 0 / train/inv/valid_frac 1 / train/inv/weight 0.02 / train/loss/con 0.02 / train/loss/dyn 3.34 / train/loss/image 5.52 / train/loss/inv 7.4e-3 / train/loss/policy -0.02 / train/loss/rep 3.34 / train/loss/repval 1.18 / train/loss/rew 0.53 / train/loss/value 1.23 / replay/replay_ratio 264 / fps/policy 10.46 / fps/train 2677.71

Writing metrics: /home/zhangpeiying01/lfy/btwm-7.7/runs/btwm_dmc_walker_walk_seed0_w002_b11_1m/metrics.jsonl
Writing metrics: /home/zhangpeiying01/lfy/btwm-7.7/runs/btwm_dmc_walker_walk_seed0_w002_b11_1m/scores.jsonl

--------------------[Agent Step 37_200]--------------------
Metrics filtered by: 'score|length|fps|ratio|train/loss/|train/acc/|train/inv/|train/rand/'
train/acc/inv 0.7 / train/inv/ce 0.89 / train/inv/confidence 0.5 / train/inv/confidence_gating 0 / train/inv/effective_rep_weight 0.02 / train/inv/head_objective 0.37 / train/inv/head_weight 0 / train/inv/objective 0.37 / train/inv/policy_weight_max 1 / train/inv/policy_weight_mean 1 / train/inv/policy_weight_min 1 / train/inv/policy_weight_std 0 / train/inv/valid_frac 1 / train/inv/weight 0.02 / train/loss/con 0.02 / train/loss/dyn 3.23 / train/loss/image 5.31 / train/loss/inv 7.4e-3 / train/loss/policy -0.02 / train/loss/rep 3.23 / train/loss/repval 1.17 / train/loss/rew 0.54 / train/loss/value 1.23 / replay/replay_ratio 264 / fps/policy 10.36 / fps/train 2651.17

Writing metrics: /home/zhangpeiying01/lfy/btwm-7.7/runs/btwm_dmc_walker_walk_seed0_w002_b11_1m/scores.jsonl
Writing metrics: /home/zhangpeiying01/lfy/btwm-7.7/runs/btwm_dmc_walker_walk_seed0_w002_b11_1m/metrics.jsonl
Saving checkpoint: /home/zhangpeiying01/lfy/btwm-7.7/runs/btwm_dmc_walker_walk_seed0_w002_b11_1m/ckpt/20260712T224403F084322
Saved checkpoint.

--------------------[Agent Step 38_384]--------------------
Metrics filtered by: 'score|length|fps|ratio|train/loss/|train/acc/|train/inv/|train/rand/'
train/acc/inv 0.7 / train/inv/ce 0.9 / train/inv/confidence 0.49 / train/inv/confidence_gating 0 / train/inv/effective_rep_weight 0.02 / train/inv/head_objective 0.37 / train/inv/head_weight 0 / train/inv/objective 0.37 / train/inv/policy_weight_max 1 / train/inv/policy_weight_mean 1 / train/inv/policy_weight_min 1 / train/inv/policy_weight_std 0 / train/inv/valid_frac 1 / train/inv/weight 0.02 / train/loss/con 0.02 / train/loss/dyn 3.26 / train/loss/image 5.26 / train/loss/inv 7.5e-3 / train/loss/policy -0.02 / train/loss/rep 3.26 / train/loss/repval 1.17 / train/loss/rew 0.54 / train/loss/value 1.22 / replay/replay_ratio 264 / fps/policy 9.78 / fps/train 2504.53

Writing metrics: /home/zhangpeiying01/lfy/btwm-7.7/runs/btwm_dmc_walker_walk_seed0_w002_b11_1m/metrics.jsonl
Writing metrics: /home/zhangpeiying01/lfy/btwm-7.7/runs/btwm_dmc_walker_walk_seed0_w002_b11_1m/scores.jsonl

--------------------[Agent Step 39_648]--------------------
Metrics filtered by: 'score|length|fps|ratio|train/loss/|train/acc/|train/inv/|train/rand/'
train/acc/inv 0.7 / train/inv/ce 0.9 / train/inv/confidence 0.49 / train/inv/confidence_gating 0 / train/inv/effective_rep_weight 0.02 / train/inv/head_objective 0.37 / train/inv/head_weight 0 / train/inv/objective 0.37 / train/inv/policy_weight_max 1 / train/inv/policy_weight_mean 1 / train/inv/policy_weight_min 1 / train/inv/policy_weight_std 0 / train/inv/valid_frac 1 / train/inv/weight 0.02 / train/loss/con 0.02 / train/loss/dyn 3.25 / train/loss/image 5.16 / train/loss/inv 7.5e-3 / train/loss/policy -0.02 / train/loss/rep 3.25 / train/loss/repval 1.16 / train/loss/rew 0.54 / train/loss/value 1.21 / replay/replay_ratio 264 / fps/policy 10.49 / fps/train 2686.68

Writing metrics: /home/zhangpeiying01/lfy/btwm-7.7/runs/btwm_dmc_walker_walk_seed0_w002_b11_1m/metrics.jsonl
Writing metrics: /home/zhangpeiying01/lfy/btwm-7.7/runs/btwm_dmc_walker_walk_seed0_w002_b11_1m/scores.jsonl

--------------------[Agent Step 40_928]--------------------
Metrics filtered by: 'score|length|fps|ratio|train/loss/|train/acc/|train/inv/|train/rand/'
train/acc/inv 0.69 / train/inv/ce 0.91 / train/inv/confidence 0.49 / train/inv/confidence_gating 0 / train/inv/effective_rep_weight 0.02 / train/inv/head_objective 0.38 / train/inv/head_weight 0 / train/inv/objective 0.38 / train/inv/policy_weight_max 1 / train/inv/policy_weight_mean 1 / train/inv/policy_weight_min 1 / train/inv/policy_weight_std 0 / train/inv/valid_frac 1 / train/inv/weight 0.02 / train/loss/con 0.02 / train/loss/dyn 3.19 / train/loss/image 5.13 / train/loss/inv 7.6e-3 / train/loss/policy -0.02 / train/loss/rep 3.19 / train/loss/repval 1.16 / train/loss/rew 0.54 / train/loss/value 1.19 / replay/replay_ratio 264 / fps/policy 10.55 / fps/train 2700.34

Writing metrics: /home/zhangpeiying01/lfy/btwm-7.7/runs/btwm_dmc_walker_walk_seed0_w002_b11_1m/metrics.jsonl
Writing metrics: /home/zhangpeiying01/lfy/btwm-7.7/runs/btwm_dmc_walker_walk_seed0_w002_b11_1m/scores.jsonl

--------------------[Agent Step 42_208]--------------------
Metrics filtered by: 'score|length|fps|ratio|train/loss/|train/acc/|train/inv/|train/rand/'
train/acc/inv 0.7 / train/inv/ce 0.9 / train/inv/confidence 0.49 / train/inv/confidence_gating 0 / train/inv/effective_rep_weight 0.02 / train/inv/head_objective 0.38 / train/inv/head_weight 0 / train/inv/objective 0.38 / train/inv/policy_weight_max 1 / train/inv/policy_weight_mean 1 / train/inv/policy_weight_min 1 / train/inv/policy_weight_std 0 / train/inv/valid_frac 1 / train/inv/weight 0.02 / train/loss/con 0.02 / train/loss/dyn 3.15 / train/loss/image 4.98 / train/loss/inv 7.5e-3 / train/loss/policy -0.02 / train/loss/rep 3.15 / train/loss/repval 1.15 / train/loss/rew 0.54 / train/loss/value 1.18 / replay/replay_ratio 264 / fps/policy 10.53 / fps/train 2696.24

Writing metrics: /home/zhangpeiying01/lfy/btwm-7.7/runs/btwm_dmc_walker_walk_seed0_w002_b11_1m/metrics.jsonl
Writing metrics: /home/zhangpeiying01/lfy/btwm-7.7/runs/btwm_dmc_walker_walk_seed0_w002_b11_1m/scores.jsonl

--------------------[Agent Step 43_488]--------------------
Metrics filtered by: 'score|length|fps|ratio|train/loss/|train/acc/|train/inv/|train/rand/'
train/acc/inv 0.69 / train/inv/ce 0.91 / train/inv/confidence 0.48 / train/inv/confidence_gating 0 / train/inv/effective_rep_weight 0.02 / train/inv/head_objective 0.38 / train/inv/head_weight 0 / train/inv/objective 0.38 / train/inv/policy_weight_max 1 / train/inv/policy_weight_mean 1 / train/inv/policy_weight_min 1 / train/inv/policy_weight_std 0 / train/inv/valid_frac 1 / train/inv/weight 0.02 / train/loss/con 0.02 / train/loss/dyn 3.14 / train/loss/image 4.81 / train/loss/inv 7.6e-3 / train/loss/policy -0.02 / train/loss/rep 3.14 / train/loss/repval 1.15 / train/loss/rew 0.54 / train/loss/value 1.16 / replay/replay_ratio 264 / fps/policy 10.55 / fps/train 2699.77

Writing metrics: /home/zhangpeiying01/lfy/btwm-7.7/runs/btwm_dmc_walker_walk_seed0_w002_b11_1m/scores.jsonl
Writing metrics: /home/zhangpeiying01/lfy/btwm-7.7/runs/btwm_dmc_walker_walk_seed0_w002_b11_1m/metrics.jsonl

--------------------[Agent Step 44_752]--------------------
Metrics filtered by: 'score|length|fps|ratio|train/loss/|train/acc/|train/inv/|train/rand/'
train/acc/inv 0.69 / train/inv/ce 0.91 / train/inv/confidence 0.48 / train/inv/confidence_gating 0 / train/inv/effective_rep_weight 0.02 / train/inv/head_objective 0.38 / train/inv/head_weight 0 / train/inv/objective 0.38 / train/inv/policy_weight_max 1 / train/inv/policy_weight_mean 1 / train/inv/policy_weight_min 1 / train/inv/policy_weight_std 0 / train/inv/valid_frac 1 / train/inv/weight 0.02 / train/loss/con 0.02 / train/loss/dyn 3.1 / train/loss/image 4.75 / train/loss/inv 7.6e-3 / train/loss/policy -0.02 / train/loss/rep 3.1 / train/loss/repval 1.15 / train/loss/rew 0.54 / train/loss/value 1.15 / replay/replay_ratio 264 / fps/policy 10.41 / fps/train 2664.71

Writing metrics: /home/zhangpeiying01/lfy/btwm-7.7/runs/btwm_dmc_walker_walk_seed0_w002_b11_1m/metrics.jsonl
Writing metrics: /home/zhangpeiying01/lfy/btwm-7.7/runs/btwm_dmc_walker_walk_seed0_w002_b11_1m/scores.jsonl

--------------------[Agent Step 46_016]--------------------
Metrics filtered by: 'score|length|fps|ratio|train/loss/|train/acc/|train/inv/|train/rand/'
train/acc/inv 0.69 / train/inv/ce 0.92 / train/inv/confidence 0.48 / train/inv/confidence_gating 0 / train/inv/effective_rep_weight 0.02 / train/inv/head_objective 0.38 / train/inv/head_weight 0 / train/inv/objective 0.38 / train/inv/policy_weight_max 1 / train/inv/policy_weight_mean 1 / train/inv/policy_weight_min 1 / train/inv/policy_weight_std 0 / train/inv/valid_frac 1 / train/inv/weight 0.02 / train/loss/con 0.02 / train/loss/dyn 3.06 / train/loss/image 4.66 / train/loss/inv 7.6e-3 / train/loss/policy -0.03 / train/loss/rep 3.06 / train/loss/repval 1.13 / train/loss/rew 0.54 / train/loss/value 1.11 / replay/replay_ratio 264 / fps/policy 10.42 / fps/train 2668.19

Writing metrics: /home/zhangpeiying01/lfy/btwm-7.7/runs/btwm_dmc_walker_walk_seed0_w002_b11_1m/metrics.jsonl
Writing metrics: /home/zhangpeiying01/lfy/btwm-7.7/runs/btwm_dmc_walker_walk_seed0_w002_b11_1m/scores.jsonl

--------------------[Agent Step 47_264]--------------------
Metrics filtered by: 'score|length|fps|ratio|train/loss/|train/acc/|train/inv/|train/rand/'
train/acc/inv 0.69 / train/inv/ce 0.92 / train/inv/confidence 0.48 / train/inv/confidence_gating 0 / train/inv/effective_rep_weight 0.02 / train/inv/head_objective 0.39 / train/inv/head_weight 0 / train/inv/objective 0.39 / train/inv/policy_weight_max 1 / train/inv/policy_weight_mean 1 / train/inv/policy_weight_min 1 / train/inv/policy_weight_std 0 / train/inv/valid_frac 1 / train/inv/weight 0.02 / train/loss/con 0.02 / train/loss/dyn 3.08 / train/loss/image 4.61 / train/loss/inv 7.7e-3 / train/loss/policy -0.03 / train/loss/rep 3.08 / train/loss/repval 1.11 / train/loss/rew 0.54 / train/loss/value 1.07 / replay/replay_ratio 264 / fps/policy 10.34 / fps/train 2646.24

Writing metrics: /home/zhangpeiying01/lfy/btwm-7.7/runs/btwm_dmc_walker_walk_seed0_w002_b11_1m/metrics.jsonl
Writing metrics: /home/zhangpeiying01/lfy/btwm-7.7/runs/btwm_dmc_walker_walk_seed0_w002_b11_1m/scores.jsonl

--------------------[Agent Step 48_512]--------------------
Metrics filtered by: 'score|length|fps|ratio|train/loss/|train/acc/|train/inv/|train/rand/'
episode/score 734.63 / episode/length 1001 / train/acc/inv 0.69 / train/inv/ce 0.93 / train/inv/confidence 0.48 / train/inv/confidence_gating 0 / train/inv/effective_rep_weight 0.02 / train/inv/head_objective 0.39 / train/inv/head_weight 0 / train/inv/objective 0.39 / train/inv/policy_weight_max 1 / train/inv/policy_weight_mean 1 / train/inv/policy_weight_min 1 / train/inv/policy_weight_std 0 / train/inv/valid_frac 1 / train/inv/weight 0.02 / train/loss/con 0.02 / train/loss/dyn 3.03 / train/loss/image 4.56 / train/loss/inv 7.7e-3 / train/loss/policy -0.03 / train/loss/rep 3.03 / train/loss/repval 1.09 / train/loss/rew 0.54 / train/loss/value 1.03 / replay/replay_ratio 264 / fps/policy 10.33 / fps/train 2645.34

Writing metrics: /home/zhangpeiying01/lfy/btwm-7.7/runs/btwm_dmc_walker_walk_seed0_w002_b11_1m/metrics.jsonl
Writing metrics: /home/zhangpeiying01/lfy/btwm-7.7/runs/btwm_dmc_walker_walk_seed0_w002_b11_1m/scores.jsonl

--------------------[Agent Step 49_760]--------------------
Metrics filtered by: 'score|length|fps|ratio|train/loss/|train/acc/|train/inv/|train/rand/'
train/acc/inv 0.68 / train/inv/ce 0.98 / train/inv/confidence 0.46 / train/inv/confidence_gating 0 / train/inv/effective_rep_weight 0.02 / train/inv/head_objective 0.41 / train/inv/head_weight 0 / train/inv/objective 0.41 / train/inv/policy_weight_max 1 / train/inv/policy_weight_mean 1 / train/inv/policy_weight_min 1 / train/inv/policy_weight_std 0 / train/inv/valid_frac 1 / train/inv/weight 0.02 / train/loss/con 0.02 / train/loss/dyn 3.26 / train/loss/image 5.1 / train/loss/inv 8.1e-3 / train/loss/policy -0.02 / train/loss/rep 3.26 / train/loss/repval 1.06 / train/loss/rew 0.54 / train/loss/value 1.01 / replay/replay_ratio 264 / fps/policy 10.36 / fps/train 2651.87

Writing metrics: /home/zhangpeiying01/lfy/btwm-7.7/runs/btwm_dmc_walker_walk_seed0_w002_b11_1m/scores.jsonl
Writing metrics: /home/zhangpeiying01/lfy/btwm-7.7/runs/btwm_dmc_walker_walk_seed0_w002_b11_1m/metrics.jsonl

--------------------[Agent Step 51_008]--------------------
Metrics filtered by: 'score|length|fps|ratio|train/loss/|train/acc/|train/inv/|train/rand/'
train/acc/inv 0.68 / train/inv/ce 0.97 / train/inv/confidence 0.46 / train/inv/confidence_gating 0 / train/inv/effective_rep_weight 0.02 / train/inv/head_objective 0.41 / train/inv/head_weight 0 / train/inv/objective 0.41 / train/inv/policy_weight_max 1 / train/inv/policy_weight_mean 1 / train/inv/policy_weight_min 1 / train/inv/policy_weight_std 0 / train/inv/valid_frac 1 / train/inv/weight 0.02 / train/loss/con 0.02 / train/loss/dyn 3.08 / train/loss/image 4.76 / train/loss/inv 8.1e-3 / train/loss/policy -0.02 / train/loss/rep 3.08 / train/loss/repval 1.04 / train/loss/rew 0.54 / train/loss/value 0.97 / replay/replay_ratio 264 / fps/policy 10.33 / fps/train 2644.86

Writing metrics: /home/zhangpeiying01/lfy/btwm-7.7/runs/btwm_dmc_walker_walk_seed0_w002_b11_1m/metrics.jsonl
Writing metrics: /home/zhangpeiying01/lfy/btwm-7.7/runs/btwm_dmc_walker_walk_seed0_w002_b11_1m/scores.jsonl

--------------------[Agent Step 52_256]--------------------
Metrics filtered by: 'score|length|fps|ratio|train/loss/|train/acc/|train/inv/|train/rand/'
train/acc/inv 0.67 / train/inv/ce 0.99 / train/inv/confidence 0.45 / train/inv/confidence_gating 0 / train/inv/effective_rep_weight 0.02 / train/inv/head_objective 0.41 / train/inv/head_weight 0 / train/inv/objective 0.41 / train/inv/policy_weight_max 1 / train/inv/policy_weight_mean 1 / train/inv/policy_weight_min 1 / train/inv/policy_weight_std 0 / train/inv/valid_frac 1 / train/inv/weight 0.02 / train/loss/con 0.02 / train/loss/dyn 3.09 / train/loss/image 4.66 / train/loss/inv 8.2e-3 / train/loss/policy -0.02 / train/loss/rep 3.09 / train/loss/repval 1.03 / train/loss/rew 0.54 / train/loss/value 0.95 / replay/replay_ratio 264 / fps/policy 10.37 / fps/train 2654.9

Writing metrics: /home/zhangpeiying01/lfy/btwm-7.7/runs/btwm_dmc_walker_walk_seed0_w002_b11_1m/metrics.jsonl
Writing metrics: /home/zhangpeiying01/lfy/btwm-7.7/runs/btwm_dmc_walker_walk_seed0_w002_b11_1m/scores.jsonl

--------------------[Agent Step 53_504]--------------------
Metrics filtered by: 'score|length|fps|ratio|train/loss/|train/acc/|train/inv/|train/rand/'
train/acc/inv 0.67 / train/inv/ce 0.98 / train/inv/confidence 0.45 / train/inv/confidence_gating 0 / train/inv/effective_rep_weight 0.02 / train/inv/head_objective 0.41 / train/inv/head_weight 0 / train/inv/objective 0.41 / train/inv/policy_weight_max 1 / train/inv/policy_weight_mean 1 / train/inv/policy_weight_min 1 / train/inv/policy_weight_std 0 / train/inv/valid_frac 1 / train/inv/weight 0.02 / train/loss/con 0.02 / train/loss/dyn 3.08 / train/loss/image 4.58 / train/loss/inv 8.2e-3 / train/loss/policy -0.02 / train/loss/rep 3.08 / train/loss/repval 1.02 / train/loss/rew 0.54 / train/loss/value 0.94 / replay/replay_ratio 264 / fps/policy 10.36 / fps/train 2651.35

Writing metrics: /home/zhangpeiying01/lfy/btwm-7.7/runs/btwm_dmc_walker_walk_seed0_w002_b11_1m/metrics.jsonl
Writing metrics: /home/zhangpeiying01/lfy/btwm-7.7/runs/btwm_dmc_walker_walk_seed0_w002_b11_1m/scores.jsonl

--------------------[Agent Step 54_736]--------------------
Metrics filtered by: 'score|length|fps|ratio|train/loss/|train/acc/|train/inv/|train/rand/'
train/acc/inv 0.67 / train/inv/ce 0.98 / train/inv/confidence 0.45 / train/inv/confidence_gating 0 / train/inv/effective_rep_weight 0.02 / train/inv/head_objective 0.41 / train/inv/head_weight 0 / train/inv/objective 0.41 / train/inv/policy_weight_max 1 / train/inv/policy_weight_mean 1 / train/inv/policy_weight_min 1 / train/inv/policy_weight_std 0 / train/inv/valid_frac 1 / train/inv/weight 0.02 / train/loss/con 0.02 / train/loss/dyn 3.06 / train/loss/image 4.53 / train/loss/inv 8.2e-3 / train/loss/policy -0.02 / train/loss/rep 3.06 / train/loss/repval 1.02 / train/loss/rew 0.54 / train/loss/value 0.94 / replay/replay_ratio 264 / fps/policy 10.19 / fps/train 2608.41

Writing metrics: /home/zhangpeiying01/lfy/btwm-7.7/runs/btwm_dmc_walker_walk_seed0_w002_b11_1m/metrics.jsonl
Writing metrics: /home/zhangpeiying01/lfy/btwm-7.7/runs/btwm_dmc_walker_walk_seed0_w002_b11_1m/scores.jsonl

--------------------[Agent Step 55_984]--------------------
Metrics filtered by: 'score|length|fps|ratio|train/loss/|train/acc/|train/inv/|train/rand/'
train/acc/inv 0.67 / train/inv/ce 1 / train/inv/confidence 0.45 / train/inv/confidence_gating 0 / train/inv/effective_rep_weight 0.02 / train/inv/head_objective 0.42 / train/inv/head_weight 0 / train/inv/objective 0.42 / train/inv/policy_weight_max 1 / train/inv/policy_weight_mean 1 / train/inv/policy_weight_min 1 / train/inv/policy_weight_std 0 / train/inv/valid_frac 1 / train/inv/weight 0.02 / train/loss/con 0.02 / train/loss/dyn 3.08 / train/loss/image 4.53 / train/loss/inv 8.3e-3 / train/loss/policy -0.02 / train/loss/rep 3.08 / train/loss/repval 1 / train/loss/rew 0.55 / train/loss/value 0.92 / replay/replay_ratio 264 / fps/policy 10.31 / fps/train 2639.82

Writing metrics: /home/zhangpeiying01/lfy/btwm-7.7/runs/btwm_dmc_walker_walk_seed0_w002_b11_1m/scores.jsonl
Writing metrics: /home/zhangpeiying01/lfy/btwm-7.7/runs/btwm_dmc_walker_walk_seed0_w002_b11_1m/metrics.jsonl

--------------------[Agent Step 57_248]--------------------
Metrics filtered by: 'score|length|fps|ratio|train/loss/|train/acc/|train/inv/|train/rand/'
train/acc/inv 0.67 / train/inv/ce 0.99 / train/inv/confidence 0.45 / train/inv/confidence_gating 0 / train/inv/effective_rep_weight 0.02 / train/inv/head_objective 0.41 / train/inv/head_weight 0 / train/inv/objective 0.41 / train/inv/policy_weight_max 1 / train/inv/policy_weight_mean 1 / train/inv/policy_weight_min 1 / train/inv/policy_weight_std 0 / train/inv/valid_frac 1 / train/inv/weight 0.02 / train/loss/con 0.02 / train/loss/dyn 3.02 / train/loss/image 4.43 / train/loss/inv 8.2e-3 / train/loss/policy -0.02 / train/loss/rep 3.02 / train/loss/repval 0.99 / train/loss/rew 0.54 / train/loss/value 0.9 / replay/replay_ratio 264 / fps/policy 10.41 / fps/train 2665.5

Writing metrics: /home/zhangpeiying01/lfy/btwm-7.7/runs/btwm_dmc_walker_walk_seed0_w002_b11_1m/scores.jsonl
Writing metrics: /home/zhangpeiying01/lfy/btwm-7.7/runs/btwm_dmc_walker_walk_seed0_w002_b11_1m/metrics.jsonl

--------------------[Agent Step 58_512]--------------------
Metrics filtered by: 'score|length|fps|ratio|train/loss/|train/acc/|train/inv/|train/rand/'
train/acc/inv 0.66 / train/inv/ce 1 / train/inv/confidence 0.45 / train/inv/confidence_gating 0 / train/inv/effective_rep_weight 0.02 / train/inv/head_objective 0.42 / train/inv/head_weight 0 / train/inv/objective 0.42 / train/inv/policy_weight_max 1 / train/inv/policy_weight_mean 1 / train/inv/policy_weight_min 1 / train/inv/policy_weight_std 0 / train/inv/valid_frac 1 / train/inv/weight 0.02 / train/loss/con 0.02 / train/loss/dyn 3.02 / train/loss/image 4.36 / train/loss/inv 8.3e-3 / train/loss/policy -0.02 / train/loss/rep 3.02 / train/loss/repval 0.97 / train/loss/rew 0.54 / train/loss/value 0.88 / replay/replay_ratio 264 / fps/policy 10.44 / fps/train 2672.23

Writing metrics: /home/zhangpeiying01/lfy/btwm-7.7/runs/btwm_dmc_walker_walk_seed0_w002_b11_1m/metrics.jsonl
Writing metrics: /home/zhangpeiying01/lfy/btwm-7.7/runs/btwm_dmc_walker_walk_seed0_w002_b11_1m/scores.jsonl

--------------------[Agent Step 59_776]--------------------
Metrics filtered by: 'score|length|fps|ratio|train/loss/|train/acc/|train/inv/|train/rand/'
train/acc/inv 0.66 / train/inv/ce 1.01 / train/inv/confidence 0.44 / train/inv/confidence_gating 0 / train/inv/effective_rep_weight 0.02 / train/inv/head_objective 0.42 / train/inv/head_weight 0 / train/inv/objective 0.42 / train/inv/policy_weight_max 1 / train/inv/policy_weight_mean 1 / train/inv/policy_weight_min 1 / train/inv/policy_weight_std 0 / train/inv/valid_frac 1 / train/inv/weight 0.02 / train/loss/con 0.02 / train/loss/dyn 3.08 / train/loss/image 4.38 / train/loss/inv 8.4e-3 / train/loss/policy -0.02 / train/loss/rep 3.08 / train/loss/repval 0.94 / train/loss/rew 0.55 / train/loss/value 0.83 / replay/replay_ratio 264 / fps/policy 10.42 / fps/train 2667.44

Writing metrics: /home/zhangpeiying01/lfy/btwm-7.7/runs/btwm_dmc_walker_walk_seed0_w002_b11_1m/scores.jsonl
Writing metrics: /home/zhangpeiying01/lfy/btwm-7.7/runs/btwm_dmc_walker_walk_seed0_w002_b11_1m/metrics.jsonl

--------------------[Agent Step 61_024]--------------------
Metrics filtered by: 'score|length|fps|ratio|train/loss/|train/acc/|train/inv/|train/rand/'
train/acc/inv 0.66 / train/inv/ce 1.01 / train/inv/confidence 0.44 / train/inv/confidence_gating 0 / train/inv/effective_rep_weight 0.02 / train/inv/head_objective 0.42 / train/inv/head_weight 0 / train/inv/objective 0.42 / train/inv/policy_weight_max 1 / train/inv/policy_weight_mean 1 / train/inv/policy_weight_min 1 / train/inv/policy_weight_std 0 / train/inv/valid_frac 1 / train/inv/weight 0.02 / train/loss/con 0.02 / train/loss/dyn 3.01 / train/loss/image 4.31 / train/loss/inv 8.4e-3 / train/loss/policy -0.02 / train/loss/rep 3.01 / train/loss/repval 0.91 / train/loss/rew 0.55 / train/loss/value 0.79 / replay/replay_ratio 264 / fps/policy 10.37 / fps/train 2655.4

Writing metrics: /home/zhangpeiying01/lfy/btwm-7.7/runs/btwm_dmc_walker_walk_seed0_w002_b11_1m/metrics.jsonl
Writing metrics: /home/zhangpeiying01/lfy/btwm-7.7/runs/btwm_dmc_walker_walk_seed0_w002_b11_1m/scores.jsonl

--------------------[Agent Step 62_304]--------------------
Metrics filtered by: 'score|length|fps|ratio|train/loss/|train/acc/|train/inv/|train/rand/'
train/acc/inv 0.66 / train/inv/ce 1.02 / train/inv/confidence 0.44 / train/inv/confidence_gating 0 / train/inv/effective_rep_weight 0.02 / train/inv/head_objective 0.42 / train/inv/head_weight 0 / train/inv/objective 0.42 / train/inv/policy_weight_max 1 / train/inv/policy_weight_mean 1 / train/inv/policy_weight_min 1 / train/inv/policy_weight_std 0 / train/inv/valid_frac 1 / train/inv/weight 0.02 / train/loss/con 0.02 / train/loss/dyn 3 / train/loss/image 4.25 / train/loss/inv 8.5e-3 / train/loss/policy -0.02 / train/loss/rep 3 / train/loss/repval 0.87 / train/loss/rew 0.55 / train/loss/value 0.73 / replay/replay_ratio 264 / fps/policy 10.54 / fps/train 2698.61

Writing metrics: /home/zhangpeiying01/lfy/btwm-7.7/runs/btwm_dmc_walker_walk_seed0_w002_b11_1m/metrics.jsonl
Writing metrics: /home/zhangpeiying01/lfy/btwm-7.7/runs/btwm_dmc_walker_walk_seed0_w002_b11_1m/scores.jsonl

--------------------[Agent Step 63_568]--------------------
Metrics filtered by: 'score|length|fps|ratio|train/loss/|train/acc/|train/inv/|train/rand/'
train/acc/inv 0.65 / train/inv/ce 1.03 / train/inv/confidence 0.43 / train/inv/confidence_gating 0 / train/inv/effective_rep_weight 0.02 / train/inv/head_objective 0.43 / train/inv/head_weight 0 / train/inv/objective 0.43 / train/inv/policy_weight_max 1 / train/inv/policy_weight_mean 1 / train/inv/policy_weight_min 1 / train/inv/policy_weight_std 0 / train/inv/valid_frac 1 / train/inv/weight 0.02 / train/loss/con 0.02 / train/loss/dyn 3.03 / train/loss/image 4.24 / train/loss/inv 8.6e-3 / train/loss/policy -0.02 / train/loss/rep 3.03 / train/loss/repval 0.83 / train/loss/rew 0.55 / train/loss/value 0.68 / replay/replay_ratio 264 / fps/policy 10.43 / fps/train 2671.18

Writing metrics: /home/zhangpeiying01/lfy/btwm-7.7/runs/btwm_dmc_walker_walk_seed0_w002_b11_1m/scores.jsonl
Writing metrics: /home/zhangpeiying01/lfy/btwm-7.7/runs/btwm_dmc_walker_walk_seed0_w002_b11_1m/metrics.jsonl

--------------------[Agent Step 64_832]--------------------
Metrics filtered by: 'score|length|fps|ratio|train/loss/|train/acc/|train/inv/|train/rand/'
episode/score 826.06 / episode/length 1001 / train/acc/inv 0.65 / train/inv/ce 1.04 / train/inv/confidence 0.43 / train/inv/confidence_gating 0 / train/inv/effective_rep_weight 0.02 / train/inv/head_objective 0.43 / train/inv/head_weight 0 / train/inv/objective 0.43 / train/inv/policy_weight_max 1 / train/inv/policy_weight_mean 1 / train/inv/policy_weight_min 1 / train/inv/policy_weight_std 0 / train/inv/valid_frac 1 / train/inv/weight 0.02 / train/loss/con 0.02 / train/loss/dyn 3.08 / train/loss/image 4.43 / train/loss/inv 8.7e-3 / train/loss/policy -0.02 / train/loss/rep 3.08 / train/loss/repval 0.8 / train/loss/rew 0.55 / train/loss/value 0.65 / replay/replay_ratio 264 / fps/policy 10.51 / fps/train 2689.46

Writing metrics: /home/zhangpeiying01/lfy/btwm-7.7/runs/btwm_dmc_walker_walk_seed0_w002_b11_1m/scores.jsonl
Writing metrics: /home/zhangpeiying01/lfy/btwm-7.7/runs/btwm_dmc_walker_walk_seed0_w002_b11_1m/metrics.jsonl

--------------------[Agent Step 66_080]--------------------
Metrics filtered by: 'score|length|fps|ratio|train/loss/|train/acc/|train/inv/|train/rand/'
train/acc/inv 0.64 / train/inv/ce 1.07 / train/inv/confidence 0.42 / train/inv/confidence_gating 0 / train/inv/effective_rep_weight 0.02 / train/inv/head_objective 0.45 / train/inv/head_weight 0 / train/inv/objective 0.45 / train/inv/policy_weight_max 1 / train/inv/policy_weight_mean 1 / train/inv/policy_weight_min 1 / train/inv/policy_weight_std 0 / train/inv/valid_frac 1 / train/inv/weight 0.02 / train/loss/con 0.02 / train/loss/dyn 3.11 / train/loss/image 4.52 / train/loss/inv 8.9e-3 / train/loss/policy -0.02 / train/loss/rep 3.11 / train/loss/repval 0.79 / train/loss/rew 0.55 / train/loss/value 0.65 / replay/replay_ratio 264 / fps/policy 10.38 / fps/train 2657.19

Writing metrics: /home/zhangpeiying01/lfy/btwm-7.7/runs/btwm_dmc_walker_walk_seed0_w002_b11_1m/metrics.jsonl
Writing metrics: /home/zhangpeiying01/lfy/btwm-7.7/runs/btwm_dmc_walker_walk_seed0_w002_b11_1m/scores.jsonl

--------------------[Agent Step 67_328]--------------------
Metrics filtered by: 'score|length|fps|ratio|train/loss/|train/acc/|train/inv/|train/rand/'
train/acc/inv 0.65 / train/inv/ce 1.07 / train/inv/confidence 0.42 / train/inv/confidence_gating 0 / train/inv/effective_rep_weight 0.02 / train/inv/head_objective 0.45 / train/inv/head_weight 0 / train/inv/objective 0.45 / train/inv/policy_weight_max 1 / train/inv/policy_weight_mean 1 / train/inv/policy_weight_min 1 / train/inv/policy_weight_std 0 / train/inv/valid_frac 1 / train/inv/weight 0.02 / train/loss/con 0.02 / train/loss/dyn 3.05 / train/loss/image 4.45 / train/loss/inv 8.9e-3 / train/loss/policy -0.02 / train/loss/rep 3.05 / train/loss/repval 0.8 / train/loss/rew 0.55 / train/loss/value 0.66 / replay/replay_ratio 264 / fps/policy 10.37 / fps/train 2654.81

Writing metrics: /home/zhangpeiying01/lfy/btwm-7.7/runs/btwm_dmc_walker_walk_seed0_w002_b11_1m/metrics.jsonl
Writing metrics: /home/zhangpeiying01/lfy/btwm-7.7/runs/btwm_dmc_walker_walk_seed0_w002_b11_1m/scores.jsonl

--------------------[Agent Step 68_592]--------------------
Metrics filtered by: 'score|length|fps|ratio|train/loss/|train/acc/|train/inv/|train/rand/'
train/acc/inv 0.65 / train/inv/ce 1.07 / train/inv/confidence 0.42 / train/inv/confidence_gating 0 / train/inv/effective_rep_weight 0.02 / train/inv/head_objective 0.44 / train/inv/head_weight 0 / train/inv/objective 0.44 / train/inv/policy_weight_max 1 / train/inv/policy_weight_mean 1 / train/inv/policy_weight_min 1 / train/inv/policy_weight_std 0 / train/inv/valid_frac 1 / train/inv/weight 0.02 / train/loss/con 0.02 / train/loss/dyn 3.01 / train/loss/image 4.32 / train/loss/inv 8.9e-3 / train/loss/policy -0.02 / train/loss/rep 3.01 / train/loss/repval 0.8 / train/loss/rew 0.55 / train/loss/value 0.67 / replay/replay_ratio 264 / fps/policy 10.43 / fps/train 2669.74

Writing metrics: /home/zhangpeiying01/lfy/btwm-7.7/runs/btwm_dmc_walker_walk_seed0_w002_b11_1m/scores.jsonl
Writing metrics: /home/zhangpeiying01/lfy/btwm-7.7/runs/btwm_dmc_walker_walk_seed0_w002_b11_1m/metrics.jsonl

--------------------[Agent Step 69_856]--------------------
Metrics filtered by: 'score|length|fps|ratio|train/loss/|train/acc/|train/inv/|train/rand/'
train/acc/inv 0.64 / train/inv/ce 1.07 / train/inv/confidence 0.42 / train/inv/confidence_gating 0 / train/inv/effective_rep_weight 0.02 / train/inv/head_objective 0.45 / train/inv/head_weight 0 / train/inv/objective 0.45 / train/inv/policy_weight_max 1 / train/inv/policy_weight_mean 1 / train/inv/policy_weight_min 1 / train/inv/policy_weight_std 0 / train/inv/valid_frac 1 / train/inv/weight 0.02 / train/loss/con 0.02 / train/loss/dyn 3.04 / train/loss/image 4.3 / train/loss/inv 8.9e-3 / train/loss/policy -0.02 / train/loss/rep 3.04 / train/loss/repval 0.79 / train/loss/rew 0.55 / train/loss/value 0.64 / replay/replay_ratio 264 / fps/policy 10.43 / fps/train 2668.98

Writing metrics: /home/zhangpeiying01/lfy/btwm-7.7/runs/btwm_dmc_walker_walk_seed0_w002_b11_1m/scores.jsonl
Writing metrics: /home/zhangpeiying01/lfy/btwm-7.7/runs/btwm_dmc_walker_walk_seed0_w002_b11_1m/metrics.jsonl

--------------------[Agent Step 71_120]--------------------
Metrics filtered by: 'score|length|fps|ratio|train/loss/|train/acc/|train/inv/|train/rand/'
train/acc/inv 0.64 / train/inv/ce 1.07 / train/inv/confidence 0.42 / train/inv/confidence_gating 0 / train/inv/effective_rep_weight 0.02 / train/inv/head_objective 0.44 / train/inv/head_weight 0 / train/inv/objective 0.44 / train/inv/policy_weight_max 1 / train/inv/policy_weight_mean 1 / train/inv/policy_weight_min 1 / train/inv/policy_weight_std 0 / train/inv/valid_frac 1 / train/inv/weight 0.02 / train/loss/con 0.02 / train/loss/dyn 3 / train/loss/image 4.22 / train/loss/inv 8.9e-3 / train/loss/policy -0.02 / train/loss/rep 3 / train/loss/repval 0.75 / train/loss/rew 0.55 / train/loss/value 0.6 / replay/replay_ratio 264 / fps/policy 10.47 / fps/train 2679.73

Writing metrics: /home/zhangpeiying01/lfy/btwm-7.7/runs/btwm_dmc_walker_walk_seed0_w002_b11_1m/metrics.jsonl
Writing metrics: /home/zhangpeiying01/lfy/btwm-7.7/runs/btwm_dmc_walker_walk_seed0_w002_b11_1m/scores.jsonl

--------------------[Agent Step 72_384]--------------------
Metrics filtered by: 'score|length|fps|ratio|train/loss/|train/acc/|train/inv/|train/rand/'
train/acc/inv 0.64 / train/inv/ce 1.08 / train/inv/confidence 0.42 / train/inv/confidence_gating 0 / train/inv/effective_rep_weight 0.02 / train/inv/head_objective 0.45 / train/inv/head_weight 0 / train/inv/objective 0.45 / train/inv/policy_weight_max 1 / train/inv/policy_weight_mean 1 / train/inv/policy_weight_min 1 / train/inv/policy_weight_std 0 / train/inv/valid_frac 1 / train/inv/weight 0.02 / train/loss/con 0.02 / train/loss/dyn 3.05 / train/loss/image 4.23 / train/loss/inv 9e-3 / train/loss/policy -0.02 / train/loss/rep 3.05 / train/loss/repval 0.74 / train/loss/rew 0.55 / train/loss/value 0.6 / replay/replay_ratio 264 / fps/policy 10.42 / fps/train 2666.88

Writing metrics: /home/zhangpeiying01/lfy/btwm-7.7/runs/btwm_dmc_walker_walk_seed0_w002_b11_1m/metrics.jsonl
Writing metrics: /home/zhangpeiying01/lfy/btwm-7.7/runs/btwm_dmc_walker_walk_seed0_w002_b11_1m/scores.jsonl

--------------------[Agent Step 73_648]--------------------
Metrics filtered by: 'score|length|fps|ratio|train/loss/|train/acc/|train/inv/|train/rand/'
train/acc/inv 0.64 / train/inv/ce 1.07 / train/inv/confidence 0.42 / train/inv/confidence_gating 0 / train/inv/effective_rep_weight 0.02 / train/inv/head_objective 0.45 / train/inv/head_weight 0 / train/inv/objective 0.45 / train/inv/policy_weight_max 1 / train/inv/policy_weight_mean 1 / train/inv/policy_weight_min 1 / train/inv/policy_weight_std 0 / train/inv/valid_frac 1 / train/inv/weight 0.02 / train/loss/con 0.02 / train/loss/dyn 2.97 / train/loss/image 4.14 / train/loss/inv 8.9e-3 / train/loss/policy -0.02 / train/loss/rep 2.97 / train/loss/repval 0.7 / train/loss/rew 0.55 / train/loss/value 0.56 / replay/replay_ratio 264 / fps/policy 10.47 / fps/train 2681.27

Writing metrics: /home/zhangpeiying01/lfy/btwm-7.7/runs/btwm_dmc_walker_walk_seed0_w002_b11_1m/metrics.jsonl
Writing metrics: /home/zhangpeiying01/lfy/btwm-7.7/runs/btwm_dmc_walker_walk_seed0_w002_b11_1m/scores.jsonl

--------------------[Agent Step 74_912]--------------------
Metrics filtered by: 'score|length|fps|ratio|train/loss/|train/acc/|train/inv/|train/rand/'
train/acc/inv 0.64 / train/inv/ce 1.08 / train/inv/confidence 0.41 / train/inv/confidence_gating 0 / train/inv/effective_rep_weight 0.02 / train/inv/head_objective 0.45 / train/inv/head_weight 0 / train/inv/objective 0.45 / train/inv/policy_weight_max 1 / train/inv/policy_weight_mean 1 / train/inv/policy_weight_min 1 / train/inv/policy_weight_std 0 / train/inv/valid_frac 1 / train/inv/weight 0.02 / train/loss/con 0.02 / train/loss/dyn 2.99 / train/loss/image 4.1 / train/loss/inv 9e-3 / train/loss/policy -0.01 / train/loss/rep 2.99 / train/loss/repval 0.62 / train/loss/rew 0.55 / train/loss/value 0.47 / replay/replay_ratio 264 / fps/policy 10.44 / fps/train 2673.12

Writing metrics: /home/zhangpeiying01/lfy/btwm-7.7/runs/btwm_dmc_walker_walk_seed0_w002_b11_1m/metrics.jsonl
Writing metrics: /home/zhangpeiying01/lfy/btwm-7.7/runs/btwm_dmc_walker_walk_seed0_w002_b11_1m/scores.jsonl
Saving checkpoint: /home/zhangpeiying01/lfy/btwm-7.7/runs/btwm_dmc_walker_walk_seed0_w002_b11_1m/ckpt/20260712T234404F447771
Saved checkpoint.

--------------------[Agent Step 76_112]--------------------
Metrics filtered by: 'score|length|fps|ratio|train/loss/|train/acc/|train/inv/|train/rand/'
train/acc/inv 0.64 / train/inv/ce 1.09 / train/inv/confidence 0.41 / train/inv/confidence_gating 0 / train/inv/effective_rep_weight 0.02 / train/inv/head_objective 0.46 / train/inv/head_weight 0 / train/inv/objective 0.46 / train/inv/policy_weight_max 1 / train/inv/policy_weight_mean 1 / train/inv/policy_weight_min 1 / train/inv/policy_weight_std 0 / train/inv/valid_frac 1 / train/inv/weight 0.02 / train/loss/con 0.02 / train/loss/dyn 3.05 / train/loss/image 4.16 / train/loss/inv 9.1e-3 / train/loss/policy -0.02 / train/loss/rep 3.05 / train/loss/repval 0.59 / train/loss/rew 0.55 / train/loss/value 0.46 / replay/replay_ratio 264 / fps/policy 9.89 / fps/train 2532.27

Writing metrics: /home/zhangpeiying01/lfy/btwm-7.7/runs/btwm_dmc_walker_walk_seed0_w002_b11_1m/metrics.jsonl
Writing metrics: /home/zhangpeiying01/lfy/btwm-7.7/runs/btwm_dmc_walker_walk_seed0_w002_b11_1m/scores.jsonl

--------------------[Agent Step 77_376]--------------------
Metrics filtered by: 'score|length|fps|ratio|train/loss/|train/acc/|train/inv/|train/rand/'
train/acc/inv 0.63 / train/inv/ce 1.09 / train/inv/confidence 0.41 / train/inv/confidence_gating 0 / train/inv/effective_rep_weight 0.02 / train/inv/head_objective 0.46 / train/inv/head_weight 0 / train/inv/objective 0.46 / train/inv/policy_weight_max 1 / train/inv/policy_weight_mean 1 / train/inv/policy_weight_min 1 / train/inv/policy_weight_std 0 / train/inv/valid_frac 1 / train/inv/weight 0.02 / train/loss/con 0.02 / train/loss/dyn 3.01 / train/loss/image 4.13 / train/loss/inv 9.1e-3 / train/loss/policy -0.01 / train/loss/rep 3.01 / train/loss/repval 0.59 / train/loss/rew 0.55 / train/loss/value 0.46 / replay/replay_ratio 264 / fps/policy 10.47 / fps/train 2681.48

Writing metrics: /home/zhangpeiying01/lfy/btwm-7.7/runs/btwm_dmc_walker_walk_seed0_w002_b11_1m/metrics.jsonl
Writing metrics: /home/zhangpeiying01/lfy/btwm-7.7/runs/btwm_dmc_walker_walk_seed0_w002_b11_1m/scores.jsonl

--------------------[Agent Step 78_640]--------------------
Metrics filtered by: 'score|length|fps|ratio|train/loss/|train/acc/|train/inv/|train/rand/'
train/acc/inv 0.63 / train/inv/ce 1.12 / train/inv/confidence 0.4 / train/inv/confidence_gating 0 / train/inv/effective_rep_weight 0.02 / train/inv/head_objective 0.47 / train/inv/head_weight 0 / train/inv/objective 0.47 / train/inv/policy_weight_max 1 / train/inv/policy_weight_mean 1 / train/inv/policy_weight_min 1 / train/inv/policy_weight_std 0 / train/inv/valid_frac 1 / train/inv/weight 0.02 / train/loss/con 0.02 / train/loss/dyn 3.03 / train/loss/image 4.14 / train/loss/inv 9.3e-3 / train/loss/policy -0.01 / train/loss/rep 3.03 / train/loss/repval 0.59 / train/loss/rew 0.55 / train/loss/value 0.48 / replay/replay_ratio 264 / fps/policy 10.51 / fps/train 2689.64

Writing metrics: /home/zhangpeiying01/lfy/btwm-7.7/runs/btwm_dmc_walker_walk_seed0_w002_b11_1m/metrics.jsonl
Writing metrics: /home/zhangpeiying01/lfy/btwm-7.7/runs/btwm_dmc_walker_walk_seed0_w002_b11_1m/scores.jsonl

--------------------[Agent Step 79_904]--------------------
Metrics filtered by: 'score|length|fps|ratio|train/loss/|train/acc/|train/inv/|train/rand/'
train/acc/inv 0.63 / train/inv/ce 1.1 / train/inv/confidence 0.4 / train/inv/confidence_gating 0 / train/inv/effective_rep_weight 0.02 / train/inv/head_objective 0.46 / train/inv/head_weight 0 / train/inv/objective 0.46 / train/inv/policy_weight_max 1 / train/inv/policy_weight_mean 1 / train/inv/policy_weight_min 1 / train/inv/policy_weight_std 0 / train/inv/valid_frac 1 / train/inv/weight 0.02 / train/loss/con 0.02 / train/loss/dyn 3 / train/loss/image 4.04 / train/loss/inv 9.2e-3 / train/loss/policy -9e-3 / train/loss/rep 3 / train/loss/repval 0.59 / train/loss/rew 0.55 / train/loss/value 0.52 / replay/replay_ratio 264 / fps/policy 10.43 / fps/train 2669.28

Writing metrics: /home/zhangpeiying01/lfy/btwm-7.7/runs/btwm_dmc_walker_walk_seed0_w002_b11_1m/scores.jsonl
Writing metrics: /home/zhangpeiying01/lfy/btwm-7.7/runs/btwm_dmc_walker_walk_seed0_w002_b11_1m/metrics.jsonl

--------------------[Agent Step 81_152]--------------------
Metrics filtered by: 'score|length|fps|ratio|train/loss/|train/acc/|train/inv/|train/rand/'
episode/score 702.9 / episode/length 1001 / train/acc/inv 0.62 / train/inv/ce 1.13 / train/inv/confidence 0.39 / train/inv/confidence_gating 0 / train/inv/effective_rep_weight 0.02 / train/inv/head_objective 0.47 / train/inv/head_weight 0 / train/inv/objective 0.47 / train/inv/policy_weight_max 1 / train/inv/policy_weight_mean 1 / train/inv/policy_weight_min 1 / train/inv/policy_weight_std 0 / train/inv/valid_frac 1 / train/inv/weight 0.02 / train/loss/con 0.02 / train/loss/dyn 3.09 / train/loss/image 4.23 / train/loss/inv 9.4e-3 / train/loss/policy -0.01 / train/loss/rep 3.09 / train/loss/repval 0.62 / train/loss/rew 0.55 / train/loss/value 0.57 / replay/replay_ratio 264 / fps/policy 10.34 / fps/train 2647.95

Writing metrics: /home/zhangpeiying01/lfy/btwm-7.7/runs/btwm_dmc_walker_walk_seed0_w002_b11_1m/metrics.jsonl
Writing metrics: /home/zhangpeiying01/lfy/btwm-7.7/runs/btwm_dmc_walker_walk_seed0_w002_b11_1m/scores.jsonl

--------------------[Agent Step 82_416]--------------------
Metrics filtered by: 'score|length|fps|ratio|train/loss/|train/acc/|train/inv/|train/rand/'
train/acc/inv 0.63 / train/inv/ce 1.12 / train/inv/confidence 0.4 / train/inv/confidence_gating 0 / train/inv/effective_rep_weight 0.02 / train/inv/head_objective 0.47 / train/inv/head_weight 0 / train/inv/objective 0.47 / train/inv/policy_weight_max 1 / train/inv/policy_weight_mean 1 / train/inv/policy_weight_min 1 / train/inv/policy_weight_std 0 / train/inv/valid_frac 1 / train/inv/weight 0.02 / train/loss/con 0.02 / train/loss/dyn 3.06 / train/loss/image 4.21 / train/loss/inv 9.4e-3 / train/loss/policy -9.4e-3 / train/loss/rep 3.06 / train/loss/repval 0.66 / train/loss/rew 0.55 / train/loss/value 0.62 / replay/replay_ratio 264 / fps/policy 10.52 / fps/train 2692.46

Writing metrics: /home/zhangpeiying01/lfy/btwm-7.7/runs/btwm_dmc_walker_walk_seed0_w002_b11_1m/metrics.jsonl
Writing metrics: /home/zhangpeiying01/lfy/btwm-7.7/runs/btwm_dmc_walker_walk_seed0_w002_b11_1m/scores.jsonl

--------------------[Agent Step 83_680]--------------------
Metrics filtered by: 'score|length|fps|ratio|train/loss/|train/acc/|train/inv/|train/rand/'
train/acc/inv 0.63 / train/inv/ce 1.12 / train/inv/confidence 0.4 / train/inv/confidence_gating 0 / train/inv/effective_rep_weight 0.02 / train/inv/head_objective 0.47 / train/inv/head_weight 0 / train/inv/objective 0.47 / train/inv/policy_weight_max 1 / train/inv/policy_weight_mean 1 / train/inv/policy_weight_min 1 / train/inv/policy_weight_std 0 / train/inv/valid_frac 1 / train/inv/weight 0.02 / train/loss/con 0.02 / train/loss/dyn 2.97 / train/loss/image 4.06 / train/loss/inv 9.3e-3 / train/loss/policy -8.9e-3 / train/loss/rep 2.97 / train/loss/repval 0.7 / train/loss/rew 0.55 / train/loss/value 0.67 / replay/replay_ratio 264 / fps/policy 10.5 / fps/train 2687.8

Writing metrics: /home/zhangpeiying01/lfy/btwm-7.7/runs/btwm_dmc_walker_walk_seed0_w002_b11_1m/scores.jsonl
Writing metrics: /home/zhangpeiying01/lfy/btwm-7.7/runs/btwm_dmc_walker_walk_seed0_w002_b11_1m/metrics.jsonl

--------------------[Agent Step 84_944]--------------------
Metrics filtered by: 'score|length|fps|ratio|train/loss/|train/acc/|train/inv/|train/rand/'
train/acc/inv 0.63 / train/inv/ce 1.12 / train/inv/confidence 0.39 / train/inv/confidence_gating 0 / train/inv/effective_rep_weight 0.02 / train/inv/head_objective 0.47 / train/inv/head_weight 0 / train/inv/objective 0.47 / train/inv/policy_weight_max 1 / train/inv/policy_weight_mean 1 / train/inv/policy_weight_min 1 / train/inv/policy_weight_std 0 / train/inv/valid_frac 1 / train/inv/weight 0.02 / train/loss/con 0.02 / train/loss/dyn 3.01 / train/loss/image 4.05 / train/loss/inv 9.4e-3 / train/loss/policy -7e-3 / train/loss/rep 3.01 / train/loss/repval 0.75 / train/loss/rew 0.55 / train/loss/value 0.72 / replay/replay_ratio 264 / fps/policy 10.45 / fps/train 2674.76

Writing metrics: /home/zhangpeiying01/lfy/btwm-7.7/runs/btwm_dmc_walker_walk_seed0_w002_b11_1m/scores.jsonl
Writing metrics: /home/zhangpeiying01/lfy/btwm-7.7/runs/btwm_dmc_walker_walk_seed0_w002_b11_1m/metrics.jsonl

--------------------[Agent Step 86_208]--------------------
Metrics filtered by: 'score|length|fps|ratio|train/loss/|train/acc/|train/inv/|train/rand/'
train/acc/inv 0.62 / train/inv/ce 1.12 / train/inv/confidence 0.39 / train/inv/confidence_gating 0 / train/inv/effective_rep_weight 0.02 / train/inv/head_objective 0.47 / train/inv/head_weight 0 / train/inv/objective 0.47 / train/inv/policy_weight_max 1 / train/inv/policy_weight_mean 1 / train/inv/policy_weight_min 1 / train/inv/policy_weight_std 0 / train/inv/valid_frac 1 / train/inv/weight 0.02 / train/loss/con 0.02 / train/loss/dyn 3 / train/loss/image 3.99 / train/loss/inv 9.4e-3 / train/loss/policy -0.01 / train/loss/rep 3 / train/loss/repval 0.79 / train/loss/rew 0.55 / train/loss/value 0.77 / replay/replay_ratio 264 / fps/policy 10.4 / fps/train 2663.33

Writing metrics: /home/zhangpeiying01/lfy/btwm-7.7/runs/btwm_dmc_walker_walk_seed0_w002_b11_1m/metrics.jsonl
Writing metrics: /home/zhangpeiying01/lfy/btwm-7.7/runs/btwm_dmc_walker_walk_seed0_w002_b11_1m/scores.jsonl

--------------------[Agent Step 87_456]--------------------
Metrics filtered by: 'score|length|fps|ratio|train/loss/|train/acc/|train/inv/|train/rand/'
train/acc/inv 0.63 / train/inv/ce 1.12 / train/inv/confidence 0.4 / train/inv/confidence_gating 0 / train/inv/effective_rep_weight 0.02 / train/inv/head_objective 0.47 / train/inv/head_weight 0 / train/inv/objective 0.47 / train/inv/policy_weight_max 1 / train/inv/policy_weight_mean 1 / train/inv/policy_weight_min 1 / train/inv/policy_weight_std 0 / train/inv/valid_frac 1 / train/inv/weight 0.02 / train/loss/con 0.02 / train/loss/dyn 2.97 / train/loss/image 3.93 / train/loss/inv 9.3e-3 / train/loss/policy -8.5e-3 / train/loss/rep 2.97 / train/loss/repval 0.81 / train/loss/rew 0.55 / train/loss/value 0.8 / replay/replay_ratio 264 / fps/policy 10.34 / fps/train 2645.77

Writing metrics: /home/zhangpeiying01/lfy/btwm-7.7/runs/btwm_dmc_walker_walk_seed0_w002_b11_1m/metrics.jsonl
Writing metrics: /home/zhangpeiying01/lfy/btwm-7.7/runs/btwm_dmc_walker_walk_seed0_w002_b11_1m/scores.jsonl

--------------------[Agent Step 88_704]--------------------
Metrics filtered by: 'score|length|fps|ratio|train/loss/|train/acc/|train/inv/|train/rand/'
train/acc/inv 0.63 / train/inv/ce 1.12 / train/inv/confidence 0.39 / train/inv/confidence_gating 0 / train/inv/effective_rep_weight 0.02 / train/inv/head_objective 0.47 / train/inv/head_weight 0 / train/inv/objective 0.47 / train/inv/policy_weight_max 1 / train/inv/policy_weight_mean 1 / train/inv/policy_weight_min 1 / train/inv/policy_weight_std 0 / train/inv/valid_frac 1 / train/inv/weight 0.02 / train/loss/con 0.02 / train/loss/dyn 2.94 / train/loss/image 3.88 / train/loss/inv 9.3e-3 / train/loss/policy -6.7e-3 / train/loss/rep 2.94 / train/loss/repval 0.84 / train/loss/rew 0.55 / train/loss/value 0.82 / replay/replay_ratio 264 / fps/policy 10.27 / fps/train 2629.99

Writing metrics: /home/zhangpeiying01/lfy/btwm-7.7/runs/btwm_dmc_walker_walk_seed0_w002_b11_1m/metrics.jsonl
Writing metrics: /home/zhangpeiying01/lfy/btwm-7.7/runs/btwm_dmc_walker_walk_seed0_w002_b11_1m/scores.jsonl

--------------------[Agent Step 89_952]--------------------
Metrics filtered by: 'score|length|fps|ratio|train/loss/|train/acc/|train/inv/|train/rand/'
train/acc/inv 0.62 / train/inv/ce 1.13 / train/inv/confidence 0.39 / train/inv/confidence_gating 0 / train/inv/effective_rep_weight 0.02 / train/inv/head_objective 0.47 / train/inv/head_weight 0 / train/inv/objective 0.47 / train/inv/policy_weight_max 1 / train/inv/policy_weight_mean 1 / train/inv/policy_weight_min 1 / train/inv/policy_weight_std 0 / train/inv/valid_frac 1 / train/inv/weight 0.02 / train/loss/con 0.02 / train/loss/dyn 2.97 / train/loss/image 3.83 / train/loss/inv 9.4e-3 / train/loss/policy -8.5e-3 / train/loss/rep 2.97 / train/loss/repval 0.86 / train/loss/rew 0.55 / train/loss/value 0.85 / replay/replay_ratio 264 / fps/policy 10.4 / fps/train 2661.78

Writing metrics: /home/zhangpeiying01/lfy/btwm-7.7/runs/btwm_dmc_walker_walk_seed0_w002_b11_1m/metrics.jsonl
Writing metrics: /home/zhangpeiying01/lfy/btwm-7.7/runs/btwm_dmc_walker_walk_seed0_w002_b11_1m/scores.jsonl

--------------------[Agent Step 91_200]--------------------
Metrics filtered by: 'score|length|fps|ratio|train/loss/|train/acc/|train/inv/|train/rand/'
train/acc/inv 0.62 / train/inv/ce 1.12 / train/inv/confidence 0.39 / train/inv/confidence_gating 0 / train/inv/effective_rep_weight 0.02 / train/inv/head_objective 0.47 / train/inv/head_weight 0 / train/inv/objective 0.47 / train/inv/policy_weight_max 1 / train/inv/policy_weight_mean 1 / train/inv/policy_weight_min 1 / train/inv/policy_weight_std 0 / train/inv/valid_frac 1 / train/inv/weight 0.02 / train/loss/con 0.02 / train/loss/dyn 2.93 / train/loss/image 3.81 / train/loss/inv 9.4e-3 / train/loss/policy -0.01 / train/loss/rep 2.93 / train/loss/repval 0.89 / train/loss/rew 0.55 / train/loss/value 0.88 / replay/replay_ratio 264 / fps/policy 10.32 / fps/train 2641.46

Writing metrics: /home/zhangpeiying01/lfy/btwm-7.7/runs/btwm_dmc_walker_walk_seed0_w002_b11_1m/metrics.jsonl
Writing metrics: /home/zhangpeiying01/lfy/btwm-7.7/runs/btwm_dmc_walker_walk_seed0_w002_b11_1m/scores.jsonl

--------------------[Agent Step 92_448]--------------------
Metrics filtered by: 'score|length|fps|ratio|train/loss/|train/acc/|train/inv/|train/rand/'
train/acc/inv 0.62 / train/inv/ce 1.12 / train/inv/confidence 0.39 / train/inv/confidence_gating 0 / train/inv/effective_rep_weight 0.02 / train/inv/head_objective 0.47 / train/inv/head_weight 0 / train/inv/objective 0.47 / train/inv/policy_weight_max 1 / train/inv/policy_weight_mean 1 / train/inv/policy_weight_min 1 / train/inv/policy_weight_std 0 / train/inv/valid_frac 1 / train/inv/weight 0.02 / train/loss/con 0.02 / train/loss/dyn 2.93 / train/loss/image 3.74 / train/loss/inv 9.4e-3 / train/loss/policy -9.2e-3 / train/loss/rep 2.93 / train/loss/repval 0.93 / train/loss/rew 0.55 / train/loss/value 0.93 / replay/replay_ratio 264 / fps/policy 10.27 / fps/train 2629.19

Writing metrics: /home/zhangpeiying01/lfy/btwm-7.7/runs/btwm_dmc_walker_walk_seed0_w002_b11_1m/metrics.jsonl
Writing metrics: /home/zhangpeiying01/lfy/btwm-7.7/runs/btwm_dmc_walker_walk_seed0_w002_b11_1m/scores.jsonl

--------------------[Agent Step 93_696]--------------------
Metrics filtered by: 'score|length|fps|ratio|train/loss/|train/acc/|train/inv/|train/rand/'
train/acc/inv 0.62 / train/inv/ce 1.12 / train/inv/confidence 0.39 / train/inv/confidence_gating 0 / train/inv/effective_rep_weight 0.02 / train/inv/head_objective 0.47 / train/inv/head_weight 0 / train/inv/objective 0.47 / train/inv/policy_weight_max 1 / train/inv/policy_weight_mean 1 / train/inv/policy_weight_min 1 / train/inv/policy_weight_std 0 / train/inv/valid_frac 1 / train/inv/weight 0.02 / train/loss/con 0.02 / train/loss/dyn 2.96 / train/loss/image 3.78 / train/loss/inv 9.4e-3 / train/loss/policy -8.8e-3 / train/loss/rep 2.96 / train/loss/repval 0.97 / train/loss/rew 0.55 / train/loss/value 0.96 / replay/replay_ratio 264 / fps/policy 10.36 / fps/train 2651.67

Writing metrics: /home/zhangpeiying01/lfy/btwm-7.7/runs/btwm_dmc_walker_walk_seed0_w002_b11_1m/metrics.jsonl
Writing metrics: /home/zhangpeiying01/lfy/btwm-7.7/runs/btwm_dmc_walker_walk_seed0_w002_b11_1m/scores.jsonl

--------------------[Agent Step 94_944]--------------------
Metrics filtered by: 'score|length|fps|ratio|train/loss/|train/acc/|train/inv/|train/rand/'
train/acc/inv 0.62 / train/inv/ce 1.14 / train/inv/confidence 0.39 / train/inv/confidence_gating 0 / train/inv/effective_rep_weight 0.02 / train/inv/head_objective 0.48 / train/inv/head_weight 0 / train/inv/objective 0.48 / train/inv/policy_weight_max 1 / train/inv/policy_weight_mean 1 / train/inv/policy_weight_min 1 / train/inv/policy_weight_std 0 / train/inv/valid_frac 1 / train/inv/weight 0.02 / train/loss/con 0.02 / train/loss/dyn 2.96 / train/loss/image 3.81 / train/loss/inv 9.5e-3 / train/loss/policy -0.01 / train/loss/rep 2.96 / train/loss/repval 1 / train/loss/rew 0.55 / train/loss/value 0.99 / replay/replay_ratio 264 / fps/policy 10.4 / fps/train 2662.34

Writing metrics: /home/zhangpeiying01/lfy/btwm-7.7/runs/btwm_dmc_walker_walk_seed0_w002_b11_1m/scores.jsonl
Writing metrics: /home/zhangpeiying01/lfy/btwm-7.7/runs/btwm_dmc_walker_walk_seed0_w002_b11_1m/metrics.jsonl

--------------------[Agent Step 96_192]--------------------
Metrics filtered by: 'score|length|fps|ratio|train/loss/|train/acc/|train/inv/|train/rand/'
episode/score 854.45 / episode/length 1001 / train/acc/inv 0.62 / train/inv/ce 1.13 / train/inv/confidence 0.39 / train/inv/confidence_gating 0 / train/inv/effective_rep_weight 0.02 / train/inv/head_objective 0.47 / train/inv/head_weight 0 / train/inv/objective 0.47 / train/inv/policy_weight_max 1 / train/inv/policy_weight_mean 1 / train/inv/policy_weight_min 1 / train/inv/policy_weight_std 0 / train/inv/valid_frac 1 / train/inv/weight 0.02 / train/loss/con 0.02 / train/loss/dyn 3 / train/loss/image 3.83 / train/loss/inv 9.5e-3 / train/loss/policy -0.01 / train/loss/rep 3 / train/loss/repval 1.02 / train/loss/rew 0.55 / train/loss/value 1.01 / replay/replay_ratio 264 / fps/policy 10.31 / fps/train 2640.35

Writing metrics: /home/zhangpeiying01/lfy/btwm-7.7/runs/btwm_dmc_walker_walk_seed0_w002_b11_1m/metrics.jsonl
Writing metrics: /home/zhangpeiying01/lfy/btwm-7.7/runs/btwm_dmc_walker_walk_seed0_w002_b11_1m/scores.jsonl

--------------------[Agent Step 97_440]--------------------
Metrics filtered by: 'score|length|fps|ratio|train/loss/|train/acc/|train/inv/|train/rand/'
train/acc/inv 0.61 / train/inv/ce 1.17 / train/inv/confidence 0.38 / train/inv/confidence_gating 0 / train/inv/effective_rep_weight 0.02 / train/inv/head_objective 0.49 / train/inv/head_weight 0 / train/inv/objective 0.49 / train/inv/policy_weight_max 1 / train/inv/policy_weight_mean 1 / train/inv/policy_weight_min 1 / train/inv/policy_weight_std 0 / train/inv/valid_frac 1 / train/inv/weight 0.02 / train/loss/con 0.02 / train/loss/dyn 3.08 / train/loss/image 4.02 / train/loss/inv 9.8e-3 / train/loss/policy -3.4e-3 / train/loss/rep 3.08 / train/loss/repval 1.04 / train/loss/rew 0.55 / train/loss/value 1.04 / replay/replay_ratio 264 / fps/policy 10.38 / fps/train 2657.46

Writing metrics: /home/zhangpeiying01/lfy/btwm-7.7/runs/btwm_dmc_walker_walk_seed0_w002_b11_1m/metrics.jsonl
Writing metrics: /home/zhangpeiying01/lfy/btwm-7.7/runs/btwm_dmc_walker_walk_seed0_w002_b11_1m/scores.jsonl

--------------------[Agent Step 98_688]--------------------
Metrics filtered by: 'score|length|fps|ratio|train/loss/|train/acc/|train/inv/|train/rand/'
train/acc/inv 0.61 / train/inv/ce 1.17 / train/inv/confidence 0.38 / train/inv/confidence_gating 0 / train/inv/effective_rep_weight 0.02 / train/inv/head_objective 0.49 / train/inv/head_weight 0 / train/inv/objective 0.49 / train/inv/policy_weight_max 1 / train/inv/policy_weight_mean 1 / train/inv/policy_weight_min 1 / train/inv/policy_weight_std 0 / train/inv/valid_frac 1 / train/inv/weight 0.02 / train/loss/con 0.02 / train/loss/dyn 2.99 / train/loss/image 3.96 / train/loss/inv 9.8e-3 / train/loss/policy -6.6e-3 / train/loss/rep 2.99 / train/loss/repval 1.05 / train/loss/rew 0.55 / train/loss/value 1.05 / replay/replay_ratio 264 / fps/policy 10.3 / fps/train 2637.82

Writing metrics: /home/zhangpeiying01/lfy/btwm-7.7/runs/btwm_dmc_walker_walk_seed0_w002_b11_1m/scores.jsonl
Writing metrics: /home/zhangpeiying01/lfy/btwm-7.7/runs/btwm_dmc_walker_walk_seed0_w002_b11_1m/metrics.jsonl

--------------------[Agent Step 99_936]--------------------
Metrics filtered by: 'score|length|fps|ratio|train/loss/|train/acc/|train/inv/|train/rand/'
train/acc/inv 0.61 / train/inv/ce 1.17 / train/inv/confidence 0.38 / train/inv/confidence_gating 0 / train/inv/effective_rep_weight 0.02 / train/inv/head_objective 0.49 / train/inv/head_weight 0 / train/inv/objective 0.49 / train/inv/policy_weight_max 1 / train/inv/policy_weight_mean 1 / train/inv/policy_weight_min 1 / train/inv/policy_weight_std 0 / train/inv/valid_frac 1 / train/inv/weight 0.02 / train/loss/con 0.02 / train/loss/dyn 3.01 / train/loss/image 3.9 / train/loss/inv 9.8e-3 / train/loss/policy -7.8e-3 / train/loss/rep 3.01 / train/loss/repval 1.06 / train/loss/rew 0.55 / train/loss/value 1.07 / replay/replay_ratio 264 / fps/policy 10.3 / fps/train 2636.09

Writing metrics: /home/zhangpeiying01/lfy/btwm-7.7/runs/btwm_dmc_walker_walk_seed0_w002_b11_1m/scores.jsonl
Writing metrics: /home/zhangpeiying01/lfy/btwm-7.7/runs/btwm_dmc_walker_walk_seed0_w002_b11_1m/metrics.jsonl

--------------------[Agent Step 101_184]--------------------
Metrics filtered by: 'score|length|fps|ratio|train/loss/|train/acc/|train/inv/|train/rand/'
train/acc/inv 0.61 / train/inv/ce 1.16 / train/inv/confidence 0.38 / train/inv/confidence_gating 0 / train/inv/effective_rep_weight 0.02 / train/inv/head_objective 0.48 / train/inv/head_weight 0 / train/inv/objective 0.48 / train/inv/policy_weight_max 1 / train/inv/policy_weight_mean 1 / train/inv/policy_weight_min 1 / train/inv/policy_weight_std 0 / train/inv/valid_frac 1 / train/inv/weight 0.02 / train/loss/con 0.02 / train/loss/dyn 2.96 / train/loss/image 3.84 / train/loss/inv 9.7e-3 / train/loss/policy -0.01 / train/loss/rep 2.96 / train/loss/repval 1.07 / train/loss/rew 0.55 / train/loss/value 1.07 / replay/replay_ratio 264 / fps/policy 10.33 / fps/train 2645.52

Writing metrics: /home/zhangpeiying01/lfy/btwm-7.7/runs/btwm_dmc_walker_walk_seed0_w002_b11_1m/scores.jsonl
Writing metrics: /home/zhangpeiying01/lfy/btwm-7.7/runs/btwm_dmc_walker_walk_seed0_w002_b11_1m/metrics.jsonl

--------------------[Agent Step 102_432]--------------------
Metrics filtered by: 'score|length|fps|ratio|train/loss/|train/acc/|train/inv/|train/rand/'
train/acc/inv 0.61 / train/inv/ce 1.16 / train/inv/confidence 0.38 / train/inv/confidence_gating 0 / train/inv/effective_rep_weight 0.02 / train/inv/head_objective 0.48 / train/inv/head_weight 0 / train/inv/objective 0.48 / train/inv/policy_weight_max 1 / train/inv/policy_weight_mean 1 / train/inv/policy_weight_min 1 / train/inv/policy_weight_std 0 / train/inv/valid_frac 1 / train/inv/weight 0.02 / train/loss/con 0.02 / train/loss/dyn 2.93 / train/loss/image 3.76 / train/loss/inv 9.7e-3 / train/loss/policy -8.3e-3 / train/loss/rep 2.93 / train/loss/repval 1.09 / train/loss/rew 0.55 / train/loss/value 1.09 / replay/replay_ratio 264 / fps/policy 10.33 / fps/train 2645.09

Writing metrics: /home/zhangpeiying01/lfy/btwm-7.7/runs/btwm_dmc_walker_walk_seed0_w002_b11_1m/scores.jsonl
Writing metrics: /home/zhangpeiying01/lfy/btwm-7.7/runs/btwm_dmc_walker_walk_seed0_w002_b11_1m/metrics.jsonl

--------------------[Agent Step 103_680]--------------------
Metrics filtered by: 'score|length|fps|ratio|train/loss/|train/acc/|train/inv/|train/rand/'
train/acc/inv 0.61 / train/inv/ce 1.17 / train/inv/confidence 0.37 / train/inv/confidence_gating 0 / train/inv/effective_rep_weight 0.02 / train/inv/head_objective 0.49 / train/inv/head_weight 0 / train/inv/objective 0.49 / train/inv/policy_weight_max 1 / train/inv/policy_weight_mean 1 / train/inv/policy_weight_min 1 / train/inv/policy_weight_std 0 / train/inv/valid_frac 1 / train/inv/weight 0.02 / train/loss/con 0.02 / train/loss/dyn 2.96 / train/loss/image 3.75 / train/loss/inv 9.8e-3 / train/loss/policy -7.2e-3 / train/loss/rep 2.96 / train/loss/repval 1.1 / train/loss/rew 0.55 / train/loss/value 1.11 / replay/replay_ratio 264 / fps/policy 10.42 / fps/train 2667.33

Writing metrics: /home/zhangpeiying01/lfy/btwm-7.7/runs/btwm_dmc_walker_walk_seed0_w002_b11_1m/scores.jsonl
Writing metrics: /home/zhangpeiying01/lfy/btwm-7.7/runs/btwm_dmc_walker_walk_seed0_w002_b11_1m/metrics.jsonl

--------------------[Agent Step 104_928]--------------------
Metrics filtered by: 'score|length|fps|ratio|train/loss/|train/acc/|train/inv/|train/rand/'
train/acc/inv 0.61 / train/inv/ce 1.17 / train/inv/confidence 0.38 / train/inv/confidence_gating 0 / train/inv/effective_rep_weight 0.02 / train/inv/head_objective 0.49 / train/inv/head_weight 0 / train/inv/objective 0.49 / train/inv/policy_weight_max 1 / train/inv/policy_weight_mean 1 / train/inv/policy_weight_min 1 / train/inv/policy_weight_std 0 / train/inv/valid_frac 1 / train/inv/weight 0.02 / train/loss/con 0.02 / train/loss/dyn 2.94 / train/loss/image 3.72 / train/loss/inv 9.7e-3 / train/loss/policy -5.6e-3 / train/loss/rep 2.94 / train/loss/repval 1.12 / train/loss/rew 0.55 / train/loss/value 1.13 / replay/replay_ratio 264 / fps/policy 10.28 / fps/train 2631.85

Writing metrics: /home/zhangpeiying01/lfy/btwm-7.7/runs/btwm_dmc_walker_walk_seed0_w002_b11_1m/scores.jsonl
Writing metrics: /home/zhangpeiying01/lfy/btwm-7.7/runs/btwm_dmc_walker_walk_seed0_w002_b11_1m/metrics.jsonl

--------------------[Agent Step 106_176]--------------------
Metrics filtered by: 'score|length|fps|ratio|train/loss/|train/acc/|train/inv/|train/rand/'
train/acc/inv 0.61 / train/inv/ce 1.16 / train/inv/confidence 0.38 / train/inv/confidence_gating 0 / train/inv/effective_rep_weight 0.02 / train/inv/head_objective 0.48 / train/inv/head_weight 0 / train/inv/objective 0.48 / train/inv/policy_weight_max 1 / train/inv/policy_weight_mean 1 / train/inv/policy_weight_min 1 / train/inv/policy_weight_std 0 / train/inv/valid_frac 1 / train/inv/weight 0.02 / train/loss/con 0.02 / train/loss/dyn 2.93 / train/loss/image 3.7 / train/loss/inv 9.7e-3 / train/loss/policy -6.6e-3 / train/loss/rep 2.93 / train/loss/repval 1.13 / train/loss/rew 0.55 / train/loss/value 1.14 / replay/replay_ratio 264 / fps/policy 10.33 / fps/train 2645.11

Writing metrics: /home/zhangpeiying01/lfy/btwm-7.7/runs/btwm_dmc_walker_walk_seed0_w002_b11_1m/metrics.jsonl
Writing metrics: /home/zhangpeiying01/lfy/btwm-7.7/runs/btwm_dmc_walker_walk_seed0_w002_b11_1m/scores.jsonl

--------------------[Agent Step 107_424]--------------------
Metrics filtered by: 'score|length|fps|ratio|train/loss/|train/acc/|train/inv/|train/rand/'
train/acc/inv 0.61 / train/inv/ce 1.17 / train/inv/confidence 0.38 / train/inv/confidence_gating 0 / train/inv/effective_rep_weight 0.02 / train/inv/head_objective 0.49 / train/inv/head_weight 0 / train/inv/objective 0.49 / train/inv/policy_weight_max 1 / train/inv/policy_weight_mean 1 / train/inv/policy_weight_min 1 / train/inv/policy_weight_std 0 / train/inv/valid_frac 1 / train/inv/weight 0.02 / train/loss/con 0.02 / train/loss/dyn 2.95 / train/loss/image 3.67 / train/loss/inv 9.7e-3 / train/loss/policy -0.01 / train/loss/rep 2.95 / train/loss/repval 1.16 / train/loss/rew 0.55 / train/loss/value 1.17 / replay/replay_ratio 264 / fps/policy 10.39 / fps/train 2660.52

Writing metrics: /home/zhangpeiying01/lfy/btwm-7.7/runs/btwm_dmc_walker_walk_seed0_w002_b11_1m/scores.jsonl
Writing metrics: /home/zhangpeiying01/lfy/btwm-7.7/runs/btwm_dmc_walker_walk_seed0_w002_b11_1m/metrics.jsonl

--------------------[Agent Step 108_672]--------------------
Metrics filtered by: 'score|length|fps|ratio|train/loss/|train/acc/|train/inv/|train/rand/'
train/acc/inv 0.61 / train/inv/ce 1.16 / train/inv/confidence 0.38 / train/inv/confidence_gating 0 / train/inv/effective_rep_weight 0.02 / train/inv/head_objective 0.49 / train/inv/head_weight 0 / train/inv/objective 0.49 / train/inv/policy_weight_max 1 / train/inv/policy_weight_mean 1 / train/inv/policy_weight_min 1 / train/inv/policy_weight_std 0 / train/inv/valid_frac 1 / train/inv/weight 0.02 / train/loss/con 0.02 / train/loss/dyn 2.89 / train/loss/image 3.63 / train/loss/inv 9.7e-3 / train/loss/policy -8.4e-3 / train/loss/rep 2.89 / train/loss/repval 1.17 / train/loss/rew 0.55 / train/loss/value 1.19 / replay/replay_ratio 264 / fps/policy 10.34 / fps/train 2647.8

Writing metrics: /home/zhangpeiying01/lfy/btwm-7.7/runs/btwm_dmc_walker_walk_seed0_w002_b11_1m/metrics.jsonl
Writing metrics: /home/zhangpeiying01/lfy/btwm-7.7/runs/btwm_dmc_walker_walk_seed0_w002_b11_1m/scores.jsonl

--------------------[Agent Step 109_920]--------------------
Metrics filtered by: 'score|length|fps|ratio|train/loss/|train/acc/|train/inv/|train/rand/'
train/acc/inv 0.61 / train/inv/ce 1.17 / train/inv/confidence 0.38 / train/inv/confidence_gating 0 / train/inv/effective_rep_weight 0.02 / train/inv/head_objective 0.49 / train/inv/head_weight 0 / train/inv/objective 0.49 / train/inv/policy_weight_max 1 / train/inv/policy_weight_mean 1 / train/inv/policy_weight_min 1 / train/inv/policy_weight_std 0 / train/inv/valid_frac 1 / train/inv/weight 0.02 / train/loss/con 0.02 / train/loss/dyn 2.93 / train/loss/image 3.63 / train/loss/inv 9.8e-3 / train/loss/policy -0.01 / train/loss/rep 2.93 / train/loss/repval 1.19 / train/loss/rew 0.55 / train/loss/value 1.21 / replay/replay_ratio 264 / fps/policy 10.28 / fps/train 2632.63

Writing metrics: /home/zhangpeiying01/lfy/btwm-7.7/runs/btwm_dmc_walker_walk_seed0_w002_b11_1m/metrics.jsonl
Writing metrics: /home/zhangpeiying01/lfy/btwm-7.7/runs/btwm_dmc_walker_walk_seed0_w002_b11_1m/scores.jsonl

--------------------[Agent Step 111_152]--------------------
Metrics filtered by: 'score|length|fps|ratio|train/loss/|train/acc/|train/inv/|train/rand/'
train/acc/inv 0.61 / train/inv/ce 1.16 / train/inv/confidence 0.38 / train/inv/confidence_gating 0 / train/inv/effective_rep_weight 0.02 / train/inv/head_objective 0.49 / train/inv/head_weight 0 / train/inv/objective 0.49 / train/inv/policy_weight_max 1 / train/inv/policy_weight_mean 1 / train/inv/policy_weight_min 1 / train/inv/policy_weight_std 0 / train/inv/valid_frac 1 / train/inv/weight 0.02 / train/loss/con 0.02 / train/loss/dyn 2.92 / train/loss/image 3.62 / train/loss/inv 9.7e-3 / train/loss/policy -0.01 / train/loss/rep 2.92 / train/loss/repval 1.2 / train/loss/rew 0.55 / train/loss/value 1.22 / replay/replay_ratio 264 / fps/policy 10.25 / fps/train 2624.35

Writing metrics: /home/zhangpeiying01/lfy/btwm-7.7/runs/btwm_dmc_walker_walk_seed0_w002_b11_1m/metrics.jsonl
Writing metrics: /home/zhangpeiying01/lfy/btwm-7.7/runs/btwm_dmc_walker_walk_seed0_w002_b11_1m/scores.jsonl

--------------------[Agent Step 112_384]--------------------
Metrics filtered by: 'score|length|fps|ratio|train/loss/|train/acc/|train/inv/|train/rand/'
episode/score 856.8 / episode/length 1001 / train/acc/inv 0.61 / train/inv/ce 1.19 / train/inv/confidence 0.37 / train/inv/confidence_gating 0 / train/inv/effective_rep_weight 0.02 / train/inv/head_objective 0.5 / train/inv/head_weight 0 / train/inv/objective 0.5 / train/inv/policy_weight_max 1 / train/inv/policy_weight_mean 1 / train/inv/policy_weight_min 1 / train/inv/policy_weight_std 0 / train/inv/valid_frac 1 / train/inv/weight 0.02 / train/loss/con 0.02 / train/loss/dyn 2.95 / train/loss/image 3.6 / train/loss/inv 9.9e-3 / train/loss/policy -7.2e-3 / train/loss/rep 2.95 / train/loss/repval 1.21 / train/loss/rew 0.56 / train/loss/value 1.23 / replay/replay_ratio 264 / fps/policy 10.27 / fps/train 2629.61

Writing metrics: /home/zhangpeiying01/lfy/btwm-7.7/runs/btwm_dmc_walker_walk_seed0_w002_b11_1m/metrics.jsonl
Writing metrics: /home/zhangpeiying01/lfy/btwm-7.7/runs/btwm_dmc_walker_walk_seed0_w002_b11_1m/scores.jsonl
Saving checkpoint: /home/zhangpeiying01/lfy/btwm-7.7/runs/btwm_dmc_walker_walk_seed0_w002_b11_1m/ckpt/20260713T004404F772288
Saved checkpoint.

--------------------[Agent Step 113_520]--------------------
Metrics filtered by: 'score|length|fps|ratio|train/loss/|train/acc/|train/inv/|train/rand/'
train/acc/inv 0.6 / train/inv/ce 1.2 / train/inv/confidence 0.37 / train/inv/confidence_gating 0 / train/inv/effective_rep_weight 0.02 / train/inv/head_objective 0.5 / train/inv/head_weight 0 / train/inv/objective 0.5 / train/inv/policy_weight_max 1 / train/inv/policy_weight_mean 1 / train/inv/policy_weight_min 1 / train/inv/policy_weight_std 0 / train/inv/valid_frac 1 / train/inv/weight 0.02 / train/loss/con 0.02 / train/loss/dyn 3.08 / train/loss/image 3.83 / train/loss/inv 1e-2 / train/loss/policy -6.1e-3 / train/loss/rep 3.08 / train/loss/repval 1.22 / train/loss/rew 0.56 / train/loss/value 1.24 / replay/replay_ratio 264 / fps/policy 9.46 / fps/train 2423.01

Writing metrics: /home/zhangpeiying01/lfy/btwm-7.7/runs/btwm_dmc_walker_walk_seed0_w002_b11_1m/metrics.jsonl
Writing metrics: /home/zhangpeiying01/lfy/btwm-7.7/runs/btwm_dmc_walker_walk_seed0_w002_b11_1m/scores.jsonl

--------------------[Agent Step 114_752]--------------------
Metrics filtered by: 'score|length|fps|ratio|train/loss/|train/acc/|train/inv/|train/rand/'
train/acc/inv 0.6 / train/inv/ce 1.2 / train/inv/confidence 0.37 / train/inv/confidence_gating 0 / train/inv/effective_rep_weight 0.02 / train/inv/head_objective 0.5 / train/inv/head_weight 0 / train/inv/objective 0.5 / train/inv/policy_weight_max 1 / train/inv/policy_weight_mean 1 / train/inv/policy_weight_min 1 / train/inv/policy_weight_std 0 / train/inv/valid_frac 1 / train/inv/weight 0.02 / train/loss/con 0.02 / train/loss/dyn 2.97 / train/loss/image 3.71 / train/loss/inv 0.01 / train/loss/policy -9.6e-3 / train/loss/rep 2.97 / train/loss/repval 1.22 / train/loss/rew 0.56 / train/loss/value 1.25 / replay/replay_ratio 264 / fps/policy 10.26 / fps/train 2626.26

Writing metrics: /home/zhangpeiying01/lfy/btwm-7.7/runs/btwm_dmc_walker_walk_seed0_w002_b11_1m/metrics.jsonl
Writing metrics: /home/zhangpeiying01/lfy/btwm-7.7/runs/btwm_dmc_walker_walk_seed0_w002_b11_1m/scores.jsonl

--------------------[Agent Step 116_016]--------------------
Metrics filtered by: 'score|length|fps|ratio|train/loss/|train/acc/|train/inv/|train/rand/'
train/acc/inv 0.6 / train/inv/ce 1.2 / train/inv/confidence 0.37 / train/inv/confidence_gating 0 / train/inv/effective_rep_weight 0.02 / train/inv/head_objective 0.5 / train/inv/head_weight 0 / train/inv/objective 0.5 / train/inv/policy_weight_max 1 / train/inv/policy_weight_mean 1 / train/inv/policy_weight_min 1 / train/inv/policy_weight_std 0 / train/inv/valid_frac 1 / train/inv/weight 0.02 / train/loss/con 0.02 / train/loss/dyn 2.93 / train/loss/image 3.65 / train/loss/inv 1e-2 / train/loss/policy -8.7e-3 / train/loss/rep 2.93 / train/loss/repval 1.23 / train/loss/rew 0.56 / train/loss/value 1.26 / replay/replay_ratio 264 / fps/policy 10.51 / fps/train 2689.93

Writing metrics: /home/zhangpeiying01/lfy/btwm-7.7/runs/btwm_dmc_walker_walk_seed0_w002_b11_1m/metrics.jsonl
Writing metrics: /home/zhangpeiying01/lfy/btwm-7.7/runs/btwm_dmc_walker_walk_seed0_w002_b11_1m/scores.jsonl

--------------------[Agent Step 117_248]--------------------
Metrics filtered by: 'score|length|fps|ratio|train/loss/|train/acc/|train/inv/|train/rand/'
train/acc/inv 0.6 / train/inv/ce 1.19 / train/inv/confidence 0.37 / train/inv/confidence_gating 0 / train/inv/effective_rep_weight 0.02 / train/inv/head_objective 0.5 / train/inv/head_weight 0 / train/inv/objective 0.5 / train/inv/policy_weight_max 1 / train/inv/policy_weight_mean 1 / train/inv/policy_weight_min 1 / train/inv/policy_weight_std 0 / train/inv/valid_frac 1 / train/inv/weight 0.02 / train/loss/con 0.02 / train/loss/dyn 2.95 / train/loss/image 3.63 / train/loss/inv 1e-2 / train/loss/policy -9e-3 / train/loss/rep 2.95 / train/loss/repval 1.25 / train/loss/rew 0.56 / train/loss/value 1.28 / replay/replay_ratio 264 / fps/policy 10.14 / fps/train 2596.7

Writing metrics: /home/zhangpeiying01/lfy/btwm-7.7/runs/btwm_dmc_walker_walk_seed0_w002_b11_1m/metrics.jsonl
Writing metrics: /home/zhangpeiying01/lfy/btwm-7.7/runs/btwm_dmc_walker_walk_seed0_w002_b11_1m/scores.jsonl

--------------------[Agent Step 118_496]--------------------
Metrics filtered by: 'score|length|fps|ratio|train/loss/|train/acc/|train/inv/|train/rand/'
train/acc/inv 0.6 / train/inv/ce 1.2 / train/inv/confidence 0.37 / train/inv/confidence_gating 0 / train/inv/effective_rep_weight 0.02 / train/inv/head_objective 0.5 / train/inv/head_weight 0 / train/inv/objective 0.5 / train/inv/policy_weight_max 1 / train/inv/policy_weight_mean 1 / train/inv/policy_weight_min 1 / train/inv/policy_weight_std 0 / train/inv/valid_frac 1 / train/inv/weight 0.02 / train/loss/con 0.02 / train/loss/dyn 2.93 / train/loss/image 3.59 / train/loss/inv 1e-2 / train/loss/policy -3.5e-3 / train/loss/rep 2.93 / train/loss/repval 1.26 / train/loss/rew 0.56 / train/loss/value 1.29 / replay/replay_ratio 264 / fps/policy 10.36 / fps/train 2652.29

Writing metrics: /home/zhangpeiying01/lfy/btwm-7.7/runs/btwm_dmc_walker_walk_seed0_w002_b11_1m/scores.jsonl
Writing metrics: /home/zhangpeiying01/lfy/btwm-7.7/runs/btwm_dmc_walker_walk_seed0_w002_b11_1m/metrics.jsonl

--------------------[Agent Step 119_744]--------------------
Metrics filtered by: 'score|length|fps|ratio|train/loss/|train/acc/|train/inv/|train/rand/'
train/acc/inv 0.6 / train/inv/ce 1.2 / train/inv/confidence 0.37 / train/inv/confidence_gating 0 / train/inv/effective_rep_weight 0.02 / train/inv/head_objective 0.5 / train/inv/head_weight 0 / train/inv/objective 0.5 / train/inv/policy_weight_max 1 / train/inv/policy_weight_mean 1 / train/inv/policy_weight_min 1 / train/inv/policy_weight_std 0 / train/inv/valid_frac 1 / train/inv/weight 0.02 / train/loss/con 0.02 / train/loss/dyn 2.92 / train/loss/image 3.59 / train/loss/inv 0.01 / train/loss/policy -8e-3 / train/loss/rep 2.92 / train/loss/repval 1.27 / train/loss/rew 0.56 / train/loss/value 1.29 / replay/replay_ratio 264 / fps/policy 10.33 / fps/train 2645.42

Writing metrics: /home/zhangpeiying01/lfy/btwm-7.7/runs/btwm_dmc_walker_walk_seed0_w002_b11_1m/metrics.jsonl
Writing metrics: /home/zhangpeiying01/lfy/btwm-7.7/runs/btwm_dmc_walker_walk_seed0_w002_b11_1m/scores.jsonl

--------------------[Agent Step 120_992]--------------------
Metrics filtered by: 'score|length|fps|ratio|train/loss/|train/acc/|train/inv/|train/rand/'
train/acc/inv 0.6 / train/inv/ce 1.21 / train/inv/confidence 0.36 / train/inv/confidence_gating 0 / train/inv/effective_rep_weight 0.02 / train/inv/head_objective 0.5 / train/inv/head_weight 0 / train/inv/objective 0.5 / train/inv/policy_weight_max 1 / train/inv/policy_weight_mean 1 / train/inv/policy_weight_min 1 / train/inv/policy_weight_std 0 / train/inv/valid_frac 1 / train/inv/weight 0.02 / train/loss/con 0.02 / train/loss/dyn 2.95 / train/loss/image 3.58 / train/loss/inv 0.01 / train/loss/policy -8.8e-3 / train/loss/rep 2.95 / train/loss/repval 1.27 / train/loss/rew 0.56 / train/loss/value 1.29 / replay/replay_ratio 264 / fps/policy 10.33 / fps/train 2644.75

Writing metrics: /home/zhangpeiying01/lfy/btwm-7.7/runs/btwm_dmc_walker_walk_seed0_w002_b11_1m/metrics.jsonl
Writing metrics: /home/zhangpeiying01/lfy/btwm-7.7/runs/btwm_dmc_walker_walk_seed0_w002_b11_1m/scores.jsonl

--------------------[Agent Step 122_240]--------------------
Metrics filtered by: 'score|length|fps|ratio|train/loss/|train/acc/|train/inv/|train/rand/'
train/acc/inv 0.6 / train/inv/ce 1.2 / train/inv/confidence 0.37 / train/inv/confidence_gating 0 / train/inv/effective_rep_weight 0.02 / train/inv/head_objective 0.5 / train/inv/head_weight 0 / train/inv/objective 0.5 / train/inv/policy_weight_max 1 / train/inv/policy_weight_mean 1 / train/inv/policy_weight_min 1 / train/inv/policy_weight_std 0 / train/inv/valid_frac 1 / train/inv/weight 0.02 / train/loss/con 0.02 / train/loss/dyn 2.9 / train/loss/image 3.55 / train/loss/inv 1e-2 / train/loss/policy -9.3e-3 / train/loss/rep 2.9 / train/loss/repval 1.27 / train/loss/rew 0.56 / train/loss/value 1.28 / replay/replay_ratio 264 / fps/policy 10.35 / fps/train 2648.77

Writing metrics: /home/zhangpeiying01/lfy/btwm-7.7/runs/btwm_dmc_walker_walk_seed0_w002_b11_1m/metrics.jsonl
Writing metrics: /home/zhangpeiying01/lfy/btwm-7.7/runs/btwm_dmc_walker_walk_seed0_w002_b11_1m/scores.jsonl

--------------------[Agent Step 123_504]--------------------
Metrics filtered by: 'score|length|fps|ratio|train/loss/|train/acc/|train/inv/|train/rand/'
train/acc/inv 0.6 / train/inv/ce 1.2 / train/inv/confidence 0.36 / train/inv/confidence_gating 0 / train/inv/effective_rep_weight 0.02 / train/inv/head_objective 0.5 / train/inv/head_weight 0 / train/inv/objective 0.5 / train/inv/policy_weight_max 1 / train/inv/policy_weight_mean 1 / train/inv/policy_weight_min 1 / train/inv/policy_weight_std 0 / train/inv/valid_frac 1 / train/inv/weight 0.02 / train/loss/con 0.02 / train/loss/dyn 2.92 / train/loss/image 3.54 / train/loss/inv 0.01 / train/loss/policy -8.6e-3 / train/loss/rep 2.92 / train/loss/repval 1.26 / train/loss/rew 0.56 / train/loss/value 1.26 / replay/replay_ratio 264 / fps/policy 10.43 / fps/train 2669.19

Writing metrics: /home/zhangpeiying01/lfy/btwm-7.7/runs/btwm_dmc_walker_walk_seed0_w002_b11_1m/scores.jsonl
Writing metrics: /home/zhangpeiying01/lfy/btwm-7.7/runs/btwm_dmc_walker_walk_seed0_w002_b11_1m/metrics.jsonl

--------------------[Agent Step 124_752]--------------------
Metrics filtered by: 'score|length|fps|ratio|train/loss/|train/acc/|train/inv/|train/rand/'
train/acc/inv 0.6 / train/inv/ce 1.2 / train/inv/confidence 0.36 / train/inv/confidence_gating 0 / train/inv/effective_rep_weight 0.02 / train/inv/head_objective 0.5 / train/inv/head_weight 0 / train/inv/objective 0.5 / train/inv/policy_weight_max 1 / train/inv/policy_weight_mean 1 / train/inv/policy_weight_min 1 / train/inv/policy_weight_std 0 / train/inv/valid_frac 1 / train/inv/weight 0.02 / train/loss/con 0.02 / train/loss/dyn 2.91 / train/loss/image 3.51 / train/loss/inv 0.01 / train/loss/policy -8.2e-3 / train/loss/rep 2.91 / train/loss/repval 1.24 / train/loss/rew 0.56 / train/loss/value 1.23 / replay/replay_ratio 264 / fps/policy 10.29 / fps/train 2633.02

Writing metrics: /home/zhangpeiying01/lfy/btwm-7.7/runs/btwm_dmc_walker_walk_seed0_w002_b11_1m/metrics.jsonl
Writing metrics: /home/zhangpeiying01/lfy/btwm-7.7/runs/btwm_dmc_walker_walk_seed0_w002_b11_1m/scores.jsonl

--------------------[Agent Step 126_000]--------------------
Metrics filtered by: 'score|length|fps|ratio|train/loss/|train/acc/|train/inv/|train/rand/'
train/acc/inv 0.6 / train/inv/ce 1.2 / train/inv/confidence 0.36 / train/inv/confidence_gating 0 / train/inv/effective_rep_weight 0.02 / train/inv/head_objective 0.5 / train/inv/head_weight 0 / train/inv/objective 0.5 / train/inv/policy_weight_max 1 / train/inv/policy_weight_mean 1 / train/inv/policy_weight_min 1 / train/inv/policy_weight_std 0 / train/inv/valid_frac 1 / train/inv/weight 0.02 / train/loss/con 0.02 / train/loss/dyn 2.91 / train/loss/image 3.48 / train/loss/inv 0.01 / train/loss/policy -0.01 / train/loss/rep 2.91 / train/loss/repval 1.22 / train/loss/rew 0.56 / train/loss/value 1.19 / replay/replay_ratio 264 / fps/policy 10.35 / fps/train 2650.16

Writing metrics: /home/zhangpeiying01/lfy/btwm-7.7/runs/btwm_dmc_walker_walk_seed0_w002_b11_1m/metrics.jsonl
Writing metrics: /home/zhangpeiying01/lfy/btwm-7.7/runs/btwm_dmc_walker_walk_seed0_w002_b11_1m/scores.jsonl

--------------------[Agent Step 127_248]--------------------
Metrics filtered by: 'score|length|fps|ratio|train/loss/|train/acc/|train/inv/|train/rand/'
train/acc/inv 0.6 / train/inv/ce 1.2 / train/inv/confidence 0.36 / train/inv/confidence_gating 0 / train/inv/effective_rep_weight 0.02 / train/inv/head_objective 0.5 / train/inv/head_weight 0 / train/inv/objective 0.5 / train/inv/policy_weight_max 1 / train/inv/policy_weight_mean 1 / train/inv/policy_weight_min 1 / train/inv/policy_weight_std 0 / train/inv/valid_frac 1 / train/inv/weight 0.02 / train/loss/con 0.02 / train/loss/dyn 2.88 / train/loss/image 3.45 / train/loss/inv 0.01 / train/loss/policy -8.1e-3 / train/loss/rep 2.88 / train/loss/repval 1.19 / train/loss/rew 0.56 / train/loss/value 1.13 / replay/replay_ratio 264 / fps/policy 10.3 / fps/train 2635.64

Writing metrics: /home/zhangpeiying01/lfy/btwm-7.7/runs/btwm_dmc_walker_walk_seed0_w002_b11_1m/metrics.jsonl
Writing metrics: /home/zhangpeiying01/lfy/btwm-7.7/runs/btwm_dmc_walker_walk_seed0_w002_b11_1m/scores.jsonl

--------------------[Agent Step 128_480]--------------------
Metrics filtered by: 'score|length|fps|ratio|train/loss/|train/acc/|train/inv/|train/rand/'
episode/score 855.88 / episode/length 1001 / train/acc/inv 0.6 / train/inv/ce 1.21 / train/inv/confidence 0.36 / train/inv/confidence_gating 0 / train/inv/effective_rep_weight 0.02 / train/inv/head_objective 0.51 / train/inv/head_weight 0 / train/inv/objective 0.51 / train/inv/policy_weight_max 1 / train/inv/policy_weight_mean 1 / train/inv/policy_weight_min 1 / train/inv/policy_weight_std 0 / train/inv/valid_frac 1 / train/inv/weight 0.02 / train/loss/con 0.02 / train/loss/dyn 2.99 / train/loss/image 3.57 / train/loss/inv 0.01 / train/loss/policy -0.01 / train/loss/rep 2.99 / train/loss/repval 1.15 / train/loss/rew 0.56 / train/loss/value 1.08 / replay/replay_ratio 264 / fps/policy 10.21 / fps/train 2613.65

Writing metrics: /home/zhangpeiying01/lfy/btwm-7.7/runs/btwm_dmc_walker_walk_seed0_w002_b11_1m/metrics.jsonl
Writing metrics: /home/zhangpeiying01/lfy/btwm-7.7/runs/btwm_dmc_walker_walk_seed0_w002_b11_1m/scores.jsonl

--------------------[Agent Step 129_712]--------------------
Metrics filtered by: 'score|length|fps|ratio|train/loss/|train/acc/|train/inv/|train/rand/'
train/acc/inv 0.6 / train/inv/ce 1.21 / train/inv/confidence 0.36 / train/inv/confidence_gating 0 / train/inv/effective_rep_weight 0.02 / train/inv/head_objective 0.51 / train/inv/head_weight 0 / train/inv/objective 0.51 / train/inv/policy_weight_max 1 / train/inv/policy_weight_mean 1 / train/inv/policy_weight_min 1 / train/inv/policy_weight_std 0 / train/inv/valid_frac 1 / train/inv/weight 0.02 / train/loss/con 0.02 / train/loss/dyn 2.99 / train/loss/image 3.66 / train/loss/inv 0.01 / train/loss/policy -0.01 / train/loss/rep 2.99 / train/loss/repval 1.13 / train/loss/rew 0.56 / train/loss/value 1.05 / replay/replay_ratio 264 / fps/policy 10.15 / fps/train 2599.28

Writing metrics: /home/zhangpeiying01/lfy/btwm-7.7/runs/btwm_dmc_walker_walk_seed0_w002_b11_1m/metrics.jsonl
Writing metrics: /home/zhangpeiying01/lfy/btwm-7.7/runs/btwm_dmc_walker_walk_seed0_w002_b11_1m/scores.jsonl

--------------------[Agent Step 130_944]--------------------
Metrics filtered by: 'score|length|fps|ratio|train/loss/|train/acc/|train/inv/|train/rand/'
train/acc/inv 0.6 / train/inv/ce 1.22 / train/inv/confidence 0.36 / train/inv/confidence_gating 0 / train/inv/effective_rep_weight 0.02 / train/inv/head_objective 0.51 / train/inv/head_weight 0 / train/inv/objective 0.51 / train/inv/policy_weight_max 1 / train/inv/policy_weight_mean 1 / train/inv/policy_weight_min 1 / train/inv/policy_weight_std 0 / train/inv/valid_frac 1 / train/inv/weight 0.02 / train/loss/con 0.02 / train/loss/dyn 2.91 / train/loss/image 3.58 / train/loss/inv 0.01 / train/loss/policy -8.4e-3 / train/loss/rep 2.91 / train/loss/repval 1.13 / train/loss/rew 0.56 / train/loss/value 1.04 / replay/replay_ratio 264 / fps/policy 10.14 / fps/train 2596.99

Writing metrics: /home/zhangpeiying01/lfy/btwm-7.7/runs/btwm_dmc_walker_walk_seed0_w002_b11_1m/metrics.jsonl
Writing metrics: /home/zhangpeiying01/lfy/btwm-7.7/runs/btwm_dmc_walker_walk_seed0_w002_b11_1m/scores.jsonl

--------------------[Agent Step 132_176]--------------------
Metrics filtered by: 'score|length|fps|ratio|train/loss/|train/acc/|train/inv/|train/rand/'
train/acc/inv 0.6 / train/inv/ce 1.23 / train/inv/confidence 0.35 / train/inv/confidence_gating 0 / train/inv/effective_rep_weight 0.02 / train/inv/head_objective 0.51 / train/inv/head_weight 0 / train/inv/objective 0.51 / train/inv/policy_weight_max 1 / train/inv/policy_weight_mean 1 / train/inv/policy_weight_min 1 / train/inv/policy_weight_std 0 / train/inv/valid_frac 1 / train/inv/weight 0.02 / train/loss/con 0.02 / train/loss/dyn 2.95 / train/loss/image 3.57 / train/loss/inv 0.01 / train/loss/policy -8.2e-3 / train/loss/rep 2.95 / train/loss/repval 1.11 / train/loss/rew 0.56 / train/loss/value 1.03 / replay/replay_ratio 264 / fps/policy 10.19 / fps/train 2608.62

Writing metrics: /home/zhangpeiying01/lfy/btwm-7.7/runs/btwm_dmc_walker_walk_seed0_w002_b11_1m/metrics.jsonl
Writing metrics: /home/zhangpeiying01/lfy/btwm-7.7/runs/btwm_dmc_walker_walk_seed0_w002_b11_1m/scores.jsonl

--------------------[Agent Step 133_408]--------------------
Metrics filtered by: 'score|length|fps|ratio|train/loss/|train/acc/|train/inv/|train/rand/'
train/acc/inv 0.6 / train/inv/ce 1.23 / train/inv/confidence 0.36 / train/inv/confidence_gating 0 / train/inv/effective_rep_weight 0.02 / train/inv/head_objective 0.51 / train/inv/head_weight 0 / train/inv/objective 0.51 / train/inv/policy_weight_max 1 / train/inv/policy_weight_mean 1 / train/inv/policy_weight_min 1 / train/inv/policy_weight_std 0 / train/inv/valid_frac 1 / train/inv/weight 0.02 / train/loss/con 0.02 / train/loss/dyn 2.92 / train/loss/image 3.54 / train/loss/inv 0.01 / train/loss/policy -0.01 / train/loss/rep 2.92 / train/loss/repval 1.1 / train/loss/rew 0.56 / train/loss/value 1.01 / replay/replay_ratio 264 / fps/policy 10.26 / fps/train 2627.71

Writing metrics: /home/zhangpeiying01/lfy/btwm-7.7/runs/btwm_dmc_walker_walk_seed0_w002_b11_1m/metrics.jsonl
Writing metrics: /home/zhangpeiying01/lfy/btwm-7.7/runs/btwm_dmc_walker_walk_seed0_w002_b11_1m/scores.jsonl

--------------------[Agent Step 134_656]--------------------
Metrics filtered by: 'score|length|fps|ratio|train/loss/|train/acc/|train/inv/|train/rand/'
train/acc/inv 0.6 / train/inv/ce 1.22 / train/inv/confidence 0.36 / train/inv/confidence_gating 0 / train/inv/effective_rep_weight 0.02 / train/inv/head_objective 0.51 / train/inv/head_weight 0 / train/inv/objective 0.51 / train/inv/policy_weight_max 1 / train/inv/policy_weight_mean 1 / train/inv/policy_weight_min 1 / train/inv/policy_weight_std 0 / train/inv/valid_frac 1 / train/inv/weight 0.02 / train/loss/con 0.02 / train/loss/dyn 2.93 / train/loss/image 3.53 / train/loss/inv 0.01 / train/loss/policy -0.01 / train/loss/rep 2.93 / train/loss/repval 1.11 / train/loss/rew 0.56 / train/loss/value 1.02 / replay/replay_ratio 264 / fps/policy 10.36 / fps/train 2652.94

Writing metrics: /home/zhangpeiying01/lfy/btwm-7.7/runs/btwm_dmc_walker_walk_seed0_w002_b11_1m/metrics.jsonl
Writing metrics: /home/zhangpeiying01/lfy/btwm-7.7/runs/btwm_dmc_walker_walk_seed0_w002_b11_1m/scores.jsonl

--------------------[Agent Step 135_904]--------------------
Metrics filtered by: 'score|length|fps|ratio|train/loss/|train/acc/|train/inv/|train/rand/'
train/acc/inv 0.59 / train/inv/ce 1.24 / train/inv/confidence 0.35 / train/inv/confidence_gating 0 / train/inv/effective_rep_weight 0.02 / train/inv/head_objective 0.52 / train/inv/head_weight 0 / train/inv/objective 0.52 / train/inv/policy_weight_max 1 / train/inv/policy_weight_mean 1 / train/inv/policy_weight_min 1 / train/inv/policy_weight_std 0 / train/inv/valid_frac 1 / train/inv/weight 0.02 / train/loss/con 0.02 / train/loss/dyn 2.92 / train/loss/image 3.5 / train/loss/inv 0.01 / train/loss/policy -9.8e-3 / train/loss/rep 2.92 / train/loss/repval 1.11 / train/loss/rew 0.56 / train/loss/value 1.02 / replay/replay_ratio 264 / fps/policy 10.3 / fps/train 2638.03

Writing metrics: /home/zhangpeiying01/lfy/btwm-7.7/runs/btwm_dmc_walker_walk_seed0_w002_b11_1m/metrics.jsonl
Writing metrics: /home/zhangpeiying01/lfy/btwm-7.7/runs/btwm_dmc_walker_walk_seed0_w002_b11_1m/scores.jsonl

--------------------[Agent Step 137_152]--------------------
Metrics filtered by: 'score|length|fps|ratio|train/loss/|train/acc/|train/inv/|train/rand/'
train/acc/inv 0.6 / train/inv/ce 1.23 / train/inv/confidence 0.35 / train/inv/confidence_gating 0 / train/inv/effective_rep_weight 0.02 / train/inv/head_objective 0.51 / train/inv/head_weight 0 / train/inv/objective 0.51 / train/inv/policy_weight_max 1 / train/inv/policy_weight_mean 1 / train/inv/policy_weight_min 1 / train/inv/policy_weight_std 0 / train/inv/valid_frac 1 / train/inv/weight 0.02 / train/loss/con 0.02 / train/loss/dyn 2.93 / train/loss/image 3.46 / train/loss/inv 0.01 / train/loss/policy -6.8e-3 / train/loss/rep 2.93 / train/loss/repval 1.11 / train/loss/rew 0.56 / train/loss/value 1.01 / replay/replay_ratio 264 / fps/policy 10.29 / fps/train 2634.37

Writing metrics: /home/zhangpeiying01/lfy/btwm-7.7/runs/btwm_dmc_walker_walk_seed0_w002_b11_1m/metrics.jsonl
Writing metrics: /home/zhangpeiying01/lfy/btwm-7.7/runs/btwm_dmc_walker_walk_seed0_w002_b11_1m/scores.jsonl

--------------------[Agent Step 138_384]--------------------
Metrics filtered by: 'score|length|fps|ratio|train/loss/|train/acc/|train/inv/|train/rand/'
train/acc/inv 0.6 / train/inv/ce 1.23 / train/inv/confidence 0.35 / train/inv/confidence_gating 0 / train/inv/effective_rep_weight 0.02 / train/inv/head_objective 0.51 / train/inv/head_weight 0 / train/inv/objective 0.51 / train/inv/policy_weight_max 1 / train/inv/policy_weight_mean 1 / train/inv/policy_weight_min 1 / train/inv/policy_weight_std 0 / train/inv/valid_frac 1 / train/inv/weight 0.02 / train/loss/con 0.02 / train/loss/dyn 2.92 / train/loss/image 3.45 / train/loss/inv 0.01 / train/loss/policy -4.6e-3 / train/loss/rep 2.92 / train/loss/repval 1.1 / train/loss/rew 0.56 / train/loss/value 1 / replay/replay_ratio 264 / fps/policy 10.27 / fps/train 2629.28

Writing metrics: /home/zhangpeiying01/lfy/btwm-7.7/runs/btwm_dmc_walker_walk_seed0_w002_b11_1m/metrics.jsonl
Writing metrics: /home/zhangpeiying01/lfy/btwm-7.7/runs/btwm_dmc_walker_walk_seed0_w002_b11_1m/scores.jsonl

--------------------[Agent Step 139_648]--------------------
Metrics filtered by: 'score|length|fps|ratio|train/loss/|train/acc/|train/inv/|train/rand/'
train/acc/inv 0.6 / train/inv/ce 1.23 / train/inv/confidence 0.35 / train/inv/confidence_gating 0 / train/inv/effective_rep_weight 0.02 / train/inv/head_objective 0.51 / train/inv/head_weight 0 / train/inv/objective 0.51 / train/inv/policy_weight_max 1 / train/inv/policy_weight_mean 1 / train/inv/policy_weight_min 1 / train/inv/policy_weight_std 0 / train/inv/valid_frac 1 / train/inv/weight 0.02 / train/loss/con 0.02 / train/loss/dyn 2.93 / train/loss/image 3.45 / train/loss/inv 0.01 / train/loss/policy -4.9e-3 / train/loss/rep 2.93 / train/loss/repval 1.09 / train/loss/rew 0.56 / train/loss/value 0.98 / replay/replay_ratio 264 / fps/policy 10.49 / fps/train 2684.69

Writing metrics: /home/zhangpeiying01/lfy/btwm-7.7/runs/btwm_dmc_walker_walk_seed0_w002_b11_1m/metrics.jsonl
Writing metrics: /home/zhangpeiying01/lfy/btwm-7.7/runs/btwm_dmc_walker_walk_seed0_w002_b11_1m/scores.jsonl

--------------------[Agent Step 140_912]--------------------
Metrics filtered by: 'score|length|fps|ratio|train/loss/|train/acc/|train/inv/|train/rand/'
train/acc/inv 0.59 / train/inv/ce 1.24 / train/inv/confidence 0.35 / train/inv/confidence_gating 0 / train/inv/effective_rep_weight 0.02 / train/inv/head_objective 0.52 / train/inv/head_weight 0 / train/inv/objective 0.52 / train/inv/policy_weight_max 1 / train/inv/policy_weight_mean 1 / train/inv/policy_weight_min 1 / train/inv/policy_weight_std 0 / train/inv/valid_frac 1 / train/inv/weight 0.02 / train/loss/con 0.02 / train/loss/dyn 2.91 / train/loss/image 3.43 / train/loss/inv 0.01 / train/loss/policy -2e-3 / train/loss/rep 2.91 / train/loss/repval 1.08 / train/loss/rew 0.57 / train/loss/value 0.97 / replay/replay_ratio 264 / fps/policy 10.4 / fps/train 2661.35

Writing metrics: /home/zhangpeiying01/lfy/btwm-7.7/runs/btwm_dmc_walker_walk_seed0_w002_b11_1m/metrics.jsonl
Writing metrics: /home/zhangpeiying01/lfy/btwm-7.7/runs/btwm_dmc_walker_walk_seed0_w002_b11_1m/scores.jsonl

--------------------[Agent Step 142_144]--------------------
Metrics filtered by: 'score|length|fps|ratio|train/loss/|train/acc/|train/inv/|train/rand/'
train/acc/inv 0.6 / train/inv/ce 1.24 / train/inv/confidence 0.35 / train/inv/confidence_gating 0 / train/inv/effective_rep_weight 0.02 / train/inv/head_objective 0.52 / train/inv/head_weight 0 / train/inv/objective 0.52 / train/inv/policy_weight_max 1 / train/inv/policy_weight_mean 1 / train/inv/policy_weight_min 1 / train/inv/policy_weight_std 0 / train/inv/valid_frac 1 / train/inv/weight 0.02 / train/loss/con 0.02 / train/loss/dyn 2.91 / train/loss/image 3.43 / train/loss/inv 0.01 / train/loss/policy -5e-3 / train/loss/rep 2.91 / train/loss/repval 1.07 / train/loss/rew 0.56 / train/loss/value 0.95 / replay/replay_ratio 264 / fps/policy 10.23 / fps/train 2620.07

Writing metrics: /home/zhangpeiying01/lfy/btwm-7.7/runs/btwm_dmc_walker_walk_seed0_w002_b11_1m/metrics.jsonl
Writing metrics: /home/zhangpeiying01/lfy/btwm-7.7/runs/btwm_dmc_walker_walk_seed0_w002_b11_1m/scores.jsonl

--------------------[Agent Step 143_376]--------------------
Metrics filtered by: 'score|length|fps|ratio|train/loss/|train/acc/|train/inv/|train/rand/'
train/acc/inv 0.59 / train/inv/ce 1.24 / train/inv/confidence 0.35 / train/inv/confidence_gating 0 / train/inv/effective_rep_weight 0.02 / train/inv/head_objective 0.52 / train/inv/head_weight 0 / train/inv/objective 0.52 / train/inv/policy_weight_max 1 / train/inv/policy_weight_mean 1 / train/inv/policy_weight_min 1 / train/inv/policy_weight_std 0 / train/inv/valid_frac 1 / train/inv/weight 0.02 / train/loss/con 0.02 / train/loss/dyn 2.9 / train/loss/image 3.38 / train/loss/inv 0.01 / train/loss/policy -7.5e-3 / train/loss/rep 2.9 / train/loss/repval 1.06 / train/loss/rew 0.56 / train/loss/value 0.95 / replay/replay_ratio 264 / fps/policy 10.21 / fps/train 2613.23

Writing metrics: /home/zhangpeiying01/lfy/btwm-7.7/runs/btwm_dmc_walker_walk_seed0_w002_b11_1m/metrics.jsonl
Writing metrics: /home/zhangpeiying01/lfy/btwm-7.7/runs/btwm_dmc_walker_walk_seed0_w002_b11_1m/scores.jsonl

--------------------[Agent Step 144_608]--------------------
Metrics filtered by: 'score|length|fps|ratio|train/loss/|train/acc/|train/inv/|train/rand/'
episode/score 747.67 / episode/length 1001 / train/acc/inv 0.59 / train/inv/ce 1.24 / train/inv/confidence 0.35 / train/inv/confidence_gating 0 / train/inv/effective_rep_weight 0.02 / train/inv/head_objective 0.52 / train/inv/head_weight 0 / train/inv/objective 0.52 / train/inv/policy_weight_max 1 / train/inv/policy_weight_mean 1 / train/inv/policy_weight_min 1 / train/inv/policy_weight_std 0 / train/inv/valid_frac 1 / train/inv/weight 0.02 / train/loss/con 0.02 / train/loss/dyn 2.9 / train/loss/image 3.39 / train/loss/inv 0.01 / train/loss/policy -8.8e-3 / train/loss/rep 2.9 / train/loss/repval 1.05 / train/loss/rew 0.57 / train/loss/value 0.94 / replay/replay_ratio 264 / fps/policy 10.22 / fps/train 2615.63

Writing metrics: /home/zhangpeiying01/lfy/btwm-7.7/runs/btwm_dmc_walker_walk_seed0_w002_b11_1m/metrics.jsonl
Writing metrics: /home/zhangpeiying01/lfy/btwm-7.7/runs/btwm_dmc_walker_walk_seed0_w002_b11_1m/scores.jsonl

--------------------[Agent Step 145_840]--------------------
Metrics filtered by: 'score|length|fps|ratio|train/loss/|train/acc/|train/inv/|train/rand/'
train/acc/inv 0.59 / train/inv/ce 1.27 / train/inv/confidence 0.34 / train/inv/confidence_gating 0 / train/inv/effective_rep_weight 0.02 / train/inv/head_objective 0.53 / train/inv/head_weight 0 / train/inv/objective 0.53 / train/inv/policy_weight_max 1 / train/inv/policy_weight_mean 1 / train/inv/policy_weight_min 1 / train/inv/policy_weight_std 0 / train/inv/valid_frac 1 / train/inv/weight 0.02 / train/loss/con 0.02 / train/loss/dyn 3.11 / train/loss/image 3.67 / train/loss/inv 0.01 / train/loss/policy -1.7e-3 / train/loss/rep 3.11 / train/loss/repval 1.04 / train/loss/rew 0.57 / train/loss/value 0.93 / replay/replay_ratio 264 / fps/policy 10.19 / fps/train 2608.83

Writing metrics: /home/zhangpeiying01/lfy/btwm-7.7/runs/btwm_dmc_walker_walk_seed0_w002_b11_1m/scores.jsonl
Writing metrics: /home/zhangpeiying01/lfy/btwm-7.7/runs/btwm_dmc_walker_walk_seed0_w002_b11_1m/metrics.jsonl

--------------------[Agent Step 147_072]--------------------
Metrics filtered by: 'score|length|fps|ratio|train/loss/|train/acc/|train/inv/|train/rand/'
train/acc/inv 0.58 / train/inv/ce 1.28 / train/inv/confidence 0.34 / train/inv/confidence_gating 0 / train/inv/effective_rep_weight 0.02 / train/inv/head_objective 0.53 / train/inv/head_weight 0 / train/inv/objective 0.53 / train/inv/policy_weight_max 1 / train/inv/policy_weight_mean 1 / train/inv/policy_weight_min 1 / train/inv/policy_weight_std 0 / train/inv/valid_frac 1 / train/inv/weight 0.02 / train/loss/con 0.02 / train/loss/dyn 2.97 / train/loss/image 3.54 / train/loss/inv 0.01 / train/loss/policy -0.01 / train/loss/rep 2.97 / train/loss/repval 1.04 / train/loss/rew 0.57 / train/loss/value 0.93 / replay/replay_ratio 264 / fps/policy 10.19 / fps/train 2607.86

Writing metrics: /home/zhangpeiying01/lfy/btwm-7.7/runs/btwm_dmc_walker_walk_seed0_w002_b11_1m/metrics.jsonl
Writing metrics: /home/zhangpeiying01/lfy/btwm-7.7/runs/btwm_dmc_walker_walk_seed0_w002_b11_1m/scores.jsonl

--------------------[Agent Step 148_304]--------------------
Metrics filtered by: 'score|length|fps|ratio|train/loss/|train/acc/|train/inv/|train/rand/'
train/acc/inv 0.59 / train/inv/ce 1.26 / train/inv/confidence 0.34 / train/inv/confidence_gating 0 / train/inv/effective_rep_weight 0.02 / train/inv/head_objective 0.53 / train/inv/head_weight 0 / train/inv/objective 0.53 / train/inv/policy_weight_max 1 / train/inv/policy_weight_mean 1 / train/inv/policy_weight_min 1 / train/inv/policy_weight_std 0 / train/inv/valid_frac 1 / train/inv/weight 0.02 / train/loss/con 0.02 / train/loss/dyn 2.93 / train/loss/image 3.51 / train/loss/inv 0.01 / train/loss/policy -0.01 / train/loss/rep 2.93 / train/loss/repval 1.06 / train/loss/rew 0.57 / train/loss/value 0.95 / replay/replay_ratio 264 / fps/policy 10.2 / fps/train 2611.31

Writing metrics: /home/zhangpeiying01/lfy/btwm-7.7/runs/btwm_dmc_walker_walk_seed0_w002_b11_1m/metrics.jsonl
Writing metrics: /home/zhangpeiying01/lfy/btwm-7.7/runs/btwm_dmc_walker_walk_seed0_w002_b11_1m/scores.jsonl

--------------------[Agent Step 149_552]--------------------
Metrics filtered by: 'score|length|fps|ratio|train/loss/|train/acc/|train/inv/|train/rand/'
train/acc/inv 0.59 / train/inv/ce 1.27 / train/inv/confidence 0.34 / train/inv/confidence_gating 0 / train/inv/effective_rep_weight 0.02 / train/inv/head_objective 0.53 / train/inv/head_weight 0 / train/inv/objective 0.53 / train/inv/policy_weight_max 1 / train/inv/policy_weight_mean 1 / train/inv/policy_weight_min 1 / train/inv/policy_weight_std 0 / train/inv/valid_frac 1 / train/inv/weight 0.02 / train/loss/con 0.02 / train/loss/dyn 2.98 / train/loss/image 3.53 / train/loss/inv 0.01 / train/loss/policy -0.02 / train/loss/rep 2.98 / train/loss/repval 1.06 / train/loss/rew 0.57 / train/loss/value 0.95 / replay/replay_ratio 264 / fps/policy 10.28 / fps/train 2630.81

Writing metrics: /home/zhangpeiying01/lfy/btwm-7.7/runs/btwm_dmc_walker_walk_seed0_w002_b11_1m/metrics.jsonl
Writing metrics: /home/zhangpeiying01/lfy/btwm-7.7/runs/btwm_dmc_walker_walk_seed0_w002_b11_1m/scores.jsonl
Saving checkpoint: /home/zhangpeiying01/lfy/btwm-7.7/runs/btwm_dmc_walker_walk_seed0_w002_b11_1m/ckpt/20260713T014405F272109
Saved checkpoint.

--------------------[Agent Step 150_704]--------------------
Metrics filtered by: 'score|length|fps|ratio|train/loss/|train/acc/|train/inv/|train/rand/'
train/acc/inv 0.59 / train/inv/ce 1.27 / train/inv/confidence 0.34 / train/inv/confidence_gating 0 / train/inv/effective_rep_weight 0.02 / train/inv/head_objective 0.53 / train/inv/head_weight 0 / train/inv/objective 0.53 / train/inv/policy_weight_max 1 / train/inv/policy_weight_mean 1 / train/inv/policy_weight_min 1 / train/inv/policy_weight_std 0 / train/inv/valid_frac 1 / train/inv/weight 0.02 / train/loss/con 0.02 / train/loss/dyn 2.9 / train/loss/image 3.45 / train/loss/inv 0.01 / train/loss/policy -0.02 / train/loss/rep 2.9 / train/loss/repval 1.06 / train/loss/rew 0.57 / train/loss/value 0.96 / replay/replay_ratio 264 / fps/policy 9.54 / fps/train 2442.12

Writing metrics: /home/zhangpeiying01/lfy/btwm-7.7/runs/btwm_dmc_walker_walk_seed0_w002_b11_1m/metrics.jsonl
Writing metrics: /home/zhangpeiying01/lfy/btwm-7.7/runs/btwm_dmc_walker_walk_seed0_w002_b11_1m/scores.jsonl

--------------------[Agent Step 151_936]--------------------
Metrics filtered by: 'score|length|fps|ratio|train/loss/|train/acc/|train/inv/|train/rand/'
train/acc/inv 0.59 / train/inv/ce 1.27 / train/inv/confidence 0.34 / train/inv/confidence_gating 0 / train/inv/effective_rep_weight 0.02 / train/inv/head_objective 0.53 / train/inv/head_weight 0 / train/inv/objective 0.53 / train/inv/policy_weight_max 1 / train/inv/policy_weight_mean 1 / train/inv/policy_weight_min 1 / train/inv/policy_weight_std 0 / train/inv/valid_frac 1 / train/inv/weight 0.02 / train/loss/con 0.02 / train/loss/dyn 2.94 / train/loss/image 3.45 / train/loss/inv 0.01 / train/loss/policy -0.02 / train/loss/rep 2.94 / train/loss/repval 1.05 / train/loss/rew 0.57 / train/loss/value 0.95 / replay/replay_ratio 264 / fps/policy 10.21 / fps/train 2613.6

Writing metrics: /home/zhangpeiying01/lfy/btwm-7.7/runs/btwm_dmc_walker_walk_seed0_w002_b11_1m/metrics.jsonl
Writing metrics: /home/zhangpeiying01/lfy/btwm-7.7/runs/btwm_dmc_walker_walk_seed0_w002_b11_1m/scores.jsonl

--------------------[Agent Step 153_184]--------------------
Metrics filtered by: 'score|length|fps|ratio|train/loss/|train/acc/|train/inv/|train/rand/'
train/acc/inv 0.59 / train/inv/ce 1.27 / train/inv/confidence 0.34 / train/inv/confidence_gating 0 / train/inv/effective_rep_weight 0.02 / train/inv/head_objective 0.53 / train/inv/head_weight 0 / train/inv/objective 0.53 / train/inv/policy_weight_max 1 / train/inv/policy_weight_mean 1 / train/inv/policy_weight_min 1 / train/inv/policy_weight_std 0 / train/inv/valid_frac 1 / train/inv/weight 0.02 / train/loss/con 0.02 / train/loss/dyn 2.92 / train/loss/image 3.39 / train/loss/inv 0.01 / train/loss/policy -0.02 / train/loss/rep 2.92 / train/loss/repval 1.05 / train/loss/rew 0.57 / train/loss/value 0.94 / replay/replay_ratio 264 / fps/policy 10.26 / fps/train 2627.2

Writing metrics: /home/zhangpeiying01/lfy/btwm-7.7/runs/btwm_dmc_walker_walk_seed0_w002_b11_1m/metrics.jsonl
Writing metrics: /home/zhangpeiying01/lfy/btwm-7.7/runs/btwm_dmc_walker_walk_seed0_w002_b11_1m/scores.jsonl

--------------------[Agent Step 154_416]--------------------
Metrics filtered by: 'score|length|fps|ratio|train/loss/|train/acc/|train/inv/|train/rand/'
train/acc/inv 0.59 / train/inv/ce 1.26 / train/inv/confidence 0.34 / train/inv/confidence_gating 0 / train/inv/effective_rep_weight 0.02 / train/inv/head_objective 0.53 / train/inv/head_weight 0 / train/inv/objective 0.53 / train/inv/policy_weight_max 1 / train/inv/policy_weight_mean 1 / train/inv/policy_weight_min 1 / train/inv/policy_weight_std 0 / train/inv/valid_frac 1 / train/inv/weight 0.02 / train/loss/con 0.02 / train/loss/dyn 2.9 / train/loss/image 3.36 / train/loss/inv 0.01 / train/loss/policy -0.02 / train/loss/rep 2.9 / train/loss/repval 1.05 / train/loss/rew 0.57 / train/loss/value 0.94 / replay/replay_ratio 264 / fps/policy 10.26 / fps/train 2625.93

Writing metrics: /home/zhangpeiying01/lfy/btwm-7.7/runs/btwm_dmc_walker_walk_seed0_w002_b11_1m/metrics.jsonl
Writing metrics: /home/zhangpeiying01/lfy/btwm-7.7/runs/btwm_dmc_walker_walk_seed0_w002_b11_1m/scores.jsonl

--------------------[Agent Step 155_648]--------------------
Metrics filtered by: 'score|length|fps|ratio|train/loss/|train/acc/|train/inv/|train/rand/'
train/acc/inv 0.59 / train/inv/ce 1.27 / train/inv/confidence 0.34 / train/inv/confidence_gating 0 / train/inv/effective_rep_weight 0.02 / train/inv/head_objective 0.53 / train/inv/head_weight 0 / train/inv/objective 0.53 / train/inv/policy_weight_max 1 / train/inv/policy_weight_mean 1 / train/inv/policy_weight_min 1 / train/inv/policy_weight_std 0 / train/inv/valid_frac 1 / train/inv/weight 0.02 / train/loss/con 0.02 / train/loss/dyn 2.93 / train/loss/image 3.38 / train/loss/inv 0.01 / train/loss/policy -0.02 / train/loss/rep 2.93 / train/loss/repval 1.05 / train/loss/rew 0.57 / train/loss/value 0.94 / replay/replay_ratio 264 / fps/policy 10.23 / fps/train 2619.07

Writing metrics: /home/zhangpeiying01/lfy/btwm-7.7/runs/btwm_dmc_walker_walk_seed0_w002_b11_1m/metrics.jsonl
Writing metrics: /home/zhangpeiying01/lfy/btwm-7.7/runs/btwm_dmc_walker_walk_seed0_w002_b11_1m/scores.jsonl

--------------------[Agent Step 156_880]--------------------
Metrics filtered by: 'score|length|fps|ratio|train/loss/|train/acc/|train/inv/|train/rand/'
train/acc/inv 0.59 / train/inv/ce 1.27 / train/inv/confidence 0.34 / train/inv/confidence_gating 0 / train/inv/effective_rep_weight 0.02 / train/inv/head_objective 0.53 / train/inv/head_weight 0 / train/inv/objective 0.53 / train/inv/policy_weight_max 1 / train/inv/policy_weight_mean 1 / train/inv/policy_weight_min 1 / train/inv/policy_weight_std 0 / train/inv/valid_frac 1 / train/inv/weight 0.02 / train/loss/con 0.02 / train/loss/dyn 2.94 / train/loss/image 3.37 / train/loss/inv 0.01 / train/loss/policy -0.02 / train/loss/rep 2.94 / train/loss/repval 1.05 / train/loss/rew 0.57 / train/loss/value 0.95 / replay/replay_ratio 264 / fps/policy 10.26 / fps/train 2626.65

Writing metrics: /home/zhangpeiying01/lfy/btwm-7.7/runs/btwm_dmc_walker_walk_seed0_w002_b11_1m/metrics.jsonl
Writing metrics: /home/zhangpeiying01/lfy/btwm-7.7/runs/btwm_dmc_walker_walk_seed0_w002_b11_1m/scores.jsonl

--------------------[Agent Step 158_112]--------------------
Metrics filtered by: 'score|length|fps|ratio|train/loss/|train/acc/|train/inv/|train/rand/'
train/acc/inv 0.59 / train/inv/ce 1.27 / train/inv/confidence 0.34 / train/inv/confidence_gating 0 / train/inv/effective_rep_weight 0.02 / train/inv/head_objective 0.53 / train/inv/head_weight 0 / train/inv/objective 0.53 / train/inv/policy_weight_max 1 / train/inv/policy_weight_mean 1 / train/inv/policy_weight_min 1 / train/inv/policy_weight_std 0 / train/inv/valid_frac 1 / train/inv/weight 0.02 / train/loss/con 0.02 / train/loss/dyn 2.93 / train/loss/image 3.36 / train/loss/inv 0.01 / train/loss/policy -0.02 / train/loss/rep 2.93 / train/loss/repval 1.05 / train/loss/rew 0.57 / train/loss/value 0.95 / replay/replay_ratio 264 / fps/policy 10.27 / fps/train 2628.24

Writing metrics: /home/zhangpeiying01/lfy/btwm-7.7/runs/btwm_dmc_walker_walk_seed0_w002_b11_1m/metrics.jsonl
Writing metrics: /home/zhangpeiying01/lfy/btwm-7.7/runs/btwm_dmc_walker_walk_seed0_w002_b11_1m/scores.jsonl

--------------------[Agent Step 159_360]--------------------
Metrics filtered by: 'score|length|fps|ratio|train/loss/|train/acc/|train/inv/|train/rand/'
train/acc/inv 0.59 / train/inv/ce 1.27 / train/inv/confidence 0.34 / train/inv/confidence_gating 0 / train/inv/effective_rep_weight 0.02 / train/inv/head_objective 0.53 / train/inv/head_weight 0 / train/inv/objective 0.53 / train/inv/policy_weight_max 1 / train/inv/policy_weight_mean 1 / train/inv/policy_weight_min 1 / train/inv/policy_weight_std 0 / train/inv/valid_frac 1 / train/inv/weight 0.02 / train/loss/con 0.02 / train/loss/dyn 2.9 / train/loss/image 3.34 / train/loss/inv 0.01 / train/loss/policy -0.01 / train/loss/rep 2.9 / train/loss/repval 1.05 / train/loss/rew 0.57 / train/loss/value 0.95 / replay/replay_ratio 264 / fps/policy 10.35 / fps/train 2649.02

Writing metrics: /home/zhangpeiying01/lfy/btwm-7.7/runs/btwm_dmc_walker_walk_seed0_w002_b11_1m/scores.jsonl
Writing metrics: /home/zhangpeiying01/lfy/btwm-7.7/runs/btwm_dmc_walker_walk_seed0_w002_b11_1m/metrics.jsonl

--------------------[Agent Step 160_592]--------------------
Metrics filtered by: 'score|length|fps|ratio|train/loss/|train/acc/|train/inv/|train/rand/'
episode/score 811.35 / episode/length 1001 / train/acc/inv 0.58 / train/inv/ce 1.28 / train/inv/confidence 0.34 / train/inv/confidence_gating 0 / train/inv/effective_rep_weight 0.02 / train/inv/head_objective 0.53 / train/inv/head_weight 0 / train/inv/objective 0.53 / train/inv/policy_weight_max 1 / train/inv/policy_weight_mean 1 / train/inv/policy_weight_min 1 / train/inv/policy_weight_std 0 / train/inv/valid_frac 1 / train/inv/weight 0.02 / train/loss/con 0.02 / train/loss/dyn 3.01 / train/loss/image 3.42 / train/loss/inv 0.01 / train/loss/policy -4.9e-3 / train/loss/rep 3.01 / train/loss/repval 1.05 / train/loss/rew 0.57 / train/loss/value 0.95 / replay/replay_ratio 264 / fps/policy 10.25 / fps/train 2624.38

Writing metrics: /home/zhangpeiying01/lfy/btwm-7.7/runs/btwm_dmc_walker_walk_seed0_w002_b11_1m/metrics.jsonl
Writing metrics: /home/zhangpeiying01/lfy/btwm-7.7/runs/btwm_dmc_walker_walk_seed0_w002_b11_1m/scores.jsonl

--------------------[Agent Step 161_824]--------------------
Metrics filtered by: 'score|length|fps|ratio|train/loss/|train/acc/|train/inv/|train/rand/'
train/acc/inv 0.58 / train/inv/ce 1.29 / train/inv/confidence 0.33 / train/inv/confidence_gating 0 / train/inv/effective_rep_weight 0.02 / train/inv/head_objective 0.54 / train/inv/head_weight 0 / train/inv/objective 0.54 / train/inv/policy_weight_max 1 / train/inv/policy_weight_mean 1 / train/inv/policy_weight_min 1 / train/inv/policy_weight_std 0 / train/inv/valid_frac 1 / train/inv/weight 0.02 / train/loss/con 0.02 / train/loss/dyn 3 / train/loss/image 3.45 / train/loss/inv 0.01 / train/loss/policy -4.5e-3 / train/loss/rep 3 / train/loss/repval 1.04 / train/loss/rew 0.57 / train/loss/value 0.94 / replay/replay_ratio 264 / fps/policy 10.21 / fps/train 2613.25

Writing metrics: /home/zhangpeiying01/lfy/btwm-7.7/runs/btwm_dmc_walker_walk_seed0_w002_b11_1m/metrics.jsonl
Writing metrics: /home/zhangpeiying01/lfy/btwm-7.7/runs/btwm_dmc_walker_walk_seed0_w002_b11_1m/scores.jsonl

--------------------[Agent Step 163_056]--------------------
Metrics filtered by: 'score|length|fps|ratio|train/loss/|train/acc/|train/inv/|train/rand/'
train/acc/inv 0.58 / train/inv/ce 1.29 / train/inv/confidence 0.34 / train/inv/confidence_gating 0 / train/inv/effective_rep_weight 0.02 / train/inv/head_objective 0.54 / train/inv/head_weight 0 / train/inv/objective 0.54 / train/inv/policy_weight_max 1 / train/inv/policy_weight_mean 1 / train/inv/policy_weight_min 1 / train/inv/policy_weight_std 0 / train/inv/valid_frac 1 / train/inv/weight 0.02 / train/loss/con 0.02 / train/loss/dyn 2.92 / train/loss/image 3.4 / train/loss/inv 0.01 / train/loss/policy -0.01 / train/loss/rep 2.92 / train/loss/repval 1.04 / train/loss/rew 0.57 / train/loss/value 0.94 / replay/replay_ratio 264 / fps/policy 10.22 / fps/train 2617.21

Writing metrics: /home/zhangpeiying01/lfy/btwm-7.7/runs/btwm_dmc_walker_walk_seed0_w002_b11_1m/metrics.jsonl
Writing metrics: /home/zhangpeiying01/lfy/btwm-7.7/runs/btwm_dmc_walker_walk_seed0_w002_b11_1m/scores.jsonl

--------------------[Agent Step 164_288]--------------------
Metrics filtered by: 'score|length|fps|ratio|train/loss/|train/acc/|train/inv/|train/rand/'
train/acc/inv 0.58 / train/inv/ce 1.29 / train/inv/confidence 0.33 / train/inv/confidence_gating 0 / train/inv/effective_rep_weight 0.02 / train/inv/head_objective 0.54 / train/inv/head_weight 0 / train/inv/objective 0.54 / train/inv/policy_weight_max 1 / train/inv/policy_weight_mean 1 / train/inv/policy_weight_min 1 / train/inv/policy_weight_std 0 / train/inv/valid_frac 1 / train/inv/weight 0.02 / train/loss/con 0.02 / train/loss/dyn 2.97 / train/loss/image 3.39 / train/loss/inv 0.01 / train/loss/policy -8.4e-3 / train/loss/rep 2.97 / train/loss/repval 1.04 / train/loss/rew 0.57 / train/loss/value 0.94 / replay/replay_ratio 264 / fps/policy 10.2 / fps/train 2610.22

Writing metrics: /home/zhangpeiying01/lfy/btwm-7.7/runs/btwm_dmc_walker_walk_seed0_w002_b11_1m/metrics.jsonl
Writing metrics: /home/zhangpeiying01/lfy/btwm-7.7/runs/btwm_dmc_walker_walk_seed0_w002_b11_1m/scores.jsonl

--------------------[Agent Step 165_536]--------------------
Metrics filtered by: 'score|length|fps|ratio|train/loss/|train/acc/|train/inv/|train/rand/'
train/acc/inv 0.58 / train/inv/ce 1.29 / train/inv/confidence 0.33 / train/inv/confidence_gating 0 / train/inv/effective_rep_weight 0.02 / train/inv/head_objective 0.54 / train/inv/head_weight 0 / train/inv/objective 0.54 / train/inv/policy_weight_max 1 / train/inv/policy_weight_mean 1 / train/inv/policy_weight_min 1 / train/inv/policy_weight_std 0 / train/inv/valid_frac 1 / train/inv/weight 0.02 / train/loss/con 0.02 / train/loss/dyn 2.92 / train/loss/image 3.36 / train/loss/inv 0.01 / train/loss/policy -0.01 / train/loss/rep 2.92 / train/loss/repval 1.04 / train/loss/rew 0.57 / train/loss/value 0.93 / replay/replay_ratio 264 / fps/policy 10.39 / fps/train 2660.82

Writing metrics: /home/zhangpeiying01/lfy/btwm-7.7/runs/btwm_dmc_walker_walk_seed0_w002_b11_1m/scores.jsonl
Writing metrics: /home/zhangpeiying01/lfy/btwm-7.7/runs/btwm_dmc_walker_walk_seed0_w002_b11_1m/metrics.jsonl

--------------------[Agent Step 166_800]--------------------
Metrics filtered by: 'score|length|fps|ratio|train/loss/|train/acc/|train/inv/|train/rand/'
train/acc/inv 0.58 / train/inv/ce 1.28 / train/inv/confidence 0.34 / train/inv/confidence_gating 0 / train/inv/effective_rep_weight 0.02 / train/inv/head_objective 0.53 / train/inv/head_weight 0 / train/inv/objective 0.53 / train/inv/policy_weight_max 1 / train/inv/policy_weight_mean 1 / train/inv/policy_weight_min 1 / train/inv/policy_weight_std 0 / train/inv/valid_frac 1 / train/inv/weight 0.02 / train/loss/con 0.02 / train/loss/dyn 2.89 / train/loss/image 3.29 / train/loss/inv 0.01 / train/loss/policy -0.01 / train/loss/rep 2.89 / train/loss/repval 1.03 / train/loss/rew 0.57 / train/loss/value 0.93 / replay/replay_ratio 264 / fps/policy 10.4 / fps/train 2663.21

Writing metrics: /home/zhangpeiying01/lfy/btwm-7.7/runs/btwm_dmc_walker_walk_seed0_w002_b11_1m/metrics.jsonl
Writing metrics: /home/zhangpeiying01/lfy/btwm-7.7/runs/btwm_dmc_walker_walk_seed0_w002_b11_1m/scores.jsonl

--------------------[Agent Step 168_064]--------------------
Metrics filtered by: 'score|length|fps|ratio|train/loss/|train/acc/|train/inv/|train/rand/'
train/acc/inv 0.58 / train/inv/ce 1.3 / train/inv/confidence 0.33 / train/inv/confidence_gating 0 / train/inv/effective_rep_weight 0.02 / train/inv/head_objective 0.54 / train/inv/head_weight 0 / train/inv/objective 0.54 / train/inv/policy_weight_max 1 / train/inv/policy_weight_mean 1 / train/inv/policy_weight_min 1 / train/inv/policy_weight_std 0 / train/inv/valid_frac 1 / train/inv/weight 0.02 / train/loss/con 0.02 / train/loss/dyn 2.93 / train/loss/image 3.29 / train/loss/inv 0.01 / train/loss/policy -6.3e-3 / train/loss/rep 2.93 / train/loss/repval 1.04 / train/loss/rew 0.57 / train/loss/value 0.93 / replay/replay_ratio 264 / fps/policy 10.48 / fps/train 2682.94

Writing metrics: /home/zhangpeiying01/lfy/btwm-7.7/runs/btwm_dmc_walker_walk_seed0_w002_b11_1m/metrics.jsonl
Writing metrics: /home/zhangpeiying01/lfy/btwm-7.7/runs/btwm_dmc_walker_walk_seed0_w002_b11_1m/scores.jsonl

--------------------[Agent Step 169_312]--------------------
Metrics filtered by: 'score|length|fps|ratio|train/loss/|train/acc/|train/inv/|train/rand/'
train/acc/inv 0.58 / train/inv/ce 1.29 / train/inv/confidence 0.33 / train/inv/confidence_gating 0 / train/inv/effective_rep_weight 0.02 / train/inv/head_objective 0.54 / train/inv/head_weight 0 / train/inv/objective 0.54 / train/inv/policy_weight_max 1 / train/inv/policy_weight_mean 1 / train/inv/policy_weight_min 1 / train/inv/policy_weight_std 0 / train/inv/valid_frac 1 / train/inv/weight 0.02 / train/loss/con 0.02 / train/loss/dyn 2.91 / train/loss/image 3.28 / train/loss/inv 0.01 / train/loss/policy -0.01 / train/loss/rep 2.91 / train/loss/repval 1.03 / train/loss/rew 0.57 / train/loss/value 0.94 / replay/replay_ratio 264 / fps/policy 10.4 / fps/train 2663.05

Writing metrics: /home/zhangpeiying01/lfy/btwm-7.7/runs/btwm_dmc_walker_walk_seed0_w002_b11_1m/metrics.jsonl
Writing metrics: /home/zhangpeiying01/lfy/btwm-7.7/runs/btwm_dmc_walker_walk_seed0_w002_b11_1m/scores.jsonl

--------------------[Agent Step 170_560]--------------------
Metrics filtered by: 'score|length|fps|ratio|train/loss/|train/acc/|train/inv/|train/rand/'
train/acc/inv 0.58 / train/inv/ce 1.3 / train/inv/confidence 0.33 / train/inv/confidence_gating 0 / train/inv/effective_rep_weight 0.02 / train/inv/head_objective 0.54 / train/inv/head_weight 0 / train/inv/objective 0.54 / train/inv/policy_weight_max 1 / train/inv/policy_weight_mean 1 / train/inv/policy_weight_min 1 / train/inv/policy_weight_std 0 / train/inv/valid_frac 1 / train/inv/weight 0.02 / train/loss/con 0.02 / train/loss/dyn 2.93 / train/loss/image 3.27 / train/loss/inv 0.01 / train/loss/policy -0.01 / train/loss/rep 2.93 / train/loss/repval 1.03 / train/loss/rew 0.57 / train/loss/value 0.93 / replay/replay_ratio 264 / fps/policy 10.38 / fps/train 2657.1

Writing metrics: /home/zhangpeiying01/lfy/btwm-7.7/runs/btwm_dmc_walker_walk_seed0_w002_b11_1m/scores.jsonl
Writing metrics: /home/zhangpeiying01/lfy/btwm-7.7/runs/btwm_dmc_walker_walk_seed0_w002_b11_1m/metrics.jsonl

--------------------[Agent Step 171_824]--------------------
Metrics filtered by: 'score|length|fps|ratio|train/loss/|train/acc/|train/inv/|train/rand/'
train/acc/inv 0.58 / train/inv/ce 1.29 / train/inv/confidence 0.33 / train/inv/confidence_gating 0 / train/inv/effective_rep_weight 0.02 / train/inv/head_objective 0.54 / train/inv/head_weight 0 / train/inv/objective 0.54 / train/inv/policy_weight_max 1 / train/inv/policy_weight_mean 1 / train/inv/policy_weight_min 1 / train/inv/policy_weight_std 0 / train/inv/valid_frac 1 / train/inv/weight 0.02 / train/loss/con 0.02 / train/loss/dyn 2.91 / train/loss/image 3.26 / train/loss/inv 0.01 / train/loss/policy -0.01 / train/loss/rep 2.91 / train/loss/repval 1.03 / train/loss/rew 0.57 / train/loss/value 0.94 / replay/replay_ratio 264 / fps/policy 10.44 / fps/train 2671.46

Writing metrics: /home/zhangpeiying01/lfy/btwm-7.7/runs/btwm_dmc_walker_walk_seed0_w002_b11_1m/metrics.jsonl
Writing metrics: /home/zhangpeiying01/lfy/btwm-7.7/runs/btwm_dmc_walker_walk_seed0_w002_b11_1m/scores.jsonl

--------------------[Agent Step 173_088]--------------------
Metrics filtered by: 'score|length|fps|ratio|train/loss/|train/acc/|train/inv/|train/rand/'
train/acc/inv 0.58 / train/inv/ce 1.3 / train/inv/confidence 0.33 / train/inv/confidence_gating 0 / train/inv/effective_rep_weight 0.02 / train/inv/head_objective 0.54 / train/inv/head_weight 0 / train/inv/objective 0.54 / train/inv/policy_weight_max 1 / train/inv/policy_weight_mean 1 / train/inv/policy_weight_min 1 / train/inv/policy_weight_std 0 / train/inv/valid_frac 1 / train/inv/weight 0.02 / train/loss/con 0.02 / train/loss/dyn 2.9 / train/loss/image 3.25 / train/loss/inv 0.01 / train/loss/policy -0.02 / train/loss/rep 2.9 / train/loss/repval 1.03 / train/loss/rew 0.57 / train/loss/value 0.93 / replay/replay_ratio 264 / fps/policy 10.41 / fps/train 2664.43

Writing metrics: /home/zhangpeiying01/lfy/btwm-7.7/runs/btwm_dmc_walker_walk_seed0_w002_b11_1m/metrics.jsonl
Writing metrics: /home/zhangpeiying01/lfy/btwm-7.7/runs/btwm_dmc_walker_walk_seed0_w002_b11_1m/scores.jsonl

--------------------[Agent Step 174_352]--------------------
Metrics filtered by: 'score|length|fps|ratio|train/loss/|train/acc/|train/inv/|train/rand/'
train/acc/inv 0.58 / train/inv/ce 1.3 / train/inv/confidence 0.33 / train/inv/confidence_gating 0 / train/inv/effective_rep_weight 0.02 / train/inv/head_objective 0.54 / train/inv/head_weight 0 / train/inv/objective 0.54 / train/inv/policy_weight_max 1 / train/inv/policy_weight_mean 1 / train/inv/policy_weight_min 1 / train/inv/policy_weight_std 0 / train/inv/valid_frac 1 / train/inv/weight 0.02 / train/loss/con 0.02 / train/loss/dyn 2.92 / train/loss/image 3.24 / train/loss/inv 0.01 / train/loss/policy -0.02 / train/loss/rep 2.92 / train/loss/repval 1.03 / train/loss/rew 0.57 / train/loss/value 0.93 / replay/replay_ratio 264 / fps/policy 10.4 / fps/train 2662.52

Writing metrics: /home/zhangpeiying01/lfy/btwm-7.7/runs/btwm_dmc_walker_walk_seed0_w002_b11_1m/metrics.jsonl
Writing metrics: /home/zhangpeiying01/lfy/btwm-7.7/runs/btwm_dmc_walker_walk_seed0_w002_b11_1m/scores.jsonl

--------------------[Agent Step 175_616]--------------------
Metrics filtered by: 'score|length|fps|ratio|train/loss/|train/acc/|train/inv/|train/rand/'
train/acc/inv 0.58 / train/inv/ce 1.3 / train/inv/confidence 0.33 / train/inv/confidence_gating 0 / train/inv/effective_rep_weight 0.02 / train/inv/head_objective 0.54 / train/inv/head_weight 0 / train/inv/objective 0.54 / train/inv/policy_weight_max 1 / train/inv/policy_weight_mean 1 / train/inv/policy_weight_min 1 / train/inv/policy_weight_std 0 / train/inv/valid_frac 1 / train/inv/weight 0.02 / train/loss/con 0.02 / train/loss/dyn 2.87 / train/loss/image 3.21 / train/loss/inv 0.01 / train/loss/policy -0.02 / train/loss/rep 2.87 / train/loss/repval 1.03 / train/loss/rew 0.57 / train/loss/value 0.94 / replay/replay_ratio 264 / fps/policy 10.41 / fps/train 2665.43

Writing metrics: /home/zhangpeiying01/lfy/btwm-7.7/runs/btwm_dmc_walker_walk_seed0_w002_b11_1m/scores.jsonl
Writing metrics: /home/zhangpeiying01/lfy/btwm-7.7/runs/btwm_dmc_walker_walk_seed0_w002_b11_1m/metrics.jsonl

--------------------[Agent Step 176_864]--------------------
Metrics filtered by: 'score|length|fps|ratio|train/loss/|train/acc/|train/inv/|train/rand/'
episode/score 920.77 / episode/length 1001 / train/acc/inv 0.58 / train/inv/ce 1.3 / train/inv/confidence 0.33 / train/inv/confidence_gating 0 / train/inv/effective_rep_weight 0.02 / train/inv/head_objective 0.54 / train/inv/head_weight 0 / train/inv/objective 0.54 / train/inv/policy_weight_max 1 / train/inv/policy_weight_mean 1 / train/inv/policy_weight_min 1 / train/inv/policy_weight_std 0 / train/inv/valid_frac 1 / train/inv/weight 0.02 / train/loss/con 0.02 / train/loss/dyn 2.9 / train/loss/image 3.23 / train/loss/inv 0.01 / train/loss/policy -0.01 / train/loss/rep 2.9 / train/loss/repval 1.03 / train/loss/rew 0.57 / train/loss/value 0.93 / replay/replay_ratio 264 / fps/policy 10.4 / fps/train 2662.77

Writing metrics: /home/zhangpeiying01/lfy/btwm-7.7/runs/btwm_dmc_walker_walk_seed0_w002_b11_1m/scores.jsonl
Writing metrics: /home/zhangpeiying01/lfy/btwm-7.7/runs/btwm_dmc_walker_walk_seed0_w002_b11_1m/metrics.jsonl

--------------------[Agent Step 178_112]--------------------
Metrics filtered by: 'score|length|fps|ratio|train/loss/|train/acc/|train/inv/|train/rand/'
train/acc/inv 0.58 / train/inv/ce 1.31 / train/inv/confidence 0.33 / train/inv/confidence_gating 0 / train/inv/effective_rep_weight 0.02 / train/inv/head_objective 0.55 / train/inv/head_weight 0 / train/inv/objective 0.55 / train/inv/policy_weight_max 1 / train/inv/policy_weight_mean 1 / train/inv/policy_weight_min 1 / train/inv/policy_weight_std 0 / train/inv/valid_frac 1 / train/inv/weight 0.02 / train/loss/con 0.02 / train/loss/dyn 3.01 / train/loss/image 3.35 / train/loss/inv 0.01 / train/loss/policy -0.01 / train/loss/rep 3.01 / train/loss/repval 1.02 / train/loss/rew 0.58 / train/loss/value 0.93 / replay/replay_ratio 264 / fps/policy 10.39 / fps/train 2659.72

Writing metrics: /home/zhangpeiying01/lfy/btwm-7.7/runs/btwm_dmc_walker_walk_seed0_w002_b11_1m/metrics.jsonl
Writing metrics: /home/zhangpeiying01/lfy/btwm-7.7/runs/btwm_dmc_walker_walk_seed0_w002_b11_1m/scores.jsonl

--------------------[Agent Step 179_376]--------------------
Metrics filtered by: 'score|length|fps|ratio|train/loss/|train/acc/|train/inv/|train/rand/'
train/acc/inv 0.58 / train/inv/ce 1.3 / train/inv/confidence 0.33 / train/inv/confidence_gating 0 / train/inv/effective_rep_weight 0.02 / train/inv/head_objective 0.54 / train/inv/head_weight 0 / train/inv/objective 0.54 / train/inv/policy_weight_max 1 / train/inv/policy_weight_mean 1 / train/inv/policy_weight_min 1 / train/inv/policy_weight_std 0 / train/inv/valid_frac 1 / train/inv/weight 0.02 / train/loss/con 0.02 / train/loss/dyn 2.89 / train/loss/image 3.26 / train/loss/inv 0.01 / train/loss/policy -0.01 / train/loss/rep 2.89 / train/loss/repval 1.02 / train/loss/rew 0.57 / train/loss/value 0.92 / replay/replay_ratio 264 / fps/policy 10.42 / fps/train 2667.77

Writing metrics: /home/zhangpeiying01/lfy/btwm-7.7/runs/btwm_dmc_walker_walk_seed0_w002_b11_1m/metrics.jsonl
Writing metrics: /home/zhangpeiying01/lfy/btwm-7.7/runs/btwm_dmc_walker_walk_seed0_w002_b11_1m/scores.jsonl

--------------------[Agent Step 180_640]--------------------
Metrics filtered by: 'score|length|fps|ratio|train/loss/|train/acc/|train/inv/|train/rand/'
train/acc/inv 0.58 / train/inv/ce 1.3 / train/inv/confidence 0.33 / train/inv/confidence_gating 0 / train/inv/effective_rep_weight 0.02 / train/inv/head_objective 0.54 / train/inv/head_weight 0 / train/inv/objective 0.54 / train/inv/policy_weight_max 1 / train/inv/policy_weight_mean 1 / train/inv/policy_weight_min 1 / train/inv/policy_weight_std 0 / train/inv/valid_frac 1 / train/inv/weight 0.02 / train/loss/con 0.02 / train/loss/dyn 2.92 / train/loss/image 3.26 / train/loss/inv 0.01 / train/loss/policy -9.3e-3 / train/loss/rep 2.92 / train/loss/repval 1.02 / train/loss/rew 0.57 / train/loss/value 0.93 / replay/replay_ratio 264 / fps/policy 10.44 / fps/train 2671.62

Writing metrics: /home/zhangpeiying01/lfy/btwm-7.7/runs/btwm_dmc_walker_walk_seed0_w002_b11_1m/metrics.jsonl
Writing metrics: /home/zhangpeiying01/lfy/btwm-7.7/runs/btwm_dmc_walker_walk_seed0_w002_b11_1m/scores.jsonl

--------------------[Agent Step 181_888]--------------------
Metrics filtered by: 'score|length|fps|ratio|train/loss/|train/acc/|train/inv/|train/rand/'
train/acc/inv 0.58 / train/inv/ce 1.31 / train/inv/confidence 0.33 / train/inv/confidence_gating 0 / train/inv/effective_rep_weight 0.02 / train/inv/head_objective 0.55 / train/inv/head_weight 0 / train/inv/objective 0.55 / train/inv/policy_weight_max 1 / train/inv/policy_weight_mean 1 / train/inv/policy_weight_min 1 / train/inv/policy_weight_std 0 / train/inv/valid_frac 1 / train/inv/weight 0.02 / train/loss/con 0.02 / train/loss/dyn 2.9 / train/loss/image 3.2 / train/loss/inv 0.01 / train/loss/policy -9.4e-3 / train/loss/rep 2.9 / train/loss/repval 1.02 / train/loss/rew 0.57 / train/loss/value 0.92 / replay/replay_ratio 264 / fps/policy 10.36 / fps/train 2651.78

Writing metrics: /home/zhangpeiying01/lfy/btwm-7.7/runs/btwm_dmc_walker_walk_seed0_w002_b11_1m/scores.jsonl
Writing metrics: /home/zhangpeiying01/lfy/btwm-7.7/runs/btwm_dmc_walker_walk_seed0_w002_b11_1m/metrics.jsonl

--------------------[Agent Step 183_152]--------------------
Metrics filtered by: 'score|length|fps|ratio|train/loss/|train/acc/|train/inv/|train/rand/'
train/acc/inv 0.58 / train/inv/ce 1.31 / train/inv/confidence 0.33 / train/inv/confidence_gating 0 / train/inv/effective_rep_weight 0.02 / train/inv/head_objective 0.54 / train/inv/head_weight 0 / train/inv/objective 0.54 / train/inv/policy_weight_max 1 / train/inv/policy_weight_mean 1 / train/inv/policy_weight_min 1 / train/inv/policy_weight_std 0 / train/inv/valid_frac 1 / train/inv/weight 0.02 / train/loss/con 0.02 / train/loss/dyn 2.88 / train/loss/image 3.2 / train/loss/inv 0.01 / train/loss/policy -0.01 / train/loss/rep 2.88 / train/loss/repval 1.02 / train/loss/rew 0.57 / train/loss/value 0.92 / replay/replay_ratio 264 / fps/policy 10.47 / fps/train 2680.32

Writing metrics: /home/zhangpeiying01/lfy/btwm-7.7/runs/btwm_dmc_walker_walk_seed0_w002_b11_1m/metrics.jsonl
Writing metrics: /home/zhangpeiying01/lfy/btwm-7.7/runs/btwm_dmc_walker_walk_seed0_w002_b11_1m/scores.jsonl

--------------------[Agent Step 184_416]--------------------
Metrics filtered by: 'score|length|fps|ratio|train/loss/|train/acc/|train/inv/|train/rand/'
train/acc/inv 0.58 / train/inv/ce 1.31 / train/inv/confidence 0.33 / train/inv/confidence_gating 0 / train/inv/effective_rep_weight 0.02 / train/inv/head_objective 0.55 / train/inv/head_weight 0 / train/inv/objective 0.55 / train/inv/policy_weight_max 1 / train/inv/policy_weight_mean 1 / train/inv/policy_weight_min 1 / train/inv/policy_weight_std 0 / train/inv/valid_frac 1 / train/inv/weight 0.02 / train/loss/con 0.02 / train/loss/dyn 2.92 / train/loss/image 3.19 / train/loss/inv 0.01 / train/loss/policy -0.01 / train/loss/rep 2.92 / train/loss/repval 1.02 / train/loss/rew 0.58 / train/loss/value 0.92 / replay/replay_ratio 264 / fps/policy 10.44 / fps/train 2672.11

Writing metrics: /home/zhangpeiying01/lfy/btwm-7.7/runs/btwm_dmc_walker_walk_seed0_w002_b11_1m/scores.jsonl
Writing metrics: /home/zhangpeiying01/lfy/btwm-7.7/runs/btwm_dmc_walker_walk_seed0_w002_b11_1m/metrics.jsonl

--------------------[Agent Step 185_680]--------------------
Metrics filtered by: 'score|length|fps|ratio|train/loss/|train/acc/|train/inv/|train/rand/'
train/acc/inv 0.58 / train/inv/ce 1.31 / train/inv/confidence 0.33 / train/inv/confidence_gating 0 / train/inv/effective_rep_weight 0.02 / train/inv/head_objective 0.55 / train/inv/head_weight 0 / train/inv/objective 0.55 / train/inv/policy_weight_max 1 / train/inv/policy_weight_mean 1 / train/inv/policy_weight_min 1 / train/inv/policy_weight_std 0 / train/inv/valid_frac 1 / train/inv/weight 0.02 / train/loss/con 0.02 / train/loss/dyn 2.91 / train/loss/image 3.16 / train/loss/inv 0.01 / train/loss/policy -0.01 / train/loss/rep 2.91 / train/loss/repval 1.01 / train/loss/rew 0.58 / train/loss/value 0.91 / replay/replay_ratio 264 / fps/policy 10.5 / fps/train 2687.46

Writing metrics: /home/zhangpeiying01/lfy/btwm-7.7/runs/btwm_dmc_walker_walk_seed0_w002_b11_1m/metrics.jsonl
Writing metrics: /home/zhangpeiying01/lfy/btwm-7.7/runs/btwm_dmc_walker_walk_seed0_w002_b11_1m/scores.jsonl

--------------------[Agent Step 186_944]--------------------
Metrics filtered by: 'score|length|fps|ratio|train/loss/|train/acc/|train/inv/|train/rand/'
train/acc/inv 0.58 / train/inv/ce 1.32 / train/inv/confidence 0.32 / train/inv/confidence_gating 0 / train/inv/effective_rep_weight 0.02 / train/inv/head_objective 0.55 / train/inv/head_weight 0 / train/inv/objective 0.55 / train/inv/policy_weight_max 1 / train/inv/policy_weight_mean 1 / train/inv/policy_weight_min 1 / train/inv/policy_weight_std 0 / train/inv/valid_frac 1 / train/inv/weight 0.02 / train/loss/con 0.02 / train/loss/dyn 2.9 / train/loss/image 3.16 / train/loss/inv 0.01 / train/loss/policy -0.01 / train/loss/rep 2.9 / train/loss/repval 1.01 / train/loss/rew 0.58 / train/loss/value 0.91 / replay/replay_ratio 264 / fps/policy 10.49 / fps/train 2684.64

Writing metrics: /home/zhangpeiying01/lfy/btwm-7.7/runs/btwm_dmc_walker_walk_seed0_w002_b11_1m/metrics.jsonl
Writing metrics: /home/zhangpeiying01/lfy/btwm-7.7/runs/btwm_dmc_walker_walk_seed0_w002_b11_1m/scores.jsonl
Saving checkpoint: /home/zhangpeiying01/lfy/btwm-7.7/runs/btwm_dmc_walker_walk_seed0_w002_b11_1m/ckpt/20260713T024406F520915
Saved checkpoint.

--------------------[Agent Step 188_160]--------------------
Metrics filtered by: 'score|length|fps|ratio|train/loss/|train/acc/|train/inv/|train/rand/'
train/acc/inv 0.58 / train/inv/ce 1.32 / train/inv/confidence 0.32 / train/inv/confidence_gating 0 / train/inv/effective_rep_weight 0.02 / train/inv/head_objective 0.55 / train/inv/head_weight 0 / train/inv/objective 0.55 / train/inv/policy_weight_max 1 / train/inv/policy_weight_mean 1 / train/inv/policy_weight_min 1 / train/inv/policy_weight_std 0 / train/inv/valid_frac 1 / train/inv/weight 0.02 / train/loss/con 0.02 / train/loss/dyn 2.89 / train/loss/image 3.14 / train/loss/inv 0.01 / train/loss/policy -0.02 / train/loss/rep 2.89 / train/loss/repval 1.01 / train/loss/rew 0.58 / train/loss/value 0.91 / replay/replay_ratio 264 / fps/policy 10.12 / fps/train 2591.13

Writing metrics: /home/zhangpeiying01/lfy/btwm-7.7/runs/btwm_dmc_walker_walk_seed0_w002_b11_1m/metrics.jsonl
Writing metrics: /home/zhangpeiying01/lfy/btwm-7.7/runs/btwm_dmc_walker_walk_seed0_w002_b11_1m/scores.jsonl

--------------------[Agent Step 189_424]--------------------
Metrics filtered by: 'score|length|fps|ratio|train/loss/|train/acc/|train/inv/|train/rand/'
train/acc/inv 0.58 / train/inv/ce 1.32 / train/inv/confidence 0.32 / train/inv/confidence_gating 0 / train/inv/effective_rep_weight 0.02 / train/inv/head_objective 0.55 / train/inv/head_weight 0 / train/inv/objective 0.55 / train/inv/policy_weight_max 1 / train/inv/policy_weight_mean 1 / train/inv/policy_weight_min 1 / train/inv/policy_weight_std 0 / train/inv/valid_frac 1 / train/inv/weight 0.02 / train/loss/con 0.02 / train/loss/dyn 2.88 / train/loss/image 3.11 / train/loss/inv 0.01 / train/loss/policy -0.02 / train/loss/rep 2.88 / train/loss/repval 1 / train/loss/rew 0.58 / train/loss/value 0.91 / replay/replay_ratio 264 / fps/policy 10.49 / fps/train 2684.28

Writing metrics: /home/zhangpeiying01/lfy/btwm-7.7/runs/btwm_dmc_walker_walk_seed0_w002_b11_1m/metrics.jsonl
Writing metrics: /home/zhangpeiying01/lfy/btwm-7.7/runs/btwm_dmc_walker_walk_seed0_w002_b11_1m/scores.jsonl

--------------------[Agent Step 190_688]--------------------
Metrics filtered by: 'score|length|fps|ratio|train/loss/|train/acc/|train/inv/|train/rand/'
train/acc/inv 0.58 / train/inv/ce 1.31 / train/inv/confidence 0.33 / train/inv/confidence_gating 0 / train/inv/effective_rep_weight 0.02 / train/inv/head_objective 0.55 / train/inv/head_weight 0 / train/inv/objective 0.55 / train/inv/policy_weight_max 1 / train/inv/policy_weight_mean 1 / train/inv/policy_weight_min 1 / train/inv/policy_weight_std 0 / train/inv/valid_frac 1 / train/inv/weight 0.02 / train/loss/con 0.02 / train/loss/dyn 2.88 / train/loss/image 3.12 / train/loss/inv 0.01 / train/loss/policy -0.02 / train/loss/rep 2.88 / train/loss/repval 1.01 / train/loss/rew 0.58 / train/loss/value 0.91 / replay/replay_ratio 264 / fps/policy 10.46 / fps/train 2676.62

Writing metrics: /home/zhangpeiying01/lfy/btwm-7.7/runs/btwm_dmc_walker_walk_seed0_w002_b11_1m/metrics.jsonl
Writing metrics: /home/zhangpeiying01/lfy/btwm-7.7/runs/btwm_dmc_walker_walk_seed0_w002_b11_1m/scores.jsonl

--------------------[Agent Step 191_952]--------------------
Metrics filtered by: 'score|length|fps|ratio|train/loss/|train/acc/|train/inv/|train/rand/'
train/acc/inv 0.58 / train/inv/ce 1.32 / train/inv/confidence 0.32 / train/inv/confidence_gating 0 / train/inv/effective_rep_weight 0.02 / train/inv/head_objective 0.55 / train/inv/head_weight 0 / train/inv/objective 0.55 / train/inv/policy_weight_max 1 / train/inv/policy_weight_mean 1 / train/inv/policy_weight_min 1 / train/inv/policy_weight_std 0 / train/inv/valid_frac 1 / train/inv/weight 0.02 / train/loss/con 0.02 / train/loss/dyn 2.88 / train/loss/image 3.08 / train/loss/inv 0.01 / train/loss/policy -0.01 / train/loss/rep 2.88 / train/loss/repval 1.01 / train/loss/rew 0.58 / train/loss/value 0.91 / replay/replay_ratio 264 / fps/policy 10.48 / fps/train 2683.45

Writing metrics: /home/zhangpeiying01/lfy/btwm-7.7/runs/btwm_dmc_walker_walk_seed0_w002_b11_1m/metrics.jsonl
Writing metrics: /home/zhangpeiying01/lfy/btwm-7.7/runs/btwm_dmc_walker_walk_seed0_w002_b11_1m/scores.jsonl

--------------------[Agent Step 193_216]--------------------
Metrics filtered by: 'score|length|fps|ratio|train/loss/|train/acc/|train/inv/|train/rand/'
episode/score 918.12 / episode/length 1001 / train/acc/inv 0.58 / train/inv/ce 1.33 / train/inv/confidence 0.32 / train/inv/confidence_gating 0 / train/inv/effective_rep_weight 0.02 / train/inv/head_objective 0.56 / train/inv/head_weight 0 / train/inv/objective 0.56 / train/inv/policy_weight_max 1 / train/inv/policy_weight_mean 1 / train/inv/policy_weight_min 1 / train/inv/policy_weight_std 0 / train/inv/valid_frac 1 / train/inv/weight 0.02 / train/loss/con 0.02 / train/loss/dyn 2.99 / train/loss/image 3.26 / train/loss/inv 0.01 / train/loss/policy -0.01 / train/loss/rep 2.99 / train/loss/repval 1 / train/loss/rew 0.58 / train/loss/value 0.9 / replay/replay_ratio 264 / fps/policy 10.47 / fps/train 2679.27

Writing metrics: /home/zhangpeiying01/lfy/btwm-7.7/runs/btwm_dmc_walker_walk_seed0_w002_b11_1m/metrics.jsonl
Writing metrics: /home/zhangpeiying01/lfy/btwm-7.7/runs/btwm_dmc_walker_walk_seed0_w002_b11_1m/scores.jsonl

--------------------[Agent Step 194_480]--------------------
Metrics filtered by: 'score|length|fps|ratio|train/loss/|train/acc/|train/inv/|train/rand/'
train/acc/inv 0.57 / train/inv/ce 1.33 / train/inv/confidence 0.32 / train/inv/confidence_gating 0 / train/inv/effective_rep_weight 0.02 / train/inv/head_objective 0.56 / train/inv/head_weight 0 / train/inv/objective 0.56 / train/inv/policy_weight_max 1 / train/inv/policy_weight_mean 1 / train/inv/policy_weight_min 1 / train/inv/policy_weight_std 0 / train/inv/valid_frac 1 / train/inv/weight 0.02 / train/loss/con 0.02 / train/loss/dyn 2.98 / train/loss/image 3.26 / train/loss/inv 0.01 / train/loss/policy -0.01 / train/loss/rep 2.98 / train/loss/repval 0.99 / train/loss/rew 0.58 / train/loss/value 0.9 / replay/replay_ratio 264 / fps/policy 10.49 / fps/train 2684.47

Writing metrics: /home/zhangpeiying01/lfy/btwm-7.7/runs/btwm_dmc_walker_walk_seed0_w002_b11_1m/metrics.jsonl
Writing metrics: /home/zhangpeiying01/lfy/btwm-7.7/runs/btwm_dmc_walker_walk_seed0_w002_b11_1m/scores.jsonl

--------------------[Agent Step 195_744]--------------------
Metrics filtered by: 'score|length|fps|ratio|train/loss/|train/acc/|train/inv/|train/rand/'
train/acc/inv 0.57 / train/inv/ce 1.34 / train/inv/confidence 0.32 / train/inv/confidence_gating 0 / train/inv/effective_rep_weight 0.02 / train/inv/head_objective 0.56 / train/inv/head_weight 0 / train/inv/objective 0.56 / train/inv/policy_weight_max 1 / train/inv/policy_weight_mean 1 / train/inv/policy_weight_min 1 / train/inv/policy_weight_std 0 / train/inv/valid_frac 1 / train/inv/weight 0.02 / train/loss/con 0.02 / train/loss/dyn 2.9 / train/loss/image 3.18 / train/loss/inv 0.01 / train/loss/policy -0.01 / train/loss/rep 2.9 / train/loss/repval 0.99 / train/loss/rew 0.58 / train/loss/value 0.9 / replay/replay_ratio 264 / fps/policy 10.51 / fps/train 2689.77

Writing metrics: /home/zhangpeiying01/lfy/btwm-7.7/runs/btwm_dmc_walker_walk_seed0_w002_b11_1m/metrics.jsonl
Writing metrics: /home/zhangpeiying01/lfy/btwm-7.7/runs/btwm_dmc_walker_walk_seed0_w002_b11_1m/scores.jsonl

--------------------[Agent Step 197_008]--------------------
Metrics filtered by: 'score|length|fps|ratio|train/loss/|train/acc/|train/inv/|train/rand/'
train/acc/inv 0.57 / train/inv/ce 1.34 / train/inv/confidence 0.32 / train/inv/confidence_gating 0 / train/inv/effective_rep_weight 0.02 / train/inv/head_objective 0.56 / train/inv/head_weight 0 / train/inv/objective 0.56 / train/inv/policy_weight_max 1 / train/inv/policy_weight_mean 1 / train/inv/policy_weight_min 1 / train/inv/policy_weight_std 0 / train/inv/valid_frac 1 / train/inv/weight 0.02 / train/loss/con 0.02 / train/loss/dyn 2.93 / train/loss/image 3.19 / train/loss/inv 0.01 / train/loss/policy -0.01 / train/loss/rep 2.93 / train/loss/repval 0.99 / train/loss/rew 0.58 / train/loss/value 0.89 / replay/replay_ratio 264 / fps/policy 10.49 / fps/train 2684.62

Writing metrics: /home/zhangpeiying01/lfy/btwm-7.7/runs/btwm_dmc_walker_walk_seed0_w002_b11_1m/metrics.jsonl
Writing metrics: /home/zhangpeiying01/lfy/btwm-7.7/runs/btwm_dmc_walker_walk_seed0_w002_b11_1m/scores.jsonl

--------------------[Agent Step 198_272]--------------------
Metrics filtered by: 'score|length|fps|ratio|train/loss/|train/acc/|train/inv/|train/rand/'
train/acc/inv 0.57 / train/inv/ce 1.34 / train/inv/confidence 0.32 / train/inv/confidence_gating 0 / train/inv/effective_rep_weight 0.02 / train/inv/head_objective 0.56 / train/inv/head_weight 0 / train/inv/objective 0.56 / train/inv/policy_weight_max 1 / train/inv/policy_weight_mean 1 / train/inv/policy_weight_min 1 / train/inv/policy_weight_std 0 / train/inv/valid_frac 1 / train/inv/weight 0.02 / train/loss/con 0.02 / train/loss/dyn 2.89 / train/loss/image 3.17 / train/loss/inv 0.01 / train/loss/policy -0.01 / train/loss/rep 2.89 / train/loss/repval 0.99 / train/loss/rew 0.58 / train/loss/value 0.9 / replay/replay_ratio 264 / fps/policy 10.52 / fps/train 2692.42

Writing metrics: /home/zhangpeiying01/lfy/btwm-7.7/runs/btwm_dmc_walker_walk_seed0_w002_b11_1m/metrics.jsonl
Writing metrics: /home/zhangpeiying01/lfy/btwm-7.7/runs/btwm_dmc_walker_walk_seed0_w002_b11_1m/scores.jsonl

--------------------[Agent Step 199_536]--------------------
Metrics filtered by: 'score|length|fps|ratio|train/loss/|train/acc/|train/inv/|train/rand/'
train/acc/inv 0.57 / train/inv/ce 1.34 / train/inv/confidence 0.32 / train/inv/confidence_gating 0 / train/inv/effective_rep_weight 0.02 / train/inv/head_objective 0.56 / train/inv/head_weight 0 / train/inv/objective 0.56 / train/inv/policy_weight_max 1 / train/inv/policy_weight_mean 1 / train/inv/policy_weight_min 1 / train/inv/policy_weight_std 0 / train/inv/valid_frac 1 / train/inv/weight 0.02 / train/loss/con 0.02 / train/loss/dyn 2.88 / train/loss/image 3.14 / train/loss/inv 0.01 / train/loss/policy -0.02 / train/loss/rep 2.88 / train/loss/repval 1 / train/loss/rew 0.58 / train/loss/value 0.9 / replay/replay_ratio 264 / fps/policy 10.51 / fps/train 2691.76

Writing metrics: /home/zhangpeiying01/lfy/btwm-7.7/runs/btwm_dmc_walker_walk_seed0_w002_b11_1m/metrics.jsonl
Writing metrics: /home/zhangpeiying01/lfy/btwm-7.7/runs/btwm_dmc_walker_walk_seed0_w002_b11_1m/scores.jsonl

--------------------[Agent Step 200_800]--------------------
Metrics filtered by: 'score|length|fps|ratio|train/loss/|train/acc/|train/inv/|train/rand/'
train/acc/inv 0.58 / train/inv/ce 1.33 / train/inv/confidence 0.32 / train/inv/confidence_gating 0 / train/inv/effective_rep_weight 0.02 / train/inv/head_objective 0.56 / train/inv/head_weight 0 / train/inv/objective 0.56 / train/inv/policy_weight_max 1 / train/inv/policy_weight_mean 1 / train/inv/policy_weight_min 1 / train/inv/policy_weight_std 0 / train/inv/valid_frac 1 / train/inv/weight 0.02 / train/loss/con 0.02 / train/loss/dyn 2.88 / train/loss/image 3.13 / train/loss/inv 0.01 / train/loss/policy -0.02 / train/loss/rep 2.88 / train/loss/repval 0.99 / train/loss/rew 0.58 / train/loss/value 0.9 / replay/replay_ratio 264 / fps/policy 10.5 / fps/train 2688.68

Writing metrics: /home/zhangpeiying01/lfy/btwm-7.7/runs/btwm_dmc_walker_walk_seed0_w002_b11_1m/metrics.jsonl
Writing metrics: /home/zhangpeiying01/lfy/btwm-7.7/runs/btwm_dmc_walker_walk_seed0_w002_b11_1m/scores.jsonl

--------------------[Agent Step 202_064]--------------------
Metrics filtered by: 'score|length|fps|ratio|train/loss/|train/acc/|train/inv/|train/rand/'
train/acc/inv 0.58 / train/inv/ce 1.33 / train/inv/confidence 0.32 / train/inv/confidence_gating 0 / train/inv/effective_rep_weight 0.02 / train/inv/head_objective 0.56 / train/inv/head_weight 0 / train/inv/objective 0.56 / train/inv/policy_weight_max 1 / train/inv/policy_weight_mean 1 / train/inv/policy_weight_min 1 / train/inv/policy_weight_std 0 / train/inv/valid_frac 1 / train/inv/weight 0.02 / train/loss/con 0.02 / train/loss/dyn 2.88 / train/loss/image 3.11 / train/loss/inv 0.01 / train/loss/policy -0.01 / train/loss/rep 2.88 / train/loss/repval 0.99 / train/loss/rew 0.58 / train/loss/value 0.89 / replay/replay_ratio 264 / fps/policy 10.53 / fps/train 2695.82

Writing metrics: /home/zhangpeiying01/lfy/btwm-7.7/runs/btwm_dmc_walker_walk_seed0_w002_b11_1m/scores.jsonl
Writing metrics: /home/zhangpeiying01/lfy/btwm-7.7/runs/btwm_dmc_walker_walk_seed0_w002_b11_1m/metrics.jsonl

--------------------[Agent Step 203_328]--------------------
Metrics filtered by: 'score|length|fps|ratio|train/loss/|train/acc/|train/inv/|train/rand/'
train/acc/inv 0.57 / train/inv/ce 1.34 / train/inv/confidence 0.32 / train/inv/confidence_gating 0 / train/inv/effective_rep_weight 0.02 / train/inv/head_objective 0.56 / train/inv/head_weight 0 / train/inv/objective 0.56 / train/inv/policy_weight_max 1 / train/inv/policy_weight_mean 1 / train/inv/policy_weight_min 1 / train/inv/policy_weight_std 0 / train/inv/valid_frac 1 / train/inv/weight 0.02 / train/loss/con 0.02 / train/loss/dyn 2.88 / train/loss/image 3.09 / train/loss/inv 0.01 / train/loss/policy -0.01 / train/loss/rep 2.88 / train/loss/repval 0.98 / train/loss/rew 0.58 / train/loss/value 0.89 / replay/replay_ratio 264 / fps/policy 10.52 / fps/train 2693.4

Writing metrics: /home/zhangpeiying01/lfy/btwm-7.7/runs/btwm_dmc_walker_walk_seed0_w002_b11_1m/metrics.jsonl
Writing metrics: /home/zhangpeiying01/lfy/btwm-7.7/runs/btwm_dmc_walker_walk_seed0_w002_b11_1m/scores.jsonl

--------------------[Agent Step 204_592]--------------------
Metrics filtered by: 'score|length|fps|ratio|train/loss/|train/acc/|train/inv/|train/rand/'
train/acc/inv 0.57 / train/inv/ce 1.34 / train/inv/confidence 0.32 / train/inv/confidence_gating 0 / train/inv/effective_rep_weight 0.02 / train/inv/head_objective 0.56 / train/inv/head_weight 0 / train/inv/objective 0.56 / train/inv/policy_weight_max 1 / train/inv/policy_weight_mean 1 / train/inv/policy_weight_min 1 / train/inv/policy_weight_std 0 / train/inv/valid_frac 1 / train/inv/weight 0.02 / train/loss/con 0.02 / train/loss/dyn 2.85 / train/loss/image 3.06 / train/loss/inv 0.01 / train/loss/policy -0.01 / train/loss/rep 2.85 / train/loss/repval 0.99 / train/loss/rew 0.58 / train/loss/value 0.89 / replay/replay_ratio 264 / fps/policy 10.53 / fps/train 2696.01

Writing metrics: /home/zhangpeiying01/lfy/btwm-7.7/runs/btwm_dmc_walker_walk_seed0_w002_b11_1m/metrics.jsonl
Writing metrics: /home/zhangpeiying01/lfy/btwm-7.7/runs/btwm_dmc_walker_walk_seed0_w002_b11_1m/scores.jsonl

--------------------[Agent Step 205_872]--------------------
Metrics filtered by: 'score|length|fps|ratio|train/loss/|train/acc/|train/inv/|train/rand/'
train/acc/inv 0.57 / train/inv/ce 1.35 / train/inv/confidence 0.32 / train/inv/confidence_gating 0 / train/inv/effective_rep_weight 0.02 / train/inv/head_objective 0.56 / train/inv/head_weight 0 / train/inv/objective 0.56 / train/inv/policy_weight_max 1 / train/inv/policy_weight_mean 1 / train/inv/policy_weight_min 1 / train/inv/policy_weight_std 0 / train/inv/valid_frac 1 / train/inv/weight 0.02 / train/loss/con 0.02 / train/loss/dyn 2.88 / train/loss/image 3.07 / train/loss/inv 0.01 / train/loss/policy -5e-3 / train/loss/rep 2.88 / train/loss/repval 0.98 / train/loss/rew 0.58 / train/loss/value 0.88 / replay/replay_ratio 264 / fps/policy 10.54 / fps/train 2697.76

Writing metrics: /home/zhangpeiying01/lfy/btwm-7.7/runs/btwm_dmc_walker_walk_seed0_w002_b11_1m/scores.jsonl
Writing metrics: /home/zhangpeiying01/lfy/btwm-7.7/runs/btwm_dmc_walker_walk_seed0_w002_b11_1m/metrics.jsonl

--------------------[Agent Step 207_136]--------------------
Metrics filtered by: 'score|length|fps|ratio|train/loss/|train/acc/|train/inv/|train/rand/'
train/acc/inv 0.57 / train/inv/ce 1.34 / train/inv/confidence 0.32 / train/inv/confidence_gating 0 / train/inv/effective_rep_weight 0.02 / train/inv/head_objective 0.56 / train/inv/head_weight 0 / train/inv/objective 0.56 / train/inv/policy_weight_max 1 / train/inv/policy_weight_mean 1 / train/inv/policy_weight_min 1 / train/inv/policy_weight_std 0 / train/inv/valid_frac 1 / train/inv/weight 0.02 / train/loss/con 0.02 / train/loss/dyn 2.9 / train/loss/image 3.1 / train/loss/inv 0.01 / train/loss/policy -4.7e-3 / train/loss/rep 2.9 / train/loss/repval 0.98 / train/loss/rew 0.58 / train/loss/value 0.88 / replay/replay_ratio 264 / fps/policy 10.53 / fps/train 2695.09

Writing metrics: /home/zhangpeiying01/lfy/btwm-7.7/runs/btwm_dmc_walker_walk_seed0_w002_b11_1m/scores.jsonl
Writing metrics: /home/zhangpeiying01/lfy/btwm-7.7/runs/btwm_dmc_walker_walk_seed0_w002_b11_1m/metrics.jsonl

--------------------[Agent Step 208_400]--------------------
Metrics filtered by: 'score|length|fps|ratio|train/loss/|train/acc/|train/inv/|train/rand/'
episode/score 924.69 / episode/length 1001 / train/acc/inv 0.57 / train/inv/ce 1.35 / train/inv/confidence 0.32 / train/inv/confidence_gating 0 / train/inv/effective_rep_weight 0.02 / train/inv/head_objective 0.56 / train/inv/head_weight 0 / train/inv/objective 0.56 / train/inv/policy_weight_max 1 / train/inv/policy_weight_mean 1 / train/inv/policy_weight_min 1 / train/inv/policy_weight_std 0 / train/inv/valid_frac 1 / train/inv/weight 0.02 / train/loss/con 0.02 / train/loss/dyn 2.86 / train/loss/image 3.09 / train/loss/inv 0.01 / train/loss/policy -0.01 / train/loss/rep 2.86 / train/loss/repval 0.98 / train/loss/rew 0.58 / train/loss/value 0.88 / replay/replay_ratio 264 / fps/policy 10.54 / fps/train 2697

Writing metrics: /home/zhangpeiying01/lfy/btwm-7.7/runs/btwm_dmc_walker_walk_seed0_w002_b11_1m/scores.jsonl
Writing metrics: /home/zhangpeiying01/lfy/btwm-7.7/runs/btwm_dmc_walker_walk_seed0_w002_b11_1m/metrics.jsonl

--------------------[Agent Step 209_664]--------------------
Metrics filtered by: 'score|length|fps|ratio|train/loss/|train/acc/|train/inv/|train/rand/'
train/acc/inv 0.57 / train/inv/ce 1.35 / train/inv/confidence 0.31 / train/inv/confidence_gating 0 / train/inv/effective_rep_weight 0.02 / train/inv/head_objective 0.57 / train/inv/head_weight 0 / train/inv/objective 0.57 / train/inv/policy_weight_max 1 / train/inv/policy_weight_mean 1 / train/inv/policy_weight_min 1 / train/inv/policy_weight_std 0 / train/inv/valid_frac 1 / train/inv/weight 0.02 / train/loss/con 0.02 / train/loss/dyn 3.03 / train/loss/image 3.26 / train/loss/inv 0.01 / train/loss/policy -7.1e-3 / train/loss/rep 3.03 / train/loss/repval 0.98 / train/loss/rew 0.58 / train/loss/value 0.89 / replay/replay_ratio 264 / fps/policy 10.5 / fps/train 2686.84

Writing metrics: /home/zhangpeiying01/lfy/btwm-7.7/runs/btwm_dmc_walker_walk_seed0_w002_b11_1m/scores.jsonl
Writing metrics: /home/zhangpeiying01/lfy/btwm-7.7/runs/btwm_dmc_walker_walk_seed0_w002_b11_1m/metrics.jsonl

--------------------[Agent Step 210_928]--------------------
Metrics filtered by: 'score|length|fps|ratio|train/loss/|train/acc/|train/inv/|train/rand/'
train/acc/inv 0.57 / train/inv/ce 1.37 / train/inv/confidence 0.31 / train/inv/confidence_gating 0 / train/inv/effective_rep_weight 0.02 / train/inv/head_objective 0.57 / train/inv/head_weight 0 / train/inv/objective 0.57 / train/inv/policy_weight_max 1 / train/inv/policy_weight_mean 1 / train/inv/policy_weight_min 1 / train/inv/policy_weight_std 0 / train/inv/valid_frac 1 / train/inv/weight 0.02 / train/loss/con 0.02 / train/loss/dyn 2.87 / train/loss/image 3.11 / train/loss/inv 0.01 / train/loss/policy -8.3e-3 / train/loss/rep 2.87 / train/loss/repval 0.98 / train/loss/rew 0.58 / train/loss/value 0.89 / replay/replay_ratio 264 / fps/policy 10.5 / fps/train 2687.18

Writing metrics: /home/zhangpeiying01/lfy/btwm-7.7/runs/btwm_dmc_walker_walk_seed0_w002_b11_1m/metrics.jsonl
Writing metrics: /home/zhangpeiying01/lfy/btwm-7.7/runs/btwm_dmc_walker_walk_seed0_w002_b11_1m/scores.jsonl

--------------------[Agent Step 212_192]--------------------
Metrics filtered by: 'score|length|fps|ratio|train/loss/|train/acc/|train/inv/|train/rand/'
train/acc/inv 0.57 / train/inv/ce 1.35 / train/inv/confidence 0.31 / train/inv/confidence_gating 0 / train/inv/effective_rep_weight 0.02 / train/inv/head_objective 0.56 / train/inv/head_weight 0 / train/inv/objective 0.56 / train/inv/policy_weight_max 1 / train/inv/policy_weight_mean 1 / train/inv/policy_weight_min 1 / train/inv/policy_weight_std 0 / train/inv/valid_frac 1 / train/inv/weight 0.02 / train/loss/con 0.02 / train/loss/dyn 2.87 / train/loss/image 3.09 / train/loss/inv 0.01 / train/loss/policy -5.4e-3 / train/loss/rep 2.87 / train/loss/repval 0.98 / train/loss/rew 0.58 / train/loss/value 0.89 / replay/replay_ratio 264 / fps/policy 10.53 / fps/train 2695.66

Writing metrics: /home/zhangpeiying01/lfy/btwm-7.7/runs/btwm_dmc_walker_walk_seed0_w002_b11_1m/scores.jsonl
Writing metrics: /home/zhangpeiying01/lfy/btwm-7.7/runs/btwm_dmc_walker_walk_seed0_w002_b11_1m/metrics.jsonl

--------------------[Agent Step 213_456]--------------------
Metrics filtered by: 'score|length|fps|ratio|train/loss/|train/acc/|train/inv/|train/rand/'
train/acc/inv 0.57 / train/inv/ce 1.36 / train/inv/confidence 0.31 / train/inv/confidence_gating 0 / train/inv/effective_rep_weight 0.02 / train/inv/head_objective 0.57 / train/inv/head_weight 0 / train/inv/objective 0.57 / train/inv/policy_weight_max 1 / train/inv/policy_weight_mean 1 / train/inv/policy_weight_min 1 / train/inv/policy_weight_std 0 / train/inv/valid_frac 1 / train/inv/weight 0.02 / train/loss/con 0.02 / train/loss/dyn 2.89 / train/loss/image 3.07 / train/loss/inv 0.01 / train/loss/policy -5.3e-3 / train/loss/rep 2.89 / train/loss/repval 0.98 / train/loss/rew 0.58 / train/loss/value 0.89 / replay/replay_ratio 264 / fps/policy 10.51 / fps/train 2690.02

Writing metrics: /home/zhangpeiying01/lfy/btwm-7.7/runs/btwm_dmc_walker_walk_seed0_w002_b11_1m/metrics.jsonl
Writing metrics: /home/zhangpeiying01/lfy/btwm-7.7/runs/btwm_dmc_walker_walk_seed0_w002_b11_1m/scores.jsonl

--------------------[Agent Step 214_736]--------------------
Metrics filtered by: 'score|length|fps|ratio|train/loss/|train/acc/|train/inv/|train/rand/'
train/acc/inv 0.57 / train/inv/ce 1.36 / train/inv/confidence 0.31 / train/inv/confidence_gating 0 / train/inv/effective_rep_weight 0.02 / train/inv/head_objective 0.57 / train/inv/head_weight 0 / train/inv/objective 0.57 / train/inv/policy_weight_max 1 / train/inv/policy_weight_mean 1 / train/inv/policy_weight_min 1 / train/inv/policy_weight_std 0 / train/inv/valid_frac 1 / train/inv/weight 0.02 / train/loss/con 0.02 / train/loss/dyn 2.9 / train/loss/image 3.09 / train/loss/inv 0.01 / train/loss/policy -7.9e-3 / train/loss/rep 2.9 / train/loss/repval 0.98 / train/loss/rew 0.58 / train/loss/value 0.89 / replay/replay_ratio 264 / fps/policy 10.54 / fps/train 2697.27

Writing metrics: /home/zhangpeiying01/lfy/btwm-7.7/runs/btwm_dmc_walker_walk_seed0_w002_b11_1m/scores.jsonl
Writing metrics: /home/zhangpeiying01/lfy/btwm-7.7/runs/btwm_dmc_walker_walk_seed0_w002_b11_1m/metrics.jsonl

--------------------[Agent Step 216_000]--------------------
Metrics filtered by: 'score|length|fps|ratio|train/loss/|train/acc/|train/inv/|train/rand/'
train/acc/inv 0.57 / train/inv/ce 1.36 / train/inv/confidence 0.31 / train/inv/confidence_gating 0 / train/inv/effective_rep_weight 0.02 / train/inv/head_objective 0.57 / train/inv/head_weight 0 / train/inv/objective 0.57 / train/inv/policy_weight_max 1 / train/inv/policy_weight_mean 1 / train/inv/policy_weight_min 1 / train/inv/policy_weight_std 0 / train/inv/valid_frac 1 / train/inv/weight 0.02 / train/loss/con 0.02 / train/loss/dyn 2.86 / train/loss/image 3.01 / train/loss/inv 0.01 / train/loss/policy -8.1e-3 / train/loss/rep 2.86 / train/loss/repval 0.97 / train/loss/rew 0.58 / train/loss/value 0.87 / replay/replay_ratio 264 / fps/policy 10.52 / fps/train 2693.11

Writing metrics: /home/zhangpeiying01/lfy/btwm-7.7/runs/btwm_dmc_walker_walk_seed0_w002_b11_1m/scores.jsonl
Writing metrics: /home/zhangpeiying01/lfy/btwm-7.7/runs/btwm_dmc_walker_walk_seed0_w002_b11_1m/metrics.jsonl

--------------------[Agent Step 217_280]--------------------
Metrics filtered by: 'score|length|fps|ratio|train/loss/|train/acc/|train/inv/|train/rand/'
train/acc/inv 0.57 / train/inv/ce 1.37 / train/inv/confidence 0.31 / train/inv/confidence_gating 0 / train/inv/effective_rep_weight 0.02 / train/inv/head_objective 0.57 / train/inv/head_weight 0 / train/inv/objective 0.57 / train/inv/policy_weight_max 1 / train/inv/policy_weight_mean 1 / train/inv/policy_weight_min 1 / train/inv/policy_weight_std 0 / train/inv/valid_frac 1 / train/inv/weight 0.02 / train/loss/con 0.02 / train/loss/dyn 2.85 / train/loss/image 3 / train/loss/inv 0.01 / train/loss/policy -4.6e-3 / train/loss/rep 2.85 / train/loss/repval 0.96 / train/loss/rew 0.58 / train/loss/value 0.86 / replay/replay_ratio 264 / fps/policy 10.54 / fps/train 2698.57

Writing metrics: /home/zhangpeiying01/lfy/btwm-7.7/runs/btwm_dmc_walker_walk_seed0_w002_b11_1m/metrics.jsonl
Writing metrics: /home/zhangpeiying01/lfy/btwm-7.7/runs/btwm_dmc_walker_walk_seed0_w002_b11_1m/scores.jsonl

--------------------[Agent Step 218_544]--------------------
Metrics filtered by: 'score|length|fps|ratio|train/loss/|train/acc/|train/inv/|train/rand/'
train/acc/inv 0.57 / train/inv/ce 1.37 / train/inv/confidence 0.31 / train/inv/confidence_gating 0 / train/inv/effective_rep_weight 0.02 / train/inv/head_objective 0.57 / train/inv/head_weight 0 / train/inv/objective 0.57 / train/inv/policy_weight_max 1 / train/inv/policy_weight_mean 1 / train/inv/policy_weight_min 1 / train/inv/policy_weight_std 0 / train/inv/valid_frac 1 / train/inv/weight 0.02 / train/loss/con 0.02 / train/loss/dyn 2.83 / train/loss/image 2.98 / train/loss/inv 0.01 / train/loss/policy -9.5e-3 / train/loss/rep 2.83 / train/loss/repval 0.96 / train/loss/rew 0.58 / train/loss/value 0.87 / replay/replay_ratio 264 / fps/policy 10.53 / fps/train 2696.14

Writing metrics: /home/zhangpeiying01/lfy/btwm-7.7/runs/btwm_dmc_walker_walk_seed0_w002_b11_1m/metrics.jsonl
Writing metrics: /home/zhangpeiying01/lfy/btwm-7.7/runs/btwm_dmc_walker_walk_seed0_w002_b11_1m/scores.jsonl

--------------------[Agent Step 219_808]--------------------
Metrics filtered by: 'score|length|fps|ratio|train/loss/|train/acc/|train/inv/|train/rand/'
train/acc/inv 0.57 / train/inv/ce 1.36 / train/inv/confidence 0.31 / train/inv/confidence_gating 0 / train/inv/effective_rep_weight 0.02 / train/inv/head_objective 0.57 / train/inv/head_weight 0 / train/inv/objective 0.57 / train/inv/policy_weight_max 1 / train/inv/policy_weight_mean 1 / train/inv/policy_weight_min 1 / train/inv/policy_weight_std 0 / train/inv/valid_frac 1 / train/inv/weight 0.02 / train/loss/con 0.02 / train/loss/dyn 2.86 / train/loss/image 2.98 / train/loss/inv 0.01 / train/loss/policy -1e-2 / train/loss/rep 2.86 / train/loss/repval 0.96 / train/loss/rew 0.58 / train/loss/value 0.86 / replay/replay_ratio 264 / fps/policy 10.52 / fps/train 2693.64

Writing metrics: /home/zhangpeiying01/lfy/btwm-7.7/runs/btwm_dmc_walker_walk_seed0_w002_b11_1m/metrics.jsonl
Writing metrics: /home/zhangpeiying01/lfy/btwm-7.7/runs/btwm_dmc_walker_walk_seed0_w002_b11_1m/scores.jsonl

--------------------[Agent Step 221_088]--------------------
Metrics filtered by: 'score|length|fps|ratio|train/loss/|train/acc/|train/inv/|train/rand/'
train/acc/inv 0.57 / train/inv/ce 1.37 / train/inv/confidence 0.31 / train/inv/confidence_gating 0 / train/inv/effective_rep_weight 0.02 / train/inv/head_objective 0.57 / train/inv/head_weight 0 / train/inv/objective 0.57 / train/inv/policy_weight_max 1 / train/inv/policy_weight_mean 1 / train/inv/policy_weight_min 1 / train/inv/policy_weight_std 0 / train/inv/valid_frac 1 / train/inv/weight 0.02 / train/loss/con 0.02 / train/loss/dyn 2.86 / train/loss/image 2.99 / train/loss/inv 0.01 / train/loss/policy -0.01 / train/loss/rep 2.86 / train/loss/repval 0.96 / train/loss/rew 0.59 / train/loss/value 0.86 / replay/replay_ratio 264 / fps/policy 10.54 / fps/train 2697.43

Writing metrics: /home/zhangpeiying01/lfy/btwm-7.7/runs/btwm_dmc_walker_walk_seed0_w002_b11_1m/metrics.jsonl
Writing metrics: /home/zhangpeiying01/lfy/btwm-7.7/runs/btwm_dmc_walker_walk_seed0_w002_b11_1m/scores.jsonl

--------------------[Agent Step 222_368]--------------------
Metrics filtered by: 'score|length|fps|ratio|train/loss/|train/acc/|train/inv/|train/rand/'
train/acc/inv 0.57 / train/inv/ce 1.36 / train/inv/confidence 0.31 / train/inv/confidence_gating 0 / train/inv/effective_rep_weight 0.02 / train/inv/head_objective 0.57 / train/inv/head_weight 0 / train/inv/objective 0.57 / train/inv/policy_weight_max 1 / train/inv/policy_weight_mean 1 / train/inv/policy_weight_min 1 / train/inv/policy_weight_std 0 / train/inv/valid_frac 1 / train/inv/weight 0.02 / train/loss/con 0.02 / train/loss/dyn 2.86 / train/loss/image 2.98 / train/loss/inv 0.01 / train/loss/policy -0.01 / train/loss/rep 2.86 / train/loss/repval 0.96 / train/loss/rew 0.59 / train/loss/value 0.87 / replay/replay_ratio 264 / fps/policy 10.54 / fps/train 2697.41

Writing metrics: /home/zhangpeiying01/lfy/btwm-7.7/runs/btwm_dmc_walker_walk_seed0_w002_b11_1m/metrics.jsonl
Writing metrics: /home/zhangpeiying01/lfy/btwm-7.7/runs/btwm_dmc_walker_walk_seed0_w002_b11_1m/scores.jsonl

--------------------[Agent Step 223_648]--------------------
Metrics filtered by: 'score|length|fps|ratio|train/loss/|train/acc/|train/inv/|train/rand/'
train/acc/inv 0.57 / train/inv/ce 1.36 / train/inv/confidence 0.31 / train/inv/confidence_gating 0 / train/inv/effective_rep_weight 0.02 / train/inv/head_objective 0.57 / train/inv/head_weight 0 / train/inv/objective 0.57 / train/inv/policy_weight_max 1 / train/inv/policy_weight_mean 1 / train/inv/policy_weight_min 1 / train/inv/policy_weight_std 0 / train/inv/valid_frac 1 / train/inv/weight 0.02 / train/loss/con 0.02 / train/loss/dyn 2.85 / train/loss/image 2.96 / train/loss/inv 0.01 / train/loss/policy -0.01 / train/loss/rep 2.85 / train/loss/repval 0.96 / train/loss/rew 0.59 / train/loss/value 0.87 / replay/replay_ratio 264 / fps/policy 10.55 / fps/train 2700.33

Writing metrics: /home/zhangpeiying01/lfy/btwm-7.7/runs/btwm_dmc_walker_walk_seed0_w002_b11_1m/scores.jsonl
Writing metrics: /home/zhangpeiying01/lfy/btwm-7.7/runs/btwm_dmc_walker_walk_seed0_w002_b11_1m/metrics.jsonl
Saving checkpoint: /home/zhangpeiying01/lfy/btwm-7.7/runs/btwm_dmc_walker_walk_seed0_w002_b11_1m/ckpt/20260713T034407F619627
Saved checkpoint.

--------------------[Agent Step 224_896]--------------------
Metrics filtered by: 'score|length|fps|ratio|train/loss/|train/acc/|train/inv/|train/rand/'
episode/score 951.49 / episode/length 1001 / train/acc/inv 0.57 / train/inv/ce 1.37 / train/inv/confidence 0.31 / train/inv/confidence_gating 0 / train/inv/effective_rep_weight 0.02 / train/inv/head_objective 0.57 / train/inv/head_weight 0 / train/inv/objective 0.57 / train/inv/policy_weight_max 1 / train/inv/policy_weight_mean 1 / train/inv/policy_weight_min 1 / train/inv/policy_weight_std 0 / train/inv/valid_frac 1 / train/inv/weight 0.02 / train/loss/con 0.02 / train/loss/dyn 2.87 / train/loss/image 3.01 / train/loss/inv 0.01 / train/loss/policy -5.3e-3 / train/loss/rep 2.87 / train/loss/repval 0.96 / train/loss/rew 0.58 / train/loss/value 0.87 / replay/replay_ratio 264 / fps/policy 10.31 / fps/train 2638.42

Writing metrics: /home/zhangpeiying01/lfy/btwm-7.7/runs/btwm_dmc_walker_walk_seed0_w002_b11_1m/metrics.jsonl
Writing metrics: /home/zhangpeiying01/lfy/btwm-7.7/runs/btwm_dmc_walker_walk_seed0_w002_b11_1m/scores.jsonl

--------------------[Agent Step 226_160]--------------------
Metrics filtered by: 'score|length|fps|ratio|train/loss/|train/acc/|train/inv/|train/rand/'
train/acc/inv 0.56 / train/inv/ce 1.38 / train/inv/confidence 0.3 / train/inv/confidence_gating 0 / train/inv/effective_rep_weight 0.02 / train/inv/head_objective 0.58 / train/inv/head_weight 0 / train/inv/objective 0.58 / train/inv/policy_weight_max 1 / train/inv/policy_weight_mean 1 / train/inv/policy_weight_min 1 / train/inv/policy_weight_std 0 / train/inv/valid_frac 1 / train/inv/weight 0.02 / train/loss/con 0.02 / train/loss/dyn 3.02 / train/loss/image 3.13 / train/loss/inv 0.01 / train/loss/policy -3.4e-3 / train/loss/rep 3.02 / train/loss/repval 0.96 / train/loss/rew 0.59 / train/loss/value 0.86 / replay/replay_ratio 264 / fps/policy 10.52 / fps/train 2692.25

Writing metrics: /home/zhangpeiying01/lfy/btwm-7.7/runs/btwm_dmc_walker_walk_seed0_w002_b11_1m/metrics.jsonl
Writing metrics: /home/zhangpeiying01/lfy/btwm-7.7/runs/btwm_dmc_walker_walk_seed0_w002_b11_1m/scores.jsonl

--------------------[Agent Step 227_440]--------------------
Metrics filtered by: 'score|length|fps|ratio|train/loss/|train/acc/|train/inv/|train/rand/'
train/acc/inv 0.57 / train/inv/ce 1.37 / train/inv/confidence 0.31 / train/inv/confidence_gating 0 / train/inv/effective_rep_weight 0.02 / train/inv/head_objective 0.57 / train/inv/head_weight 0 / train/inv/objective 0.57 / train/inv/policy_weight_max 1 / train/inv/policy_weight_mean 1 / train/inv/policy_weight_min 1 / train/inv/policy_weight_std 0 / train/inv/valid_frac 1 / train/inv/weight 0.02 / train/loss/con 0.02 / train/loss/dyn 2.88 / train/loss/image 3.05 / train/loss/inv 0.01 / train/loss/policy -7.2e-3 / train/loss/rep 2.88 / train/loss/repval 0.96 / train/loss/rew 0.58 / train/loss/value 0.87 / replay/replay_ratio 264 / fps/policy 10.57 / fps/train 2705.45

Writing metrics: /home/zhangpeiying01/lfy/btwm-7.7/runs/btwm_dmc_walker_walk_seed0_w002_b11_1m/scores.jsonl
Writing metrics: /home/zhangpeiying01/lfy/btwm-7.7/runs/btwm_dmc_walker_walk_seed0_w002_b11_1m/metrics.jsonl

--------------------[Agent Step 228_720]--------------------
Metrics filtered by: 'score|length|fps|ratio|train/loss/|train/acc/|train/inv/|train/rand/'
train/acc/inv 0.57 / train/inv/ce 1.38 / train/inv/confidence 0.31 / train/inv/confidence_gating 0 / train/inv/effective_rep_weight 0.02 / train/inv/head_objective 0.57 / train/inv/head_weight 0 / train/inv/objective 0.57 / train/inv/policy_weight_max 1 / train/inv/policy_weight_mean 1 / train/inv/policy_weight_min 1 / train/inv/policy_weight_std 0 / train/inv/valid_frac 1 / train/inv/weight 0.02 / train/loss/con 0.02 / train/loss/dyn 2.91 / train/loss/image 3.08 / train/loss/inv 0.01 / train/loss/policy -0.01 / train/loss/rep 2.91 / train/loss/repval 0.96 / train/loss/rew 0.59 / train/loss/value 0.87 / replay/replay_ratio 264 / fps/policy 10.55 / fps/train 2701.68

Writing metrics: /home/zhangpeiying01/lfy/btwm-7.7/runs/btwm_dmc_walker_walk_seed0_w002_b11_1m/scores.jsonl
Writing metrics: /home/zhangpeiying01/lfy/btwm-7.7/runs/btwm_dmc_walker_walk_seed0_w002_b11_1m/metrics.jsonl

--------------------[Agent Step 230_000]--------------------
Metrics filtered by: 'score|length|fps|ratio|train/loss/|train/acc/|train/inv/|train/rand/'
train/acc/inv 0.57 / train/inv/ce 1.38 / train/inv/confidence 0.31 / train/inv/confidence_gating 0 / train/inv/effective_rep_weight 0.02 / train/inv/head_objective 0.57 / train/inv/head_weight 0 / train/inv/objective 0.57 / train/inv/policy_weight_max 1 / train/inv/policy_weight_mean 1 / train/inv/policy_weight_min 1 / train/inv/policy_weight_std 0 / train/inv/valid_frac 1 / train/inv/weight 0.02 / train/loss/con 0.02 / train/loss/dyn 2.86 / train/loss/image 3 / train/loss/inv 0.01 / train/loss/policy -0.01 / train/loss/rep 2.86 / train/loss/repval 0.96 / train/loss/rew 0.59 / train/loss/value 0.87 / replay/replay_ratio 264 / fps/policy 10.56 / fps/train 2703.6

Writing metrics: /home/zhangpeiying01/lfy/btwm-7.7/runs/btwm_dmc_walker_walk_seed0_w002_b11_1m/metrics.jsonl
Writing metrics: /home/zhangpeiying01/lfy/btwm-7.7/runs/btwm_dmc_walker_walk_seed0_w002_b11_1m/scores.jsonl

--------------------[Agent Step 231_280]--------------------
Metrics filtered by: 'score|length|fps|ratio|train/loss/|train/acc/|train/inv/|train/rand/'
train/acc/inv 0.57 / train/inv/ce 1.38 / train/inv/confidence 0.31 / train/inv/confidence_gating 0 / train/inv/effective_rep_weight 0.02 / train/inv/head_objective 0.57 / train/inv/head_weight 0 / train/inv/objective 0.57 / train/inv/policy_weight_max 1 / train/inv/policy_weight_mean 1 / train/inv/policy_weight_min 1 / train/inv/policy_weight_std 0 / train/inv/valid_frac 1 / train/inv/weight 0.02 / train/loss/con 0.02 / train/loss/dyn 2.85 / train/loss/image 2.98 / train/loss/inv 0.01 / train/loss/policy -9.8e-3 / train/loss/rep 2.85 / train/loss/repval 0.96 / train/loss/rew 0.59 / train/loss/value 0.87 / replay/replay_ratio 264 / fps/policy 10.57 / fps/train 2705.11

Writing metrics: /home/zhangpeiying01/lfy/btwm-7.7/runs/btwm_dmc_walker_walk_seed0_w002_b11_1m/scores.jsonl
Writing metrics: /home/zhangpeiying01/lfy/btwm-7.7/runs/btwm_dmc_walker_walk_seed0_w002_b11_1m/metrics.jsonl

--------------------[Agent Step 232_560]--------------------
Metrics filtered by: 'score|length|fps|ratio|train/loss/|train/acc/|train/inv/|train/rand/'
train/acc/inv 0.57 / train/inv/ce 1.37 / train/inv/confidence 0.31 / train/inv/confidence_gating 0 / train/inv/effective_rep_weight 0.02 / train/inv/head_objective 0.57 / train/inv/head_weight 0 / train/inv/objective 0.57 / train/inv/policy_weight_max 1 / train/inv/policy_weight_mean 1 / train/inv/policy_weight_min 1 / train/inv/policy_weight_std 0 / train/inv/valid_frac 1 / train/inv/weight 0.02 / train/loss/con 0.02 / train/loss/dyn 2.86 / train/loss/image 2.97 / train/loss/inv 0.01 / train/loss/policy -7.3e-3 / train/loss/rep 2.86 / train/loss/repval 0.96 / train/loss/rew 0.58 / train/loss/value 0.87 / replay/replay_ratio 264 / fps/policy 10.55 / fps/train 2699.91

Writing metrics: /home/zhangpeiying01/lfy/btwm-7.7/runs/btwm_dmc_walker_walk_seed0_w002_b11_1m/metrics.jsonl
Writing metrics: /home/zhangpeiying01/lfy/btwm-7.7/runs/btwm_dmc_walker_walk_seed0_w002_b11_1m/scores.jsonl

--------------------[Agent Step 233_840]--------------------
Metrics filtered by: 'score|length|fps|ratio|train/loss/|train/acc/|train/inv/|train/rand/'
train/acc/inv 0.56 / train/inv/ce 1.39 / train/inv/confidence 0.3 / train/inv/confidence_gating 0 / train/inv/effective_rep_weight 0.02 / train/inv/head_objective 0.58 / train/inv/head_weight 0 / train/inv/objective 0.58 / train/inv/policy_weight_max 1 / train/inv/policy_weight_mean 1 / train/inv/policy_weight_min 1 / train/inv/policy_weight_std 0 / train/inv/valid_frac 1 / train/inv/weight 0.02 / train/loss/con 0.02 / train/loss/dyn 2.84 / train/loss/image 2.94 / train/loss/inv 0.01 / train/loss/policy -6.8e-3 / train/loss/rep 2.84 / train/loss/repval 0.95 / train/loss/rew 0.59 / train/loss/value 0.86 / replay/replay_ratio 264 / fps/policy 10.56 / fps/train 2704.04

Writing metrics: /home/zhangpeiying01/lfy/btwm-7.7/runs/btwm_dmc_walker_walk_seed0_w002_b11_1m/metrics.jsonl
Writing metrics: /home/zhangpeiying01/lfy/btwm-7.7/runs/btwm_dmc_walker_walk_seed0_w002_b11_1m/scores.jsonl

--------------------[Agent Step 235_120]--------------------
Metrics filtered by: 'score|length|fps|ratio|train/loss/|train/acc/|train/inv/|train/rand/'
train/acc/inv 0.57 / train/inv/ce 1.38 / train/inv/confidence 0.31 / train/inv/confidence_gating 0 / train/inv/effective_rep_weight 0.02 / train/inv/head_objective 0.57 / train/inv/head_weight 0 / train/inv/objective 0.57 / train/inv/policy_weight_max 1 / train/inv/policy_weight_mean 1 / train/inv/policy_weight_min 1 / train/inv/policy_weight_std 0 / train/inv/valid_frac 1 / train/inv/weight 0.02 / train/loss/con 0.02 / train/loss/dyn 2.85 / train/loss/image 2.94 / train/loss/inv 0.01 / train/loss/policy -8.2e-3 / train/loss/rep 2.85 / train/loss/repval 0.94 / train/loss/rew 0.59 / train/loss/value 0.85 / replay/replay_ratio 264 / fps/policy 10.56 / fps/train 2702.52

Writing metrics: /home/zhangpeiying01/lfy/btwm-7.7/runs/btwm_dmc_walker_walk_seed0_w002_b11_1m/metrics.jsonl
Writing metrics: /home/zhangpeiying01/lfy/btwm-7.7/runs/btwm_dmc_walker_walk_seed0_w002_b11_1m/scores.jsonl

--------------------[Agent Step 236_400]--------------------
Metrics filtered by: 'score|length|fps|ratio|train/loss/|train/acc/|train/inv/|train/rand/'
train/acc/inv 0.56 / train/inv/ce 1.38 / train/inv/confidence 0.3 / train/inv/confidence_gating 0 / train/inv/effective_rep_weight 0.02 / train/inv/head_objective 0.58 / train/inv/head_weight 0 / train/inv/objective 0.58 / train/inv/policy_weight_max 1 / train/inv/policy_weight_mean 1 / train/inv/policy_weight_min 1 / train/inv/policy_weight_std 0 / train/inv/valid_frac 1 / train/inv/weight 0.02 / train/loss/con 0.02 / train/loss/dyn 2.84 / train/loss/image 2.9 / train/loss/inv 0.01 / train/loss/policy -5.5e-3 / train/loss/rep 2.84 / train/loss/repval 0.93 / train/loss/rew 0.59 / train/loss/value 0.84 / replay/replay_ratio 264 / fps/policy 10.56 / fps/train 2702.21

Writing metrics: /home/zhangpeiying01/lfy/btwm-7.7/runs/btwm_dmc_walker_walk_seed0_w002_b11_1m/scores.jsonl
Writing metrics: /home/zhangpeiying01/lfy/btwm-7.7/runs/btwm_dmc_walker_walk_seed0_w002_b11_1m/metrics.jsonl

--------------------[Agent Step 237_664]--------------------
Metrics filtered by: 'score|length|fps|ratio|train/loss/|train/acc/|train/inv/|train/rand/'
train/acc/inv 0.56 / train/inv/ce 1.38 / train/inv/confidence 0.3 / train/inv/confidence_gating 0 / train/inv/effective_rep_weight 0.02 / train/inv/head_objective 0.58 / train/inv/head_weight 0 / train/inv/objective 0.58 / train/inv/policy_weight_max 1 / train/inv/policy_weight_mean 1 / train/inv/policy_weight_min 1 / train/inv/policy_weight_std 0 / train/inv/valid_frac 1 / train/inv/weight 0.02 / train/loss/con 0.02 / train/loss/dyn 2.87 / train/loss/image 2.92 / train/loss/inv 0.01 / train/loss/policy -5.5e-3 / train/loss/rep 2.87 / train/loss/repval 0.93 / train/loss/rew 0.59 / train/loss/value 0.84 / replay/replay_ratio 264 / fps/policy 10.53 / fps/train 2695.85

Writing metrics: /home/zhangpeiying01/lfy/btwm-7.7/runs/btwm_dmc_walker_walk_seed0_w002_b11_1m/scores.jsonl
Writing metrics: /home/zhangpeiying01/lfy/btwm-7.7/runs/btwm_dmc_walker_walk_seed0_w002_b11_1m/metrics.jsonl

--------------------[Agent Step 238_944]--------------------
Metrics filtered by: 'score|length|fps|ratio|train/loss/|train/acc/|train/inv/|train/rand/'
train/acc/inv 0.57 / train/inv/ce 1.38 / train/inv/confidence 0.31 / train/inv/confidence_gating 0 / train/inv/effective_rep_weight 0.02 / train/inv/head_objective 0.58 / train/inv/head_weight 0 / train/inv/objective 0.58 / train/inv/policy_weight_max 1 / train/inv/policy_weight_mean 1 / train/inv/policy_weight_min 1 / train/inv/policy_weight_std 0 / train/inv/valid_frac 1 / train/inv/weight 0.02 / train/loss/con 0.02 / train/loss/dyn 2.85 / train/loss/image 2.9 / train/loss/inv 0.01 / train/loss/policy -6.1e-3 / train/loss/rep 2.85 / train/loss/repval 0.94 / train/loss/rew 0.59 / train/loss/value 0.84 / replay/replay_ratio 264 / fps/policy 10.55 / fps/train 2701.91

Writing metrics: /home/zhangpeiying01/lfy/btwm-7.7/runs/btwm_dmc_walker_walk_seed0_w002_b11_1m/metrics.jsonl
Writing metrics: /home/zhangpeiying01/lfy/btwm-7.7/runs/btwm_dmc_walker_walk_seed0_w002_b11_1m/scores.jsonl

--------------------[Agent Step 240_224]--------------------
Metrics filtered by: 'score|length|fps|ratio|train/loss/|train/acc/|train/inv/|train/rand/'
train/acc/inv 0.56 / train/inv/ce 1.39 / train/inv/confidence 0.3 / train/inv/confidence_gating 0 / train/inv/effective_rep_weight 0.02 / train/inv/head_objective 0.58 / train/inv/head_weight 0 / train/inv/objective 0.58 / train/inv/policy_weight_max 1 / train/inv/policy_weight_mean 1 / train/inv/policy_weight_min 1 / train/inv/policy_weight_std 0 / train/inv/valid_frac 1 / train/inv/weight 0.02 / train/loss/con 0.02 / train/loss/dyn 2.84 / train/loss/image 2.88 / train/loss/inv 0.01 / train/loss/policy -8.9e-3 / train/loss/rep 2.84 / train/loss/repval 0.93 / train/loss/rew 0.59 / train/loss/value 0.84 / replay/replay_ratio 264 / fps/policy 10.56 / fps/train 2704.35

Writing metrics: /home/zhangpeiying01/lfy/btwm-7.7/runs/btwm_dmc_walker_walk_seed0_w002_b11_1m/metrics.jsonl
Writing metrics: /home/zhangpeiying01/lfy/btwm-7.7/runs/btwm_dmc_walker_walk_seed0_w002_b11_1m/scores.jsonl

--------------------[Agent Step 241_504]--------------------
Metrics filtered by: 'score|length|fps|ratio|train/loss/|train/acc/|train/inv/|train/rand/'
episode/score 845.8 / episode/length 1001 / train/acc/inv 0.56 / train/inv/ce 1.4 / train/inv/confidence 0.3 / train/inv/confidence_gating 0 / train/inv/effective_rep_weight 0.02 / train/inv/head_objective 0.58 / train/inv/head_weight 0 / train/inv/objective 0.58 / train/inv/policy_weight_max 1 / train/inv/policy_weight_mean 1 / train/inv/policy_weight_min 1 / train/inv/policy_weight_std 0 / train/inv/valid_frac 1 / train/inv/weight 0.02 / train/loss/con 0.02 / train/loss/dyn 3.01 / train/loss/image 3.04 / train/loss/inv 0.01 / train/loss/policy -5.8e-3 / train/loss/rep 3.01 / train/loss/repval 0.94 / train/loss/rew 0.59 / train/loss/value 0.85 / replay/replay_ratio 264 / fps/policy 10.55 / fps/train 2701.5

Writing metrics: /home/zhangpeiying01/lfy/btwm-7.7/runs/btwm_dmc_walker_walk_seed0_w002_b11_1m/metrics.jsonl
Writing metrics: /home/zhangpeiying01/lfy/btwm-7.7/runs/btwm_dmc_walker_walk_seed0_w002_b11_1m/scores.jsonl

--------------------[Agent Step 242_784]--------------------
Metrics filtered by: 'score|length|fps|ratio|train/loss/|train/acc/|train/inv/|train/rand/'
train/acc/inv 0.56 / train/inv/ce 1.4 / train/inv/confidence 0.3 / train/inv/confidence_gating 0 / train/inv/effective_rep_weight 0.02 / train/inv/head_objective 0.58 / train/inv/head_weight 0 / train/inv/objective 0.58 / train/inv/policy_weight_max 1 / train/inv/policy_weight_mean 1 / train/inv/policy_weight_min 1 / train/inv/policy_weight_std 0 / train/inv/valid_frac 1 / train/inv/weight 0.02 / train/loss/con 0.02 / train/loss/dyn 2.95 / train/loss/image 3 / train/loss/inv 0.01 / train/loss/policy -6.6e-3 / train/loss/rep 2.95 / train/loss/repval 0.94 / train/loss/rew 0.59 / train/loss/value 0.85 / replay/replay_ratio 264 / fps/policy 10.56 / fps/train 2703.18

Writing metrics: /home/zhangpeiying01/lfy/btwm-7.7/runs/btwm_dmc_walker_walk_seed0_w002_b11_1m/metrics.jsonl
Writing metrics: /home/zhangpeiying01/lfy/btwm-7.7/runs/btwm_dmc_walker_walk_seed0_w002_b11_1m/scores.jsonl

--------------------[Agent Step 244_064]--------------------
Metrics filtered by: 'score|length|fps|ratio|train/loss/|train/acc/|train/inv/|train/rand/'
train/acc/inv 0.56 / train/inv/ce 1.4 / train/inv/confidence 0.3 / train/inv/confidence_gating 0 / train/inv/effective_rep_weight 0.02 / train/inv/head_objective 0.58 / train/inv/head_weight 0 / train/inv/objective 0.58 / train/inv/policy_weight_max 1 / train/inv/policy_weight_mean 1 / train/inv/policy_weight_min 1 / train/inv/policy_weight_std 0 / train/inv/valid_frac 1 / train/inv/weight 0.02 / train/loss/con 0.02 / train/loss/dyn 2.86 / train/loss/image 2.94 / train/loss/inv 0.01 / train/loss/policy -0.01 / train/loss/rep 2.86 / train/loss/repval 0.94 / train/loss/rew 0.59 / train/loss/value 0.85 / replay/replay_ratio 264 / fps/policy 10.56 / fps/train 2704.34

Writing metrics: /home/zhangpeiying01/lfy/btwm-7.7/runs/btwm_dmc_walker_walk_seed0_w002_b11_1m/scores.jsonl
Writing metrics: /home/zhangpeiying01/lfy/btwm-7.7/runs/btwm_dmc_walker_walk_seed0_w002_b11_1m/metrics.jsonl

--------------------[Agent Step 245_344]--------------------
Metrics filtered by: 'score|length|fps|ratio|train/loss/|train/acc/|train/inv/|train/rand/'
train/acc/inv 0.56 / train/inv/ce 1.4 / train/inv/confidence 0.3 / train/inv/confidence_gating 0 / train/inv/effective_rep_weight 0.02 / train/inv/head_objective 0.58 / train/inv/head_weight 0 / train/inv/objective 0.58 / train/inv/policy_weight_max 1 / train/inv/policy_weight_mean 1 / train/inv/policy_weight_min 1 / train/inv/policy_weight_std 0 / train/inv/valid_frac 1 / train/inv/weight 0.02 / train/loss/con 0.02 / train/loss/dyn 2.89 / train/loss/image 2.94 / train/loss/inv 0.01 / train/loss/policy -0.01 / train/loss/rep 2.89 / train/loss/repval 0.94 / train/loss/rew 0.59 / train/loss/value 0.85 / replay/replay_ratio 264 / fps/policy 10.55 / fps/train 2700.51

Writing metrics: /home/zhangpeiying01/lfy/btwm-7.7/runs/btwm_dmc_walker_walk_seed0_w002_b11_1m/metrics.jsonl
Writing metrics: /home/zhangpeiying01/lfy/btwm-7.7/runs/btwm_dmc_walker_walk_seed0_w002_b11_1m/scores.jsonl

--------------------[Agent Step 246_624]--------------------
Metrics filtered by: 'score|length|fps|ratio|train/loss/|train/acc/|train/inv/|train/rand/'
train/acc/inv 0.56 / train/inv/ce 1.39 / train/inv/confidence 0.3 / train/inv/confidence_gating 0 / train/inv/effective_rep_weight 0.02 / train/inv/head_objective 0.58 / train/inv/head_weight 0 / train/inv/objective 0.58 / train/inv/policy_weight_max 1 / train/inv/policy_weight_mean 1 / train/inv/policy_weight_min 1 / train/inv/policy_weight_std 0 / train/inv/valid_frac 1 / train/inv/weight 0.02 / train/loss/con 0.02 / train/loss/dyn 2.82 / train/loss/image 2.9 / train/loss/inv 0.01 / train/loss/policy -8.5e-3 / train/loss/rep 2.82 / train/loss/repval 0.94 / train/loss/rew 0.59 / train/loss/value 0.85 / replay/replay_ratio 264 / fps/policy 10.55 / fps/train 2700.48

Writing metrics: /home/zhangpeiying01/lfy/btwm-7.7/runs/btwm_dmc_walker_walk_seed0_w002_b11_1m/metrics.jsonl
Writing metrics: /home/zhangpeiying01/lfy/btwm-7.7/runs/btwm_dmc_walker_walk_seed0_w002_b11_1m/scores.jsonl

--------------------[Agent Step 247_904]--------------------
Metrics filtered by: 'score|length|fps|ratio|train/loss/|train/acc/|train/inv/|train/rand/'
train/acc/inv 0.56 / train/inv/ce 1.4 / train/inv/confidence 0.3 / train/inv/confidence_gating 0 / train/inv/effective_rep_weight 0.02 / train/inv/head_objective 0.58 / train/inv/head_weight 0 / train/inv/objective 0.58 / train/inv/policy_weight_max 1 / train/inv/policy_weight_mean 1 / train/inv/policy_weight_min 1 / train/inv/policy_weight_std 0 / train/inv/valid_frac 1 / train/inv/weight 0.02 / train/loss/con 0.02 / train/loss/dyn 2.85 / train/loss/image 2.91 / train/loss/inv 0.01 / train/loss/policy -7.2e-3 / train/loss/rep 2.85 / train/loss/repval 0.94 / train/loss/rew 0.59 / train/loss/value 0.85 / replay/replay_ratio 264 / fps/policy 10.55 / fps/train 2700.45

Writing metrics: /home/zhangpeiying01/lfy/btwm-7.7/runs/btwm_dmc_walker_walk_seed0_w002_b11_1m/metrics.jsonl
Writing metrics: /home/zhangpeiying01/lfy/btwm-7.7/runs/btwm_dmc_walker_walk_seed0_w002_b11_1m/scores.jsonl

--------------------[Agent Step 249_184]--------------------
Metrics filtered by: 'score|length|fps|ratio|train/loss/|train/acc/|train/inv/|train/rand/'
train/acc/inv 0.56 / train/inv/ce 1.39 / train/inv/confidence 0.3 / train/inv/confidence_gating 0 / train/inv/effective_rep_weight 0.02 / train/inv/head_objective 0.58 / train/inv/head_weight 0 / train/inv/objective 0.58 / train/inv/policy_weight_max 1 / train/inv/policy_weight_mean 1 / train/inv/policy_weight_min 1 / train/inv/policy_weight_std 0 / train/inv/valid_frac 1 / train/inv/weight 0.02 / train/loss/con 0.02 / train/loss/dyn 2.84 / train/loss/image 2.89 / train/loss/inv 0.01 / train/loss/policy -8.5e-3 / train/loss/rep 2.84 / train/loss/repval 0.94 / train/loss/rew 0.59 / train/loss/value 0.84 / replay/replay_ratio 264 / fps/policy 10.56 / fps/train 2703.33

Writing metrics: /home/zhangpeiying01/lfy/btwm-7.7/runs/btwm_dmc_walker_walk_seed0_w002_b11_1m/metrics.jsonl
Writing metrics: /home/zhangpeiying01/lfy/btwm-7.7/runs/btwm_dmc_walker_walk_seed0_w002_b11_1m/scores.jsonl

--------------------[Agent Step 250_464]--------------------
Metrics filtered by: 'score|length|fps|ratio|train/loss/|train/acc/|train/inv/|train/rand/'
train/acc/inv 0.56 / train/inv/ce 1.39 / train/inv/confidence 0.3 / train/inv/confidence_gating 0 / train/inv/effective_rep_weight 0.02 / train/inv/head_objective 0.58 / train/inv/head_weight 0 / train/inv/objective 0.58 / train/inv/policy_weight_max 1 / train/inv/policy_weight_mean 1 / train/inv/policy_weight_min 1 / train/inv/policy_weight_std 0 / train/inv/valid_frac 1 / train/inv/weight 0.02 / train/loss/con 0.02 / train/loss/dyn 2.82 / train/loss/image 2.85 / train/loss/inv 0.01 / train/loss/policy -8.3e-3 / train/loss/rep 2.82 / train/loss/repval 0.93 / train/loss/rew 0.59 / train/loss/value 0.84 / replay/replay_ratio 264 / fps/policy 10.56 / fps/train 2702.24

Writing metrics: /home/zhangpeiying01/lfy/btwm-7.7/runs/btwm_dmc_walker_walk_seed0_w002_b11_1m/metrics.jsonl
Writing metrics: /home/zhangpeiying01/lfy/btwm-7.7/runs/btwm_dmc_walker_walk_seed0_w002_b11_1m/scores.jsonl

--------------------[Agent Step 251_744]--------------------
Metrics filtered by: 'score|length|fps|ratio|train/loss/|train/acc/|train/inv/|train/rand/'
train/acc/inv 0.56 / train/inv/ce 1.41 / train/inv/confidence 0.3 / train/inv/confidence_gating 0 / train/inv/effective_rep_weight 0.02 / train/inv/head_objective 0.59 / train/inv/head_weight 0 / train/inv/objective 0.59 / train/inv/policy_weight_max 1 / train/inv/policy_weight_mean 1 / train/inv/policy_weight_min 1 / train/inv/policy_weight_std 0 / train/inv/valid_frac 1 / train/inv/weight 0.02 / train/loss/con 0.02 / train/loss/dyn 2.86 / train/loss/image 2.85 / train/loss/inv 0.01 / train/loss/policy -0.01 / train/loss/rep 2.86 / train/loss/repval 0.92 / train/loss/rew 0.59 / train/loss/value 0.83 / replay/replay_ratio 264 / fps/policy 10.55 / fps/train 2701.83

Writing metrics: /home/zhangpeiying01/lfy/btwm-7.7/runs/btwm_dmc_walker_walk_seed0_w002_b11_1m/metrics.jsonl
Writing metrics: /home/zhangpeiying01/lfy/btwm-7.7/runs/btwm_dmc_walker_walk_seed0_w002_b11_1m/scores.jsonl

--------------------[Agent Step 253_024]--------------------
Metrics filtered by: 'score|length|fps|ratio|train/loss/|train/acc/|train/inv/|train/rand/'
train/acc/inv 0.56 / train/inv/ce 1.4 / train/inv/confidence 0.3 / train/inv/confidence_gating 0 / train/inv/effective_rep_weight 0.02 / train/inv/head_objective 0.58 / train/inv/head_weight 0 / train/inv/objective 0.58 / train/inv/policy_weight_max 1 / train/inv/policy_weight_mean 1 / train/inv/policy_weight_min 1 / train/inv/policy_weight_std 0 / train/inv/valid_frac 1 / train/inv/weight 0.02 / train/loss/con 0.02 / train/loss/dyn 2.84 / train/loss/image 2.85 / train/loss/inv 0.01 / train/loss/policy -9.6e-3 / train/loss/rep 2.84 / train/loss/repval 0.93 / train/loss/rew 0.59 / train/loss/value 0.84 / replay/replay_ratio 264 / fps/policy 10.55 / fps/train 2700.76

Writing metrics: /home/zhangpeiying01/lfy/btwm-7.7/runs/btwm_dmc_walker_walk_seed0_w002_b11_1m/metrics.jsonl
Writing metrics: /home/zhangpeiying01/lfy/btwm-7.7/runs/btwm_dmc_walker_walk_seed0_w002_b11_1m/scores.jsonl

--------------------[Agent Step 254_304]--------------------
Metrics filtered by: 'score|length|fps|ratio|train/loss/|train/acc/|train/inv/|train/rand/'
train/acc/inv 0.56 / train/inv/ce 1.4 / train/inv/confidence 0.3 / train/inv/confidence_gating 0 / train/inv/effective_rep_weight 0.02 / train/inv/head_objective 0.58 / train/inv/head_weight 0 / train/inv/objective 0.58 / train/inv/policy_weight_max 1 / train/inv/policy_weight_mean 1 / train/inv/policy_weight_min 1 / train/inv/policy_weight_std 0 / train/inv/valid_frac 1 / train/inv/weight 0.02 / train/loss/con 0.02 / train/loss/dyn 2.81 / train/loss/image 2.83 / train/loss/inv 0.01 / train/loss/policy -0.01 / train/loss/rep 2.81 / train/loss/repval 0.92 / train/loss/rew 0.59 / train/loss/value 0.83 / replay/replay_ratio 264 / fps/policy 10.56 / fps/train 2702.24

Writing metrics: /home/zhangpeiying01/lfy/btwm-7.7/runs/btwm_dmc_walker_walk_seed0_w002_b11_1m/metrics.jsonl
Writing metrics: /home/zhangpeiying01/lfy/btwm-7.7/runs/btwm_dmc_walker_walk_seed0_w002_b11_1m/scores.jsonl

--------------------[Agent Step 255_584]--------------------
Metrics filtered by: 'score|length|fps|ratio|train/loss/|train/acc/|train/inv/|train/rand/'
train/acc/inv 0.56 / train/inv/ce 1.41 / train/inv/confidence 0.3 / train/inv/confidence_gating 0 / train/inv/effective_rep_weight 0.02 / train/inv/head_objective 0.59 / train/inv/head_weight 0 / train/inv/objective 0.59 / train/inv/policy_weight_max 1 / train/inv/policy_weight_mean 1 / train/inv/policy_weight_min 1 / train/inv/policy_weight_std 0 / train/inv/valid_frac 1 / train/inv/weight 0.02 / train/loss/con 0.02 / train/loss/dyn 2.86 / train/loss/image 2.84 / train/loss/inv 0.01 / train/loss/policy -0.01 / train/loss/rep 2.86 / train/loss/repval 0.92 / train/loss/rew 0.59 / train/loss/value 0.83 / replay/replay_ratio 264 / fps/policy 10.56 / fps/train 2703.38

Writing metrics: /home/zhangpeiying01/lfy/btwm-7.7/runs/btwm_dmc_walker_walk_seed0_w002_b11_1m/metrics.jsonl
Writing metrics: /home/zhangpeiying01/lfy/btwm-7.7/runs/btwm_dmc_walker_walk_seed0_w002_b11_1m/scores.jsonl

--------------------[Agent Step 256_864]--------------------
Metrics filtered by: 'score|length|fps|ratio|train/loss/|train/acc/|train/inv/|train/rand/'
episode/score 963.99 / episode/length 1001 / train/acc/inv 0.56 / train/inv/ce 1.41 / train/inv/confidence 0.3 / train/inv/confidence_gating 0 / train/inv/effective_rep_weight 0.02 / train/inv/head_objective 0.59 / train/inv/head_weight 0 / train/inv/objective 0.59 / train/inv/policy_weight_max 1 / train/inv/policy_weight_mean 1 / train/inv/policy_weight_min 1 / train/inv/policy_weight_std 0 / train/inv/valid_frac 1 / train/inv/weight 0.02 / train/loss/con 0.02 / train/loss/dyn 2.89 / train/loss/image 2.88 / train/loss/inv 0.01 / train/loss/policy -8.2e-3 / train/loss/rep 2.89 / train/loss/repval 0.92 / train/loss/rew 0.59 / train/loss/value 0.83 / replay/replay_ratio 264 / fps/policy 10.56 / fps/train 2703.04

Writing metrics: /home/zhangpeiying01/lfy/btwm-7.7/runs/btwm_dmc_walker_walk_seed0_w002_b11_1m/metrics.jsonl
Writing metrics: /home/zhangpeiying01/lfy/btwm-7.7/runs/btwm_dmc_walker_walk_seed0_w002_b11_1m/scores.jsonl

--------------------[Agent Step 258_144]--------------------
Metrics filtered by: 'score|length|fps|ratio|train/loss/|train/acc/|train/inv/|train/rand/'
train/acc/inv 0.56 / train/inv/ce 1.41 / train/inv/confidence 0.3 / train/inv/confidence_gating 0 / train/inv/effective_rep_weight 0.02 / train/inv/head_objective 0.59 / train/inv/head_weight 0 / train/inv/objective 0.59 / train/inv/policy_weight_max 1 / train/inv/policy_weight_mean 1 / train/inv/policy_weight_min 1 / train/inv/policy_weight_std 0 / train/inv/valid_frac 1 / train/inv/weight 0.02 / train/loss/con 0.02 / train/loss/dyn 2.93 / train/loss/image 2.96 / train/loss/inv 0.01 / train/loss/policy -6.7e-3 / train/loss/rep 2.93 / train/loss/repval 0.92 / train/loss/rew 0.59 / train/loss/value 0.84 / replay/replay_ratio 264 / fps/policy 10.55 / fps/train 2700.46

Writing metrics: /home/zhangpeiying01/lfy/btwm-7.7/runs/btwm_dmc_walker_walk_seed0_w002_b11_1m/scores.jsonl
Writing metrics: /home/zhangpeiying01/lfy/btwm-7.7/runs/btwm_dmc_walker_walk_seed0_w002_b11_1m/metrics.jsonl

--------------------[Agent Step 259_424]--------------------
Metrics filtered by: 'score|length|fps|ratio|train/loss/|train/acc/|train/inv/|train/rand/'
train/acc/inv 0.56 / train/inv/ce 1.42 / train/inv/confidence 0.29 / train/inv/confidence_gating 0 / train/inv/effective_rep_weight 0.02 / train/inv/head_objective 0.59 / train/inv/head_weight 0 / train/inv/objective 0.59 / train/inv/policy_weight_max 1 / train/inv/policy_weight_mean 1 / train/inv/policy_weight_min 1 / train/inv/policy_weight_std 0 / train/inv/valid_frac 1 / train/inv/weight 0.02 / train/loss/con 0.02 / train/loss/dyn 2.87 / train/loss/image 2.9 / train/loss/inv 0.01 / train/loss/policy -4.2e-3 / train/loss/rep 2.87 / train/loss/repval 0.92 / train/loss/rew 0.59 / train/loss/value 0.83 / replay/replay_ratio 264 / fps/policy 10.56 / fps/train 2702.86

Writing metrics: /home/zhangpeiying01/lfy/btwm-7.7/runs/btwm_dmc_walker_walk_seed0_w002_b11_1m/metrics.jsonl
Writing metrics: /home/zhangpeiying01/lfy/btwm-7.7/runs/btwm_dmc_walker_walk_seed0_w002_b11_1m/scores.jsonl

--------------------[Agent Step 260_704]--------------------
Metrics filtered by: 'score|length|fps|ratio|train/loss/|train/acc/|train/inv/|train/rand/'
train/acc/inv 0.56 / train/inv/ce 1.4 / train/inv/confidence 0.3 / train/inv/confidence_gating 0 / train/inv/effective_rep_weight 0.02 / train/inv/head_objective 0.58 / train/inv/head_weight 0 / train/inv/objective 0.58 / train/inv/policy_weight_max 1 / train/inv/policy_weight_mean 1 / train/inv/policy_weight_min 1 / train/inv/policy_weight_std 0 / train/inv/valid_frac 1 / train/inv/weight 0.02 / train/loss/con 0.02 / train/loss/dyn 2.83 / train/loss/image 2.87 / train/loss/inv 0.01 / train/loss/policy -9.1e-3 / train/loss/rep 2.83 / train/loss/repval 0.92 / train/loss/rew 0.59 / train/loss/value 0.83 / replay/replay_ratio 264 / fps/policy 10.56 / fps/train 2702.19

Writing metrics: /home/zhangpeiying01/lfy/btwm-7.7/runs/btwm_dmc_walker_walk_seed0_w002_b11_1m/scores.jsonl
Writing metrics: /home/zhangpeiying01/lfy/btwm-7.7/runs/btwm_dmc_walker_walk_seed0_w002_b11_1m/metrics.jsonl

--------------------[Agent Step 261_984]--------------------
Metrics filtered by: 'score|length|fps|ratio|train/loss/|train/acc/|train/inv/|train/rand/'
train/acc/inv 0.56 / train/inv/ce 1.41 / train/inv/confidence 0.3 / train/inv/confidence_gating 0 / train/inv/effective_rep_weight 0.02 / train/inv/head_objective 0.59 / train/inv/head_weight 0 / train/inv/objective 0.59 / train/inv/policy_weight_max 1 / train/inv/policy_weight_mean 1 / train/inv/policy_weight_min 1 / train/inv/policy_weight_std 0 / train/inv/valid_frac 1 / train/inv/weight 0.02 / train/loss/con 0.02 / train/loss/dyn 2.87 / train/loss/image 2.85 / train/loss/inv 0.01 / train/loss/policy -7.2e-3 / train/loss/rep 2.87 / train/loss/repval 0.92 / train/loss/rew 0.59 / train/loss/value 0.83 / replay/replay_ratio 264 / fps/policy 10.56 / fps/train 2703.86

Writing metrics: /home/zhangpeiying01/lfy/btwm-7.7/runs/btwm_dmc_walker_walk_seed0_w002_b11_1m/metrics.jsonl
Writing metrics: /home/zhangpeiying01/lfy/btwm-7.7/runs/btwm_dmc_walker_walk_seed0_w002_b11_1m/scores.jsonl
Saving checkpoint: /home/zhangpeiying01/lfy/btwm-7.7/runs/btwm_dmc_walker_walk_seed0_w002_b11_1m/ckpt/20260713T044407F955996
Saved checkpoint.

--------------------[Agent Step 263_216]--------------------
Metrics filtered by: 'score|length|fps|ratio|train/loss/|train/acc/|train/inv/|train/rand/'
train/acc/inv 0.56 / train/inv/ce 1.41 / train/inv/confidence 0.3 / train/inv/confidence_gating 0 / train/inv/effective_rep_weight 0.02 / train/inv/head_objective 0.59 / train/inv/head_weight 0 / train/inv/objective 0.59 / train/inv/policy_weight_max 1 / train/inv/policy_weight_mean 1 / train/inv/policy_weight_min 1 / train/inv/policy_weight_std 0 / train/inv/valid_frac 1 / train/inv/weight 0.02 / train/loss/con 0.02 / train/loss/dyn 2.84 / train/loss/image 2.86 / train/loss/inv 0.01 / train/loss/policy -8.1e-3 / train/loss/rep 2.84 / train/loss/repval 0.92 / train/loss/rew 0.59 / train/loss/value 0.83 / replay/replay_ratio 264 / fps/policy 10.24 / fps/train 2622.39

Writing metrics: /home/zhangpeiying01/lfy/btwm-7.7/runs/btwm_dmc_walker_walk_seed0_w002_b11_1m/metrics.jsonl
Writing metrics: /home/zhangpeiying01/lfy/btwm-7.7/runs/btwm_dmc_walker_walk_seed0_w002_b11_1m/scores.jsonl

--------------------[Agent Step 264_496]--------------------
Metrics filtered by: 'score|length|fps|ratio|train/loss/|train/acc/|train/inv/|train/rand/'
train/acc/inv 0.56 / train/inv/ce 1.41 / train/inv/confidence 0.3 / train/inv/confidence_gating 0 / train/inv/effective_rep_weight 0.02 / train/inv/head_objective 0.59 / train/inv/head_weight 0 / train/inv/objective 0.59 / train/inv/policy_weight_max 1 / train/inv/policy_weight_mean 1 / train/inv/policy_weight_min 1 / train/inv/policy_weight_std 0 / train/inv/valid_frac 1 / train/inv/weight 0.02 / train/loss/con 0.02 / train/loss/dyn 2.83 / train/loss/image 2.82 / train/loss/inv 0.01 / train/loss/policy -8.4e-3 / train/loss/rep 2.83 / train/loss/repval 0.92 / train/loss/rew 0.59 / train/loss/value 0.83 / replay/replay_ratio 264 / fps/policy 10.56 / fps/train 2702.33

Writing metrics: /home/zhangpeiying01/lfy/btwm-7.7/runs/btwm_dmc_walker_walk_seed0_w002_b11_1m/scores.jsonl
Writing metrics: /home/zhangpeiying01/lfy/btwm-7.7/runs/btwm_dmc_walker_walk_seed0_w002_b11_1m/metrics.jsonl

--------------------[Agent Step 265_776]--------------------
Metrics filtered by: 'score|length|fps|ratio|train/loss/|train/acc/|train/inv/|train/rand/'
train/acc/inv 0.56 / train/inv/ce 1.41 / train/inv/confidence 0.3 / train/inv/confidence_gating 0 / train/inv/effective_rep_weight 0.02 / train/inv/head_objective 0.59 / train/inv/head_weight 0 / train/inv/objective 0.59 / train/inv/policy_weight_max 1 / train/inv/policy_weight_mean 1 / train/inv/policy_weight_min 1 / train/inv/policy_weight_std 0 / train/inv/valid_frac 1 / train/inv/weight 0.02 / train/loss/con 0.02 / train/loss/dyn 2.83 / train/loss/image 2.82 / train/loss/inv 0.01 / train/loss/policy -9.9e-3 / train/loss/rep 2.83 / train/loss/repval 0.92 / train/loss/rew 0.59 / train/loss/value 0.83 / replay/replay_ratio 264 / fps/policy 10.56 / fps/train 2704.35

Writing metrics: /home/zhangpeiying01/lfy/btwm-7.7/runs/btwm_dmc_walker_walk_seed0_w002_b11_1m/scores.jsonl
Writing metrics: /home/zhangpeiying01/lfy/btwm-7.7/runs/btwm_dmc_walker_walk_seed0_w002_b11_1m/metrics.jsonl

--------------------[Agent Step 267_056]--------------------
Metrics filtered by: 'score|length|fps|ratio|train/loss/|train/acc/|train/inv/|train/rand/'
train/acc/inv 0.56 / train/inv/ce 1.41 / train/inv/confidence 0.3 / train/inv/confidence_gating 0 / train/inv/effective_rep_weight 0.02 / train/inv/head_objective 0.59 / train/inv/head_weight 0 / train/inv/objective 0.59 / train/inv/policy_weight_max 1 / train/inv/policy_weight_mean 1 / train/inv/policy_weight_min 1 / train/inv/policy_weight_std 0 / train/inv/valid_frac 1 / train/inv/weight 0.02 / train/loss/con 0.02 / train/loss/dyn 2.82 / train/loss/image 2.81 / train/loss/inv 0.01 / train/loss/policy -0.01 / train/loss/rep 2.82 / train/loss/repval 0.92 / train/loss/rew 0.59 / train/loss/value 0.83 / replay/replay_ratio 264 / fps/policy 10.55 / fps/train 2701.73

Writing metrics: /home/zhangpeiying01/lfy/btwm-7.7/runs/btwm_dmc_walker_walk_seed0_w002_b11_1m/metrics.jsonl
Writing metrics: /home/zhangpeiying01/lfy/btwm-7.7/runs/btwm_dmc_walker_walk_seed0_w002_b11_1m/scores.jsonl

--------------------[Agent Step 268_336]--------------------
Metrics filtered by: 'score|length|fps|ratio|train/loss/|train/acc/|train/inv/|train/rand/'
train/acc/inv 0.56 / train/inv/ce 1.41 / train/inv/confidence 0.3 / train/inv/confidence_gating 0 / train/inv/effective_rep_weight 0.02 / train/inv/head_objective 0.59 / train/inv/head_weight 0 / train/inv/objective 0.59 / train/inv/policy_weight_max 1 / train/inv/policy_weight_mean 1 / train/inv/policy_weight_min 1 / train/inv/policy_weight_std 0 / train/inv/valid_frac 1 / train/inv/weight 0.02 / train/loss/con 0.02 / train/loss/dyn 2.85 / train/loss/image 2.8 / train/loss/inv 0.01 / train/loss/policy -7.6e-3 / train/loss/rep 2.85 / train/loss/repval 0.91 / train/loss/rew 0.59 / train/loss/value 0.82 / replay/replay_ratio 264 / fps/policy 10.56 / fps/train 2704.16

Writing metrics: /home/zhangpeiying01/lfy/btwm-7.7/runs/btwm_dmc_walker_walk_seed0_w002_b11_1m/scores.jsonl
Writing metrics: /home/zhangpeiying01/lfy/btwm-7.7/runs/btwm_dmc_walker_walk_seed0_w002_b11_1m/metrics.jsonl

--------------------[Agent Step 269_616]--------------------
Metrics filtered by: 'score|length|fps|ratio|train/loss/|train/acc/|train/inv/|train/rand/'
train/acc/inv 0.56 / train/inv/ce 1.41 / train/inv/confidence 0.3 / train/inv/confidence_gating 0 / train/inv/effective_rep_weight 0.02 / train/inv/head_objective 0.59 / train/inv/head_weight 0 / train/inv/objective 0.59 / train/inv/policy_weight_max 1 / train/inv/policy_weight_mean 1 / train/inv/policy_weight_min 1 / train/inv/policy_weight_std 0 / train/inv/valid_frac 1 / train/inv/weight 0.02 / train/loss/con 0.02 / train/loss/dyn 2.82 / train/loss/image 2.8 / train/loss/inv 0.01 / train/loss/policy -0.01 / train/loss/rep 2.82 / train/loss/repval 0.92 / train/loss/rew 0.59 / train/loss/value 0.82 / replay/replay_ratio 264 / fps/policy 10.57 / fps/train 2704.89

Writing metrics: /home/zhangpeiying01/lfy/btwm-7.7/runs/btwm_dmc_walker_walk_seed0_w002_b11_1m/metrics.jsonl
Writing metrics: /home/zhangpeiying01/lfy/btwm-7.7/runs/btwm_dmc_walker_walk_seed0_w002_b11_1m/scores.jsonl

--------------------[Agent Step 270_896]--------------------
Metrics filtered by: 'score|length|fps|ratio|train/loss/|train/acc/|train/inv/|train/rand/'
train/acc/inv 0.56 / train/inv/ce 1.42 / train/inv/confidence 0.3 / train/inv/confidence_gating 0 / train/inv/effective_rep_weight 0.02 / train/inv/head_objective 0.59 / train/inv/head_weight 0 / train/inv/objective 0.59 / train/inv/policy_weight_max 1 / train/inv/policy_weight_mean 1 / train/inv/policy_weight_min 1 / train/inv/policy_weight_std 0 / train/inv/valid_frac 1 / train/inv/weight 0.02 / train/loss/con 0.02 / train/loss/dyn 2.82 / train/loss/image 2.76 / train/loss/inv 0.01 / train/loss/policy -0.01 / train/loss/rep 2.82 / train/loss/repval 0.92 / train/loss/rew 0.59 / train/loss/value 0.83 / replay/replay_ratio 264 / fps/policy 10.55 / fps/train 2701.81

Writing metrics: /home/zhangpeiying01/lfy/btwm-7.7/runs/btwm_dmc_walker_walk_seed0_w002_b11_1m/metrics.jsonl
Writing metrics: /home/zhangpeiying01/lfy/btwm-7.7/runs/btwm_dmc_walker_walk_seed0_w002_b11_1m/scores.jsonl

--------------------[Agent Step 272_176]--------------------
Metrics filtered by: 'score|length|fps|ratio|train/loss/|train/acc/|train/inv/|train/rand/'
train/acc/inv 0.56 / train/inv/ce 1.41 / train/inv/confidence 0.3 / train/inv/confidence_gating 0 / train/inv/effective_rep_weight 0.02 / train/inv/head_objective 0.59 / train/inv/head_weight 0 / train/inv/objective 0.59 / train/inv/policy_weight_max 1 / train/inv/policy_weight_mean 1 / train/inv/policy_weight_min 1 / train/inv/policy_weight_std 0 / train/inv/valid_frac 1 / train/inv/weight 0.02 / train/loss/con 0.02 / train/loss/dyn 2.83 / train/loss/image 2.77 / train/loss/inv 0.01 / train/loss/policy -0.01 / train/loss/rep 2.83 / train/loss/repval 0.91 / train/loss/rew 0.59 / train/loss/value 0.83 / replay/replay_ratio 264 / fps/policy 10.57 / fps/train 2706.26

Writing metrics: /home/zhangpeiying01/lfy/btwm-7.7/runs/btwm_dmc_walker_walk_seed0_w002_b11_1m/metrics.jsonl
Writing metrics: /home/zhangpeiying01/lfy/btwm-7.7/runs/btwm_dmc_walker_walk_seed0_w002_b11_1m/scores.jsonl

--------------------[Agent Step 273_456]--------------------
Metrics filtered by: 'score|length|fps|ratio|train/loss/|train/acc/|train/inv/|train/rand/'
episode/score 993.02 / episode/length 1001 / train/acc/inv 0.56 / train/inv/ce 1.43 / train/inv/confidence 0.29 / train/inv/confidence_gating 0 / train/inv/effective_rep_weight 0.02 / train/inv/head_objective 0.59 / train/inv/head_weight 0 / train/inv/objective 0.59 / train/inv/policy_weight_max 1 / train/inv/policy_weight_mean 1 / train/inv/policy_weight_min 1 / train/inv/policy_weight_std 0 / train/inv/valid_frac 1 / train/inv/weight 0.02 / train/loss/con 0.02 / train/loss/dyn 2.95 / train/loss/image 2.93 / train/loss/inv 0.01 / train/loss/policy -7.8e-3 / train/loss/rep 2.95 / train/loss/repval 0.91 / train/loss/rew 0.59 / train/loss/value 0.83 / replay/replay_ratio 264 / fps/policy 10.55 / fps/train 2700.89

Writing metrics: /home/zhangpeiying01/lfy/btwm-7.7/runs/btwm_dmc_walker_walk_seed0_w002_b11_1m/metrics.jsonl
Writing metrics: /home/zhangpeiying01/lfy/btwm-7.7/runs/btwm_dmc_walker_walk_seed0_w002_b11_1m/scores.jsonl

--------------------[Agent Step 274_736]--------------------
Metrics filtered by: 'score|length|fps|ratio|train/loss/|train/acc/|train/inv/|train/rand/'
train/acc/inv 0.56 / train/inv/ce 1.43 / train/inv/confidence 0.29 / train/inv/confidence_gating 0 / train/inv/effective_rep_weight 0.02 / train/inv/head_objective 0.59 / train/inv/head_weight 0 / train/inv/objective 0.59 / train/inv/policy_weight_max 1 / train/inv/policy_weight_mean 1 / train/inv/policy_weight_min 1 / train/inv/policy_weight_std 0 / train/inv/valid_frac 1 / train/inv/weight 0.02 / train/loss/con 0.02 / train/loss/dyn 2.88 / train/loss/image 2.86 / train/loss/inv 0.01 / train/loss/policy -0.01 / train/loss/rep 2.88 / train/loss/repval 0.92 / train/loss/rew 0.59 / train/loss/value 0.83 / replay/replay_ratio 264 / fps/policy 10.57 / fps/train 2705.31

Writing metrics: /home/zhangpeiying01/lfy/btwm-7.7/runs/btwm_dmc_walker_walk_seed0_w002_b11_1m/metrics.jsonl
Writing metrics: /home/zhangpeiying01/lfy/btwm-7.7/runs/btwm_dmc_walker_walk_seed0_w002_b11_1m/scores.jsonl

--------------------[Agent Step 276_016]--------------------
Metrics filtered by: 'score|length|fps|ratio|train/loss/|train/acc/|train/inv/|train/rand/'
train/acc/inv 0.56 / train/inv/ce 1.43 / train/inv/confidence 0.29 / train/inv/confidence_gating 0 / train/inv/effective_rep_weight 0.02 / train/inv/head_objective 0.59 / train/inv/head_weight 0 / train/inv/objective 0.59 / train/inv/policy_weight_max 1 / train/inv/policy_weight_mean 1 / train/inv/policy_weight_min 1 / train/inv/policy_weight_std 0 / train/inv/valid_frac 1 / train/inv/weight 0.02 / train/loss/con 0.02 / train/loss/dyn 2.82 / train/loss/image 2.79 / train/loss/inv 0.01 / train/loss/policy -5.7e-3 / train/loss/rep 2.82 / train/loss/repval 0.91 / train/loss/rew 0.6 / train/loss/value 0.83 / replay/replay_ratio 264 / fps/policy 10.57 / fps/train 2707.05

Writing metrics: /home/zhangpeiying01/lfy/btwm-7.7/runs/btwm_dmc_walker_walk_seed0_w002_b11_1m/scores.jsonl
Writing metrics: /home/zhangpeiying01/lfy/btwm-7.7/runs/btwm_dmc_walker_walk_seed0_w002_b11_1m/metrics.jsonl

--------------------[Agent Step 277_296]--------------------
Metrics filtered by: 'score|length|fps|ratio|train/loss/|train/acc/|train/inv/|train/rand/'
train/acc/inv 0.56 / train/inv/ce 1.42 / train/inv/confidence 0.29 / train/inv/confidence_gating 0 / train/inv/effective_rep_weight 0.02 / train/inv/head_objective 0.59 / train/inv/head_weight 0 / train/inv/objective 0.59 / train/inv/policy_weight_max 1 / train/inv/policy_weight_mean 1 / train/inv/policy_weight_min 1 / train/inv/policy_weight_std 0 / train/inv/valid_frac 1 / train/inv/weight 0.02 / train/loss/con 0.02 / train/loss/dyn 2.85 / train/loss/image 2.8 / train/loss/inv 0.01 / train/loss/policy -0.01 / train/loss/rep 2.85 / train/loss/repval 0.91 / train/loss/rew 0.6 / train/loss/value 0.82 / replay/replay_ratio 264 / fps/policy 10.55 / fps/train 2699.55

Writing metrics: /home/zhangpeiying01/lfy/btwm-7.7/runs/btwm_dmc_walker_walk_seed0_w002_b11_1m/metrics.jsonl
Writing metrics: /home/zhangpeiying01/lfy/btwm-7.7/runs/btwm_dmc_walker_walk_seed0_w002_b11_1m/scores.jsonl

--------------------[Agent Step 278_576]--------------------
Metrics filtered by: 'score|length|fps|ratio|train/loss/|train/acc/|train/inv/|train/rand/'
train/acc/inv 0.56 / train/inv/ce 1.42 / train/inv/confidence 0.29 / train/inv/confidence_gating 0 / train/inv/effective_rep_weight 0.02 / train/inv/head_objective 0.59 / train/inv/head_weight 0 / train/inv/objective 0.59 / train/inv/policy_weight_max 1 / train/inv/policy_weight_mean 1 / train/inv/policy_weight_min 1 / train/inv/policy_weight_std 0 / train/inv/valid_frac 1 / train/inv/weight 0.02 / train/loss/con 0.02 / train/loss/dyn 2.8 / train/loss/image 2.75 / train/loss/inv 0.01 / train/loss/policy -7.1e-3 / train/loss/rep 2.8 / train/loss/repval 0.91 / train/loss/rew 0.6 / train/loss/value 0.82 / replay/replay_ratio 264 / fps/policy 10.55 / fps/train 2700.55

Writing metrics: /home/zhangpeiying01/lfy/btwm-7.7/runs/btwm_dmc_walker_walk_seed0_w002_b11_1m/metrics.jsonl
Writing metrics: /home/zhangpeiying01/lfy/btwm-7.7/runs/btwm_dmc_walker_walk_seed0_w002_b11_1m/scores.jsonl

--------------------[Agent Step 279_856]--------------------
Metrics filtered by: 'score|length|fps|ratio|train/loss/|train/acc/|train/inv/|train/rand/'
train/acc/inv 0.56 / train/inv/ce 1.42 / train/inv/confidence 0.29 / train/inv/confidence_gating 0 / train/inv/effective_rep_weight 0.02 / train/inv/head_objective 0.59 / train/inv/head_weight 0 / train/inv/objective 0.59 / train/inv/policy_weight_max 1 / train/inv/policy_weight_mean 1 / train/inv/policy_weight_min 1 / train/inv/policy_weight_std 0 / train/inv/valid_frac 1 / train/inv/weight 0.02 / train/loss/con 0.02 / train/loss/dyn 2.8 / train/loss/image 2.76 / train/loss/inv 0.01 / train/loss/policy -8.6e-3 / train/loss/rep 2.8 / train/loss/repval 0.91 / train/loss/rew 0.59 / train/loss/value 0.82 / replay/replay_ratio 264 / fps/policy 10.56 / fps/train 2703.4

Writing metrics: /home/zhangpeiying01/lfy/btwm-7.7/runs/btwm_dmc_walker_walk_seed0_w002_b11_1m/metrics.jsonl
Writing metrics: /home/zhangpeiying01/lfy/btwm-7.7/runs/btwm_dmc_walker_walk_seed0_w002_b11_1m/scores.jsonl

--------------------[Agent Step 281_136]--------------------
Metrics filtered by: 'score|length|fps|ratio|train/loss/|train/acc/|train/inv/|train/rand/'
train/acc/inv 0.56 / train/inv/ce 1.43 / train/inv/confidence 0.29 / train/inv/confidence_gating 0 / train/inv/effective_rep_weight 0.02 / train/inv/head_objective 0.59 / train/inv/head_weight 0 / train/inv/objective 0.59 / train/inv/policy_weight_max 1 / train/inv/policy_weight_mean 1 / train/inv/policy_weight_min 1 / train/inv/policy_weight_std 0 / train/inv/valid_frac 1 / train/inv/weight 0.02 / train/loss/con 0.02 / train/loss/dyn 2.82 / train/loss/image 2.76 / train/loss/inv 0.01 / train/loss/policy -7.9e-3 / train/loss/rep 2.82 / train/loss/repval 0.9 / train/loss/rew 0.6 / train/loss/value 0.81 / replay/replay_ratio 264 / fps/policy 10.57 / fps/train 2705.27

Writing metrics: /home/zhangpeiying01/lfy/btwm-7.7/runs/btwm_dmc_walker_walk_seed0_w002_b11_1m/scores.jsonl
Writing metrics: /home/zhangpeiying01/lfy/btwm-7.7/runs/btwm_dmc_walker_walk_seed0_w002_b11_1m/metrics.jsonl

--------------------[Agent Step 282_416]--------------------
Metrics filtered by: 'score|length|fps|ratio|train/loss/|train/acc/|train/inv/|train/rand/'
train/acc/inv 0.56 / train/inv/ce 1.43 / train/inv/confidence 0.29 / train/inv/confidence_gating 0 / train/inv/effective_rep_weight 0.02 / train/inv/head_objective 0.6 / train/inv/head_weight 0 / train/inv/objective 0.6 / train/inv/policy_weight_max 1 / train/inv/policy_weight_mean 1 / train/inv/policy_weight_min 1 / train/inv/policy_weight_std 0 / train/inv/valid_frac 1 / train/inv/weight 0.02 / train/loss/con 0.02 / train/loss/dyn 2.81 / train/loss/image 2.75 / train/loss/inv 0.01 / train/loss/policy -9.1e-3 / train/loss/rep 2.81 / train/loss/repval 0.9 / train/loss/rew 0.6 / train/loss/value 0.82 / replay/replay_ratio 264 / fps/policy 10.56 / fps/train 2703.94

Writing metrics: /home/zhangpeiying01/lfy/btwm-7.7/runs/btwm_dmc_walker_walk_seed0_w002_b11_1m/metrics.jsonl
Writing metrics: /home/zhangpeiying01/lfy/btwm-7.7/runs/btwm_dmc_walker_walk_seed0_w002_b11_1m/scores.jsonl

--------------------[Agent Step 283_696]--------------------
Metrics filtered by: 'score|length|fps|ratio|train/loss/|train/acc/|train/inv/|train/rand/'
train/acc/inv 0.56 / train/inv/ce 1.43 / train/inv/confidence 0.29 / train/inv/confidence_gating 0 / train/inv/effective_rep_weight 0.02 / train/inv/head_objective 0.59 / train/inv/head_weight 0 / train/inv/objective 0.59 / train/inv/policy_weight_max 1 / train/inv/policy_weight_mean 1 / train/inv/policy_weight_min 1 / train/inv/policy_weight_std 0 / train/inv/valid_frac 1 / train/inv/weight 0.02 / train/loss/con 0.02 / train/loss/dyn 2.83 / train/loss/image 2.75 / train/loss/inv 0.01 / train/loss/policy -7.3e-3 / train/loss/rep 2.83 / train/loss/repval 0.9 / train/loss/rew 0.6 / train/loss/value 0.82 / replay/replay_ratio 264 / fps/policy 10.55 / fps/train 2702.01

Writing metrics: /home/zhangpeiying01/lfy/btwm-7.7/runs/btwm_dmc_walker_walk_seed0_w002_b11_1m/metrics.jsonl
Writing metrics: /home/zhangpeiying01/lfy/btwm-7.7/runs/btwm_dmc_walker_walk_seed0_w002_b11_1m/scores.jsonl

--------------------[Agent Step 284_976]--------------------
Metrics filtered by: 'score|length|fps|ratio|train/loss/|train/acc/|train/inv/|train/rand/'
train/acc/inv 0.56 / train/inv/ce 1.43 / train/inv/confidence 0.29 / train/inv/confidence_gating 0 / train/inv/effective_rep_weight 0.02 / train/inv/head_objective 0.6 / train/inv/head_weight 0 / train/inv/objective 0.6 / train/inv/policy_weight_max 1 / train/inv/policy_weight_mean 1 / train/inv/policy_weight_min 1 / train/inv/policy_weight_std 0 / train/inv/valid_frac 1 / train/inv/weight 0.02 / train/loss/con 0.02 / train/loss/dyn 2.8 / train/loss/image 2.73 / train/loss/inv 0.01 / train/loss/policy -9.3e-3 / train/loss/rep 2.8 / train/loss/repval 0.9 / train/loss/rew 0.6 / train/loss/value 0.82 / replay/replay_ratio 264 / fps/policy 10.57 / fps/train 2706.14

Writing metrics: /home/zhangpeiying01/lfy/btwm-7.7/runs/btwm_dmc_walker_walk_seed0_w002_b11_1m/metrics.jsonl
Writing metrics: /home/zhangpeiying01/lfy/btwm-7.7/runs/btwm_dmc_walker_walk_seed0_w002_b11_1m/scores.jsonl

--------------------[Agent Step 286_256]--------------------
Metrics filtered by: 'score|length|fps|ratio|train/loss/|train/acc/|train/inv/|train/rand/'
train/acc/inv 0.56 / train/inv/ce 1.43 / train/inv/confidence 0.29 / train/inv/confidence_gating 0 / train/inv/effective_rep_weight 0.02 / train/inv/head_objective 0.6 / train/inv/head_weight 0 / train/inv/objective 0.6 / train/inv/policy_weight_max 1 / train/inv/policy_weight_mean 1 / train/inv/policy_weight_min 1 / train/inv/policy_weight_std 0 / train/inv/valid_frac 1 / train/inv/weight 0.02 / train/loss/con 0.02 / train/loss/dyn 2.83 / train/loss/image 2.72 / train/loss/inv 0.01 / train/loss/policy -7e-3 / train/loss/rep 2.83 / train/loss/repval 0.9 / train/loss/rew 0.6 / train/loss/value 0.82 / replay/replay_ratio 264 / fps/policy 10.56 / fps/train 2703.38

Writing metrics: /home/zhangpeiying01/lfy/btwm-7.7/runs/btwm_dmc_walker_walk_seed0_w002_b11_1m/metrics.jsonl
Writing metrics: /home/zhangpeiying01/lfy/btwm-7.7/runs/btwm_dmc_walker_walk_seed0_w002_b11_1m/scores.jsonl

--------------------[Agent Step 287_536]--------------------
Metrics filtered by: 'score|length|fps|ratio|train/loss/|train/acc/|train/inv/|train/rand/'
train/acc/inv 0.55 / train/inv/ce 1.44 / train/inv/confidence 0.29 / train/inv/confidence_gating 0 / train/inv/effective_rep_weight 0.02 / train/inv/head_objective 0.6 / train/inv/head_weight 0 / train/inv/objective 0.6 / train/inv/policy_weight_max 1 / train/inv/policy_weight_mean 1 / train/inv/policy_weight_min 1 / train/inv/policy_weight_std 0 / train/inv/valid_frac 1 / train/inv/weight 0.02 / train/loss/con 0.02 / train/loss/dyn 2.85 / train/loss/image 2.77 / train/loss/inv 0.01 / train/loss/policy -5e-3 / train/loss/rep 2.85 / train/loss/repval 0.91 / train/loss/rew 0.6 / train/loss/value 0.82 / replay/replay_ratio 264 / fps/policy 10.57 / fps/train 2706.22

Writing metrics: /home/zhangpeiying01/lfy/btwm-7.7/runs/btwm_dmc_walker_walk_seed0_w002_b11_1m/metrics.jsonl
Writing metrics: /home/zhangpeiying01/lfy/btwm-7.7/runs/btwm_dmc_walker_walk_seed0_w002_b11_1m/scores.jsonl

--------------------[Agent Step 288_816]--------------------
Metrics filtered by: 'score|length|fps|ratio|train/loss/|train/acc/|train/inv/|train/rand/'
episode/score 954.42 / episode/length 1001 / train/acc/inv 0.55 / train/inv/ce 1.44 / train/inv/confidence 0.29 / train/inv/confidence_gating 0 / train/inv/effective_rep_weight 0.02 / train/inv/head_objective 0.6 / train/inv/head_weight 0 / train/inv/objective 0.6 / train/inv/policy_weight_max 1 / train/inv/policy_weight_mean 1 / train/inv/policy_weight_min 1 / train/inv/policy_weight_std 0 / train/inv/valid_frac 1 / train/inv/weight 0.02 / train/loss/con 0.02 / train/loss/dyn 2.84 / train/loss/image 2.75 / train/loss/inv 0.01 / train/loss/policy -3.7e-3 / train/loss/rep 2.84 / train/loss/repval 0.9 / train/loss/rew 0.6 / train/loss/value 0.82 / replay/replay_ratio 264 / fps/policy 10.56 / fps/train 2703.34

Writing metrics: /home/zhangpeiying01/lfy/btwm-7.7/runs/btwm_dmc_walker_walk_seed0_w002_b11_1m/metrics.jsonl
Writing metrics: /home/zhangpeiying01/lfy/btwm-7.7/runs/btwm_dmc_walker_walk_seed0_w002_b11_1m/scores.jsonl

--------------------[Agent Step 290_096]--------------------
Metrics filtered by: 'score|length|fps|ratio|train/loss/|train/acc/|train/inv/|train/rand/'
train/acc/inv 0.55 / train/inv/ce 1.44 / train/inv/confidence 0.29 / train/inv/confidence_gating 0 / train/inv/effective_rep_weight 0.02 / train/inv/head_objective 0.6 / train/inv/head_weight 0 / train/inv/objective 0.6 / train/inv/policy_weight_max 1 / train/inv/policy_weight_mean 1 / train/inv/policy_weight_min 1 / train/inv/policy_weight_std 0 / train/inv/valid_frac 1 / train/inv/weight 0.02 / train/loss/con 0.02 / train/loss/dyn 2.93 / train/loss/image 2.87 / train/loss/inv 0.01 / train/loss/policy -1e-3 / train/loss/rep 2.93 / train/loss/repval 0.91 / train/loss/rew 0.6 / train/loss/value 0.82 / replay/replay_ratio 264 / fps/policy 10.54 / fps/train 2698.44

Writing metrics: /home/zhangpeiying01/lfy/btwm-7.7/runs/btwm_dmc_walker_walk_seed0_w002_b11_1m/metrics.jsonl
Writing metrics: /home/zhangpeiying01/lfy/btwm-7.7/runs/btwm_dmc_walker_walk_seed0_w002_b11_1m/scores.jsonl

--------------------[Agent Step 291_376]--------------------
Metrics filtered by: 'score|length|fps|ratio|train/loss/|train/acc/|train/inv/|train/rand/'
train/acc/inv 0.55 / train/inv/ce 1.44 / train/inv/confidence 0.29 / train/inv/confidence_gating 0 / train/inv/effective_rep_weight 0.02 / train/inv/head_objective 0.6 / train/inv/head_weight 0 / train/inv/objective 0.6 / train/inv/policy_weight_max 1 / train/inv/policy_weight_mean 1 / train/inv/policy_weight_min 1 / train/inv/policy_weight_std 0 / train/inv/valid_frac 1 / train/inv/weight 0.02 / train/loss/con 0.02 / train/loss/dyn 2.8 / train/loss/image 2.76 / train/loss/inv 0.01 / train/loss/policy -5.8e-3 / train/loss/rep 2.8 / train/loss/repval 0.9 / train/loss/rew 0.6 / train/loss/value 0.81 / replay/replay_ratio 264 / fps/policy 10.54 / fps/train 2698.29

Writing metrics: /home/zhangpeiying01/lfy/btwm-7.7/runs/btwm_dmc_walker_walk_seed0_w002_b11_1m/scores.jsonl
Writing metrics: /home/zhangpeiying01/lfy/btwm-7.7/runs/btwm_dmc_walker_walk_seed0_w002_b11_1m/metrics.jsonl

--------------------[Agent Step 292_656]--------------------
Metrics filtered by: 'score|length|fps|ratio|train/loss/|train/acc/|train/inv/|train/rand/'
train/acc/inv 0.55 / train/inv/ce 1.44 / train/inv/confidence 0.29 / train/inv/confidence_gating 0 / train/inv/effective_rep_weight 0.02 / train/inv/head_objective 0.6 / train/inv/head_weight 0 / train/inv/objective 0.6 / train/inv/policy_weight_max 1 / train/inv/policy_weight_mean 1 / train/inv/policy_weight_min 1 / train/inv/policy_weight_std 0 / train/inv/valid_frac 1 / train/inv/weight 0.02 / train/loss/con 0.02 / train/loss/dyn 2.84 / train/loss/image 2.77 / train/loss/inv 0.01 / train/loss/policy -5.6e-3 / train/loss/rep 2.84 / train/loss/repval 0.9 / train/loss/rew 0.6 / train/loss/value 0.81 / replay/replay_ratio 264 / fps/policy 10.55 / fps/train 2700.28

Writing metrics: /home/zhangpeiying01/lfy/btwm-7.7/runs/btwm_dmc_walker_walk_seed0_w002_b11_1m/metrics.jsonl
Writing metrics: /home/zhangpeiying01/lfy/btwm-7.7/runs/btwm_dmc_walker_walk_seed0_w002_b11_1m/scores.jsonl

--------------------[Agent Step 293_936]--------------------
Metrics filtered by: 'score|length|fps|ratio|train/loss/|train/acc/|train/inv/|train/rand/'
train/acc/inv 0.55 / train/inv/ce 1.44 / train/inv/confidence 0.29 / train/inv/confidence_gating 0 / train/inv/effective_rep_weight 0.02 / train/inv/head_objective 0.6 / train/inv/head_weight 0 / train/inv/objective 0.6 / train/inv/policy_weight_max 1 / train/inv/policy_weight_mean 1 / train/inv/policy_weight_min 1 / train/inv/policy_weight_std 0 / train/inv/valid_frac 1 / train/inv/weight 0.02 / train/loss/con 0.02 / train/loss/dyn 2.83 / train/loss/image 2.75 / train/loss/inv 0.01 / train/loss/policy -7.5e-3 / train/loss/rep 2.83 / train/loss/repval 0.9 / train/loss/rew 0.6 / train/loss/value 0.81 / replay/replay_ratio 264 / fps/policy 10.57 / fps/train 2705.33

Writing metrics: /home/zhangpeiying01/lfy/btwm-7.7/runs/btwm_dmc_walker_walk_seed0_w002_b11_1m/metrics.jsonl
Writing metrics: /home/zhangpeiying01/lfy/btwm-7.7/runs/btwm_dmc_walker_walk_seed0_w002_b11_1m/scores.jsonl

--------------------[Agent Step 295_216]--------------------
Metrics filtered by: 'score|length|fps|ratio|train/loss/|train/acc/|train/inv/|train/rand/'
train/acc/inv 0.55 / train/inv/ce 1.44 / train/inv/confidence 0.29 / train/inv/confidence_gating 0 / train/inv/effective_rep_weight 0.02 / train/inv/head_objective 0.6 / train/inv/head_weight 0 / train/inv/objective 0.6 / train/inv/policy_weight_max 1 / train/inv/policy_weight_mean 1 / train/inv/policy_weight_min 1 / train/inv/policy_weight_std 0 / train/inv/valid_frac 1 / train/inv/weight 0.02 / train/loss/con 0.02 / train/loss/dyn 2.82 / train/loss/image 2.74 / train/loss/inv 0.01 / train/loss/policy -0.01 / train/loss/rep 2.82 / train/loss/repval 0.9 / train/loss/rew 0.6 / train/loss/value 0.81 / replay/replay_ratio 264 / fps/policy 10.55 / fps/train 2701.1

Writing metrics: /home/zhangpeiying01/lfy/btwm-7.7/runs/btwm_dmc_walker_walk_seed0_w002_b11_1m/metrics.jsonl
Writing metrics: /home/zhangpeiying01/lfy/btwm-7.7/runs/btwm_dmc_walker_walk_seed0_w002_b11_1m/scores.jsonl

--------------------[Agent Step 296_496]--------------------
Metrics filtered by: 'score|length|fps|ratio|train/loss/|train/acc/|train/inv/|train/rand/'
train/acc/inv 0.56 / train/inv/ce 1.43 / train/inv/confidence 0.29 / train/inv/confidence_gating 0 / train/inv/effective_rep_weight 0.02 / train/inv/head_objective 0.6 / train/inv/head_weight 0 / train/inv/objective 0.6 / train/inv/policy_weight_max 1 / train/inv/policy_weight_mean 1 / train/inv/policy_weight_min 1 / train/inv/policy_weight_std 0 / train/inv/valid_frac 1 / train/inv/weight 0.02 / train/loss/con 0.02 / train/loss/dyn 2.82 / train/loss/image 2.75 / train/loss/inv 0.01 / train/loss/policy -9.9e-3 / train/loss/rep 2.82 / train/loss/repval 0.9 / train/loss/rew 0.6 / train/loss/value 0.82 / replay/replay_ratio 264 / fps/policy 10.57 / fps/train 2704.83

Writing metrics: /home/zhangpeiying01/lfy/btwm-7.7/runs/btwm_dmc_walker_walk_seed0_w002_b11_1m/metrics.jsonl
Writing metrics: /home/zhangpeiying01/lfy/btwm-7.7/runs/btwm_dmc_walker_walk_seed0_w002_b11_1m/scores.jsonl

--------------------[Agent Step 297_776]--------------------
Metrics filtered by: 'score|length|fps|ratio|train/loss/|train/acc/|train/inv/|train/rand/'
train/acc/inv 0.56 / train/inv/ce 1.43 / train/inv/confidence 0.29 / train/inv/confidence_gating 0 / train/inv/effective_rep_weight 0.02 / train/inv/head_objective 0.6 / train/inv/head_weight 0 / train/inv/objective 0.6 / train/inv/policy_weight_max 1 / train/inv/policy_weight_mean 1 / train/inv/policy_weight_min 1 / train/inv/policy_weight_std 0 / train/inv/valid_frac 1 / train/inv/weight 0.02 / train/loss/con 0.02 / train/loss/dyn 2.78 / train/loss/image 2.71 / train/loss/inv 0.01 / train/loss/policy -9.8e-3 / train/loss/rep 2.78 / train/loss/repval 0.9 / train/loss/rew 0.6 / train/loss/value 0.81 / replay/replay_ratio 264 / fps/policy 10.54 / fps/train 2698.16

Writing metrics: /home/zhangpeiying01/lfy/btwm-7.7/runs/btwm_dmc_walker_walk_seed0_w002_b11_1m/metrics.jsonl
Writing metrics: /home/zhangpeiying01/lfy/btwm-7.7/runs/btwm_dmc_walker_walk_seed0_w002_b11_1m/scores.jsonl

--------------------[Agent Step 299_056]--------------------
Metrics filtered by: 'score|length|fps|ratio|train/loss/|train/acc/|train/inv/|train/rand/'
train/acc/inv 0.55 / train/inv/ce 1.45 / train/inv/confidence 0.29 / train/inv/confidence_gating 0 / train/inv/effective_rep_weight 0.02 / train/inv/head_objective 0.6 / train/inv/head_weight 0 / train/inv/objective 0.6 / train/inv/policy_weight_max 1 / train/inv/policy_weight_mean 1 / train/inv/policy_weight_min 1 / train/inv/policy_weight_std 0 / train/inv/valid_frac 1 / train/inv/weight 0.02 / train/loss/con 0.02 / train/loss/dyn 2.81 / train/loss/image 2.69 / train/loss/inv 0.01 / train/loss/policy -9.1e-3 / train/loss/rep 2.81 / train/loss/repval 0.89 / train/loss/rew 0.6 / train/loss/value 0.81 / replay/replay_ratio 264 / fps/policy 10.56 / fps/train 2704.13

Writing metrics: /home/zhangpeiying01/lfy/btwm-7.7/runs/btwm_dmc_walker_walk_seed0_w002_b11_1m/metrics.jsonl
Writing metrics: /home/zhangpeiying01/lfy/btwm-7.7/runs/btwm_dmc_walker_walk_seed0_w002_b11_1m/scores.jsonl

--------------------[Agent Step 300_336]--------------------
Metrics filtered by: 'score|length|fps|ratio|train/loss/|train/acc/|train/inv/|train/rand/'
train/acc/inv 0.55 / train/inv/ce 1.45 / train/inv/confidence 0.29 / train/inv/confidence_gating 0 / train/inv/effective_rep_weight 0.02 / train/inv/head_objective 0.6 / train/inv/head_weight 0 / train/inv/objective 0.6 / train/inv/policy_weight_max 1 / train/inv/policy_weight_mean 1 / train/inv/policy_weight_min 1 / train/inv/policy_weight_std 0 / train/inv/valid_frac 1 / train/inv/weight 0.02 / train/loss/con 0.02 / train/loss/dyn 2.79 / train/loss/image 2.69 / train/loss/inv 0.01 / train/loss/policy -5.5e-3 / train/loss/rep 2.79 / train/loss/repval 0.89 / train/loss/rew 0.6 / train/loss/value 0.8 / replay/replay_ratio 264 / fps/policy 10.56 / fps/train 2704.44

Writing metrics: /home/zhangpeiying01/lfy/btwm-7.7/runs/btwm_dmc_walker_walk_seed0_w002_b11_1m/metrics.jsonl
Writing metrics: /home/zhangpeiying01/lfy/btwm-7.7/runs/btwm_dmc_walker_walk_seed0_w002_b11_1m/scores.jsonl
Saving checkpoint: /home/zhangpeiying01/lfy/btwm-7.7/runs/btwm_dmc_walker_walk_seed0_w002_b11_1m/ckpt/20260713T054409F073538
Saved checkpoint.

--------------------[Agent Step 301_568]--------------------
Metrics filtered by: 'score|length|fps|ratio|train/loss/|train/acc/|train/inv/|train/rand/'
train/acc/inv 0.55 / train/inv/ce 1.43 / train/inv/confidence 0.29 / train/inv/confidence_gating 0 / train/inv/effective_rep_weight 0.02 / train/inv/head_objective 0.6 / train/inv/head_weight 0 / train/inv/objective 0.6 / train/inv/policy_weight_max 1 / train/inv/policy_weight_mean 1 / train/inv/policy_weight_min 1 / train/inv/policy_weight_std 0 / train/inv/valid_frac 1 / train/inv/weight 0.02 / train/loss/con 0.02 / train/loss/dyn 2.81 / train/loss/image 2.69 / train/loss/inv 0.01 / train/loss/policy -7.9e-3 / train/loss/rep 2.81 / train/loss/repval 0.89 / train/loss/rew 0.6 / train/loss/value 0.8 / replay/replay_ratio 264 / fps/policy 10.24 / fps/train 2622.6

Writing metrics: /home/zhangpeiying01/lfy/btwm-7.7/runs/btwm_dmc_walker_walk_seed0_w002_b11_1m/metrics.jsonl
Writing metrics: /home/zhangpeiying01/lfy/btwm-7.7/runs/btwm_dmc_walker_walk_seed0_w002_b11_1m/scores.jsonl

--------------------[Agent Step 302_848]--------------------
Metrics filtered by: 'score|length|fps|ratio|train/loss/|train/acc/|train/inv/|train/rand/'
train/acc/inv 0.55 / train/inv/ce 1.45 / train/inv/confidence 0.29 / train/inv/confidence_gating 0 / train/inv/effective_rep_weight 0.02 / train/inv/head_objective 0.6 / train/inv/head_weight 0 / train/inv/objective 0.6 / train/inv/policy_weight_max 1 / train/inv/policy_weight_mean 1 / train/inv/policy_weight_min 1 / train/inv/policy_weight_std 0 / train/inv/valid_frac 1 / train/inv/weight 0.02 / train/loss/con 0.02 / train/loss/dyn 2.8 / train/loss/image 2.64 / train/loss/inv 0.01 / train/loss/policy -3e-3 / train/loss/rep 2.8 / train/loss/repval 0.89 / train/loss/rew 0.6 / train/loss/value 0.8 / replay/replay_ratio 264 / fps/policy 10.57 / fps/train 2706.83

Writing metrics: /home/zhangpeiying01/lfy/btwm-7.7/runs/btwm_dmc_walker_walk_seed0_w002_b11_1m/scores.jsonl
Writing metrics: /home/zhangpeiying01/lfy/btwm-7.7/runs/btwm_dmc_walker_walk_seed0_w002_b11_1m/metrics.jsonl

--------------------[Agent Step 304_128]--------------------
Metrics filtered by: 'score|length|fps|ratio|train/loss/|train/acc/|train/inv/|train/rand/'
train/acc/inv 0.55 / train/inv/ce 1.45 / train/inv/confidence 0.28 / train/inv/confidence_gating 0 / train/inv/effective_rep_weight 0.02 / train/inv/head_objective 0.6 / train/inv/head_weight 0 / train/inv/objective 0.6 / train/inv/policy_weight_max 1 / train/inv/policy_weight_mean 1 / train/inv/policy_weight_min 1 / train/inv/policy_weight_std 0 / train/inv/valid_frac 1 / train/inv/weight 0.02 / train/loss/con 0.02 / train/loss/dyn 2.8 / train/loss/image 2.64 / train/loss/inv 0.01 / train/loss/policy -6.4e-3 / train/loss/rep 2.8 / train/loss/repval 0.88 / train/loss/rew 0.6 / train/loss/value 0.8 / replay/replay_ratio 264 / fps/policy 10.57 / fps/train 2705.84

Writing metrics: /home/zhangpeiying01/lfy/btwm-7.7/runs/btwm_dmc_walker_walk_seed0_w002_b11_1m/metrics.jsonl
Writing metrics: /home/zhangpeiying01/lfy/btwm-7.7/runs/btwm_dmc_walker_walk_seed0_w002_b11_1m/scores.jsonl

--------------------[Agent Step 305_408]--------------------
Metrics filtered by: 'score|length|fps|ratio|train/loss/|train/acc/|train/inv/|train/rand/'
episode/score 954.98 / episode/length 1001 / train/acc/inv 0.55 / train/inv/ce 1.46 / train/inv/confidence 0.28 / train/inv/confidence_gating 0 / train/inv/effective_rep_weight 0.02 / train/inv/head_objective 0.61 / train/inv/head_weight 0 / train/inv/objective 0.61 / train/inv/policy_weight_max 1 / train/inv/policy_weight_mean 1 / train/inv/policy_weight_min 1 / train/inv/policy_weight_std 0 / train/inv/valid_frac 1 / train/inv/weight 0.02 / train/loss/con 0.02 / train/loss/dyn 2.93 / train/loss/image 2.79 / train/loss/inv 0.01 / train/loss/policy -4.6e-3 / train/loss/rep 2.93 / train/loss/repval 0.88 / train/loss/rew 0.6 / train/loss/value 0.8 / replay/replay_ratio 264 / fps/policy 10.56 / fps/train 2703.42

Writing metrics: /home/zhangpeiying01/lfy/btwm-7.7/runs/btwm_dmc_walker_walk_seed0_w002_b11_1m/metrics.jsonl
Writing metrics: /home/zhangpeiying01/lfy/btwm-7.7/runs/btwm_dmc_walker_walk_seed0_w002_b11_1m/scores.jsonl

--------------------[Agent Step 306_688]--------------------
Metrics filtered by: 'score|length|fps|ratio|train/loss/|train/acc/|train/inv/|train/rand/'
train/acc/inv 0.55 / train/inv/ce 1.47 / train/inv/confidence 0.28 / train/inv/confidence_gating 0 / train/inv/effective_rep_weight 0.02 / train/inv/head_objective 0.61 / train/inv/head_weight 0 / train/inv/objective 0.61 / train/inv/policy_weight_max 1 / train/inv/policy_weight_mean 1 / train/inv/policy_weight_min 1 / train/inv/policy_weight_std 0 / train/inv/valid_frac 1 / train/inv/weight 0.02 / train/loss/con 0.02 / train/loss/dyn 2.83 / train/loss/image 2.72 / train/loss/inv 0.01 / train/loss/policy -3.9e-3 / train/loss/rep 2.83 / train/loss/repval 0.87 / train/loss/rew 0.6 / train/loss/value 0.79 / replay/replay_ratio 264 / fps/policy 10.57 / fps/train 2705.87

Writing metrics: /home/zhangpeiying01/lfy/btwm-7.7/runs/btwm_dmc_walker_walk_seed0_w002_b11_1m/metrics.jsonl
Writing metrics: /home/zhangpeiying01/lfy/btwm-7.7/runs/btwm_dmc_walker_walk_seed0_w002_b11_1m/scores.jsonl

--------------------[Agent Step 307_968]--------------------
Metrics filtered by: 'score|length|fps|ratio|train/loss/|train/acc/|train/inv/|train/rand/'
train/acc/inv 0.55 / train/inv/ce 1.47 / train/inv/confidence 0.28 / train/inv/confidence_gating 0 / train/inv/effective_rep_weight 0.02 / train/inv/head_objective 0.61 / train/inv/head_weight 0 / train/inv/objective 0.61 / train/inv/policy_weight_max 1 / train/inv/policy_weight_mean 1 / train/inv/policy_weight_min 1 / train/inv/policy_weight_std 0 / train/inv/valid_frac 1 / train/inv/weight 0.02 / train/loss/con 0.02 / train/loss/dyn 2.82 / train/loss/image 2.66 / train/loss/inv 0.01 / train/loss/policy -9e-3 / train/loss/rep 2.82 / train/loss/repval 0.87 / train/loss/rew 0.6 / train/loss/value 0.78 / replay/replay_ratio 264 / fps/policy 10.56 / fps/train 2703.2

Writing metrics: /home/zhangpeiying01/lfy/btwm-7.7/runs/btwm_dmc_walker_walk_seed0_w002_b11_1m/metrics.jsonl
Writing metrics: /home/zhangpeiying01/lfy/btwm-7.7/runs/btwm_dmc_walker_walk_seed0_w002_b11_1m/scores.jsonl

--------------------[Agent Step 309_248]--------------------
Metrics filtered by: 'score|length|fps|ratio|train/loss/|train/acc/|train/inv/|train/rand/'
train/acc/inv 0.54 / train/inv/ce 1.47 / train/inv/confidence 0.28 / train/inv/confidence_gating 0 / train/inv/effective_rep_weight 0.02 / train/inv/head_objective 0.61 / train/inv/head_weight 0 / train/inv/objective 0.61 / train/inv/policy_weight_max 1 / train/inv/policy_weight_mean 1 / train/inv/policy_weight_min 1 / train/inv/policy_weight_std 0 / train/inv/valid_frac 1 / train/inv/weight 0.02 / train/loss/con 0.02 / train/loss/dyn 2.8 / train/loss/image 2.63 / train/loss/inv 0.01 / train/loss/policy -6.8e-3 / train/loss/rep 2.8 / train/loss/repval 0.87 / train/loss/rew 0.6 / train/loss/value 0.79 / replay/replay_ratio 264 / fps/policy 10.57 / fps/train 2705.39

Writing metrics: /home/zhangpeiying01/lfy/btwm-7.7/runs/btwm_dmc_walker_walk_seed0_w002_b11_1m/metrics.jsonl
Writing metrics: /home/zhangpeiying01/lfy/btwm-7.7/runs/btwm_dmc_walker_walk_seed0_w002_b11_1m/scores.jsonl

--------------------[Agent Step 310_528]--------------------
Metrics filtered by: 'score|length|fps|ratio|train/loss/|train/acc/|train/inv/|train/rand/'
train/acc/inv 0.54 / train/inv/ce 1.48 / train/inv/confidence 0.27 / train/inv/confidence_gating 0 / train/inv/effective_rep_weight 0.02 / train/inv/head_objective 0.62 / train/inv/head_weight 0 / train/inv/objective 0.62 / train/inv/policy_weight_max 1 / train/inv/policy_weight_mean 1 / train/inv/policy_weight_min 1 / train/inv/policy_weight_std 0 / train/inv/valid_frac 1 / train/inv/weight 0.02 / train/loss/con 0.02 / train/loss/dyn 2.86 / train/loss/image 2.66 / train/loss/inv 0.01 / train/loss/policy -6.5e-3 / train/loss/rep 2.86 / train/loss/repval 0.87 / train/loss/rew 0.6 / train/loss/value 0.79 / replay/replay_ratio 264 / fps/policy 10.57 / fps/train 2705.96

Writing metrics: /home/zhangpeiying01/lfy/btwm-7.7/runs/btwm_dmc_walker_walk_seed0_w002_b11_1m/metrics.jsonl
Writing metrics: /home/zhangpeiying01/lfy/btwm-7.7/runs/btwm_dmc_walker_walk_seed0_w002_b11_1m/scores.jsonl

--------------------[Agent Step 311_808]--------------------
Metrics filtered by: 'score|length|fps|ratio|train/loss/|train/acc/|train/inv/|train/rand/'
train/acc/inv 0.54 / train/inv/ce 1.48 / train/inv/confidence 0.27 / train/inv/confidence_gating 0 / train/inv/effective_rep_weight 0.02 / train/inv/head_objective 0.62 / train/inv/head_weight 0 / train/inv/objective 0.62 / train/inv/policy_weight_max 1 / train/inv/policy_weight_mean 1 / train/inv/policy_weight_min 1 / train/inv/policy_weight_std 0 / train/inv/valid_frac 1 / train/inv/weight 0.02 / train/loss/con 0.02 / train/loss/dyn 2.8 / train/loss/image 2.62 / train/loss/inv 0.01 / train/loss/policy -4.7e-3 / train/loss/rep 2.8 / train/loss/repval 0.87 / train/loss/rew 0.6 / train/loss/value 0.79 / replay/replay_ratio 264 / fps/policy 10.56 / fps/train 2702.54

Writing metrics: /home/zhangpeiying01/lfy/btwm-7.7/runs/btwm_dmc_walker_walk_seed0_w002_b11_1m/metrics.jsonl
Writing metrics: /home/zhangpeiying01/lfy/btwm-7.7/runs/btwm_dmc_walker_walk_seed0_w002_b11_1m/scores.jsonl

--------------------[Agent Step 313_088]--------------------
Metrics filtered by: 'score|length|fps|ratio|train/loss/|train/acc/|train/inv/|train/rand/'
train/acc/inv 0.54 / train/inv/ce 1.48 / train/inv/confidence 0.27 / train/inv/confidence_gating 0 / train/inv/effective_rep_weight 0.02 / train/inv/head_objective 0.62 / train/inv/head_weight 0 / train/inv/objective 0.62 / train/inv/policy_weight_max 1 / train/inv/policy_weight_mean 1 / train/inv/policy_weight_min 1 / train/inv/policy_weight_std 0 / train/inv/valid_frac 1 / train/inv/weight 0.02 / train/loss/con 0.02 / train/loss/dyn 2.81 / train/loss/image 2.6 / train/loss/inv 0.01 / train/loss/policy -5.8e-3 / train/loss/rep 2.81 / train/loss/repval 0.87 / train/loss/rew 0.6 / train/loss/value 0.79 / replay/replay_ratio 264 / fps/policy 10.57 / fps/train 2705.84

Writing metrics: /home/zhangpeiying01/lfy/btwm-7.7/runs/btwm_dmc_walker_walk_seed0_w002_b11_1m/metrics.jsonl
Writing metrics: /home/zhangpeiying01/lfy/btwm-7.7/runs/btwm_dmc_walker_walk_seed0_w002_b11_1m/scores.jsonl

--------------------[Agent Step 314_368]--------------------
Metrics filtered by: 'score|length|fps|ratio|train/loss/|train/acc/|train/inv/|train/rand/'
train/acc/inv 0.54 / train/inv/ce 1.48 / train/inv/confidence 0.27 / train/inv/confidence_gating 0 / train/inv/effective_rep_weight 0.02 / train/inv/head_objective 0.62 / train/inv/head_weight 0 / train/inv/objective 0.62 / train/inv/policy_weight_max 1 / train/inv/policy_weight_mean 1 / train/inv/policy_weight_min 1 / train/inv/policy_weight_std 0 / train/inv/valid_frac 1 / train/inv/weight 0.02 / train/loss/con 0.02 / train/loss/dyn 2.83 / train/loss/image 2.63 / train/loss/inv 0.01 / train/loss/policy -6.6e-3 / train/loss/rep 2.83 / train/loss/repval 0.87 / train/loss/rew 0.6 / train/loss/value 0.79 / replay/replay_ratio 264 / fps/policy 10.56 / fps/train 2703.85

Writing metrics: /home/zhangpeiying01/lfy/btwm-7.7/runs/btwm_dmc_walker_walk_seed0_w002_b11_1m/metrics.jsonl
Writing metrics: /home/zhangpeiying01/lfy/btwm-7.7/runs/btwm_dmc_walker_walk_seed0_w002_b11_1m/scores.jsonl

--------------------[Agent Step 315_648]--------------------
Metrics filtered by: 'score|length|fps|ratio|train/loss/|train/acc/|train/inv/|train/rand/'
train/acc/inv 0.54 / train/inv/ce 1.49 / train/inv/confidence 0.27 / train/inv/confidence_gating 0 / train/inv/effective_rep_weight 0.02 / train/inv/head_objective 0.62 / train/inv/head_weight 0 / train/inv/objective 0.62 / train/inv/policy_weight_max 1 / train/inv/policy_weight_mean 1 / train/inv/policy_weight_min 1 / train/inv/policy_weight_std 0 / train/inv/valid_frac 1 / train/inv/weight 0.02 / train/loss/con 0.02 / train/loss/dyn 2.82 / train/loss/image 2.6 / train/loss/inv 0.01 / train/loss/policy -8e-3 / train/loss/rep 2.82 / train/loss/repval 0.87 / train/loss/rew 0.6 / train/loss/value 0.79 / replay/replay_ratio 264 / fps/policy 10.57 / fps/train 2705.61

Writing metrics: /home/zhangpeiying01/lfy/btwm-7.7/runs/btwm_dmc_walker_walk_seed0_w002_b11_1m/metrics.jsonl
Writing metrics: /home/zhangpeiying01/lfy/btwm-7.7/runs/btwm_dmc_walker_walk_seed0_w002_b11_1m/scores.jsonl

--------------------[Agent Step 316_928]--------------------
Metrics filtered by: 'score|length|fps|ratio|train/loss/|train/acc/|train/inv/|train/rand/'
train/acc/inv 0.54 / train/inv/ce 1.49 / train/inv/confidence 0.27 / train/inv/confidence_gating 0 / train/inv/effective_rep_weight 0.02 / train/inv/head_objective 0.62 / train/inv/head_weight 0 / train/inv/objective 0.62 / train/inv/policy_weight_max 1 / train/inv/policy_weight_mean 1 / train/inv/policy_weight_min 1 / train/inv/policy_weight_std 0 / train/inv/valid_frac 1 / train/inv/weight 0.02 / train/loss/con 0.02 / train/loss/dyn 2.83 / train/loss/image 2.59 / train/loss/inv 0.01 / train/loss/policy -6.2e-3 / train/loss/rep 2.83 / train/loss/repval 0.87 / train/loss/rew 0.61 / train/loss/value 0.79 / replay/replay_ratio 264 / fps/policy 10.57 / fps/train 2706.13

Writing metrics: /home/zhangpeiying01/lfy/btwm-7.7/runs/btwm_dmc_walker_walk_seed0_w002_b11_1m/metrics.jsonl
Writing metrics: /home/zhangpeiying01/lfy/btwm-7.7/runs/btwm_dmc_walker_walk_seed0_w002_b11_1m/scores.jsonl

--------------------[Agent Step 318_208]--------------------
Metrics filtered by: 'score|length|fps|ratio|train/loss/|train/acc/|train/inv/|train/rand/'
train/acc/inv 0.54 / train/inv/ce 1.49 / train/inv/confidence 0.27 / train/inv/confidence_gating 0 / train/inv/effective_rep_weight 0.02 / train/inv/head_objective 0.62 / train/inv/head_weight 0 / train/inv/objective 0.62 / train/inv/policy_weight_max 1 / train/inv/policy_weight_mean 1 / train/inv/policy_weight_min 1 / train/inv/policy_weight_std 0 / train/inv/valid_frac 1 / train/inv/weight 0.02 / train/loss/con 0.02 / train/loss/dyn 2.81 / train/loss/image 2.57 / train/loss/inv 0.01 / train/loss/policy -4.7e-3 / train/loss/rep 2.81 / train/loss/repval 0.86 / train/loss/rew 0.61 / train/loss/value 0.79 / replay/replay_ratio 264 / fps/policy 10.56 / fps/train 2702.32

Writing metrics: /home/zhangpeiying01/lfy/btwm-7.7/runs/btwm_dmc_walker_walk_seed0_w002_b11_1m/metrics.jsonl
Writing metrics: /home/zhangpeiying01/lfy/btwm-7.7/runs/btwm_dmc_walker_walk_seed0_w002_b11_1m/scores.jsonl

--------------------[Agent Step 319_488]--------------------
Metrics filtered by: 'score|length|fps|ratio|train/loss/|train/acc/|train/inv/|train/rand/'
train/acc/inv 0.54 / train/inv/ce 1.5 / train/inv/confidence 0.27 / train/inv/confidence_gating 0 / train/inv/effective_rep_weight 0.02 / train/inv/head_objective 0.63 / train/inv/head_weight 0 / train/inv/objective 0.63 / train/inv/policy_weight_max 1 / train/inv/policy_weight_mean 1 / train/inv/policy_weight_min 1 / train/inv/policy_weight_std 0 / train/inv/valid_frac 1 / train/inv/weight 0.02 / train/loss/con 0.02 / train/loss/dyn 2.84 / train/loss/image 2.54 / train/loss/inv 0.01 / train/loss/policy -6.3e-3 / train/loss/rep 2.84 / train/loss/repval 0.86 / train/loss/rew 0.61 / train/loss/value 0.78 / replay/replay_ratio 264 / fps/policy 10.56 / fps/train 2704.58

Writing metrics: /home/zhangpeiying01/lfy/btwm-7.7/runs/btwm_dmc_walker_walk_seed0_w002_b11_1m/metrics.jsonl
Writing metrics: /home/zhangpeiying01/lfy/btwm-7.7/runs/btwm_dmc_walker_walk_seed0_w002_b11_1m/scores.jsonl

--------------------[Agent Step 320_768]--------------------
Metrics filtered by: 'score|length|fps|ratio|train/loss/|train/acc/|train/inv/|train/rand/'
episode/score 893.29 / episode/length 1001 / train/acc/inv 0.54 / train/inv/ce 1.5 / train/inv/confidence 0.27 / train/inv/confidence_gating 0 / train/inv/effective_rep_weight 0.02 / train/inv/head_objective 0.63 / train/inv/head_weight 0 / train/inv/objective 0.63 / train/inv/policy_weight_max 1 / train/inv/policy_weight_mean 1 / train/inv/policy_weight_min 1 / train/inv/policy_weight_std 0 / train/inv/valid_frac 1 / train/inv/weight 0.02 / train/loss/con 0.02 / train/loss/dyn 2.83 / train/loss/image 2.58 / train/loss/inv 0.01 / train/loss/policy -7.9e-3 / train/loss/rep 2.83 / train/loss/repval 0.86 / train/loss/rew 0.61 / train/loss/value 0.79 / replay/replay_ratio 264 / fps/policy 10.56 / fps/train 2702.9

Writing metrics: /home/zhangpeiying01/lfy/btwm-7.7/runs/btwm_dmc_walker_walk_seed0_w002_b11_1m/metrics.jsonl
Writing metrics: /home/zhangpeiying01/lfy/btwm-7.7/runs/btwm_dmc_walker_walk_seed0_w002_b11_1m/scores.jsonl

--------------------[Agent Step 322_048]--------------------
Metrics filtered by: 'score|length|fps|ratio|train/loss/|train/acc/|train/inv/|train/rand/'
train/acc/inv 0.54 / train/inv/ce 1.51 / train/inv/confidence 0.27 / train/inv/confidence_gating 0 / train/inv/effective_rep_weight 0.02 / train/inv/head_objective 0.63 / train/inv/head_weight 0 / train/inv/objective 0.63 / train/inv/policy_weight_max 1 / train/inv/policy_weight_mean 1 / train/inv/policy_weight_min 1 / train/inv/policy_weight_std 0 / train/inv/valid_frac 1 / train/inv/weight 0.02 / train/loss/con 0.02 / train/loss/dyn 2.9 / train/loss/image 2.68 / train/loss/inv 0.01 / train/loss/policy -4.5e-3 / train/loss/rep 2.9 / train/loss/repval 0.86 / train/loss/rew 0.61 / train/loss/value 0.79 / replay/replay_ratio 264 / fps/policy 10.56 / fps/train 2704.37

Writing metrics: /home/zhangpeiying01/lfy/btwm-7.7/runs/btwm_dmc_walker_walk_seed0_w002_b11_1m/scores.jsonl
Writing metrics: /home/zhangpeiying01/lfy/btwm-7.7/runs/btwm_dmc_walker_walk_seed0_w002_b11_1m/metrics.jsonl

--------------------[Agent Step 323_328]--------------------
Metrics filtered by: 'score|length|fps|ratio|train/loss/|train/acc/|train/inv/|train/rand/'
train/acc/inv 0.54 / train/inv/ce 1.51 / train/inv/confidence 0.26 / train/inv/confidence_gating 0 / train/inv/effective_rep_weight 0.02 / train/inv/head_objective 0.63 / train/inv/head_weight 0 / train/inv/objective 0.63 / train/inv/policy_weight_max 1 / train/inv/policy_weight_mean 1 / train/inv/policy_weight_min 1 / train/inv/policy_weight_std 0 / train/inv/valid_frac 1 / train/inv/weight 0.02 / train/loss/con 0.02 / train/loss/dyn 2.85 / train/loss/image 2.61 / train/loss/inv 0.01 / train/loss/policy -7.2e-3 / train/loss/rep 2.85 / train/loss/repval 0.86 / train/loss/rew 0.61 / train/loss/value 0.79 / replay/replay_ratio 264 / fps/policy 10.57 / fps/train 2705.51

Writing metrics: /home/zhangpeiying01/lfy/btwm-7.7/runs/btwm_dmc_walker_walk_seed0_w002_b11_1m/metrics.jsonl
Writing metrics: /home/zhangpeiying01/lfy/btwm-7.7/runs/btwm_dmc_walker_walk_seed0_w002_b11_1m/scores.jsonl

--------------------[Agent Step 324_608]--------------------
Metrics filtered by: 'score|length|fps|ratio|train/loss/|train/acc/|train/inv/|train/rand/'
train/acc/inv 0.54 / train/inv/ce 1.51 / train/inv/confidence 0.26 / train/inv/confidence_gating 0 / train/inv/effective_rep_weight 0.02 / train/inv/head_objective 0.63 / train/inv/head_weight 0 / train/inv/objective 0.63 / train/inv/policy_weight_max 1 / train/inv/policy_weight_mean 1 / train/inv/policy_weight_min 1 / train/inv/policy_weight_std 0 / train/inv/valid_frac 1 / train/inv/weight 0.02 / train/loss/con 0.02 / train/loss/dyn 2.82 / train/loss/image 2.59 / train/loss/inv 0.01 / train/loss/policy -7.8e-3 / train/loss/rep 2.82 / train/loss/repval 0.86 / train/loss/rew 0.61 / train/loss/value 0.79 / replay/replay_ratio 264 / fps/policy 10.56 / fps/train 2703.68

Writing metrics: /home/zhangpeiying01/lfy/btwm-7.7/runs/btwm_dmc_walker_walk_seed0_w002_b11_1m/scores.jsonl
Writing metrics: /home/zhangpeiying01/lfy/btwm-7.7/runs/btwm_dmc_walker_walk_seed0_w002_b11_1m/metrics.jsonl

--------------------[Agent Step 325_888]--------------------
Metrics filtered by: 'score|length|fps|ratio|train/loss/|train/acc/|train/inv/|train/rand/'
train/acc/inv 0.54 / train/inv/ce 1.51 / train/inv/confidence 0.27 / train/inv/confidence_gating 0 / train/inv/effective_rep_weight 0.02 / train/inv/head_objective 0.63 / train/inv/head_weight 0 / train/inv/objective 0.63 / train/inv/policy_weight_max 1 / train/inv/policy_weight_mean 1 / train/inv/policy_weight_min 1 / train/inv/policy_weight_std 0 / train/inv/valid_frac 1 / train/inv/weight 0.02 / train/loss/con 0.02 / train/loss/dyn 2.87 / train/loss/image 2.59 / train/loss/inv 0.01 / train/loss/policy -6.3e-3 / train/loss/rep 2.87 / train/loss/repval 0.86 / train/loss/rew 0.61 / train/loss/value 0.79 / replay/replay_ratio 264 / fps/policy 10.56 / fps/train 2703.49

Writing metrics: /home/zhangpeiying01/lfy/btwm-7.7/runs/btwm_dmc_walker_walk_seed0_w002_b11_1m/metrics.jsonl
Writing metrics: /home/zhangpeiying01/lfy/btwm-7.7/runs/btwm_dmc_walker_walk_seed0_w002_b11_1m/scores.jsonl

--------------------[Agent Step 327_168]--------------------
Metrics filtered by: 'score|length|fps|ratio|train/loss/|train/acc/|train/inv/|train/rand/'
train/acc/inv 0.54 / train/inv/ce 1.51 / train/inv/confidence 0.27 / train/inv/confidence_gating 0 / train/inv/effective_rep_weight 0.02 / train/inv/head_objective 0.63 / train/inv/head_weight 0 / train/inv/objective 0.63 / train/inv/policy_weight_max 1 / train/inv/policy_weight_mean 1 / train/inv/policy_weight_min 1 / train/inv/policy_weight_std 0 / train/inv/valid_frac 1 / train/inv/weight 0.02 / train/loss/con 0.02 / train/loss/dyn 2.79 / train/loss/image 2.57 / train/loss/inv 0.01 / train/loss/policy -7.4e-4 / train/loss/rep 2.79 / train/loss/repval 0.86 / train/loss/rew 0.61 / train/loss/value 0.79 / replay/replay_ratio 264 / fps/policy 10.56 / fps/train 2702.09

Writing metrics: /home/zhangpeiying01/lfy/btwm-7.7/runs/btwm_dmc_walker_walk_seed0_w002_b11_1m/metrics.jsonl
Writing metrics: /home/zhangpeiying01/lfy/btwm-7.7/runs/btwm_dmc_walker_walk_seed0_w002_b11_1m/scores.jsonl

--------------------[Agent Step 328_448]--------------------
Metrics filtered by: 'score|length|fps|ratio|train/loss/|train/acc/|train/inv/|train/rand/'
train/acc/inv 0.54 / train/inv/ce 1.51 / train/inv/confidence 0.26 / train/inv/confidence_gating 0 / train/inv/effective_rep_weight 0.02 / train/inv/head_objective 0.63 / train/inv/head_weight 0 / train/inv/objective 0.63 / train/inv/policy_weight_max 1 / train/inv/policy_weight_mean 1 / train/inv/policy_weight_min 1 / train/inv/policy_weight_std 0 / train/inv/valid_frac 1 / train/inv/weight 0.02 / train/loss/con 0.02 / train/loss/dyn 2.82 / train/loss/image 2.57 / train/loss/inv 0.01 / train/loss/policy -5.5e-3 / train/loss/rep 2.82 / train/loss/repval 0.86 / train/loss/rew 0.61 / train/loss/value 0.78 / replay/replay_ratio 264 / fps/policy 10.57 / fps/train 2704.98

Writing metrics: /home/zhangpeiying01/lfy/btwm-7.7/runs/btwm_dmc_walker_walk_seed0_w002_b11_1m/metrics.jsonl
Writing metrics: /home/zhangpeiying01/lfy/btwm-7.7/runs/btwm_dmc_walker_walk_seed0_w002_b11_1m/scores.jsonl

--------------------[Agent Step 329_728]--------------------
Metrics filtered by: 'score|length|fps|ratio|train/loss/|train/acc/|train/inv/|train/rand/'
train/acc/inv 0.54 / train/inv/ce 1.52 / train/inv/confidence 0.26 / train/inv/confidence_gating 0 / train/inv/effective_rep_weight 0.02 / train/inv/head_objective 0.63 / train/inv/head_weight 0 / train/inv/objective 0.63 / train/inv/policy_weight_max 1 / train/inv/policy_weight_mean 1 / train/inv/policy_weight_min 1 / train/inv/policy_weight_std 0 / train/inv/valid_frac 1 / train/inv/weight 0.02 / train/loss/con 0.02 / train/loss/dyn 2.86 / train/loss/image 2.56 / train/loss/inv 0.01 / train/loss/policy -9.8e-3 / train/loss/rep 2.86 / train/loss/repval 0.85 / train/loss/rew 0.61 / train/loss/value 0.78 / replay/replay_ratio 264 / fps/policy 10.58 / fps/train 2707.21

Writing metrics: /home/zhangpeiying01/lfy/btwm-7.7/runs/btwm_dmc_walker_walk_seed0_w002_b11_1m/metrics.jsonl
Writing metrics: /home/zhangpeiying01/lfy/btwm-7.7/runs/btwm_dmc_walker_walk_seed0_w002_b11_1m/scores.jsonl

--------------------[Agent Step 331_008]--------------------
Metrics filtered by: 'score|length|fps|ratio|train/loss/|train/acc/|train/inv/|train/rand/'
train/acc/inv 0.54 / train/inv/ce 1.52 / train/inv/confidence 0.26 / train/inv/confidence_gating 0 / train/inv/effective_rep_weight 0.02 / train/inv/head_objective 0.63 / train/inv/head_weight 0 / train/inv/objective 0.63 / train/inv/policy_weight_max 1 / train/inv/policy_weight_mean 1 / train/inv/policy_weight_min 1 / train/inv/policy_weight_std 0 / train/inv/valid_frac 1 / train/inv/weight 0.02 / train/loss/con 0.02 / train/loss/dyn 2.8 / train/loss/image 2.55 / train/loss/inv 0.01 / train/loss/policy -9.1e-3 / train/loss/rep 2.8 / train/loss/repval 0.85 / train/loss/rew 0.61 / train/loss/value 0.78 / replay/replay_ratio 264 / fps/policy 10.56 / fps/train 2703.86

Writing metrics: /home/zhangpeiying01/lfy/btwm-7.7/runs/btwm_dmc_walker_walk_seed0_w002_b11_1m/metrics.jsonl
Writing metrics: /home/zhangpeiying01/lfy/btwm-7.7/runs/btwm_dmc_walker_walk_seed0_w002_b11_1m/scores.jsonl

--------------------[Agent Step 332_288]--------------------
Metrics filtered by: 'score|length|fps|ratio|train/loss/|train/acc/|train/inv/|train/rand/'
train/acc/inv 0.53 / train/inv/ce 1.52 / train/inv/confidence 0.26 / train/inv/confidence_gating 0 / train/inv/effective_rep_weight 0.02 / train/inv/head_objective 0.63 / train/inv/head_weight 0 / train/inv/objective 0.63 / train/inv/policy_weight_max 1 / train/inv/policy_weight_mean 1 / train/inv/policy_weight_min 1 / train/inv/policy_weight_std 0 / train/inv/valid_frac 1 / train/inv/weight 0.02 / train/loss/con 0.02 / train/loss/dyn 2.83 / train/loss/image 2.52 / train/loss/inv 0.01 / train/loss/policy -0.01 / train/loss/rep 2.83 / train/loss/repval 0.84 / train/loss/rew 0.61 / train/loss/value 0.77 / replay/replay_ratio 264 / fps/policy 10.57 / fps/train 2705.63

Writing metrics: /home/zhangpeiying01/lfy/btwm-7.7/runs/btwm_dmc_walker_walk_seed0_w002_b11_1m/metrics.jsonl
Writing metrics: /home/zhangpeiying01/lfy/btwm-7.7/runs/btwm_dmc_walker_walk_seed0_w002_b11_1m/scores.jsonl

--------------------[Agent Step 333_568]--------------------
Metrics filtered by: 'score|length|fps|ratio|train/loss/|train/acc/|train/inv/|train/rand/'
train/acc/inv 0.54 / train/inv/ce 1.52 / train/inv/confidence 0.26 / train/inv/confidence_gating 0 / train/inv/effective_rep_weight 0.02 / train/inv/head_objective 0.63 / train/inv/head_weight 0 / train/inv/objective 0.63 / train/inv/policy_weight_max 1 / train/inv/policy_weight_mean 1 / train/inv/policy_weight_min 1 / train/inv/policy_weight_std 0 / train/inv/valid_frac 1 / train/inv/weight 0.02 / train/loss/con 0.02 / train/loss/dyn 2.82 / train/loss/image 2.52 / train/loss/inv 0.01 / train/loss/policy -0.01 / train/loss/rep 2.82 / train/loss/repval 0.85 / train/loss/rew 0.61 / train/loss/value 0.78 / replay/replay_ratio 264 / fps/policy 10.56 / fps/train 2703.03

Writing metrics: /home/zhangpeiying01/lfy/btwm-7.7/runs/btwm_dmc_walker_walk_seed0_w002_b11_1m/metrics.jsonl
Writing metrics: /home/zhangpeiying01/lfy/btwm-7.7/runs/btwm_dmc_walker_walk_seed0_w002_b11_1m/scores.jsonl

--------------------[Agent Step 334_848]--------------------
Metrics filtered by: 'score|length|fps|ratio|train/loss/|train/acc/|train/inv/|train/rand/'
train/acc/inv 0.54 / train/inv/ce 1.52 / train/inv/confidence 0.26 / train/inv/confidence_gating 0 / train/inv/effective_rep_weight 0.02 / train/inv/head_objective 0.63 / train/inv/head_weight 0 / train/inv/objective 0.63 / train/inv/policy_weight_max 1 / train/inv/policy_weight_mean 1 / train/inv/policy_weight_min 1 / train/inv/policy_weight_std 0 / train/inv/valid_frac 1 / train/inv/weight 0.02 / train/loss/con 0.02 / train/loss/dyn 2.83 / train/loss/image 2.54 / train/loss/inv 0.01 / train/loss/policy -7.8e-3 / train/loss/rep 2.83 / train/loss/repval 0.85 / train/loss/rew 0.61 / train/loss/value 0.78 / replay/replay_ratio 264 / fps/policy 10.56 / fps/train 2704.47

Writing metrics: /home/zhangpeiying01/lfy/btwm-7.7/runs/btwm_dmc_walker_walk_seed0_w002_b11_1m/metrics.jsonl
Writing metrics: /home/zhangpeiying01/lfy/btwm-7.7/runs/btwm_dmc_walker_walk_seed0_w002_b11_1m/scores.jsonl

--------------------[Agent Step 336_128]--------------------
Metrics filtered by: 'score|length|fps|ratio|train/loss/|train/acc/|train/inv/|train/rand/'
train/acc/inv 0.54 / train/inv/ce 1.52 / train/inv/confidence 0.26 / train/inv/confidence_gating 0 / train/inv/effective_rep_weight 0.02 / train/inv/head_objective 0.63 / train/inv/head_weight 0 / train/inv/objective 0.63 / train/inv/policy_weight_max 1 / train/inv/policy_weight_mean 1 / train/inv/policy_weight_min 1 / train/inv/policy_weight_std 0 / train/inv/valid_frac 1 / train/inv/weight 0.02 / train/loss/con 0.02 / train/loss/dyn 2.8 / train/loss/image 2.5 / train/loss/inv 0.01 / train/loss/policy -5.1e-3 / train/loss/rep 2.8 / train/loss/repval 0.85 / train/loss/rew 0.61 / train/loss/value 0.78 / replay/replay_ratio 264 / fps/policy 10.57 / fps/train 2706.12

Writing metrics: /home/zhangpeiying01/lfy/btwm-7.7/runs/btwm_dmc_walker_walk_seed0_w002_b11_1m/scores.jsonl
Writing metrics: /home/zhangpeiying01/lfy/btwm-7.7/runs/btwm_dmc_walker_walk_seed0_w002_b11_1m/metrics.jsonl

--------------------[Agent Step 337_408]--------------------
Metrics filtered by: 'score|length|fps|ratio|train/loss/|train/acc/|train/inv/|train/rand/'
episode/score 938.84 / episode/length 1001 / train/acc/inv 0.54 / train/inv/ce 1.52 / train/inv/confidence 0.26 / train/inv/confidence_gating 0 / train/inv/effective_rep_weight 0.02 / train/inv/head_objective 0.64 / train/inv/head_weight 0 / train/inv/objective 0.64 / train/inv/policy_weight_max 1 / train/inv/policy_weight_mean 1 / train/inv/policy_weight_min 1 / train/inv/policy_weight_std 0 / train/inv/valid_frac 1 / train/inv/weight 0.02 / train/loss/con 0.02 / train/loss/dyn 2.93 / train/loss/image 2.6 / train/loss/inv 0.01 / train/loss/policy 1.7e-3 / train/loss/rep 2.93 / train/loss/repval 0.85 / train/loss/rew 0.61 / train/loss/value 0.79 / replay/replay_ratio 264 / fps/policy 10.56 / fps/train 2703.51

Writing metrics: /home/zhangpeiying01/lfy/btwm-7.7/runs/btwm_dmc_walker_walk_seed0_w002_b11_1m/metrics.jsonl
Writing metrics: /home/zhangpeiying01/lfy/btwm-7.7/runs/btwm_dmc_walker_walk_seed0_w002_b11_1m/scores.jsonl

--------------------[Agent Step 338_688]--------------------
Metrics filtered by: 'score|length|fps|ratio|train/loss/|train/acc/|train/inv/|train/rand/'
train/acc/inv 0.53 / train/inv/ce 1.53 / train/inv/confidence 0.26 / train/inv/confidence_gating 0 / train/inv/effective_rep_weight 0.02 / train/inv/head_objective 0.64 / train/inv/head_weight 0 / train/inv/objective 0.64 / train/inv/policy_weight_max 1 / train/inv/policy_weight_mean 1 / train/inv/policy_weight_min 1 / train/inv/policy_weight_std 0 / train/inv/valid_frac 1 / train/inv/weight 0.02 / train/loss/con 0.02 / train/loss/dyn 2.82 / train/loss/image 2.53 / train/loss/inv 0.01 / train/loss/policy -1.2e-3 / train/loss/rep 2.82 / train/loss/repval 0.84 / train/loss/rew 0.61 / train/loss/value 0.78 / replay/replay_ratio 264 / fps/policy 10.57 / fps/train 2706.4

Writing metrics: /home/zhangpeiying01/lfy/btwm-7.7/runs/btwm_dmc_walker_walk_seed0_w002_b11_1m/metrics.jsonl
Writing metrics: /home/zhangpeiying01/lfy/btwm-7.7/runs/btwm_dmc_walker_walk_seed0_w002_b11_1m/scores.jsonl
Saving checkpoint: /home/zhangpeiying01/lfy/btwm-7.7/runs/btwm_dmc_walker_walk_seed0_w002_b11_1m/ckpt/20260713T064409F601912
Saved checkpoint.

--------------------[Agent Step 339_920]--------------------
Metrics filtered by: 'score|length|fps|ratio|train/loss/|train/acc/|train/inv/|train/rand/'
train/acc/inv 0.53 / train/inv/ce 1.53 / train/inv/confidence 0.26 / train/inv/confidence_gating 0 / train/inv/effective_rep_weight 0.02 / train/inv/head_objective 0.64 / train/inv/head_weight 0 / train/inv/objective 0.64 / train/inv/policy_weight_max 1 / train/inv/policy_weight_mean 1 / train/inv/policy_weight_min 1 / train/inv/policy_weight_std 0 / train/inv/valid_frac 1 / train/inv/weight 0.02 / train/loss/con 0.02 / train/loss/dyn 2.79 / train/loss/image 2.5 / train/loss/inv 0.01 / train/loss/policy 1.2e-3 / train/loss/rep 2.79 / train/loss/repval 0.84 / train/loss/rew 0.61 / train/loss/value 0.78 / replay/replay_ratio 264 / fps/policy 10.26 / fps/train 2626.43

Writing metrics: /home/zhangpeiying01/lfy/btwm-7.7/runs/btwm_dmc_walker_walk_seed0_w002_b11_1m/metrics.jsonl
Writing metrics: /home/zhangpeiying01/lfy/btwm-7.7/runs/btwm_dmc_walker_walk_seed0_w002_b11_1m/scores.jsonl

--------------------[Agent Step 341_200]--------------------
Metrics filtered by: 'score|length|fps|ratio|train/loss/|train/acc/|train/inv/|train/rand/'
train/acc/inv 0.53 / train/inv/ce 1.53 / train/inv/confidence 0.26 / train/inv/confidence_gating 0 / train/inv/effective_rep_weight 0.02 / train/inv/head_objective 0.64 / train/inv/head_weight 0 / train/inv/objective 0.64 / train/inv/policy_weight_max 1 / train/inv/policy_weight_mean 1 / train/inv/policy_weight_min 1 / train/inv/policy_weight_std 0 / train/inv/valid_frac 1 / train/inv/weight 0.02 / train/loss/con 0.02 / train/loss/dyn 2.83 / train/loss/image 2.53 / train/loss/inv 0.01 / train/loss/policy 7.9e-4 / train/loss/rep 2.83 / train/loss/repval 0.84 / train/loss/rew 0.61 / train/loss/value 0.78 / replay/replay_ratio 264 / fps/policy 10.57 / fps/train 2706.56

Writing metrics: /home/zhangpeiying01/lfy/btwm-7.7/runs/btwm_dmc_walker_walk_seed0_w002_b11_1m/scores.jsonl
Writing metrics: /home/zhangpeiying01/lfy/btwm-7.7/runs/btwm_dmc_walker_walk_seed0_w002_b11_1m/metrics.jsonl

--------------------[Agent Step 342_480]--------------------
Metrics filtered by: 'score|length|fps|ratio|train/loss/|train/acc/|train/inv/|train/rand/'
train/acc/inv 0.53 / train/inv/ce 1.53 / train/inv/confidence 0.26 / train/inv/confidence_gating 0 / train/inv/effective_rep_weight 0.02 / train/inv/head_objective 0.64 / train/inv/head_weight 0 / train/inv/objective 0.64 / train/inv/policy_weight_max 1 / train/inv/policy_weight_mean 1 / train/inv/policy_weight_min 1 / train/inv/policy_weight_std 0 / train/inv/valid_frac 1 / train/inv/weight 0.02 / train/loss/con 0.02 / train/loss/dyn 2.81 / train/loss/image 2.51 / train/loss/inv 0.01 / train/loss/policy -6.3e-4 / train/loss/rep 2.81 / train/loss/repval 0.84 / train/loss/rew 0.61 / train/loss/value 0.78 / replay/replay_ratio 264 / fps/policy 10.57 / fps/train 2706.74

Writing metrics: /home/zhangpeiying01/lfy/btwm-7.7/runs/btwm_dmc_walker_walk_seed0_w002_b11_1m/metrics.jsonl
Writing metrics: /home/zhangpeiying01/lfy/btwm-7.7/runs/btwm_dmc_walker_walk_seed0_w002_b11_1m/scores.jsonl

--------------------[Agent Step 343_760]--------------------
Metrics filtered by: 'score|length|fps|ratio|train/loss/|train/acc/|train/inv/|train/rand/'
train/acc/inv 0.53 / train/inv/ce 1.54 / train/inv/confidence 0.26 / train/inv/confidence_gating 0 / train/inv/effective_rep_weight 0.02 / train/inv/head_objective 0.64 / train/inv/head_weight 0 / train/inv/objective 0.64 / train/inv/policy_weight_max 1 / train/inv/policy_weight_mean 1 / train/inv/policy_weight_min 1 / train/inv/policy_weight_std 0 / train/inv/valid_frac 1 / train/inv/weight 0.02 / train/loss/con 0.02 / train/loss/dyn 2.8 / train/loss/image 2.47 / train/loss/inv 0.01 / train/loss/policy -1.3e-3 / train/loss/rep 2.8 / train/loss/repval 0.84 / train/loss/rew 0.62 / train/loss/value 0.77 / replay/replay_ratio 264 / fps/policy 10.56 / fps/train 2703.18

Writing metrics: /home/zhangpeiying01/lfy/btwm-7.7/runs/btwm_dmc_walker_walk_seed0_w002_b11_1m/metrics.jsonl
Writing metrics: /home/zhangpeiying01/lfy/btwm-7.7/runs/btwm_dmc_walker_walk_seed0_w002_b11_1m/scores.jsonl

--------------------[Agent Step 345_040]--------------------
Metrics filtered by: 'score|length|fps|ratio|train/loss/|train/acc/|train/inv/|train/rand/'
train/acc/inv 0.53 / train/inv/ce 1.53 / train/inv/confidence 0.26 / train/inv/confidence_gating 0 / train/inv/effective_rep_weight 0.02 / train/inv/head_objective 0.64 / train/inv/head_weight 0 / train/inv/objective 0.64 / train/inv/policy_weight_max 1 / train/inv/policy_weight_mean 1 / train/inv/policy_weight_min 1 / train/inv/policy_weight_std 0 / train/inv/valid_frac 1 / train/inv/weight 0.02 / train/loss/con 0.02 / train/loss/dyn 2.82 / train/loss/image 2.49 / train/loss/inv 0.01 / train/loss/policy -1.6e-3 / train/loss/rep 2.82 / train/loss/repval 0.83 / train/loss/rew 0.61 / train/loss/value 0.77 / replay/replay_ratio 264 / fps/policy 10.57 / fps/train 2705.3

Writing metrics: /home/zhangpeiying01/lfy/btwm-7.7/runs/btwm_dmc_walker_walk_seed0_w002_b11_1m/scores.jsonl
Writing metrics: /home/zhangpeiying01/lfy/btwm-7.7/runs/btwm_dmc_walker_walk_seed0_w002_b11_1m/metrics.jsonl

--------------------[Agent Step 346_320]--------------------
Metrics filtered by: 'score|length|fps|ratio|train/loss/|train/acc/|train/inv/|train/rand/'
train/acc/inv 0.53 / train/inv/ce 1.53 / train/inv/confidence 0.26 / train/inv/confidence_gating 0 / train/inv/effective_rep_weight 0.02 / train/inv/head_objective 0.64 / train/inv/head_weight 0 / train/inv/objective 0.64 / train/inv/policy_weight_max 1 / train/inv/policy_weight_mean 1 / train/inv/policy_weight_min 1 / train/inv/policy_weight_std 0 / train/inv/valid_frac 1 / train/inv/weight 0.02 / train/loss/con 0.02 / train/loss/dyn 2.81 / train/loss/image 2.47 / train/loss/inv 0.01 / train/loss/policy -4.3e-3 / train/loss/rep 2.81 / train/loss/repval 0.83 / train/loss/rew 0.61 / train/loss/value 0.77 / replay/replay_ratio 264 / fps/policy 10.56 / fps/train 2702.39

Writing metrics: /home/zhangpeiying01/lfy/btwm-7.7/runs/btwm_dmc_walker_walk_seed0_w002_b11_1m/metrics.jsonl
Writing metrics: /home/zhangpeiying01/lfy/btwm-7.7/runs/btwm_dmc_walker_walk_seed0_w002_b11_1m/scores.jsonl

--------------------[Agent Step 347_600]--------------------
Metrics filtered by: 'score|length|fps|ratio|train/loss/|train/acc/|train/inv/|train/rand/'
train/acc/inv 0.53 / train/inv/ce 1.54 / train/inv/confidence 0.26 / train/inv/confidence_gating 0 / train/inv/effective_rep_weight 0.02 / train/inv/head_objective 0.64 / train/inv/head_weight 0 / train/inv/objective 0.64 / train/inv/policy_weight_max 1 / train/inv/policy_weight_mean 1 / train/inv/policy_weight_min 1 / train/inv/policy_weight_std 0 / train/inv/valid_frac 1 / train/inv/weight 0.02 / train/loss/con 0.02 / train/loss/dyn 2.85 / train/loss/image 2.48 / train/loss/inv 0.01 / train/loss/policy -3.8e-3 / train/loss/rep 2.85 / train/loss/repval 0.84 / train/loss/rew 0.62 / train/loss/value 0.77 / replay/replay_ratio 264 / fps/policy 10.57 / fps/train 2705.29

Writing metrics: /home/zhangpeiying01/lfy/btwm-7.7/runs/btwm_dmc_walker_walk_seed0_w002_b11_1m/metrics.jsonl
Writing metrics: /home/zhangpeiying01/lfy/btwm-7.7/runs/btwm_dmc_walker_walk_seed0_w002_b11_1m/scores.jsonl

--------------------[Agent Step 348_880]--------------------
Metrics filtered by: 'score|length|fps|ratio|train/loss/|train/acc/|train/inv/|train/rand/'
train/acc/inv 0.54 / train/inv/ce 1.53 / train/inv/confidence 0.26 / train/inv/confidence_gating 0 / train/inv/effective_rep_weight 0.02 / train/inv/head_objective 0.64 / train/inv/head_weight 0 / train/inv/objective 0.64 / train/inv/policy_weight_max 1 / train/inv/policy_weight_mean 1 / train/inv/policy_weight_min 1 / train/inv/policy_weight_std 0 / train/inv/valid_frac 1 / train/inv/weight 0.02 / train/loss/con 0.02 / train/loss/dyn 2.8 / train/loss/image 2.49 / train/loss/inv 0.01 / train/loss/policy -5.1e-3 / train/loss/rep 2.8 / train/loss/repval 0.84 / train/loss/rew 0.61 / train/loss/value 0.77 / replay/replay_ratio 264 / fps/policy 10.57 / fps/train 2706.53

Writing metrics: /home/zhangpeiying01/lfy/btwm-7.7/runs/btwm_dmc_walker_walk_seed0_w002_b11_1m/metrics.jsonl
Writing metrics: /home/zhangpeiying01/lfy/btwm-7.7/runs/btwm_dmc_walker_walk_seed0_w002_b11_1m/scores.jsonl

--------------------[Agent Step 350_160]--------------------
Metrics filtered by: 'score|length|fps|ratio|train/loss/|train/acc/|train/inv/|train/rand/'
train/acc/inv 0.53 / train/inv/ce 1.54 / train/inv/confidence 0.26 / train/inv/confidence_gating 0 / train/inv/effective_rep_weight 0.02 / train/inv/head_objective 0.64 / train/inv/head_weight 0 / train/inv/objective 0.64 / train/inv/policy_weight_max 1 / train/inv/policy_weight_mean 1 / train/inv/policy_weight_min 1 / train/inv/policy_weight_std 0 / train/inv/valid_frac 1 / train/inv/weight 0.02 / train/loss/con 0.02 / train/loss/dyn 2.86 / train/loss/image 2.48 / train/loss/inv 0.01 / train/loss/policy -3.2e-3 / train/loss/rep 2.86 / train/loss/repval 0.83 / train/loss/rew 0.62 / train/loss/value 0.77 / replay/replay_ratio 264 / fps/policy 10.56 / fps/train 2703.61

Writing metrics: /home/zhangpeiying01/lfy/btwm-7.7/runs/btwm_dmc_walker_walk_seed0_w002_b11_1m/scores.jsonl
Writing metrics: /home/zhangpeiying01/lfy/btwm-7.7/runs/btwm_dmc_walker_walk_seed0_w002_b11_1m/metrics.jsonl

--------------------[Agent Step 351_440]--------------------
Metrics filtered by: 'score|length|fps|ratio|train/loss/|train/acc/|train/inv/|train/rand/'
train/acc/inv 0.53 / train/inv/ce 1.54 / train/inv/confidence 0.26 / train/inv/confidence_gating 0 / train/inv/effective_rep_weight 0.02 / train/inv/head_objective 0.64 / train/inv/head_weight 0 / train/inv/objective 0.64 / train/inv/policy_weight_max 1 / train/inv/policy_weight_mean 1 / train/inv/policy_weight_min 1 / train/inv/policy_weight_std 0 / train/inv/valid_frac 1 / train/inv/weight 0.02 / train/loss/con 0.02 / train/loss/dyn 2.79 / train/loss/image 2.46 / train/loss/inv 0.01 / train/loss/policy -5.3e-3 / train/loss/rep 2.79 / train/loss/repval 0.83 / train/loss/rew 0.62 / train/loss/value 0.77 / replay/replay_ratio 264 / fps/policy 10.57 / fps/train 2706.38

Writing metrics: /home/zhangpeiying01/lfy/btwm-7.7/runs/btwm_dmc_walker_walk_seed0_w002_b11_1m/metrics.jsonl
Writing metrics: /home/zhangpeiying01/lfy/btwm-7.7/runs/btwm_dmc_walker_walk_seed0_w002_b11_1m/scores.jsonl

--------------------[Agent Step 352_720]--------------------
Metrics filtered by: 'score|length|fps|ratio|train/loss/|train/acc/|train/inv/|train/rand/'
episode/score 959.98 / episode/length 1001 / train/acc/inv 0.53 / train/inv/ce 1.54 / train/inv/confidence 0.26 / train/inv/confidence_gating 0 / train/inv/effective_rep_weight 0.02 / train/inv/head_objective 0.64 / train/inv/head_weight 0 / train/inv/objective 0.64 / train/inv/policy_weight_max 1 / train/inv/policy_weight_mean 1 / train/inv/policy_weight_min 1 / train/inv/policy_weight_std 0 / train/inv/valid_frac 1 / train/inv/weight 0.02 / train/loss/con 0.02 / train/loss/dyn 2.86 / train/loss/image 2.51 / train/loss/inv 0.01 / train/loss/policy -7.1e-3 / train/loss/rep 2.86 / train/loss/repval 0.83 / train/loss/rew 0.62 / train/loss/value 0.77 / replay/replay_ratio 264 / fps/policy 10.56 / fps/train 2703.09

Writing metrics: /home/zhangpeiying01/lfy/btwm-7.7/runs/btwm_dmc_walker_walk_seed0_w002_b11_1m/metrics.jsonl
Writing metrics: /home/zhangpeiying01/lfy/btwm-7.7/runs/btwm_dmc_walker_walk_seed0_w002_b11_1m/scores.jsonl

--------------------[Agent Step 354_000]--------------------
Metrics filtered by: 'score|length|fps|ratio|train/loss/|train/acc/|train/inv/|train/rand/'
train/acc/inv 0.53 / train/inv/ce 1.55 / train/inv/confidence 0.25 / train/inv/confidence_gating 0 / train/inv/effective_rep_weight 0.02 / train/inv/head_objective 0.65 / train/inv/head_weight 0 / train/inv/objective 0.65 / train/inv/policy_weight_max 1 / train/inv/policy_weight_mean 1 / train/inv/policy_weight_min 1 / train/inv/policy_weight_std 0 / train/inv/valid_frac 1 / train/inv/weight 0.02 / train/loss/con 0.02 / train/loss/dyn 2.88 / train/loss/image 2.54 / train/loss/inv 0.01 / train/loss/policy -6.1e-3 / train/loss/rep 2.88 / train/loss/repval 0.83 / train/loss/rew 0.62 / train/loss/value 0.77 / replay/replay_ratio 264 / fps/policy 10.57 / fps/train 2705.89

Writing metrics: /home/zhangpeiying01/lfy/btwm-7.7/runs/btwm_dmc_walker_walk_seed0_w002_b11_1m/metrics.jsonl
Writing metrics: /home/zhangpeiying01/lfy/btwm-7.7/runs/btwm_dmc_walker_walk_seed0_w002_b11_1m/scores.jsonl

--------------------[Agent Step 355_280]--------------------
Metrics filtered by: 'score|length|fps|ratio|train/loss/|train/acc/|train/inv/|train/rand/'
train/acc/inv 0.53 / train/inv/ce 1.55 / train/inv/confidence 0.25 / train/inv/confidence_gating 0 / train/inv/effective_rep_weight 0.02 / train/inv/head_objective 0.65 / train/inv/head_weight 0 / train/inv/objective 0.65 / train/inv/policy_weight_max 1 / train/inv/policy_weight_mean 1 / train/inv/policy_weight_min 1 / train/inv/policy_weight_std 0 / train/inv/valid_frac 1 / train/inv/weight 0.02 / train/loss/con 0.02 / train/loss/dyn 2.81 / train/loss/image 2.48 / train/loss/inv 0.01 / train/loss/policy -7.3e-3 / train/loss/rep 2.81 / train/loss/repval 0.82 / train/loss/rew 0.62 / train/loss/value 0.77 / replay/replay_ratio 264 / fps/policy 10.57 / fps/train 2705.9

Writing metrics: /home/zhangpeiying01/lfy/btwm-7.7/runs/btwm_dmc_walker_walk_seed0_w002_b11_1m/metrics.jsonl
Writing metrics: /home/zhangpeiying01/lfy/btwm-7.7/runs/btwm_dmc_walker_walk_seed0_w002_b11_1m/scores.jsonl

--------------------[Agent Step 356_560]--------------------
Metrics filtered by: 'score|length|fps|ratio|train/loss/|train/acc/|train/inv/|train/rand/'
train/acc/inv 0.53 / train/inv/ce 1.55 / train/inv/confidence 0.25 / train/inv/confidence_gating 0 / train/inv/effective_rep_weight 0.02 / train/inv/head_objective 0.65 / train/inv/head_weight 0 / train/inv/objective 0.65 / train/inv/policy_weight_max 1 / train/inv/policy_weight_mean 1 / train/inv/policy_weight_min 1 / train/inv/policy_weight_std 0 / train/inv/valid_frac 1 / train/inv/weight 0.02 / train/loss/con 0.02 / train/loss/dyn 2.8 / train/loss/image 2.45 / train/loss/inv 0.01 / train/loss/policy -8.9e-3 / train/loss/rep 2.8 / train/loss/repval 0.83 / train/loss/rew 0.62 / train/loss/value 0.77 / replay/replay_ratio 264 / fps/policy 10.56 / fps/train 2704.51

Writing metrics: /home/zhangpeiying01/lfy/btwm-7.7/runs/btwm_dmc_walker_walk_seed0_w002_b11_1m/metrics.jsonl
Writing metrics: /home/zhangpeiying01/lfy/btwm-7.7/runs/btwm_dmc_walker_walk_seed0_w002_b11_1m/scores.jsonl

--------------------[Agent Step 357_840]--------------------
Metrics filtered by: 'score|length|fps|ratio|train/loss/|train/acc/|train/inv/|train/rand/'
train/acc/inv 0.53 / train/inv/ce 1.55 / train/inv/confidence 0.25 / train/inv/confidence_gating 0 / train/inv/effective_rep_weight 0.02 / train/inv/head_objective 0.65 / train/inv/head_weight 0 / train/inv/objective 0.65 / train/inv/policy_weight_max 1 / train/inv/policy_weight_mean 1 / train/inv/policy_weight_min 1 / train/inv/policy_weight_std 0 / train/inv/valid_frac 1 / train/inv/weight 0.02 / train/loss/con 0.02 / train/loss/dyn 2.79 / train/loss/image 2.44 / train/loss/inv 0.01 / train/loss/policy -5e-3 / train/loss/rep 2.79 / train/loss/repval 0.82 / train/loss/rew 0.62 / train/loss/value 0.76 / replay/replay_ratio 264 / fps/policy 10.57 / fps/train 2706.03

Writing metrics: /home/zhangpeiying01/lfy/btwm-7.7/runs/btwm_dmc_walker_walk_seed0_w002_b11_1m/metrics.jsonl
Writing metrics: /home/zhangpeiying01/lfy/btwm-7.7/runs/btwm_dmc_walker_walk_seed0_w002_b11_1m/scores.jsonl

--------------------[Agent Step 359_120]--------------------
Metrics filtered by: 'score|length|fps|ratio|train/loss/|train/acc/|train/inv/|train/rand/'
train/acc/inv 0.53 / train/inv/ce 1.55 / train/inv/confidence 0.25 / train/inv/confidence_gating 0 / train/inv/effective_rep_weight 0.02 / train/inv/head_objective 0.65 / train/inv/head_weight 0 / train/inv/objective 0.65 / train/inv/policy_weight_max 1 / train/inv/policy_weight_mean 1 / train/inv/policy_weight_min 1 / train/inv/policy_weight_std 0 / train/inv/valid_frac 1 / train/inv/weight 0.02 / train/loss/con 0.02 / train/loss/dyn 2.83 / train/loss/image 2.45 / train/loss/inv 0.01 / train/loss/policy -9.3e-3 / train/loss/rep 2.83 / train/loss/repval 0.82 / train/loss/rew 0.62 / train/loss/value 0.76 / replay/replay_ratio 264 / fps/policy 10.56 / fps/train 2704.1

Writing metrics: /home/zhangpeiying01/lfy/btwm-7.7/runs/btwm_dmc_walker_walk_seed0_w002_b11_1m/metrics.jsonl
Writing metrics: /home/zhangpeiying01/lfy/btwm-7.7/runs/btwm_dmc_walker_walk_seed0_w002_b11_1m/scores.jsonl

--------------------[Agent Step 360_400]--------------------
Metrics filtered by: 'score|length|fps|ratio|train/loss/|train/acc/|train/inv/|train/rand/'
train/acc/inv 0.53 / train/inv/ce 1.55 / train/inv/confidence 0.25 / train/inv/confidence_gating 0 / train/inv/effective_rep_weight 0.02 / train/inv/head_objective 0.65 / train/inv/head_weight 0 / train/inv/objective 0.65 / train/inv/policy_weight_max 1 / train/inv/policy_weight_mean 1 / train/inv/policy_weight_min 1 / train/inv/policy_weight_std 0 / train/inv/valid_frac 1 / train/inv/weight 0.02 / train/loss/con 0.02 / train/loss/dyn 2.78 / train/loss/image 2.42 / train/loss/inv 0.01 / train/loss/policy -8.6e-3 / train/loss/rep 2.78 / train/loss/repval 0.82 / train/loss/rew 0.62 / train/loss/value 0.76 / replay/replay_ratio 264 / fps/policy 10.57 / fps/train 2705.54

Writing metrics: /home/zhangpeiying01/lfy/btwm-7.7/runs/btwm_dmc_walker_walk_seed0_w002_b11_1m/metrics.jsonl
Writing metrics: /home/zhangpeiying01/lfy/btwm-7.7/runs/btwm_dmc_walker_walk_seed0_w002_b11_1m/scores.jsonl

--------------------[Agent Step 361_680]--------------------
Metrics filtered by: 'score|length|fps|ratio|train/loss/|train/acc/|train/inv/|train/rand/'
train/acc/inv 0.53 / train/inv/ce 1.55 / train/inv/confidence 0.25 / train/inv/confidence_gating 0 / train/inv/effective_rep_weight 0.02 / train/inv/head_objective 0.65 / train/inv/head_weight 0 / train/inv/objective 0.65 / train/inv/policy_weight_max 1 / train/inv/policy_weight_mean 1 / train/inv/policy_weight_min 1 / train/inv/policy_weight_std 0 / train/inv/valid_frac 1 / train/inv/weight 0.02 / train/loss/con 0.02 / train/loss/dyn 2.81 / train/loss/image 2.43 / train/loss/inv 0.01 / train/loss/policy -7.4e-3 / train/loss/rep 2.81 / train/loss/repval 0.83 / train/loss/rew 0.62 / train/loss/value 0.77 / replay/replay_ratio 264 / fps/policy 10.57 / fps/train 2706.72

Writing metrics: /home/zhangpeiying01/lfy/btwm-7.7/runs/btwm_dmc_walker_walk_seed0_w002_b11_1m/metrics.jsonl
Writing metrics: /home/zhangpeiying01/lfy/btwm-7.7/runs/btwm_dmc_walker_walk_seed0_w002_b11_1m/scores.jsonl

--------------------[Agent Step 362_960]--------------------
Metrics filtered by: 'score|length|fps|ratio|train/loss/|train/acc/|train/inv/|train/rand/'
train/acc/inv 0.53 / train/inv/ce 1.56 / train/inv/confidence 0.25 / train/inv/confidence_gating 0 / train/inv/effective_rep_weight 0.02 / train/inv/head_objective 0.65 / train/inv/head_weight 0 / train/inv/objective 0.65 / train/inv/policy_weight_max 1 / train/inv/policy_weight_mean 1 / train/inv/policy_weight_min 1 / train/inv/policy_weight_std 0 / train/inv/valid_frac 1 / train/inv/weight 0.02 / train/loss/con 0.02 / train/loss/dyn 2.84 / train/loss/image 2.45 / train/loss/inv 0.01 / train/loss/policy -7.6e-3 / train/loss/rep 2.84 / train/loss/repval 0.82 / train/loss/rew 0.62 / train/loss/value 0.77 / replay/replay_ratio 264 / fps/policy 10.54 / fps/train 2699.44

Writing metrics: /home/zhangpeiying01/lfy/btwm-7.7/runs/btwm_dmc_walker_walk_seed0_w002_b11_1m/metrics.jsonl
Writing metrics: /home/zhangpeiying01/lfy/btwm-7.7/runs/btwm_dmc_walker_walk_seed0_w002_b11_1m/scores.jsonl

--------------------[Agent Step 364_240]--------------------
Metrics filtered by: 'score|length|fps|ratio|train/loss/|train/acc/|train/inv/|train/rand/'
train/acc/inv 0.53 / train/inv/ce 1.56 / train/inv/confidence 0.25 / train/inv/confidence_gating 0 / train/inv/effective_rep_weight 0.02 / train/inv/head_objective 0.65 / train/inv/head_weight 0 / train/inv/objective 0.65 / train/inv/policy_weight_max 1 / train/inv/policy_weight_mean 1 / train/inv/policy_weight_min 1 / train/inv/policy_weight_std 0 / train/inv/valid_frac 1 / train/inv/weight 0.02 / train/loss/con 0.02 / train/loss/dyn 2.8 / train/loss/image 2.42 / train/loss/inv 0.01 / train/loss/policy -4.1e-3 / train/loss/rep 2.8 / train/loss/repval 0.83 / train/loss/rew 0.62 / train/loss/value 0.77 / replay/replay_ratio 264 / fps/policy 10.57 / fps/train 2706.17

Writing metrics: /home/zhangpeiying01/lfy/btwm-7.7/runs/btwm_dmc_walker_walk_seed0_w002_b11_1m/metrics.jsonl
Writing metrics: /home/zhangpeiying01/lfy/btwm-7.7/runs/btwm_dmc_walker_walk_seed0_w002_b11_1m/scores.jsonl

--------------------[Agent Step 365_520]--------------------
Metrics filtered by: 'score|length|fps|ratio|train/loss/|train/acc/|train/inv/|train/rand/'
train/acc/inv 0.53 / train/inv/ce 1.55 / train/inv/confidence 0.25 / train/inv/confidence_gating 0 / train/inv/effective_rep_weight 0.02 / train/inv/head_objective 0.65 / train/inv/head_weight 0 / train/inv/objective 0.65 / train/inv/policy_weight_max 1 / train/inv/policy_weight_mean 1 / train/inv/policy_weight_min 1 / train/inv/policy_weight_std 0 / train/inv/valid_frac 1 / train/inv/weight 0.02 / train/loss/con 0.02 / train/loss/dyn 2.8 / train/loss/image 2.42 / train/loss/inv 0.01 / train/loss/policy -3.9e-3 / train/loss/rep 2.8 / train/loss/repval 0.82 / train/loss/rew 0.62 / train/loss/value 0.77 / replay/replay_ratio 264 / fps/policy 10.56 / fps/train 2704.03

Writing metrics: /home/zhangpeiying01/lfy/btwm-7.7/runs/btwm_dmc_walker_walk_seed0_w002_b11_1m/metrics.jsonl
Writing metrics: /home/zhangpeiying01/lfy/btwm-7.7/runs/btwm_dmc_walker_walk_seed0_w002_b11_1m/scores.jsonl

--------------------[Agent Step 366_800]--------------------
Metrics filtered by: 'score|length|fps|ratio|train/loss/|train/acc/|train/inv/|train/rand/'
train/acc/inv 0.53 / train/inv/ce 1.57 / train/inv/confidence 0.25 / train/inv/confidence_gating 0 / train/inv/effective_rep_weight 0.02 / train/inv/head_objective 0.65 / train/inv/head_weight 0 / train/inv/objective 0.65 / train/inv/policy_weight_max 1 / train/inv/policy_weight_mean 1 / train/inv/policy_weight_min 1 / train/inv/policy_weight_std 0 / train/inv/valid_frac 1 / train/inv/weight 0.02 / train/loss/con 0.02 / train/loss/dyn 2.8 / train/loss/image 2.39 / train/loss/inv 0.01 / train/loss/policy -3.4e-3 / train/loss/rep 2.8 / train/loss/repval 0.81 / train/loss/rew 0.62 / train/loss/value 0.76 / replay/replay_ratio 264 / fps/policy 10.57 / fps/train 2706.36

Writing metrics: /home/zhangpeiying01/lfy/btwm-7.7/runs/btwm_dmc_walker_walk_seed0_w002_b11_1m/metrics.jsonl
Writing metrics: /home/zhangpeiying01/lfy/btwm-7.7/runs/btwm_dmc_walker_walk_seed0_w002_b11_1m/scores.jsonl

--------------------[Agent Step 368_080]--------------------
Metrics filtered by: 'score|length|fps|ratio|train/loss/|train/acc/|train/inv/|train/rand/'
train/acc/inv 0.53 / train/inv/ce 1.56 / train/inv/confidence 0.25 / train/inv/confidence_gating 0 / train/inv/effective_rep_weight 0.02 / train/inv/head_objective 0.65 / train/inv/head_weight 0 / train/inv/objective 0.65 / train/inv/policy_weight_max 1 / train/inv/policy_weight_mean 1 / train/inv/policy_weight_min 1 / train/inv/policy_weight_std 0 / train/inv/valid_frac 1 / train/inv/weight 0.02 / train/loss/con 0.02 / train/loss/dyn 2.81 / train/loss/image 2.39 / train/loss/inv 0.01 / train/loss/policy -4.6e-3 / train/loss/rep 2.81 / train/loss/repval 0.81 / train/loss/rew 0.62 / train/loss/value 0.76 / replay/replay_ratio 264 / fps/policy 10.57 / fps/train 2705.1

Writing metrics: /home/zhangpeiying01/lfy/btwm-7.7/runs/btwm_dmc_walker_walk_seed0_w002_b11_1m/metrics.jsonl
Writing metrics: /home/zhangpeiying01/lfy/btwm-7.7/runs/btwm_dmc_walker_walk_seed0_w002_b11_1m/scores.jsonl

--------------------[Agent Step 369_360]--------------------
Metrics filtered by: 'score|length|fps|ratio|train/loss/|train/acc/|train/inv/|train/rand/'
episode/score 945.12 / episode/length 1001 / train/acc/inv 0.53 / train/inv/ce 1.57 / train/inv/confidence 0.25 / train/inv/confidence_gating 0 / train/inv/effective_rep_weight 0.02 / train/inv/head_objective 0.66 / train/inv/head_weight 0 / train/inv/objective 0.66 / train/inv/policy_weight_max 1 / train/inv/policy_weight_mean 1 / train/inv/policy_weight_min 1 / train/inv/policy_weight_std 0 / train/inv/valid_frac 1 / train/inv/weight 0.02 / train/loss/con 0.02 / train/loss/dyn 2.87 / train/loss/image 2.47 / train/loss/inv 0.01 / train/loss/policy -1.8e-3 / train/loss/rep 2.87 / train/loss/repval 0.81 / train/loss/rew 0.62 / train/loss/value 0.76 / replay/replay_ratio 264 / fps/policy 10.56 / fps/train 2703.53

Writing metrics: /home/zhangpeiying01/lfy/btwm-7.7/runs/btwm_dmc_walker_walk_seed0_w002_b11_1m/metrics.jsonl
Writing metrics: /home/zhangpeiying01/lfy/btwm-7.7/runs/btwm_dmc_walker_walk_seed0_w002_b11_1m/scores.jsonl

--------------------[Agent Step 370_640]--------------------
Metrics filtered by: 'score|length|fps|ratio|train/loss/|train/acc/|train/inv/|train/rand/'
train/acc/inv 0.53 / train/inv/ce 1.57 / train/inv/confidence 0.25 / train/inv/confidence_gating 0 / train/inv/effective_rep_weight 0.02 / train/inv/head_objective 0.66 / train/inv/head_weight 0 / train/inv/objective 0.66 / train/inv/policy_weight_max 1 / train/inv/policy_weight_mean 1 / train/inv/policy_weight_min 1 / train/inv/policy_weight_std 0 / train/inv/valid_frac 1 / train/inv/weight 0.02 / train/loss/con 0.02 / train/loss/dyn 2.84 / train/loss/image 2.46 / train/loss/inv 0.01 / train/loss/policy -5.9e-3 / train/loss/rep 2.84 / train/loss/repval 0.81 / train/loss/rew 0.62 / train/loss/value 0.76 / replay/replay_ratio 264 / fps/policy 10.57 / fps/train 2705.75

Writing metrics: /home/zhangpeiying01/lfy/btwm-7.7/runs/btwm_dmc_walker_walk_seed0_w002_b11_1m/metrics.jsonl
Writing metrics: /home/zhangpeiying01/lfy/btwm-7.7/runs/btwm_dmc_walker_walk_seed0_w002_b11_1m/scores.jsonl

--------------------[Agent Step 371_920]--------------------
Metrics filtered by: 'score|length|fps|ratio|train/loss/|train/acc/|train/inv/|train/rand/'
train/acc/inv 0.53 / train/inv/ce 1.57 / train/inv/confidence 0.25 / train/inv/confidence_gating 0 / train/inv/effective_rep_weight 0.02 / train/inv/head_objective 0.65 / train/inv/head_weight 0 / train/inv/objective 0.65 / train/inv/policy_weight_max 1 / train/inv/policy_weight_mean 1 / train/inv/policy_weight_min 1 / train/inv/policy_weight_std 0 / train/inv/valid_frac 1 / train/inv/weight 0.02 / train/loss/con 0.02 / train/loss/dyn 2.8 / train/loss/image 2.42 / train/loss/inv 0.01 / train/loss/policy -8e-3 / train/loss/rep 2.8 / train/loss/repval 0.81 / train/loss/rew 0.62 / train/loss/value 0.76 / replay/replay_ratio 264 / fps/policy 10.56 / fps/train 2702.78

Writing metrics: /home/zhangpeiying01/lfy/btwm-7.7/runs/btwm_dmc_walker_walk_seed0_w002_b11_1m/metrics.jsonl
Writing metrics: /home/zhangpeiying01/lfy/btwm-7.7/runs/btwm_dmc_walker_walk_seed0_w002_b11_1m/scores.jsonl

--------------------[Agent Step 373_200]--------------------
Metrics filtered by: 'score|length|fps|ratio|train/loss/|train/acc/|train/inv/|train/rand/'
train/acc/inv 0.53 / train/inv/ce 1.57 / train/inv/confidence 0.25 / train/inv/confidence_gating 0 / train/inv/effective_rep_weight 0.02 / train/inv/head_objective 0.66 / train/inv/head_weight 0 / train/inv/objective 0.66 / train/inv/policy_weight_max 1 / train/inv/policy_weight_mean 1 / train/inv/policy_weight_min 1 / train/inv/policy_weight_std 0 / train/inv/valid_frac 1 / train/inv/weight 0.02 / train/loss/con 0.02 / train/loss/dyn 2.78 / train/loss/image 2.39 / train/loss/inv 0.01 / train/loss/policy -8.6e-3 / train/loss/rep 2.78 / train/loss/repval 0.81 / train/loss/rew 0.62 / train/loss/value 0.76 / replay/replay_ratio 264 / fps/policy 10.57 / fps/train 2706.08

Writing metrics: /home/zhangpeiying01/lfy/btwm-7.7/runs/btwm_dmc_walker_walk_seed0_w002_b11_1m/metrics.jsonl
Writing metrics: /home/zhangpeiying01/lfy/btwm-7.7/runs/btwm_dmc_walker_walk_seed0_w002_b11_1m/scores.jsonl

--------------------[Agent Step 374_480]--------------------
Metrics filtered by: 'score|length|fps|ratio|train/loss/|train/acc/|train/inv/|train/rand/'
train/acc/inv 0.53 / train/inv/ce 1.58 / train/inv/confidence 0.25 / train/inv/confidence_gating 0 / train/inv/effective_rep_weight 0.02 / train/inv/head_objective 0.66 / train/inv/head_weight 0 / train/inv/objective 0.66 / train/inv/policy_weight_max 1 / train/inv/policy_weight_mean 1 / train/inv/policy_weight_min 1 / train/inv/policy_weight_std 0 / train/inv/valid_frac 1 / train/inv/weight 0.02 / train/loss/con 0.02 / train/loss/dyn 2.81 / train/loss/image 2.4 / train/loss/inv 0.01 / train/loss/policy -6.5e-3 / train/loss/rep 2.81 / train/loss/repval 0.81 / train/loss/rew 0.62 / train/loss/value 0.76 / replay/replay_ratio 264 / fps/policy 10.57 / fps/train 2706.26

Writing metrics: /home/zhangpeiying01/lfy/btwm-7.7/runs/btwm_dmc_walker_walk_seed0_w002_b11_1m/metrics.jsonl
Writing metrics: /home/zhangpeiying01/lfy/btwm-7.7/runs/btwm_dmc_walker_walk_seed0_w002_b11_1m/scores.jsonl

--------------------[Agent Step 375_760]--------------------
Metrics filtered by: 'score|length|fps|ratio|train/loss/|train/acc/|train/inv/|train/rand/'
train/acc/inv 0.53 / train/inv/ce 1.57 / train/inv/confidence 0.25 / train/inv/confidence_gating 0 / train/inv/effective_rep_weight 0.02 / train/inv/head_objective 0.66 / train/inv/head_weight 0 / train/inv/objective 0.66 / train/inv/policy_weight_max 1 / train/inv/policy_weight_mean 1 / train/inv/policy_weight_min 1 / train/inv/policy_weight_std 0 / train/inv/valid_frac 1 / train/inv/weight 0.02 / train/loss/con 0.02 / train/loss/dyn 2.81 / train/loss/image 2.4 / train/loss/inv 0.01 / train/loss/policy -6.7e-3 / train/loss/rep 2.81 / train/loss/repval 0.81 / train/loss/rew 0.62 / train/loss/value 0.76 / replay/replay_ratio 264 / fps/policy 10.56 / fps/train 2703.4

Writing metrics: /home/zhangpeiying01/lfy/btwm-7.7/runs/btwm_dmc_walker_walk_seed0_w002_b11_1m/metrics.jsonl
Writing metrics: /home/zhangpeiying01/lfy/btwm-7.7/runs/btwm_dmc_walker_walk_seed0_w002_b11_1m/scores.jsonl
Saving checkpoint: /home/zhangpeiying01/lfy/btwm-7.7/runs/btwm_dmc_walker_walk_seed0_w002_b11_1m/ckpt/20260713T074410F841207
Saved checkpoint.

--------------------[Agent Step 376_992]--------------------
Metrics filtered by: 'score|length|fps|ratio|train/loss/|train/acc/|train/inv/|train/rand/'
train/acc/inv 0.53 / train/inv/ce 1.57 / train/inv/confidence 0.25 / train/inv/confidence_gating 0 / train/inv/effective_rep_weight 0.02 / train/inv/head_objective 0.65 / train/inv/head_weight 0 / train/inv/objective 0.65 / train/inv/policy_weight_max 1 / train/inv/policy_weight_mean 1 / train/inv/policy_weight_min 1 / train/inv/policy_weight_std 0 / train/inv/valid_frac 1 / train/inv/weight 0.02 / train/loss/con 0.02 / train/loss/dyn 2.8 / train/loss/image 2.4 / train/loss/inv 0.01 / train/loss/policy -7.4e-3 / train/loss/rep 2.8 / train/loss/repval 0.81 / train/loss/rew 0.62 / train/loss/value 0.76 / replay/replay_ratio 264 / fps/policy 10.19 / fps/train 2608.96

Writing metrics: /home/zhangpeiying01/lfy/btwm-7.7/runs/btwm_dmc_walker_walk_seed0_w002_b11_1m/metrics.jsonl
Writing metrics: /home/zhangpeiying01/lfy/btwm-7.7/runs/btwm_dmc_walker_walk_seed0_w002_b11_1m/scores.jsonl

--------------------[Agent Step 378_272]--------------------
Metrics filtered by: 'score|length|fps|ratio|train/loss/|train/acc/|train/inv/|train/rand/'
train/acc/inv 0.53 / train/inv/ce 1.58 / train/inv/confidence 0.25 / train/inv/confidence_gating 0 / train/inv/effective_rep_weight 0.02 / train/inv/head_objective 0.66 / train/inv/head_weight 0 / train/inv/objective 0.66 / train/inv/policy_weight_max 1 / train/inv/policy_weight_mean 1 / train/inv/policy_weight_min 1 / train/inv/policy_weight_std 0 / train/inv/valid_frac 1 / train/inv/weight 0.02 / train/loss/con 0.02 / train/loss/dyn 2.79 / train/loss/image 2.37 / train/loss/inv 0.01 / train/loss/policy -9.3e-3 / train/loss/rep 2.79 / train/loss/repval 0.8 / train/loss/rew 0.62 / train/loss/value 0.75 / replay/replay_ratio 264 / fps/policy 10.57 / fps/train 2705.14

Writing metrics: /home/zhangpeiying01/lfy/btwm-7.7/runs/btwm_dmc_walker_walk_seed0_w002_b11_1m/metrics.jsonl
Writing metrics: /home/zhangpeiying01/lfy/btwm-7.7/runs/btwm_dmc_walker_walk_seed0_w002_b11_1m/scores.jsonl

--------------------[Agent Step 379_552]--------------------
Metrics filtered by: 'score|length|fps|ratio|train/loss/|train/acc/|train/inv/|train/rand/'
train/acc/inv 0.53 / train/inv/ce 1.58 / train/inv/confidence 0.25 / train/inv/confidence_gating 0 / train/inv/effective_rep_weight 0.02 / train/inv/head_objective 0.66 / train/inv/head_weight 0 / train/inv/objective 0.66 / train/inv/policy_weight_max 1 / train/inv/policy_weight_mean 1 / train/inv/policy_weight_min 1 / train/inv/policy_weight_std 0 / train/inv/valid_frac 1 / train/inv/weight 0.02 / train/loss/con 0.02 / train/loss/dyn 2.77 / train/loss/image 2.36 / train/loss/inv 0.01 / train/loss/policy -0.01 / train/loss/rep 2.77 / train/loss/repval 0.81 / train/loss/rew 0.62 / train/loss/value 0.76 / replay/replay_ratio 264 / fps/policy 10.57 / fps/train 2706.09

Writing metrics: /home/zhangpeiying01/lfy/btwm-7.7/runs/btwm_dmc_walker_walk_seed0_w002_b11_1m/scores.jsonl
Writing metrics: /home/zhangpeiying01/lfy/btwm-7.7/runs/btwm_dmc_walker_walk_seed0_w002_b11_1m/metrics.jsonl

--------------------[Agent Step 380_832]--------------------
Metrics filtered by: 'score|length|fps|ratio|train/loss/|train/acc/|train/inv/|train/rand/'
train/acc/inv 0.52 / train/inv/ce 1.58 / train/inv/confidence 0.25 / train/inv/confidence_gating 0 / train/inv/effective_rep_weight 0.02 / train/inv/head_objective 0.66 / train/inv/head_weight 0 / train/inv/objective 0.66 / train/inv/policy_weight_max 1 / train/inv/policy_weight_mean 1 / train/inv/policy_weight_min 1 / train/inv/policy_weight_std 0 / train/inv/valid_frac 1 / train/inv/weight 0.02 / train/loss/con 0.02 / train/loss/dyn 2.79 / train/loss/image 2.35 / train/loss/inv 0.01 / train/loss/policy -0.01 / train/loss/rep 2.79 / train/loss/repval 0.81 / train/loss/rew 0.62 / train/loss/value 0.76 / replay/replay_ratio 264 / fps/policy 10.57 / fps/train 2706.45

Writing metrics: /home/zhangpeiying01/lfy/btwm-7.7/runs/btwm_dmc_walker_walk_seed0_w002_b11_1m/metrics.jsonl
Writing metrics: /home/zhangpeiying01/lfy/btwm-7.7/runs/btwm_dmc_walker_walk_seed0_w002_b11_1m/scores.jsonl

--------------------[Agent Step 382_112]--------------------
Metrics filtered by: 'score|length|fps|ratio|train/loss/|train/acc/|train/inv/|train/rand/'
train/acc/inv 0.52 / train/inv/ce 1.58 / train/inv/confidence 0.25 / train/inv/confidence_gating 0 / train/inv/effective_rep_weight 0.02 / train/inv/head_objective 0.66 / train/inv/head_weight 0 / train/inv/objective 0.66 / train/inv/policy_weight_max 1 / train/inv/policy_weight_mean 1 / train/inv/policy_weight_min 1 / train/inv/policy_weight_std 0 / train/inv/valid_frac 1 / train/inv/weight 0.02 / train/loss/con 0.02 / train/loss/dyn 2.76 / train/loss/image 2.34 / train/loss/inv 0.01 / train/loss/policy -4.8e-3 / train/loss/rep 2.76 / train/loss/repval 0.81 / train/loss/rew 0.62 / train/loss/value 0.76 / replay/replay_ratio 264 / fps/policy 10.56 / fps/train 2702.78

Writing metrics: /home/zhangpeiying01/lfy/btwm-7.7/runs/btwm_dmc_walker_walk_seed0_w002_b11_1m/metrics.jsonl
Writing metrics: /home/zhangpeiying01/lfy/btwm-7.7/runs/btwm_dmc_walker_walk_seed0_w002_b11_1m/scores.jsonl

--------------------[Agent Step 383_392]--------------------
Metrics filtered by: 'score|length|fps|ratio|train/loss/|train/acc/|train/inv/|train/rand/'
train/acc/inv 0.52 / train/inv/ce 1.58 / train/inv/confidence 0.25 / train/inv/confidence_gating 0 / train/inv/effective_rep_weight 0.02 / train/inv/head_objective 0.66 / train/inv/head_weight 0 / train/inv/objective 0.66 / train/inv/policy_weight_max 1 / train/inv/policy_weight_mean 1 / train/inv/policy_weight_min 1 / train/inv/policy_weight_std 0 / train/inv/valid_frac 1 / train/inv/weight 0.02 / train/loss/con 0.02 / train/loss/dyn 2.81 / train/loss/image 2.34 / train/loss/inv 0.01 / train/loss/policy -7e-3 / train/loss/rep 2.81 / train/loss/repval 0.8 / train/loss/rew 0.63 / train/loss/value 0.76 / replay/replay_ratio 264 / fps/policy 10.57 / fps/train 2704.88

Writing metrics: /home/zhangpeiying01/lfy/btwm-7.7/runs/btwm_dmc_walker_walk_seed0_w002_b11_1m/scores.jsonl
Writing metrics: /home/zhangpeiying01/lfy/btwm-7.7/runs/btwm_dmc_walker_walk_seed0_w002_b11_1m/metrics.jsonl

--------------------[Agent Step 384_672]--------------------
Metrics filtered by: 'score|length|fps|ratio|train/loss/|train/acc/|train/inv/|train/rand/'
episode/score 954.77 / episode/length 1001 / train/acc/inv 0.52 / train/inv/ce 1.58 / train/inv/confidence 0.25 / train/inv/confidence_gating 0 / train/inv/effective_rep_weight 0.02 / train/inv/head_objective 0.66 / train/inv/head_weight 0 / train/inv/objective 0.66 / train/inv/policy_weight_max 1 / train/inv/policy_weight_mean 1 / train/inv/policy_weight_min 1 / train/inv/policy_weight_std 0 / train/inv/valid_frac 1 / train/inv/weight 0.02 / train/loss/con 0.02 / train/loss/dyn 2.78 / train/loss/image 2.34 / train/loss/inv 0.01 / train/loss/policy -8.3e-3 / train/loss/rep 2.78 / train/loss/repval 0.8 / train/loss/rew 0.62 / train/loss/value 0.75 / replay/replay_ratio 264 / fps/policy 10.56 / fps/train 2702.65

Writing metrics: /home/zhangpeiying01/lfy/btwm-7.7/runs/btwm_dmc_walker_walk_seed0_w002_b11_1m/metrics.jsonl
Writing metrics: /home/zhangpeiying01/lfy/btwm-7.7/runs/btwm_dmc_walker_walk_seed0_w002_b11_1m/scores.jsonl

--------------------[Agent Step 385_952]--------------------
Metrics filtered by: 'score|length|fps|ratio|train/loss/|train/acc/|train/inv/|train/rand/'
train/acc/inv 0.52 / train/inv/ce 1.6 / train/inv/confidence 0.24 / train/inv/confidence_gating 0 / train/inv/effective_rep_weight 0.02 / train/inv/head_objective 0.67 / train/inv/head_weight 0 / train/inv/objective 0.67 / train/inv/policy_weight_max 1 / train/inv/policy_weight_mean 1 / train/inv/policy_weight_min 1 / train/inv/policy_weight_std 0 / train/inv/valid_frac 1 / train/inv/weight 0.02 / train/loss/con 0.02 / train/loss/dyn 2.92 / train/loss/image 2.46 / train/loss/inv 0.01 / train/loss/policy -4.3e-3 / train/loss/rep 2.92 / train/loss/repval 0.8 / train/loss/rew 0.63 / train/loss/value 0.75 / replay/replay_ratio 264 / fps/policy 10.57 / fps/train 2705.57

Writing metrics: /home/zhangpeiying01/lfy/btwm-7.7/runs/btwm_dmc_walker_walk_seed0_w002_b11_1m/metrics.jsonl
Writing metrics: /home/zhangpeiying01/lfy/btwm-7.7/runs/btwm_dmc_walker_walk_seed0_w002_b11_1m/scores.jsonl

--------------------[Agent Step 387_232]--------------------
Metrics filtered by: 'score|length|fps|ratio|train/loss/|train/acc/|train/inv/|train/rand/'
train/acc/inv 0.52 / train/inv/ce 1.6 / train/inv/confidence 0.24 / train/inv/confidence_gating 0 / train/inv/effective_rep_weight 0.02 / train/inv/head_objective 0.67 / train/inv/head_weight 0 / train/inv/objective 0.67 / train/inv/policy_weight_max 1 / train/inv/policy_weight_mean 1 / train/inv/policy_weight_min 1 / train/inv/policy_weight_std 0 / train/inv/valid_frac 1 / train/inv/weight 0.02 / train/loss/con 0.02 / train/loss/dyn 2.84 / train/loss/image 2.44 / train/loss/inv 0.01 / train/loss/policy -6.6e-3 / train/loss/rep 2.84 / train/loss/repval 0.81 / train/loss/rew 0.62 / train/loss/value 0.76 / replay/replay_ratio 264 / fps/policy 10.57 / fps/train 2705.17

Writing metrics: /home/zhangpeiying01/lfy/btwm-7.7/runs/btwm_dmc_walker_walk_seed0_w002_b11_1m/metrics.jsonl
Writing metrics: /home/zhangpeiying01/lfy/btwm-7.7/runs/btwm_dmc_walker_walk_seed0_w002_b11_1m/scores.jsonl

--------------------[Agent Step 388_512]--------------------
Metrics filtered by: 'score|length|fps|ratio|train/loss/|train/acc/|train/inv/|train/rand/'
train/acc/inv 0.52 / train/inv/ce 1.59 / train/inv/confidence 0.24 / train/inv/confidence_gating 0 / train/inv/effective_rep_weight 0.02 / train/inv/head_objective 0.67 / train/inv/head_weight 0 / train/inv/objective 0.67 / train/inv/policy_weight_max 1 / train/inv/policy_weight_mean 1 / train/inv/policy_weight_min 1 / train/inv/policy_weight_std 0 / train/inv/valid_frac 1 / train/inv/weight 0.02 / train/loss/con 0.02 / train/loss/dyn 2.79 / train/loss/image 2.39 / train/loss/inv 0.01 / train/loss/policy -8e-3 / train/loss/rep 2.79 / train/loss/repval 0.8 / train/loss/rew 0.63 / train/loss/value 0.76 / replay/replay_ratio 264 / fps/policy 10.56 / fps/train 2702.45

Writing metrics: /home/zhangpeiying01/lfy/btwm-7.7/runs/btwm_dmc_walker_walk_seed0_w002_b11_1m/metrics.jsonl
Writing metrics: /home/zhangpeiying01/lfy/btwm-7.7/runs/btwm_dmc_walker_walk_seed0_w002_b11_1m/scores.jsonl

--------------------[Agent Step 389_792]--------------------
Metrics filtered by: 'score|length|fps|ratio|train/loss/|train/acc/|train/inv/|train/rand/'
train/acc/inv 0.52 / train/inv/ce 1.59 / train/inv/confidence 0.24 / train/inv/confidence_gating 0 / train/inv/effective_rep_weight 0.02 / train/inv/head_objective 0.66 / train/inv/head_weight 0 / train/inv/objective 0.66 / train/inv/policy_weight_max 1 / train/inv/policy_weight_mean 1 / train/inv/policy_weight_min 1 / train/inv/policy_weight_std 0 / train/inv/valid_frac 1 / train/inv/weight 0.02 / train/loss/con 0.02 / train/loss/dyn 2.8 / train/loss/image 2.38 / train/loss/inv 0.01 / train/loss/policy -4.4e-3 / train/loss/rep 2.8 / train/loss/repval 0.8 / train/loss/rew 0.63 / train/loss/value 0.76 / replay/replay_ratio 264 / fps/policy 10.56 / fps/train 2703.85

Writing metrics: /home/zhangpeiying01/lfy/btwm-7.7/runs/btwm_dmc_walker_walk_seed0_w002_b11_1m/metrics.jsonl
Writing metrics: /home/zhangpeiying01/lfy/btwm-7.7/runs/btwm_dmc_walker_walk_seed0_w002_b11_1m/scores.jsonl

--------------------[Agent Step 391_072]--------------------
Metrics filtered by: 'score|length|fps|ratio|train/loss/|train/acc/|train/inv/|train/rand/'
train/acc/inv 0.52 / train/inv/ce 1.6 / train/inv/confidence 0.24 / train/inv/confidence_gating 0 / train/inv/effective_rep_weight 0.02 / train/inv/head_objective 0.67 / train/inv/head_weight 0 / train/inv/objective 0.67 / train/inv/policy_weight_max 1 / train/inv/policy_weight_mean 1 / train/inv/policy_weight_min 1 / train/inv/policy_weight_std 0 / train/inv/valid_frac 1 / train/inv/weight 0.02 / train/loss/con 0.02 / train/loss/dyn 2.76 / train/loss/image 2.34 / train/loss/inv 0.01 / train/loss/policy -9.9e-3 / train/loss/rep 2.76 / train/loss/repval 0.8 / train/loss/rew 0.63 / train/loss/value 0.76 / replay/replay_ratio 264 / fps/policy 10.56 / fps/train 2702.59

Writing metrics: /home/zhangpeiying01/lfy/btwm-7.7/runs/btwm_dmc_walker_walk_seed0_w002_b11_1m/metrics.jsonl
Writing metrics: /home/zhangpeiying01/lfy/btwm-7.7/runs/btwm_dmc_walker_walk_seed0_w002_b11_1m/scores.jsonl

--------------------[Agent Step 392_352]--------------------
Metrics filtered by: 'score|length|fps|ratio|train/loss/|train/acc/|train/inv/|train/rand/'
train/acc/inv 0.52 / train/inv/ce 1.59 / train/inv/confidence 0.24 / train/inv/confidence_gating 0 / train/inv/effective_rep_weight 0.02 / train/inv/head_objective 0.67 / train/inv/head_weight 0 / train/inv/objective 0.67 / train/inv/policy_weight_max 1 / train/inv/policy_weight_mean 1 / train/inv/policy_weight_min 1 / train/inv/policy_weight_std 0 / train/inv/valid_frac 1 / train/inv/weight 0.02 / train/loss/con 0.02 / train/loss/dyn 2.77 / train/loss/image 2.34 / train/loss/inv 0.01 / train/loss/policy -4.8e-3 / train/loss/rep 2.77 / train/loss/repval 0.81 / train/loss/rew 0.63 / train/loss/value 0.76 / replay/replay_ratio 264 / fps/policy 10.57 / fps/train 2705.9

Writing metrics: /home/zhangpeiying01/lfy/btwm-7.7/runs/btwm_dmc_walker_walk_seed0_w002_b11_1m/scores.jsonl
Writing metrics: /home/zhangpeiying01/lfy/btwm-7.7/runs/btwm_dmc_walker_walk_seed0_w002_b11_1m/metrics.jsonl

--------------------[Agent Step 393_632]--------------------
Metrics filtered by: 'score|length|fps|ratio|train/loss/|train/acc/|train/inv/|train/rand/'
train/acc/inv 0.52 / train/inv/ce 1.59 / train/inv/confidence 0.24 / train/inv/confidence_gating 0 / train/inv/effective_rep_weight 0.02 / train/inv/head_objective 0.66 / train/inv/head_weight 0 / train/inv/objective 0.66 / train/inv/policy_weight_max 1 / train/inv/policy_weight_mean 1 / train/inv/policy_weight_min 1 / train/inv/policy_weight_std 0 / train/inv/valid_frac 1 / train/inv/weight 0.02 / train/loss/con 0.02 / train/loss/dyn 2.75 / train/loss/image 2.31 / train/loss/inv 0.01 / train/loss/policy -6.6e-3 / train/loss/rep 2.75 / train/loss/repval 0.8 / train/loss/rew 0.63 / train/loss/value 0.76 / replay/replay_ratio 264 / fps/policy 10.57 / fps/train 2706.44

Writing metrics: /home/zhangpeiying01/lfy/btwm-7.7/runs/btwm_dmc_walker_walk_seed0_w002_b11_1m/metrics.jsonl
Writing metrics: /home/zhangpeiying01/lfy/btwm-7.7/runs/btwm_dmc_walker_walk_seed0_w002_b11_1m/scores.jsonl

--------------------[Agent Step 394_912]--------------------
Metrics filtered by: 'score|length|fps|ratio|train/loss/|train/acc/|train/inv/|train/rand/'
train/acc/inv 0.52 / train/inv/ce 1.59 / train/inv/confidence 0.24 / train/inv/confidence_gating 0 / train/inv/effective_rep_weight 0.02 / train/inv/head_objective 0.66 / train/inv/head_weight 0 / train/inv/objective 0.66 / train/inv/policy_weight_max 1 / train/inv/policy_weight_mean 1 / train/inv/policy_weight_min 1 / train/inv/policy_weight_std 0 / train/inv/valid_frac 1 / train/inv/weight 0.02 / train/loss/con 0.02 / train/loss/dyn 2.76 / train/loss/image 2.32 / train/loss/inv 0.01 / train/loss/policy -6.4e-3 / train/loss/rep 2.76 / train/loss/repval 0.8 / train/loss/rew 0.63 / train/loss/value 0.75 / replay/replay_ratio 264 / fps/policy 10.56 / fps/train 2703.3

Writing metrics: /home/zhangpeiying01/lfy/btwm-7.7/runs/btwm_dmc_walker_walk_seed0_w002_b11_1m/metrics.jsonl
Writing metrics: /home/zhangpeiying01/lfy/btwm-7.7/runs/btwm_dmc_walker_walk_seed0_w002_b11_1m/scores.jsonl

--------------------[Agent Step 396_192]--------------------
Metrics filtered by: 'score|length|fps|ratio|train/loss/|train/acc/|train/inv/|train/rand/'
train/acc/inv 0.52 / train/inv/ce 1.59 / train/inv/confidence 0.24 / train/inv/confidence_gating 0 / train/inv/effective_rep_weight 0.02 / train/inv/head_objective 0.66 / train/inv/head_weight 0 / train/inv/objective 0.66 / train/inv/policy_weight_max 1 / train/inv/policy_weight_mean 1 / train/inv/policy_weight_min 1 / train/inv/policy_weight_std 0 / train/inv/valid_frac 1 / train/inv/weight 0.02 / train/loss/con 0.02 / train/loss/dyn 2.79 / train/loss/image 2.33 / train/loss/inv 0.01 / train/loss/policy -5.3e-3 / train/loss/rep 2.79 / train/loss/repval 0.8 / train/loss/rew 0.63 / train/loss/value 0.75 / replay/replay_ratio 264 / fps/policy 10.57 / fps/train 2705.79

Writing metrics: /home/zhangpeiying01/lfy/btwm-7.7/runs/btwm_dmc_walker_walk_seed0_w002_b11_1m/metrics.jsonl
Writing metrics: /home/zhangpeiying01/lfy/btwm-7.7/runs/btwm_dmc_walker_walk_seed0_w002_b11_1m/scores.jsonl

--------------------[Agent Step 397_472]--------------------
Metrics filtered by: 'score|length|fps|ratio|train/loss/|train/acc/|train/inv/|train/rand/'
train/acc/inv 0.52 / train/inv/ce 1.59 / train/inv/confidence 0.24 / train/inv/confidence_gating 0 / train/inv/effective_rep_weight 0.02 / train/inv/head_objective 0.66 / train/inv/head_weight 0 / train/inv/objective 0.66 / train/inv/policy_weight_max 1 / train/inv/policy_weight_mean 1 / train/inv/policy_weight_min 1 / train/inv/policy_weight_std 0 / train/inv/valid_frac 1 / train/inv/weight 0.02 / train/loss/con 0.02 / train/loss/dyn 2.74 / train/loss/image 2.31 / train/loss/inv 0.01 / train/loss/policy -9.2e-3 / train/loss/rep 2.74 / train/loss/repval 0.79 / train/loss/rew 0.63 / train/loss/value 0.75 / replay/replay_ratio 264 / fps/policy 10.56 / fps/train 2702.85

Writing metrics: /home/zhangpeiying01/lfy/btwm-7.7/runs/btwm_dmc_walker_walk_seed0_w002_b11_1m/metrics.jsonl
Writing metrics: /home/zhangpeiying01/lfy/btwm-7.7/runs/btwm_dmc_walker_walk_seed0_w002_b11_1m/scores.jsonl

--------------------[Agent Step 398_752]--------------------
Metrics filtered by: 'score|length|fps|ratio|train/loss/|train/acc/|train/inv/|train/rand/'
train/acc/inv 0.52 / train/inv/ce 1.6 / train/inv/confidence 0.24 / train/inv/confidence_gating 0 / train/inv/effective_rep_weight 0.02 / train/inv/head_objective 0.67 / train/inv/head_weight 0 / train/inv/objective 0.67 / train/inv/policy_weight_max 1 / train/inv/policy_weight_mean 1 / train/inv/policy_weight_min 1 / train/inv/policy_weight_std 0 / train/inv/valid_frac 1 / train/inv/weight 0.02 / train/loss/con 0.02 / train/loss/dyn 2.77 / train/loss/image 2.29 / train/loss/inv 0.01 / train/loss/policy -3.8e-3 / train/loss/rep 2.77 / train/loss/repval 0.8 / train/loss/rew 0.63 / train/loss/value 0.75 / replay/replay_ratio 264 / fps/policy 10.57 / fps/train 2705.16

Writing metrics: /home/zhangpeiying01/lfy/btwm-7.7/runs/btwm_dmc_walker_walk_seed0_w002_b11_1m/metrics.jsonl
Writing metrics: /home/zhangpeiying01/lfy/btwm-7.7/runs/btwm_dmc_walker_walk_seed0_w002_b11_1m/scores.jsonl

--------------------[Agent Step 400_032]--------------------
Metrics filtered by: 'score|length|fps|ratio|train/loss/|train/acc/|train/inv/|train/rand/'
train/acc/inv 0.52 / train/inv/ce 1.6 / train/inv/confidence 0.24 / train/inv/confidence_gating 0 / train/inv/effective_rep_weight 0.02 / train/inv/head_objective 0.67 / train/inv/head_weight 0 / train/inv/objective 0.67 / train/inv/policy_weight_max 1 / train/inv/policy_weight_mean 1 / train/inv/policy_weight_min 1 / train/inv/policy_weight_std 0 / train/inv/valid_frac 1 / train/inv/weight 0.02 / train/loss/con 0.02 / train/loss/dyn 2.75 / train/loss/image 2.28 / train/loss/inv 0.01 / train/loss/policy -2.3e-3 / train/loss/rep 2.75 / train/loss/repval 0.79 / train/loss/rew 0.63 / train/loss/value 0.75 / replay/replay_ratio 264 / fps/policy 10.56 / fps/train 2703.9

Writing metrics: /home/zhangpeiying01/lfy/btwm-7.7/runs/btwm_dmc_walker_walk_seed0_w002_b11_1m/metrics.jsonl
Writing metrics: /home/zhangpeiying01/lfy/btwm-7.7/runs/btwm_dmc_walker_walk_seed0_w002_b11_1m/scores.jsonl

--------------------[Agent Step 401_312]--------------------
Metrics filtered by: 'score|length|fps|ratio|train/loss/|train/acc/|train/inv/|train/rand/'
episode/score 826.13 / episode/length 1001 / train/acc/inv 0.52 / train/inv/ce 1.61 / train/inv/confidence 0.24 / train/inv/confidence_gating 0 / train/inv/effective_rep_weight 0.02 / train/inv/head_objective 0.67 / train/inv/head_weight 0 / train/inv/objective 0.67 / train/inv/policy_weight_max 1 / train/inv/policy_weight_mean 1 / train/inv/policy_weight_min 1 / train/inv/policy_weight_std 0 / train/inv/valid_frac 1 / train/inv/weight 0.02 / train/loss/con 0.02 / train/loss/dyn 2.86 / train/loss/image 2.38 / train/loss/inv 0.01 / train/loss/policy -3.2e-3 / train/loss/rep 2.86 / train/loss/repval 0.79 / train/loss/rew 0.63 / train/loss/value 0.74 / replay/replay_ratio 264 / fps/policy 10.57 / fps/train 2705.37

Writing metrics: /home/zhangpeiying01/lfy/btwm-7.7/runs/btwm_dmc_walker_walk_seed0_w002_b11_1m/scores.jsonl
Writing metrics: /home/zhangpeiying01/lfy/btwm-7.7/runs/btwm_dmc_walker_walk_seed0_w002_b11_1m/metrics.jsonl

--------------------[Agent Step 402_592]--------------------
Metrics filtered by: 'score|length|fps|ratio|train/loss/|train/acc/|train/inv/|train/rand/'
train/acc/inv 0.52 / train/inv/ce 1.61 / train/inv/confidence 0.24 / train/inv/confidence_gating 0 / train/inv/effective_rep_weight 0.02 / train/inv/head_objective 0.67 / train/inv/head_weight 0 / train/inv/objective 0.67 / train/inv/policy_weight_max 1 / train/inv/policy_weight_mean 1 / train/inv/policy_weight_min 1 / train/inv/policy_weight_std 0 / train/inv/valid_frac 1 / train/inv/weight 0.02 / train/loss/con 0.02 / train/loss/dyn 2.79 / train/loss/image 2.34 / train/loss/inv 0.01 / train/loss/policy -4.5e-3 / train/loss/rep 2.79 / train/loss/repval 0.78 / train/loss/rew 0.63 / train/loss/value 0.74 / replay/replay_ratio 264 / fps/policy 10.57 / fps/train 2706.2

Writing metrics: /home/zhangpeiying01/lfy/btwm-7.7/runs/btwm_dmc_walker_walk_seed0_w002_b11_1m/metrics.jsonl
Writing metrics: /home/zhangpeiying01/lfy/btwm-7.7/runs/btwm_dmc_walker_walk_seed0_w002_b11_1m/scores.jsonl

--------------------[Agent Step 403_872]--------------------
Metrics filtered by: 'score|length|fps|ratio|train/loss/|train/acc/|train/inv/|train/rand/'
train/acc/inv 0.52 / train/inv/ce 1.6 / train/inv/confidence 0.24 / train/inv/confidence_gating 0 / train/inv/effective_rep_weight 0.02 / train/inv/head_objective 0.67 / train/inv/head_weight 0 / train/inv/objective 0.67 / train/inv/policy_weight_max 1 / train/inv/policy_weight_mean 1 / train/inv/policy_weight_min 1 / train/inv/policy_weight_std 0 / train/inv/valid_frac 1 / train/inv/weight 0.02 / train/loss/con 0.02 / train/loss/dyn 2.77 / train/loss/image 2.34 / train/loss/inv 0.01 / train/loss/policy -1.6e-3 / train/loss/rep 2.77 / train/loss/repval 0.79 / train/loss/rew 0.63 / train/loss/value 0.75 / replay/replay_ratio 264 / fps/policy 10.57 / fps/train 2704.68

Writing metrics: /home/zhangpeiying01/lfy/btwm-7.7/runs/btwm_dmc_walker_walk_seed0_w002_b11_1m/metrics.jsonl
Writing metrics: /home/zhangpeiying01/lfy/btwm-7.7/runs/btwm_dmc_walker_walk_seed0_w002_b11_1m/scores.jsonl

--------------------[Agent Step 405_152]--------------------
Metrics filtered by: 'score|length|fps|ratio|train/loss/|train/acc/|train/inv/|train/rand/'
train/acc/inv 0.52 / train/inv/ce 1.61 / train/inv/confidence 0.24 / train/inv/confidence_gating 0 / train/inv/effective_rep_weight 0.02 / train/inv/head_objective 0.67 / train/inv/head_weight 0 / train/inv/objective 0.67 / train/inv/policy_weight_max 1 / train/inv/policy_weight_mean 1 / train/inv/policy_weight_min 1 / train/inv/policy_weight_std 0 / train/inv/valid_frac 1 / train/inv/weight 0.02 / train/loss/con 0.02 / train/loss/dyn 2.81 / train/loss/image 2.34 / train/loss/inv 0.01 / train/loss/policy -4.4e-3 / train/loss/rep 2.81 / train/loss/repval 0.78 / train/loss/rew 0.63 / train/loss/value 0.74 / replay/replay_ratio 264 / fps/policy 10.57 / fps/train 2705.82

Writing metrics: /home/zhangpeiying01/lfy/btwm-7.7/runs/btwm_dmc_walker_walk_seed0_w002_b11_1m/scores.jsonl
Writing metrics: /home/zhangpeiying01/lfy/btwm-7.7/runs/btwm_dmc_walker_walk_seed0_w002_b11_1m/metrics.jsonl

--------------------[Agent Step 406_432]--------------------
Metrics filtered by: 'score|length|fps|ratio|train/loss/|train/acc/|train/inv/|train/rand/'
train/acc/inv 0.52 / train/inv/ce 1.6 / train/inv/confidence 0.24 / train/inv/confidence_gating 0 / train/inv/effective_rep_weight 0.02 / train/inv/head_objective 0.67 / train/inv/head_weight 0 / train/inv/objective 0.67 / train/inv/policy_weight_max 1 / train/inv/policy_weight_mean 1 / train/inv/policy_weight_min 1 / train/inv/policy_weight_std 0 / train/inv/valid_frac 1 / train/inv/weight 0.02 / train/loss/con 0.02 / train/loss/dyn 2.75 / train/loss/image 2.3 / train/loss/inv 0.01 / train/loss/policy -6e-3 / train/loss/rep 2.75 / train/loss/repval 0.79 / train/loss/rew 0.63 / train/loss/value 0.75 / replay/replay_ratio 264 / fps/policy 10.56 / fps/train 2702.45

Writing metrics: /home/zhangpeiying01/lfy/btwm-7.7/runs/btwm_dmc_walker_walk_seed0_w002_b11_1m/scores.jsonl
Writing metrics: /home/zhangpeiying01/lfy/btwm-7.7/runs/btwm_dmc_walker_walk_seed0_w002_b11_1m/metrics.jsonl

--------------------[Agent Step 407_712]--------------------
Metrics filtered by: 'score|length|fps|ratio|train/loss/|train/acc/|train/inv/|train/rand/'
train/acc/inv 0.52 / train/inv/ce 1.6 / train/inv/confidence 0.24 / train/inv/confidence_gating 0 / train/inv/effective_rep_weight 0.02 / train/inv/head_objective 0.67 / train/inv/head_weight 0 / train/inv/objective 0.67 / train/inv/policy_weight_max 1 / train/inv/policy_weight_mean 1 / train/inv/policy_weight_min 1 / train/inv/policy_weight_std 0 / train/inv/valid_frac 1 / train/inv/weight 0.02 / train/loss/con 0.02 / train/loss/dyn 2.78 / train/loss/image 2.31 / train/loss/inv 0.01 / train/loss/policy -7e-3 / train/loss/rep 2.78 / train/loss/repval 0.79 / train/loss/rew 0.63 / train/loss/value 0.75 / replay/replay_ratio 264 / fps/policy 10.57 / fps/train 2707.08

Writing metrics: /home/zhangpeiying01/lfy/btwm-7.7/runs/btwm_dmc_walker_walk_seed0_w002_b11_1m/scores.jsonl
Writing metrics: /home/zhangpeiying01/lfy/btwm-7.7/runs/btwm_dmc_walker_walk_seed0_w002_b11_1m/metrics.jsonl

--------------------[Agent Step 408_992]--------------------
Metrics filtered by: 'score|length|fps|ratio|train/loss/|train/acc/|train/inv/|train/rand/'
train/acc/inv 0.52 / train/inv/ce 1.6 / train/inv/confidence 0.24 / train/inv/confidence_gating 0 / train/inv/effective_rep_weight 0.02 / train/inv/head_objective 0.67 / train/inv/head_weight 0 / train/inv/objective 0.67 / train/inv/policy_weight_max 1 / train/inv/policy_weight_mean 1 / train/inv/policy_weight_min 1 / train/inv/policy_weight_std 0 / train/inv/valid_frac 1 / train/inv/weight 0.02 / train/loss/con 0.02 / train/loss/dyn 2.75 / train/loss/image 2.31 / train/loss/inv 0.01 / train/loss/policy -5.7e-3 / train/loss/rep 2.75 / train/loss/repval 0.79 / train/loss/rew 0.63 / train/loss/value 0.75 / replay/replay_ratio 264 / fps/policy 10.57 / fps/train 2706.77

Writing metrics: /home/zhangpeiying01/lfy/btwm-7.7/runs/btwm_dmc_walker_walk_seed0_w002_b11_1m/scores.jsonl
Writing metrics: /home/zhangpeiying01/lfy/btwm-7.7/runs/btwm_dmc_walker_walk_seed0_w002_b11_1m/metrics.jsonl

--------------------[Agent Step 410_272]--------------------
Metrics filtered by: 'score|length|fps|ratio|train/loss/|train/acc/|train/inv/|train/rand/'
train/acc/inv 0.52 / train/inv/ce 1.6 / train/inv/confidence 0.24 / train/inv/confidence_gating 0 / train/inv/effective_rep_weight 0.02 / train/inv/head_objective 0.67 / train/inv/head_weight 0 / train/inv/objective 0.67 / train/inv/policy_weight_max 1 / train/inv/policy_weight_mean 1 / train/inv/policy_weight_min 1 / train/inv/policy_weight_std 0 / train/inv/valid_frac 1 / train/inv/weight 0.02 / train/loss/con 0.02 / train/loss/dyn 2.75 / train/loss/image 2.29 / train/loss/inv 0.01 / train/loss/policy -2.8e-3 / train/loss/rep 2.75 / train/loss/repval 0.79 / train/loss/rew 0.63 / train/loss/value 0.75 / replay/replay_ratio 264 / fps/policy 10.56 / fps/train 2703.17

Writing metrics: /home/zhangpeiying01/lfy/btwm-7.7/runs/btwm_dmc_walker_walk_seed0_w002_b11_1m/metrics.jsonl
Writing metrics: /home/zhangpeiying01/lfy/btwm-7.7/runs/btwm_dmc_walker_walk_seed0_w002_b11_1m/scores.jsonl

--------------------[Agent Step 411_552]--------------------
Metrics filtered by: 'score|length|fps|ratio|train/loss/|train/acc/|train/inv/|train/rand/'
train/acc/inv 0.52 / train/inv/ce 1.6 / train/inv/confidence 0.24 / train/inv/confidence_gating 0 / train/inv/effective_rep_weight 0.02 / train/inv/head_objective 0.67 / train/inv/head_weight 0 / train/inv/objective 0.67 / train/inv/policy_weight_max 1 / train/inv/policy_weight_mean 1 / train/inv/policy_weight_min 1 / train/inv/policy_weight_std 0 / train/inv/valid_frac 1 / train/inv/weight 0.02 / train/loss/con 0.02 / train/loss/dyn 2.79 / train/loss/image 2.29 / train/loss/inv 0.01 / train/loss/policy -3.3e-3 / train/loss/rep 2.79 / train/loss/repval 0.79 / train/loss/rew 0.63 / train/loss/value 0.75 / replay/replay_ratio 264 / fps/policy 10.57 / fps/train 2705.59

Writing metrics: /home/zhangpeiying01/lfy/btwm-7.7/runs/btwm_dmc_walker_walk_seed0_w002_b11_1m/metrics.jsonl
Writing metrics: /home/zhangpeiying01/lfy/btwm-7.7/runs/btwm_dmc_walker_walk_seed0_w002_b11_1m/scores.jsonl

--------------------[Agent Step 412_832]--------------------
Metrics filtered by: 'score|length|fps|ratio|train/loss/|train/acc/|train/inv/|train/rand/'
train/acc/inv 0.52 / train/inv/ce 1.6 / train/inv/confidence 0.24 / train/inv/confidence_gating 0 / train/inv/effective_rep_weight 0.02 / train/inv/head_objective 0.67 / train/inv/head_weight 0 / train/inv/objective 0.67 / train/inv/policy_weight_max 1 / train/inv/policy_weight_mean 1 / train/inv/policy_weight_min 1 / train/inv/policy_weight_std 0 / train/inv/valid_frac 1 / train/inv/weight 0.02 / train/loss/con 0.02 / train/loss/dyn 2.73 / train/loss/image 2.28 / train/loss/inv 0.01 / train/loss/policy -3.9e-3 / train/loss/rep 2.73 / train/loss/repval 0.79 / train/loss/rew 0.63 / train/loss/value 0.75 / replay/replay_ratio 264 / fps/policy 10.56 / fps/train 2702.72

Writing metrics: /home/zhangpeiying01/lfy/btwm-7.7/runs/btwm_dmc_walker_walk_seed0_w002_b11_1m/metrics.jsonl
Writing metrics: /home/zhangpeiying01/lfy/btwm-7.7/runs/btwm_dmc_walker_walk_seed0_w002_b11_1m/scores.jsonl

--------------------[Agent Step 414_112]--------------------
Metrics filtered by: 'score|length|fps|ratio|train/loss/|train/acc/|train/inv/|train/rand/'
train/acc/inv 0.52 / train/inv/ce 1.61 / train/inv/confidence 0.24 / train/inv/confidence_gating 0 / train/inv/effective_rep_weight 0.02 / train/inv/head_objective 0.67 / train/inv/head_weight 0 / train/inv/objective 0.67 / train/inv/policy_weight_max 1 / train/inv/policy_weight_mean 1 / train/inv/policy_weight_min 1 / train/inv/policy_weight_std 0 / train/inv/valid_frac 1 / train/inv/weight 0.02 / train/loss/con 0.02 / train/loss/dyn 2.73 / train/loss/image 2.26 / train/loss/inv 0.01 / train/loss/policy -1.9e-3 / train/loss/rep 2.73 / train/loss/repval 0.78 / train/loss/rew 0.63 / train/loss/value 0.75 / replay/replay_ratio 264 / fps/policy 10.57 / fps/train 2706.09

