[2026-06-15 10:55:22] model=btwm domain=atari task=atari100k_pong
seed=1 gpu=6 steps=100000 logdir=/data2/liguoqi/habmm/hab_z/btwm/runs/btwm_atari_pong_seed1_v3_pw05_100k
param_matched=1 inv_weight=0.05 head_weight=0.02 inv_bins=21 policy_weight=0.5
command: python /data2/liguoqi/habmm/hab_z/btwm/dreamerv3/dreamerv3/main.py --logdir /data2/liguoqi/habmm/hab_z/btwm/runs/btwm_atari_pong_seed1_v3_pw05_100k --configs atari100k --task atari100k_pong --seed 1 --run.steps 100000 --replay.size 500000 --agent.use_btwm True --agent.inv_loss_weight 0.05 --agent.inv_head_loss_weight 0.02 --agent.inv_num_bins 21 --agent.inv_policy_weight 0.5 --batch_size 8 --batch_length 32 --report_length 32
A.L.E: Arcade Learning Environment (version 0.9.0+750d7f9)
[Powered by Stella]
Could not load symbol cuFuncGetName. Error: /lib/x86_64-linux-gnu/libcuda.so.1: undefined symbol: cuFuncGetName
2026-06-15 10:58:18.018263: E external/xla/xla/python/profiler/internal/python_hooks.cc:400] Can't import tensorflow.python.profiler.trace
2026-06-15 10:58:20.859175: E external/xla/xla/python/profiler/internal/python_hooks.cc:400] Can't import tensorflow.python.profiler.trace
---  ___                           __   ______ ---
--- |   \ _ _ ___ __ _ _ __  ___ _ \ \ / /__ / ---
--- | |) | '_/ -_) _` | '  \/ -_) '/\ V / |_ \ ---
--- |___/|_| \___\__,_|_|_|_\___|_|  \_/ |___/ ---
Replica: 0 / 1
Logdir: /data2/liguoqi/habmm/hab_z/btwm/runs/btwm_atari_pong_seed1_v3_pw05_100k
Run script: train
Observations
  image            Space(uint8, shape=(64, 64, 3), low=0, high=255)
  reward           Space(float32, shape=(), low=-inf, high=inf)
  is_first         Space(bool, shape=(), low=False, high=True)
  is_last          Space(bool, shape=(), low=False, high=True)
  is_terminal      Space(bool, shape=(), low=False, high=True)
Actions
  action           Space(int32, shape=(), low=0, high=6)
Extras
  consec           Space(int32, shape=(), low=-2147483648, high=2147483647)
  stepid           Space(uint8, shape=(20,), low=0, high=255)
  dyn/deter        Space(float32, shape=(8192,), low=-inf, high=inf)
  dyn/stoch        Space(float32, shape=(32, 64), low=-inf, high=inf)
JAX devices (1): [cuda:0]
Policy devices: cuda:0
Train devices:  cuda:0
Initializing parameters...
Optimizer opt has 168,107,790 params:
    97,649,158 dyn
    20,282,115 dec
    12,850,431 val
    12,595,206 pol
    10,749,183 rew
    10,488,833 con
     3,492,864 enc
Done initializing!
Compiling 1 checkpoint groups...
Largest checkpoint group: 2 GB
Compiling train and report...
Train cost analysis:
  FLOPS:            2.3e+11
  Memory (temp):    1.8e+09
  Memory (inputs):  2.1e+09
  Memory (outputs): 2.1e+09
  Memory (code):    4.1e+06

Report cost analysis:
  FLOPS:            8.4e+09
  Memory (temp):    3.4e+08
  Memory (inputs):  4.9e+08
  Memory (outputs): 1.0e+07
  Memory (code):    8.1e+06

Done compiling!
Did not find any checkpoint.
Saving checkpoint: /data2/liguoqi/habmm/hab_z/btwm/runs/btwm_atari_pong_seed1_v3_pw05_100k/ckpt/20260615T105728F193034
Saved checkpoint.
Start training loop
Start JAX profiler: /data2/liguoqi/habmm/hab_z/btwm/runs/btwm_atari_pong_seed1_v3_pw05_100k
Stop JAX profiler

--------------------[Agent Step 4_480]--------------------
Metrics filtered by: 'score|length|fps|ratio|train/loss/|train/acc/|train/inv/|train/rand/'
episode/score -21 / episode/length 762 / train/acc/inv 0.21 / train/inv/ce 1.79 / train/inv/confidence 0.17 / train/inv/effective_rep_weight 8.7e-3 / train/inv/head_objective 1 / train/inv/head_weight 0.02 / train/inv/objective 1 / train/inv/policy_weight_max 1.34 / train/inv/policy_weight_mean 1 / train/inv/policy_weight_min 0.81 / train/inv/policy_weight_std 0.13 / train/inv/valid_frac 1 / train/inv/weight 0.05 / train/loss/con 0.05 / train/loss/dyn 3.38 / train/loss/image 77.38 / train/loss/inv 0.03 / train/loss/policy -0.18 / train/loss/rep 3.38 / train/loss/repval 4.97 / train/loss/rew 1.52 / train/loss/value 3.42 / train/rand/action 0.86 / replay/replay_ratio 202.37 / fps/policy 7.37 / fps/train 1402.63

Writing metrics: /data2/liguoqi/habmm/hab_z/btwm/runs/btwm_atari_pong_seed1_v3_pw05_100k/metrics.jsonl
Writing metrics: /data2/liguoqi/habmm/hab_z/btwm/runs/btwm_atari_pong_seed1_v3_pw05_100k/scores.jsonl

--------------------[Agent Step 8_200]--------------------
Metrics filtered by: 'score|length|fps|ratio|train/loss/|train/acc/|train/inv/|train/rand/'
episode/score -21 / episode/length 762 / train/acc/inv 0.43 / train/inv/ce 1.65 / train/inv/confidence 0.32 / train/inv/effective_rep_weight 0.02 / train/inv/head_objective 0.92 / train/inv/head_weight 0.02 / train/inv/objective 0.92 / train/inv/policy_weight_max 1.3 / train/inv/policy_weight_mean 1 / train/inv/policy_weight_min 0.77 / train/inv/policy_weight_std 0.24 / train/inv/valid_frac 1 / train/inv/weight 0.05 / train/loss/con 0.03 / train/loss/dyn 1.01 / train/loss/image 3.4 / train/loss/inv 0.03 / train/loss/policy -0.01 / train/loss/rep 1.01 / train/loss/repval 2.1 / train/loss/rew 0.14 / train/loss/value 1.22 / train/rand/action 0.1 / replay/replay_ratio 264 / fps/policy 7.68 / fps/train 1965.14

Writing metrics: /data2/liguoqi/habmm/hab_z/btwm/runs/btwm_atari_pong_seed1_v3_pw05_100k/metrics.jsonl
Writing metrics: /data2/liguoqi/habmm/hab_z/btwm/runs/btwm_atari_pong_seed1_v3_pw05_100k/scores.jsonl

--------------------[Agent Step 11_880]--------------------
Metrics filtered by: 'score|length|fps|ratio|train/loss/|train/acc/|train/inv/|train/rand/'
episode/score -21 / episode/length 762 / train/acc/inv 0.59 / train/inv/ce 1.41 / train/inv/confidence 0.49 / train/inv/effective_rep_weight 0.02 / train/inv/head_objective 0.79 / train/inv/head_weight 0.02 / train/inv/objective 0.79 / train/inv/policy_weight_max 1.22 / train/inv/policy_weight_mean 1 / train/inv/policy_weight_min 0.74 / train/inv/policy_weight_std 0.21 / train/inv/valid_frac 1 / train/inv/weight 0.05 / train/loss/con 0.03 / train/loss/dyn 1.09 / train/loss/image 2.98 / train/loss/inv 0.02 / train/loss/policy -1.7e-3 / train/loss/rep 1.09 / train/loss/repval 1.58 / train/loss/rew 0.14 / train/loss/value 0.94 / train/rand/action 0.03 / replay/replay_ratio 264 / fps/policy 7.58 / fps/train 1940.85

Writing metrics: /data2/liguoqi/habmm/hab_z/btwm/runs/btwm_atari_pong_seed1_v3_pw05_100k/metrics.jsonl
Writing metrics: /data2/liguoqi/habmm/hab_z/btwm/runs/btwm_atari_pong_seed1_v3_pw05_100k/scores.jsonl

--------------------[Agent Step 15_520]--------------------
Metrics filtered by: 'score|length|fps|ratio|train/loss/|train/acc/|train/inv/|train/rand/'
episode/score -21 / episode/length 765 / train/acc/inv 0.53 / train/inv/ce 1.42 / train/inv/confidence 0.43 / train/inv/effective_rep_weight 0.02 / train/inv/head_objective 0.79 / train/inv/head_weight 0.02 / train/inv/objective 0.79 / train/inv/policy_weight_max 1.25 / train/inv/policy_weight_mean 1 / train/inv/policy_weight_min 0.75 / train/inv/policy_weight_std 0.22 / train/inv/valid_frac 1 / train/inv/weight 0.05 / train/loss/con 0.03 / train/loss/dyn 1 / train/loss/image 2.37 / train/loss/inv 0.02 / train/loss/policy -3.2e-3 / train/loss/rep 1 / train/loss/repval 1.51 / train/loss/rew 0.14 / train/loss/value 1.08 / train/rand/action 0.26 / replay/replay_ratio 264 / fps/policy 7.45 / fps/train 1908.01

Writing metrics: /data2/liguoqi/habmm/hab_z/btwm/runs/btwm_atari_pong_seed1_v3_pw05_100k/scores.jsonl
Writing metrics: /data2/liguoqi/habmm/hab_z/btwm/runs/btwm_atari_pong_seed1_v3_pw05_100k/metrics.jsonl

--------------------[Agent Step 17_960]--------------------
Metrics filtered by: 'score|length|fps|ratio|train/loss/|train/acc/|train/inv/|train/rand/'
train/acc/inv 0.51 / train/inv/ce 1.43 / train/inv/confidence 0.4 / train/inv/effective_rep_weight 0.02 / train/inv/head_objective 0.8 / train/inv/head_weight 0.02 / train/inv/objective 0.8 / train/inv/policy_weight_max 1.26 / train/inv/policy_weight_mean 1 / train/inv/policy_weight_min 0.75 / train/inv/policy_weight_std 0.23 / train/inv/valid_frac 1 / train/inv/weight 0.05 / train/loss/con 0.03 / train/loss/dyn 1 / train/loss/image 2.18 / train/loss/inv 0.02 / train/loss/policy 2.8e-3 / train/loss/rep 1 / train/loss/repval 1.58 / train/loss/rew 0.14 / train/loss/value 1.16 / train/rand/action 0.13 / replay/replay_ratio 264 / fps/policy 5.08 / fps/train 1299.69

Writing metrics: /data2/liguoqi/habmm/hab_z/btwm/runs/btwm_atari_pong_seed1_v3_pw05_100k/scores.jsonl
Writing metrics: /data2/liguoqi/habmm/hab_z/btwm/runs/btwm_atari_pong_seed1_v3_pw05_100k/metrics.jsonl

--------------------[Agent Step 20_400]--------------------
Metrics filtered by: 'score|length|fps|ratio|train/loss/|train/acc/|train/inv/|train/rand/'
episode/score -20 / episode/length 870 / train/acc/inv 0.46 / train/inv/ce 1.46 / train/inv/confidence 0.36 / train/inv/effective_rep_weight 0.02 / train/inv/head_objective 0.82 / train/inv/head_weight 0.02 / train/inv/objective 0.82 / train/inv/policy_weight_max 1.29 / train/inv/policy_weight_mean 1 / train/inv/policy_weight_min 0.76 / train/inv/policy_weight_std 0.24 / train/inv/valid_frac 1 / train/inv/weight 0.05 / train/loss/con 0.03 / train/loss/dyn 1 / train/loss/image 2.09 / train/loss/inv 0.02 / train/loss/policy 4.1e-3 / train/loss/rep 1 / train/loss/repval 1.82 / train/loss/rew 0.14 / train/loss/value 1.28 / train/rand/action 0.1 / replay/replay_ratio 264 / fps/policy 5.05 / fps/train 1292.58

Writing metrics: /data2/liguoqi/habmm/hab_z/btwm/runs/btwm_atari_pong_seed1_v3_pw05_100k/scores.jsonl
Writing metrics: /data2/liguoqi/habmm/hab_z/btwm/runs/btwm_atari_pong_seed1_v3_pw05_100k/metrics.jsonl

--------------------[Agent Step 22_920]--------------------
Metrics filtered by: 'score|length|fps|ratio|train/loss/|train/acc/|train/inv/|train/rand/'
episode/score -20 / episode/length 862 / train/acc/inv 0.44 / train/inv/ce 1.48 / train/inv/confidence 0.34 / train/inv/effective_rep_weight 0.02 / train/inv/head_objective 0.83 / train/inv/head_weight 0.02 / train/inv/objective 0.83 / train/inv/policy_weight_max 1.29 / train/inv/policy_weight_mean 1 / train/inv/policy_weight_min 0.76 / train/inv/policy_weight_std 0.23 / train/inv/valid_frac 1 / train/inv/weight 0.05 / train/loss/con 0.03 / train/loss/dyn 1.01 / train/loss/image 2.06 / train/loss/inv 0.02 / train/loss/policy 3.8e-3 / train/loss/rep 1.01 / train/loss/repval 1.58 / train/loss/rew 0.13 / train/loss/value 0.92 / train/rand/action 0.06 / replay/replay_ratio 264 / fps/policy 5.16 / fps/train 1319.9

Writing metrics: /data2/liguoqi/habmm/hab_z/btwm/runs/btwm_atari_pong_seed1_v3_pw05_100k/metrics.jsonl
Writing metrics: /data2/liguoqi/habmm/hab_z/btwm/runs/btwm_atari_pong_seed1_v3_pw05_100k/scores.jsonl

--------------------[Agent Step 25_480]--------------------
Metrics filtered by: 'score|length|fps|ratio|train/loss/|train/acc/|train/inv/|train/rand/'
train/acc/inv 0.48 / train/inv/ce 1.36 / train/inv/confidence 0.4 / train/inv/effective_rep_weight 0.02 / train/inv/head_objective 0.76 / train/inv/head_weight 0.02 / train/inv/objective 0.76 / train/inv/policy_weight_max 1.29 / train/inv/policy_weight_mean 1 / train/inv/policy_weight_min 0.76 / train/inv/policy_weight_std 0.22 / train/inv/valid_frac 1 / train/inv/weight 0.05 / train/loss/con 0.02 / train/loss/dyn 1.28 / train/loss/image 1.64 / train/loss/inv 0.02 / train/loss/policy 2.4e-3 / train/loss/rep 1.28 / train/loss/repval 1.58 / train/loss/rew 0.08 / train/loss/value 1.16 / train/rand/action 0.13 / replay/replay_ratio 264 / fps/policy 5.24 / fps/train 1341.64

Writing metrics: /data2/liguoqi/habmm/hab_z/btwm/runs/btwm_atari_pong_seed1_v3_pw05_100k/scores.jsonl
Writing metrics: /data2/liguoqi/habmm/hab_z/btwm/runs/btwm_atari_pong_seed1_v3_pw05_100k/metrics.jsonl

--------------------[Agent Step 28_080]--------------------
Metrics filtered by: 'score|length|fps|ratio|train/loss/|train/acc/|train/inv/|train/rand/'
episode/score -20 / episode/length 867 / train/acc/inv 0.52 / train/inv/ce 1.25 / train/inv/confidence 0.44 / train/inv/effective_rep_weight 0.02 / train/inv/head_objective 0.7 / train/inv/head_weight 0.02 / train/inv/objective 0.7 / train/inv/policy_weight_max 1.28 / train/inv/policy_weight_mean 1 / train/inv/policy_weight_min 0.76 / train/inv/policy_weight_std 0.22 / train/inv/valid_frac 1 / train/inv/weight 0.05 / train/loss/con 0.02 / train/loss/dyn 1.32 / train/loss/image 1.41 / train/loss/inv 0.02 / train/loss/policy 3e-3 / train/loss/rep 1.32 / train/loss/repval 1.57 / train/loss/rew 0.04 / train/loss/value 1.26 / train/rand/action 0.12 / replay/replay_ratio 264 / fps/policy 5.38 / fps/train 1377.29

Writing metrics: /data2/liguoqi/habmm/hab_z/btwm/runs/btwm_atari_pong_seed1_v3_pw05_100k/scores.jsonl
Writing metrics: /data2/liguoqi/habmm/hab_z/btwm/runs/btwm_atari_pong_seed1_v3_pw05_100k/metrics.jsonl

--------------------[Agent Step 30_560]--------------------
Metrics filtered by: 'score|length|fps|ratio|train/loss/|train/acc/|train/inv/|train/rand/'
episode/score -21 / episode/length 793 / train/acc/inv 0.58 / train/inv/ce 1.08 / train/inv/confidence 0.5 / train/inv/effective_rep_weight 0.02 / train/inv/head_objective 0.6 / train/inv/head_weight 0.02 / train/inv/objective 0.6 / train/inv/policy_weight_max 1.26 / train/inv/policy_weight_mean 1 / train/inv/policy_weight_min 0.75 / train/inv/policy_weight_std 0.21 / train/inv/valid_frac 1 / train/inv/weight 0.05 / train/loss/con 0.02 / train/loss/dyn 1.45 / train/loss/image 0.93 / train/loss/inv 0.02 / train/loss/policy 4.5e-3 / train/loss/rep 1.45 / train/loss/repval 1.57 / train/loss/rew 0.03 / train/loss/value 1.33 / train/rand/action 0.17 / replay/replay_ratio 264 / fps/policy 5.1 / fps/train 1304.37

Writing metrics: /data2/liguoqi/habmm/hab_z/btwm/runs/btwm_atari_pong_seed1_v3_pw05_100k/scores.jsonl
Writing metrics: /data2/liguoqi/habmm/hab_z/btwm/runs/btwm_atari_pong_seed1_v3_pw05_100k/metrics.jsonl

--------------------[Agent Step 33_080]--------------------
Metrics filtered by: 'score|length|fps|ratio|train/loss/|train/acc/|train/inv/|train/rand/'
episode/score -21 / episode/length 792 / train/acc/inv 0.63 / train/inv/ce 0.97 / train/inv/confidence 0.54 / train/inv/effective_rep_weight 0.03 / train/inv/head_objective 0.54 / train/inv/head_weight 0.02 / train/inv/objective 0.54 / train/inv/policy_weight_max 1.24 / train/inv/policy_weight_mean 1 / train/inv/policy_weight_min 0.75 / train/inv/policy_weight_std 0.2 / train/inv/valid_frac 1 / train/inv/weight 0.05 / train/loss/con 0.02 / train/loss/dyn 1.5 / train/loss/image 0.69 / train/loss/inv 0.02 / train/loss/policy 1.5e-3 / train/loss/rep 1.5 / train/loss/repval 1.76 / train/loss/rew 0.03 / train/loss/value 1.44 / train/rand/action 0.14 / replay/replay_ratio 264 / fps/policy 5.26 / fps/train 1347.31

Writing metrics: /data2/liguoqi/habmm/hab_z/btwm/runs/btwm_atari_pong_seed1_v3_pw05_100k/scores.jsonl
Writing metrics: /data2/liguoqi/habmm/hab_z/btwm/runs/btwm_atari_pong_seed1_v3_pw05_100k/metrics.jsonl

--------------------[Agent Step 35_640]--------------------
Metrics filtered by: 'score|length|fps|ratio|train/loss/|train/acc/|train/inv/|train/rand/'
episode/score -21 / episode/length 788 / train/acc/inv 0.67 / train/inv/ce 0.86 / train/inv/confidence 0.58 / train/inv/effective_rep_weight 0.03 / train/inv/head_objective 0.48 / train/inv/head_weight 0.02 / train/inv/objective 0.48 / train/inv/policy_weight_max 1.23 / train/inv/policy_weight_mean 1 / train/inv/policy_weight_min 0.74 / train/inv/policy_weight_std 0.2 / train/inv/valid_frac 1 / train/inv/weight 0.05 / train/loss/con 0.02 / train/loss/dyn 1.41 / train/loss/image 0.54 / train/loss/inv 0.02 / train/loss/policy 4.3e-4 / train/loss/rep 1.41 / train/loss/repval 1.67 / train/loss/rew 0.02 / train/loss/value 1.37 / train/rand/action 0.11 / replay/replay_ratio 264 / fps/policy 5.29 / fps/train 1354.05

Writing metrics: /data2/liguoqi/habmm/hab_z/btwm/runs/btwm_atari_pong_seed1_v3_pw05_100k/metrics.jsonl
Writing metrics: /data2/liguoqi/habmm/hab_z/btwm/runs/btwm_atari_pong_seed1_v3_pw05_100k/scores.jsonl

--------------------[Agent Step 38_360]--------------------
Metrics filtered by: 'score|length|fps|ratio|train/loss/|train/acc/|train/inv/|train/rand/'
train/acc/inv 0.7 / train/inv/ce 0.77 / train/inv/confidence 0.62 / train/inv/effective_rep_weight 0.03 / train/inv/head_objective 0.43 / train/inv/head_weight 0.02 / train/inv/objective 0.43 / train/inv/policy_weight_max 1.21 / train/inv/policy_weight_mean 1 / train/inv/policy_weight_min 0.74 / train/inv/policy_weight_std 0.19 / train/inv/valid_frac 1 / train/inv/weight 0.05 / train/loss/con 0.02 / train/loss/dyn 1.37 / train/loss/image 0.49 / train/loss/inv 0.01 / train/loss/policy 7.9e-4 / train/loss/rep 1.37 / train/loss/repval 1.72 / train/loss/rew 0.02 / train/loss/value 1.41 / train/rand/action 0.11 / replay/replay_ratio 264 / fps/policy 5.66 / fps/train 1448.53

Writing metrics: /data2/liguoqi/habmm/hab_z/btwm/runs/btwm_atari_pong_seed1_v3_pw05_100k/scores.jsonl
Writing metrics: /data2/liguoqi/habmm/hab_z/btwm/runs/btwm_atari_pong_seed1_v3_pw05_100k/metrics.jsonl

--------------------[Agent Step 41_880]--------------------
Metrics filtered by: 'score|length|fps|ratio|train/loss/|train/acc/|train/inv/|train/rand/'
episode/score -21 / episode/length 790 / train/acc/inv 0.73 / train/inv/ce 0.69 / train/inv/confidence 0.65 / train/inv/effective_rep_weight 0.03 / train/inv/head_objective 0.38 / train/inv/head_weight 0.02 / train/inv/objective 0.38 / train/inv/policy_weight_max 1.19 / train/inv/policy_weight_mean 1 / train/inv/policy_weight_min 0.74 / train/inv/policy_weight_std 0.18 / train/inv/valid_frac 1 / train/inv/weight 0.05 / train/loss/con 0.02 / train/loss/dyn 1.33 / train/loss/image 0.39 / train/loss/inv 0.01 / train/loss/policy 8.8e-4 / train/loss/rep 1.33 / train/loss/repval 1.77 / train/loss/rew 0.02 / train/loss/value 1.45 / train/rand/action 0.1 / replay/replay_ratio 264 / fps/policy 7.31 / fps/train 1870.65

Writing metrics: /data2/liguoqi/habmm/hab_z/btwm/runs/btwm_atari_pong_seed1_v3_pw05_100k/scores.jsonl
Writing metrics: /data2/liguoqi/habmm/hab_z/btwm/runs/btwm_atari_pong_seed1_v3_pw05_100k/metrics.jsonl

--------------------[Agent Step 45_600]--------------------
Metrics filtered by: 'score|length|fps|ratio|train/loss/|train/acc/|train/inv/|train/rand/'
episode/score -20 / episode/length 840 / train/acc/inv 0.76 / train/inv/ce 0.62 / train/inv/confidence 0.69 / train/inv/effective_rep_weight 0.03 / train/inv/head_objective 0.35 / train/inv/head_weight 0.02 / train/inv/objective 0.35 / train/inv/policy_weight_max 1.18 / train/inv/policy_weight_mean 1 / train/inv/policy_weight_min 0.74 / train/inv/policy_weight_std 0.17 / train/inv/valid_frac 1 / train/inv/weight 0.05 / train/loss/con 0.02 / train/loss/dyn 1.34 / train/loss/image 0.36 / train/loss/inv 0.01 / train/loss/policy 1.1e-3 / train/loss/rep 1.34 / train/loss/repval 1.7 / train/loss/rew 0.02 / train/loss/value 1.38 / train/rand/action 0.12 / replay/replay_ratio 264 / fps/policy 7.7 / fps/train 1971.55

Writing metrics: /data2/liguoqi/habmm/hab_z/btwm/runs/btwm_atari_pong_seed1_v3_pw05_100k/scores.jsonl
Writing metrics: /data2/liguoqi/habmm/hab_z/btwm/runs/btwm_atari_pong_seed1_v3_pw05_100k/metrics.jsonl

--------------------[Agent Step 49_320]--------------------
Metrics filtered by: 'score|length|fps|ratio|train/loss/|train/acc/|train/inv/|train/rand/'
episode/score -21 / episode/length 779 / train/acc/inv 0.78 / train/inv/ce 0.56 / train/inv/confidence 0.72 / train/inv/effective_rep_weight 0.04 / train/inv/head_objective 0.31 / train/inv/head_weight 0.02 / train/inv/objective 0.31 / train/inv/policy_weight_max 1.16 / train/inv/policy_weight_mean 1 / train/inv/policy_weight_min 0.74 / train/inv/policy_weight_std 0.16 / train/inv/valid_frac 1 / train/inv/weight 0.05 / train/loss/con 0.02 / train/loss/dyn 1.29 / train/loss/image 0.31 / train/loss/inv 0.01 / train/loss/policy -3.9e-4 / train/loss/rep 1.29 / train/loss/repval 1.63 / train/loss/rew 0.02 / train/loss/value 1.33 / train/rand/action 0.14 / replay/replay_ratio 264 / fps/policy 7.7 / fps/train 1971.71

Writing metrics: /data2/liguoqi/habmm/hab_z/btwm/runs/btwm_atari_pong_seed1_v3_pw05_100k/metrics.jsonl
Writing metrics: /data2/liguoqi/habmm/hab_z/btwm/runs/btwm_atari_pong_seed1_v3_pw05_100k/scores.jsonl

--------------------[Agent Step 53_040]--------------------
Metrics filtered by: 'score|length|fps|ratio|train/loss/|train/acc/|train/inv/|train/rand/'
episode/score -21 / episode/length 779 / train/acc/inv 0.79 / train/inv/ce 0.53 / train/inv/confidence 0.72 / train/inv/effective_rep_weight 0.04 / train/inv/head_objective 0.3 / train/inv/head_weight 0.02 / train/inv/objective 0.3 / train/inv/policy_weight_max 1.15 / train/inv/policy_weight_mean 1 / train/inv/policy_weight_min 0.74 / train/inv/policy_weight_std 0.15 / train/inv/valid_frac 1 / train/inv/weight 0.05 / train/loss/con 0.02 / train/loss/dyn 1.24 / train/loss/image 0.26 / train/loss/inv 0.01 / train/loss/policy 4.1e-4 / train/loss/rep 1.24 / train/loss/repval 1.53 / train/loss/rew 0.02 / train/loss/value 1.26 / train/rand/action 0.11 / replay/replay_ratio 264 / fps/policy 7.7 / fps/train 1970.16

Writing metrics: /data2/liguoqi/habmm/hab_z/btwm/runs/btwm_atari_pong_seed1_v3_pw05_100k/scores.jsonl
Writing metrics: /data2/liguoqi/habmm/hab_z/btwm/runs/btwm_atari_pong_seed1_v3_pw05_100k/metrics.jsonl

--------------------[Agent Step 56_760]--------------------
Metrics filtered by: 'score|length|fps|ratio|train/loss/|train/acc/|train/inv/|train/rand/'
episode/score -21 / episode/length 778 / train/acc/inv 0.79 / train/inv/ce 0.52 / train/inv/confidence 0.73 / train/inv/effective_rep_weight 0.04 / train/inv/head_objective 0.29 / train/inv/head_weight 0.02 / train/inv/objective 0.29 / train/inv/policy_weight_max 1.15 / train/inv/policy_weight_mean 1 / train/inv/policy_weight_min 0.74 / train/inv/policy_weight_std 0.15 / train/inv/valid_frac 1 / train/inv/weight 0.05 / train/loss/con 0.02 / train/loss/dyn 1.23 / train/loss/image 0.24 / train/loss/inv 9.9e-3 / train/loss/policy 4.9e-4 / train/loss/rep 1.23 / train/loss/repval 1.53 / train/loss/rew 0.02 / train/loss/value 1.24 / train/rand/action 0.13 / replay/replay_ratio 264 / fps/policy 7.69 / fps/train 1969.09

Writing metrics: /data2/liguoqi/habmm/hab_z/btwm/runs/btwm_atari_pong_seed1_v3_pw05_100k/metrics.jsonl
Writing metrics: /data2/liguoqi/habmm/hab_z/btwm/runs/btwm_atari_pong_seed1_v3_pw05_100k/scores.jsonl

--------------------[Agent Step 60_480]--------------------
Metrics filtered by: 'score|length|fps|ratio|train/loss/|train/acc/|train/inv/|train/rand/'
episode/score -21 / episode/length 823 / train/acc/inv 0.8 / train/inv/ce 0.52 / train/inv/confidence 0.74 / train/inv/effective_rep_weight 0.04 / train/inv/head_objective 0.29 / train/inv/head_weight 0.02 / train/inv/objective 0.29 / train/inv/policy_weight_max 1.14 / train/inv/policy_weight_mean 1 / train/inv/policy_weight_min 0.74 / train/inv/policy_weight_std 0.15 / train/inv/valid_frac 1 / train/inv/weight 0.05 / train/loss/con 0.02 / train/loss/dyn 1.19 / train/loss/image 0.22 / train/loss/inv 9.7e-3 / train/loss/policy -7.2e-5 / train/loss/rep 1.19 / train/loss/repval 1.37 / train/loss/rew 0.02 / train/loss/value 1.15 / train/rand/action 0.14 / replay/replay_ratio 264 / fps/policy 7.71 / fps/train 1973.37

Writing metrics: /data2/liguoqi/habmm/hab_z/btwm/runs/btwm_atari_pong_seed1_v3_pw05_100k/metrics.jsonl
Writing metrics: /data2/liguoqi/habmm/hab_z/btwm/runs/btwm_atari_pong_seed1_v3_pw05_100k/scores.jsonl

--------------------[Agent Step 64_080]--------------------
Metrics filtered by: 'score|length|fps|ratio|train/loss/|train/acc/|train/inv/|train/rand/'
episode/score -20 / episode/length 838 / train/acc/inv 0.8 / train/inv/ce 0.51 / train/inv/confidence 0.74 / train/inv/effective_rep_weight 0.04 / train/inv/head_objective 0.28 / train/inv/head_weight 0.02 / train/inv/objective 0.28 / train/inv/policy_weight_max 1.14 / train/inv/policy_weight_mean 1 / train/inv/policy_weight_min 0.74 / train/inv/policy_weight_std 0.15 / train/inv/valid_frac 1 / train/inv/weight 0.05 / train/loss/con 0.02 / train/loss/dyn 1.18 / train/loss/image 0.21 / train/loss/inv 9.5e-3 / train/loss/policy 6.1e-4 / train/loss/rep 1.18 / train/loss/repval 1.4 / train/loss/rew 0.02 / train/loss/value 1.17 / train/rand/action 0.16 / replay/replay_ratio 264 / fps/policy 7.46 / fps/train 1910.42

Writing metrics: /data2/liguoqi/habmm/hab_z/btwm/runs/btwm_atari_pong_seed1_v3_pw05_100k/metrics.jsonl
Writing metrics: /data2/liguoqi/habmm/hab_z/btwm/runs/btwm_atari_pong_seed1_v3_pw05_100k/scores.jsonl

--------------------[Agent Step 67_800]--------------------
Metrics filtered by: 'score|length|fps|ratio|train/loss/|train/acc/|train/inv/|train/rand/'
episode/score -21 / episode/length 786 / train/acc/inv 0.81 / train/inv/ce 0.49 / train/inv/confidence 0.76 / train/inv/effective_rep_weight 0.04 / train/inv/head_objective 0.27 / train/inv/head_weight 0.02 / train/inv/objective 0.27 / train/inv/policy_weight_max 1.13 / train/inv/policy_weight_mean 1 / train/inv/policy_weight_min 0.74 / train/inv/policy_weight_std 0.14 / train/inv/valid_frac 1 / train/inv/weight 0.05 / train/loss/con 0.02 / train/loss/dyn 1.2 / train/loss/image 0.22 / train/loss/inv 9.1e-3 / train/loss/policy 2.4e-3 / train/loss/rep 1.2 / train/loss/repval 1.26 / train/loss/rew 0.02 / train/loss/value 1.1 / train/rand/action 0.17 / replay/replay_ratio 264 / fps/policy 7.69 / fps/train 1968.8

Writing metrics: /data2/liguoqi/habmm/hab_z/btwm/runs/btwm_atari_pong_seed1_v3_pw05_100k/metrics.jsonl
Writing metrics: /data2/liguoqi/habmm/hab_z/btwm/runs/btwm_atari_pong_seed1_v3_pw05_100k/scores.jsonl

--------------------[Agent Step 71_520]--------------------
Metrics filtered by: 'score|length|fps|ratio|train/loss/|train/acc/|train/inv/|train/rand/'
episode/score -19 / episode/length 989 / train/acc/inv 0.82 / train/inv/ce 0.47 / train/inv/confidence 0.77 / train/inv/effective_rep_weight 0.04 / train/inv/head_objective 0.26 / train/inv/head_weight 0.02 / train/inv/objective 0.26 / train/inv/policy_weight_max 1.12 / train/inv/policy_weight_mean 1 / train/inv/policy_weight_min 0.74 / train/inv/policy_weight_std 0.14 / train/inv/valid_frac 1 / train/inv/weight 0.05 / train/loss/con 0.02 / train/loss/dyn 1.21 / train/loss/image 0.22 / train/loss/inv 8.7e-3 / train/loss/policy 3.4e-3 / train/loss/rep 1.21 / train/loss/repval 1.33 / train/loss/rew 0.02 / train/loss/value 1.19 / train/rand/action 0.13 / replay/replay_ratio 264 / fps/policy 7.68 / fps/train 1967.07

Writing metrics: /data2/liguoqi/habmm/hab_z/btwm/runs/btwm_atari_pong_seed1_v3_pw05_100k/metrics.jsonl
Writing metrics: /data2/liguoqi/habmm/hab_z/btwm/runs/btwm_atari_pong_seed1_v3_pw05_100k/scores.jsonl

--------------------[Agent Step 75_240]--------------------
Metrics filtered by: 'score|length|fps|ratio|train/loss/|train/acc/|train/inv/|train/rand/'
episode/score -18 / episode/length 1234 / train/acc/inv 0.83 / train/inv/ce 0.45 / train/inv/confidence 0.77 / train/inv/effective_rep_weight 0.04 / train/inv/head_objective 0.25 / train/inv/head_weight 0.02 / train/inv/objective 0.25 / train/inv/policy_weight_max 1.12 / train/inv/policy_weight_mean 1 / train/inv/policy_weight_min 0.74 / train/inv/policy_weight_std 0.14 / train/inv/valid_frac 1 / train/inv/weight 0.05 / train/loss/con 0.02 / train/loss/dyn 1.22 / train/loss/image 0.23 / train/loss/inv 8.4e-3 / train/loss/policy 2.9e-3 / train/loss/rep 1.22 / train/loss/repval 1.34 / train/loss/rew 0.02 / train/loss/value 1.19 / train/rand/action 0.09 / replay/replay_ratio 264 / fps/policy 7.7 / fps/train 1971.78

Writing metrics: /data2/liguoqi/habmm/hab_z/btwm/runs/btwm_atari_pong_seed1_v3_pw05_100k/metrics.jsonl
Writing metrics: /data2/liguoqi/habmm/hab_z/btwm/runs/btwm_atari_pong_seed1_v3_pw05_100k/scores.jsonl

--------------------[Agent Step 78_960]--------------------
Metrics filtered by: 'score|length|fps|ratio|train/loss/|train/acc/|train/inv/|train/rand/'
train/acc/inv 0.85 / train/inv/ce 0.42 / train/inv/confidence 0.79 / train/inv/effective_rep_weight 0.04 / train/inv/head_objective 0.23 / train/inv/head_weight 0.02 / train/inv/objective 0.23 / train/inv/policy_weight_max 1.11 / train/inv/policy_weight_mean 1 / train/inv/policy_weight_min 0.74 / train/inv/policy_weight_std 0.13 / train/inv/valid_frac 1 / train/inv/weight 0.05 / train/loss/con 0.02 / train/loss/dyn 1.26 / train/loss/image 0.26 / train/loss/inv 7.9e-3 / train/loss/policy 2.5e-3 / train/loss/rep 1.26 / train/loss/repval 1.47 / train/loss/rew 0.02 / train/loss/value 1.3 / train/rand/action 0.07 / replay/replay_ratio 264 / fps/policy 7.71 / fps/train 1974.25

Writing metrics: /data2/liguoqi/habmm/hab_z/btwm/runs/btwm_atari_pong_seed1_v3_pw05_100k/metrics.jsonl
Writing metrics: /data2/liguoqi/habmm/hab_z/btwm/runs/btwm_atari_pong_seed1_v3_pw05_100k/scores.jsonl

--------------------[Agent Step 82_640]--------------------
Metrics filtered by: 'score|length|fps|ratio|train/loss/|train/acc/|train/inv/|train/rand/'
episode/score -14 / episode/length 1731 / train/acc/inv 0.85 / train/inv/ce 0.4 / train/inv/confidence 0.8 / train/inv/effective_rep_weight 0.04 / train/inv/head_objective 0.22 / train/inv/head_weight 0.02 / train/inv/objective 0.22 / train/inv/policy_weight_max 1.1 / train/inv/policy_weight_mean 1 / train/inv/policy_weight_min 0.74 / train/inv/policy_weight_std 0.13 / train/inv/valid_frac 1 / train/inv/weight 0.05 / train/loss/con 0.02 / train/loss/dyn 1.28 / train/loss/image 0.26 / train/loss/inv 7.6e-3 / train/loss/policy 2.3e-3 / train/loss/rep 1.28 / train/loss/repval 1.52 / train/loss/rew 0.02 / train/loss/value 1.32 / train/rand/action 0.07 / replay/replay_ratio 264 / fps/policy 7.62 / fps/train 1950.68

Writing metrics: /data2/liguoqi/habmm/hab_z/btwm/runs/btwm_atari_pong_seed1_v3_pw05_100k/metrics.jsonl
Writing metrics: /data2/liguoqi/habmm/hab_z/btwm/runs/btwm_atari_pong_seed1_v3_pw05_100k/scores.jsonl

--------------------[Agent Step 86_280]--------------------
Metrics filtered by: 'score|length|fps|ratio|train/loss/|train/acc/|train/inv/|train/rand/'
episode/score -15 / episode/length 1569 / train/acc/inv 0.86 / train/inv/ce 0.37 / train/inv/confidence 0.81 / train/inv/effective_rep_weight 0.04 / train/inv/head_objective 0.21 / train/inv/head_weight 0.02 / train/inv/objective 0.21 / train/inv/policy_weight_max 1.1 / train/inv/policy_weight_mean 1 / train/inv/policy_weight_min 0.74 / train/inv/policy_weight_std 0.12 / train/inv/valid_frac 1 / train/inv/weight 0.05 / train/loss/con 0.02 / train/loss/dyn 1.28 / train/loss/image 0.25 / train/loss/inv 7.1e-3 / train/loss/policy 2e-3 / train/loss/rep 1.28 / train/loss/repval 1.52 / train/loss/rew 0.02 / train/loss/value 1.32 / train/rand/action 0.07 / replay/replay_ratio 264 / fps/policy 7.59 / fps/train 1943.21

Writing metrics: /data2/liguoqi/habmm/hab_z/btwm/runs/btwm_atari_pong_seed1_v3_pw05_100k/metrics.jsonl
Writing metrics: /data2/liguoqi/habmm/hab_z/btwm/runs/btwm_atari_pong_seed1_v3_pw05_100k/scores.jsonl

--------------------[Agent Step 89_960]--------------------
Metrics filtered by: 'score|length|fps|ratio|train/loss/|train/acc/|train/inv/|train/rand/'
train/acc/inv 0.87 / train/inv/ce 0.36 / train/inv/confidence 0.82 / train/inv/effective_rep_weight 0.04 / train/inv/head_objective 0.2 / train/inv/head_weight 0.02 / train/inv/objective 0.2 / train/inv/policy_weight_max 1.09 / train/inv/policy_weight_mean 1 / train/inv/policy_weight_min 0.74 / train/inv/policy_weight_std 0.12 / train/inv/valid_frac 1 / train/inv/weight 0.05 / train/loss/con 0.02 / train/loss/dyn 1.3 / train/loss/image 0.26 / train/loss/inv 6.8e-3 / train/loss/policy 1.8e-3 / train/loss/rep 1.3 / train/loss/repval 1.54 / train/loss/rew 0.02 / train/loss/value 1.34 / train/rand/action 0.06 / replay/replay_ratio 264 / fps/policy 7.6 / fps/train 1946.79

Writing metrics: /data2/liguoqi/habmm/hab_z/btwm/runs/btwm_atari_pong_seed1_v3_pw05_100k/metrics.jsonl
Writing metrics: /data2/liguoqi/habmm/hab_z/btwm/runs/btwm_atari_pong_seed1_v3_pw05_100k/scores.jsonl

--------------------[Agent Step 93_440]--------------------
Metrics filtered by: 'score|length|fps|ratio|train/loss/|train/acc/|train/inv/|train/rand/'
episode/score -18 / episode/length 1211 / train/acc/inv 0.88 / train/inv/ce 0.34 / train/inv/confidence 0.83 / train/inv/effective_rep_weight 0.04 / train/inv/head_objective 0.19 / train/inv/head_weight 0.02 / train/inv/objective 0.19 / train/inv/policy_weight_max 1.08 / train/inv/policy_weight_mean 1 / train/inv/policy_weight_min 0.74 / train/inv/policy_weight_std 0.11 / train/inv/valid_frac 1 / train/inv/weight 0.05 / train/loss/con 0.02 / train/loss/dyn 1.29 / train/loss/image 0.25 / train/loss/inv 6.4e-3 / train/loss/policy 1.6e-3 / train/loss/rep 1.29 / train/loss/repval 1.54 / train/loss/rew 0.02 / train/loss/value 1.34 / train/rand/action 0.06 / replay/replay_ratio 264 / fps/policy 7.11 / fps/train 1820.11

Writing metrics: /data2/liguoqi/habmm/hab_z/btwm/runs/btwm_atari_pong_seed1_v3_pw05_100k/metrics.jsonl
Writing metrics: /data2/liguoqi/habmm/hab_z/btwm/runs/btwm_atari_pong_seed1_v3_pw05_100k/scores.jsonl

--------------------[Agent Step 96_680]--------------------
Metrics filtered by: 'score|length|fps|ratio|train/loss/|train/acc/|train/inv/|train/rand/'
train/acc/inv 0.89 / train/inv/ce 0.32 / train/inv/confidence 0.84 / train/inv/effective_rep_weight 0.04 / train/inv/head_objective 0.18 / train/inv/head_weight 0.02 / train/inv/objective 0.18 / train/inv/policy_weight_max 1.08 / train/inv/policy_weight_mean 1 / train/inv/policy_weight_min 0.74 / train/inv/policy_weight_std 0.11 / train/inv/valid_frac 1 / train/inv/weight 0.05 / train/loss/con 0.02 / train/loss/dyn 1.3 / train/loss/image 0.25 / train/loss/inv 6e-3 / train/loss/policy 1.5e-3 / train/loss/rep 1.3 / train/loss/repval 1.53 / train/loss/rew 0.02 / train/loss/value 1.32 / train/rand/action 0.06 / replay/replay_ratio 264 / fps/policy 6.8 / fps/train 1739.8

Writing metrics: /data2/liguoqi/habmm/hab_z/btwm/runs/btwm_atari_pong_seed1_v3_pw05_100k/metrics.jsonl
Writing metrics: /data2/liguoqi/habmm/hab_z/btwm/runs/btwm_atari_pong_seed1_v3_pw05_100k/scores.jsonl
Saving checkpoint: /data2/liguoqi/habmm/hab_z/btwm/runs/btwm_atari_pong_seed1_v3_pw05_100k/ckpt/20260615T115759F182064
Saved checkpoint.

--------------------[Agent Step 99_320]--------------------
Metrics filtered by: 'score|length|fps|ratio|train/loss/|train/acc/|train/inv/|train/rand/'
episode/score -17 / episode/length 1421 / train/acc/inv 0.89 / train/inv/ce 0.31 / train/inv/confidence 0.84 / train/inv/effective_rep_weight 0.04 / train/inv/head_objective 0.17 / train/inv/head_weight 0.02 / train/inv/objective 0.17 / train/inv/policy_weight_max 1.07 / train/inv/policy_weight_mean 1 / train/inv/policy_weight_min 0.74 / train/inv/policy_weight_std 0.11 / train/inv/valid_frac 1 / train/inv/weight 0.05 / train/loss/con 0.02 / train/loss/dyn 1.3 / train/loss/image 0.26 / train/loss/inv 5.9e-3 / train/loss/policy 1.3e-3 / train/loss/rep 1.3 / train/loss/repval 1.52 / train/loss/rew 0.02 / train/loss/value 1.3 / train/rand/action 0.06 / replay/replay_ratio 264 / fps/policy 1.08 / fps/train 276.57

Writing metrics: /data2/liguoqi/habmm/hab_z/btwm/runs/btwm_atari_pong_seed1_v3_pw05_100k/metrics.jsonl
Writing metrics: /data2/liguoqi/habmm/hab_z/btwm/runs/btwm_atari_pong_seed1_v3_pw05_100k/scores.jsonl

--------------------[Agent Step 102_720]--------------------
Metrics filtered by: 'score|length|fps|ratio|train/loss/|train/acc/|train/inv/|train/rand/'
train/acc/inv 0.88 / train/inv/ce 0.32 / train/inv/confidence 0.84 / train/inv/effective_rep_weight 0.04 / train/inv/head_objective 0.18 / train/inv/head_weight 0.02 / train/inv/objective 0.18 / train/inv/policy_weight_max 1.08 / train/inv/policy_weight_mean 1 / train/inv/policy_weight_min 0.74 / train/inv/policy_weight_std 0.11 / train/inv/valid_frac 1 / train/inv/weight 0.05 / train/loss/con 0.02 / train/loss/dyn 1.27 / train/loss/image 0.28 / train/loss/inv 6e-3 / train/loss/policy 1.6e-3 / train/loss/rep 1.27 / train/loss/repval 1.47 / train/loss/rew 0.02 / train/loss/value 1.28 / train/rand/action 0.06 / replay/replay_ratio 264 / fps/policy 7.67 / fps/train 1963.86

Writing metrics: /data2/liguoqi/habmm/hab_z/btwm/runs/btwm_atari_pong_seed1_v3_pw05_100k/metrics.jsonl
Writing metrics: /data2/liguoqi/habmm/hab_z/btwm/runs/btwm_atari_pong_seed1_v3_pw05_100k/scores.jsonl

--------------------[Agent Step 106_440]--------------------
Metrics filtered by: 'score|length|fps|ratio|train/loss/|train/acc/|train/inv/|train/rand/'
episode/score -17 / episode/length 1543 / train/acc/inv 0.9 / train/inv/ce 0.28 / train/inv/confidence 0.86 / train/inv/effective_rep_weight 0.04 / train/inv/head_objective 0.16 / train/inv/head_weight 0.02 / train/inv/objective 0.16 / train/inv/policy_weight_max 1.07 / train/inv/policy_weight_mean 1 / train/inv/policy_weight_min 0.74 / train/inv/policy_weight_std 0.1 / train/inv/valid_frac 1 / train/inv/weight 0.05 / train/loss/con 0.02 / train/loss/dyn 1.27 / train/loss/image 0.25 / train/loss/inv 5.4e-3 / train/loss/policy 1.6e-3 / train/loss/rep 1.27 / train/loss/repval 1.53 / train/loss/rew 0.02 / train/loss/value 1.31 / train/rand/action 0.05 / replay/replay_ratio 264 / fps/policy 7.7 / fps/train 1970.33

Writing metrics: /data2/liguoqi/habmm/hab_z/btwm/runs/btwm_atari_pong_seed1_v3_pw05_100k/metrics.jsonl
Writing metrics: /data2/liguoqi/habmm/hab_z/btwm/runs/btwm_atari_pong_seed1_v3_pw05_100k/scores.jsonl

--------------------[Agent Step 110_160]--------------------
Metrics filtered by: 'score|length|fps|ratio|train/loss/|train/acc/|train/inv/|train/rand/'
episode/score -15 / episode/length 1502 / train/acc/inv 0.91 / train/inv/ce 0.26 / train/inv/confidence 0.87 / train/inv/effective_rep_weight 0.04 / train/inv/head_objective 0.15 / train/inv/head_weight 0.02 / train/inv/objective 0.15 / train/inv/policy_weight_max 1.06 / train/inv/policy_weight_mean 1 / train/inv/policy_weight_min 0.74 / train/inv/policy_weight_std 0.1 / train/inv/valid_frac 1 / train/inv/weight 0.05 / train/loss/con 0.02 / train/loss/dyn 1.29 / train/loss/image 0.26 / train/loss/inv 5.1e-3 / train/loss/policy 1.3e-3 / train/loss/rep 1.29 / train/loss/repval 1.55 / train/loss/rew 0.02 / train/loss/value 1.32 / train/rand/action 0.05 / replay/replay_ratio 264 / fps/policy 7.69 / fps/train 1969.38

Writing metrics: /data2/liguoqi/habmm/hab_z/btwm/runs/btwm_atari_pong_seed1_v3_pw05_100k/scores.jsonl
Writing metrics: /data2/liguoqi/habmm/hab_z/btwm/runs/btwm_atari_pong_seed1_v3_pw05_100k/metrics.jsonl

--------------------[Agent Step 113_680]--------------------
Metrics filtered by: 'score|length|fps|ratio|train/loss/|train/acc/|train/inv/|train/rand/'
train/acc/inv 0.91 / train/inv/ce 0.25 / train/inv/confidence 0.87 / train/inv/effective_rep_weight 0.04 / train/inv/head_objective 0.14 / train/inv/head_weight 0.02 / train/inv/objective 0.14 / train/inv/policy_weight_max 1.06 / train/inv/policy_weight_mean 1 / train/inv/policy_weight_min 0.74 / train/inv/policy_weight_std 0.1 / train/inv/valid_frac 1 / train/inv/weight 0.05 / train/loss/con 0.02 / train/loss/dyn 1.28 / train/loss/image 0.27 / train/loss/inv 4.9e-3 / train/loss/policy 2.1e-3 / train/loss/rep 1.28 / train/loss/repval 1.62 / train/loss/rew 0.02 / train/loss/value 1.36 / train/rand/action 0.06 / replay/replay_ratio 264 / fps/policy 7.33 / fps/train 1875.76

Writing metrics: /data2/liguoqi/habmm/hab_z/btwm/runs/btwm_atari_pong_seed1_v3_pw05_100k/metrics.jsonl
Writing metrics: /data2/liguoqi/habmm/hab_z/btwm/runs/btwm_atari_pong_seed1_v3_pw05_100k/scores.jsonl

--------------------[Agent Step 116_960]--------------------
Metrics filtered by: 'score|length|fps|ratio|train/loss/|train/acc/|train/inv/|train/rand/'
episode/score -10 / episode/length 1905 / train/acc/inv 0.91 / train/inv/ce 0.26 / train/inv/confidence 0.87 / train/inv/effective_rep_weight 0.04 / train/inv/head_objective 0.15 / train/inv/head_weight 0.02 / train/inv/objective 0.15 / train/inv/policy_weight_max 1.06 / train/inv/policy_weight_mean 1 / train/inv/policy_weight_min 0.74 / train/inv/policy_weight_std 0.1 / train/inv/valid_frac 1 / train/inv/weight 0.05 / train/loss/con 0.02 / train/loss/dyn 1.34 / train/loss/image 0.28 / train/loss/inv 5e-3 / train/loss/policy 2.3e-3 / train/loss/rep 1.34 / train/loss/repval 1.74 / train/loss/rew 0.02 / train/loss/value 1.47 / train/rand/action 0.05 / replay/replay_ratio 264 / fps/policy 6.77 / fps/train 1733.24

Writing metrics: /data2/liguoqi/habmm/hab_z/btwm/runs/btwm_atari_pong_seed1_v3_pw05_100k/metrics.jsonl
Writing metrics: /data2/liguoqi/habmm/hab_z/btwm/runs/btwm_atari_pong_seed1_v3_pw05_100k/scores.jsonl

--------------------[Agent Step 120_440]--------------------
Metrics filtered by: 'score|length|fps|ratio|train/loss/|train/acc/|train/inv/|train/rand/'
train/acc/inv 0.92 / train/inv/ce 0.24 / train/inv/confidence 0.88 / train/inv/effective_rep_weight 0.04 / train/inv/head_objective 0.14 / train/inv/head_weight 0.02 / train/inv/objective 0.14 / train/inv/policy_weight_max 1.05 / train/inv/policy_weight_mean 1 / train/inv/policy_weight_min 0.74 / train/inv/policy_weight_std 0.09 / train/inv/valid_frac 1 / train/inv/weight 0.05 / train/loss/con 0.02 / train/loss/dyn 1.31 / train/loss/image 0.27 / train/loss/inv 4.6e-3 / train/loss/policy 2.9e-3 / train/loss/rep 1.31 / train/loss/repval 1.8 / train/loss/rew 0.02 / train/loss/value 1.53 / train/rand/action 0.07 / replay/replay_ratio 264 / fps/policy 7.21 / fps/train 1844.88

Writing metrics: /data2/liguoqi/habmm/hab_z/btwm/runs/btwm_atari_pong_seed1_v3_pw05_100k/metrics.jsonl
Writing metrics: /data2/liguoqi/habmm/hab_z/btwm/runs/btwm_atari_pong_seed1_v3_pw05_100k/scores.jsonl

--------------------[Agent Step 123_840]--------------------
Metrics filtered by: 'score|length|fps|ratio|train/loss/|train/acc/|train/inv/|train/rand/'
episode/score -13 / episode/length 1685 / train/acc/inv 0.92 / train/inv/ce 0.24 / train/inv/confidence 0.88 / train/inv/effective_rep_weight 0.04 / train/inv/head_objective 0.14 / train/inv/head_weight 0.02 / train/inv/objective 0.14 / train/inv/policy_weight_max 1.05 / train/inv/policy_weight_mean 1 / train/inv/policy_weight_min 0.74 / train/inv/policy_weight_std 0.09 / train/inv/valid_frac 1 / train/inv/weight 0.05 / train/loss/con 0.02 / train/loss/dyn 1.33 / train/loss/image 0.26 / train/loss/inv 4.6e-3 / train/loss/policy 2.7e-3 / train/loss/rep 1.33 / train/loss/repval 1.81 / train/loss/rew 0.02 / train/loss/value 1.51 / train/rand/action 0.07 / replay/replay_ratio 264 / fps/policy 6.35 / fps/train 1625.04

Writing metrics: /data2/liguoqi/habmm/hab_z/btwm/runs/btwm_atari_pong_seed1_v3_pw05_100k/metrics.jsonl
Writing metrics: /data2/liguoqi/habmm/hab_z/btwm/runs/btwm_atari_pong_seed1_v3_pw05_100k/scores.jsonl

--------------------[Agent Step 126_760]--------------------
Metrics filtered by: 'score|length|fps|ratio|train/loss/|train/acc/|train/inv/|train/rand/'
train/acc/inv 0.92 / train/inv/ce 0.23 / train/inv/confidence 0.89 / train/inv/effective_rep_weight 0.04 / train/inv/head_objective 0.13 / train/inv/head_weight 0.02 / train/inv/objective 0.13 / train/inv/policy_weight_max 1.05 / train/inv/policy_weight_mean 1 / train/inv/policy_weight_min 0.75 / train/inv/policy_weight_std 0.09 / train/inv/valid_frac 1 / train/inv/weight 0.05 / train/loss/con 0.02 / train/loss/dyn 1.29 / train/loss/image 0.24 / train/loss/inv 4.4e-3 / train/loss/policy 2.9e-3 / train/loss/rep 1.29 / train/loss/repval 1.88 / train/loss/rew 0.02 / train/loss/value 1.55 / train/rand/action 0.07 / replay/replay_ratio 264 / fps/policy 6.83 / fps/train 1749.23

Writing metrics: /data2/liguoqi/habmm/hab_z/btwm/runs/btwm_atari_pong_seed1_v3_pw05_100k/scores.jsonl
Writing metrics: /data2/liguoqi/habmm/hab_z/btwm/runs/btwm_atari_pong_seed1_v3_pw05_100k/metrics.jsonl

--------------------[Agent Step 130_000]--------------------
Metrics filtered by: 'score|length|fps|ratio|train/loss/|train/acc/|train/inv/|train/rand/'
train/acc/inv 0.92 / train/inv/ce 0.23 / train/inv/confidence 0.89 / train/inv/effective_rep_weight 0.04 / train/inv/head_objective 0.13 / train/inv/head_weight 0.02 / train/inv/objective 0.13 / train/inv/policy_weight_max 1.05 / train/inv/policy_weight_mean 1 / train/inv/policy_weight_min 0.75 / train/inv/policy_weight_std 0.09 / train/inv/valid_frac 1 / train/inv/weight 0.05 / train/loss/con 0.02 / train/loss/dyn 1.29 / train/loss/image 0.24 / train/loss/inv 4.4e-3 / train/loss/policy 3.1e-3 / train/loss/rep 1.29 / train/loss/repval 1.95 / train/loss/rew 0.02 / train/loss/value 1.59 / train/rand/action 0.07 / replay/replay_ratio 264 / fps/policy 6.71 / fps/train 1717.29

Writing metrics: /data2/liguoqi/habmm/hab_z/btwm/runs/btwm_atari_pong_seed1_v3_pw05_100k/metrics.jsonl
Writing metrics: /data2/liguoqi/habmm/hab_z/btwm/runs/btwm_atari_pong_seed1_v3_pw05_100k/scores.jsonl

--------------------[Agent Step 132_960]--------------------
Metrics filtered by: 'score|length|fps|ratio|train/loss/|train/acc/|train/inv/|train/rand/'
episode/score -12 / episode/length 1927 / train/acc/inv 0.92 / train/inv/ce 0.23 / train/inv/confidence 0.89 / train/inv/effective_rep_weight 0.04 / train/inv/head_objective 0.13 / train/inv/head_weight 0.02 / train/inv/objective 0.13 / train/inv/policy_weight_max 1.05 / train/inv/policy_weight_mean 1 / train/inv/policy_weight_min 0.75 / train/inv/policy_weight_std 0.09 / train/inv/valid_frac 1 / train/inv/weight 0.05 / train/loss/con 0.02 / train/loss/dyn 1.31 / train/loss/image 0.24 / train/loss/inv 4.3e-3 / train/loss/policy 2.3e-3 / train/loss/rep 1.31 / train/loss/repval 2.03 / train/loss/rew 0.02 / train/loss/value 1.61 / train/rand/action 0.07 / replay/replay_ratio 264 / fps/policy 6.12 / fps/train 1565.69

Writing metrics: /data2/liguoqi/habmm/hab_z/btwm/runs/btwm_atari_pong_seed1_v3_pw05_100k/scores.jsonl
Writing metrics: /data2/liguoqi/habmm/hab_z/btwm/runs/btwm_atari_pong_seed1_v3_pw05_100k/metrics.jsonl

--------------------[Agent Step 135_640]--------------------
Metrics filtered by: 'score|length|fps|ratio|train/loss/|train/acc/|train/inv/|train/rand/'
train/acc/inv 0.92 / train/inv/ce 0.23 / train/inv/confidence 0.89 / train/inv/effective_rep_weight 0.04 / train/inv/head_objective 0.13 / train/inv/head_weight 0.02 / train/inv/objective 0.13 / train/inv/policy_weight_max 1.05 / train/inv/policy_weight_mean 1 / train/inv/policy_weight_min 0.75 / train/inv/policy_weight_std 0.09 / train/inv/valid_frac 1 / train/inv/weight 0.05 / train/loss/con 0.02 / train/loss/dyn 1.3 / train/loss/image 0.24 / train/loss/inv 4.2e-3 / train/loss/policy 2.1e-3 / train/loss/rep 1.3 / train/loss/repval 1.99 / train/loss/rew 0.02 / train/loss/value 1.6 / train/rand/action 0.07 / replay/replay_ratio 264 / fps/policy 5.3 / fps/train 1355.81

Writing metrics: /data2/liguoqi/habmm/hab_z/btwm/runs/btwm_atari_pong_seed1_v3_pw05_100k/metrics.jsonl
Writing metrics: /data2/liguoqi/habmm/hab_z/btwm/runs/btwm_atari_pong_seed1_v3_pw05_100k/scores.jsonl

--------------------[Agent Step 138_720]--------------------
Metrics filtered by: 'score|length|fps|ratio|train/loss/|train/acc/|train/inv/|train/rand/'
episode/score -12 / episode/length 1742 / train/acc/inv 0.92 / train/inv/ce 0.23 / train/inv/confidence 0.89 / train/inv/effective_rep_weight 0.04 / train/inv/head_objective 0.13 / train/inv/head_weight 0.02 / train/inv/objective 0.13 / train/inv/policy_weight_max 1.05 / train/inv/policy_weight_mean 1 / train/inv/policy_weight_min 0.75 / train/inv/policy_weight_std 0.09 / train/inv/valid_frac 1 / train/inv/weight 0.05 / train/loss/con 0.02 / train/loss/dyn 1.33 / train/loss/image 0.27 / train/loss/inv 4.3e-3 / train/loss/policy 2.7e-3 / train/loss/rep 1.33 / train/loss/repval 2.06 / train/loss/rew 0.02 / train/loss/value 1.66 / train/rand/action 0.06 / replay/replay_ratio 264 / fps/policy 6.32 / fps/train 1618.27

Writing metrics: /data2/liguoqi/habmm/hab_z/btwm/runs/btwm_atari_pong_seed1_v3_pw05_100k/metrics.jsonl
Writing metrics: /data2/liguoqi/habmm/hab_z/btwm/runs/btwm_atari_pong_seed1_v3_pw05_100k/scores.jsonl

--------------------[Agent Step 141_160]--------------------
Metrics filtered by: 'score|length|fps|ratio|train/loss/|train/acc/|train/inv/|train/rand/'
train/acc/inv 0.93 / train/inv/ce 0.22 / train/inv/confidence 0.9 / train/inv/effective_rep_weight 0.04 / train/inv/head_objective 0.12 / train/inv/head_weight 0.02 / train/inv/objective 0.12 / train/inv/policy_weight_max 1.05 / train/inv/policy_weight_mean 1 / train/inv/policy_weight_min 0.75 / train/inv/policy_weight_std 0.09 / train/inv/valid_frac 1 / train/inv/weight 0.05 / train/loss/con 0.02 / train/loss/dyn 1.31 / train/loss/image 0.23 / train/loss/inv 4.1e-3 / train/loss/policy 1.9e-3 / train/loss/rep 1.31 / train/loss/repval 2.13 / train/loss/rew 0.02 / train/loss/value 1.71 / train/rand/action 0.06 / replay/replay_ratio 264 / fps/policy 5.15 / fps/train 1318.23

Writing metrics: /data2/liguoqi/habmm/hab_z/btwm/runs/btwm_atari_pong_seed1_v3_pw05_100k/metrics.jsonl
Writing metrics: /data2/liguoqi/habmm/hab_z/btwm/runs/btwm_atari_pong_seed1_v3_pw05_100k/scores.jsonl

--------------------[Agent Step 143_320]--------------------
Metrics filtered by: 'score|length|fps|ratio|train/loss/|train/acc/|train/inv/|train/rand/'
train/acc/inv 0.93 / train/inv/ce 0.21 / train/inv/confidence 0.9 / train/inv/effective_rep_weight 0.05 / train/inv/head_objective 0.12 / train/inv/head_weight 0.02 / train/inv/objective 0.12 / train/inv/policy_weight_max 1.04 / train/inv/policy_weight_mean 1 / train/inv/policy_weight_min 0.75 / train/inv/policy_weight_std 0.08 / train/inv/valid_frac 1 / train/inv/weight 0.05 / train/loss/con 0.02 / train/loss/dyn 1.32 / train/loss/image 0.23 / train/loss/inv 3.9e-3 / train/loss/policy 1.7e-3 / train/loss/rep 1.32 / train/loss/repval 1.99 / train/loss/rew 0.02 / train/loss/value 1.58 / train/rand/action 0.06 / replay/replay_ratio 264 / fps/policy 4.5 / fps/train 1151.19

Writing metrics: /data2/liguoqi/habmm/hab_z/btwm/runs/btwm_atari_pong_seed1_v3_pw05_100k/metrics.jsonl
Writing metrics: /data2/liguoqi/habmm/hab_z/btwm/runs/btwm_atari_pong_seed1_v3_pw05_100k/scores.jsonl

--------------------[Agent Step 146_360]--------------------
Metrics filtered by: 'score|length|fps|ratio|train/loss/|train/acc/|train/inv/|train/rand/'
episode/score -17 / episode/length 1539 / train/acc/inv 0.93 / train/inv/ce 0.21 / train/inv/confidence 0.9 / train/inv/effective_rep_weight 0.04 / train/inv/head_objective 0.12 / train/inv/head_weight 0.02 / train/inv/objective 0.12 / train/inv/policy_weight_max 1.04 / train/inv/policy_weight_mean 1 / train/inv/policy_weight_min 0.75 / train/inv/policy_weight_std 0.08 / train/inv/valid_frac 1 / train/inv/weight 0.05 / train/loss/con 0.02 / train/loss/dyn 1.31 / train/loss/image 0.22 / train/loss/inv 4e-3 / train/loss/policy 1.4e-3 / train/loss/rep 1.31 / train/loss/repval 1.97 / train/loss/rew 0.02 / train/loss/value 1.54 / train/rand/action 0.07 / replay/replay_ratio 264 / fps/policy 6.3 / fps/train 1613.82

Writing metrics: /data2/liguoqi/habmm/hab_z/btwm/runs/btwm_atari_pong_seed1_v3_pw05_100k/metrics.jsonl
Writing metrics: /data2/liguoqi/habmm/hab_z/btwm/runs/btwm_atari_pong_seed1_v3_pw05_100k/scores.jsonl

--------------------[Agent Step 149_720]--------------------
Metrics filtered by: 'score|length|fps|ratio|train/loss/|train/acc/|train/inv/|train/rand/'
train/acc/inv 0.93 / train/inv/ce 0.2 / train/inv/confidence 0.9 / train/inv/effective_rep_weight 0.05 / train/inv/head_objective 0.11 / train/inv/head_weight 0.02 / train/inv/objective 0.11 / train/inv/policy_weight_max 1.04 / train/inv/policy_weight_mean 1 / train/inv/policy_weight_min 0.75 / train/inv/policy_weight_std 0.08 / train/inv/valid_frac 1 / train/inv/weight 0.05 / train/loss/con 0.02 / train/loss/dyn 1.32 / train/loss/image 0.23 / train/loss/inv 3.8e-3 / train/loss/policy 1.6e-3 / train/loss/rep 1.32 / train/loss/repval 1.97 / train/loss/rew 0.02 / train/loss/value 1.58 / train/rand/action 0.07 / replay/replay_ratio 264 / fps/policy 6.97 / fps/train 1783.26

Writing metrics: /data2/liguoqi/habmm/hab_z/btwm/runs/btwm_atari_pong_seed1_v3_pw05_100k/metrics.jsonl
Writing metrics: /data2/liguoqi/habmm/hab_z/btwm/runs/btwm_atari_pong_seed1_v3_pw05_100k/scores.jsonl

--------------------[Agent Step 152_280]--------------------
Metrics filtered by: 'score|length|fps|ratio|train/loss/|train/acc/|train/inv/|train/rand/'
episode/score -13 / episode/length 2037 / train/acc/inv 0.94 / train/inv/ce 0.19 / train/inv/confidence 0.91 / train/inv/effective_rep_weight 0.05 / train/inv/head_objective 0.11 / train/inv/head_weight 0.02 / train/inv/objective 0.11 / train/inv/policy_weight_max 1.04 / train/inv/policy_weight_mean 1 / train/inv/policy_weight_min 0.75 / train/inv/policy_weight_std 0.08 / train/inv/valid_frac 1 / train/inv/weight 0.05 / train/loss/con 0.02 / train/loss/dyn 1.31 / train/loss/image 0.23 / train/loss/inv 3.6e-3 / train/loss/policy 2.4e-3 / train/loss/rep 1.31 / train/loss/repval 1.95 / train/loss/rew 0.02 / train/loss/value 1.59 / train/rand/action 0.07 / replay/replay_ratio 264 / fps/policy 4.79 / fps/train 1225.79

Writing metrics: /data2/liguoqi/habmm/hab_z/btwm/runs/btwm_atari_pong_seed1_v3_pw05_100k/metrics.jsonl
Writing metrics: /data2/liguoqi/habmm/hab_z/btwm/runs/btwm_atari_pong_seed1_v3_pw05_100k/scores.jsonl

--------------------[Agent Step 155_880]--------------------
Metrics filtered by: 'score|length|fps|ratio|train/loss/|train/acc/|train/inv/|train/rand/'
train/acc/inv 0.93 / train/inv/ce 0.2 / train/inv/confidence 0.91 / train/inv/effective_rep_weight 0.05 / train/inv/head_objective 0.11 / train/inv/head_weight 0.02 / train/inv/objective 0.11 / train/inv/policy_weight_max 1.04 / train/inv/policy_weight_mean 1 / train/inv/policy_weight_min 0.75 / train/inv/policy_weight_std 0.08 / train/inv/valid_frac 1 / train/inv/weight 0.05 / train/loss/con 0.02 / train/loss/dyn 1.31 / train/loss/image 0.22 / train/loss/inv 3.8e-3 / train/loss/policy 1.7e-3 / train/loss/rep 1.31 / train/loss/repval 2.03 / train/loss/rew 0.02 / train/loss/value 1.59 / train/rand/action 0.07 / replay/replay_ratio 264 / fps/policy 7.69 / fps/train 1967.82

Writing metrics: /data2/liguoqi/habmm/hab_z/btwm/runs/btwm_atari_pong_seed1_v3_pw05_100k/metrics.jsonl
Writing metrics: /data2/liguoqi/habmm/hab_z/btwm/runs/btwm_atari_pong_seed1_v3_pw05_100k/scores.jsonl

--------------------[Agent Step 158_960]--------------------
Metrics filtered by: 'score|length|fps|ratio|train/loss/|train/acc/|train/inv/|train/rand/'
episode/score -17 / episode/length 1491 / train/acc/inv 0.94 / train/inv/ce 0.2 / train/inv/confidence 0.91 / train/inv/effective_rep_weight 0.05 / train/inv/head_objective 0.11 / train/inv/head_weight 0.02 / train/inv/objective 0.11 / train/inv/policy_weight_max 1.04 / train/inv/policy_weight_mean 1 / train/inv/policy_weight_min 0.75 / train/inv/policy_weight_std 0.08 / train/inv/valid_frac 1 / train/inv/weight 0.05 / train/loss/con 0.02 / train/loss/dyn 1.29 / train/loss/image 0.21 / train/loss/inv 3.6e-3 / train/loss/policy 1.5e-3 / train/loss/rep 1.29 / train/loss/repval 1.99 / train/loss/rew 0.02 / train/loss/value 1.6 / train/rand/action 0.07 / replay/replay_ratio 264 / fps/policy 6.41 / fps/train 1641.11

Writing metrics: /data2/liguoqi/habmm/hab_z/btwm/runs/btwm_atari_pong_seed1_v3_pw05_100k/metrics.jsonl
Writing metrics: /data2/liguoqi/habmm/hab_z/btwm/runs/btwm_atari_pong_seed1_v3_pw05_100k/scores.jsonl

--------------------[Agent Step 162_560]--------------------
Metrics filtered by: 'score|length|fps|ratio|train/loss/|train/acc/|train/inv/|train/rand/'
train/acc/inv 0.94 / train/inv/ce 0.18 / train/inv/confidence 0.91 / train/inv/effective_rep_weight 0.05 / train/inv/head_objective 0.1 / train/inv/head_weight 0.02 / train/inv/objective 0.1 / train/inv/policy_weight_max 1.04 / train/inv/policy_weight_mean 1 / train/inv/policy_weight_min 0.75 / train/inv/policy_weight_std 0.08 / train/inv/valid_frac 1 / train/inv/weight 0.05 / train/loss/con 0.02 / train/loss/dyn 1.3 / train/loss/image 0.22 / train/loss/inv 3.4e-3 / train/loss/policy 2.2e-3 / train/loss/rep 1.3 / train/loss/repval 2 / train/loss/rew 0.02 / train/loss/value 1.64 / train/rand/action 0.07 / replay/replay_ratio 264 / fps/policy 7.49 / fps/train 1917.39

Writing metrics: /data2/liguoqi/habmm/hab_z/btwm/runs/btwm_atari_pong_seed1_v3_pw05_100k/metrics.jsonl
Writing metrics: /data2/liguoqi/habmm/hab_z/btwm/runs/btwm_atari_pong_seed1_v3_pw05_100k/scores.jsonl

--------------------[Agent Step 165_440]--------------------
Metrics filtered by: 'score|length|fps|ratio|train/loss/|train/acc/|train/inv/|train/rand/'
episode/score -14 / episode/length 1796 / train/acc/inv 0.93 / train/inv/ce 0.21 / train/inv/confidence 0.9 / train/inv/effective_rep_weight 0.05 / train/inv/head_objective 0.11 / train/inv/head_weight 0.02 / train/inv/objective 0.11 / train/inv/policy_weight_max 1.04 / train/inv/policy_weight_mean 1 / train/inv/policy_weight_min 0.75 / train/inv/policy_weight_std 0.08 / train/inv/valid_frac 1 / train/inv/weight 0.05 / train/loss/con 0.02 / train/loss/dyn 1.3 / train/loss/image 0.22 / train/loss/inv 3.8e-3 / train/loss/policy 1.4e-3 / train/loss/rep 1.3 / train/loss/repval 1.96 / train/loss/rew 0.02 / train/loss/value 1.58 / train/rand/action 0.06 / replay/replay_ratio 264 / fps/policy 5.52 / fps/train 1414.08

Writing metrics: /data2/liguoqi/habmm/hab_z/btwm/runs/btwm_atari_pong_seed1_v3_pw05_100k/metrics.jsonl
Writing metrics: /data2/liguoqi/habmm/hab_z/btwm/runs/btwm_atari_pong_seed1_v3_pw05_100k/scores.jsonl

--------------------[Agent Step 168_840]--------------------
Metrics filtered by: 'score|length|fps|ratio|train/loss/|train/acc/|train/inv/|train/rand/'
train/acc/inv 0.94 / train/inv/ce 0.18 / train/inv/confidence 0.92 / train/inv/effective_rep_weight 0.05 / train/inv/head_objective 0.1 / train/inv/head_weight 0.02 / train/inv/objective 0.1 / train/inv/policy_weight_max 1.04 / train/inv/policy_weight_mean 1 / train/inv/policy_weight_min 0.75 / train/inv/policy_weight_std 0.07 / train/inv/valid_frac 1 / train/inv/weight 0.05 / train/loss/con 0.02 / train/loss/dyn 1.28 / train/loss/image 0.21 / train/loss/inv 3.4e-3 / train/loss/policy 1.7e-3 / train/loss/rep 1.28 / train/loss/repval 1.87 / train/loss/rew 0.02 / train/loss/value 1.51 / train/rand/action 0.07 / replay/replay_ratio 264 / fps/policy 7.02 / fps/train 1796.93

Writing metrics: /data2/liguoqi/habmm/hab_z/btwm/runs/btwm_atari_pong_seed1_v3_pw05_100k/metrics.jsonl
Writing metrics: /data2/liguoqi/habmm/hab_z/btwm/runs/btwm_atari_pong_seed1_v3_pw05_100k/scores.jsonl

--------------------[Agent Step 172_160]--------------------
Metrics filtered by: 'score|length|fps|ratio|train/loss/|train/acc/|train/inv/|train/rand/'
train/acc/inv 0.94 / train/inv/ce 0.2 / train/inv/confidence 0.91 / train/inv/effective_rep_weight 0.05 / train/inv/head_objective 0.11 / train/inv/head_weight 0.02 / train/inv/objective 0.11 / train/inv/policy_weight_max 1.04 / train/inv/policy_weight_mean 1 / train/inv/policy_weight_min 0.75 / train/inv/policy_weight_std 0.08 / train/inv/valid_frac 1 / train/inv/weight 0.05 / train/loss/con 0.02 / train/loss/dyn 1.3 / train/loss/image 0.22 / train/loss/inv 3.6e-3 / train/loss/policy 1.7e-3 / train/loss/rep 1.3 / train/loss/repval 1.91 / train/loss/rew 0.02 / train/loss/value 1.52 / train/rand/action 0.07 / replay/replay_ratio 264 / fps/policy 6.86 / fps/train 1757.13

Writing metrics: /data2/liguoqi/habmm/hab_z/btwm/runs/btwm_atari_pong_seed1_v3_pw05_100k/metrics.jsonl
Writing metrics: /data2/liguoqi/habmm/hab_z/btwm/runs/btwm_atari_pong_seed1_v3_pw05_100k/scores.jsonl

--------------------[Agent Step 175_280]--------------------
Metrics filtered by: 'score|length|fps|ratio|train/loss/|train/acc/|train/inv/|train/rand/'
episode/score -15 / episode/length 1845 / train/acc/inv 0.94 / train/inv/ce 0.18 / train/inv/confidence 0.92 / train/inv/effective_rep_weight 0.05 / train/inv/head_objective 0.1 / train/inv/head_weight 0.02 / train/inv/objective 0.1 / train/inv/policy_weight_max 1.04 / train/inv/policy_weight_mean 1 / train/inv/policy_weight_min 0.75 / train/inv/policy_weight_std 0.07 / train/inv/valid_frac 1 / train/inv/weight 0.05 / train/loss/con 0.02 / train/loss/dyn 1.29 / train/loss/image 0.21 / train/loss/inv 3.3e-3 / train/loss/policy 1.6e-3 / train/loss/rep 1.29 / train/loss/repval 2.01 / train/loss/rew 0.02 / train/loss/value 1.64 / train/rand/action 0.06 / replay/replay_ratio 264 / fps/policy 6.2 / fps/train 1588.28

Writing metrics: /data2/liguoqi/habmm/hab_z/btwm/runs/btwm_atari_pong_seed1_v3_pw05_100k/scores.jsonl
Writing metrics: /data2/liguoqi/habmm/hab_z/btwm/runs/btwm_atari_pong_seed1_v3_pw05_100k/metrics.jsonl

--------------------[Agent Step 178_640]--------------------
Metrics filtered by: 'score|length|fps|ratio|train/loss/|train/acc/|train/inv/|train/rand/'
train/acc/inv 0.95 / train/inv/ce 0.17 / train/inv/confidence 0.92 / train/inv/effective_rep_weight 0.05 / train/inv/head_objective 0.1 / train/inv/head_weight 0.02 / train/inv/objective 0.1 / train/inv/policy_weight_max 1.03 / train/inv/policy_weight_mean 1 / train/inv/policy_weight_min 0.75 / train/inv/policy_weight_std 0.07 / train/inv/valid_frac 1 / train/inv/weight 0.05 / train/loss/con 0.02 / train/loss/dyn 1.28 / train/loss/image 0.21 / train/loss/inv 3.2e-3 / train/loss/policy 2.3e-3 / train/loss/rep 1.28 / train/loss/repval 1.93 / train/loss/rew 0.01 / train/loss/value 1.61 / train/rand/action 0.06 / replay/replay_ratio 264 / fps/policy 6.98 / fps/train 1786.56

Writing metrics: /data2/liguoqi/habmm/hab_z/btwm/runs/btwm_atari_pong_seed1_v3_pw05_100k/metrics.jsonl
Writing metrics: /data2/liguoqi/habmm/hab_z/btwm/runs/btwm_atari_pong_seed1_v3_pw05_100k/scores.jsonl
Saving checkpoint: /data2/liguoqi/habmm/hab_z/btwm/runs/btwm_atari_pong_seed1_v3_pw05_100k/ckpt/20260615T125802F140258
Saved checkpoint.

--------------------[Agent Step 179_720]--------------------
Metrics filtered by: 'score|length|fps|ratio|train/loss/|train/acc/|train/inv/|train/rand/'
train/acc/inv 0.95 / train/inv/ce 0.16 / train/inv/confidence 0.92 / train/inv/effective_rep_weight 0.05 / train/inv/head_objective 0.09 / train/inv/head_weight 0.02 / train/inv/objective 0.09 / train/inv/policy_weight_max 1.03 / train/inv/policy_weight_mean 1 / train/inv/policy_weight_min 0.75 / train/inv/policy_weight_std 0.07 / train/inv/valid_frac 1 / train/inv/weight 0.05 / train/loss/con 0.02 / train/loss/dyn 1.28 / train/loss/image 0.21 / train/loss/inv 3.1e-3 / train/loss/policy 5.7e-4 / train/loss/rep 1.28 / train/loss/repval 2.03 / train/loss/rew 0.01 / train/loss/value 1.56 / train/rand/action 0.06 / replay/replay_ratio 264 / fps/policy 0.66 / fps/train 169.77

Writing metrics: /data2/liguoqi/habmm/hab_z/btwm/runs/btwm_atari_pong_seed1_v3_pw05_100k/metrics.jsonl
Writing metrics: /data2/liguoqi/habmm/hab_z/btwm/runs/btwm_atari_pong_seed1_v3_pw05_100k/scores.jsonl

--------------------[Agent Step 181_280]--------------------
Metrics filtered by: 'score|length|fps|ratio|train/loss/|train/acc/|train/inv/|train/rand/'
train/acc/inv 0.94 / train/inv/ce 0.17 / train/inv/confidence 0.92 / train/inv/effective_rep_weight 0.05 / train/inv/head_objective 0.09 / train/inv/head_weight 0.02 / train/inv/objective 0.09 / train/inv/policy_weight_max 1.03 / train/inv/policy_weight_mean 1 / train/inv/policy_weight_min 0.75 / train/inv/policy_weight_std 0.07 / train/inv/valid_frac 1 / train/inv/weight 0.05 / train/loss/con 0.02 / train/loss/dyn 1.28 / train/loss/image 0.2 / train/loss/inv 3.1e-3 / train/loss/policy 1.4e-3 / train/loss/rep 1.28 / train/loss/repval 1.89 / train/loss/rew 0.02 / train/loss/value 1.54 / train/rand/action 0.06 / replay/replay_ratio 264 / fps/policy 3.23 / fps/train 827.48

Writing metrics: /data2/liguoqi/habmm/hab_z/btwm/runs/btwm_atari_pong_seed1_v3_pw05_100k/metrics.jsonl
Writing metrics: /data2/liguoqi/habmm/hab_z/btwm/runs/btwm_atari_pong_seed1_v3_pw05_100k/scores.jsonl

--------------------[Agent Step 182_760]--------------------
Metrics filtered by: 'score|length|fps|ratio|train/loss/|train/acc/|train/inv/|train/rand/'
episode/score -12 / episode/length 2329 / train/acc/inv 0.95 / train/inv/ce 0.17 / train/inv/confidence 0.92 / train/inv/effective_rep_weight 0.05 / train/inv/head_objective 0.09 / train/inv/head_weight 0.02 / train/inv/objective 0.09 / train/inv/policy_weight_max 1.03 / train/inv/policy_weight_mean 1 / train/inv/policy_weight_min 0.75 / train/inv/policy_weight_std 0.07 / train/inv/valid_frac 1 / train/inv/weight 0.05 / train/loss/con 0.02 / train/loss/dyn 1.29 / train/loss/image 0.2 / train/loss/inv 3.1e-3 / train/loss/policy 1.5e-3 / train/loss/rep 1.29 / train/loss/repval 1.91 / train/loss/rew 0.02 / train/loss/value 1.55 / train/rand/action 0.06 / replay/replay_ratio 264 / fps/policy 2.93 / fps/train 749.86

Writing metrics: /data2/liguoqi/habmm/hab_z/btwm/runs/btwm_atari_pong_seed1_v3_pw05_100k/scores.jsonl
Writing metrics: /data2/liguoqi/habmm/hab_z/btwm/runs/btwm_atari_pong_seed1_v3_pw05_100k/metrics.jsonl

--------------------[Agent Step 186_040]--------------------
Metrics filtered by: 'score|length|fps|ratio|train/loss/|train/acc/|train/inv/|train/rand/'
train/acc/inv 0.95 / train/inv/ce 0.17 / train/inv/confidence 0.92 / train/inv/effective_rep_weight 0.05 / train/inv/head_objective 0.1 / train/inv/head_weight 0.02 / train/inv/objective 0.1 / train/inv/policy_weight_max 1.03 / train/inv/policy_weight_mean 1 / train/inv/policy_weight_min 0.75 / train/inv/policy_weight_std 0.07 / train/inv/valid_frac 1 / train/inv/weight 0.05 / train/loss/con 0.02 / train/loss/dyn 1.29 / train/loss/image 0.21 / train/loss/inv 3.2e-3 / train/loss/policy 1.2e-3 / train/loss/rep 1.29 / train/loss/repval 1.98 / train/loss/rew 0.01 / train/loss/value 1.58 / train/rand/action 0.06 / replay/replay_ratio 264 / fps/policy 7.08 / fps/train 1813.14

Writing metrics: /data2/liguoqi/habmm/hab_z/btwm/runs/btwm_atari_pong_seed1_v3_pw05_100k/metrics.jsonl
Writing metrics: /data2/liguoqi/habmm/hab_z/btwm/runs/btwm_atari_pong_seed1_v3_pw05_100k/scores.jsonl

--------------------[Agent Step 189_760]--------------------
Metrics filtered by: 'score|length|fps|ratio|train/loss/|train/acc/|train/inv/|train/rand/'
episode/score -17 / episode/length 1609 / train/acc/inv 0.95 / train/inv/ce 0.17 / train/inv/confidence 0.93 / train/inv/effective_rep_weight 0.05 / train/inv/head_objective 0.09 / train/inv/head_weight 0.02 / train/inv/objective 0.09 / train/inv/policy_weight_max 1.03 / train/inv/policy_weight_mean 1 / train/inv/policy_weight_min 0.75 / train/inv/policy_weight_std 0.07 / train/inv/valid_frac 1 / train/inv/weight 0.05 / train/loss/con 0.02 / train/loss/dyn 1.29 / train/loss/image 0.2 / train/loss/inv 3e-3 / train/loss/policy 1.2e-3 / train/loss/rep 1.29 / train/loss/repval 2 / train/loss/rew 0.02 / train/loss/value 1.63 / train/rand/action 0.06 / replay/replay_ratio 264 / fps/policy 7.68 / fps/train 1965.5

Writing metrics: /data2/liguoqi/habmm/hab_z/btwm/runs/btwm_atari_pong_seed1_v3_pw05_100k/scores.jsonl
Writing metrics: /data2/liguoqi/habmm/hab_z/btwm/runs/btwm_atari_pong_seed1_v3_pw05_100k/metrics.jsonl

--------------------[Agent Step 193_040]--------------------
Metrics filtered by: 'score|length|fps|ratio|train/loss/|train/acc/|train/inv/|train/rand/'
train/acc/inv 0.95 / train/inv/ce 0.17 / train/inv/confidence 0.92 / train/inv/effective_rep_weight 0.05 / train/inv/head_objective 0.1 / train/inv/head_weight 0.02 / train/inv/objective 0.1 / train/inv/policy_weight_max 1.03 / train/inv/policy_weight_mean 1 / train/inv/policy_weight_min 0.75 / train/inv/policy_weight_std 0.07 / train/inv/valid_frac 1 / train/inv/weight 0.05 / train/loss/con 0.02 / train/loss/dyn 1.27 / train/loss/image 0.19 / train/loss/inv 3.1e-3 / train/loss/policy 1.9e-3 / train/loss/rep 1.27 / train/loss/repval 1.93 / train/loss/rew 0.01 / train/loss/value 1.6 / train/rand/action 0.06 / replay/replay_ratio 264 / fps/policy 6.71 / fps/train 1717.8

Writing metrics: /data2/liguoqi/habmm/hab_z/btwm/runs/btwm_atari_pong_seed1_v3_pw05_100k/scores.jsonl
Writing metrics: /data2/liguoqi/habmm/hab_z/btwm/runs/btwm_atari_pong_seed1_v3_pw05_100k/metrics.jsonl

--------------------[Agent Step 196_080]--------------------
Metrics filtered by: 'score|length|fps|ratio|train/loss/|train/acc/|train/inv/|train/rand/'
episode/score -16 / episode/length 1678 / train/acc/inv 0.95 / train/inv/ce 0.17 / train/inv/confidence 0.93 / train/inv/effective_rep_weight 0.05 / train/inv/head_objective 0.09 / train/inv/head_weight 0.02 / train/inv/objective 0.09 / train/inv/policy_weight_max 1.03 / train/inv/policy_weight_mean 1 / train/inv/policy_weight_min 0.75 / train/inv/policy_weight_std 0.07 / train/inv/valid_frac 1 / train/inv/weight 0.05 / train/loss/con 0.02 / train/loss/dyn 1.27 / train/loss/image 0.19 / train/loss/inv 3e-3 / train/loss/policy 1.4e-3 / train/loss/rep 1.27 / train/loss/repval 1.86 / train/loss/rew 0.01 / train/loss/value 1.54 / train/rand/action 0.06 / replay/replay_ratio 264 / fps/policy 6.02 / fps/train 1541.89

Writing metrics: /data2/liguoqi/habmm/hab_z/btwm/runs/btwm_atari_pong_seed1_v3_pw05_100k/metrics.jsonl
Writing metrics: /data2/liguoqi/habmm/hab_z/btwm/runs/btwm_atari_pong_seed1_v3_pw05_100k/scores.jsonl

--------------------[Agent Step 199_360]--------------------
Metrics filtered by: 'score|length|fps|ratio|train/loss/|train/acc/|train/inv/|train/rand/'
train/acc/inv 0.95 / train/inv/ce 0.17 / train/inv/confidence 0.93 / train/inv/effective_rep_weight 0.05 / train/inv/head_objective 0.1 / train/inv/head_weight 0.02 / train/inv/objective 0.1 / train/inv/policy_weight_max 1.03 / train/inv/policy_weight_mean 1 / train/inv/policy_weight_min 0.75 / train/inv/policy_weight_std 0.07 / train/inv/valid_frac 1 / train/inv/weight 0.05 / train/loss/con 0.02 / train/loss/dyn 1.28 / train/loss/image 0.18 / train/loss/inv 3.1e-3 / train/loss/policy 1.9e-3 / train/loss/rep 1.28 / train/loss/repval 1.93 / train/loss/rew 0.01 / train/loss/value 1.6 / train/rand/action 0.06 / replay/replay_ratio 264 / fps/policy 6.78 / fps/train 1734.9

Writing metrics: /data2/liguoqi/habmm/hab_z/btwm/runs/btwm_atari_pong_seed1_v3_pw05_100k/metrics.jsonl
Writing metrics: /data2/liguoqi/habmm/hab_z/btwm/runs/btwm_atari_pong_seed1_v3_pw05_100k/scores.jsonl

--------------------[Agent Step 202_600]--------------------
Metrics filtered by: 'score|length|fps|ratio|train/loss/|train/acc/|train/inv/|train/rand/'
episode/score -13 / episode/length 1827 / train/acc/inv 0.95 / train/inv/ce 0.17 / train/inv/confidence 0.92 / train/inv/effective_rep_weight 0.05 / train/inv/head_objective 0.1 / train/inv/head_weight 0.02 / train/inv/objective 0.1 / train/inv/policy_weight_max 1.03 / train/inv/policy_weight_mean 1 / train/inv/policy_weight_min 0.75 / train/inv/policy_weight_std 0.07 / train/inv/valid_frac 1 / train/inv/weight 0.05 / train/loss/con 0.02 / train/loss/dyn 1.26 / train/loss/image 0.19 / train/loss/inv 3.1e-3 / train/loss/policy 1.3e-3 / train/loss/rep 1.26 / train/loss/repval 1.89 / train/loss/rew 0.01 / train/loss/value 1.54 / train/rand/action 0.06 / replay/replay_ratio 264 / fps/policy 6.33 / fps/train 1621.68

Writing metrics: /data2/liguoqi/habmm/hab_z/btwm/runs/btwm_atari_pong_seed1_v3_pw05_100k/metrics.jsonl
Writing metrics: /data2/liguoqi/habmm/hab_z/btwm/runs/btwm_atari_pong_seed1_v3_pw05_100k/scores.jsonl

--------------------[Agent Step 206_200]--------------------
Metrics filtered by: 'score|length|fps|ratio|train/loss/|train/acc/|train/inv/|train/rand/'
train/acc/inv 0.95 / train/inv/ce 0.17 / train/inv/confidence 0.93 / train/inv/effective_rep_weight 0.05 / train/inv/head_objective 0.1 / train/inv/head_weight 0.02 / train/inv/objective 0.1 / train/inv/policy_weight_max 1.03 / train/inv/policy_weight_mean 1 / train/inv/policy_weight_min 0.75 / train/inv/policy_weight_std 0.07 / train/inv/valid_frac 1 / train/inv/weight 0.05 / train/loss/con 0.02 / train/loss/dyn 1.27 / train/loss/image 0.18 / train/loss/inv 3.1e-3 / train/loss/policy 1.6e-3 / train/loss/rep 1.27 / train/loss/repval 1.89 / train/loss/rew 0.01 / train/loss/value 1.55 / train/rand/action 0.07 / replay/replay_ratio 264 / fps/policy 7.44 / fps/train 1904.95

Writing metrics: /data2/liguoqi/habmm/hab_z/btwm/runs/btwm_atari_pong_seed1_v3_pw05_100k/metrics.jsonl
Writing metrics: /data2/liguoqi/habmm/hab_z/btwm/runs/btwm_atari_pong_seed1_v3_pw05_100k/scores.jsonl

--------------------[Agent Step 209_720]--------------------
Metrics filtered by: 'score|length|fps|ratio|train/loss/|train/acc/|train/inv/|train/rand/'
episode/score -15 / episode/length 1572 / train/acc/inv 0.95 / train/inv/ce 0.17 / train/inv/confidence 0.93 / train/inv/effective_rep_weight 0.05 / train/inv/head_objective 0.09 / train/inv/head_weight 0.02 / train/inv/objective 0.09 / train/inv/policy_weight_max 1.03 / train/inv/policy_weight_mean 1 / train/inv/policy_weight_min 0.75 / train/inv/policy_weight_std 0.07 / train/inv/valid_frac 1 / train/inv/weight 0.05 / train/loss/con 0.02 / train/loss/dyn 1.28 / train/loss/image 0.18 / train/loss/inv 3e-3 / train/loss/policy 1.2e-3 / train/loss/rep 1.28 / train/loss/repval 1.88 / train/loss/rew 0.01 / train/loss/value 1.54 / train/rand/action 0.07 / replay/replay_ratio 264 / fps/policy 7.31 / fps/train 1870.95

Writing metrics: /data2/liguoqi/habmm/hab_z/btwm/runs/btwm_atari_pong_seed1_v3_pw05_100k/metrics.jsonl
Writing metrics: /data2/liguoqi/habmm/hab_z/btwm/runs/btwm_atari_pong_seed1_v3_pw05_100k/scores.jsonl

--------------------[Agent Step 213_200]--------------------
Metrics filtered by: 'score|length|fps|ratio|train/loss/|train/acc/|train/inv/|train/rand/'
train/acc/inv 0.95 / train/inv/ce 0.17 / train/inv/confidence 0.93 / train/inv/effective_rep_weight 0.05 / train/inv/head_objective 0.1 / train/inv/head_weight 0.02 / train/inv/objective 0.1 / train/inv/policy_weight_max 1.03 / train/inv/policy_weight_mean 1 / train/inv/policy_weight_min 0.75 / train/inv/policy_weight_std 0.07 / train/inv/valid_frac 1 / train/inv/weight 0.05 / train/loss/con 0.02 / train/loss/dyn 1.25 / train/loss/image 0.17 / train/loss/inv 3.1e-3 / train/loss/policy 1.2e-3 / train/loss/rep 1.25 / train/loss/repval 1.87 / train/loss/rew 0.01 / train/loss/value 1.55 / train/rand/action 0.06 / replay/replay_ratio 264 / fps/policy 7.24 / fps/train 1853.01

Writing metrics: /data2/liguoqi/habmm/hab_z/btwm/runs/btwm_atari_pong_seed1_v3_pw05_100k/scores.jsonl
Writing metrics: /data2/liguoqi/habmm/hab_z/btwm/runs/btwm_atari_pong_seed1_v3_pw05_100k/metrics.jsonl

--------------------[Agent Step 216_520]--------------------
Metrics filtered by: 'score|length|fps|ratio|train/loss/|train/acc/|train/inv/|train/rand/'
train/acc/inv 0.95 / train/inv/ce 0.17 / train/inv/confidence 0.93 / train/inv/effective_rep_weight 0.05 / train/inv/head_objective 0.09 / train/inv/head_weight 0.02 / train/inv/objective 0.09 / train/inv/policy_weight_max 1.03 / train/inv/policy_weight_mean 1 / train/inv/policy_weight_min 0.75 / train/inv/policy_weight_std 0.07 / train/inv/valid_frac 1 / train/inv/weight 0.05 / train/loss/con 0.02 / train/loss/dyn 1.25 / train/loss/image 0.17 / train/loss/inv 3e-3 / train/loss/policy 1.4e-3 / train/loss/rep 1.25 / train/loss/repval 1.82 / train/loss/rew 0.01 / train/loss/value 1.51 / train/rand/action 0.06 / replay/replay_ratio 264 / fps/policy 6.88 / fps/train 1760.51

Writing metrics: /data2/liguoqi/habmm/hab_z/btwm/runs/btwm_atari_pong_seed1_v3_pw05_100k/metrics.jsonl
Writing metrics: /data2/liguoqi/habmm/hab_z/btwm/runs/btwm_atari_pong_seed1_v3_pw05_100k/scores.jsonl

--------------------[Agent Step 219_640]--------------------
Metrics filtered by: 'score|length|fps|ratio|train/loss/|train/acc/|train/inv/|train/rand/'
episode/score -12 / episode/length 2027 / train/acc/inv 0.95 / train/inv/ce 0.16 / train/inv/confidence 0.93 / train/inv/effective_rep_weight 0.05 / train/inv/head_objective 0.09 / train/inv/head_weight 0.02 / train/inv/objective 0.09 / train/inv/policy_weight_max 1.03 / train/inv/policy_weight_mean 1 / train/inv/policy_weight_min 0.75 / train/inv/policy_weight_std 0.07 / train/inv/valid_frac 1 / train/inv/weight 0.05 / train/loss/con 0.02 / train/loss/dyn 1.27 / train/loss/image 0.16 / train/loss/inv 2.9e-3 / train/loss/policy 1.3e-3 / train/loss/rep 1.27 / train/loss/repval 1.9 / train/loss/rew 0.01 / train/loss/value 1.55 / train/rand/action 0.06 / replay/replay_ratio 264 / fps/policy 5.96 / fps/train 1526.81

Writing metrics: /data2/liguoqi/habmm/hab_z/btwm/runs/btwm_atari_pong_seed1_v3_pw05_100k/metrics.jsonl
Writing metrics: /data2/liguoqi/habmm/hab_z/btwm/runs/btwm_atari_pong_seed1_v3_pw05_100k/scores.jsonl

--------------------[Agent Step 221_440]--------------------
Metrics filtered by: 'score|length|fps|ratio|train/loss/|train/acc/|train/inv/|train/rand/'
train/acc/inv 0.95 / train/inv/ce 0.17 / train/inv/confidence 0.93 / train/inv/effective_rep_weight 0.05 / train/inv/head_objective 0.09 / train/inv/head_weight 0.02 / train/inv/objective 0.09 / train/inv/policy_weight_max 1.03 / train/inv/policy_weight_mean 1 / train/inv/policy_weight_min 0.75 / train/inv/policy_weight_std 0.07 / train/inv/valid_frac 1 / train/inv/weight 0.05 / train/loss/con 0.02 / train/loss/dyn 1.27 / train/loss/image 0.18 / train/loss/inv 3e-3 / train/loss/policy 8.7e-4 / train/loss/rep 1.27 / train/loss/repval 1.92 / train/loss/rew 0.01 / train/loss/value 1.56 / train/rand/action 0.06 / replay/replay_ratio 264 / fps/policy 3.98 / fps/train 1019.88

Writing metrics: /data2/liguoqi/habmm/hab_z/btwm/runs/btwm_atari_pong_seed1_v3_pw05_100k/metrics.jsonl
Writing metrics: /data2/liguoqi/habmm/hab_z/btwm/runs/btwm_atari_pong_seed1_v3_pw05_100k/scores.jsonl

--------------------[Agent Step 224_600]--------------------
Metrics filtered by: 'score|length|fps|ratio|train/loss/|train/acc/|train/inv/|train/rand/'
train/acc/inv 0.95 / train/inv/ce 0.15 / train/inv/confidence 0.93 / train/inv/effective_rep_weight 0.05 / train/inv/head_objective 0.08 / train/inv/head_weight 0.02 / train/inv/objective 0.08 / train/inv/policy_weight_max 1.03 / train/inv/policy_weight_mean 1 / train/inv/policy_weight_min 0.75 / train/inv/policy_weight_std 0.07 / train/inv/valid_frac 1 / train/inv/weight 0.05 / train/loss/con 0.02 / train/loss/dyn 1.26 / train/loss/image 0.17 / train/loss/inv 2.7e-3 / train/loss/policy 1.2e-3 / train/loss/rep 1.26 / train/loss/repval 1.89 / train/loss/rew 0.01 / train/loss/value 1.56 / train/rand/action 0.06 / replay/replay_ratio 264 / fps/policy 6.58 / fps/train 1684.67

Writing metrics: /data2/liguoqi/habmm/hab_z/btwm/runs/btwm_atari_pong_seed1_v3_pw05_100k/metrics.jsonl
Writing metrics: /data2/liguoqi/habmm/hab_z/btwm/runs/btwm_atari_pong_seed1_v3_pw05_100k/scores.jsonl

--------------------[Agent Step 228_320]--------------------
Metrics filtered by: 'score|length|fps|ratio|train/loss/|train/acc/|train/inv/|train/rand/'
episode/score -11 / episode/length 2079 / train/acc/inv 0.95 / train/inv/ce 0.15 / train/inv/confidence 0.93 / train/inv/effective_rep_weight 0.05 / train/inv/head_objective 0.08 / train/inv/head_weight 0.02 / train/inv/objective 0.08 / train/inv/policy_weight_max 1.03 / train/inv/policy_weight_mean 1 / train/inv/policy_weight_min 0.75 / train/inv/policy_weight_std 0.07 / train/inv/valid_frac 1 / train/inv/weight 0.05 / train/loss/con 0.02 / train/loss/dyn 1.26 / train/loss/image 0.16 / train/loss/inv 2.7e-3 / train/loss/policy 1e-3 / train/loss/rep 1.26 / train/loss/repval 1.8 / train/loss/rew 0.02 / train/loss/value 1.47 / train/rand/action 0.06 / replay/replay_ratio 264 / fps/policy 7.69 / fps/train 1967.46

Writing metrics: /data2/liguoqi/habmm/hab_z/btwm/runs/btwm_atari_pong_seed1_v3_pw05_100k/scores.jsonl
Writing metrics: /data2/liguoqi/habmm/hab_z/btwm/runs/btwm_atari_pong_seed1_v3_pw05_100k/metrics.jsonl

--------------------[Agent Step 231_560]--------------------
Metrics filtered by: 'score|length|fps|ratio|train/loss/|train/acc/|train/inv/|train/rand/'
train/acc/inv 0.95 / train/inv/ce 0.15 / train/inv/confidence 0.93 / train/inv/effective_rep_weight 0.05 / train/inv/head_objective 0.09 / train/inv/head_weight 0.02 / train/inv/objective 0.09 / train/inv/policy_weight_max 1.03 / train/inv/policy_weight_mean 1 / train/inv/policy_weight_min 0.75 / train/inv/policy_weight_std 0.07 / train/inv/valid_frac 1 / train/inv/weight 0.05 / train/loss/con 0.02 / train/loss/dyn 1.24 / train/loss/image 0.16 / train/loss/inv 2.7e-3 / train/loss/policy 1.1e-3 / train/loss/rep 1.24 / train/loss/repval 1.84 / train/loss/rew 0.01 / train/loss/value 1.51 / train/rand/action 0.05 / replay/replay_ratio 264 / fps/policy 6.69 / fps/train 1712.38

Writing metrics: /data2/liguoqi/habmm/hab_z/btwm/runs/btwm_atari_pong_seed1_v3_pw05_100k/metrics.jsonl
Writing metrics: /data2/liguoqi/habmm/hab_z/btwm/runs/btwm_atari_pong_seed1_v3_pw05_100k/scores.jsonl

--------------------[Agent Step 235_240]--------------------
Metrics filtered by: 'score|length|fps|ratio|train/loss/|train/acc/|train/inv/|train/rand/'
episode/score -10 / episode/length 1975 / train/acc/inv 0.96 / train/inv/ce 0.15 / train/inv/confidence 0.93 / train/inv/effective_rep_weight 0.05 / train/inv/head_objective 0.08 / train/inv/head_weight 0.02 / train/inv/objective 0.08 / train/inv/policy_weight_max 1.03 / train/inv/policy_weight_mean 1 / train/inv/policy_weight_min 0.75 / train/inv/policy_weight_std 0.07 / train/inv/valid_frac 1 / train/inv/weight 0.05 / train/loss/con 0.02 / train/loss/dyn 1.25 / train/loss/image 0.17 / train/loss/inv 2.7e-3 / train/loss/policy 1.3e-3 / train/loss/rep 1.25 / train/loss/repval 1.81 / train/loss/rew 0.01 / train/loss/value 1.49 / train/rand/action 0.06 / replay/replay_ratio 264 / fps/policy 7.34 / fps/train 1878.82

Writing metrics: /data2/liguoqi/habmm/hab_z/btwm/runs/btwm_atari_pong_seed1_v3_pw05_100k/metrics.jsonl
Writing metrics: /data2/liguoqi/habmm/hab_z/btwm/runs/btwm_atari_pong_seed1_v3_pw05_100k/scores.jsonl

--------------------[Agent Step 238_800]--------------------
Metrics filtered by: 'score|length|fps|ratio|train/loss/|train/acc/|train/inv/|train/rand/'
train/acc/inv 0.95 / train/inv/ce 0.15 / train/inv/confidence 0.93 / train/inv/effective_rep_weight 0.05 / train/inv/head_objective 0.08 / train/inv/head_weight 0.02 / train/inv/objective 0.08 / train/inv/policy_weight_max 1.03 / train/inv/policy_weight_mean 1 / train/inv/policy_weight_min 0.75 / train/inv/policy_weight_std 0.07 / train/inv/valid_frac 1 / train/inv/weight 0.05 / train/loss/con 0.02 / train/loss/dyn 1.29 / train/loss/image 0.17 / train/loss/inv 2.7e-3 / train/loss/policy 1.5e-3 / train/loss/rep 1.29 / train/loss/repval 1.85 / train/loss/rew 0.01 / train/loss/value 1.5 / train/rand/action 0.06 / replay/replay_ratio 264 / fps/policy 7.7 / fps/train 1972.18

Writing metrics: /data2/liguoqi/habmm/hab_z/btwm/runs/btwm_atari_pong_seed1_v3_pw05_100k/metrics.jsonl
Writing metrics: /data2/liguoqi/habmm/hab_z/btwm/runs/btwm_atari_pong_seed1_v3_pw05_100k/scores.jsonl

--------------------[Agent Step 242_080]--------------------
Metrics filtered by: 'score|length|fps|ratio|train/loss/|train/acc/|train/inv/|train/rand/'
episode/score -11 / episode/length 2136 / train/acc/inv 0.95 / train/inv/ce 0.15 / train/inv/confidence 0.93 / train/inv/effective_rep_weight 0.05 / train/inv/head_objective 0.08 / train/inv/head_weight 0.02 / train/inv/objective 0.08 / train/inv/policy_weight_max 1.03 / train/inv/policy_weight_mean 1 / train/inv/policy_weight_min 0.75 / train/inv/policy_weight_std 0.07 / train/inv/valid_frac 1 / train/inv/weight 0.05 / train/loss/con 0.02 / train/loss/dyn 1.24 / train/loss/image 0.15 / train/loss/inv 2.7e-3 / train/loss/policy 1.1e-3 / train/loss/rep 1.24 / train/loss/repval 1.89 / train/loss/rew 0.01 / train/loss/value 1.53 / train/rand/action 0.06 / replay/replay_ratio 264 / fps/policy 6.82 / fps/train 1746.35

Writing metrics: /data2/liguoqi/habmm/hab_z/btwm/runs/btwm_atari_pong_seed1_v3_pw05_100k/metrics.jsonl
Writing metrics: /data2/liguoqi/habmm/hab_z/btwm/runs/btwm_atari_pong_seed1_v3_pw05_100k/scores.jsonl

--------------------[Agent Step 244_800]--------------------
Metrics filtered by: 'score|length|fps|ratio|train/loss/|train/acc/|train/inv/|train/rand/'
train/acc/inv 0.96 / train/inv/ce 0.13 / train/inv/confidence 0.94 / train/inv/effective_rep_weight 0.05 / train/inv/head_objective 0.07 / train/inv/head_weight 0.02 / train/inv/objective 0.07 / train/inv/policy_weight_max 1.02 / train/inv/policy_weight_mean 1 / train/inv/policy_weight_min 0.75 / train/inv/policy_weight_std 0.06 / train/inv/valid_frac 1 / train/inv/weight 0.05 / train/loss/con 0.02 / train/loss/dyn 1.24 / train/loss/image 0.15 / train/loss/inv 2.4e-3 / train/loss/policy 1e-3 / train/loss/rep 1.24 / train/loss/repval 1.87 / train/loss/rew 0.01 / train/loss/value 1.53 / train/rand/action 0.05 / replay/replay_ratio 264 / fps/policy 5.65 / fps/train 1446.91

Writing metrics: /data2/liguoqi/habmm/hab_z/btwm/runs/btwm_atari_pong_seed1_v3_pw05_100k/metrics.jsonl
Writing metrics: /data2/liguoqi/habmm/hab_z/btwm/runs/btwm_atari_pong_seed1_v3_pw05_100k/scores.jsonl

--------------------[Agent Step 248_360]--------------------
Metrics filtered by: 'score|length|fps|ratio|train/loss/|train/acc/|train/inv/|train/rand/'
train/acc/inv 0.96 / train/inv/ce 0.14 / train/inv/confidence 0.94 / train/inv/effective_rep_weight 0.05 / train/inv/head_objective 0.08 / train/inv/head_weight 0.02 / train/inv/objective 0.08 / train/inv/policy_weight_max 1.03 / train/inv/policy_weight_mean 1 / train/inv/policy_weight_min 0.75 / train/inv/policy_weight_std 0.06 / train/inv/valid_frac 1 / train/inv/weight 0.05 / train/loss/con 0.02 / train/loss/dyn 1.25 / train/loss/image 0.16 / train/loss/inv 2.5e-3 / train/loss/policy 8.3e-4 / train/loss/rep 1.25 / train/loss/repval 1.87 / train/loss/rew 0.01 / train/loss/value 1.53 / train/rand/action 0.05 / replay/replay_ratio 264 / fps/policy 7.35 / fps/train 1881.77

Writing metrics: /data2/liguoqi/habmm/hab_z/btwm/runs/btwm_atari_pong_seed1_v3_pw05_100k/metrics.jsonl
Writing metrics: /data2/liguoqi/habmm/hab_z/btwm/runs/btwm_atari_pong_seed1_v3_pw05_100k/scores.jsonl

--------------------[Agent Step 251_920]--------------------
Metrics filtered by: 'score|length|fps|ratio|train/loss/|train/acc/|train/inv/|train/rand/'
episode/score -14 / episode/length 1722 / train/acc/inv 0.96 / train/inv/ce 0.13 / train/inv/confidence 0.94 / train/inv/effective_rep_weight 0.05 / train/inv/head_objective 0.07 / train/inv/head_weight 0.02 / train/inv/objective 0.07 / train/inv/policy_weight_max 1.03 / train/inv/policy_weight_mean 1 / train/inv/policy_weight_min 0.75 / train/inv/policy_weight_std 0.06 / train/inv/valid_frac 1 / train/inv/weight 0.05 / train/loss/con 0.02 / train/loss/dyn 1.23 / train/loss/image 0.15 / train/loss/inv 2.4e-3 / train/loss/policy 6.2e-4 / train/loss/rep 1.23 / train/loss/repval 1.74 / train/loss/rew 0.01 / train/loss/value 1.43 / train/rand/action 0.05 / replay/replay_ratio 264 / fps/policy 7.4 / fps/train 1893.45

Writing metrics: /data2/liguoqi/habmm/hab_z/btwm/runs/btwm_atari_pong_seed1_v3_pw05_100k/scores.jsonl
Writing metrics: /data2/liguoqi/habmm/hab_z/btwm/runs/btwm_atari_pong_seed1_v3_pw05_100k/metrics.jsonl

--------------------[Agent Step 255_120]--------------------
Metrics filtered by: 'score|length|fps|ratio|train/loss/|train/acc/|train/inv/|train/rand/'
train/acc/inv 0.96 / train/inv/ce 0.14 / train/inv/confidence 0.94 / train/inv/effective_rep_weight 0.05 / train/inv/head_objective 0.08 / train/inv/head_weight 0.02 / train/inv/objective 0.08 / train/inv/policy_weight_max 1.03 / train/inv/policy_weight_mean 1 / train/inv/policy_weight_min 0.75 / train/inv/policy_weight_std 0.06 / train/inv/valid_frac 1 / train/inv/weight 0.05 / train/loss/con 0.02 / train/loss/dyn 1.25 / train/loss/image 0.14 / train/loss/inv 2.5e-3 / train/loss/policy 6.5e-4 / train/loss/rep 1.25 / train/loss/repval 1.69 / train/loss/rew 0.01 / train/loss/value 1.38 / train/rand/action 0.05 / replay/replay_ratio 264 / fps/policy 6.63 / fps/train 1696.26

Writing metrics: /data2/liguoqi/habmm/hab_z/btwm/runs/btwm_atari_pong_seed1_v3_pw05_100k/metrics.jsonl
Writing metrics: /data2/liguoqi/habmm/hab_z/btwm/runs/btwm_atari_pong_seed1_v3_pw05_100k/scores.jsonl

--------------------[Agent Step 258_520]--------------------
Metrics filtered by: 'score|length|fps|ratio|train/loss/|train/acc/|train/inv/|train/rand/'
episode/score -8 / episode/length 2301 / train/acc/inv 0.96 / train/inv/ce 0.14 / train/inv/confidence 0.94 / train/inv/effective_rep_weight 0.05 / train/inv/head_objective 0.08 / train/inv/head_weight 0.02 / train/inv/objective 0.08 / train/inv/policy_weight_max 1.03 / train/inv/policy_weight_mean 1 / train/inv/policy_weight_min 0.75 / train/inv/policy_weight_std 0.06 / train/inv/valid_frac 1 / train/inv/weight 0.05 / train/loss/con 0.02 / train/loss/dyn 1.22 / train/loss/image 0.15 / train/loss/inv 2.5e-3 / train/loss/policy 1.1e-3 / train/loss/rep 1.22 / train/loss/repval 1.74 / train/loss/rew 0.01 / train/loss/value 1.46 / train/rand/action 0.05 / replay/replay_ratio 264 / fps/policy 6.84 / fps/train 1750.37

Writing metrics: /data2/liguoqi/habmm/hab_z/btwm/runs/btwm_atari_pong_seed1_v3_pw05_100k/scores.jsonl
Writing metrics: /data2/liguoqi/habmm/hab_z/btwm/runs/btwm_atari_pong_seed1_v3_pw05_100k/metrics.jsonl

--------------------[Agent Step 262_000]--------------------
Metrics filtered by: 'score|length|fps|ratio|train/loss/|train/acc/|train/inv/|train/rand/'
train/acc/inv 0.96 / train/inv/ce 0.13 / train/inv/confidence 0.94 / train/inv/effective_rep_weight 0.05 / train/inv/head_objective 0.08 / train/inv/head_weight 0.02 / train/inv/objective 0.08 / train/inv/policy_weight_max 1.02 / train/inv/policy_weight_mean 1 / train/inv/policy_weight_min 0.75 / train/inv/policy_weight_std 0.06 / train/inv/valid_frac 1 / train/inv/weight 0.05 / train/loss/con 0.02 / train/loss/dyn 1.26 / train/loss/image 0.14 / train/loss/inv 2.4e-3 / train/loss/policy 7.4e-4 / train/loss/rep 1.26 / train/loss/repval 1.75 / train/loss/rew 0.01 / train/loss/value 1.43 / train/rand/action 0.06 / replay/replay_ratio 264 / fps/policy 7.43 / fps/train 1901.81

Writing metrics: /data2/liguoqi/habmm/hab_z/btwm/runs/btwm_atari_pong_seed1_v3_pw05_100k/scores.jsonl
Writing metrics: /data2/liguoqi/habmm/hab_z/btwm/runs/btwm_atari_pong_seed1_v3_pw05_100k/metrics.jsonl
Saving checkpoint: /data2/liguoqi/habmm/hab_z/btwm/runs/btwm_atari_pong_seed1_v3_pw05_100k/ckpt/20260615T135828F695300
Saved checkpoint.

--------------------[Agent Step 264_240]--------------------
Metrics filtered by: 'score|length|fps|ratio|train/loss/|train/acc/|train/inv/|train/rand/'
episode/score -18 / episode/length 1454 / train/acc/inv 0.95 / train/inv/ce 0.16 / train/inv/confidence 0.93 / train/inv/effective_rep_weight 0.05 / train/inv/head_objective 0.09 / train/inv/head_weight 0.02 / train/inv/objective 0.09 / train/inv/policy_weight_max 1.03 / train/inv/policy_weight_mean 1 / train/inv/policy_weight_min 0.75 / train/inv/policy_weight_std 0.07 / train/inv/valid_frac 1 / train/inv/weight 0.05 / train/loss/con 0.02 / train/loss/dyn 1.25 / train/loss/image 0.15 / train/loss/inv 2.8e-3 / train/loss/policy 9.1e-4 / train/loss/rep 1.25 / train/loss/repval 1.78 / train/loss/rew 0.01 / train/loss/value 1.47 / train/rand/action 0.06 / replay/replay_ratio 264 / fps/policy 0.73 / fps/train 185.62

Writing metrics: /data2/liguoqi/habmm/hab_z/btwm/runs/btwm_atari_pong_seed1_v3_pw05_100k/metrics.jsonl
Writing metrics: /data2/liguoqi/habmm/hab_z/btwm/runs/btwm_atari_pong_seed1_v3_pw05_100k/scores.jsonl

--------------------[Agent Step 267_560]--------------------
Metrics filtered by: 'score|length|fps|ratio|train/loss/|train/acc/|train/inv/|train/rand/'
train/acc/inv 0.96 / train/inv/ce 0.13 / train/inv/confidence 0.94 / train/inv/effective_rep_weight 0.05 / train/inv/head_objective 0.07 / train/inv/head_weight 0.02 / train/inv/objective 0.07 / train/inv/policy_weight_max 1.02 / train/inv/policy_weight_mean 1 / train/inv/policy_weight_min 0.75 / train/inv/policy_weight_std 0.06 / train/inv/valid_frac 1 / train/inv/weight 0.05 / train/loss/con 0.02 / train/loss/dyn 1.22 / train/loss/image 0.14 / train/loss/inv 2.3e-3 / train/loss/policy 6.2e-4 / train/loss/rep 1.22 / train/loss/repval 1.75 / train/loss/rew 0.01 / train/loss/value 1.45 / train/rand/action 0.06 / replay/replay_ratio 264 / fps/policy 6.32 / fps/train 1617.45

Writing metrics: /data2/liguoqi/habmm/hab_z/btwm/runs/btwm_atari_pong_seed1_v3_pw05_100k/metrics.jsonl
Writing metrics: /data2/liguoqi/habmm/hab_z/btwm/runs/btwm_atari_pong_seed1_v3_pw05_100k/scores.jsonl

--------------------[Agent Step 271_120]--------------------
Metrics filtered by: 'score|length|fps|ratio|train/loss/|train/acc/|train/inv/|train/rand/'
train/acc/inv 0.96 / train/inv/ce 0.14 / train/inv/confidence 0.94 / train/inv/effective_rep_weight 0.05 / train/inv/head_objective 0.08 / train/inv/head_weight 0.02 / train/inv/objective 0.08 / train/inv/policy_weight_max 1.03 / train/inv/policy_weight_mean 1 / train/inv/policy_weight_min 0.75 / train/inv/policy_weight_std 0.06 / train/inv/valid_frac 1 / train/inv/weight 0.05 / train/loss/con 0.02 / train/loss/dyn 1.26 / train/loss/image 0.16 / train/loss/inv 2.5e-3 / train/loss/policy 5.8e-4 / train/loss/rep 1.26 / train/loss/repval 1.76 / train/loss/rew 0.01 / train/loss/value 1.45 / train/rand/action 0.06 / replay/replay_ratio 264 / fps/policy 7.36 / fps/train 1884.15

Writing metrics: /data2/liguoqi/habmm/hab_z/btwm/runs/btwm_atari_pong_seed1_v3_pw05_100k/scores.jsonl
Writing metrics: /data2/liguoqi/habmm/hab_z/btwm/runs/btwm_atari_pong_seed1_v3_pw05_100k/metrics.jsonl

--------------------[Agent Step 274_640]--------------------
Metrics filtered by: 'score|length|fps|ratio|train/loss/|train/acc/|train/inv/|train/rand/'
episode/score -13 / episode/length 1983 / train/acc/inv 0.96 / train/inv/ce 0.13 / train/inv/confidence 0.94 / train/inv/effective_rep_weight 0.05 / train/inv/head_objective 0.07 / train/inv/head_weight 0.02 / train/inv/objective 0.07 / train/inv/policy_weight_max 1.02 / train/inv/policy_weight_mean 1 / train/inv/policy_weight_min 0.75 / train/inv/policy_weight_std 0.06 / train/inv/valid_frac 1 / train/inv/weight 0.05 / train/loss/con 0.02 / train/loss/dyn 1.23 / train/loss/image 0.13 / train/loss/inv 2.4e-3 / train/loss/policy 1.1e-3 / train/loss/rep 1.23 / train/loss/repval 1.75 / train/loss/rew 0.01 / train/loss/value 1.46 / train/rand/action 0.06 / replay/replay_ratio 264 / fps/policy 7.29 / fps/train 1867.09

Writing metrics: /data2/liguoqi/habmm/hab_z/btwm/runs/btwm_atari_pong_seed1_v3_pw05_100k/metrics.jsonl
Writing metrics: /data2/liguoqi/habmm/hab_z/btwm/runs/btwm_atari_pong_seed1_v3_pw05_100k/scores.jsonl

--------------------[Agent Step 278_080]--------------------
Metrics filtered by: 'score|length|fps|ratio|train/loss/|train/acc/|train/inv/|train/rand/'
train/acc/inv 0.96 / train/inv/ce 0.13 / train/inv/confidence 0.94 / train/inv/effective_rep_weight 0.05 / train/inv/head_objective 0.07 / train/inv/head_weight 0.02 / train/inv/objective 0.07 / train/inv/policy_weight_max 1.02 / train/inv/policy_weight_mean 1 / train/inv/policy_weight_min 0.75 / train/inv/policy_weight_std 0.06 / train/inv/valid_frac 1 / train/inv/weight 0.05 / train/loss/con 0.02 / train/loss/dyn 1.26 / train/loss/image 0.14 / train/loss/inv 2.4e-3 / train/loss/policy 1.2e-3 / train/loss/rep 1.26 / train/loss/repval 1.72 / train/loss/rew 0.01 / train/loss/value 1.41 / train/rand/action 0.06 / replay/replay_ratio 264 / fps/policy 6.75 / fps/train 1728.3

Writing metrics: /data2/liguoqi/habmm/hab_z/btwm/runs/btwm_atari_pong_seed1_v3_pw05_100k/metrics.jsonl
Writing metrics: /data2/liguoqi/habmm/hab_z/btwm/runs/btwm_atari_pong_seed1_v3_pw05_100k/scores.jsonl

--------------------[Agent Step 281_400]--------------------
Metrics filtered by: 'score|length|fps|ratio|train/loss/|train/acc/|train/inv/|train/rand/'
episode/score -10 / episode/length 2322 / train/acc/inv 0.96 / train/inv/ce 0.14 / train/inv/confidence 0.94 / train/inv/effective_rep_weight 0.05 / train/inv/head_objective 0.08 / train/inv/head_weight 0.02 / train/inv/objective 0.08 / train/inv/policy_weight_max 1.03 / train/inv/policy_weight_mean 1 / train/inv/policy_weight_min 0.75 / train/inv/policy_weight_std 0.06 / train/inv/valid_frac 1 / train/inv/weight 0.05 / train/loss/con 0.02 / train/loss/dyn 1.27 / train/loss/image 0.14 / train/loss/inv 2.5e-3 / train/loss/policy 7.8e-4 / train/loss/rep 1.27 / train/loss/repval 1.75 / train/loss/rew 0.01 / train/loss/value 1.4 / train/rand/action 0.06 / replay/replay_ratio 264 / fps/policy 6.39 / fps/train 1636.05

Writing metrics: /data2/liguoqi/habmm/hab_z/btwm/runs/btwm_atari_pong_seed1_v3_pw05_100k/metrics.jsonl
Writing metrics: /data2/liguoqi/habmm/hab_z/btwm/runs/btwm_atari_pong_seed1_v3_pw05_100k/scores.jsonl

--------------------[Agent Step 284_920]--------------------
Metrics filtered by: 'score|length|fps|ratio|train/loss/|train/acc/|train/inv/|train/rand/'
train/acc/inv 0.96 / train/inv/ce 0.11 / train/inv/confidence 0.95 / train/inv/effective_rep_weight 0.05 / train/inv/head_objective 0.06 / train/inv/head_weight 0.02 / train/inv/objective 0.06 / train/inv/policy_weight_max 1.02 / train/inv/policy_weight_mean 1 / train/inv/policy_weight_min 0.75 / train/inv/policy_weight_std 0.06 / train/inv/valid_frac 1 / train/inv/weight 0.05 / train/loss/con 0.02 / train/loss/dyn 1.21 / train/loss/image 0.13 / train/loss/inv 2.1e-3 / train/loss/policy 1.3e-3 / train/loss/rep 1.21 / train/loss/repval 1.8 / train/loss/rew 0.01 / train/loss/value 1.48 / train/rand/action 0.06 / replay/replay_ratio 264 / fps/policy 7.33 / fps/train 1876.33

Writing metrics: /data2/liguoqi/habmm/hab_z/btwm/runs/btwm_atari_pong_seed1_v3_pw05_100k/metrics.jsonl
Writing metrics: /data2/liguoqi/habmm/hab_z/btwm/runs/btwm_atari_pong_seed1_v3_pw05_100k/scores.jsonl

--------------------[Agent Step 287_840]--------------------
Metrics filtered by: 'score|length|fps|ratio|train/loss/|train/acc/|train/inv/|train/rand/'
train/acc/inv 0.96 / train/inv/ce 0.12 / train/inv/confidence 0.95 / train/inv/effective_rep_weight 0.05 / train/inv/head_objective 0.07 / train/inv/head_weight 0.02 / train/inv/objective 0.07 / train/inv/policy_weight_max 1.02 / train/inv/policy_weight_mean 1 / train/inv/policy_weight_min 0.75 / train/inv/policy_weight_std 0.06 / train/inv/valid_frac 1 / train/inv/weight 0.05 / train/loss/con 0.02 / train/loss/dyn 1.24 / train/loss/image 0.13 / train/loss/inv 2.2e-3 / train/loss/policy 7.5e-4 / train/loss/rep 1.24 / train/loss/repval 1.73 / train/loss/rew 0.01 / train/loss/value 1.42 / train/rand/action 0.06 / replay/replay_ratio 264 / fps/policy 6.03 / fps/train 1544.73

Writing metrics: /data2/liguoqi/habmm/hab_z/btwm/runs/btwm_atari_pong_seed1_v3_pw05_100k/scores.jsonl
Writing metrics: /data2/liguoqi/habmm/hab_z/btwm/runs/btwm_atari_pong_seed1_v3_pw05_100k/metrics.jsonl

--------------------[Agent Step 291_560]--------------------
Metrics filtered by: 'score|length|fps|ratio|train/loss/|train/acc/|train/inv/|train/rand/'
episode/score -13 / episode/length 1819 / train/acc/inv 0.96 / train/inv/ce 0.12 / train/inv/confidence 0.95 / train/inv/effective_rep_weight 0.05 / train/inv/head_objective 0.07 / train/inv/head_weight 0.02 / train/inv/objective 0.07 / train/inv/policy_weight_max 1.02 / train/inv/policy_weight_mean 1 / train/inv/policy_weight_min 0.75 / train/inv/policy_weight_std 0.06 / train/inv/valid_frac 1 / train/inv/weight 0.05 / train/loss/con 0.02 / train/loss/dyn 1.23 / train/loss/image 0.13 / train/loss/inv 2.2e-3 / train/loss/policy 1.2e-3 / train/loss/rep 1.23 / train/loss/repval 1.79 / train/loss/rew 0.01 / train/loss/value 1.46 / train/rand/action 0.05 / replay/replay_ratio 264 / fps/policy 7.68 / fps/train 1965.34

Writing metrics: /data2/liguoqi/habmm/hab_z/btwm/runs/btwm_atari_pong_seed1_v3_pw05_100k/metrics.jsonl
Writing metrics: /data2/liguoqi/habmm/hab_z/btwm/runs/btwm_atari_pong_seed1_v3_pw05_100k/scores.jsonl

--------------------[Agent Step 294_960]--------------------
Metrics filtered by: 'score|length|fps|ratio|train/loss/|train/acc/|train/inv/|train/rand/'
train/acc/inv 0.96 / train/inv/ce 0.14 / train/inv/confidence 0.94 / train/inv/effective_rep_weight 0.05 / train/inv/head_objective 0.08 / train/inv/head_weight 0.02 / train/inv/objective 0.08 / train/inv/policy_weight_max 1.02 / train/inv/policy_weight_mean 1 / train/inv/policy_weight_min 0.75 / train/inv/policy_weight_std 0.06 / train/inv/valid_frac 1 / train/inv/weight 0.05 / train/loss/con 0.02 / train/loss/dyn 1.23 / train/loss/image 0.14 / train/loss/inv 2.5e-3 / train/loss/policy 7.8e-4 / train/loss/rep 1.23 / train/loss/repval 1.7 / train/loss/rew 0.01 / train/loss/value 1.39 / train/rand/action 0.05 / replay/replay_ratio 264 / fps/policy 6.71 / fps/train 1718.34

Writing metrics: /data2/liguoqi/habmm/hab_z/btwm/runs/btwm_atari_pong_seed1_v3_pw05_100k/metrics.jsonl
Writing metrics: /data2/liguoqi/habmm/hab_z/btwm/runs/btwm_atari_pong_seed1_v3_pw05_100k/scores.jsonl

--------------------[Agent Step 298_040]--------------------
Metrics filtered by: 'score|length|fps|ratio|train/loss/|train/acc/|train/inv/|train/rand/'
train/acc/inv 0.96 / train/inv/ce 0.13 / train/inv/confidence 0.94 / train/inv/effective_rep_weight 0.05 / train/inv/head_objective 0.08 / train/inv/head_weight 0.02 / train/inv/objective 0.08 / train/inv/policy_weight_max 1.02 / train/inv/policy_weight_mean 1 / train/inv/policy_weight_min 0.75 / train/inv/policy_weight_std 0.06 / train/inv/valid_frac 1 / train/inv/weight 0.05 / train/loss/con 0.02 / train/loss/dyn 1.2 / train/loss/image 0.14 / train/loss/inv 2.4e-3 / train/loss/policy 1.2e-3 / train/loss/rep 1.2 / train/loss/repval 1.66 / train/loss/rew 0.01 / train/loss/value 1.37 / train/rand/action 0.05 / replay/replay_ratio 264 / fps/policy 6.15 / fps/train 1574.83

Writing metrics: /data2/liguoqi/habmm/hab_z/btwm/runs/btwm_atari_pong_seed1_v3_pw05_100k/metrics.jsonl
Writing metrics: /data2/liguoqi/habmm/hab_z/btwm/runs/btwm_atari_pong_seed1_v3_pw05_100k/scores.jsonl

--------------------[Agent Step 300_000]--------------------
Metrics filtered by: 'score|length|fps|ratio|train/loss/|train/acc/|train/inv/|train/rand/'
episode/score -8 / episode/length 2686 / train/acc/inv 0.96 / train/inv/ce 0.13 / train/inv/confidence 0.94 / train/inv/effective_rep_weight 0.05 / train/inv/head_objective 0.07 / train/inv/head_weight 0.02 / train/inv/objective 0.07 / train/inv/policy_weight_max 1.02 / train/inv/policy_weight_mean 1 / train/inv/policy_weight_min 0.75 / train/inv/policy_weight_std 0.06 / train/inv/valid_frac 1 / train/inv/weight 0.05 / train/loss/con 0.02 / train/loss/dyn 1.23 / train/loss/image 0.13 / train/loss/inv 2.4e-3 / train/loss/policy 8.8e-4 / train/loss/rep 1.23 / train/loss/repval 1.75 / train/loss/rew 0.01 / train/loss/value 1.45 / train/rand/action 0.05 / replay/replay_ratio 264 / fps/policy 4.05 / fps/train 1036.32

Writing metrics: /data2/liguoqi/habmm/hab_z/btwm/runs/btwm_atari_pong_seed1_v3_pw05_100k/scores.jsonl
Writing metrics: /data2/liguoqi/habmm/hab_z/btwm/runs/btwm_atari_pong_seed1_v3_pw05_100k/metrics.jsonl

--------------------[Agent Step 303_360]--------------------
Metrics filtered by: 'score|length|fps|ratio|train/loss/|train/acc/|train/inv/|train/rand/'
train/acc/inv 0.96 / train/inv/ce 0.12 / train/inv/confidence 0.95 / train/inv/effective_rep_weight 0.05 / train/inv/head_objective 0.07 / train/inv/head_weight 0.02 / train/inv/objective 0.07 / train/inv/policy_weight_max 1.02 / train/inv/policy_weight_mean 1 / train/inv/policy_weight_min 0.75 / train/inv/policy_weight_std 0.06 / train/inv/valid_frac 1 / train/inv/weight 0.05 / train/loss/con 0.02 / train/loss/dyn 1.23 / train/loss/image 0.13 / train/loss/inv 2.2e-3 / train/loss/policy 8.7e-4 / train/loss/rep 1.23 / train/loss/repval 1.77 / train/loss/rew 0.01 / train/loss/value 1.46 / train/rand/action 0.05 / replay/replay_ratio 264 / fps/policy 6.96 / fps/train 1782.44

Writing metrics: /data2/liguoqi/habmm/hab_z/btwm/runs/btwm_atari_pong_seed1_v3_pw05_100k/scores.jsonl
Writing metrics: /data2/liguoqi/habmm/hab_z/btwm/runs/btwm_atari_pong_seed1_v3_pw05_100k/metrics.jsonl

--------------------[Agent Step 307_080]--------------------
Metrics filtered by: 'score|length|fps|ratio|train/loss/|train/acc/|train/inv/|train/rand/'
episode/score -13 / episode/length 1977 / train/acc/inv 0.96 / train/inv/ce 0.13 / train/inv/confidence 0.95 / train/inv/effective_rep_weight 0.05 / train/inv/head_objective 0.07 / train/inv/head_weight 0.02 / train/inv/objective 0.07 / train/inv/policy_weight_max 1.02 / train/inv/policy_weight_mean 1 / train/inv/policy_weight_min 0.75 / train/inv/policy_weight_std 0.06 / train/inv/valid_frac 1 / train/inv/weight 0.05 / train/loss/con 0.02 / train/loss/dyn 1.23 / train/loss/image 0.13 / train/loss/inv 2.3e-3 / train/loss/policy 6.9e-4 / train/loss/rep 1.23 / train/loss/repval 1.79 / train/loss/rew 0.01 / train/loss/value 1.45 / train/rand/action 0.05 / replay/replay_ratio 264 / fps/policy 7.67 / fps/train 1963.31

Writing metrics: /data2/liguoqi/habmm/hab_z/btwm/runs/btwm_atari_pong_seed1_v3_pw05_100k/scores.jsonl
Writing metrics: /data2/liguoqi/habmm/hab_z/btwm/runs/btwm_atari_pong_seed1_v3_pw05_100k/metrics.jsonl

--------------------[Agent Step 310_440]--------------------
Metrics filtered by: 'score|length|fps|ratio|train/loss/|train/acc/|train/inv/|train/rand/'
train/acc/inv 0.96 / train/inv/ce 0.13 / train/inv/confidence 0.95 / train/inv/effective_rep_weight 0.05 / train/inv/head_objective 0.07 / train/inv/head_weight 0.02 / train/inv/objective 0.07 / train/inv/policy_weight_max 1.02 / train/inv/policy_weight_mean 1 / train/inv/policy_weight_min 0.75 / train/inv/policy_weight_std 0.06 / train/inv/valid_frac 1 / train/inv/weight 0.05 / train/loss/con 0.02 / train/loss/dyn 1.22 / train/loss/image 0.13 / train/loss/inv 2.2e-3 / train/loss/policy 1e-3 / train/loss/rep 1.22 / train/loss/repval 1.76 / train/loss/rew 0.01 / train/loss/value 1.45 / train/rand/action 0.05 / replay/replay_ratio 264 / fps/policy 6.98 / fps/train 1787.45

Writing metrics: /data2/liguoqi/habmm/hab_z/btwm/runs/btwm_atari_pong_seed1_v3_pw05_100k/scores.jsonl
Writing metrics: /data2/liguoqi/habmm/hab_z/btwm/runs/btwm_atari_pong_seed1_v3_pw05_100k/metrics.jsonl

--------------------[Agent Step 314_160]--------------------
Metrics filtered by: 'score|length|fps|ratio|train/loss/|train/acc/|train/inv/|train/rand/'
train/acc/inv 0.96 / train/inv/ce 0.14 / train/inv/confidence 0.94 / train/inv/effective_rep_weight 0.05 / train/inv/head_objective 0.08 / train/inv/head_weight 0.02 / train/inv/objective 0.08 / train/inv/policy_weight_max 1.02 / train/inv/policy_weight_mean 1 / train/inv/policy_weight_min 0.75 / train/inv/policy_weight_std 0.06 / train/inv/valid_frac 1 / train/inv/weight 0.05 / train/loss/con 0.02 / train/loss/dyn 1.22 / train/loss/image 0.13 / train/loss/inv 2.4e-3 / train/loss/policy 6.3e-4 / train/loss/rep 1.22 / train/loss/repval 1.75 / train/loss/rew 0.01 / train/loss/value 1.42 / train/rand/action 0.05 / replay/replay_ratio 264 / fps/policy 7.72 / fps/train 1976.54

Writing metrics: /data2/liguoqi/habmm/hab_z/btwm/runs/btwm_atari_pong_seed1_v3_pw05_100k/metrics.jsonl
Writing metrics: /data2/liguoqi/habmm/hab_z/btwm/runs/btwm_atari_pong_seed1_v3_pw05_100k/scores.jsonl

--------------------[Agent Step 317_680]--------------------
Metrics filtered by: 'score|length|fps|ratio|train/loss/|train/acc/|train/inv/|train/rand/'
episode/score -10 / episode/length 2585 / train/acc/inv 0.96 / train/inv/ce 0.13 / train/inv/confidence 0.95 / train/inv/effective_rep_weight 0.05 / train/inv/head_objective 0.07 / train/inv/head_weight 0.02 / train/inv/objective 0.07 / train/inv/policy_weight_max 1.02 / train/inv/policy_weight_mean 1 / train/inv/policy_weight_min 0.75 / train/inv/policy_weight_std 0.06 / train/inv/valid_frac 1 / train/inv/weight 0.05 / train/loss/con 0.02 / train/loss/dyn 1.22 / train/loss/image 0.12 / train/loss/inv 2.2e-3 / train/loss/policy 6.8e-4 / train/loss/rep 1.22 / train/loss/repval 1.7 / train/loss/rew 0.01 / train/loss/value 1.4 / train/rand/action 0.05 / replay/replay_ratio 264 / fps/policy 6.3 / fps/train 1612.46

Writing metrics: /data2/liguoqi/habmm/hab_z/btwm/runs/btwm_atari_pong_seed1_v3_pw05_100k/metrics.jsonl
Writing metrics: /data2/liguoqi/habmm/hab_z/btwm/runs/btwm_atari_pong_seed1_v3_pw05_100k/scores.jsonl

--------------------[Agent Step 320_040]--------------------
Metrics filtered by: 'score|length|fps|ratio|train/loss/|train/acc/|train/inv/|train/rand/'
train/acc/inv 0.96 / train/inv/ce 0.12 / train/inv/confidence 0.95 / train/inv/effective_rep_weight 0.05 / train/inv/head_objective 0.07 / train/inv/head_weight 0.02 / train/inv/objective 0.07 / train/inv/policy_weight_max 1.02 / train/inv/policy_weight_mean 1 / train/inv/policy_weight_min 0.75 / train/inv/policy_weight_std 0.06 / train/inv/valid_frac 1 / train/inv/weight 0.05 / train/loss/con 0.02 / train/loss/dyn 1.21 / train/loss/image 0.13 / train/loss/inv 2.2e-3 / train/loss/policy 9.7e-4 / train/loss/rep 1.21 / train/loss/repval 1.66 / train/loss/rew 0.01 / train/loss/value 1.38 / train/rand/action 0.05 / replay/replay_ratio 264 / fps/policy 4.83 / fps/train 1236.86

Writing metrics: /data2/liguoqi/habmm/hab_z/btwm/runs/btwm_atari_pong_seed1_v3_pw05_100k/scores.jsonl
Writing metrics: /data2/liguoqi/habmm/hab_z/btwm/runs/btwm_atari_pong_seed1_v3_pw05_100k/metrics.jsonl

--------------------[Agent Step 322_000]--------------------
Metrics filtered by: 'score|length|fps|ratio|train/loss/|train/acc/|train/inv/|train/rand/'
train/acc/inv 0.97 / train/inv/ce 0.12 / train/inv/confidence 0.95 / train/inv/effective_rep_weight 0.05 / train/inv/head_objective 0.07 / train/inv/head_weight 0.02 / train/inv/objective 0.07 / train/inv/policy_weight_max 1.02 / train/inv/policy_weight_mean 1 / train/inv/policy_weight_min 0.75 / train/inv/policy_weight_std 0.06 / train/inv/valid_frac 1 / train/inv/weight 0.05 / train/loss/con 0.02 / train/loss/dyn 1.22 / train/loss/image 0.12 / train/loss/inv 2.1e-3 / train/loss/policy 1.3e-3 / train/loss/rep 1.22 / train/loss/repval 1.81 / train/loss/rew 0.01 / train/loss/value 1.47 / train/rand/action 0.05 / replay/replay_ratio 264 / fps/policy 4.07 / fps/train 1040.78

Writing metrics: /data2/liguoqi/habmm/hab_z/btwm/runs/btwm_atari_pong_seed1_v3_pw05_100k/metrics.jsonl
Writing metrics: /data2/liguoqi/habmm/hab_z/btwm/runs/btwm_atari_pong_seed1_v3_pw05_100k/scores.jsonl

--------------------[Agent Step 324_040]--------------------
Metrics filtered by: 'score|length|fps|ratio|train/loss/|train/acc/|train/inv/|train/rand/'
train/acc/inv 0.96 / train/inv/ce 0.12 / train/inv/confidence 0.95 / train/inv/effective_rep_weight 0.05 / train/inv/head_objective 0.07 / train/inv/head_weight 0.02 / train/inv/objective 0.07 / train/inv/policy_weight_max 1.02 / train/inv/policy_weight_mean 1 / train/inv/policy_weight_min 0.75 / train/inv/policy_weight_std 0.06 / train/inv/valid_frac 1 / train/inv/weight 0.05 / train/loss/con 0.02 / train/loss/dyn 1.25 / train/loss/image 0.13 / train/loss/inv 2.2e-3 / train/loss/policy 8.6e-4 / train/loss/rep 1.25 / train/loss/repval 1.79 / train/loss/rew 0.01 / train/loss/value 1.5 / train/rand/action 0.05 / replay/replay_ratio 264 / fps/policy 4.22 / fps/train 1080.53

Writing metrics: /data2/liguoqi/habmm/hab_z/btwm/runs/btwm_atari_pong_seed1_v3_pw05_100k/metrics.jsonl
Writing metrics: /data2/liguoqi/habmm/hab_z/btwm/runs/btwm_atari_pong_seed1_v3_pw05_100k/scores.jsonl

--------------------[Agent Step 326_080]--------------------
Metrics filtered by: 'score|length|fps|ratio|train/loss/|train/acc/|train/inv/|train/rand/'
episode/score -14 / episode/length 1860 / train/acc/inv 0.96 / train/inv/ce 0.12 / train/inv/confidence 0.95 / train/inv/effective_rep_weight 0.05 / train/inv/head_objective 0.07 / train/inv/head_weight 0.02 / train/inv/objective 0.07 / train/inv/policy_weight_max 1.02 / train/inv/policy_weight_mean 1 / train/inv/policy_weight_min 0.75 / train/inv/policy_weight_std 0.06 / train/inv/valid_frac 1 / train/inv/weight 0.05 / train/loss/con 0.02 / train/loss/dyn 1.22 / train/loss/image 0.12 / train/loss/inv 2.2e-3 / train/loss/policy 3.2e-4 / train/loss/rep 1.22 / train/loss/repval 1.8 / train/loss/rew 0.01 / train/loss/value 1.45 / train/rand/action 0.05 / replay/replay_ratio 264 / fps/policy 4.18 / fps/train 1071.03

Writing metrics: /data2/liguoqi/habmm/hab_z/btwm/runs/btwm_atari_pong_seed1_v3_pw05_100k/scores.jsonl
Writing metrics: /data2/liguoqi/habmm/hab_z/btwm/runs/btwm_atari_pong_seed1_v3_pw05_100k/metrics.jsonl

--------------------[Agent Step 327_920]--------------------
Metrics filtered by: 'score|length|fps|ratio|train/loss/|train/acc/|train/inv/|train/rand/'
train/acc/inv 0.97 / train/inv/ce 0.12 / train/inv/confidence 0.95 / train/inv/effective_rep_weight 0.05 / train/inv/head_objective 0.06 / train/inv/head_weight 0.02 / train/inv/objective 0.06 / train/inv/policy_weight_max 1.02 / train/inv/policy_weight_mean 1 / train/inv/policy_weight_min 0.75 / train/inv/policy_weight_std 0.06 / train/inv/valid_frac 1 / train/inv/weight 0.05 / train/loss/con 0.02 / train/loss/dyn 1.23 / train/loss/image 0.13 / train/loss/inv 2.1e-3 / train/loss/policy 5.5e-4 / train/loss/rep 1.23 / train/loss/repval 1.85 / train/loss/rew 0.01 / train/loss/value 1.51 / train/rand/action 0.05 / replay/replay_ratio 264 / fps/policy 3.79 / fps/train 969.25

Writing metrics: /data2/liguoqi/habmm/hab_z/btwm/runs/btwm_atari_pong_seed1_v3_pw05_100k/scores.jsonl
Writing metrics: /data2/liguoqi/habmm/hab_z/btwm/runs/btwm_atari_pong_seed1_v3_pw05_100k/metrics.jsonl

--------------------[Agent Step 330_040]--------------------
Metrics filtered by: 'score|length|fps|ratio|train/loss/|train/acc/|train/inv/|train/rand/'
train/acc/inv 0.96 / train/inv/ce 0.12 / train/inv/confidence 0.95 / train/inv/effective_rep_weight 0.05 / train/inv/head_objective 0.07 / train/inv/head_weight 0.02 / train/inv/objective 0.07 / train/inv/policy_weight_max 1.02 / train/inv/policy_weight_mean 1 / train/inv/policy_weight_min 0.75 / train/inv/policy_weight_std 0.06 / train/inv/valid_frac 1 / train/inv/weight 0.05 / train/loss/con 0.02 / train/loss/dyn 1.24 / train/loss/image 0.13 / train/loss/inv 2.1e-3 / train/loss/policy 4.5e-4 / train/loss/rep 1.24 / train/loss/repval 1.84 / train/loss/rew 0.01 / train/loss/value 1.5 / train/rand/action 0.05 / replay/replay_ratio 264 / fps/policy 4.01 / fps/train 1027.52

Writing metrics: /data2/liguoqi/habmm/hab_z/btwm/runs/btwm_atari_pong_seed1_v3_pw05_100k/metrics.jsonl
Writing metrics: /data2/liguoqi/habmm/hab_z/btwm/runs/btwm_atari_pong_seed1_v3_pw05_100k/scores.jsonl

--------------------[Agent Step 333_040]--------------------
Metrics filtered by: 'score|length|fps|ratio|train/loss/|train/acc/|train/inv/|train/rand/'
train/acc/inv 0.97 / train/inv/ce 0.12 / train/inv/confidence 0.95 / train/inv/effective_rep_weight 0.05 / train/inv/head_objective 0.06 / train/inv/head_weight 0.02 / train/inv/objective 0.06 / train/inv/policy_weight_max 1.02 / train/inv/policy_weight_mean 1 / train/inv/policy_weight_min 0.75 / train/inv/policy_weight_std 0.06 / train/inv/valid_frac 1 / train/inv/weight 0.05 / train/loss/con 0.02 / train/loss/dyn 1.24 / train/loss/image 0.13 / train/loss/inv 2.1e-3 / train/loss/policy 7.3e-4 / train/loss/rep 1.24 / train/loss/repval 1.8 / train/loss/rew 0.01 / train/loss/value 1.46 / train/rand/action 0.05 / replay/replay_ratio 264 / fps/policy 6.23 / fps/train 1595.75

Writing metrics: /data2/liguoqi/habmm/hab_z/btwm/runs/btwm_atari_pong_seed1_v3_pw05_100k/metrics.jsonl
Writing metrics: /data2/liguoqi/habmm/hab_z/btwm/runs/btwm_atari_pong_seed1_v3_pw05_100k/scores.jsonl
Saving checkpoint: /data2/liguoqi/habmm/hab_z/btwm/runs/btwm_atari_pong_seed1_v3_pw05_100k/ckpt/20260615T145835F890985
Saved checkpoint.

--------------------[Agent Step 335_440]--------------------
Metrics filtered by: 'score|length|fps|ratio|train/loss/|train/acc/|train/inv/|train/rand/'
episode/score -10 / episode/length 2216 / train/acc/inv 0.97 / train/inv/ce 0.11 / train/inv/confidence 0.95 / train/inv/effective_rep_weight 0.05 / train/inv/head_objective 0.06 / train/inv/head_weight 0.02 / train/inv/objective 0.06 / train/inv/policy_weight_max 1.02 / train/inv/policy_weight_mean 1 / train/inv/policy_weight_min 0.75 / train/inv/policy_weight_std 0.05 / train/inv/valid_frac 1 / train/inv/weight 0.05 / train/loss/con 0.02 / train/loss/dyn 1.22 / train/loss/image 0.12 / train/loss/inv 2e-3 / train/loss/policy 7.6e-4 / train/loss/rep 1.22 / train/loss/repval 1.7 / train/loss/rew 0.01 / train/loss/value 1.42 / train/rand/action 0.05 / replay/replay_ratio 264 / fps/policy 0.9 / fps/train 231.46

Writing metrics: /data2/liguoqi/habmm/hab_z/btwm/runs/btwm_atari_pong_seed1_v3_pw05_100k/metrics.jsonl
Writing metrics: /data2/liguoqi/habmm/hab_z/btwm/runs/btwm_atari_pong_seed1_v3_pw05_100k/scores.jsonl

--------------------[Agent Step 337_760]--------------------
Metrics filtered by: 'score|length|fps|ratio|train/loss/|train/acc/|train/inv/|train/rand/'
train/acc/inv 0.97 / train/inv/ce 0.11 / train/inv/confidence 0.95 / train/inv/effective_rep_weight 0.05 / train/inv/head_objective 0.06 / train/inv/head_weight 0.02 / train/inv/objective 0.06 / train/inv/policy_weight_max 1.02 / train/inv/policy_weight_mean 1 / train/inv/policy_weight_min 0.75 / train/inv/policy_weight_std 0.06 / train/inv/valid_frac 1 / train/inv/weight 0.05 / train/loss/con 0.02 / train/loss/dyn 1.23 / train/loss/image 0.13 / train/loss/inv 2e-3 / train/loss/policy 4.2e-4 / train/loss/rep 1.23 / train/loss/repval 1.74 / train/loss/rew 0.01 / train/loss/value 1.39 / train/rand/action 0.05 / replay/replay_ratio 264 / fps/policy 5.55 / fps/train 1420.22

Writing metrics: /data2/liguoqi/habmm/hab_z/btwm/runs/btwm_atari_pong_seed1_v3_pw05_100k/scores.jsonl
Writing metrics: /data2/liguoqi/habmm/hab_z/btwm/runs/btwm_atari_pong_seed1_v3_pw05_100k/metrics.jsonl

--------------------[Agent Step 341_360]--------------------
Metrics filtered by: 'score|length|fps|ratio|train/loss/|train/acc/|train/inv/|train/rand/'
train/acc/inv 0.97 / train/inv/ce 0.1 / train/inv/confidence 0.95 / train/inv/effective_rep_weight 0.05 / train/inv/head_objective 0.06 / train/inv/head_weight 0.02 / train/inv/objective 0.06 / train/inv/policy_weight_max 1.02 / train/inv/policy_weight_mean 1 / train/inv/policy_weight_min 0.75 / train/inv/policy_weight_std 0.05 / train/inv/valid_frac 1 / train/inv/weight 0.05 / train/loss/con 0.02 / train/loss/dyn 1.22 / train/loss/image 0.13 / train/loss/inv 1.9e-3 / train/loss/policy 9.3e-4 / train/loss/rep 1.22 / train/loss/repval 1.75 / train/loss/rew 0.01 / train/loss/value 1.45 / train/rand/action 0.05 / replay/replay_ratio 264 / fps/policy 7.42 / fps/train 1899.89

Writing metrics: /data2/liguoqi/habmm/hab_z/btwm/runs/btwm_atari_pong_seed1_v3_pw05_100k/scores.jsonl
Writing metrics: /data2/liguoqi/habmm/hab_z/btwm/runs/btwm_atari_pong_seed1_v3_pw05_100k/metrics.jsonl

--------------------[Agent Step 344_640]--------------------
Metrics filtered by: 'score|length|fps|ratio|train/loss/|train/acc/|train/inv/|train/rand/'
episode/score -8 / episode/length 2496 / train/acc/inv 0.97 / train/inv/ce 0.11 / train/inv/confidence 0.95 / train/inv/effective_rep_weight 0.05 / train/inv/head_objective 0.06 / train/inv/head_weight 0.02 / train/inv/objective 0.06 / train/inv/policy_weight_max 1.02 / train/inv/policy_weight_mean 1 / train/inv/policy_weight_min 0.75 / train/inv/policy_weight_std 0.06 / train/inv/valid_frac 1 / train/inv/weight 0.05 / train/loss/con 0.02 / train/loss/dyn 1.24 / train/loss/image 0.12 / train/loss/inv 2e-3 / train/loss/policy 2.4e-4 / train/loss/rep 1.24 / train/loss/repval 1.86 / train/loss/rew 0.01 / train/loss/value 1.5 / train/rand/action 0.05 / replay/replay_ratio 264 / fps/policy 6.77 / fps/train 1732.09

Writing metrics: /data2/liguoqi/habmm/hab_z/btwm/runs/btwm_atari_pong_seed1_v3_pw05_100k/metrics.jsonl
Writing metrics: /data2/liguoqi/habmm/hab_z/btwm/runs/btwm_atari_pong_seed1_v3_pw05_100k/scores.jsonl

--------------------[Agent Step 348_120]--------------------
Metrics filtered by: 'score|length|fps|ratio|train/loss/|train/acc/|train/inv/|train/rand/'
train/acc/inv 0.97 / train/inv/ce 0.11 / train/inv/confidence 0.95 / train/inv/effective_rep_weight 0.05 / train/inv/head_objective 0.06 / train/inv/head_weight 0.02 / train/inv/objective 0.06 / train/inv/policy_weight_max 1.02 / train/inv/policy_weight_mean 1 / train/inv/policy_weight_min 0.75 / train/inv/policy_weight_std 0.06 / train/inv/valid_frac 1 / train/inv/weight 0.05 / train/loss/con 0.02 / train/loss/dyn 1.23 / train/loss/image 0.13 / train/loss/inv 2e-3 / train/loss/policy 1e-3 / train/loss/rep 1.23 / train/loss/repval 1.79 / train/loss/rew 0.01 / train/loss/value 1.48 / train/rand/action 0.05 / replay/replay_ratio 264 / fps/policy 7.22 / fps/train 1847.41

Writing metrics: /data2/liguoqi/habmm/hab_z/btwm/runs/btwm_atari_pong_seed1_v3_pw05_100k/metrics.jsonl
Writing metrics: /data2/liguoqi/habmm/hab_z/btwm/runs/btwm_atari_pong_seed1_v3_pw05_100k/scores.jsonl

--------------------[Agent Step 351_240]--------------------
Metrics filtered by: 'score|length|fps|ratio|train/loss/|train/acc/|train/inv/|train/rand/'
train/acc/inv 0.97 / train/inv/ce 0.12 / train/inv/confidence 0.95 / train/inv/effective_rep_weight 0.05 / train/inv/head_objective 0.07 / train/inv/head_weight 0.02 / train/inv/objective 0.07 / train/inv/policy_weight_max 1.02 / train/inv/policy_weight_mean 1 / train/inv/policy_weight_min 0.75 / train/inv/policy_weight_std 0.06 / train/inv/valid_frac 1 / train/inv/weight 0.05 / train/loss/con 0.02 / train/loss/dyn 1.23 / train/loss/image 0.12 / train/loss/inv 2.1e-3 / train/loss/policy 6.2e-4 / train/loss/rep 1.23 / train/loss/repval 1.82 / train/loss/rew 0.01 / train/loss/value 1.47 / train/rand/action 0.05 / replay/replay_ratio 264 / fps/policy 6.49 / fps/train 1660.59

Writing metrics: /data2/liguoqi/habmm/hab_z/btwm/runs/btwm_atari_pong_seed1_v3_pw05_100k/scores.jsonl
Writing metrics: /data2/liguoqi/habmm/hab_z/btwm/runs/btwm_atari_pong_seed1_v3_pw05_100k/metrics.jsonl

--------------------[Agent Step 354_960]--------------------
Metrics filtered by: 'score|length|fps|ratio|train/loss/|train/acc/|train/inv/|train/rand/'
episode/score -11 / episode/length 2146 / train/acc/inv 0.97 / train/inv/ce 0.11 / train/inv/confidence 0.95 / train/inv/effective_rep_weight 0.05 / train/inv/head_objective 0.06 / train/inv/head_weight 0.02 / train/inv/objective 0.06 / train/inv/policy_weight_max 1.02 / train/inv/policy_weight_mean 1 / train/inv/policy_weight_min 0.75 / train/inv/policy_weight_std 0.05 / train/inv/valid_frac 1 / train/inv/weight 0.05 / train/loss/con 0.02 / train/loss/dyn 1.2 / train/loss/image 0.12 / train/loss/inv 2e-3 / train/loss/policy 9e-4 / train/loss/rep 1.2 / train/loss/repval 1.7 / train/loss/rew 0.01 / train/loss/value 1.41 / train/rand/action 0.05 / replay/replay_ratio 264 / fps/policy 7.73 / fps/train 1978.98

Writing metrics: /data2/liguoqi/habmm/hab_z/btwm/runs/btwm_atari_pong_seed1_v3_pw05_100k/scores.jsonl
Writing metrics: /data2/liguoqi/habmm/hab_z/btwm/runs/btwm_atari_pong_seed1_v3_pw05_100k/metrics.jsonl

--------------------[Agent Step 358_680]--------------------
Metrics filtered by: 'score|length|fps|ratio|train/loss/|train/acc/|train/inv/|train/rand/'
train/acc/inv 0.97 / train/inv/ce 0.12 / train/inv/confidence 0.95 / train/inv/effective_rep_weight 0.05 / train/inv/head_objective 0.07 / train/inv/head_weight 0.02 / train/inv/objective 0.07 / train/inv/policy_weight_max 1.02 / train/inv/policy_weight_mean 1 / train/inv/policy_weight_min 0.75 / train/inv/policy_weight_std 0.06 / train/inv/valid_frac 1 / train/inv/weight 0.05 / train/loss/con 0.02 / train/loss/dyn 1.24 / train/loss/image 0.12 / train/loss/inv 2.1e-3 / train/loss/policy 1e-3 / train/loss/rep 1.24 / train/loss/repval 1.71 / train/loss/rew 0.01 / train/loss/value 1.39 / train/rand/action 0.06 / replay/replay_ratio 264 / fps/policy 7.73 / fps/train 1980.12

Writing metrics: /data2/liguoqi/habmm/hab_z/btwm/runs/btwm_atari_pong_seed1_v3_pw05_100k/metrics.jsonl
Writing metrics: /data2/liguoqi/habmm/hab_z/btwm/runs/btwm_atari_pong_seed1_v3_pw05_100k/scores.jsonl

--------------------[Agent Step 362_400]--------------------
Metrics filtered by: 'score|length|fps|ratio|train/loss/|train/acc/|train/inv/|train/rand/'
episode/score -12 / episode/length 2231 / train/acc/inv 0.97 / train/inv/ce 0.12 / train/inv/confidence 0.95 / train/inv/effective_rep_weight 0.05 / train/inv/head_objective 0.07 / train/inv/head_weight 0.02 / train/inv/objective 0.07 / train/inv/policy_weight_max 1.02 / train/inv/policy_weight_mean 1 / train/inv/policy_weight_min 0.75 / train/inv/policy_weight_std 0.05 / train/inv/valid_frac 1 / train/inv/weight 0.05 / train/loss/con 0.02 / train/loss/dyn 1.22 / train/loss/image 0.12 / train/loss/inv 2.1e-3 / train/loss/policy 7.9e-4 / train/loss/rep 1.22 / train/loss/repval 1.68 / train/loss/rew 0.01 / train/loss/value 1.39 / train/rand/action 0.05 / replay/replay_ratio 264 / fps/policy 7.72 / fps/train 1976.41

Writing metrics: /data2/liguoqi/habmm/hab_z/btwm/runs/btwm_atari_pong_seed1_v3_pw05_100k/scores.jsonl
Writing metrics: /data2/liguoqi/habmm/hab_z/btwm/runs/btwm_atari_pong_seed1_v3_pw05_100k/metrics.jsonl

--------------------[Agent Step 366_120]--------------------
Metrics filtered by: 'score|length|fps|ratio|train/loss/|train/acc/|train/inv/|train/rand/'
train/acc/inv 0.97 / train/inv/ce 0.11 / train/inv/confidence 0.95 / train/inv/effective_rep_weight 0.05 / train/inv/head_objective 0.06 / train/inv/head_weight 0.02 / train/inv/objective 0.06 / train/inv/policy_weight_max 1.02 / train/inv/policy_weight_mean 1 / train/inv/policy_weight_min 0.75 / train/inv/policy_weight_std 0.05 / train/inv/valid_frac 1 / train/inv/weight 0.05 / train/loss/con 0.02 / train/loss/dyn 1.2 / train/loss/image 0.11 / train/loss/inv 1.9e-3 / train/loss/policy 1e-3 / train/loss/rep 1.2 / train/loss/repval 1.72 / train/loss/rew 0.01 / train/loss/value 1.41 / train/rand/action 0.05 / replay/replay_ratio 264 / fps/policy 7.71 / fps/train 1972.97

Writing metrics: /data2/liguoqi/habmm/hab_z/btwm/runs/btwm_atari_pong_seed1_v3_pw05_100k/scores.jsonl
Writing metrics: /data2/liguoqi/habmm/hab_z/btwm/runs/btwm_atari_pong_seed1_v3_pw05_100k/metrics.jsonl

--------------------[Agent Step 369_840]--------------------
Metrics filtered by: 'score|length|fps|ratio|train/loss/|train/acc/|train/inv/|train/rand/'
train/acc/inv 0.97 / train/inv/ce 0.12 / train/inv/confidence 0.95 / train/inv/effective_rep_weight 0.05 / train/inv/head_objective 0.07 / train/inv/head_weight 0.02 / train/inv/objective 0.07 / train/inv/policy_weight_max 1.02 / train/inv/policy_weight_mean 1 / train/inv/policy_weight_min 0.75 / train/inv/policy_weight_std 0.06 / train/inv/valid_frac 1 / train/inv/weight 0.05 / train/loss/con 0.02 / train/loss/dyn 1.21 / train/loss/image 0.12 / train/loss/inv 2.1e-3 / train/loss/policy 9.5e-4 / train/loss/rep 1.21 / train/loss/repval 1.71 / train/loss/rew 0.01 / train/loss/value 1.36 / train/rand/action 0.05 / replay/replay_ratio 264 / fps/policy 7.7 / fps/train 1970.46

Writing metrics: /data2/liguoqi/habmm/hab_z/btwm/runs/btwm_atari_pong_seed1_v3_pw05_100k/metrics.jsonl
Writing metrics: /data2/liguoqi/habmm/hab_z/btwm/runs/btwm_atari_pong_seed1_v3_pw05_100k/scores.jsonl

--------------------[Agent Step 373_560]--------------------
Metrics filtered by: 'score|length|fps|ratio|train/loss/|train/acc/|train/inv/|train/rand/'
train/acc/inv 0.97 / train/inv/ce 0.11 / train/inv/confidence 0.95 / train/inv/effective_rep_weight 0.05 / train/inv/head_objective 0.06 / train/inv/head_weight 0.02 / train/inv/objective 0.06 / train/inv/policy_weight_max 1.02 / train/inv/policy_weight_mean 1 / train/inv/policy_weight_min 0.75 / train/inv/policy_weight_std 0.06 / train/inv/valid_frac 1 / train/inv/weight 0.05 / train/loss/con 0.02 / train/loss/dyn 1.22 / train/loss/image 0.12 / train/loss/inv 2e-3 / train/loss/policy 1.2e-3 / train/loss/rep 1.22 / train/loss/repval 1.82 / train/loss/rew 0.01 / train/loss/value 1.46 / train/rand/action 0.05 / replay/replay_ratio 264 / fps/policy 7.7 / fps/train 1970.81

Writing metrics: /data2/liguoqi/habmm/hab_z/btwm/runs/btwm_atari_pong_seed1_v3_pw05_100k/scores.jsonl
Writing metrics: /data2/liguoqi/habmm/hab_z/btwm/runs/btwm_atari_pong_seed1_v3_pw05_100k/metrics.jsonl

--------------------[Agent Step 377_280]--------------------
Metrics filtered by: 'score|length|fps|ratio|train/loss/|train/acc/|train/inv/|train/rand/'
episode/score -2 / episode/length 3543 / train/acc/inv 0.97 / train/inv/ce 0.1 / train/inv/confidence 0.95 / train/inv/effective_rep_weight 0.05 / train/inv/head_objective 0.06 / train/inv/head_weight 0.02 / train/inv/objective 0.06 / train/inv/policy_weight_max 1.02 / train/inv/policy_weight_mean 1 / train/inv/policy_weight_min 0.75 / train/inv/policy_weight_std 0.05 / train/inv/valid_frac 1 / train/inv/weight 0.05 / train/loss/con 0.02 / train/loss/dyn 1.22 / train/loss/image 0.12 / train/loss/inv 1.9e-3 / train/loss/policy 6.3e-4 / train/loss/rep 1.22 / train/loss/repval 1.71 / train/loss/rew 0.01 / train/loss/value 1.35 / train/rand/action 0.05 / replay/replay_ratio 264 / fps/policy 7.7 / fps/train 1972.26

Writing metrics: /data2/liguoqi/habmm/hab_z/btwm/runs/btwm_atari_pong_seed1_v3_pw05_100k/metrics.jsonl
Writing metrics: /data2/liguoqi/habmm/hab_z/btwm/runs/btwm_atari_pong_seed1_v3_pw05_100k/scores.jsonl

--------------------[Agent Step 381_000]--------------------
Metrics filtered by: 'score|length|fps|ratio|train/loss/|train/acc/|train/inv/|train/rand/'
train/acc/inv 0.96 / train/inv/ce 0.12 / train/inv/confidence 0.95 / train/inv/effective_rep_weight 0.05 / train/inv/head_objective 0.06 / train/inv/head_weight 0.02 / train/inv/objective 0.06 / train/inv/policy_weight_max 1.02 / train/inv/policy_weight_mean 1 / train/inv/policy_weight_min 0.75 / train/inv/policy_weight_std 0.06 / train/inv/valid_frac 1 / train/inv/weight 0.05 / train/loss/con 0.02 / train/loss/dyn 1.22 / train/loss/image 0.12 / train/loss/inv 2.1e-3 / train/loss/policy 8e-4 / train/loss/rep 1.22 / train/loss/repval 1.73 / train/loss/rew 0.01 / train/loss/value 1.36 / train/rand/action 0.05 / replay/replay_ratio 264 / fps/policy 7.69 / fps/train 1969.22

Writing metrics: /data2/liguoqi/habmm/hab_z/btwm/runs/btwm_atari_pong_seed1_v3_pw05_100k/metrics.jsonl
Writing metrics: /data2/liguoqi/habmm/hab_z/btwm/runs/btwm_atari_pong_seed1_v3_pw05_100k/scores.jsonl

--------------------[Agent Step 384_720]--------------------
Metrics filtered by: 'score|length|fps|ratio|train/loss/|train/acc/|train/inv/|train/rand/'
train/acc/inv 0.97 / train/inv/ce 0.11 / train/inv/confidence 0.95 / train/inv/effective_rep_weight 0.05 / train/inv/head_objective 0.06 / train/inv/head_weight 0.02 / train/inv/objective 0.06 / train/inv/policy_weight_max 1.02 / train/inv/policy_weight_mean 1 / train/inv/policy_weight_min 0.75 / train/inv/policy_weight_std 0.05 / train/inv/valid_frac 1 / train/inv/weight 0.05 / train/loss/con 0.02 / train/loss/dyn 1.21 / train/loss/image 0.12 / train/loss/inv 2e-3 / train/loss/policy 7.3e-4 / train/loss/rep 1.21 / train/loss/repval 1.72 / train/loss/rew 0.01 / train/loss/value 1.36 / train/rand/action 0.05 / replay/replay_ratio 264 / fps/policy 7.7 / fps/train 1971.95

Writing metrics: /data2/liguoqi/habmm/hab_z/btwm/runs/btwm_atari_pong_seed1_v3_pw05_100k/metrics.jsonl
Writing metrics: /data2/liguoqi/habmm/hab_z/btwm/runs/btwm_atari_pong_seed1_v3_pw05_100k/scores.jsonl

--------------------[Agent Step 388_440]--------------------
Metrics filtered by: 'score|length|fps|ratio|train/loss/|train/acc/|train/inv/|train/rand/'
episode/score -10 / episode/length 3186 / train/acc/inv 0.97 / train/inv/ce 0.11 / train/inv/confidence 0.95 / train/inv/effective_rep_weight 0.05 / train/inv/head_objective 0.06 / train/inv/head_weight 0.02 / train/inv/objective 0.06 / train/inv/policy_weight_max 1.02 / train/inv/policy_weight_mean 1 / train/inv/policy_weight_min 0.75 / train/inv/policy_weight_std 0.06 / train/inv/valid_frac 1 / train/inv/weight 0.05 / train/loss/con 0.02 / train/loss/dyn 1.21 / train/loss/image 0.12 / train/loss/inv 2e-3 / train/loss/policy 6.3e-4 / train/loss/rep 1.21 / train/loss/repval 1.68 / train/loss/rew 0.01 / train/loss/value 1.32 / train/rand/action 0.05 / replay/replay_ratio 264 / fps/policy 7.69 / fps/train 1969.61

Writing metrics: /data2/liguoqi/habmm/hab_z/btwm/runs/btwm_atari_pong_seed1_v3_pw05_100k/metrics.jsonl
Writing metrics: /data2/liguoqi/habmm/hab_z/btwm/runs/btwm_atari_pong_seed1_v3_pw05_100k/scores.jsonl

--------------------[Agent Step 392_160]--------------------
Metrics filtered by: 'score|length|fps|ratio|train/loss/|train/acc/|train/inv/|train/rand/'
train/acc/inv 0.97 / train/inv/ce 0.11 / train/inv/confidence 0.95 / train/inv/effective_rep_weight 0.05 / train/inv/head_objective 0.06 / train/inv/head_weight 0.02 / train/inv/objective 0.06 / train/inv/policy_weight_max 1.02 / train/inv/policy_weight_mean 1 / train/inv/policy_weight_min 0.75 / train/inv/policy_weight_std 0.05 / train/inv/valid_frac 1 / train/inv/weight 0.05 / train/loss/con 0.02 / train/loss/dyn 1.2 / train/loss/image 0.11 / train/loss/inv 2e-3 / train/loss/policy 9.3e-4 / train/loss/rep 1.2 / train/loss/repval 1.74 / train/loss/rew 0.01 / train/loss/value 1.39 / train/rand/action 0.05 / replay/replay_ratio 264 / fps/policy 7.71 / fps/train 1973.75

Writing metrics: /data2/liguoqi/habmm/hab_z/btwm/runs/btwm_atari_pong_seed1_v3_pw05_100k/metrics.jsonl
Writing metrics: /data2/liguoqi/habmm/hab_z/btwm/runs/btwm_atari_pong_seed1_v3_pw05_100k/scores.jsonl

--------------------[Agent Step 395_880]--------------------
Metrics filtered by: 'score|length|fps|ratio|train/loss/|train/acc/|train/inv/|train/rand/'
train/acc/inv 0.97 / train/inv/ce 0.12 / train/inv/confidence 0.95 / train/inv/effective_rep_weight 0.05 / train/inv/head_objective 0.07 / train/inv/head_weight 0.02 / train/inv/objective 0.07 / train/inv/policy_weight_max 1.02 / train/inv/policy_weight_mean 1 / train/inv/policy_weight_min 0.75 / train/inv/policy_weight_std 0.05 / train/inv/valid_frac 1 / train/inv/weight 0.05 / train/loss/con 0.02 / train/loss/dyn 1.2 / train/loss/image 0.12 / train/loss/inv 2.1e-3 / train/loss/policy 8.2e-4 / train/loss/rep 1.2 / train/loss/repval 1.66 / train/loss/rew 0.01 / train/loss/value 1.32 / train/rand/action 0.06 / replay/replay_ratio 264 / fps/policy 7.7 / fps/train 1971.09

Writing metrics: /data2/liguoqi/habmm/hab_z/btwm/runs/btwm_atari_pong_seed1_v3_pw05_100k/metrics.jsonl
Writing metrics: /data2/liguoqi/habmm/hab_z/btwm/runs/btwm_atari_pong_seed1_v3_pw05_100k/scores.jsonl

--------------------[Agent Step 399_480]--------------------
Metrics filtered by: 'score|length|fps|ratio|train/loss/|train/acc/|train/inv/|train/rand/'
train/acc/inv 0.97 / train/inv/ce 0.12 / train/inv/confidence 0.95 / train/inv/effective_rep_weight 0.05 / train/inv/head_objective 0.07 / train/inv/head_weight 0.02 / train/inv/objective 0.07 / train/inv/policy_weight_max 1.02 / train/inv/policy_weight_mean 1 / train/inv/policy_weight_min 0.75 / train/inv/policy_weight_std 0.05 / train/inv/valid_frac 1 / train/inv/weight 0.05 / train/loss/con 0.02 / train/loss/dyn 1.2 / train/loss/image 0.11 / train/loss/inv 2.1e-3 / train/loss/policy 8.3e-4 / train/loss/rep 1.2 / train/loss/repval 1.66 / train/loss/rew 0.01 / train/loss/value 1.33 / train/rand/action 0.05 / replay/replay_ratio 264 / fps/policy 7.48 / fps/train 1913.88

Writing metrics: /data2/liguoqi/habmm/hab_z/btwm/runs/btwm_atari_pong_seed1_v3_pw05_100k/metrics.jsonl
Writing metrics: /data2/liguoqi/habmm/hab_z/btwm/runs/btwm_atari_pong_seed1_v3_pw05_100k/scores.jsonl

--------------------[Agent Step 399_588]--------------------
Metrics filtered by: 'score|length|fps|ratio|train/loss/|train/acc/|train/inv/|train/rand/'
episode/score -9 / episode/length 2938

Writing metrics: /data2/liguoqi/habmm/hab_z/btwm/runs/btwm_atari_pong_seed1_v3_pw05_100k/metrics.jsonl
Writing metrics: /data2/liguoqi/habmm/hab_z/btwm/runs/btwm_atari_pong_seed1_v3_pw05_100k/scores.jsonl
