[2026-07-16 10:06:06] model=btwm domain=dmc task=dmc_walker_walk
seed=2 gpu=0 steps=300000 logdir=/home/zhangpeiying01/lfy/btwm-7.7/runs/btwm_dmc_walker_walk_seed2_w002_b11_s2
variant=v2 param_matched=1 inv_weight=0.02 head_weight=0.0 inv_bins=11 confidence_gating=False policy_weight=0.0
command: python /home/zhangpeiying01/lfy/btwm-7.7/dreamerv3/dreamerv3/main.py --logdir /home/zhangpeiying01/lfy/btwm-7.7/runs/btwm_dmc_walker_walk_seed2_w002_b11_s2 --configs dmc_vision --task dmc_walker_walk --seed 2 --run.steps 300000 --replay.size 300000 --agent.use_btwm True --agent.inv_loss_weight 0.02 --agent.inv_head_loss_weight 0.0 --agent.inv_num_bins 11 --agent.inv_confidence_gating False --agent.inv_policy_weight 0.0 --batch_size 8 --batch_length 32 --report_length 32
2026-07-16 10:08:12.654612: E external/xla/xla/python/profiler/internal/python_hooks.cc:400] Can't import tensorflow.python.profiler.trace
2026-07-16 10:08:15.385330: E external/xla/xla/python/profiler/internal/python_hooks.cc:400] Can't import tensorflow.python.profiler.trace
---  ___                           __   ______ ---
--- |   \ _ _ ___ __ _ _ __  ___ _ \ \ / /__ / ---
--- | |) | '_/ -_) _` | '  \/ -_) '/\ V / |_ \ ---
--- |___/|_| \___\__,_|_|_|_\___|_|  \_/ |___/ ---
Replica: 0 / 1
Logdir: /home/zhangpeiying01/lfy/btwm-7.7/runs/btwm_dmc_walker_walk_seed2_w002_b11_s2
Run script: train
Observations
  is_first         Space(bool, shape=(), low=False, high=True)
  is_last          Space(bool, shape=(), low=False, high=True)
  is_terminal      Space(bool, shape=(), low=False, high=True)
  reward           Space(float32, shape=(), low=-inf, high=inf)
  image            Space(uint8, shape=(64, 64, 3), low=0, high=255)
Actions
  action           Space(float32, shape=(6,), low=-1.0, high=1.0)
Extras
  consec           Space(int32, shape=(), low=-2147483648, high=2147483647)
  stepid           Space(uint8, shape=(20,), low=0, high=255)
  dyn/deter        Space(float32, shape=(8192,), low=-inf, high=inf)
  dyn/stoch        Space(float32, shape=(32, 64), low=-inf, high=inf)
JAX devices (1): [cuda:0]
Policy devices: cuda:0
Train devices:  cuda:0
Initializing parameters...
Optimizer opt has 168,129,360 params:
    97,664,578 dyn
    20,282,115 dec
    12,850,431 val
    12,601,356 pol
    10,749,183 rew
    10,488,833 con
     3,492,864 enc
Done initializing!
Compiling 1 checkpoint groups...
Largest checkpoint group: 2 GB
Compiling train and report...
Train cost analysis:
  FLOPS:            2.3e+11
  Memory (temp):    1.8e+09
  Memory (inputs):  2.1e+09
  Memory (outputs): 2.1e+09
  Memory (code):    4.1e+06

Report cost analysis:
  FLOPS:            8.4e+09
  Memory (temp):    3.4e+08
  Memory (inputs):  4.9e+08
  Memory (outputs): 1.0e+07
  Memory (code):    8.1e+06

Done compiling!
Did not find any checkpoint.
Saving checkpoint: /home/zhangpeiying01/lfy/btwm-7.7/runs/btwm_dmc_walker_walk_seed2_w002_b11_s2/ckpt/20260716T100750F591180
Saved checkpoint.
Start training loop
Start JAX profiler: /home/zhangpeiying01/lfy/btwm-7.7/runs/btwm_dmc_walker_walk_seed2_w002_b11_s2
Stop JAX profiler

--------------------[Agent Step 1_664]--------------------
Metrics filtered by: 'score|length|fps|ratio|train/loss/|train/acc/|train/inv/|train/rand/'
train/acc/inv 0.35 / train/inv/ce 1.97 / train/inv/confidence 0.15 / train/inv/confidence_gating 0 / train/inv/effective_rep_weight 0.02 / train/inv/head_objective 0.82 / train/inv/head_weight 0 / train/inv/objective 0.82 / train/inv/policy_weight_max 1 / train/inv/policy_weight_mean 1 / train/inv/policy_weight_min 1 / train/inv/policy_weight_std 0 / train/inv/valid_frac 1 / train/inv/weight 0.02 / train/loss/con 0.04 / train/loss/dyn 6.34 / train/loss/image 133.16 / train/loss/inv 0.02 / train/loss/policy 1.55 / train/loss/rep 6.34 / train/loss/repval 5.05 / train/loss/rew 1.7 / train/loss/value 3.63 / replay/replay_ratio 205.79 / fps/policy 12.62 / fps/train 1741.46

Writing metrics: /home/zhangpeiying01/lfy/btwm-7.7/runs/btwm_dmc_walker_walk_seed2_w002_b11_s2/metrics.jsonl
Writing metrics: /home/zhangpeiying01/lfy/btwm-7.7/runs/btwm_dmc_walker_walk_seed2_w002_b11_s2/scores.jsonl

--------------------[Agent Step 2_592]--------------------
Metrics filtered by: 'score|length|fps|ratio|train/loss/|train/acc/|train/inv/|train/rand/'
train/acc/inv 0.7 / train/inv/ce 1.19 / train/inv/confidence 0.33 / train/inv/confidence_gating 0 / train/inv/effective_rep_weight 0.02 / train/inv/head_objective 0.5 / train/inv/head_weight 0 / train/inv/objective 0.5 / train/inv/policy_weight_max 1 / train/inv/policy_weight_mean 1 / train/inv/policy_weight_min 1 / train/inv/policy_weight_std 0 / train/inv/valid_frac 1 / train/inv/weight 0.02 / train/loss/con 0.02 / train/loss/dyn 5.15 / train/loss/image 29.56 / train/loss/inv 9.9e-3 / train/loss/policy 0.22 / train/loss/rep 5.15 / train/loss/repval 2.25 / train/loss/rew 0.47 / train/loss/value 1.9 / replay/replay_ratio 264 / fps/policy 7.63 / fps/train 1953.66

Writing metrics: /home/zhangpeiying01/lfy/btwm-7.7/runs/btwm_dmc_walker_walk_seed2_w002_b11_s2/metrics.jsonl
Writing metrics: /home/zhangpeiying01/lfy/btwm-7.7/runs/btwm_dmc_walker_walk_seed2_w002_b11_s2/scores.jsonl

--------------------[Agent Step 3_520]--------------------
Metrics filtered by: 'score|length|fps|ratio|train/loss/|train/acc/|train/inv/|train/rand/'
train/acc/inv 0.83 / train/inv/ce 0.77 / train/inv/confidence 0.5 / train/inv/confidence_gating 0 / train/inv/effective_rep_weight 0.02 / train/inv/head_objective 0.32 / train/inv/head_weight 0 / train/inv/objective 0.32 / train/inv/policy_weight_max 1 / train/inv/policy_weight_mean 1 / train/inv/policy_weight_min 1 / train/inv/policy_weight_std 0 / train/inv/valid_frac 1 / train/inv/weight 0.02 / train/loss/con 0.02 / train/loss/dyn 4.85 / train/loss/image 20.01 / train/loss/inv 6.4e-3 / train/loss/policy -0.1 / train/loss/rep 4.85 / train/loss/repval 1.66 / train/loss/rew 0.48 / train/loss/value 1.4 / replay/replay_ratio 264 / fps/policy 7.65 / fps/train 1959.29

Writing metrics: /home/zhangpeiying01/lfy/btwm-7.7/runs/btwm_dmc_walker_walk_seed2_w002_b11_s2/metrics.jsonl
Writing metrics: /home/zhangpeiying01/lfy/btwm-7.7/runs/btwm_dmc_walker_walk_seed2_w002_b11_s2/scores.jsonl

--------------------[Agent Step 4_416]--------------------
Metrics filtered by: 'score|length|fps|ratio|train/loss/|train/acc/|train/inv/|train/rand/'
train/acc/inv 0.86 / train/inv/ce 0.62 / train/inv/confidence 0.58 / train/inv/confidence_gating 0 / train/inv/effective_rep_weight 0.02 / train/inv/head_objective 0.26 / train/inv/head_weight 0 / train/inv/objective 0.26 / train/inv/policy_weight_max 1 / train/inv/policy_weight_mean 1 / train/inv/policy_weight_min 1 / train/inv/policy_weight_std 0 / train/inv/valid_frac 1 / train/inv/weight 0.02 / train/loss/con 0.02 / train/loss/dyn 4.69 / train/loss/image 16.58 / train/loss/inv 5.2e-3 / train/loss/policy -0.03 / train/loss/rep 4.69 / train/loss/repval 1.32 / train/loss/rew 0.49 / train/loss/value 1.18 / replay/replay_ratio 264 / fps/policy 7.42 / fps/train 1899.54

Writing metrics: /home/zhangpeiying01/lfy/btwm-7.7/runs/btwm_dmc_walker_walk_seed2_w002_b11_s2/metrics.jsonl
Writing metrics: /home/zhangpeiying01/lfy/btwm-7.7/runs/btwm_dmc_walker_walk_seed2_w002_b11_s2/scores.jsonl

--------------------[Agent Step 5_328]--------------------
Metrics filtered by: 'score|length|fps|ratio|train/loss/|train/acc/|train/inv/|train/rand/'
train/acc/inv 0.86 / train/inv/ce 0.56 / train/inv/confidence 0.63 / train/inv/confidence_gating 0 / train/inv/effective_rep_weight 0.02 / train/inv/head_objective 0.23 / train/inv/head_weight 0 / train/inv/objective 0.23 / train/inv/policy_weight_max 1 / train/inv/policy_weight_mean 1 / train/inv/policy_weight_min 1 / train/inv/policy_weight_std 0 / train/inv/valid_frac 1 / train/inv/weight 0.02 / train/loss/con 0.02 / train/loss/dyn 4.64 / train/loss/image 14.29 / train/loss/inv 4.6e-3 / train/loss/policy 3e-3 / train/loss/rep 4.64 / train/loss/repval 1.25 / train/loss/rew 0.49 / train/loss/value 1.09 / replay/replay_ratio 264 / fps/policy 7.53 / fps/train 1926.83

Writing metrics: /home/zhangpeiying01/lfy/btwm-7.7/runs/btwm_dmc_walker_walk_seed2_w002_b11_s2/metrics.jsonl
Writing metrics: /home/zhangpeiying01/lfy/btwm-7.7/runs/btwm_dmc_walker_walk_seed2_w002_b11_s2/scores.jsonl

--------------------[Agent Step 6_208]--------------------
Metrics filtered by: 'score|length|fps|ratio|train/loss/|train/acc/|train/inv/|train/rand/'
train/acc/inv 0.87 / train/inv/ce 0.52 / train/inv/confidence 0.65 / train/inv/confidence_gating 0 / train/inv/effective_rep_weight 0.02 / train/inv/head_objective 0.22 / train/inv/head_weight 0 / train/inv/objective 0.22 / train/inv/policy_weight_max 1 / train/inv/policy_weight_mean 1 / train/inv/policy_weight_min 1 / train/inv/policy_weight_std 0 / train/inv/valid_frac 1 / train/inv/weight 0.02 / train/loss/con 0.02 / train/loss/dyn 4.61 / train/loss/image 13.27 / train/loss/inv 4.4e-3 / train/loss/policy 0.03 / train/loss/rep 4.61 / train/loss/repval 1.22 / train/loss/rew 0.49 / train/loss/value 1.11 / replay/replay_ratio 264 / fps/policy 7.28 / fps/train 1864.1

Writing metrics: /home/zhangpeiying01/lfy/btwm-7.7/runs/btwm_dmc_walker_walk_seed2_w002_b11_s2/scores.jsonl
Writing metrics: /home/zhangpeiying01/lfy/btwm-7.7/runs/btwm_dmc_walker_walk_seed2_w002_b11_s2/metrics.jsonl

--------------------[Agent Step 7_088]--------------------
Metrics filtered by: 'score|length|fps|ratio|train/loss/|train/acc/|train/inv/|train/rand/'
train/acc/inv 0.87 / train/inv/ce 0.5 / train/inv/confidence 0.66 / train/inv/confidence_gating 0 / train/inv/effective_rep_weight 0.02 / train/inv/head_objective 0.21 / train/inv/head_weight 0 / train/inv/objective 0.21 / train/inv/policy_weight_max 1 / train/inv/policy_weight_mean 1 / train/inv/policy_weight_min 1 / train/inv/policy_weight_std 0 / train/inv/valid_frac 1 / train/inv/weight 0.02 / train/loss/con 0.02 / train/loss/dyn 4.6 / train/loss/image 12.45 / train/loss/inv 4.2e-3 / train/loss/policy 0.02 / train/loss/rep 4.6 / train/loss/repval 1.15 / train/loss/rew 0.49 / train/loss/value 1.05 / replay/replay_ratio 264 / fps/policy 7.29 / fps/train 1866.63

Writing metrics: /home/zhangpeiying01/lfy/btwm-7.7/runs/btwm_dmc_walker_walk_seed2_w002_b11_s2/metrics.jsonl
Writing metrics: /home/zhangpeiying01/lfy/btwm-7.7/runs/btwm_dmc_walker_walk_seed2_w002_b11_s2/scores.jsonl

--------------------[Agent Step 7_968]--------------------
Metrics filtered by: 'score|length|fps|ratio|train/loss/|train/acc/|train/inv/|train/rand/'
train/acc/inv 0.87 / train/inv/ce 0.49 / train/inv/confidence 0.67 / train/inv/confidence_gating 0 / train/inv/effective_rep_weight 0.02 / train/inv/head_objective 0.2 / train/inv/head_weight 0 / train/inv/objective 0.2 / train/inv/policy_weight_max 1 / train/inv/policy_weight_mean 1 / train/inv/policy_weight_min 1 / train/inv/policy_weight_std 0 / train/inv/valid_frac 1 / train/inv/weight 0.02 / train/loss/con 0.02 / train/loss/dyn 4.48 / train/loss/image 11.52 / train/loss/inv 4.1e-3 / train/loss/policy 1.8e-3 / train/loss/rep 4.48 / train/loss/repval 1.1 / train/loss/rew 0.49 / train/loss/value 0.98 / replay/replay_ratio 264 / fps/policy 7.27 / fps/train 1862.34

Writing metrics: /home/zhangpeiying01/lfy/btwm-7.7/runs/btwm_dmc_walker_walk_seed2_w002_b11_s2/scores.jsonl
Writing metrics: /home/zhangpeiying01/lfy/btwm-7.7/runs/btwm_dmc_walker_walk_seed2_w002_b11_s2/metrics.jsonl

--------------------[Agent Step 8_896]--------------------
Metrics filtered by: 'score|length|fps|ratio|train/loss/|train/acc/|train/inv/|train/rand/'
train/acc/inv 0.86 / train/inv/ce 0.49 / train/inv/confidence 0.68 / train/inv/confidence_gating 0 / train/inv/effective_rep_weight 0.02 / train/inv/head_objective 0.21 / train/inv/head_weight 0 / train/inv/objective 0.21 / train/inv/policy_weight_max 1 / train/inv/policy_weight_mean 1 / train/inv/policy_weight_min 1 / train/inv/policy_weight_std 0 / train/inv/valid_frac 1 / train/inv/weight 0.02 / train/loss/con 0.02 / train/loss/dyn 4.29 / train/loss/image 10.63 / train/loss/inv 4.1e-3 / train/loss/policy 1.6e-3 / train/loss/rep 4.29 / train/loss/repval 1.09 / train/loss/rew 0.49 / train/loss/value 0.96 / replay/replay_ratio 264 / fps/policy 7.63 / fps/train 1953.1

Writing metrics: /home/zhangpeiying01/lfy/btwm-7.7/runs/btwm_dmc_walker_walk_seed2_w002_b11_s2/scores.jsonl
Writing metrics: /home/zhangpeiying01/lfy/btwm-7.7/runs/btwm_dmc_walker_walk_seed2_w002_b11_s2/metrics.jsonl

--------------------[Agent Step 9_792]--------------------
Metrics filtered by: 'score|length|fps|ratio|train/loss/|train/acc/|train/inv/|train/rand/'
train/acc/inv 0.85 / train/inv/ce 0.51 / train/inv/confidence 0.67 / train/inv/confidence_gating 0 / train/inv/effective_rep_weight 0.02 / train/inv/head_objective 0.21 / train/inv/head_weight 0 / train/inv/objective 0.21 / train/inv/policy_weight_max 1 / train/inv/policy_weight_mean 1 / train/inv/policy_weight_min 1 / train/inv/policy_weight_std 0 / train/inv/valid_frac 1 / train/inv/weight 0.02 / train/loss/con 0.02 / train/loss/dyn 4.23 / train/loss/image 10.22 / train/loss/inv 4.3e-3 / train/loss/policy 6.2e-3 / train/loss/rep 4.23 / train/loss/repval 1.12 / train/loss/rew 0.49 / train/loss/value 1.1 / replay/replay_ratio 264 / fps/policy 7.46 / fps/train 1909.85

Writing metrics: /home/zhangpeiying01/lfy/btwm-7.7/runs/btwm_dmc_walker_walk_seed2_w002_b11_s2/metrics.jsonl
Writing metrics: /home/zhangpeiying01/lfy/btwm-7.7/runs/btwm_dmc_walker_walk_seed2_w002_b11_s2/scores.jsonl

--------------------[Agent Step 10_672]--------------------
Metrics filtered by: 'score|length|fps|ratio|train/loss/|train/acc/|train/inv/|train/rand/'
train/acc/inv 0.84 / train/inv/ce 0.54 / train/inv/confidence 0.66 / train/inv/confidence_gating 0 / train/inv/effective_rep_weight 0.02 / train/inv/head_objective 0.22 / train/inv/head_weight 0 / train/inv/objective 0.22 / train/inv/policy_weight_max 1 / train/inv/policy_weight_mean 1 / train/inv/policy_weight_min 1 / train/inv/policy_weight_std 0 / train/inv/valid_frac 1 / train/inv/weight 0.02 / train/loss/con 0.02 / train/loss/dyn 4.24 / train/loss/image 9.94 / train/loss/inv 4.5e-3 / train/loss/policy 0.01 / train/loss/rep 4.24 / train/loss/repval 1.19 / train/loss/rew 0.49 / train/loss/value 1.05 / replay/replay_ratio 264 / fps/policy 7.32 / fps/train 1873.86

Writing metrics: /home/zhangpeiying01/lfy/btwm-7.7/runs/btwm_dmc_walker_walk_seed2_w002_b11_s2/metrics.jsonl
Writing metrics: /home/zhangpeiying01/lfy/btwm-7.7/runs/btwm_dmc_walker_walk_seed2_w002_b11_s2/scores.jsonl

--------------------[Agent Step 11_552]--------------------
Metrics filtered by: 'score|length|fps|ratio|train/loss/|train/acc/|train/inv/|train/rand/'
train/acc/inv 0.84 / train/inv/ce 0.55 / train/inv/confidence 0.65 / train/inv/confidence_gating 0 / train/inv/effective_rep_weight 0.02 / train/inv/head_objective 0.23 / train/inv/head_weight 0 / train/inv/objective 0.23 / train/inv/policy_weight_max 1 / train/inv/policy_weight_mean 1 / train/inv/policy_weight_min 1 / train/inv/policy_weight_std 0 / train/inv/valid_frac 1 / train/inv/weight 0.02 / train/loss/con 0.02 / train/loss/dyn 4.14 / train/loss/image 9.56 / train/loss/inv 4.6e-3 / train/loss/policy 0.01 / train/loss/rep 4.14 / train/loss/repval 1.04 / train/loss/rew 0.48 / train/loss/value 0.84 / replay/replay_ratio 264 / fps/policy 7.3 / fps/train 1868.26

Writing metrics: /home/zhangpeiying01/lfy/btwm-7.7/runs/btwm_dmc_walker_walk_seed2_w002_b11_s2/metrics.jsonl
Writing metrics: /home/zhangpeiying01/lfy/btwm-7.7/runs/btwm_dmc_walker_walk_seed2_w002_b11_s2/scores.jsonl

--------------------[Agent Step 12_448]--------------------
Metrics filtered by: 'score|length|fps|ratio|train/loss/|train/acc/|train/inv/|train/rand/'
train/acc/inv 0.84 / train/inv/ce 0.56 / train/inv/confidence 0.65 / train/inv/confidence_gating 0 / train/inv/effective_rep_weight 0.02 / train/inv/head_objective 0.23 / train/inv/head_weight 0 / train/inv/objective 0.23 / train/inv/policy_weight_max 1 / train/inv/policy_weight_mean 1 / train/inv/policy_weight_min 1 / train/inv/policy_weight_std 0 / train/inv/valid_frac 1 / train/inv/weight 0.02 / train/loss/con 0.02 / train/loss/dyn 4.11 / train/loss/image 9.31 / train/loss/inv 4.7e-3 / train/loss/policy 0.02 / train/loss/rep 4.11 / train/loss/repval 1.06 / train/loss/rew 0.48 / train/loss/value 0.9 / replay/replay_ratio 264 / fps/policy 7.37 / fps/train 1885.5

Writing metrics: /home/zhangpeiying01/lfy/btwm-7.7/runs/btwm_dmc_walker_walk_seed2_w002_b11_s2/metrics.jsonl
Writing metrics: /home/zhangpeiying01/lfy/btwm-7.7/runs/btwm_dmc_walker_walk_seed2_w002_b11_s2/scores.jsonl

--------------------[Agent Step 13_376]--------------------
Metrics filtered by: 'score|length|fps|ratio|train/loss/|train/acc/|train/inv/|train/rand/'
train/acc/inv 0.82 / train/inv/ce 0.61 / train/inv/confidence 0.63 / train/inv/confidence_gating 0 / train/inv/effective_rep_weight 0.02 / train/inv/head_objective 0.25 / train/inv/head_weight 0 / train/inv/objective 0.25 / train/inv/policy_weight_max 1 / train/inv/policy_weight_mean 1 / train/inv/policy_weight_min 1 / train/inv/policy_weight_std 0 / train/inv/valid_frac 1 / train/inv/weight 0.02 / train/loss/con 0.02 / train/loss/dyn 4.14 / train/loss/image 9.2 / train/loss/inv 5.1e-3 / train/loss/policy 0.01 / train/loss/rep 4.14 / train/loss/repval 1.1 / train/loss/rew 0.48 / train/loss/value 1.02 / replay/replay_ratio 264 / fps/policy 7.58 / fps/train 1941.53

Writing metrics: /home/zhangpeiying01/lfy/btwm-7.7/runs/btwm_dmc_walker_walk_seed2_w002_b11_s2/scores.jsonl
Writing metrics: /home/zhangpeiying01/lfy/btwm-7.7/runs/btwm_dmc_walker_walk_seed2_w002_b11_s2/metrics.jsonl

--------------------[Agent Step 14_272]--------------------
Metrics filtered by: 'score|length|fps|ratio|train/loss/|train/acc/|train/inv/|train/rand/'
train/acc/inv 0.82 / train/inv/ce 0.61 / train/inv/confidence 0.62 / train/inv/confidence_gating 0 / train/inv/effective_rep_weight 0.02 / train/inv/head_objective 0.26 / train/inv/head_weight 0 / train/inv/objective 0.26 / train/inv/policy_weight_max 1 / train/inv/policy_weight_mean 1 / train/inv/policy_weight_min 1 / train/inv/policy_weight_std 0 / train/inv/valid_frac 1 / train/inv/weight 0.02 / train/loss/con 0.02 / train/loss/dyn 4.06 / train/loss/image 8.88 / train/loss/inv 5.1e-3 / train/loss/policy 0.01 / train/loss/rep 4.06 / train/loss/repval 1.14 / train/loss/rew 0.48 / train/loss/value 1.12 / replay/replay_ratio 264 / fps/policy 7.39 / fps/train 1892.52

Writing metrics: /home/zhangpeiying01/lfy/btwm-7.7/runs/btwm_dmc_walker_walk_seed2_w002_b11_s2/metrics.jsonl
Writing metrics: /home/zhangpeiying01/lfy/btwm-7.7/runs/btwm_dmc_walker_walk_seed2_w002_b11_s2/scores.jsonl

--------------------[Agent Step 15_152]--------------------
Metrics filtered by: 'score|length|fps|ratio|train/loss/|train/acc/|train/inv/|train/rand/'
train/acc/inv 0.81 / train/inv/ce 0.62 / train/inv/confidence 0.62 / train/inv/confidence_gating 0 / train/inv/effective_rep_weight 0.02 / train/inv/head_objective 0.26 / train/inv/head_weight 0 / train/inv/objective 0.26 / train/inv/policy_weight_max 1 / train/inv/policy_weight_mean 1 / train/inv/policy_weight_min 1 / train/inv/policy_weight_std 0 / train/inv/valid_frac 1 / train/inv/weight 0.02 / train/loss/con 0.02 / train/loss/dyn 3.97 / train/loss/image 8.55 / train/loss/inv 5.2e-3 / train/loss/policy 9.6e-3 / train/loss/rep 3.97 / train/loss/repval 1.2 / train/loss/rew 0.48 / train/loss/value 1.17 / replay/replay_ratio 264 / fps/policy 7.3 / fps/train 1869.19

Writing metrics: /home/zhangpeiying01/lfy/btwm-7.7/runs/btwm_dmc_walker_walk_seed2_w002_b11_s2/metrics.jsonl
Writing metrics: /home/zhangpeiying01/lfy/btwm-7.7/runs/btwm_dmc_walker_walk_seed2_w002_b11_s2/scores.jsonl

--------------------[Agent Step 16_032]--------------------
Metrics filtered by: 'score|length|fps|ratio|train/loss/|train/acc/|train/inv/|train/rand/'
episode/score 391.47 / episode/length 1001 / train/acc/inv 0.81 / train/inv/ce 0.64 / train/inv/confidence 0.61 / train/inv/confidence_gating 0 / train/inv/effective_rep_weight 0.02 / train/inv/head_objective 0.27 / train/inv/head_weight 0 / train/inv/objective 0.27 / train/inv/policy_weight_max 1 / train/inv/policy_weight_mean 1 / train/inv/policy_weight_min 1 / train/inv/policy_weight_std 0 / train/inv/valid_frac 1 / train/inv/weight 0.02 / train/loss/con 0.02 / train/loss/dyn 4.05 / train/loss/image 8.64 / train/loss/inv 5.4e-3 / train/loss/policy 9.8e-3 / train/loss/rep 4.05 / train/loss/repval 1.18 / train/loss/rew 0.48 / train/loss/value 1.1 / replay/replay_ratio 264 / fps/policy 7.25 / fps/train 1855.31

Writing metrics: /home/zhangpeiying01/lfy/btwm-7.7/runs/btwm_dmc_walker_walk_seed2_w002_b11_s2/metrics.jsonl
Writing metrics: /home/zhangpeiying01/lfy/btwm-7.7/runs/btwm_dmc_walker_walk_seed2_w002_b11_s2/scores.jsonl

--------------------[Agent Step 16_928]--------------------
Metrics filtered by: 'score|length|fps|ratio|train/loss/|train/acc/|train/inv/|train/rand/'
train/acc/inv 0.81 / train/inv/ce 0.64 / train/inv/confidence 0.61 / train/inv/confidence_gating 0 / train/inv/effective_rep_weight 0.02 / train/inv/head_objective 0.27 / train/inv/head_weight 0 / train/inv/objective 0.27 / train/inv/policy_weight_max 1 / train/inv/policy_weight_mean 1 / train/inv/policy_weight_min 1 / train/inv/policy_weight_std 0 / train/inv/valid_frac 1 / train/inv/weight 0.02 / train/loss/con 0.02 / train/loss/dyn 4.06 / train/loss/image 8.83 / train/loss/inv 5.4e-3 / train/loss/policy 9.2e-4 / train/loss/rep 4.06 / train/loss/repval 1.11 / train/loss/rew 0.49 / train/loss/value 0.97 / replay/replay_ratio 264 / fps/policy 7.34 / fps/train 1880.28

Writing metrics: /home/zhangpeiying01/lfy/btwm-7.7/runs/btwm_dmc_walker_walk_seed2_w002_b11_s2/metrics.jsonl
Writing metrics: /home/zhangpeiying01/lfy/btwm-7.7/runs/btwm_dmc_walker_walk_seed2_w002_b11_s2/scores.jsonl

--------------------[Agent Step 17_840]--------------------
Metrics filtered by: 'score|length|fps|ratio|train/loss/|train/acc/|train/inv/|train/rand/'
train/acc/inv 0.81 / train/inv/ce 0.64 / train/inv/confidence 0.61 / train/inv/confidence_gating 0 / train/inv/effective_rep_weight 0.02 / train/inv/head_objective 0.27 / train/inv/head_weight 0 / train/inv/objective 0.27 / train/inv/policy_weight_max 1 / train/inv/policy_weight_mean 1 / train/inv/policy_weight_min 1 / train/inv/policy_weight_std 0 / train/inv/valid_frac 1 / train/inv/weight 0.02 / train/loss/con 0.02 / train/loss/dyn 3.96 / train/loss/image 8.38 / train/loss/inv 5.3e-3 / train/loss/policy -2.9e-3 / train/loss/rep 3.96 / train/loss/repval 0.95 / train/loss/rew 0.49 / train/loss/value 0.8 / replay/replay_ratio 264 / fps/policy 7.45 / fps/train 1907.8

Writing metrics: /home/zhangpeiying01/lfy/btwm-7.7/runs/btwm_dmc_walker_walk_seed2_w002_b11_s2/metrics.jsonl
Writing metrics: /home/zhangpeiying01/lfy/btwm-7.7/runs/btwm_dmc_walker_walk_seed2_w002_b11_s2/scores.jsonl

--------------------[Agent Step 18_736]--------------------
Metrics filtered by: 'score|length|fps|ratio|train/loss/|train/acc/|train/inv/|train/rand/'
train/acc/inv 0.8 / train/inv/ce 0.65 / train/inv/confidence 0.6 / train/inv/confidence_gating 0 / train/inv/effective_rep_weight 0.02 / train/inv/head_objective 0.27 / train/inv/head_weight 0 / train/inv/objective 0.27 / train/inv/policy_weight_max 1 / train/inv/policy_weight_mean 1 / train/inv/policy_weight_min 1 / train/inv/policy_weight_std 0 / train/inv/valid_frac 1 / train/inv/weight 0.02 / train/loss/con 0.02 / train/loss/dyn 3.86 / train/loss/image 7.96 / train/loss/inv 5.5e-3 / train/loss/policy -0.02 / train/loss/rep 3.86 / train/loss/repval 0.84 / train/loss/rew 0.49 / train/loss/value 0.8 / replay/replay_ratio 264 / fps/policy 7.38 / fps/train 1889.61

Writing metrics: /home/zhangpeiying01/lfy/btwm-7.7/runs/btwm_dmc_walker_walk_seed2_w002_b11_s2/metrics.jsonl
Writing metrics: /home/zhangpeiying01/lfy/btwm-7.7/runs/btwm_dmc_walker_walk_seed2_w002_b11_s2/scores.jsonl

--------------------[Agent Step 19_616]--------------------
Metrics filtered by: 'score|length|fps|ratio|train/loss/|train/acc/|train/inv/|train/rand/'
train/acc/inv 0.8 / train/inv/ce 0.66 / train/inv/confidence 0.6 / train/inv/confidence_gating 0 / train/inv/effective_rep_weight 0.02 / train/inv/head_objective 0.27 / train/inv/head_weight 0 / train/inv/objective 0.27 / train/inv/policy_weight_max 1 / train/inv/policy_weight_mean 1 / train/inv/policy_weight_min 1 / train/inv/policy_weight_std 0 / train/inv/valid_frac 1 / train/inv/weight 0.02 / train/loss/con 0.02 / train/loss/dyn 3.85 / train/loss/image 7.68 / train/loss/inv 5.5e-3 / train/loss/policy -0.02 / train/loss/rep 3.85 / train/loss/repval 0.98 / train/loss/rew 0.49 / train/loss/value 0.87 / replay/replay_ratio 264 / fps/policy 7.25 / fps/train 1856.61

Writing metrics: /home/zhangpeiying01/lfy/btwm-7.7/runs/btwm_dmc_walker_walk_seed2_w002_b11_s2/metrics.jsonl
Writing metrics: /home/zhangpeiying01/lfy/btwm-7.7/runs/btwm_dmc_walker_walk_seed2_w002_b11_s2/scores.jsonl

--------------------[Agent Step 20_496]--------------------
Metrics filtered by: 'score|length|fps|ratio|train/loss/|train/acc/|train/inv/|train/rand/'
train/acc/inv 0.8 / train/inv/ce 0.66 / train/inv/confidence 0.6 / train/inv/confidence_gating 0 / train/inv/effective_rep_weight 0.02 / train/inv/head_objective 0.27 / train/inv/head_weight 0 / train/inv/objective 0.27 / train/inv/policy_weight_max 1 / train/inv/policy_weight_mean 1 / train/inv/policy_weight_min 1 / train/inv/policy_weight_std 0 / train/inv/valid_frac 1 / train/inv/weight 0.02 / train/loss/con 0.02 / train/loss/dyn 3.66 / train/loss/image 7.34 / train/loss/inv 5.5e-3 / train/loss/policy -0.02 / train/loss/rep 3.66 / train/loss/repval 1.05 / train/loss/rew 0.49 / train/loss/value 0.96 / replay/replay_ratio 264 / fps/policy 7.25 / fps/train 1857.03

Writing metrics: /home/zhangpeiying01/lfy/btwm-7.7/runs/btwm_dmc_walker_walk_seed2_w002_b11_s2/metrics.jsonl
Writing metrics: /home/zhangpeiying01/lfy/btwm-7.7/runs/btwm_dmc_walker_walk_seed2_w002_b11_s2/scores.jsonl

--------------------[Agent Step 21_376]--------------------
Metrics filtered by: 'score|length|fps|ratio|train/loss/|train/acc/|train/inv/|train/rand/'
train/acc/inv 0.78 / train/inv/ce 0.69 / train/inv/confidence 0.59 / train/inv/confidence_gating 0 / train/inv/effective_rep_weight 0.02 / train/inv/head_objective 0.29 / train/inv/head_weight 0 / train/inv/objective 0.29 / train/inv/policy_weight_max 1 / train/inv/policy_weight_mean 1 / train/inv/policy_weight_min 1 / train/inv/policy_weight_std 0 / train/inv/valid_frac 1 / train/inv/weight 0.02 / train/loss/con 0.02 / train/loss/dyn 3.7 / train/loss/image 7.16 / train/loss/inv 5.7e-3 / train/loss/policy -0.03 / train/loss/rep 3.7 / train/loss/repval 1.08 / train/loss/rew 0.49 / train/loss/value 1.11 / replay/replay_ratio 264 / fps/policy 7.33 / fps/train 1876.97

Writing metrics: /home/zhangpeiying01/lfy/btwm-7.7/runs/btwm_dmc_walker_walk_seed2_w002_b11_s2/metrics.jsonl
Writing metrics: /home/zhangpeiying01/lfy/btwm-7.7/runs/btwm_dmc_walker_walk_seed2_w002_b11_s2/scores.jsonl

--------------------[Agent Step 22_288]--------------------
Metrics filtered by: 'score|length|fps|ratio|train/loss/|train/acc/|train/inv/|train/rand/'
train/acc/inv 0.78 / train/inv/ce 0.7 / train/inv/confidence 0.58 / train/inv/confidence_gating 0 / train/inv/effective_rep_weight 0.02 / train/inv/head_objective 0.29 / train/inv/head_weight 0 / train/inv/objective 0.29 / train/inv/policy_weight_max 1 / train/inv/policy_weight_mean 1 / train/inv/policy_weight_min 1 / train/inv/policy_weight_std 0 / train/inv/valid_frac 1 / train/inv/weight 0.02 / train/loss/con 0.02 / train/loss/dyn 3.64 / train/loss/image 6.98 / train/loss/inv 5.8e-3 / train/loss/policy -0.03 / train/loss/rep 3.64 / train/loss/repval 1.09 / train/loss/rew 0.49 / train/loss/value 1.2 / replay/replay_ratio 264 / fps/policy 7.53 / fps/train 1927.2

Writing metrics: /home/zhangpeiying01/lfy/btwm-7.7/runs/btwm_dmc_walker_walk_seed2_w002_b11_s2/metrics.jsonl
Writing metrics: /home/zhangpeiying01/lfy/btwm-7.7/runs/btwm_dmc_walker_walk_seed2_w002_b11_s2/scores.jsonl

--------------------[Agent Step 23_184]--------------------
Metrics filtered by: 'score|length|fps|ratio|train/loss/|train/acc/|train/inv/|train/rand/'
train/acc/inv 0.77 / train/inv/ce 0.71 / train/inv/confidence 0.57 / train/inv/confidence_gating 0 / train/inv/effective_rep_weight 0.02 / train/inv/head_objective 0.3 / train/inv/head_weight 0 / train/inv/objective 0.3 / train/inv/policy_weight_max 1 / train/inv/policy_weight_mean 1 / train/inv/policy_weight_min 1 / train/inv/policy_weight_std 0 / train/inv/valid_frac 1 / train/inv/weight 0.02 / train/loss/con 0.02 / train/loss/dyn 3.58 / train/loss/image 6.81 / train/loss/inv 6e-3 / train/loss/policy -0.03 / train/loss/rep 3.58 / train/loss/repval 1.07 / train/loss/rew 0.49 / train/loss/value 1.07 / replay/replay_ratio 264 / fps/policy 7.35 / fps/train 1882.15

Writing metrics: /home/zhangpeiying01/lfy/btwm-7.7/runs/btwm_dmc_walker_walk_seed2_w002_b11_s2/metrics.jsonl
Writing metrics: /home/zhangpeiying01/lfy/btwm-7.7/runs/btwm_dmc_walker_walk_seed2_w002_b11_s2/scores.jsonl

--------------------[Agent Step 24_064]--------------------
Metrics filtered by: 'score|length|fps|ratio|train/loss/|train/acc/|train/inv/|train/rand/'
train/acc/inv 0.76 / train/inv/ce 0.73 / train/inv/confidence 0.57 / train/inv/confidence_gating 0 / train/inv/effective_rep_weight 0.02 / train/inv/head_objective 0.3 / train/inv/head_weight 0 / train/inv/objective 0.3 / train/inv/policy_weight_max 1 / train/inv/policy_weight_mean 1 / train/inv/policy_weight_min 1 / train/inv/policy_weight_std 0 / train/inv/valid_frac 1 / train/inv/weight 0.02 / train/loss/con 0.02 / train/loss/dyn 3.59 / train/loss/image 6.74 / train/loss/inv 6.1e-3 / train/loss/policy -0.05 / train/loss/rep 3.59 / train/loss/repval 0.96 / train/loss/rew 0.49 / train/loss/value 0.86 / replay/replay_ratio 264 / fps/policy 7.31 / fps/train 1872

Writing metrics: /home/zhangpeiying01/lfy/btwm-7.7/runs/btwm_dmc_walker_walk_seed2_w002_b11_s2/metrics.jsonl
Writing metrics: /home/zhangpeiying01/lfy/btwm-7.7/runs/btwm_dmc_walker_walk_seed2_w002_b11_s2/scores.jsonl

--------------------[Agent Step 24_944]--------------------
Metrics filtered by: 'score|length|fps|ratio|train/loss/|train/acc/|train/inv/|train/rand/'
train/acc/inv 0.76 / train/inv/ce 0.74 / train/inv/confidence 0.56 / train/inv/confidence_gating 0 / train/inv/effective_rep_weight 0.02 / train/inv/head_objective 0.31 / train/inv/head_weight 0 / train/inv/objective 0.31 / train/inv/policy_weight_max 1 / train/inv/policy_weight_mean 1 / train/inv/policy_weight_min 1 / train/inv/policy_weight_std 0 / train/inv/valid_frac 1 / train/inv/weight 0.02 / train/loss/con 0.02 / train/loss/dyn 3.6 / train/loss/image 6.73 / train/loss/inv 6.2e-3 / train/loss/policy -0.04 / train/loss/rep 3.6 / train/loss/repval 0.92 / train/loss/rew 0.49 / train/loss/value 0.82 / replay/replay_ratio 264 / fps/policy 7.32 / fps/train 1873.78

Writing metrics: /home/zhangpeiying01/lfy/btwm-7.7/runs/btwm_dmc_walker_walk_seed2_w002_b11_s2/metrics.jsonl
Writing metrics: /home/zhangpeiying01/lfy/btwm-7.7/runs/btwm_dmc_walker_walk_seed2_w002_b11_s2/scores.jsonl

--------------------[Agent Step 25_840]--------------------
Metrics filtered by: 'score|length|fps|ratio|train/loss/|train/acc/|train/inv/|train/rand/'
train/acc/inv 0.76 / train/inv/ce 0.75 / train/inv/confidence 0.56 / train/inv/confidence_gating 0 / train/inv/effective_rep_weight 0.02 / train/inv/head_objective 0.31 / train/inv/head_weight 0 / train/inv/objective 0.31 / train/inv/policy_weight_max 1 / train/inv/policy_weight_mean 1 / train/inv/policy_weight_min 1 / train/inv/policy_weight_std 0 / train/inv/valid_frac 1 / train/inv/weight 0.02 / train/loss/con 0.02 / train/loss/dyn 3.53 / train/loss/image 6.57 / train/loss/inv 6.2e-3 / train/loss/policy -0.03 / train/loss/rep 3.53 / train/loss/repval 1.05 / train/loss/rew 0.49 / train/loss/value 1 / replay/replay_ratio 264 / fps/policy 7.45 / fps/train 1908.46

Writing metrics: /home/zhangpeiying01/lfy/btwm-7.7/runs/btwm_dmc_walker_walk_seed2_w002_b11_s2/metrics.jsonl
Writing metrics: /home/zhangpeiying01/lfy/btwm-7.7/runs/btwm_dmc_walker_walk_seed2_w002_b11_s2/scores.jsonl

--------------------[Agent Step 26_752]--------------------
Metrics filtered by: 'score|length|fps|ratio|train/loss/|train/acc/|train/inv/|train/rand/'
train/acc/inv 0.75 / train/inv/ce 0.76 / train/inv/confidence 0.55 / train/inv/confidence_gating 0 / train/inv/effective_rep_weight 0.02 / train/inv/head_objective 0.32 / train/inv/head_weight 0 / train/inv/objective 0.32 / train/inv/policy_weight_max 1 / train/inv/policy_weight_mean 1 / train/inv/policy_weight_min 1 / train/inv/policy_weight_std 0 / train/inv/valid_frac 1 / train/inv/weight 0.02 / train/loss/con 0.02 / train/loss/dyn 3.56 / train/loss/image 6.54 / train/loss/inv 6.4e-3 / train/loss/policy -0.02 / train/loss/rep 3.56 / train/loss/repval 1.14 / train/loss/rew 0.5 / train/loss/value 1.14 / replay/replay_ratio 264 / fps/policy 7.58 / fps/train 1940.82

Writing metrics: /home/zhangpeiying01/lfy/btwm-7.7/runs/btwm_dmc_walker_walk_seed2_w002_b11_s2/metrics.jsonl
Writing metrics: /home/zhangpeiying01/lfy/btwm-7.7/runs/btwm_dmc_walker_walk_seed2_w002_b11_s2/scores.jsonl
Saving checkpoint: /home/zhangpeiying01/lfy/btwm-7.7/runs/btwm_dmc_walker_walk_seed2_w002_b11_s2/ckpt/20260716T110759F292225
Saved checkpoint.

--------------------[Agent Step 27_632]--------------------
Metrics filtered by: 'score|length|fps|ratio|train/loss/|train/acc/|train/inv/|train/rand/'
train/acc/inv 0.74 / train/inv/ce 0.79 / train/inv/confidence 0.54 / train/inv/confidence_gating 0 / train/inv/effective_rep_weight 0.02 / train/inv/head_objective 0.33 / train/inv/head_weight 0 / train/inv/objective 0.33 / train/inv/policy_weight_max 1 / train/inv/policy_weight_mean 1 / train/inv/policy_weight_min 1 / train/inv/policy_weight_std 0 / train/inv/valid_frac 1 / train/inv/weight 0.02 / train/loss/con 0.02 / train/loss/dyn 3.57 / train/loss/image 6.47 / train/loss/inv 6.6e-3 / train/loss/policy -0.03 / train/loss/rep 3.57 / train/loss/repval 1.14 / train/loss/rew 0.49 / train/loss/value 1.18 / replay/replay_ratio 264 / fps/policy 7.23 / fps/train 1851.6

Writing metrics: /home/zhangpeiying01/lfy/btwm-7.7/runs/btwm_dmc_walker_walk_seed2_w002_b11_s2/metrics.jsonl
Writing metrics: /home/zhangpeiying01/lfy/btwm-7.7/runs/btwm_dmc_walker_walk_seed2_w002_b11_s2/scores.jsonl

--------------------[Agent Step 28_512]--------------------
Metrics filtered by: 'score|length|fps|ratio|train/loss/|train/acc/|train/inv/|train/rand/'
train/acc/inv 0.74 / train/inv/ce 0.79 / train/inv/confidence 0.54 / train/inv/confidence_gating 0 / train/inv/effective_rep_weight 0.02 / train/inv/head_objective 0.33 / train/inv/head_weight 0 / train/inv/objective 0.33 / train/inv/policy_weight_max 1 / train/inv/policy_weight_mean 1 / train/inv/policy_weight_min 1 / train/inv/policy_weight_std 0 / train/inv/valid_frac 1 / train/inv/weight 0.02 / train/loss/con 0.02 / train/loss/dyn 3.51 / train/loss/image 6.34 / train/loss/inv 6.6e-3 / train/loss/policy -0.03 / train/loss/rep 3.51 / train/loss/repval 1.11 / train/loss/rew 0.5 / train/loss/value 1.1 / replay/replay_ratio 264 / fps/policy 7.29 / fps/train 1867.34

Writing metrics: /home/zhangpeiying01/lfy/btwm-7.7/runs/btwm_dmc_walker_walk_seed2_w002_b11_s2/metrics.jsonl
Writing metrics: /home/zhangpeiying01/lfy/btwm-7.7/runs/btwm_dmc_walker_walk_seed2_w002_b11_s2/scores.jsonl

--------------------[Agent Step 29_408]--------------------
Metrics filtered by: 'score|length|fps|ratio|train/loss/|train/acc/|train/inv/|train/rand/'
train/acc/inv 0.73 / train/inv/ce 0.8 / train/inv/confidence 0.53 / train/inv/confidence_gating 0 / train/inv/effective_rep_weight 0.02 / train/inv/head_objective 0.33 / train/inv/head_weight 0 / train/inv/objective 0.33 / train/inv/policy_weight_max 1 / train/inv/policy_weight_mean 1 / train/inv/policy_weight_min 1 / train/inv/policy_weight_std 0 / train/inv/valid_frac 1 / train/inv/weight 0.02 / train/loss/con 0.02 / train/loss/dyn 3.57 / train/loss/image 6.38 / train/loss/inv 6.7e-3 / train/loss/policy -0.03 / train/loss/rep 3.57 / train/loss/repval 1.07 / train/loss/rew 0.5 / train/loss/value 0.96 / replay/replay_ratio 264 / fps/policy 7.37 / fps/train 1887.16

Writing metrics: /home/zhangpeiying01/lfy/btwm-7.7/runs/btwm_dmc_walker_walk_seed2_w002_b11_s2/metrics.jsonl
Writing metrics: /home/zhangpeiying01/lfy/btwm-7.7/runs/btwm_dmc_walker_walk_seed2_w002_b11_s2/scores.jsonl

--------------------[Agent Step 30_320]--------------------
Metrics filtered by: 'score|length|fps|ratio|train/loss/|train/acc/|train/inv/|train/rand/'
train/acc/inv 0.73 / train/inv/ce 0.82 / train/inv/confidence 0.52 / train/inv/confidence_gating 0 / train/inv/effective_rep_weight 0.02 / train/inv/head_objective 0.34 / train/inv/head_weight 0 / train/inv/objective 0.34 / train/inv/policy_weight_max 1 / train/inv/policy_weight_mean 1 / train/inv/policy_weight_min 1 / train/inv/policy_weight_std 0 / train/inv/valid_frac 1 / train/inv/weight 0.02 / train/loss/con 0.02 / train/loss/dyn 3.51 / train/loss/image 6.21 / train/loss/inv 6.8e-3 / train/loss/policy -0.04 / train/loss/rep 3.51 / train/loss/repval 0.98 / train/loss/rew 0.5 / train/loss/value 0.81 / replay/replay_ratio 264 / fps/policy 7.57 / fps/train 1936.72

Writing metrics: /home/zhangpeiying01/lfy/btwm-7.7/runs/btwm_dmc_walker_walk_seed2_w002_b11_s2/metrics.jsonl
Writing metrics: /home/zhangpeiying01/lfy/btwm-7.7/runs/btwm_dmc_walker_walk_seed2_w002_b11_s2/scores.jsonl

--------------------[Agent Step 31_232]--------------------
Metrics filtered by: 'score|length|fps|ratio|train/loss/|train/acc/|train/inv/|train/rand/'
train/acc/inv 0.72 / train/inv/ce 0.83 / train/inv/confidence 0.52 / train/inv/confidence_gating 0 / train/inv/effective_rep_weight 0.02 / train/inv/head_objective 0.34 / train/inv/head_weight 0 / train/inv/objective 0.34 / train/inv/policy_weight_max 1 / train/inv/policy_weight_mean 1 / train/inv/policy_weight_min 1 / train/inv/policy_weight_std 0 / train/inv/valid_frac 1 / train/inv/weight 0.02 / train/loss/con 0.02 / train/loss/dyn 3.57 / train/loss/image 6.2 / train/loss/inv 6.9e-3 / train/loss/policy -0.05 / train/loss/rep 3.57 / train/loss/repval 0.89 / train/loss/rew 0.5 / train/loss/value 0.8 / replay/replay_ratio 264 / fps/policy 7.46 / fps/train 1910.89

Writing metrics: /home/zhangpeiying01/lfy/btwm-7.7/runs/btwm_dmc_walker_walk_seed2_w002_b11_s2/metrics.jsonl
Writing metrics: /home/zhangpeiying01/lfy/btwm-7.7/runs/btwm_dmc_walker_walk_seed2_w002_b11_s2/scores.jsonl

--------------------[Agent Step 32_112]--------------------
Metrics filtered by: 'score|length|fps|ratio|train/loss/|train/acc/|train/inv/|train/rand/'
episode/score 565.3 / episode/length 1001 / train/acc/inv 0.72 / train/inv/ce 0.83 / train/inv/confidence 0.52 / train/inv/confidence_gating 0 / train/inv/effective_rep_weight 0.02 / train/inv/head_objective 0.35 / train/inv/head_weight 0 / train/inv/objective 0.35 / train/inv/policy_weight_max 1 / train/inv/policy_weight_mean 1 / train/inv/policy_weight_min 1 / train/inv/policy_weight_std 0 / train/inv/valid_frac 1 / train/inv/weight 0.02 / train/loss/con 0.02 / train/loss/dyn 3.56 / train/loss/image 6.23 / train/loss/inv 6.9e-3 / train/loss/policy -0.03 / train/loss/rep 3.56 / train/loss/repval 0.88 / train/loss/rew 0.5 / train/loss/value 0.88 / replay/replay_ratio 264 / fps/policy 7.26 / fps/train 1858.42

Writing metrics: /home/zhangpeiying01/lfy/btwm-7.7/runs/btwm_dmc_walker_walk_seed2_w002_b11_s2/metrics.jsonl
Writing metrics: /home/zhangpeiying01/lfy/btwm-7.7/runs/btwm_dmc_walker_walk_seed2_w002_b11_s2/scores.jsonl

--------------------[Agent Step 32_992]--------------------
Metrics filtered by: 'score|length|fps|ratio|train/loss/|train/acc/|train/inv/|train/rand/'
train/acc/inv 0.71 / train/inv/ce 0.86 / train/inv/confidence 0.51 / train/inv/confidence_gating 0 / train/inv/effective_rep_weight 0.02 / train/inv/head_objective 0.36 / train/inv/head_weight 0 / train/inv/objective 0.36 / train/inv/policy_weight_max 1 / train/inv/policy_weight_mean 1 / train/inv/policy_weight_min 1 / train/inv/policy_weight_std 0 / train/inv/valid_frac 1 / train/inv/weight 0.02 / train/loss/con 0.02 / train/loss/dyn 3.7 / train/loss/image 6.63 / train/loss/inv 7.2e-3 / train/loss/policy -0.03 / train/loss/rep 3.7 / train/loss/repval 1 / train/loss/rew 0.5 / train/loss/value 0.99 / replay/replay_ratio 264 / fps/policy 7.3 / fps/train 1869.75

Writing metrics: /home/zhangpeiying01/lfy/btwm-7.7/runs/btwm_dmc_walker_walk_seed2_w002_b11_s2/metrics.jsonl
Writing metrics: /home/zhangpeiying01/lfy/btwm-7.7/runs/btwm_dmc_walker_walk_seed2_w002_b11_s2/scores.jsonl

--------------------[Agent Step 33_888]--------------------
Metrics filtered by: 'score|length|fps|ratio|train/loss/|train/acc/|train/inv/|train/rand/'
train/acc/inv 0.71 / train/inv/ce 0.87 / train/inv/confidence 0.5 / train/inv/confidence_gating 0 / train/inv/effective_rep_weight 0.02 / train/inv/head_objective 0.36 / train/inv/head_weight 0 / train/inv/objective 0.36 / train/inv/policy_weight_max 1 / train/inv/policy_weight_mean 1 / train/inv/policy_weight_min 1 / train/inv/policy_weight_std 0 / train/inv/valid_frac 1 / train/inv/weight 0.02 / train/loss/con 0.02 / train/loss/dyn 3.64 / train/loss/image 6.51 / train/loss/inv 7.3e-3 / train/loss/policy -0.02 / train/loss/rep 3.64 / train/loss/repval 1.1 / train/loss/rew 0.5 / train/loss/value 1.09 / replay/replay_ratio 264 / fps/policy 7.44 / fps/train 1905.58

Writing metrics: /home/zhangpeiying01/lfy/btwm-7.7/runs/btwm_dmc_walker_walk_seed2_w002_b11_s2/metrics.jsonl
Writing metrics: /home/zhangpeiying01/lfy/btwm-7.7/runs/btwm_dmc_walker_walk_seed2_w002_b11_s2/scores.jsonl

--------------------[Agent Step 34_816]--------------------
Metrics filtered by: 'score|length|fps|ratio|train/loss/|train/acc/|train/inv/|train/rand/'
train/acc/inv 0.71 / train/inv/ce 0.86 / train/inv/confidence 0.51 / train/inv/confidence_gating 0 / train/inv/effective_rep_weight 0.02 / train/inv/head_objective 0.36 / train/inv/head_weight 0 / train/inv/objective 0.36 / train/inv/policy_weight_max 1 / train/inv/policy_weight_mean 1 / train/inv/policy_weight_min 1 / train/inv/policy_weight_std 0 / train/inv/valid_frac 1 / train/inv/weight 0.02 / train/loss/con 0.02 / train/loss/dyn 3.51 / train/loss/image 6.18 / train/loss/inv 7.2e-3 / train/loss/policy -0.03 / train/loss/rep 3.51 / train/loss/repval 1.15 / train/loss/rew 0.5 / train/loss/value 1.17 / replay/replay_ratio 264 / fps/policy 7.62 / fps/train 1950.17

Writing metrics: /home/zhangpeiying01/lfy/btwm-7.7/runs/btwm_dmc_walker_walk_seed2_w002_b11_s2/metrics.jsonl
Writing metrics: /home/zhangpeiying01/lfy/btwm-7.7/runs/btwm_dmc_walker_walk_seed2_w002_b11_s2/scores.jsonl

--------------------[Agent Step 35_712]--------------------
Metrics filtered by: 'score|length|fps|ratio|train/loss/|train/acc/|train/inv/|train/rand/'
train/acc/inv 0.7 / train/inv/ce 0.89 / train/inv/confidence 0.49 / train/inv/confidence_gating 0 / train/inv/effective_rep_weight 0.02 / train/inv/head_objective 0.37 / train/inv/head_weight 0 / train/inv/objective 0.37 / train/inv/policy_weight_max 1 / train/inv/policy_weight_mean 1 / train/inv/policy_weight_min 1 / train/inv/policy_weight_std 0 / train/inv/valid_frac 1 / train/inv/weight 0.02 / train/loss/con 0.02 / train/loss/dyn 3.61 / train/loss/image 6.15 / train/loss/inv 7.4e-3 / train/loss/policy -0.04 / train/loss/rep 3.61 / train/loss/repval 1.14 / train/loss/rew 0.5 / train/loss/value 1.16 / replay/replay_ratio 264 / fps/policy 7.36 / fps/train 1885.33

Writing metrics: /home/zhangpeiying01/lfy/btwm-7.7/runs/btwm_dmc_walker_walk_seed2_w002_b11_s2/metrics.jsonl
Writing metrics: /home/zhangpeiying01/lfy/btwm-7.7/runs/btwm_dmc_walker_walk_seed2_w002_b11_s2/scores.jsonl

--------------------[Agent Step 36_592]--------------------
Metrics filtered by: 'score|length|fps|ratio|train/loss/|train/acc/|train/inv/|train/rand/'
train/acc/inv 0.7 / train/inv/ce 0.87 / train/inv/confidence 0.5 / train/inv/confidence_gating 0 / train/inv/effective_rep_weight 0.02 / train/inv/head_objective 0.36 / train/inv/head_weight 0 / train/inv/objective 0.36 / train/inv/policy_weight_max 1 / train/inv/policy_weight_mean 1 / train/inv/policy_weight_min 1 / train/inv/policy_weight_std 0 / train/inv/valid_frac 1 / train/inv/weight 0.02 / train/loss/con 0.02 / train/loss/dyn 3.49 / train/loss/image 5.91 / train/loss/inv 7.3e-3 / train/loss/policy -0.04 / train/loss/rep 3.49 / train/loss/repval 1.1 / train/loss/rew 0.51 / train/loss/value 1.05 / replay/replay_ratio 264 / fps/policy 7.27 / fps/train 1860.7

Writing metrics: /home/zhangpeiying01/lfy/btwm-7.7/runs/btwm_dmc_walker_walk_seed2_w002_b11_s2/metrics.jsonl
Writing metrics: /home/zhangpeiying01/lfy/btwm-7.7/runs/btwm_dmc_walker_walk_seed2_w002_b11_s2/scores.jsonl

--------------------[Agent Step 37_472]--------------------
Metrics filtered by: 'score|length|fps|ratio|train/loss/|train/acc/|train/inv/|train/rand/'
train/acc/inv 0.7 / train/inv/ce 0.87 / train/inv/confidence 0.5 / train/inv/confidence_gating 0 / train/inv/effective_rep_weight 0.02 / train/inv/head_objective 0.36 / train/inv/head_weight 0 / train/inv/objective 0.36 / train/inv/policy_weight_max 1 / train/inv/policy_weight_mean 1 / train/inv/policy_weight_min 1 / train/inv/policy_weight_std 0 / train/inv/valid_frac 1 / train/inv/weight 0.02 / train/loss/con 0.02 / train/loss/dyn 3.44 / train/loss/image 5.74 / train/loss/inv 7.3e-3 / train/loss/policy -0.04 / train/loss/rep 3.44 / train/loss/repval 1.02 / train/loss/rew 0.51 / train/loss/value 0.83 / replay/replay_ratio 264 / fps/policy 7.31 / fps/train 1871.06

Writing metrics: /home/zhangpeiying01/lfy/btwm-7.7/runs/btwm_dmc_walker_walk_seed2_w002_b11_s2/scores.jsonl
Writing metrics: /home/zhangpeiying01/lfy/btwm-7.7/runs/btwm_dmc_walker_walk_seed2_w002_b11_s2/metrics.jsonl

--------------------[Agent Step 38_384]--------------------
Metrics filtered by: 'score|length|fps|ratio|train/loss/|train/acc/|train/inv/|train/rand/'
train/acc/inv 0.7 / train/inv/ce 0.88 / train/inv/confidence 0.49 / train/inv/confidence_gating 0 / train/inv/effective_rep_weight 0.02 / train/inv/head_objective 0.37 / train/inv/head_weight 0 / train/inv/objective 0.37 / train/inv/policy_weight_max 1 / train/inv/policy_weight_mean 1 / train/inv/policy_weight_min 1 / train/inv/policy_weight_std 0 / train/inv/valid_frac 1 / train/inv/weight 0.02 / train/loss/con 0.02 / train/loss/dyn 3.48 / train/loss/image 5.67 / train/loss/inv 7.4e-3 / train/loss/policy -0.04 / train/loss/rep 3.48 / train/loss/repval 0.96 / train/loss/rew 0.51 / train/loss/value 0.75 / replay/replay_ratio 264 / fps/policy 7.53 / fps/train 1928.83

Writing metrics: /home/zhangpeiying01/lfy/btwm-7.7/runs/btwm_dmc_walker_walk_seed2_w002_b11_s2/metrics.jsonl
Writing metrics: /home/zhangpeiying01/lfy/btwm-7.7/runs/btwm_dmc_walker_walk_seed2_w002_b11_s2/scores.jsonl

--------------------[Agent Step 39_296]--------------------
Metrics filtered by: 'score|length|fps|ratio|train/loss/|train/acc/|train/inv/|train/rand/'
train/acc/inv 0.7 / train/inv/ce 0.88 / train/inv/confidence 0.49 / train/inv/confidence_gating 0 / train/inv/effective_rep_weight 0.02 / train/inv/head_objective 0.37 / train/inv/head_weight 0 / train/inv/objective 0.37 / train/inv/policy_weight_max 1 / train/inv/policy_weight_mean 1 / train/inv/policy_weight_min 1 / train/inv/policy_weight_std 0 / train/inv/valid_frac 1 / train/inv/weight 0.02 / train/loss/con 0.02 / train/loss/dyn 3.51 / train/loss/image 5.63 / train/loss/inv 7.4e-3 / train/loss/policy -0.04 / train/loss/rep 3.51 / train/loss/repval 0.92 / train/loss/rew 0.51 / train/loss/value 0.83 / replay/replay_ratio 264 / fps/policy 7.56 / fps/train 1934.67

Writing metrics: /home/zhangpeiying01/lfy/btwm-7.7/runs/btwm_dmc_walker_walk_seed2_w002_b11_s2/scores.jsonl
Writing metrics: /home/zhangpeiying01/lfy/btwm-7.7/runs/btwm_dmc_walker_walk_seed2_w002_b11_s2/metrics.jsonl

--------------------[Agent Step 40_176]--------------------
Metrics filtered by: 'score|length|fps|ratio|train/loss/|train/acc/|train/inv/|train/rand/'
train/acc/inv 0.69 / train/inv/ce 0.91 / train/inv/confidence 0.48 / train/inv/confidence_gating 0 / train/inv/effective_rep_weight 0.02 / train/inv/head_objective 0.38 / train/inv/head_weight 0 / train/inv/objective 0.38 / train/inv/policy_weight_max 1 / train/inv/policy_weight_mean 1 / train/inv/policy_weight_min 1 / train/inv/policy_weight_std 0 / train/inv/valid_frac 1 / train/inv/weight 0.02 / train/loss/con 0.02 / train/loss/dyn 3.5 / train/loss/image 5.59 / train/loss/inv 7.6e-3 / train/loss/policy -0.04 / train/loss/rep 3.5 / train/loss/repval 0.91 / train/loss/rew 0.51 / train/loss/value 0.91 / replay/replay_ratio 264 / fps/policy 7.26 / fps/train 1859.38

Writing metrics: /home/zhangpeiying01/lfy/btwm-7.7/runs/btwm_dmc_walker_walk_seed2_w002_b11_s2/metrics.jsonl
Writing metrics: /home/zhangpeiying01/lfy/btwm-7.7/runs/btwm_dmc_walker_walk_seed2_w002_b11_s2/scores.jsonl

--------------------[Agent Step 41_056]--------------------
Metrics filtered by: 'score|length|fps|ratio|train/loss/|train/acc/|train/inv/|train/rand/'
train/acc/inv 0.69 / train/inv/ce 0.91 / train/inv/confidence 0.48 / train/inv/confidence_gating 0 / train/inv/effective_rep_weight 0.02 / train/inv/head_objective 0.38 / train/inv/head_weight 0 / train/inv/objective 0.38 / train/inv/policy_weight_max 1 / train/inv/policy_weight_mean 1 / train/inv/policy_weight_min 1 / train/inv/policy_weight_std 0 / train/inv/valid_frac 1 / train/inv/weight 0.02 / train/loss/con 0.02 / train/loss/dyn 3.45 / train/loss/image 5.46 / train/loss/inv 7.6e-3 / train/loss/policy -0.04 / train/loss/rep 3.45 / train/loss/repval 0.99 / train/loss/rew 0.51 / train/loss/value 1.02 / replay/replay_ratio 264 / fps/policy 7.28 / fps/train 1863.42

Writing metrics: /home/zhangpeiying01/lfy/btwm-7.7/runs/btwm_dmc_walker_walk_seed2_w002_b11_s2/metrics.jsonl
Writing metrics: /home/zhangpeiying01/lfy/btwm-7.7/runs/btwm_dmc_walker_walk_seed2_w002_b11_s2/scores.jsonl

--------------------[Agent Step 41_936]--------------------
Metrics filtered by: 'score|length|fps|ratio|train/loss/|train/acc/|train/inv/|train/rand/'
train/acc/inv 0.68 / train/inv/ce 0.92 / train/inv/confidence 0.48 / train/inv/confidence_gating 0 / train/inv/effective_rep_weight 0.02 / train/inv/head_objective 0.38 / train/inv/head_weight 0 / train/inv/objective 0.38 / train/inv/policy_weight_max 1 / train/inv/policy_weight_mean 1 / train/inv/policy_weight_min 1 / train/inv/policy_weight_std 0 / train/inv/valid_frac 1 / train/inv/weight 0.02 / train/loss/con 0.02 / train/loss/dyn 3.47 / train/loss/image 5.43 / train/loss/inv 7.7e-3 / train/loss/policy -0.05 / train/loss/rep 3.47 / train/loss/repval 1.07 / train/loss/rew 0.51 / train/loss/value 1.12 / replay/replay_ratio 264 / fps/policy 7.3 / fps/train 1869.04

Writing metrics: /home/zhangpeiying01/lfy/btwm-7.7/runs/btwm_dmc_walker_walk_seed2_w002_b11_s2/metrics.jsonl
Writing metrics: /home/zhangpeiying01/lfy/btwm-7.7/runs/btwm_dmc_walker_walk_seed2_w002_b11_s2/scores.jsonl

--------------------[Agent Step 42_864]--------------------
Metrics filtered by: 'score|length|fps|ratio|train/loss/|train/acc/|train/inv/|train/rand/'
train/acc/inv 0.68 / train/inv/ce 0.93 / train/inv/confidence 0.48 / train/inv/confidence_gating 0 / train/inv/effective_rep_weight 0.02 / train/inv/head_objective 0.39 / train/inv/head_weight 0 / train/inv/objective 0.39 / train/inv/policy_weight_max 1 / train/inv/policy_weight_mean 1 / train/inv/policy_weight_min 1 / train/inv/policy_weight_std 0 / train/inv/valid_frac 1 / train/inv/weight 0.02 / train/loss/con 0.02 / train/loss/dyn 3.47 / train/loss/image 5.36 / train/loss/inv 7.7e-3 / train/loss/policy -0.04 / train/loss/rep 3.47 / train/loss/repval 1.11 / train/loss/rew 0.51 / train/loss/value 1.2 / replay/replay_ratio 264 / fps/policy 7.6 / fps/train 1945.78

Writing metrics: /home/zhangpeiying01/lfy/btwm-7.7/runs/btwm_dmc_walker_walk_seed2_w002_b11_s2/metrics.jsonl
Writing metrics: /home/zhangpeiying01/lfy/btwm-7.7/runs/btwm_dmc_walker_walk_seed2_w002_b11_s2/scores.jsonl

--------------------[Agent Step 43_760]--------------------
Metrics filtered by: 'score|length|fps|ratio|train/loss/|train/acc/|train/inv/|train/rand/'
train/acc/inv 0.67 / train/inv/ce 0.94 / train/inv/confidence 0.47 / train/inv/confidence_gating 0 / train/inv/effective_rep_weight 0.02 / train/inv/head_objective 0.39 / train/inv/head_weight 0 / train/inv/objective 0.39 / train/inv/policy_weight_max 1 / train/inv/policy_weight_mean 1 / train/inv/policy_weight_min 1 / train/inv/policy_weight_std 0 / train/inv/valid_frac 1 / train/inv/weight 0.02 / train/loss/con 0.02 / train/loss/dyn 3.42 / train/loss/image 5.24 / train/loss/inv 7.9e-3 / train/loss/policy -0.04 / train/loss/rep 3.42 / train/loss/repval 1.13 / train/loss/rew 0.52 / train/loss/value 1.22 / replay/replay_ratio 264 / fps/policy 7.46 / fps/train 1908.53

Writing metrics: /home/zhangpeiying01/lfy/btwm-7.7/runs/btwm_dmc_walker_walk_seed2_w002_b11_s2/metrics.jsonl
Writing metrics: /home/zhangpeiying01/lfy/btwm-7.7/runs/btwm_dmc_walker_walk_seed2_w002_b11_s2/scores.jsonl

--------------------[Agent Step 44_640]--------------------
Metrics filtered by: 'score|length|fps|ratio|train/loss/|train/acc/|train/inv/|train/rand/'
train/acc/inv 0.67 / train/inv/ce 0.94 / train/inv/confidence 0.47 / train/inv/confidence_gating 0 / train/inv/effective_rep_weight 0.02 / train/inv/head_objective 0.39 / train/inv/head_weight 0 / train/inv/objective 0.39 / train/inv/policy_weight_max 1 / train/inv/policy_weight_mean 1 / train/inv/policy_weight_min 1 / train/inv/policy_weight_std 0 / train/inv/valid_frac 1 / train/inv/weight 0.02 / train/loss/con 0.02 / train/loss/dyn 3.43 / train/loss/image 5.19 / train/loss/inv 7.8e-3 / train/loss/policy -0.04 / train/loss/rep 3.43 / train/loss/repval 1.15 / train/loss/rew 0.52 / train/loss/value 1.22 / replay/replay_ratio 264 / fps/policy 7.26 / fps/train 1859.06

Writing metrics: /home/zhangpeiying01/lfy/btwm-7.7/runs/btwm_dmc_walker_walk_seed2_w002_b11_s2/scores.jsonl
Writing metrics: /home/zhangpeiying01/lfy/btwm-7.7/runs/btwm_dmc_walker_walk_seed2_w002_b11_s2/metrics.jsonl

--------------------[Agent Step 45_520]--------------------
Metrics filtered by: 'score|length|fps|ratio|train/loss/|train/acc/|train/inv/|train/rand/'
train/acc/inv 0.67 / train/inv/ce 0.94 / train/inv/confidence 0.47 / train/inv/confidence_gating 0 / train/inv/effective_rep_weight 0.02 / train/inv/head_objective 0.39 / train/inv/head_weight 0 / train/inv/objective 0.39 / train/inv/policy_weight_max 1 / train/inv/policy_weight_mean 1 / train/inv/policy_weight_min 1 / train/inv/policy_weight_std 0 / train/inv/valid_frac 1 / train/inv/weight 0.02 / train/loss/con 0.02 / train/loss/dyn 3.41 / train/loss/image 5.13 / train/loss/inv 7.8e-3 / train/loss/policy -0.04 / train/loss/rep 3.41 / train/loss/repval 1.15 / train/loss/rew 0.52 / train/loss/value 1.2 / replay/replay_ratio 264 / fps/policy 7.27 / fps/train 1862.08

Writing metrics: /home/zhangpeiying01/lfy/btwm-7.7/runs/btwm_dmc_walker_walk_seed2_w002_b11_s2/metrics.jsonl
Writing metrics: /home/zhangpeiying01/lfy/btwm-7.7/runs/btwm_dmc_walker_walk_seed2_w002_b11_s2/scores.jsonl

--------------------[Agent Step 46_416]--------------------
Metrics filtered by: 'score|length|fps|ratio|train/loss/|train/acc/|train/inv/|train/rand/'
train/acc/inv 0.67 / train/inv/ce 0.95 / train/inv/confidence 0.47 / train/inv/confidence_gating 0 / train/inv/effective_rep_weight 0.02 / train/inv/head_objective 0.4 / train/inv/head_weight 0 / train/inv/objective 0.4 / train/inv/policy_weight_max 1 / train/inv/policy_weight_mean 1 / train/inv/policy_weight_min 1 / train/inv/policy_weight_std 0 / train/inv/valid_frac 1 / train/inv/weight 0.02 / train/loss/con 0.02 / train/loss/dyn 3.42 / train/loss/image 5.04 / train/loss/inv 7.9e-3 / train/loss/policy -0.04 / train/loss/rep 3.42 / train/loss/repval 1.17 / train/loss/rew 0.52 / train/loss/value 1.18 / replay/replay_ratio 264 / fps/policy 7.39 / fps/train 1891.54

Writing metrics: /home/zhangpeiying01/lfy/btwm-7.7/runs/btwm_dmc_walker_walk_seed2_w002_b11_s2/metrics.jsonl
Writing metrics: /home/zhangpeiying01/lfy/btwm-7.7/runs/btwm_dmc_walker_walk_seed2_w002_b11_s2/scores.jsonl

--------------------[Agent Step 47_328]--------------------
Metrics filtered by: 'score|length|fps|ratio|train/loss/|train/acc/|train/inv/|train/rand/'
train/acc/inv 0.67 / train/inv/ce 0.96 / train/inv/confidence 0.47 / train/inv/confidence_gating 0 / train/inv/effective_rep_weight 0.02 / train/inv/head_objective 0.4 / train/inv/head_weight 0 / train/inv/objective 0.4 / train/inv/policy_weight_max 1 / train/inv/policy_weight_mean 1 / train/inv/policy_weight_min 1 / train/inv/policy_weight_std 0 / train/inv/valid_frac 1 / train/inv/weight 0.02 / train/loss/con 0.02 / train/loss/dyn 3.46 / train/loss/image 5.02 / train/loss/inv 8e-3 / train/loss/policy -0.04 / train/loss/rep 3.46 / train/loss/repval 1.17 / train/loss/rew 0.52 / train/loss/value 1.14 / replay/replay_ratio 264 / fps/policy 7.6 / fps/train 1944.47

Writing metrics: /home/zhangpeiying01/lfy/btwm-7.7/runs/btwm_dmc_walker_walk_seed2_w002_b11_s2/metrics.jsonl
Writing metrics: /home/zhangpeiying01/lfy/btwm-7.7/runs/btwm_dmc_walker_walk_seed2_w002_b11_s2/scores.jsonl

--------------------[Agent Step 48_224]--------------------
Metrics filtered by: 'score|length|fps|ratio|train/loss/|train/acc/|train/inv/|train/rand/'
episode/score 758.83 / episode/length 1001 / train/acc/inv 0.66 / train/inv/ce 0.96 / train/inv/confidence 0.46 / train/inv/confidence_gating 0 / train/inv/effective_rep_weight 0.02 / train/inv/head_objective 0.4 / train/inv/head_weight 0 / train/inv/objective 0.4 / train/inv/policy_weight_max 1 / train/inv/policy_weight_mean 1 / train/inv/policy_weight_min 1 / train/inv/policy_weight_std 0 / train/inv/valid_frac 1 / train/inv/weight 0.02 / train/loss/con 0.02 / train/loss/dyn 3.4 / train/loss/image 5 / train/loss/inv 8e-3 / train/loss/policy -0.04 / train/loss/rep 3.4 / train/loss/repval 1.17 / train/loss/rew 0.52 / train/loss/value 1.12 / replay/replay_ratio 264 / fps/policy 7.38 / fps/train 1889.63

Writing metrics: /home/zhangpeiying01/lfy/btwm-7.7/runs/btwm_dmc_walker_walk_seed2_w002_b11_s2/metrics.jsonl
Writing metrics: /home/zhangpeiying01/lfy/btwm-7.7/runs/btwm_dmc_walker_walk_seed2_w002_b11_s2/scores.jsonl

--------------------[Agent Step 49_104]--------------------
Metrics filtered by: 'score|length|fps|ratio|train/loss/|train/acc/|train/inv/|train/rand/'
train/acc/inv 0.66 / train/inv/ce 0.99 / train/inv/confidence 0.46 / train/inv/confidence_gating 0 / train/inv/effective_rep_weight 0.02 / train/inv/head_objective 0.41 / train/inv/head_weight 0 / train/inv/objective 0.41 / train/inv/policy_weight_max 1 / train/inv/policy_weight_mean 1 / train/inv/policy_weight_min 1 / train/inv/policy_weight_std 0 / train/inv/valid_frac 1 / train/inv/weight 0.02 / train/loss/con 0.02 / train/loss/dyn 3.5 / train/loss/image 5.32 / train/loss/inv 8.3e-3 / train/loss/policy -0.03 / train/loss/rep 3.5 / train/loss/repval 1.16 / train/loss/rew 0.52 / train/loss/value 1.09 / replay/replay_ratio 264 / fps/policy 7.29 / fps/train 1866.52

Writing metrics: /home/zhangpeiying01/lfy/btwm-7.7/runs/btwm_dmc_walker_walk_seed2_w002_b11_s2/scores.jsonl
Writing metrics: /home/zhangpeiying01/lfy/btwm-7.7/runs/btwm_dmc_walker_walk_seed2_w002_b11_s2/metrics.jsonl

--------------------[Agent Step 49_984]--------------------
Metrics filtered by: 'score|length|fps|ratio|train/loss/|train/acc/|train/inv/|train/rand/'
train/acc/inv 0.65 / train/inv/ce 1.02 / train/inv/confidence 0.45 / train/inv/confidence_gating 0 / train/inv/effective_rep_weight 0.02 / train/inv/head_objective 0.43 / train/inv/head_weight 0 / train/inv/objective 0.43 / train/inv/policy_weight_max 1 / train/inv/policy_weight_mean 1 / train/inv/policy_weight_min 1 / train/inv/policy_weight_std 0 / train/inv/valid_frac 1 / train/inv/weight 0.02 / train/loss/con 0.02 / train/loss/dyn 3.49 / train/loss/image 5.32 / train/loss/inv 8.5e-3 / train/loss/policy -0.02 / train/loss/rep 3.49 / train/loss/repval 1.14 / train/loss/rew 0.53 / train/loss/value 1.07 / replay/replay_ratio 264 / fps/policy 7.29 / fps/train 1865.63

Writing metrics: /home/zhangpeiying01/lfy/btwm-7.7/runs/btwm_dmc_walker_walk_seed2_w002_b11_s2/metrics.jsonl
Writing metrics: /home/zhangpeiying01/lfy/btwm-7.7/runs/btwm_dmc_walker_walk_seed2_w002_b11_s2/scores.jsonl

--------------------[Agent Step 50_896]--------------------
Metrics filtered by: 'score|length|fps|ratio|train/loss/|train/acc/|train/inv/|train/rand/'
train/acc/inv 0.65 / train/inv/ce 1.01 / train/inv/confidence 0.45 / train/inv/confidence_gating 0 / train/inv/effective_rep_weight 0.02 / train/inv/head_objective 0.42 / train/inv/head_weight 0 / train/inv/objective 0.42 / train/inv/policy_weight_max 1 / train/inv/policy_weight_mean 1 / train/inv/policy_weight_min 1 / train/inv/policy_weight_std 0 / train/inv/valid_frac 1 / train/inv/weight 0.02 / train/loss/con 0.02 / train/loss/dyn 3.44 / train/loss/image 5.14 / train/loss/inv 8.4e-3 / train/loss/policy -0.03 / train/loss/rep 3.44 / train/loss/repval 1.14 / train/loss/rew 0.53 / train/loss/value 1.07 / replay/replay_ratio 264 / fps/policy 7.47 / fps/train 1913.04

Writing metrics: /home/zhangpeiying01/lfy/btwm-7.7/runs/btwm_dmc_walker_walk_seed2_w002_b11_s2/metrics.jsonl
Writing metrics: /home/zhangpeiying01/lfy/btwm-7.7/runs/btwm_dmc_walker_walk_seed2_w002_b11_s2/scores.jsonl

--------------------[Agent Step 51_808]--------------------
Metrics filtered by: 'score|length|fps|ratio|train/loss/|train/acc/|train/inv/|train/rand/'
train/acc/inv 0.64 / train/inv/ce 1.03 / train/inv/confidence 0.44 / train/inv/confidence_gating 0 / train/inv/effective_rep_weight 0.02 / train/inv/head_objective 0.43 / train/inv/head_weight 0 / train/inv/objective 0.43 / train/inv/policy_weight_max 1 / train/inv/policy_weight_mean 1 / train/inv/policy_weight_min 1 / train/inv/policy_weight_std 0 / train/inv/valid_frac 1 / train/inv/weight 0.02 / train/loss/con 0.02 / train/loss/dyn 3.43 / train/loss/image 5.02 / train/loss/inv 8.6e-3 / train/loss/policy -0.03 / train/loss/rep 3.43 / train/loss/repval 1.15 / train/loss/rew 0.52 / train/loss/value 1.07 / replay/replay_ratio 264 / fps/policy 7.54 / fps/train 1931.23

Writing metrics: /home/zhangpeiying01/lfy/btwm-7.7/runs/btwm_dmc_walker_walk_seed2_w002_b11_s2/metrics.jsonl
Writing metrics: /home/zhangpeiying01/lfy/btwm-7.7/runs/btwm_dmc_walker_walk_seed2_w002_b11_s2/scores.jsonl

--------------------[Agent Step 52_688]--------------------
Metrics filtered by: 'score|length|fps|ratio|train/loss/|train/acc/|train/inv/|train/rand/'
train/acc/inv 0.64 / train/inv/ce 1.03 / train/inv/confidence 0.44 / train/inv/confidence_gating 0 / train/inv/effective_rep_weight 0.02 / train/inv/head_objective 0.43 / train/inv/head_weight 0 / train/inv/objective 0.43 / train/inv/policy_weight_max 1 / train/inv/policy_weight_mean 1 / train/inv/policy_weight_min 1 / train/inv/policy_weight_std 0 / train/inv/valid_frac 1 / train/inv/weight 0.02 / train/loss/con 0.02 / train/loss/dyn 3.37 / train/loss/image 4.91 / train/loss/inv 8.6e-3 / train/loss/policy -0.03 / train/loss/rep 3.37 / train/loss/repval 1.14 / train/loss/rew 0.53 / train/loss/value 1.05 / replay/replay_ratio 264 / fps/policy 7.28 / fps/train 1864.01

Writing metrics: /home/zhangpeiying01/lfy/btwm-7.7/runs/btwm_dmc_walker_walk_seed2_w002_b11_s2/metrics.jsonl
Writing metrics: /home/zhangpeiying01/lfy/btwm-7.7/runs/btwm_dmc_walker_walk_seed2_w002_b11_s2/scores.jsonl

--------------------[Agent Step 53_568]--------------------
Metrics filtered by: 'score|length|fps|ratio|train/loss/|train/acc/|train/inv/|train/rand/'
train/acc/inv 0.64 / train/inv/ce 1.03 / train/inv/confidence 0.44 / train/inv/confidence_gating 0 / train/inv/effective_rep_weight 0.02 / train/inv/head_objective 0.43 / train/inv/head_weight 0 / train/inv/objective 0.43 / train/inv/policy_weight_max 1 / train/inv/policy_weight_mean 1 / train/inv/policy_weight_min 1 / train/inv/policy_weight_std 0 / train/inv/valid_frac 1 / train/inv/weight 0.02 / train/loss/con 0.02 / train/loss/dyn 3.38 / train/loss/image 4.85 / train/loss/inv 8.6e-3 / train/loss/policy -0.03 / train/loss/rep 3.38 / train/loss/repval 1.14 / train/loss/rew 0.53 / train/loss/value 1.05 / replay/replay_ratio 264 / fps/policy 7.27 / fps/train 1861.67

Writing metrics: /home/zhangpeiying01/lfy/btwm-7.7/runs/btwm_dmc_walker_walk_seed2_w002_b11_s2/metrics.jsonl
Writing metrics: /home/zhangpeiying01/lfy/btwm-7.7/runs/btwm_dmc_walker_walk_seed2_w002_b11_s2/scores.jsonl
Saving checkpoint: /home/zhangpeiying01/lfy/btwm-7.7/runs/btwm_dmc_walker_walk_seed2_w002_b11_s2/ckpt/20260716T120801F211119
Saved checkpoint.

--------------------[Agent Step 54_432]--------------------
Metrics filtered by: 'score|length|fps|ratio|train/loss/|train/acc/|train/inv/|train/rand/'
train/acc/inv 0.64 / train/inv/ce 1.02 / train/inv/confidence 0.44 / train/inv/confidence_gating 0 / train/inv/effective_rep_weight 0.02 / train/inv/head_objective 0.43 / train/inv/head_weight 0 / train/inv/objective 0.43 / train/inv/policy_weight_max 1 / train/inv/policy_weight_mean 1 / train/inv/policy_weight_min 1 / train/inv/policy_weight_std 0 / train/inv/valid_frac 1 / train/inv/weight 0.02 / train/loss/con 0.02 / train/loss/dyn 3.38 / train/loss/image 4.78 / train/loss/inv 8.5e-3 / train/loss/policy -0.03 / train/loss/rep 3.38 / train/loss/repval 1.13 / train/loss/rew 0.53 / train/loss/value 1.03 / replay/replay_ratio 264 / fps/policy 7.12 / fps/train 1822.84

Writing metrics: /home/zhangpeiying01/lfy/btwm-7.7/runs/btwm_dmc_walker_walk_seed2_w002_b11_s2/metrics.jsonl
Writing metrics: /home/zhangpeiying01/lfy/btwm-7.7/runs/btwm_dmc_walker_walk_seed2_w002_b11_s2/scores.jsonl

--------------------[Agent Step 55_328]--------------------
Metrics filtered by: 'score|length|fps|ratio|train/loss/|train/acc/|train/inv/|train/rand/'
train/acc/inv 0.64 / train/inv/ce 1.03 / train/inv/confidence 0.44 / train/inv/confidence_gating 0 / train/inv/effective_rep_weight 0.02 / train/inv/head_objective 0.43 / train/inv/head_weight 0 / train/inv/objective 0.43 / train/inv/policy_weight_max 1 / train/inv/policy_weight_mean 1 / train/inv/policy_weight_min 1 / train/inv/policy_weight_std 0 / train/inv/valid_frac 1 / train/inv/weight 0.02 / train/loss/con 0.02 / train/loss/dyn 3.33 / train/loss/image 4.73 / train/loss/inv 8.6e-3 / train/loss/policy -0.03 / train/loss/rep 3.33 / train/loss/repval 1.13 / train/loss/rew 0.53 / train/loss/value 1.03 / replay/replay_ratio 264 / fps/policy 7.45 / fps/train 1907.33

Writing metrics: /home/zhangpeiying01/lfy/btwm-7.7/runs/btwm_dmc_walker_walk_seed2_w002_b11_s2/metrics.jsonl
Writing metrics: /home/zhangpeiying01/lfy/btwm-7.7/runs/btwm_dmc_walker_walk_seed2_w002_b11_s2/scores.jsonl

--------------------[Agent Step 56_240]--------------------
Metrics filtered by: 'score|length|fps|ratio|train/loss/|train/acc/|train/inv/|train/rand/'
train/acc/inv 0.63 / train/inv/ce 1.06 / train/inv/confidence 0.43 / train/inv/confidence_gating 0 / train/inv/effective_rep_weight 0.02 / train/inv/head_objective 0.44 / train/inv/head_weight 0 / train/inv/objective 0.44 / train/inv/policy_weight_max 1 / train/inv/policy_weight_mean 1 / train/inv/policy_weight_min 1 / train/inv/policy_weight_std 0 / train/inv/valid_frac 1 / train/inv/weight 0.02 / train/loss/con 0.02 / train/loss/dyn 3.39 / train/loss/image 4.72 / train/loss/inv 8.8e-3 / train/loss/policy -0.03 / train/loss/rep 3.39 / train/loss/repval 1.13 / train/loss/rew 0.53 / train/loss/value 1.03 / replay/replay_ratio 264 / fps/policy 7.55 / fps/train 1932.51

Writing metrics: /home/zhangpeiying01/lfy/btwm-7.7/runs/btwm_dmc_walker_walk_seed2_w002_b11_s2/metrics.jsonl
Writing metrics: /home/zhangpeiying01/lfy/btwm-7.7/runs/btwm_dmc_walker_walk_seed2_w002_b11_s2/scores.jsonl

--------------------[Agent Step 57_120]--------------------
Metrics filtered by: 'score|length|fps|ratio|train/loss/|train/acc/|train/inv/|train/rand/'
train/acc/inv 0.63 / train/inv/ce 1.05 / train/inv/confidence 0.43 / train/inv/confidence_gating 0 / train/inv/effective_rep_weight 0.02 / train/inv/head_objective 0.44 / train/inv/head_weight 0 / train/inv/objective 0.44 / train/inv/policy_weight_max 1 / train/inv/policy_weight_mean 1 / train/inv/policy_weight_min 1 / train/inv/policy_weight_std 0 / train/inv/valid_frac 1 / train/inv/weight 0.02 / train/loss/con 0.02 / train/loss/dyn 3.38 / train/loss/image 4.67 / train/loss/inv 8.8e-3 / train/loss/policy -0.03 / train/loss/rep 3.38 / train/loss/repval 1.14 / train/loss/rew 0.53 / train/loss/value 1.04 / replay/replay_ratio 264 / fps/policy 7.29 / fps/train 1865.19

Writing metrics: /home/zhangpeiying01/lfy/btwm-7.7/runs/btwm_dmc_walker_walk_seed2_w002_b11_s2/metrics.jsonl
Writing metrics: /home/zhangpeiying01/lfy/btwm-7.7/runs/btwm_dmc_walker_walk_seed2_w002_b11_s2/scores.jsonl

--------------------[Agent Step 58_000]--------------------
Metrics filtered by: 'score|length|fps|ratio|train/loss/|train/acc/|train/inv/|train/rand/'
train/acc/inv 0.63 / train/inv/ce 1.05 / train/inv/confidence 0.43 / train/inv/confidence_gating 0 / train/inv/effective_rep_weight 0.02 / train/inv/head_objective 0.44 / train/inv/head_weight 0 / train/inv/objective 0.44 / train/inv/policy_weight_max 1 / train/inv/policy_weight_mean 1 / train/inv/policy_weight_min 1 / train/inv/policy_weight_std 0 / train/inv/valid_frac 1 / train/inv/weight 0.02 / train/loss/con 0.02 / train/loss/dyn 3.31 / train/loss/image 4.65 / train/loss/inv 8.8e-3 / train/loss/policy -0.03 / train/loss/rep 3.31 / train/loss/repval 1.14 / train/loss/rew 0.53 / train/loss/value 1.05 / replay/replay_ratio 264 / fps/policy 7.26 / fps/train 1857.78

Writing metrics: /home/zhangpeiying01/lfy/btwm-7.7/runs/btwm_dmc_walker_walk_seed2_w002_b11_s2/scores.jsonl
Writing metrics: /home/zhangpeiying01/lfy/btwm-7.7/runs/btwm_dmc_walker_walk_seed2_w002_b11_s2/metrics.jsonl

--------------------[Agent Step 58_880]--------------------
Metrics filtered by: 'score|length|fps|ratio|train/loss/|train/acc/|train/inv/|train/rand/'
train/acc/inv 0.62 / train/inv/ce 1.09 / train/inv/confidence 0.42 / train/inv/confidence_gating 0 / train/inv/effective_rep_weight 0.02 / train/inv/head_objective 0.46 / train/inv/head_weight 0 / train/inv/objective 0.46 / train/inv/policy_weight_max 1 / train/inv/policy_weight_mean 1 / train/inv/policy_weight_min 1 / train/inv/policy_weight_std 0 / train/inv/valid_frac 1 / train/inv/weight 0.02 / train/loss/con 0.02 / train/loss/dyn 3.43 / train/loss/image 4.76 / train/loss/inv 9.1e-3 / train/loss/policy -0.03 / train/loss/rep 3.43 / train/loss/repval 1.14 / train/loss/rew 0.54 / train/loss/value 1.06 / replay/replay_ratio 264 / fps/policy 7.25 / fps/train 1855.76

Writing metrics: /home/zhangpeiying01/lfy/btwm-7.7/runs/btwm_dmc_walker_walk_seed2_w002_b11_s2/metrics.jsonl
Writing metrics: /home/zhangpeiying01/lfy/btwm-7.7/runs/btwm_dmc_walker_walk_seed2_w002_b11_s2/scores.jsonl

--------------------[Agent Step 59_776]--------------------
Metrics filtered by: 'score|length|fps|ratio|train/loss/|train/acc/|train/inv/|train/rand/'
train/acc/inv 0.62 / train/inv/ce 1.09 / train/inv/confidence 0.42 / train/inv/confidence_gating 0 / train/inv/effective_rep_weight 0.02 / train/inv/head_objective 0.45 / train/inv/head_weight 0 / train/inv/objective 0.45 / train/inv/policy_weight_max 1 / train/inv/policy_weight_mean 1 / train/inv/policy_weight_min 1 / train/inv/policy_weight_std 0 / train/inv/valid_frac 1 / train/inv/weight 0.02 / train/loss/con 0.02 / train/loss/dyn 3.36 / train/loss/image 4.63 / train/loss/inv 9.1e-3 / train/loss/policy -0.03 / train/loss/rep 3.36 / train/loss/repval 1.14 / train/loss/rew 0.54 / train/loss/value 1.06 / replay/replay_ratio 264 / fps/policy 7.41 / fps/train 1896.55

Writing metrics: /home/zhangpeiying01/lfy/btwm-7.7/runs/btwm_dmc_walker_walk_seed2_w002_b11_s2/metrics.jsonl
Writing metrics: /home/zhangpeiying01/lfy/btwm-7.7/runs/btwm_dmc_walker_walk_seed2_w002_b11_s2/scores.jsonl

--------------------[Agent Step 60_672]--------------------
Metrics filtered by: 'score|length|fps|ratio|train/loss/|train/acc/|train/inv/|train/rand/'
train/acc/inv 0.62 / train/inv/ce 1.08 / train/inv/confidence 0.42 / train/inv/confidence_gating 0 / train/inv/effective_rep_weight 0.02 / train/inv/head_objective 0.45 / train/inv/head_weight 0 / train/inv/objective 0.45 / train/inv/policy_weight_max 1 / train/inv/policy_weight_mean 1 / train/inv/policy_weight_min 1 / train/inv/policy_weight_std 0 / train/inv/valid_frac 1 / train/inv/weight 0.02 / train/loss/con 0.02 / train/loss/dyn 3.25 / train/loss/image 4.53 / train/loss/inv 9e-3 / train/loss/policy -0.02 / train/loss/rep 3.25 / train/loss/repval 1.13 / train/loss/rew 0.54 / train/loss/value 1.05 / replay/replay_ratio 264 / fps/policy 7.46 / fps/train 1909.34

Writing metrics: /home/zhangpeiying01/lfy/btwm-7.7/runs/btwm_dmc_walker_walk_seed2_w002_b11_s2/metrics.jsonl
Writing metrics: /home/zhangpeiying01/lfy/btwm-7.7/runs/btwm_dmc_walker_walk_seed2_w002_b11_s2/scores.jsonl

--------------------[Agent Step 61_552]--------------------
Metrics filtered by: 'score|length|fps|ratio|train/loss/|train/acc/|train/inv/|train/rand/'
train/acc/inv 0.62 / train/inv/ce 1.09 / train/inv/confidence 0.42 / train/inv/confidence_gating 0 / train/inv/effective_rep_weight 0.02 / train/inv/head_objective 0.45 / train/inv/head_weight 0 / train/inv/objective 0.45 / train/inv/policy_weight_max 1 / train/inv/policy_weight_mean 1 / train/inv/policy_weight_min 1 / train/inv/policy_weight_std 0 / train/inv/valid_frac 1 / train/inv/weight 0.02 / train/loss/con 0.02 / train/loss/dyn 3.37 / train/loss/image 4.57 / train/loss/inv 9.1e-3 / train/loss/policy -0.02 / train/loss/rep 3.37 / train/loss/repval 1.13 / train/loss/rew 0.54 / train/loss/value 1.05 / replay/replay_ratio 264 / fps/policy 7.26 / fps/train 1859.59

Writing metrics: /home/zhangpeiying01/lfy/btwm-7.7/runs/btwm_dmc_walker_walk_seed2_w002_b11_s2/metrics.jsonl
Writing metrics: /home/zhangpeiying01/lfy/btwm-7.7/runs/btwm_dmc_walker_walk_seed2_w002_b11_s2/scores.jsonl

--------------------[Agent Step 62_416]--------------------
Metrics filtered by: 'score|length|fps|ratio|train/loss/|train/acc/|train/inv/|train/rand/'
train/acc/inv 0.62 / train/inv/ce 1.1 / train/inv/confidence 0.42 / train/inv/confidence_gating 0 / train/inv/effective_rep_weight 0.02 / train/inv/head_objective 0.46 / train/inv/head_weight 0 / train/inv/objective 0.46 / train/inv/policy_weight_max 1 / train/inv/policy_weight_mean 1 / train/inv/policy_weight_min 1 / train/inv/policy_weight_std 0 / train/inv/valid_frac 1 / train/inv/weight 0.02 / train/loss/con 0.02 / train/loss/dyn 3.32 / train/loss/image 4.49 / train/loss/inv 9.2e-3 / train/loss/policy -0.03 / train/loss/rep 3.32 / train/loss/repval 1.12 / train/loss/rew 0.54 / train/loss/value 1.03 / replay/replay_ratio 264 / fps/policy 7.19 / fps/train 1840.4

Writing metrics: /home/zhangpeiying01/lfy/btwm-7.7/runs/btwm_dmc_walker_walk_seed2_w002_b11_s2/metrics.jsonl
Writing metrics: /home/zhangpeiying01/lfy/btwm-7.7/runs/btwm_dmc_walker_walk_seed2_w002_b11_s2/scores.jsonl

--------------------[Agent Step 63_280]--------------------
Metrics filtered by: 'score|length|fps|ratio|train/loss/|train/acc/|train/inv/|train/rand/'
train/acc/inv 0.62 / train/inv/ce 1.1 / train/inv/confidence 0.42 / train/inv/confidence_gating 0 / train/inv/effective_rep_weight 0.02 / train/inv/head_objective 0.46 / train/inv/head_weight 0 / train/inv/objective 0.46 / train/inv/policy_weight_max 1 / train/inv/policy_weight_mean 1 / train/inv/policy_weight_min 1 / train/inv/policy_weight_std 0 / train/inv/valid_frac 1 / train/inv/weight 0.02 / train/loss/con 0.02 / train/loss/dyn 3.26 / train/loss/image 4.43 / train/loss/inv 9.2e-3 / train/loss/policy -0.02 / train/loss/rep 3.26 / train/loss/repval 1.12 / train/loss/rew 0.54 / train/loss/value 1.03 / replay/replay_ratio 264 / fps/policy 7.2 / fps/train 1842.6

Writing metrics: /home/zhangpeiying01/lfy/btwm-7.7/runs/btwm_dmc_walker_walk_seed2_w002_b11_s2/metrics.jsonl
Writing metrics: /home/zhangpeiying01/lfy/btwm-7.7/runs/btwm_dmc_walker_walk_seed2_w002_b11_s2/scores.jsonl

--------------------[Agent Step 64_176]--------------------
Metrics filtered by: 'score|length|fps|ratio|train/loss/|train/acc/|train/inv/|train/rand/'
episode/score 838.3 / episode/length 1001 / train/acc/inv 0.62 / train/inv/ce 1.11 / train/inv/confidence 0.41 / train/inv/confidence_gating 0 / train/inv/effective_rep_weight 0.02 / train/inv/head_objective 0.46 / train/inv/head_weight 0 / train/inv/objective 0.46 / train/inv/policy_weight_max 1 / train/inv/policy_weight_mean 1 / train/inv/policy_weight_min 1 / train/inv/policy_weight_std 0 / train/inv/valid_frac 1 / train/inv/weight 0.02 / train/loss/con 0.02 / train/loss/dyn 3.33 / train/loss/image 4.42 / train/loss/inv 9.3e-3 / train/loss/policy -0.03 / train/loss/rep 3.33 / train/loss/repval 1.12 / train/loss/rew 0.54 / train/loss/value 1.03 / replay/replay_ratio 264 / fps/policy 7.43 / fps/train 1901.13

Writing metrics: /home/zhangpeiying01/lfy/btwm-7.7/runs/btwm_dmc_walker_walk_seed2_w002_b11_s2/metrics.jsonl
Writing metrics: /home/zhangpeiying01/lfy/btwm-7.7/runs/btwm_dmc_walker_walk_seed2_w002_b11_s2/scores.jsonl

--------------------[Agent Step 65_088]--------------------
Metrics filtered by: 'score|length|fps|ratio|train/loss/|train/acc/|train/inv/|train/rand/'
train/acc/inv 0.61 / train/inv/ce 1.15 / train/inv/confidence 0.4 / train/inv/confidence_gating 0 / train/inv/effective_rep_weight 0.02 / train/inv/head_objective 0.48 / train/inv/head_weight 0 / train/inv/objective 0.48 / train/inv/policy_weight_max 1 / train/inv/policy_weight_mean 1 / train/inv/policy_weight_min 1 / train/inv/policy_weight_std 0 / train/inv/valid_frac 1 / train/inv/weight 0.02 / train/loss/con 0.02 / train/loss/dyn 3.49 / train/loss/image 4.76 / train/loss/inv 9.6e-3 / train/loss/policy -0.02 / train/loss/rep 3.49 / train/loss/repval 1.13 / train/loss/rew 0.54 / train/loss/value 1.04 / replay/replay_ratio 264 / fps/policy 7.55 / fps/train 1932.42

Writing metrics: /home/zhangpeiying01/lfy/btwm-7.7/runs/btwm_dmc_walker_walk_seed2_w002_b11_s2/scores.jsonl
Writing metrics: /home/zhangpeiying01/lfy/btwm-7.7/runs/btwm_dmc_walker_walk_seed2_w002_b11_s2/metrics.jsonl

--------------------[Agent Step 65_968]--------------------
Metrics filtered by: 'score|length|fps|ratio|train/loss/|train/acc/|train/inv/|train/rand/'
train/acc/inv 0.61 / train/inv/ce 1.13 / train/inv/confidence 0.41 / train/inv/confidence_gating 0 / train/inv/effective_rep_weight 0.02 / train/inv/head_objective 0.47 / train/inv/head_weight 0 / train/inv/objective 0.47 / train/inv/policy_weight_max 1 / train/inv/policy_weight_mean 1 / train/inv/policy_weight_min 1 / train/inv/policy_weight_std 0 / train/inv/valid_frac 1 / train/inv/weight 0.02 / train/loss/con 0.02 / train/loss/dyn 3.26 / train/loss/image 4.52 / train/loss/inv 9.5e-3 / train/loss/policy -0.03 / train/loss/rep 3.26 / train/loss/repval 1.12 / train/loss/rew 0.54 / train/loss/value 1.04 / replay/replay_ratio 264 / fps/policy 7.32 / fps/train 1873.25

Writing metrics: /home/zhangpeiying01/lfy/btwm-7.7/runs/btwm_dmc_walker_walk_seed2_w002_b11_s2/metrics.jsonl
Writing metrics: /home/zhangpeiying01/lfy/btwm-7.7/runs/btwm_dmc_walker_walk_seed2_w002_b11_s2/scores.jsonl

--------------------[Agent Step 66_848]--------------------
Metrics filtered by: 'score|length|fps|ratio|train/loss/|train/acc/|train/inv/|train/rand/'
train/acc/inv 0.61 / train/inv/ce 1.14 / train/inv/confidence 0.4 / train/inv/confidence_gating 0 / train/inv/effective_rep_weight 0.02 / train/inv/head_objective 0.48 / train/inv/head_weight 0 / train/inv/objective 0.48 / train/inv/policy_weight_max 1 / train/inv/policy_weight_mean 1 / train/inv/policy_weight_min 1 / train/inv/policy_weight_std 0 / train/inv/valid_frac 1 / train/inv/weight 0.02 / train/loss/con 0.02 / train/loss/dyn 3.31 / train/loss/image 4.54 / train/loss/inv 9.5e-3 / train/loss/policy -0.03 / train/loss/rep 3.31 / train/loss/repval 1.12 / train/loss/rew 0.54 / train/loss/value 1.03 / replay/replay_ratio 264 / fps/policy 7.27 / fps/train 1861.51

Writing metrics: /home/zhangpeiying01/lfy/btwm-7.7/runs/btwm_dmc_walker_walk_seed2_w002_b11_s2/metrics.jsonl
Writing metrics: /home/zhangpeiying01/lfy/btwm-7.7/runs/btwm_dmc_walker_walk_seed2_w002_b11_s2/scores.jsonl

--------------------[Agent Step 67_728]--------------------
Metrics filtered by: 'score|length|fps|ratio|train/loss/|train/acc/|train/inv/|train/rand/'
train/acc/inv 0.6 / train/inv/ce 1.17 / train/inv/confidence 0.39 / train/inv/confidence_gating 0 / train/inv/effective_rep_weight 0.02 / train/inv/head_objective 0.49 / train/inv/head_weight 0 / train/inv/objective 0.49 / train/inv/policy_weight_max 1 / train/inv/policy_weight_mean 1 / train/inv/policy_weight_min 1 / train/inv/policy_weight_std 0 / train/inv/valid_frac 1 / train/inv/weight 0.02 / train/loss/con 0.02 / train/loss/dyn 3.37 / train/loss/image 4.48 / train/loss/inv 9.7e-3 / train/loss/policy -0.03 / train/loss/rep 3.37 / train/loss/repval 1.11 / train/loss/rew 0.54 / train/loss/value 1.03 / replay/replay_ratio 264 / fps/policy 7.24 / fps/train 1853.92

Writing metrics: /home/zhangpeiying01/lfy/btwm-7.7/runs/btwm_dmc_walker_walk_seed2_w002_b11_s2/metrics.jsonl
Writing metrics: /home/zhangpeiying01/lfy/btwm-7.7/runs/btwm_dmc_walker_walk_seed2_w002_b11_s2/scores.jsonl

--------------------[Agent Step 68_640]--------------------
Metrics filtered by: 'score|length|fps|ratio|train/loss/|train/acc/|train/inv/|train/rand/'
train/acc/inv 0.6 / train/inv/ce 1.15 / train/inv/confidence 0.4 / train/inv/confidence_gating 0 / train/inv/effective_rep_weight 0.02 / train/inv/head_objective 0.48 / train/inv/head_weight 0 / train/inv/objective 0.48 / train/inv/policy_weight_max 1 / train/inv/policy_weight_mean 1 / train/inv/policy_weight_min 1 / train/inv/policy_weight_std 0 / train/inv/valid_frac 1 / train/inv/weight 0.02 / train/loss/con 0.02 / train/loss/dyn 3.26 / train/loss/image 4.41 / train/loss/inv 9.6e-3 / train/loss/policy -0.02 / train/loss/rep 3.26 / train/loss/repval 1.12 / train/loss/rew 0.54 / train/loss/value 1.04 / replay/replay_ratio 264 / fps/policy 7.45 / fps/train 1908.07

Writing metrics: /home/zhangpeiying01/lfy/btwm-7.7/runs/btwm_dmc_walker_walk_seed2_w002_b11_s2/metrics.jsonl
Writing metrics: /home/zhangpeiying01/lfy/btwm-7.7/runs/btwm_dmc_walker_walk_seed2_w002_b11_s2/scores.jsonl

--------------------[Agent Step 69_552]--------------------
Metrics filtered by: 'score|length|fps|ratio|train/loss/|train/acc/|train/inv/|train/rand/'
train/acc/inv 0.6 / train/inv/ce 1.16 / train/inv/confidence 0.4 / train/inv/confidence_gating 0 / train/inv/effective_rep_weight 0.02 / train/inv/head_objective 0.48 / train/inv/head_weight 0 / train/inv/objective 0.48 / train/inv/policy_weight_max 1 / train/inv/policy_weight_mean 1 / train/inv/policy_weight_min 1 / train/inv/policy_weight_std 0 / train/inv/valid_frac 1 / train/inv/weight 0.02 / train/loss/con 0.02 / train/loss/dyn 3.33 / train/loss/image 4.46 / train/loss/inv 9.7e-3 / train/loss/policy -0.02 / train/loss/rep 3.33 / train/loss/repval 1.13 / train/loss/rew 0.54 / train/loss/value 1.05 / replay/replay_ratio 264 / fps/policy 7.51 / fps/train 1922.36

Writing metrics: /home/zhangpeiying01/lfy/btwm-7.7/runs/btwm_dmc_walker_walk_seed2_w002_b11_s2/metrics.jsonl
Writing metrics: /home/zhangpeiying01/lfy/btwm-7.7/runs/btwm_dmc_walker_walk_seed2_w002_b11_s2/scores.jsonl

--------------------[Agent Step 70_432]--------------------
Metrics filtered by: 'score|length|fps|ratio|train/loss/|train/acc/|train/inv/|train/rand/'
train/acc/inv 0.6 / train/inv/ce 1.17 / train/inv/confidence 0.39 / train/inv/confidence_gating 0 / train/inv/effective_rep_weight 0.02 / train/inv/head_objective 0.49 / train/inv/head_weight 0 / train/inv/objective 0.49 / train/inv/policy_weight_max 1 / train/inv/policy_weight_mean 1 / train/inv/policy_weight_min 1 / train/inv/policy_weight_std 0 / train/inv/valid_frac 1 / train/inv/weight 0.02 / train/loss/con 0.02 / train/loss/dyn 3.31 / train/loss/image 4.38 / train/loss/inv 9.7e-3 / train/loss/policy -0.02 / train/loss/rep 3.31 / train/loss/repval 1.13 / train/loss/rew 0.54 / train/loss/value 1.05 / replay/replay_ratio 264 / fps/policy 7.32 / fps/train 1874.5

Writing metrics: /home/zhangpeiying01/lfy/btwm-7.7/runs/btwm_dmc_walker_walk_seed2_w002_b11_s2/scores.jsonl
Writing metrics: /home/zhangpeiying01/lfy/btwm-7.7/runs/btwm_dmc_walker_walk_seed2_w002_b11_s2/metrics.jsonl

--------------------[Agent Step 71_312]--------------------
Metrics filtered by: 'score|length|fps|ratio|train/loss/|train/acc/|train/inv/|train/rand/'
train/acc/inv 0.6 / train/inv/ce 1.17 / train/inv/confidence 0.39 / train/inv/confidence_gating 0 / train/inv/effective_rep_weight 0.02 / train/inv/head_objective 0.49 / train/inv/head_weight 0 / train/inv/objective 0.49 / train/inv/policy_weight_max 1 / train/inv/policy_weight_mean 1 / train/inv/policy_weight_min 1 / train/inv/policy_weight_std 0 / train/inv/valid_frac 1 / train/inv/weight 0.02 / train/loss/con 0.02 / train/loss/dyn 3.32 / train/loss/image 4.44 / train/loss/inv 9.8e-3 / train/loss/policy -0.01 / train/loss/rep 3.32 / train/loss/repval 1.13 / train/loss/rew 0.54 / train/loss/value 1.05 / replay/replay_ratio 264 / fps/policy 7.27 / fps/train 1861.52

Writing metrics: /home/zhangpeiying01/lfy/btwm-7.7/runs/btwm_dmc_walker_walk_seed2_w002_b11_s2/metrics.jsonl
Writing metrics: /home/zhangpeiying01/lfy/btwm-7.7/runs/btwm_dmc_walker_walk_seed2_w002_b11_s2/scores.jsonl

--------------------[Agent Step 72_192]--------------------
Metrics filtered by: 'score|length|fps|ratio|train/loss/|train/acc/|train/inv/|train/rand/'
train/acc/inv 0.59 / train/inv/ce 1.19 / train/inv/confidence 0.39 / train/inv/confidence_gating 0 / train/inv/effective_rep_weight 0.02 / train/inv/head_objective 0.5 / train/inv/head_weight 0 / train/inv/objective 0.5 / train/inv/policy_weight_max 1 / train/inv/policy_weight_mean 1 / train/inv/policy_weight_min 1 / train/inv/policy_weight_std 0 / train/inv/valid_frac 1 / train/inv/weight 0.02 / train/loss/con 0.02 / train/loss/dyn 3.26 / train/loss/image 4.37 / train/loss/inv 9.9e-3 / train/loss/policy -0.01 / train/loss/rep 3.26 / train/loss/repval 1.13 / train/loss/rew 0.54 / train/loss/value 1.05 / replay/replay_ratio 264 / fps/policy 7.27 / fps/train 1862.28

Writing metrics: /home/zhangpeiying01/lfy/btwm-7.7/runs/btwm_dmc_walker_walk_seed2_w002_b11_s2/metrics.jsonl
Writing metrics: /home/zhangpeiying01/lfy/btwm-7.7/runs/btwm_dmc_walker_walk_seed2_w002_b11_s2/scores.jsonl

--------------------[Agent Step 73_104]--------------------
Metrics filtered by: 'score|length|fps|ratio|train/loss/|train/acc/|train/inv/|train/rand/'
train/acc/inv 0.6 / train/inv/ce 1.18 / train/inv/confidence 0.39 / train/inv/confidence_gating 0 / train/inv/effective_rep_weight 0.02 / train/inv/head_objective 0.49 / train/inv/head_weight 0 / train/inv/objective 0.49 / train/inv/policy_weight_max 1 / train/inv/policy_weight_mean 1 / train/inv/policy_weight_min 1 / train/inv/policy_weight_std 0 / train/inv/valid_frac 1 / train/inv/weight 0.02 / train/loss/con 0.02 / train/loss/dyn 3.28 / train/loss/image 4.37 / train/loss/inv 9.8e-3 / train/loss/policy -9.7e-3 / train/loss/rep 3.28 / train/loss/repval 1.14 / train/loss/rew 0.55 / train/loss/value 1.06 / replay/replay_ratio 264 / fps/policy 7.48 / fps/train 1915.78

Writing metrics: /home/zhangpeiying01/lfy/btwm-7.7/runs/btwm_dmc_walker_walk_seed2_w002_b11_s2/metrics.jsonl
Writing metrics: /home/zhangpeiying01/lfy/btwm-7.7/runs/btwm_dmc_walker_walk_seed2_w002_b11_s2/scores.jsonl

--------------------[Agent Step 74_016]--------------------
Metrics filtered by: 'score|length|fps|ratio|train/loss/|train/acc/|train/inv/|train/rand/'
train/acc/inv 0.59 / train/inv/ce 1.21 / train/inv/confidence 0.38 / train/inv/confidence_gating 0 / train/inv/effective_rep_weight 0.02 / train/inv/head_objective 0.5 / train/inv/head_weight 0 / train/inv/objective 0.5 / train/inv/policy_weight_max 1 / train/inv/policy_weight_mean 1 / train/inv/policy_weight_min 1 / train/inv/policy_weight_std 0 / train/inv/valid_frac 1 / train/inv/weight 0.02 / train/loss/con 0.02 / train/loss/dyn 3.33 / train/loss/image 4.36 / train/loss/inv 0.01 / train/loss/policy -7.7e-3 / train/loss/rep 3.33 / train/loss/repval 1.14 / train/loss/rew 0.55 / train/loss/value 1.07 / replay/replay_ratio 264 / fps/policy 7.56 / fps/train 1936.49

Writing metrics: /home/zhangpeiying01/lfy/btwm-7.7/runs/btwm_dmc_walker_walk_seed2_w002_b11_s2/metrics.jsonl
Writing metrics: /home/zhangpeiying01/lfy/btwm-7.7/runs/btwm_dmc_walker_walk_seed2_w002_b11_s2/scores.jsonl

--------------------[Agent Step 74_896]--------------------
Metrics filtered by: 'score|length|fps|ratio|train/loss/|train/acc/|train/inv/|train/rand/'
train/acc/inv 0.59 / train/inv/ce 1.21 / train/inv/confidence 0.38 / train/inv/confidence_gating 0 / train/inv/effective_rep_weight 0.02 / train/inv/head_objective 0.5 / train/inv/head_weight 0 / train/inv/objective 0.5 / train/inv/policy_weight_max 1 / train/inv/policy_weight_mean 1 / train/inv/policy_weight_min 1 / train/inv/policy_weight_std 0 / train/inv/valid_frac 1 / train/inv/weight 0.02 / train/loss/con 0.02 / train/loss/dyn 3.31 / train/loss/image 4.4 / train/loss/inv 0.01 / train/loss/policy -0.01 / train/loss/rep 3.31 / train/loss/repval 1.15 / train/loss/rew 0.55 / train/loss/value 1.08 / replay/replay_ratio 264 / fps/policy 7.27 / fps/train 1861.97

Writing metrics: /home/zhangpeiying01/lfy/btwm-7.7/runs/btwm_dmc_walker_walk_seed2_w002_b11_s2/metrics.jsonl
Writing metrics: /home/zhangpeiying01/lfy/btwm-7.7/runs/btwm_dmc_walker_walk_seed2_w002_b11_s2/scores.jsonl

--------------------[Agent Step 75_776]--------------------
Metrics filtered by: 'score|length|fps|ratio|train/loss/|train/acc/|train/inv/|train/rand/'
train/acc/inv 0.59 / train/inv/ce 1.21 / train/inv/confidence 0.38 / train/inv/confidence_gating 0 / train/inv/effective_rep_weight 0.02 / train/inv/head_objective 0.51 / train/inv/head_weight 0 / train/inv/objective 0.51 / train/inv/policy_weight_max 1 / train/inv/policy_weight_mean 1 / train/inv/policy_weight_min 1 / train/inv/policy_weight_std 0 / train/inv/valid_frac 1 / train/inv/weight 0.02 / train/loss/con 0.02 / train/loss/dyn 3.3 / train/loss/image 4.33 / train/loss/inv 0.01 / train/loss/policy -0.01 / train/loss/rep 3.3 / train/loss/repval 1.14 / train/loss/rew 0.55 / train/loss/value 1.07 / replay/replay_ratio 264 / fps/policy 7.26 / fps/train 1859.43

Writing metrics: /home/zhangpeiying01/lfy/btwm-7.7/runs/btwm_dmc_walker_walk_seed2_w002_b11_s2/metrics.jsonl
Writing metrics: /home/zhangpeiying01/lfy/btwm-7.7/runs/btwm_dmc_walker_walk_seed2_w002_b11_s2/scores.jsonl

--------------------[Agent Step 76_656]--------------------
Metrics filtered by: 'score|length|fps|ratio|train/loss/|train/acc/|train/inv/|train/rand/'
train/acc/inv 0.59 / train/inv/ce 1.2 / train/inv/confidence 0.38 / train/inv/confidence_gating 0 / train/inv/effective_rep_weight 0.02 / train/inv/head_objective 0.5 / train/inv/head_weight 0 / train/inv/objective 0.5 / train/inv/policy_weight_max 1 / train/inv/policy_weight_mean 1 / train/inv/policy_weight_min 1 / train/inv/policy_weight_std 0 / train/inv/valid_frac 1 / train/inv/weight 0.02 / train/loss/con 0.02 / train/loss/dyn 3.27 / train/loss/image 4.29 / train/loss/inv 0.01 / train/loss/policy -0.01 / train/loss/rep 3.27 / train/loss/repval 1.13 / train/loss/rew 0.55 / train/loss/value 1.07 / replay/replay_ratio 264 / fps/policy 7.24 / fps/train 1854.24

Writing metrics: /home/zhangpeiying01/lfy/btwm-7.7/runs/btwm_dmc_walker_walk_seed2_w002_b11_s2/metrics.jsonl
Writing metrics: /home/zhangpeiying01/lfy/btwm-7.7/runs/btwm_dmc_walker_walk_seed2_w002_b11_s2/scores.jsonl

--------------------[Agent Step 77_552]--------------------
Metrics filtered by: 'score|length|fps|ratio|train/loss/|train/acc/|train/inv/|train/rand/'
train/acc/inv 0.59 / train/inv/ce 1.21 / train/inv/confidence 0.38 / train/inv/confidence_gating 0 / train/inv/effective_rep_weight 0.02 / train/inv/head_objective 0.5 / train/inv/head_weight 0 / train/inv/objective 0.5 / train/inv/policy_weight_max 1 / train/inv/policy_weight_mean 1 / train/inv/policy_weight_min 1 / train/inv/policy_weight_std 0 / train/inv/valid_frac 1 / train/inv/weight 0.02 / train/loss/con 0.02 / train/loss/dyn 3.23 / train/loss/image 4.24 / train/loss/inv 0.01 / train/loss/policy -9.3e-3 / train/loss/rep 3.23 / train/loss/repval 1.13 / train/loss/rew 0.55 / train/loss/value 1.06 / replay/replay_ratio 264 / fps/policy 7.45 / fps/train 1905.98

Writing metrics: /home/zhangpeiying01/lfy/btwm-7.7/runs/btwm_dmc_walker_walk_seed2_w002_b11_s2/metrics.jsonl
Writing metrics: /home/zhangpeiying01/lfy/btwm-7.7/runs/btwm_dmc_walker_walk_seed2_w002_b11_s2/scores.jsonl

--------------------[Agent Step 78_512]--------------------
Metrics filtered by: 'score|length|fps|ratio|train/loss/|train/acc/|train/inv/|train/rand/'
train/acc/inv 0.58 / train/inv/ce 1.22 / train/inv/confidence 0.38 / train/inv/confidence_gating 0 / train/inv/effective_rep_weight 0.02 / train/inv/head_objective 0.51 / train/inv/head_weight 0 / train/inv/objective 0.51 / train/inv/policy_weight_max 1 / train/inv/policy_weight_mean 1 / train/inv/policy_weight_min 1 / train/inv/policy_weight_std 0 / train/inv/valid_frac 1 / train/inv/weight 0.02 / train/loss/con 0.02 / train/loss/dyn 3.27 / train/loss/image 4.2 / train/loss/inv 0.01 / train/loss/policy -8.7e-3 / train/loss/rep 3.27 / train/loss/repval 1.13 / train/loss/rew 0.55 / train/loss/value 1.06 / replay/replay_ratio 264 / fps/policy 7.89 / fps/train 2019.2

Writing metrics: /home/zhangpeiying01/lfy/btwm-7.7/runs/btwm_dmc_walker_walk_seed2_w002_b11_s2/metrics.jsonl
Writing metrics: /home/zhangpeiying01/lfy/btwm-7.7/runs/btwm_dmc_walker_walk_seed2_w002_b11_s2/scores.jsonl

--------------------[Agent Step 79_456]--------------------
Metrics filtered by: 'score|length|fps|ratio|train/loss/|train/acc/|train/inv/|train/rand/'
train/acc/inv 0.58 / train/inv/ce 1.23 / train/inv/confidence 0.37 / train/inv/confidence_gating 0 / train/inv/effective_rep_weight 0.02 / train/inv/head_objective 0.51 / train/inv/head_weight 0 / train/inv/objective 0.51 / train/inv/policy_weight_max 1 / train/inv/policy_weight_mean 1 / train/inv/policy_weight_min 1 / train/inv/policy_weight_std 0 / train/inv/valid_frac 1 / train/inv/weight 0.02 / train/loss/con 0.02 / train/loss/dyn 3.27 / train/loss/image 4.13 / train/loss/inv 0.01 / train/loss/policy -0.02 / train/loss/rep 3.27 / train/loss/repval 1.12 / train/loss/rew 0.55 / train/loss/value 1.05 / replay/replay_ratio 264 / fps/policy 7.86 / fps/train 2011.93

Writing metrics: /home/zhangpeiying01/lfy/btwm-7.7/runs/btwm_dmc_walker_walk_seed2_w002_b11_s2/metrics.jsonl
Writing metrics: /home/zhangpeiying01/lfy/btwm-7.7/runs/btwm_dmc_walker_walk_seed2_w002_b11_s2/scores.jsonl

--------------------[Agent Step 80_384]--------------------
Metrics filtered by: 'score|length|fps|ratio|train/loss/|train/acc/|train/inv/|train/rand/'
episode/score 860.95 / episode/length 1001 / train/acc/inv 0.58 / train/inv/ce 1.24 / train/inv/confidence 0.37 / train/inv/confidence_gating 0 / train/inv/effective_rep_weight 0.02 / train/inv/head_objective 0.52 / train/inv/head_weight 0 / train/inv/objective 0.52 / train/inv/policy_weight_max 1 / train/inv/policy_weight_mean 1 / train/inv/policy_weight_min 1 / train/inv/policy_weight_std 0 / train/inv/valid_frac 1 / train/inv/weight 0.02 / train/loss/con 0.02 / train/loss/dyn 3.29 / train/loss/image 4.2 / train/loss/inv 0.01 / train/loss/policy -0.01 / train/loss/rep 3.29 / train/loss/repval 1.11 / train/loss/rew 0.55 / train/loss/value 1.04 / replay/replay_ratio 264 / fps/policy 7.63 / fps/train 1953.81

Writing metrics: /home/zhangpeiying01/lfy/btwm-7.7/runs/btwm_dmc_walker_walk_seed2_w002_b11_s2/scores.jsonl
Writing metrics: /home/zhangpeiying01/lfy/btwm-7.7/runs/btwm_dmc_walker_walk_seed2_w002_b11_s2/metrics.jsonl
Saving checkpoint: /home/zhangpeiying01/lfy/btwm-7.7/runs/btwm_dmc_walker_walk_seed2_w002_b11_s2/ckpt/20260716T130803F287763
Saved checkpoint.

--------------------[Agent Step 81_184]--------------------
Metrics filtered by: 'score|length|fps|ratio|train/loss/|train/acc/|train/inv/|train/rand/'
train/acc/inv 0.58 / train/inv/ce 1.26 / train/inv/confidence 0.36 / train/inv/confidence_gating 0 / train/inv/effective_rep_weight 0.02 / train/inv/head_objective 0.52 / train/inv/head_weight 0 / train/inv/objective 0.52 / train/inv/policy_weight_max 1 / train/inv/policy_weight_mean 1 / train/inv/policy_weight_min 1 / train/inv/policy_weight_std 0 / train/inv/valid_frac 1 / train/inv/weight 0.02 / train/loss/con 0.02 / train/loss/dyn 3.4 / train/loss/image 4.38 / train/loss/inv 0.01 / train/loss/policy -0.01 / train/loss/rep 3.4 / train/loss/repval 1.1 / train/loss/rew 0.55 / train/loss/value 1.03 / replay/replay_ratio 264 / fps/policy 6.66 / fps/train 1703.75

Writing metrics: /home/zhangpeiying01/lfy/btwm-7.7/runs/btwm_dmc_walker_walk_seed2_w002_b11_s2/metrics.jsonl
Writing metrics: /home/zhangpeiying01/lfy/btwm-7.7/runs/btwm_dmc_walker_walk_seed2_w002_b11_s2/scores.jsonl

--------------------[Agent Step 82_032]--------------------
Metrics filtered by: 'score|length|fps|ratio|train/loss/|train/acc/|train/inv/|train/rand/'
train/acc/inv 0.58 / train/inv/ce 1.26 / train/inv/confidence 0.36 / train/inv/confidence_gating 0 / train/inv/effective_rep_weight 0.02 / train/inv/head_objective 0.53 / train/inv/head_weight 0 / train/inv/objective 0.53 / train/inv/policy_weight_max 1 / train/inv/policy_weight_mean 1 / train/inv/policy_weight_min 1 / train/inv/policy_weight_std 0 / train/inv/valid_frac 1 / train/inv/weight 0.02 / train/loss/con 0.02 / train/loss/dyn 3.36 / train/loss/image 4.38 / train/loss/inv 0.01 / train/loss/policy -9.5e-3 / train/loss/rep 3.36 / train/loss/repval 1.1 / train/loss/rew 0.55 / train/loss/value 1.03 / replay/replay_ratio 264 / fps/policy 6.96 / fps/train 1781.15

Writing metrics: /home/zhangpeiying01/lfy/btwm-7.7/runs/btwm_dmc_walker_walk_seed2_w002_b11_s2/metrics.jsonl
Writing metrics: /home/zhangpeiying01/lfy/btwm-7.7/runs/btwm_dmc_walker_walk_seed2_w002_b11_s2/scores.jsonl

--------------------[Agent Step 82_864]--------------------
Metrics filtered by: 'score|length|fps|ratio|train/loss/|train/acc/|train/inv/|train/rand/'
train/acc/inv 0.58 / train/inv/ce 1.25 / train/inv/confidence 0.37 / train/inv/confidence_gating 0 / train/inv/effective_rep_weight 0.02 / train/inv/head_objective 0.52 / train/inv/head_weight 0 / train/inv/objective 0.52 / train/inv/policy_weight_max 1 / train/inv/policy_weight_mean 1 / train/inv/policy_weight_min 1 / train/inv/policy_weight_std 0 / train/inv/valid_frac 1 / train/inv/weight 0.02 / train/loss/con 0.02 / train/loss/dyn 3.25 / train/loss/image 4.24 / train/loss/inv 0.01 / train/loss/policy -0.01 / train/loss/rep 3.25 / train/loss/repval 1.1 / train/loss/rew 0.55 / train/loss/value 1.03 / replay/replay_ratio 264 / fps/policy 6.87 / fps/train 1759.53

Writing metrics: /home/zhangpeiying01/lfy/btwm-7.7/runs/btwm_dmc_walker_walk_seed2_w002_b11_s2/scores.jsonl
Writing metrics: /home/zhangpeiying01/lfy/btwm-7.7/runs/btwm_dmc_walker_walk_seed2_w002_b11_s2/metrics.jsonl

--------------------[Agent Step 83_712]--------------------
Metrics filtered by: 'score|length|fps|ratio|train/loss/|train/acc/|train/inv/|train/rand/'
train/acc/inv 0.58 / train/inv/ce 1.25 / train/inv/confidence 0.37 / train/inv/confidence_gating 0 / train/inv/effective_rep_weight 0.02 / train/inv/head_objective 0.52 / train/inv/head_weight 0 / train/inv/objective 0.52 / train/inv/policy_weight_max 1 / train/inv/policy_weight_mean 1 / train/inv/policy_weight_min 1 / train/inv/policy_weight_std 0 / train/inv/valid_frac 1 / train/inv/weight 0.02 / train/loss/con 0.02 / train/loss/dyn 3.27 / train/loss/image 4.22 / train/loss/inv 0.01 / train/loss/policy -0.01 / train/loss/rep 3.27 / train/loss/repval 1.1 / train/loss/rew 0.55 / train/loss/value 1.02 / replay/replay_ratio 264 / fps/policy 6.97 / fps/train 1783.4

Writing metrics: /home/zhangpeiying01/lfy/btwm-7.7/runs/btwm_dmc_walker_walk_seed2_w002_b11_s2/metrics.jsonl
Writing metrics: /home/zhangpeiying01/lfy/btwm-7.7/runs/btwm_dmc_walker_walk_seed2_w002_b11_s2/scores.jsonl

--------------------[Agent Step 84_560]--------------------
Metrics filtered by: 'score|length|fps|ratio|train/loss/|train/acc/|train/inv/|train/rand/'
train/acc/inv 0.57 / train/inv/ce 1.26 / train/inv/confidence 0.36 / train/inv/confidence_gating 0 / train/inv/effective_rep_weight 0.02 / train/inv/head_objective 0.53 / train/inv/head_weight 0 / train/inv/objective 0.53 / train/inv/policy_weight_max 1 / train/inv/policy_weight_mean 1 / train/inv/policy_weight_min 1 / train/inv/policy_weight_std 0 / train/inv/valid_frac 1 / train/inv/weight 0.02 / train/loss/con 0.02 / train/loss/dyn 3.28 / train/loss/image 4.15 / train/loss/inv 0.01 / train/loss/policy -0.01 / train/loss/rep 3.28 / train/loss/repval 1.1 / train/loss/rew 0.55 / train/loss/value 1.03 / replay/replay_ratio 264 / fps/policy 6.97 / fps/train 1784.78

Writing metrics: /home/zhangpeiying01/lfy/btwm-7.7/runs/btwm_dmc_walker_walk_seed2_w002_b11_s2/metrics.jsonl
Writing metrics: /home/zhangpeiying01/lfy/btwm-7.7/runs/btwm_dmc_walker_walk_seed2_w002_b11_s2/scores.jsonl

--------------------[Agent Step 85_408]--------------------
Metrics filtered by: 'score|length|fps|ratio|train/loss/|train/acc/|train/inv/|train/rand/'
train/acc/inv 0.57 / train/inv/ce 1.27 / train/inv/confidence 0.36 / train/inv/confidence_gating 0 / train/inv/effective_rep_weight 0.02 / train/inv/head_objective 0.53 / train/inv/head_weight 0 / train/inv/objective 0.53 / train/inv/policy_weight_max 1 / train/inv/policy_weight_mean 1 / train/inv/policy_weight_min 1 / train/inv/policy_weight_std 0 / train/inv/valid_frac 1 / train/inv/weight 0.02 / train/loss/con 0.02 / train/loss/dyn 3.23 / train/loss/image 4.11 / train/loss/inv 0.01 / train/loss/policy -9.6e-3 / train/loss/rep 3.23 / train/loss/repval 1.1 / train/loss/rew 0.55 / train/loss/value 1.03 / replay/replay_ratio 264 / fps/policy 6.95 / fps/train 1777.94

Writing metrics: /home/zhangpeiying01/lfy/btwm-7.7/runs/btwm_dmc_walker_walk_seed2_w002_b11_s2/metrics.jsonl
Writing metrics: /home/zhangpeiying01/lfy/btwm-7.7/runs/btwm_dmc_walker_walk_seed2_w002_b11_s2/scores.jsonl

--------------------[Agent Step 86_240]--------------------
Metrics filtered by: 'score|length|fps|ratio|train/loss/|train/acc/|train/inv/|train/rand/'
train/acc/inv 0.58 / train/inv/ce 1.25 / train/inv/confidence 0.36 / train/inv/confidence_gating 0 / train/inv/effective_rep_weight 0.02 / train/inv/head_objective 0.52 / train/inv/head_weight 0 / train/inv/objective 0.52 / train/inv/policy_weight_max 1 / train/inv/policy_weight_mean 1 / train/inv/policy_weight_min 1 / train/inv/policy_weight_std 0 / train/inv/valid_frac 1 / train/inv/weight 0.02 / train/loss/con 0.02 / train/loss/dyn 3.23 / train/loss/image 4.05 / train/loss/inv 0.01 / train/loss/policy -9.9e-3 / train/loss/rep 3.23 / train/loss/repval 1.09 / train/loss/rew 0.55 / train/loss/value 1.02 / replay/replay_ratio 264 / fps/policy 6.91 / fps/train 1769.1

Writing metrics: /home/zhangpeiying01/lfy/btwm-7.7/runs/btwm_dmc_walker_walk_seed2_w002_b11_s2/metrics.jsonl
Writing metrics: /home/zhangpeiying01/lfy/btwm-7.7/runs/btwm_dmc_walker_walk_seed2_w002_b11_s2/scores.jsonl

--------------------[Agent Step 87_072]--------------------
Metrics filtered by: 'score|length|fps|ratio|train/loss/|train/acc/|train/inv/|train/rand/'
train/acc/inv 0.57 / train/inv/ce 1.27 / train/inv/confidence 0.36 / train/inv/confidence_gating 0 / train/inv/effective_rep_weight 0.02 / train/inv/head_objective 0.53 / train/inv/head_weight 0 / train/inv/objective 0.53 / train/inv/policy_weight_max 1 / train/inv/policy_weight_mean 1 / train/inv/policy_weight_min 1 / train/inv/policy_weight_std 0 / train/inv/valid_frac 1 / train/inv/weight 0.02 / train/loss/con 0.02 / train/loss/dyn 3.2 / train/loss/image 4.01 / train/loss/inv 0.01 / train/loss/policy -0.01 / train/loss/rep 3.2 / train/loss/repval 1.09 / train/loss/rew 0.56 / train/loss/value 1.01 / replay/replay_ratio 264 / fps/policy 6.92 / fps/train 1770.74

Writing metrics: /home/zhangpeiying01/lfy/btwm-7.7/runs/btwm_dmc_walker_walk_seed2_w002_b11_s2/metrics.jsonl
Writing metrics: /home/zhangpeiying01/lfy/btwm-7.7/runs/btwm_dmc_walker_walk_seed2_w002_b11_s2/scores.jsonl

--------------------[Agent Step 87_920]--------------------
Metrics filtered by: 'score|length|fps|ratio|train/loss/|train/acc/|train/inv/|train/rand/'
train/acc/inv 0.58 / train/inv/ce 1.25 / train/inv/confidence 0.36 / train/inv/confidence_gating 0 / train/inv/effective_rep_weight 0.02 / train/inv/head_objective 0.52 / train/inv/head_weight 0 / train/inv/objective 0.52 / train/inv/policy_weight_max 1 / train/inv/policy_weight_mean 1 / train/inv/policy_weight_min 1 / train/inv/policy_weight_std 0 / train/inv/valid_frac 1 / train/inv/weight 0.02 / train/loss/con 0.02 / train/loss/dyn 3.27 / train/loss/image 4.05 / train/loss/inv 0.01 / train/loss/policy -9.7e-3 / train/loss/rep 3.27 / train/loss/repval 1.09 / train/loss/rew 0.55 / train/loss/value 1.01 / replay/replay_ratio 264 / fps/policy 6.94 / fps/train 1777.56

Writing metrics: /home/zhangpeiying01/lfy/btwm-7.7/runs/btwm_dmc_walker_walk_seed2_w002_b11_s2/metrics.jsonl
Writing metrics: /home/zhangpeiying01/lfy/btwm-7.7/runs/btwm_dmc_walker_walk_seed2_w002_b11_s2/scores.jsonl

--------------------[Agent Step 88_768]--------------------
Metrics filtered by: 'score|length|fps|ratio|train/loss/|train/acc/|train/inv/|train/rand/'
train/acc/inv 0.57 / train/inv/ce 1.26 / train/inv/confidence 0.36 / train/inv/confidence_gating 0 / train/inv/effective_rep_weight 0.02 / train/inv/head_objective 0.53 / train/inv/head_weight 0 / train/inv/objective 0.53 / train/inv/policy_weight_max 1 / train/inv/policy_weight_mean 1 / train/inv/policy_weight_min 1 / train/inv/policy_weight_std 0 / train/inv/valid_frac 1 / train/inv/weight 0.02 / train/loss/con 0.02 / train/loss/dyn 3.25 / train/loss/image 4 / train/loss/inv 0.01 / train/loss/policy -7.2e-3 / train/loss/rep 3.25 / train/loss/repval 1.08 / train/loss/rew 0.56 / train/loss/value 1 / replay/replay_ratio 264 / fps/policy 6.94 / fps/train 1776.13

Writing metrics: /home/zhangpeiying01/lfy/btwm-7.7/runs/btwm_dmc_walker_walk_seed2_w002_b11_s2/scores.jsonl
Writing metrics: /home/zhangpeiying01/lfy/btwm-7.7/runs/btwm_dmc_walker_walk_seed2_w002_b11_s2/metrics.jsonl

--------------------[Agent Step 89_616]--------------------
Metrics filtered by: 'score|length|fps|ratio|train/loss/|train/acc/|train/inv/|train/rand/'
train/acc/inv 0.57 / train/inv/ce 1.26 / train/inv/confidence 0.36 / train/inv/confidence_gating 0 / train/inv/effective_rep_weight 0.02 / train/inv/head_objective 0.53 / train/inv/head_weight 0 / train/inv/objective 0.53 / train/inv/policy_weight_max 1 / train/inv/policy_weight_mean 1 / train/inv/policy_weight_min 1 / train/inv/policy_weight_std 0 / train/inv/valid_frac 1 / train/inv/weight 0.02 / train/loss/con 0.02 / train/loss/dyn 3.18 / train/loss/image 3.92 / train/loss/inv 0.01 / train/loss/policy -0.01 / train/loss/rep 3.18 / train/loss/repval 1.08 / train/loss/rew 0.56 / train/loss/value 0.99 / replay/replay_ratio 264 / fps/policy 6.94 / fps/train 1777.23

Writing metrics: /home/zhangpeiying01/lfy/btwm-7.7/runs/btwm_dmc_walker_walk_seed2_w002_b11_s2/metrics.jsonl
Writing metrics: /home/zhangpeiying01/lfy/btwm-7.7/runs/btwm_dmc_walker_walk_seed2_w002_b11_s2/scores.jsonl

--------------------[Agent Step 90_448]--------------------
Metrics filtered by: 'score|length|fps|ratio|train/loss/|train/acc/|train/inv/|train/rand/'
train/acc/inv 0.57 / train/inv/ce 1.27 / train/inv/confidence 0.36 / train/inv/confidence_gating 0 / train/inv/effective_rep_weight 0.02 / train/inv/head_objective 0.53 / train/inv/head_weight 0 / train/inv/objective 0.53 / train/inv/policy_weight_max 1 / train/inv/policy_weight_mean 1 / train/inv/policy_weight_min 1 / train/inv/policy_weight_std 0 / train/inv/valid_frac 1 / train/inv/weight 0.02 / train/loss/con 0.02 / train/loss/dyn 3.23 / train/loss/image 3.9 / train/loss/inv 0.01 / train/loss/policy -9.3e-3 / train/loss/rep 3.23 / train/loss/repval 1.08 / train/loss/rew 0.56 / train/loss/value 0.99 / replay/replay_ratio 264 / fps/policy 6.9 / fps/train 1767

Writing metrics: /home/zhangpeiying01/lfy/btwm-7.7/runs/btwm_dmc_walker_walk_seed2_w002_b11_s2/metrics.jsonl
Writing metrics: /home/zhangpeiying01/lfy/btwm-7.7/runs/btwm_dmc_walker_walk_seed2_w002_b11_s2/scores.jsonl

--------------------[Agent Step 91_296]--------------------
Metrics filtered by: 'score|length|fps|ratio|train/loss/|train/acc/|train/inv/|train/rand/'
train/acc/inv 0.58 / train/inv/ce 1.26 / train/inv/confidence 0.36 / train/inv/confidence_gating 0 / train/inv/effective_rep_weight 0.02 / train/inv/head_objective 0.52 / train/inv/head_weight 0 / train/inv/objective 0.52 / train/inv/policy_weight_max 1 / train/inv/policy_weight_mean 1 / train/inv/policy_weight_min 1 / train/inv/policy_weight_std 0 / train/inv/valid_frac 1 / train/inv/weight 0.02 / train/loss/con 0.02 / train/loss/dyn 3.18 / train/loss/image 3.87 / train/loss/inv 0.01 / train/loss/policy -4.1e-3 / train/loss/rep 3.18 / train/loss/repval 1.07 / train/loss/rew 0.56 / train/loss/value 0.99 / replay/replay_ratio 264 / fps/policy 6.94 / fps/train 1775.76

Writing metrics: /home/zhangpeiying01/lfy/btwm-7.7/runs/btwm_dmc_walker_walk_seed2_w002_b11_s2/metrics.jsonl
Writing metrics: /home/zhangpeiying01/lfy/btwm-7.7/runs/btwm_dmc_walker_walk_seed2_w002_b11_s2/scores.jsonl

--------------------[Agent Step 92_144]--------------------
Metrics filtered by: 'score|length|fps|ratio|train/loss/|train/acc/|train/inv/|train/rand/'
train/acc/inv 0.57 / train/inv/ce 1.27 / train/inv/confidence 0.36 / train/inv/confidence_gating 0 / train/inv/effective_rep_weight 0.02 / train/inv/head_objective 0.53 / train/inv/head_weight 0 / train/inv/objective 0.53 / train/inv/policy_weight_max 1 / train/inv/policy_weight_mean 1 / train/inv/policy_weight_min 1 / train/inv/policy_weight_std 0 / train/inv/valid_frac 1 / train/inv/weight 0.02 / train/loss/con 0.02 / train/loss/dyn 3.22 / train/loss/image 3.88 / train/loss/inv 0.01 / train/loss/policy -8.5e-3 / train/loss/rep 3.22 / train/loss/repval 1.07 / train/loss/rew 0.56 / train/loss/value 0.99 / replay/replay_ratio 264 / fps/policy 6.94 / fps/train 1775.72

Writing metrics: /home/zhangpeiying01/lfy/btwm-7.7/runs/btwm_dmc_walker_walk_seed2_w002_b11_s2/metrics.jsonl
Writing metrics: /home/zhangpeiying01/lfy/btwm-7.7/runs/btwm_dmc_walker_walk_seed2_w002_b11_s2/scores.jsonl

--------------------[Agent Step 92_992]--------------------
Metrics filtered by: 'score|length|fps|ratio|train/loss/|train/acc/|train/inv/|train/rand/'
train/acc/inv 0.58 / train/inv/ce 1.26 / train/inv/confidence 0.36 / train/inv/confidence_gating 0 / train/inv/effective_rep_weight 0.02 / train/inv/head_objective 0.53 / train/inv/head_weight 0 / train/inv/objective 0.53 / train/inv/policy_weight_max 1 / train/inv/policy_weight_mean 1 / train/inv/policy_weight_min 1 / train/inv/policy_weight_std 0 / train/inv/valid_frac 1 / train/inv/weight 0.02 / train/loss/con 0.02 / train/loss/dyn 3.26 / train/loss/image 3.9 / train/loss/inv 0.01 / train/loss/policy -0.01 / train/loss/rep 3.26 / train/loss/repval 1.07 / train/loss/rew 0.56 / train/loss/value 0.98 / replay/replay_ratio 264 / fps/policy 6.96 / fps/train 1782.36

Writing metrics: /home/zhangpeiying01/lfy/btwm-7.7/runs/btwm_dmc_walker_walk_seed2_w002_b11_s2/scores.jsonl
Writing metrics: /home/zhangpeiying01/lfy/btwm-7.7/runs/btwm_dmc_walker_walk_seed2_w002_b11_s2/metrics.jsonl

--------------------[Agent Step 93_840]--------------------
Metrics filtered by: 'score|length|fps|ratio|train/loss/|train/acc/|train/inv/|train/rand/'
train/acc/inv 0.57 / train/inv/ce 1.27 / train/inv/confidence 0.36 / train/inv/confidence_gating 0 / train/inv/effective_rep_weight 0.02 / train/inv/head_objective 0.53 / train/inv/head_weight 0 / train/inv/objective 0.53 / train/inv/policy_weight_max 1 / train/inv/policy_weight_mean 1 / train/inv/policy_weight_min 1 / train/inv/policy_weight_std 0 / train/inv/valid_frac 1 / train/inv/weight 0.02 / train/loss/con 0.02 / train/loss/dyn 3.13 / train/loss/image 3.85 / train/loss/inv 0.01 / train/loss/policy -0.02 / train/loss/rep 3.13 / train/loss/repval 1.07 / train/loss/rew 0.56 / train/loss/value 0.98 / replay/replay_ratio 264 / fps/policy 6.97 / fps/train 1784.21

Writing metrics: /home/zhangpeiying01/lfy/btwm-7.7/runs/btwm_dmc_walker_walk_seed2_w002_b11_s2/metrics.jsonl
Writing metrics: /home/zhangpeiying01/lfy/btwm-7.7/runs/btwm_dmc_walker_walk_seed2_w002_b11_s2/scores.jsonl

--------------------[Agent Step 94_672]--------------------
Metrics filtered by: 'score|length|fps|ratio|train/loss/|train/acc/|train/inv/|train/rand/'
train/acc/inv 0.57 / train/inv/ce 1.28 / train/inv/confidence 0.35 / train/inv/confidence_gating 0 / train/inv/effective_rep_weight 0.02 / train/inv/head_objective 0.54 / train/inv/head_weight 0 / train/inv/objective 0.54 / train/inv/policy_weight_max 1 / train/inv/policy_weight_mean 1 / train/inv/policy_weight_min 1 / train/inv/policy_weight_std 0 / train/inv/valid_frac 1 / train/inv/weight 0.02 / train/loss/con 0.02 / train/loss/dyn 3.17 / train/loss/image 3.82 / train/loss/inv 0.01 / train/loss/policy -9.7e-3 / train/loss/rep 3.17 / train/loss/repval 1.06 / train/loss/rew 0.56 / train/loss/value 0.97 / replay/replay_ratio 264 / fps/policy 6.92 / fps/train 1770.91

Writing metrics: /home/zhangpeiying01/lfy/btwm-7.7/runs/btwm_dmc_walker_walk_seed2_w002_b11_s2/metrics.jsonl
Writing metrics: /home/zhangpeiying01/lfy/btwm-7.7/runs/btwm_dmc_walker_walk_seed2_w002_b11_s2/scores.jsonl

--------------------[Agent Step 95_504]--------------------
Metrics filtered by: 'score|length|fps|ratio|train/loss/|train/acc/|train/inv/|train/rand/'
train/acc/inv 0.57 / train/inv/ce 1.27 / train/inv/confidence 0.36 / train/inv/confidence_gating 0 / train/inv/effective_rep_weight 0.02 / train/inv/head_objective 0.53 / train/inv/head_weight 0 / train/inv/objective 0.53 / train/inv/policy_weight_max 1 / train/inv/policy_weight_mean 1 / train/inv/policy_weight_min 1 / train/inv/policy_weight_std 0 / train/inv/valid_frac 1 / train/inv/weight 0.02 / train/loss/con 0.02 / train/loss/dyn 3.13 / train/loss/image 3.77 / train/loss/inv 0.01 / train/loss/policy -0.01 / train/loss/rep 3.13 / train/loss/repval 1.06 / train/loss/rew 0.56 / train/loss/value 0.97 / replay/replay_ratio 264 / fps/policy 6.9 / fps/train 1767.44

Writing metrics: /home/zhangpeiying01/lfy/btwm-7.7/runs/btwm_dmc_walker_walk_seed2_w002_b11_s2/metrics.jsonl
Writing metrics: /home/zhangpeiying01/lfy/btwm-7.7/runs/btwm_dmc_walker_walk_seed2_w002_b11_s2/scores.jsonl

--------------------[Agent Step 96_336]--------------------
Metrics filtered by: 'score|length|fps|ratio|train/loss/|train/acc/|train/inv/|train/rand/'
episode/score 970.95 / episode/length 1001 / train/acc/inv 0.57 / train/inv/ce 1.28 / train/inv/confidence 0.36 / train/inv/confidence_gating 0 / train/inv/effective_rep_weight 0.02 / train/inv/head_objective 0.53 / train/inv/head_weight 0 / train/inv/objective 0.53 / train/inv/policy_weight_max 1 / train/inv/policy_weight_mean 1 / train/inv/policy_weight_min 1 / train/inv/policy_weight_std 0 / train/inv/valid_frac 1 / train/inv/weight 0.02 / train/loss/con 0.02 / train/loss/dyn 3.21 / train/loss/image 3.82 / train/loss/inv 0.01 / train/loss/policy -0.01 / train/loss/rep 3.21 / train/loss/repval 1.06 / train/loss/rew 0.56 / train/loss/value 0.97 / replay/replay_ratio 264 / fps/policy 6.9 / fps/train 1765.68

Writing metrics: /home/zhangpeiying01/lfy/btwm-7.7/runs/btwm_dmc_walker_walk_seed2_w002_b11_s2/metrics.jsonl
Writing metrics: /home/zhangpeiying01/lfy/btwm-7.7/runs/btwm_dmc_walker_walk_seed2_w002_b11_s2/scores.jsonl

--------------------[Agent Step 97_168]--------------------
Metrics filtered by: 'score|length|fps|ratio|train/loss/|train/acc/|train/inv/|train/rand/'
train/acc/inv 0.57 / train/inv/ce 1.31 / train/inv/confidence 0.35 / train/inv/confidence_gating 0 / train/inv/effective_rep_weight 0.02 / train/inv/head_objective 0.55 / train/inv/head_weight 0 / train/inv/objective 0.55 / train/inv/policy_weight_max 1 / train/inv/policy_weight_mean 1 / train/inv/policy_weight_min 1 / train/inv/policy_weight_std 0 / train/inv/valid_frac 1 / train/inv/weight 0.02 / train/loss/con 0.02 / train/loss/dyn 3.37 / train/loss/image 4.19 / train/loss/inv 0.01 / train/loss/policy -8.1e-3 / train/loss/rep 3.37 / train/loss/repval 1.05 / train/loss/rew 0.56 / train/loss/value 0.97 / replay/replay_ratio 264 / fps/policy 6.92 / fps/train 1771.59

Writing metrics: /home/zhangpeiying01/lfy/btwm-7.7/runs/btwm_dmc_walker_walk_seed2_w002_b11_s2/metrics.jsonl
Writing metrics: /home/zhangpeiying01/lfy/btwm-7.7/runs/btwm_dmc_walker_walk_seed2_w002_b11_s2/scores.jsonl

--------------------[Agent Step 98_000]--------------------
Metrics filtered by: 'score|length|fps|ratio|train/loss/|train/acc/|train/inv/|train/rand/'
train/acc/inv 0.57 / train/inv/ce 1.31 / train/inv/confidence 0.35 / train/inv/confidence_gating 0 / train/inv/effective_rep_weight 0.02 / train/inv/head_objective 0.54 / train/inv/head_weight 0 / train/inv/objective 0.54 / train/inv/policy_weight_max 1 / train/inv/policy_weight_mean 1 / train/inv/policy_weight_min 1 / train/inv/policy_weight_std 0 / train/inv/valid_frac 1 / train/inv/weight 0.02 / train/loss/con 0.02 / train/loss/dyn 3.21 / train/loss/image 3.98 / train/loss/inv 0.01 / train/loss/policy -9.9e-3 / train/loss/rep 3.21 / train/loss/repval 1.05 / train/loss/rew 0.56 / train/loss/value 0.96 / replay/replay_ratio 264 / fps/policy 6.91 / fps/train 1770.2

Writing metrics: /home/zhangpeiying01/lfy/btwm-7.7/runs/btwm_dmc_walker_walk_seed2_w002_b11_s2/scores.jsonl
Writing metrics: /home/zhangpeiying01/lfy/btwm-7.7/runs/btwm_dmc_walker_walk_seed2_w002_b11_s2/metrics.jsonl

--------------------[Agent Step 98_848]--------------------
Metrics filtered by: 'score|length|fps|ratio|train/loss/|train/acc/|train/inv/|train/rand/'
train/acc/inv 0.56 / train/inv/ce 1.31 / train/inv/confidence 0.34 / train/inv/confidence_gating 0 / train/inv/effective_rep_weight 0.02 / train/inv/head_objective 0.55 / train/inv/head_weight 0 / train/inv/objective 0.55 / train/inv/policy_weight_max 1 / train/inv/policy_weight_mean 1 / train/inv/policy_weight_min 1 / train/inv/policy_weight_std 0 / train/inv/valid_frac 1 / train/inv/weight 0.02 / train/loss/con 0.02 / train/loss/dyn 3.21 / train/loss/image 3.89 / train/loss/inv 0.01 / train/loss/policy -5.2e-3 / train/loss/rep 3.21 / train/loss/repval 1.04 / train/loss/rew 0.56 / train/loss/value 0.96 / replay/replay_ratio 264 / fps/policy 6.94 / fps/train 1776.08

Writing metrics: /home/zhangpeiying01/lfy/btwm-7.7/runs/btwm_dmc_walker_walk_seed2_w002_b11_s2/metrics.jsonl
Writing metrics: /home/zhangpeiying01/lfy/btwm-7.7/runs/btwm_dmc_walker_walk_seed2_w002_b11_s2/scores.jsonl

--------------------[Agent Step 99_680]--------------------
Metrics filtered by: 'score|length|fps|ratio|train/loss/|train/acc/|train/inv/|train/rand/'
train/acc/inv 0.56 / train/inv/ce 1.31 / train/inv/confidence 0.34 / train/inv/confidence_gating 0 / train/inv/effective_rep_weight 0.02 / train/inv/head_objective 0.55 / train/inv/head_weight 0 / train/inv/objective 0.55 / train/inv/policy_weight_max 1 / train/inv/policy_weight_mean 1 / train/inv/policy_weight_min 1 / train/inv/policy_weight_std 0 / train/inv/valid_frac 1 / train/inv/weight 0.02 / train/loss/con 0.02 / train/loss/dyn 3.14 / train/loss/image 3.88 / train/loss/inv 0.01 / train/loss/policy -0.01 / train/loss/rep 3.14 / train/loss/repval 1.04 / train/loss/rew 0.56 / train/loss/value 0.96 / replay/replay_ratio 264 / fps/policy 6.88 / fps/train 1760.54

Writing metrics: /home/zhangpeiying01/lfy/btwm-7.7/runs/btwm_dmc_walker_walk_seed2_w002_b11_s2/metrics.jsonl
Writing metrics: /home/zhangpeiying01/lfy/btwm-7.7/runs/btwm_dmc_walker_walk_seed2_w002_b11_s2/scores.jsonl

--------------------[Agent Step 100_512]--------------------
Metrics filtered by: 'score|length|fps|ratio|train/loss/|train/acc/|train/inv/|train/rand/'
train/acc/inv 0.56 / train/inv/ce 1.32 / train/inv/confidence 0.34 / train/inv/confidence_gating 0 / train/inv/effective_rep_weight 0.02 / train/inv/head_objective 0.55 / train/inv/head_weight 0 / train/inv/objective 0.55 / train/inv/policy_weight_max 1 / train/inv/policy_weight_mean 1 / train/inv/policy_weight_min 1 / train/inv/policy_weight_std 0 / train/inv/valid_frac 1 / train/inv/weight 0.02 / train/loss/con 0.02 / train/loss/dyn 3.24 / train/loss/image 3.88 / train/loss/inv 0.01 / train/loss/policy -0.01 / train/loss/rep 3.24 / train/loss/repval 1.04 / train/loss/rew 0.56 / train/loss/value 0.96 / replay/replay_ratio 264 / fps/policy 6.88 / fps/train 1760.42

Writing metrics: /home/zhangpeiying01/lfy/btwm-7.7/runs/btwm_dmc_walker_walk_seed2_w002_b11_s2/metrics.jsonl
Writing metrics: /home/zhangpeiying01/lfy/btwm-7.7/runs/btwm_dmc_walker_walk_seed2_w002_b11_s2/scores.jsonl

--------------------[Agent Step 101_344]--------------------
Metrics filtered by: 'score|length|fps|ratio|train/loss/|train/acc/|train/inv/|train/rand/'
train/acc/inv 0.57 / train/inv/ce 1.3 / train/inv/confidence 0.35 / train/inv/confidence_gating 0 / train/inv/effective_rep_weight 0.02 / train/inv/head_objective 0.54 / train/inv/head_weight 0 / train/inv/objective 0.54 / train/inv/policy_weight_max 1 / train/inv/policy_weight_mean 1 / train/inv/policy_weight_min 1 / train/inv/policy_weight_std 0 / train/inv/valid_frac 1 / train/inv/weight 0.02 / train/loss/con 0.02 / train/loss/dyn 3.15 / train/loss/image 3.83 / train/loss/inv 0.01 / train/loss/policy -0.01 / train/loss/rep 3.15 / train/loss/repval 1.04 / train/loss/rew 0.56 / train/loss/value 0.96 / replay/replay_ratio 264 / fps/policy 6.92 / fps/train 1772.17

Writing metrics: /home/zhangpeiying01/lfy/btwm-7.7/runs/btwm_dmc_walker_walk_seed2_w002_b11_s2/scores.jsonl
Writing metrics: /home/zhangpeiying01/lfy/btwm-7.7/runs/btwm_dmc_walker_walk_seed2_w002_b11_s2/metrics.jsonl

--------------------[Agent Step 102_176]--------------------
Metrics filtered by: 'score|length|fps|ratio|train/loss/|train/acc/|train/inv/|train/rand/'
train/acc/inv 0.57 / train/inv/ce 1.31 / train/inv/confidence 0.35 / train/inv/confidence_gating 0 / train/inv/effective_rep_weight 0.02 / train/inv/head_objective 0.54 / train/inv/head_weight 0 / train/inv/objective 0.54 / train/inv/policy_weight_max 1 / train/inv/policy_weight_mean 1 / train/inv/policy_weight_min 1 / train/inv/policy_weight_std 0 / train/inv/valid_frac 1 / train/inv/weight 0.02 / train/loss/con 0.02 / train/loss/dyn 3.15 / train/loss/image 3.8 / train/loss/inv 0.01 / train/loss/policy -7.7e-3 / train/loss/rep 3.15 / train/loss/repval 1.04 / train/loss/rew 0.56 / train/loss/value 0.96 / replay/replay_ratio 264 / fps/policy 6.91 / fps/train 1768.33

Writing metrics: /home/zhangpeiying01/lfy/btwm-7.7/runs/btwm_dmc_walker_walk_seed2_w002_b11_s2/scores.jsonl
Writing metrics: /home/zhangpeiying01/lfy/btwm-7.7/runs/btwm_dmc_walker_walk_seed2_w002_b11_s2/metrics.jsonl

--------------------[Agent Step 103_024]--------------------
Metrics filtered by: 'score|length|fps|ratio|train/loss/|train/acc/|train/inv/|train/rand/'
train/acc/inv 0.57 / train/inv/ce 1.31 / train/inv/confidence 0.34 / train/inv/confidence_gating 0 / train/inv/effective_rep_weight 0.02 / train/inv/head_objective 0.55 / train/inv/head_weight 0 / train/inv/objective 0.55 / train/inv/policy_weight_max 1 / train/inv/policy_weight_mean 1 / train/inv/policy_weight_min 1 / train/inv/policy_weight_std 0 / train/inv/valid_frac 1 / train/inv/weight 0.02 / train/loss/con 0.02 / train/loss/dyn 3.21 / train/loss/image 3.8 / train/loss/inv 0.01 / train/loss/policy -0.01 / train/loss/rep 3.21 / train/loss/repval 1.03 / train/loss/rew 0.56 / train/loss/value 0.95 / replay/replay_ratio 264 / fps/policy 6.98 / fps/train 1786.62

Writing metrics: /home/zhangpeiying01/lfy/btwm-7.7/runs/btwm_dmc_walker_walk_seed2_w002_b11_s2/metrics.jsonl
Writing metrics: /home/zhangpeiying01/lfy/btwm-7.7/runs/btwm_dmc_walker_walk_seed2_w002_b11_s2/scores.jsonl

--------------------[Agent Step 103_856]--------------------
Metrics filtered by: 'score|length|fps|ratio|train/loss/|train/acc/|train/inv/|train/rand/'
train/acc/inv 0.56 / train/inv/ce 1.33 / train/inv/confidence 0.34 / train/inv/confidence_gating 0 / train/inv/effective_rep_weight 0.02 / train/inv/head_objective 0.55 / train/inv/head_weight 0 / train/inv/objective 0.55 / train/inv/policy_weight_max 1 / train/inv/policy_weight_mean 1 / train/inv/policy_weight_min 1 / train/inv/policy_weight_std 0 / train/inv/valid_frac 1 / train/inv/weight 0.02 / train/loss/con 0.02 / train/loss/dyn 3.15 / train/loss/image 3.72 / train/loss/inv 0.01 / train/loss/policy -9.8e-3 / train/loss/rep 3.15 / train/loss/repval 1.03 / train/loss/rew 0.57 / train/loss/value 0.95 / replay/replay_ratio 264 / fps/policy 6.92 / fps/train 1772.5

Writing metrics: /home/zhangpeiying01/lfy/btwm-7.7/runs/btwm_dmc_walker_walk_seed2_w002_b11_s2/metrics.jsonl
Writing metrics: /home/zhangpeiying01/lfy/btwm-7.7/runs/btwm_dmc_walker_walk_seed2_w002_b11_s2/scores.jsonl

--------------------[Agent Step 104_688]--------------------
Metrics filtered by: 'score|length|fps|ratio|train/loss/|train/acc/|train/inv/|train/rand/'
train/acc/inv 0.57 / train/inv/ce 1.31 / train/inv/confidence 0.34 / train/inv/confidence_gating 0 / train/inv/effective_rep_weight 0.02 / train/inv/head_objective 0.55 / train/inv/head_weight 0 / train/inv/objective 0.55 / train/inv/policy_weight_max 1 / train/inv/policy_weight_mean 1 / train/inv/policy_weight_min 1 / train/inv/policy_weight_std 0 / train/inv/valid_frac 1 / train/inv/weight 0.02 / train/loss/con 0.02 / train/loss/dyn 3.17 / train/loss/image 3.73 / train/loss/inv 0.01 / train/loss/policy -7.7e-3 / train/loss/rep 3.17 / train/loss/repval 1.03 / train/loss/rew 0.57 / train/loss/value 0.94 / replay/replay_ratio 264 / fps/policy 6.93 / fps/train 1773.61

Writing metrics: /home/zhangpeiying01/lfy/btwm-7.7/runs/btwm_dmc_walker_walk_seed2_w002_b11_s2/metrics.jsonl
Writing metrics: /home/zhangpeiying01/lfy/btwm-7.7/runs/btwm_dmc_walker_walk_seed2_w002_b11_s2/scores.jsonl

--------------------[Agent Step 105_520]--------------------
Metrics filtered by: 'score|length|fps|ratio|train/loss/|train/acc/|train/inv/|train/rand/'
train/acc/inv 0.57 / train/inv/ce 1.31 / train/inv/confidence 0.34 / train/inv/confidence_gating 0 / train/inv/effective_rep_weight 0.02 / train/inv/head_objective 0.55 / train/inv/head_weight 0 / train/inv/objective 0.55 / train/inv/policy_weight_max 1 / train/inv/policy_weight_mean 1 / train/inv/policy_weight_min 1 / train/inv/policy_weight_std 0 / train/inv/valid_frac 1 / train/inv/weight 0.02 / train/loss/con 0.02 / train/loss/dyn 3.14 / train/loss/image 3.71 / train/loss/inv 0.01 / train/loss/policy -9.3e-3 / train/loss/rep 3.14 / train/loss/repval 1.03 / train/loss/rew 0.56 / train/loss/value 0.95 / replay/replay_ratio 264 / fps/policy 6.89 / fps/train 1764.39

Writing metrics: /home/zhangpeiying01/lfy/btwm-7.7/runs/btwm_dmc_walker_walk_seed2_w002_b11_s2/scores.jsonl
Writing metrics: /home/zhangpeiying01/lfy/btwm-7.7/runs/btwm_dmc_walker_walk_seed2_w002_b11_s2/metrics.jsonl
Saving checkpoint: /home/zhangpeiying01/lfy/btwm-7.7/runs/btwm_dmc_walker_walk_seed2_w002_b11_s2/ckpt/20260716T140804F433654
Saved checkpoint.

--------------------[Agent Step 106_320]--------------------
Metrics filtered by: 'score|length|fps|ratio|train/loss/|train/acc/|train/inv/|train/rand/'
train/acc/inv 0.57 / train/inv/ce 1.31 / train/inv/confidence 0.34 / train/inv/confidence_gating 0 / train/inv/effective_rep_weight 0.02 / train/inv/head_objective 0.55 / train/inv/head_weight 0 / train/inv/objective 0.55 / train/inv/policy_weight_max 1 / train/inv/policy_weight_mean 1 / train/inv/policy_weight_min 1 / train/inv/policy_weight_std 0 / train/inv/valid_frac 1 / train/inv/weight 0.02 / train/loss/con 0.02 / train/loss/dyn 3.2 / train/loss/image 3.74 / train/loss/inv 0.01 / train/loss/policy -0.01 / train/loss/rep 3.2 / train/loss/repval 1.03 / train/loss/rew 0.57 / train/loss/value 0.95 / replay/replay_ratio 264 / fps/policy 6.6 / fps/train 1690.56

Writing metrics: /home/zhangpeiying01/lfy/btwm-7.7/runs/btwm_dmc_walker_walk_seed2_w002_b11_s2/metrics.jsonl
Writing metrics: /home/zhangpeiying01/lfy/btwm-7.7/runs/btwm_dmc_walker_walk_seed2_w002_b11_s2/scores.jsonl

--------------------[Agent Step 107_152]--------------------
Metrics filtered by: 'score|length|fps|ratio|train/loss/|train/acc/|train/inv/|train/rand/'
train/acc/inv 0.56 / train/inv/ce 1.32 / train/inv/confidence 0.34 / train/inv/confidence_gating 0 / train/inv/effective_rep_weight 0.02 / train/inv/head_objective 0.55 / train/inv/head_weight 0 / train/inv/objective 0.55 / train/inv/policy_weight_max 1 / train/inv/policy_weight_mean 1 / train/inv/policy_weight_min 1 / train/inv/policy_weight_std 0 / train/inv/valid_frac 1 / train/inv/weight 0.02 / train/loss/con 0.02 / train/loss/dyn 3.1 / train/loss/image 3.7 / train/loss/inv 0.01 / train/loss/policy -0.01 / train/loss/rep 3.1 / train/loss/repval 1.03 / train/loss/rew 0.56 / train/loss/value 0.95 / replay/replay_ratio 264 / fps/policy 6.91 / fps/train 1769.74

Writing metrics: /home/zhangpeiying01/lfy/btwm-7.7/runs/btwm_dmc_walker_walk_seed2_w002_b11_s2/metrics.jsonl
Writing metrics: /home/zhangpeiying01/lfy/btwm-7.7/runs/btwm_dmc_walker_walk_seed2_w002_b11_s2/scores.jsonl

--------------------[Agent Step 107_984]--------------------
Metrics filtered by: 'score|length|fps|ratio|train/loss/|train/acc/|train/inv/|train/rand/'
train/acc/inv 0.57 / train/inv/ce 1.32 / train/inv/confidence 0.34 / train/inv/confidence_gating 0 / train/inv/effective_rep_weight 0.02 / train/inv/head_objective 0.55 / train/inv/head_weight 0 / train/inv/objective 0.55 / train/inv/policy_weight_max 1 / train/inv/policy_weight_mean 1 / train/inv/policy_weight_min 1 / train/inv/policy_weight_std 0 / train/inv/valid_frac 1 / train/inv/weight 0.02 / train/loss/con 0.02 / train/loss/dyn 3.12 / train/loss/image 3.7 / train/loss/inv 0.01 / train/loss/policy -0.02 / train/loss/rep 3.12 / train/loss/repval 1.02 / train/loss/rew 0.57 / train/loss/value 0.94 / replay/replay_ratio 264 / fps/policy 6.88 / fps/train 1762.33

Writing metrics: /home/zhangpeiying01/lfy/btwm-7.7/runs/btwm_dmc_walker_walk_seed2_w002_b11_s2/scores.jsonl
Writing metrics: /home/zhangpeiying01/lfy/btwm-7.7/runs/btwm_dmc_walker_walk_seed2_w002_b11_s2/metrics.jsonl

--------------------[Agent Step 108_816]--------------------
Metrics filtered by: 'score|length|fps|ratio|train/loss/|train/acc/|train/inv/|train/rand/'
train/acc/inv 0.57 / train/inv/ce 1.31 / train/inv/confidence 0.34 / train/inv/confidence_gating 0 / train/inv/effective_rep_weight 0.02 / train/inv/head_objective 0.55 / train/inv/head_weight 0 / train/inv/objective 0.55 / train/inv/policy_weight_max 1 / train/inv/policy_weight_mean 1 / train/inv/policy_weight_min 1 / train/inv/policy_weight_std 0 / train/inv/valid_frac 1 / train/inv/weight 0.02 / train/loss/con 0.02 / train/loss/dyn 3.09 / train/loss/image 3.61 / train/loss/inv 0.01 / train/loss/policy -0.01 / train/loss/rep 3.09 / train/loss/repval 1.01 / train/loss/rew 0.57 / train/loss/value 0.93 / replay/replay_ratio 264 / fps/policy 6.9 / fps/train 1766.88

Writing metrics: /home/zhangpeiying01/lfy/btwm-7.7/runs/btwm_dmc_walker_walk_seed2_w002_b11_s2/metrics.jsonl
Writing metrics: /home/zhangpeiying01/lfy/btwm-7.7/runs/btwm_dmc_walker_walk_seed2_w002_b11_s2/scores.jsonl

--------------------[Agent Step 109_648]--------------------
Metrics filtered by: 'score|length|fps|ratio|train/loss/|train/acc/|train/inv/|train/rand/'
train/acc/inv 0.57 / train/inv/ce 1.32 / train/inv/confidence 0.34 / train/inv/confidence_gating 0 / train/inv/effective_rep_weight 0.02 / train/inv/head_objective 0.55 / train/inv/head_weight 0 / train/inv/objective 0.55 / train/inv/policy_weight_max 1 / train/inv/policy_weight_mean 1 / train/inv/policy_weight_min 1 / train/inv/policy_weight_std 0 / train/inv/valid_frac 1 / train/inv/weight 0.02 / train/loss/con 0.02 / train/loss/dyn 3.08 / train/loss/image 3.6 / train/loss/inv 0.01 / train/loss/policy -0.01 / train/loss/rep 3.08 / train/loss/repval 1.01 / train/loss/rew 0.57 / train/loss/value 0.92 / replay/replay_ratio 264 / fps/policy 6.92 / fps/train 1771.52

Writing metrics: /home/zhangpeiying01/lfy/btwm-7.7/runs/btwm_dmc_walker_walk_seed2_w002_b11_s2/scores.jsonl
Writing metrics: /home/zhangpeiying01/lfy/btwm-7.7/runs/btwm_dmc_walker_walk_seed2_w002_b11_s2/metrics.jsonl

--------------------[Agent Step 110_496]--------------------
Metrics filtered by: 'score|length|fps|ratio|train/loss/|train/acc/|train/inv/|train/rand/'
train/acc/inv 0.57 / train/inv/ce 1.31 / train/inv/confidence 0.34 / train/inv/confidence_gating 0 / train/inv/effective_rep_weight 0.02 / train/inv/head_objective 0.55 / train/inv/head_weight 0 / train/inv/objective 0.55 / train/inv/policy_weight_max 1 / train/inv/policy_weight_mean 1 / train/inv/policy_weight_min 1 / train/inv/policy_weight_std 0 / train/inv/valid_frac 1 / train/inv/weight 0.02 / train/loss/con 0.02 / train/loss/dyn 3.09 / train/loss/image 3.59 / train/loss/inv 0.01 / train/loss/policy -0.01 / train/loss/rep 3.09 / train/loss/repval 1.01 / train/loss/rew 0.57 / train/loss/value 0.92 / replay/replay_ratio 264 / fps/policy 6.93 / fps/train 1774.38

Writing metrics: /home/zhangpeiying01/lfy/btwm-7.7/runs/btwm_dmc_walker_walk_seed2_w002_b11_s2/metrics.jsonl
Writing metrics: /home/zhangpeiying01/lfy/btwm-7.7/runs/btwm_dmc_walker_walk_seed2_w002_b11_s2/scores.jsonl

--------------------[Agent Step 111_328]--------------------
Metrics filtered by: 'score|length|fps|ratio|train/loss/|train/acc/|train/inv/|train/rand/'
train/acc/inv 0.57 / train/inv/ce 1.32 / train/inv/confidence 0.34 / train/inv/confidence_gating 0 / train/inv/effective_rep_weight 0.02 / train/inv/head_objective 0.55 / train/inv/head_weight 0 / train/inv/objective 0.55 / train/inv/policy_weight_max 1 / train/inv/policy_weight_mean 1 / train/inv/policy_weight_min 1 / train/inv/policy_weight_std 0 / train/inv/valid_frac 1 / train/inv/weight 0.02 / train/loss/con 0.02 / train/loss/dyn 3.07 / train/loss/image 3.58 / train/loss/inv 0.01 / train/loss/policy -0.02 / train/loss/rep 3.07 / train/loss/repval 1 / train/loss/rew 0.57 / train/loss/value 0.92 / replay/replay_ratio 264 / fps/policy 6.87 / fps/train 1759

Writing metrics: /home/zhangpeiying01/lfy/btwm-7.7/runs/btwm_dmc_walker_walk_seed2_w002_b11_s2/metrics.jsonl
Writing metrics: /home/zhangpeiying01/lfy/btwm-7.7/runs/btwm_dmc_walker_walk_seed2_w002_b11_s2/scores.jsonl

--------------------[Agent Step 112_176]--------------------
Metrics filtered by: 'score|length|fps|ratio|train/loss/|train/acc/|train/inv/|train/rand/'
episode/score 954.12 / episode/length 1001 / train/acc/inv 0.56 / train/inv/ce 1.33 / train/inv/confidence 0.34 / train/inv/confidence_gating 0 / train/inv/effective_rep_weight 0.02 / train/inv/head_objective 0.55 / train/inv/head_weight 0 / train/inv/objective 0.55 / train/inv/policy_weight_max 1 / train/inv/policy_weight_mean 1 / train/inv/policy_weight_min 1 / train/inv/policy_weight_std 0 / train/inv/valid_frac 1 / train/inv/weight 0.02 / train/loss/con 0.02 / train/loss/dyn 3.12 / train/loss/image 3.56 / train/loss/inv 0.01 / train/loss/policy -0.01 / train/loss/rep 3.12 / train/loss/repval 1 / train/loss/rew 0.57 / train/loss/value 0.91 / replay/replay_ratio 264 / fps/policy 6.94 / fps/train 1776.16

Writing metrics: /home/zhangpeiying01/lfy/btwm-7.7/runs/btwm_dmc_walker_walk_seed2_w002_b11_s2/metrics.jsonl
Writing metrics: /home/zhangpeiying01/lfy/btwm-7.7/runs/btwm_dmc_walker_walk_seed2_w002_b11_s2/scores.jsonl

--------------------[Agent Step 113_024]--------------------
Metrics filtered by: 'score|length|fps|ratio|train/loss/|train/acc/|train/inv/|train/rand/'
train/acc/inv 0.56 / train/inv/ce 1.34 / train/inv/confidence 0.34 / train/inv/confidence_gating 0 / train/inv/effective_rep_weight 0.02 / train/inv/head_objective 0.56 / train/inv/head_weight 0 / train/inv/objective 0.56 / train/inv/policy_weight_max 1 / train/inv/policy_weight_mean 1 / train/inv/policy_weight_min 1 / train/inv/policy_weight_std 0 / train/inv/valid_frac 1 / train/inv/weight 0.02 / train/loss/con 0.02 / train/loss/dyn 3.29 / train/loss/image 3.88 / train/loss/inv 0.01 / train/loss/policy -6e-3 / train/loss/rep 3.29 / train/loss/repval 1 / train/loss/rew 0.57 / train/loss/value 0.91 / replay/replay_ratio 264 / fps/policy 6.95 / fps/train 1780.09

Writing metrics: /home/zhangpeiying01/lfy/btwm-7.7/runs/btwm_dmc_walker_walk_seed2_w002_b11_s2/scores.jsonl
Writing metrics: /home/zhangpeiying01/lfy/btwm-7.7/runs/btwm_dmc_walker_walk_seed2_w002_b11_s2/metrics.jsonl

--------------------[Agent Step 113_872]--------------------
Metrics filtered by: 'score|length|fps|ratio|train/loss/|train/acc/|train/inv/|train/rand/'
train/acc/inv 0.56 / train/inv/ce 1.34 / train/inv/confidence 0.34 / train/inv/confidence_gating 0 / train/inv/effective_rep_weight 0.02 / train/inv/head_objective 0.56 / train/inv/head_weight 0 / train/inv/objective 0.56 / train/inv/policy_weight_max 1 / train/inv/policy_weight_mean 1 / train/inv/policy_weight_min 1 / train/inv/policy_weight_std 0 / train/inv/valid_frac 1 / train/inv/weight 0.02 / train/loss/con 0.02 / train/loss/dyn 3.13 / train/loss/image 3.74 / train/loss/inv 0.01 / train/loss/policy -9.1e-3 / train/loss/rep 3.13 / train/loss/repval 0.99 / train/loss/rew 0.57 / train/loss/value 0.92 / replay/replay_ratio 264 / fps/policy 6.93 / fps/train 1775.06

Writing metrics: /home/zhangpeiying01/lfy/btwm-7.7/runs/btwm_dmc_walker_walk_seed2_w002_b11_s2/scores.jsonl
Writing metrics: /home/zhangpeiying01/lfy/btwm-7.7/runs/btwm_dmc_walker_walk_seed2_w002_b11_s2/metrics.jsonl

--------------------[Agent Step 114_720]--------------------
Metrics filtered by: 'score|length|fps|ratio|train/loss/|train/acc/|train/inv/|train/rand/'
train/acc/inv 0.56 / train/inv/ce 1.35 / train/inv/confidence 0.33 / train/inv/confidence_gating 0 / train/inv/effective_rep_weight 0.02 / train/inv/head_objective 0.56 / train/inv/head_weight 0 / train/inv/objective 0.56 / train/inv/policy_weight_max 1 / train/inv/policy_weight_mean 1 / train/inv/policy_weight_min 1 / train/inv/policy_weight_std 0 / train/inv/valid_frac 1 / train/inv/weight 0.02 / train/loss/con 0.02 / train/loss/dyn 3.14 / train/loss/image 3.72 / train/loss/inv 0.01 / train/loss/policy -8.4e-3 / train/loss/rep 3.14 / train/loss/repval 1 / train/loss/rew 0.57 / train/loss/value 0.92 / replay/replay_ratio 264 / fps/policy 6.94 / fps/train 1775.8

Writing metrics: /home/zhangpeiying01/lfy/btwm-7.7/runs/btwm_dmc_walker_walk_seed2_w002_b11_s2/metrics.jsonl
Writing metrics: /home/zhangpeiying01/lfy/btwm-7.7/runs/btwm_dmc_walker_walk_seed2_w002_b11_s2/scores.jsonl

--------------------[Agent Step 115_568]--------------------
Metrics filtered by: 'score|length|fps|ratio|train/loss/|train/acc/|train/inv/|train/rand/'
train/acc/inv 0.56 / train/inv/ce 1.34 / train/inv/confidence 0.33 / train/inv/confidence_gating 0 / train/inv/effective_rep_weight 0.02 / train/inv/head_objective 0.56 / train/inv/head_weight 0 / train/inv/objective 0.56 / train/inv/policy_weight_max 1 / train/inv/policy_weight_mean 1 / train/inv/policy_weight_min 1 / train/inv/policy_weight_std 0 / train/inv/valid_frac 1 / train/inv/weight 0.02 / train/loss/con 0.02 / train/loss/dyn 3.07 / train/loss/image 3.64 / train/loss/inv 0.01 / train/loss/policy -0.01 / train/loss/rep 3.07 / train/loss/repval 1 / train/loss/rew 0.57 / train/loss/value 0.92 / replay/replay_ratio 264 / fps/policy 6.94 / fps/train 1777.56

Writing metrics: /home/zhangpeiying01/lfy/btwm-7.7/runs/btwm_dmc_walker_walk_seed2_w002_b11_s2/metrics.jsonl
Writing metrics: /home/zhangpeiying01/lfy/btwm-7.7/runs/btwm_dmc_walker_walk_seed2_w002_b11_s2/scores.jsonl

--------------------[Agent Step 116_416]--------------------
Metrics filtered by: 'score|length|fps|ratio|train/loss/|train/acc/|train/inv/|train/rand/'
train/acc/inv 0.56 / train/inv/ce 1.33 / train/inv/confidence 0.34 / train/inv/confidence_gating 0 / train/inv/effective_rep_weight 0.02 / train/inv/head_objective 0.56 / train/inv/head_weight 0 / train/inv/objective 0.56 / train/inv/policy_weight_max 1 / train/inv/policy_weight_mean 1 / train/inv/policy_weight_min 1 / train/inv/policy_weight_std 0 / train/inv/valid_frac 1 / train/inv/weight 0.02 / train/loss/con 0.02 / train/loss/dyn 3.07 / train/loss/image 3.56 / train/loss/inv 0.01 / train/loss/policy -0.01 / train/loss/rep 3.07 / train/loss/repval 1 / train/loss/rew 0.57 / train/loss/value 0.92 / replay/replay_ratio 264 / fps/policy 6.95 / fps/train 1779.25

Writing metrics: /home/zhangpeiying01/lfy/btwm-7.7/runs/btwm_dmc_walker_walk_seed2_w002_b11_s2/metrics.jsonl
Writing metrics: /home/zhangpeiying01/lfy/btwm-7.7/runs/btwm_dmc_walker_walk_seed2_w002_b11_s2/scores.jsonl

--------------------[Agent Step 117_264]--------------------
Metrics filtered by: 'score|length|fps|ratio|train/loss/|train/acc/|train/inv/|train/rand/'
train/acc/inv 0.56 / train/inv/ce 1.34 / train/inv/confidence 0.33 / train/inv/confidence_gating 0 / train/inv/effective_rep_weight 0.02 / train/inv/head_objective 0.56 / train/inv/head_weight 0 / train/inv/objective 0.56 / train/inv/policy_weight_max 1 / train/inv/policy_weight_mean 1 / train/inv/policy_weight_min 1 / train/inv/policy_weight_std 0 / train/inv/valid_frac 1 / train/inv/weight 0.02 / train/loss/con 0.02 / train/loss/dyn 3.12 / train/loss/image 3.61 / train/loss/inv 0.01 / train/loss/policy -0.01 / train/loss/rep 3.12 / train/loss/repval 1 / train/loss/rew 0.57 / train/loss/value 0.92 / replay/replay_ratio 264 / fps/policy 6.94 / fps/train 1775.92

Writing metrics: /home/zhangpeiying01/lfy/btwm-7.7/runs/btwm_dmc_walker_walk_seed2_w002_b11_s2/scores.jsonl
Writing metrics: /home/zhangpeiying01/lfy/btwm-7.7/runs/btwm_dmc_walker_walk_seed2_w002_b11_s2/metrics.jsonl

--------------------[Agent Step 118_096]--------------------
Metrics filtered by: 'score|length|fps|ratio|train/loss/|train/acc/|train/inv/|train/rand/'
train/acc/inv 0.56 / train/inv/ce 1.35 / train/inv/confidence 0.33 / train/inv/confidence_gating 0 / train/inv/effective_rep_weight 0.02 / train/inv/head_objective 0.56 / train/inv/head_weight 0 / train/inv/objective 0.56 / train/inv/policy_weight_max 1 / train/inv/policy_weight_mean 1 / train/inv/policy_weight_min 1 / train/inv/policy_weight_std 0 / train/inv/valid_frac 1 / train/inv/weight 0.02 / train/loss/con 0.02 / train/loss/dyn 3.05 / train/loss/image 3.5 / train/loss/inv 0.01 / train/loss/policy -6.1e-3 / train/loss/rep 3.05 / train/loss/repval 0.99 / train/loss/rew 0.57 / train/loss/value 0.91 / replay/replay_ratio 264 / fps/policy 6.9 / fps/train 1765.3

Writing metrics: /home/zhangpeiying01/lfy/btwm-7.7/runs/btwm_dmc_walker_walk_seed2_w002_b11_s2/metrics.jsonl
Writing metrics: /home/zhangpeiying01/lfy/btwm-7.7/runs/btwm_dmc_walker_walk_seed2_w002_b11_s2/scores.jsonl

--------------------[Agent Step 118_928]--------------------
Metrics filtered by: 'score|length|fps|ratio|train/loss/|train/acc/|train/inv/|train/rand/'
train/acc/inv 0.56 / train/inv/ce 1.35 / train/inv/confidence 0.33 / train/inv/confidence_gating 0 / train/inv/effective_rep_weight 0.02 / train/inv/head_objective 0.56 / train/inv/head_weight 0 / train/inv/objective 0.56 / train/inv/policy_weight_max 1 / train/inv/policy_weight_mean 1 / train/inv/policy_weight_min 1 / train/inv/policy_weight_std 0 / train/inv/valid_frac 1 / train/inv/weight 0.02 / train/loss/con 0.02 / train/loss/dyn 3.15 / train/loss/image 3.6 / train/loss/inv 0.01 / train/loss/policy -4.1e-3 / train/loss/rep 3.15 / train/loss/repval 1 / train/loss/rew 0.57 / train/loss/value 0.92 / replay/replay_ratio 264 / fps/policy 6.86 / fps/train 1756.06

Writing metrics: /home/zhangpeiying01/lfy/btwm-7.7/runs/btwm_dmc_walker_walk_seed2_w002_b11_s2/scores.jsonl
Writing metrics: /home/zhangpeiying01/lfy/btwm-7.7/runs/btwm_dmc_walker_walk_seed2_w002_b11_s2/metrics.jsonl

--------------------[Agent Step 119_760]--------------------
Metrics filtered by: 'score|length|fps|ratio|train/loss/|train/acc/|train/inv/|train/rand/'
train/acc/inv 0.56 / train/inv/ce 1.35 / train/inv/confidence 0.33 / train/inv/confidence_gating 0 / train/inv/effective_rep_weight 0.02 / train/inv/head_objective 0.56 / train/inv/head_weight 0 / train/inv/objective 0.56 / train/inv/policy_weight_max 1 / train/inv/policy_weight_mean 1 / train/inv/policy_weight_min 1 / train/inv/policy_weight_std 0 / train/inv/valid_frac 1 / train/inv/weight 0.02 / train/loss/con 0.02 / train/loss/dyn 3.05 / train/loss/image 3.55 / train/loss/inv 0.01 / train/loss/policy -0.01 / train/loss/rep 3.05 / train/loss/repval 1 / train/loss/rew 0.57 / train/loss/value 0.92 / replay/replay_ratio 264 / fps/policy 6.83 / fps/train 1748.52

Writing metrics: /home/zhangpeiying01/lfy/btwm-7.7/runs/btwm_dmc_walker_walk_seed2_w002_b11_s2/scores.jsonl
Writing metrics: /home/zhangpeiying01/lfy/btwm-7.7/runs/btwm_dmc_walker_walk_seed2_w002_b11_s2/metrics.jsonl

--------------------[Agent Step 120_592]--------------------
Metrics filtered by: 'score|length|fps|ratio|train/loss/|train/acc/|train/inv/|train/rand/'
train/acc/inv 0.56 / train/inv/ce 1.35 / train/inv/confidence 0.33 / train/inv/confidence_gating 0 / train/inv/effective_rep_weight 0.02 / train/inv/head_objective 0.57 / train/inv/head_weight 0 / train/inv/objective 0.57 / train/inv/policy_weight_max 1 / train/inv/policy_weight_mean 1 / train/inv/policy_weight_min 1 / train/inv/policy_weight_std 0 / train/inv/valid_frac 1 / train/inv/weight 0.02 / train/loss/con 0.02 / train/loss/dyn 3.02 / train/loss/image 3.49 / train/loss/inv 0.01 / train/loss/policy -0.01 / train/loss/rep 3.02 / train/loss/repval 0.99 / train/loss/rew 0.57 / train/loss/value 0.91 / replay/replay_ratio 264 / fps/policy 6.86 / fps/train 1754.96

Writing metrics: /home/zhangpeiying01/lfy/btwm-7.7/runs/btwm_dmc_walker_walk_seed2_w002_b11_s2/metrics.jsonl
Writing metrics: /home/zhangpeiying01/lfy/btwm-7.7/runs/btwm_dmc_walker_walk_seed2_w002_b11_s2/scores.jsonl

--------------------[Agent Step 121_424]--------------------
Metrics filtered by: 'score|length|fps|ratio|train/loss/|train/acc/|train/inv/|train/rand/'
train/acc/inv 0.56 / train/inv/ce 1.35 / train/inv/confidence 0.33 / train/inv/confidence_gating 0 / train/inv/effective_rep_weight 0.02 / train/inv/head_objective 0.56 / train/inv/head_weight 0 / train/inv/objective 0.56 / train/inv/policy_weight_max 1 / train/inv/policy_weight_mean 1 / train/inv/policy_weight_min 1 / train/inv/policy_weight_std 0 / train/inv/valid_frac 1 / train/inv/weight 0.02 / train/loss/con 0.02 / train/loss/dyn 3.04 / train/loss/image 3.49 / train/loss/inv 0.01 / train/loss/policy -5.4e-3 / train/loss/rep 3.04 / train/loss/repval 1 / train/loss/rew 0.57 / train/loss/value 0.91 / replay/replay_ratio 264 / fps/policy 6.88 / fps/train 1760.86

Writing metrics: /home/zhangpeiying01/lfy/btwm-7.7/runs/btwm_dmc_walker_walk_seed2_w002_b11_s2/scores.jsonl
Writing metrics: /home/zhangpeiying01/lfy/btwm-7.7/runs/btwm_dmc_walker_walk_seed2_w002_b11_s2/metrics.jsonl

--------------------[Agent Step 122_256]--------------------
Metrics filtered by: 'score|length|fps|ratio|train/loss/|train/acc/|train/inv/|train/rand/'
train/acc/inv 0.56 / train/inv/ce 1.34 / train/inv/confidence 0.33 / train/inv/confidence_gating 0 / train/inv/effective_rep_weight 0.02 / train/inv/head_objective 0.56 / train/inv/head_weight 0 / train/inv/objective 0.56 / train/inv/policy_weight_max 1 / train/inv/policy_weight_mean 1 / train/inv/policy_weight_min 1 / train/inv/policy_weight_std 0 / train/inv/valid_frac 1 / train/inv/weight 0.02 / train/loss/con 0.02 / train/loss/dyn 3.04 / train/loss/image 3.49 / train/loss/inv 0.01 / train/loss/policy -3e-3 / train/loss/rep 3.04 / train/loss/repval 1 / train/loss/rew 0.57 / train/loss/value 0.92 / replay/replay_ratio 264 / fps/policy 6.89 / fps/train 1763.16

Writing metrics: /home/zhangpeiying01/lfy/btwm-7.7/runs/btwm_dmc_walker_walk_seed2_w002_b11_s2/metrics.jsonl
Writing metrics: /home/zhangpeiying01/lfy/btwm-7.7/runs/btwm_dmc_walker_walk_seed2_w002_b11_s2/scores.jsonl

--------------------[Agent Step 123_088]--------------------
Metrics filtered by: 'score|length|fps|ratio|train/loss/|train/acc/|train/inv/|train/rand/'
train/acc/inv 0.56 / train/inv/ce 1.36 / train/inv/confidence 0.33 / train/inv/confidence_gating 0 / train/inv/effective_rep_weight 0.02 / train/inv/head_objective 0.57 / train/inv/head_weight 0 / train/inv/objective 0.57 / train/inv/policy_weight_max 1 / train/inv/policy_weight_mean 1 / train/inv/policy_weight_min 1 / train/inv/policy_weight_std 0 / train/inv/valid_frac 1 / train/inv/weight 0.02 / train/loss/con 0.02 / train/loss/dyn 3.09 / train/loss/image 3.48 / train/loss/inv 0.01 / train/loss/policy -4.6e-3 / train/loss/rep 3.09 / train/loss/repval 0.99 / train/loss/rew 0.58 / train/loss/value 0.91 / replay/replay_ratio 264 / fps/policy 6.89 / fps/train 1763.94

Writing metrics: /home/zhangpeiying01/lfy/btwm-7.7/runs/btwm_dmc_walker_walk_seed2_w002_b11_s2/metrics.jsonl
Writing metrics: /home/zhangpeiying01/lfy/btwm-7.7/runs/btwm_dmc_walker_walk_seed2_w002_b11_s2/scores.jsonl

--------------------[Agent Step 123_920]--------------------
Metrics filtered by: 'score|length|fps|ratio|train/loss/|train/acc/|train/inv/|train/rand/'
train/acc/inv 0.56 / train/inv/ce 1.35 / train/inv/confidence 0.33 / train/inv/confidence_gating 0 / train/inv/effective_rep_weight 0.02 / train/inv/head_objective 0.56 / train/inv/head_weight 0 / train/inv/objective 0.56 / train/inv/policy_weight_max 1 / train/inv/policy_weight_mean 1 / train/inv/policy_weight_min 1 / train/inv/policy_weight_std 0 / train/inv/valid_frac 1 / train/inv/weight 0.02 / train/loss/con 0.02 / train/loss/dyn 3.04 / train/loss/image 3.49 / train/loss/inv 0.01 / train/loss/policy -5e-3 / train/loss/rep 3.04 / train/loss/repval 0.99 / train/loss/rew 0.58 / train/loss/value 0.91 / replay/replay_ratio 264 / fps/policy 6.91 / fps/train 1769.13

Writing metrics: /home/zhangpeiying01/lfy/btwm-7.7/runs/btwm_dmc_walker_walk_seed2_w002_b11_s2/metrics.jsonl
Writing metrics: /home/zhangpeiying01/lfy/btwm-7.7/runs/btwm_dmc_walker_walk_seed2_w002_b11_s2/scores.jsonl

--------------------[Agent Step 124_752]--------------------
Metrics filtered by: 'score|length|fps|ratio|train/loss/|train/acc/|train/inv/|train/rand/'
train/acc/inv 0.56 / train/inv/ce 1.34 / train/inv/confidence 0.33 / train/inv/confidence_gating 0 / train/inv/effective_rep_weight 0.02 / train/inv/head_objective 0.56 / train/inv/head_weight 0 / train/inv/objective 0.56 / train/inv/policy_weight_max 1 / train/inv/policy_weight_mean 1 / train/inv/policy_weight_min 1 / train/inv/policy_weight_std 0 / train/inv/valid_frac 1 / train/inv/weight 0.02 / train/loss/con 0.02 / train/loss/dyn 3.01 / train/loss/image 3.46 / train/loss/inv 0.01 / train/loss/policy -0.01 / train/loss/rep 3.01 / train/loss/repval 1 / train/loss/rew 0.57 / train/loss/value 0.92 / replay/replay_ratio 264 / fps/policy 6.91 / fps/train 1768.52

Writing metrics: /home/zhangpeiying01/lfy/btwm-7.7/runs/btwm_dmc_walker_walk_seed2_w002_b11_s2/metrics.jsonl
Writing metrics: /home/zhangpeiying01/lfy/btwm-7.7/runs/btwm_dmc_walker_walk_seed2_w002_b11_s2/scores.jsonl

--------------------[Agent Step 125_584]--------------------
Metrics filtered by: 'score|length|fps|ratio|train/loss/|train/acc/|train/inv/|train/rand/'
train/acc/inv 0.56 / train/inv/ce 1.35 / train/inv/confidence 0.33 / train/inv/confidence_gating 0 / train/inv/effective_rep_weight 0.02 / train/inv/head_objective 0.56 / train/inv/head_weight 0 / train/inv/objective 0.56 / train/inv/policy_weight_max 1 / train/inv/policy_weight_mean 1 / train/inv/policy_weight_min 1 / train/inv/policy_weight_std 0 / train/inv/valid_frac 1 / train/inv/weight 0.02 / train/loss/con 0.02 / train/loss/dyn 3 / train/loss/image 3.4 / train/loss/inv 0.01 / train/loss/policy -7.6e-3 / train/loss/rep 3 / train/loss/repval 0.99 / train/loss/rew 0.58 / train/loss/value 0.91 / replay/replay_ratio 264 / fps/policy 6.91 / fps/train 1770.01

Writing metrics: /home/zhangpeiying01/lfy/btwm-7.7/runs/btwm_dmc_walker_walk_seed2_w002_b11_s2/metrics.jsonl
Writing metrics: /home/zhangpeiying01/lfy/btwm-7.7/runs/btwm_dmc_walker_walk_seed2_w002_b11_s2/scores.jsonl

--------------------[Agent Step 126_416]--------------------
Metrics filtered by: 'score|length|fps|ratio|train/loss/|train/acc/|train/inv/|train/rand/'
train/acc/inv 0.56 / train/inv/ce 1.36 / train/inv/confidence 0.33 / train/inv/confidence_gating 0 / train/inv/effective_rep_weight 0.02 / train/inv/head_objective 0.57 / train/inv/head_weight 0 / train/inv/objective 0.57 / train/inv/policy_weight_max 1 / train/inv/policy_weight_mean 1 / train/inv/policy_weight_min 1 / train/inv/policy_weight_std 0 / train/inv/valid_frac 1 / train/inv/weight 0.02 / train/loss/con 0.02 / train/loss/dyn 3.03 / train/loss/image 3.4 / train/loss/inv 0.01 / train/loss/policy -9.5e-3 / train/loss/rep 3.03 / train/loss/repval 0.99 / train/loss/rew 0.58 / train/loss/value 0.91 / replay/replay_ratio 264 / fps/policy 6.89 / fps/train 1762.84

Writing metrics: /home/zhangpeiying01/lfy/btwm-7.7/runs/btwm_dmc_walker_walk_seed2_w002_b11_s2/metrics.jsonl
Writing metrics: /home/zhangpeiying01/lfy/btwm-7.7/runs/btwm_dmc_walker_walk_seed2_w002_b11_s2/scores.jsonl

--------------------[Agent Step 127_264]--------------------
Metrics filtered by: 'score|length|fps|ratio|train/loss/|train/acc/|train/inv/|train/rand/'
train/acc/inv 0.56 / train/inv/ce 1.34 / train/inv/confidence 0.33 / train/inv/confidence_gating 0 / train/inv/effective_rep_weight 0.02 / train/inv/head_objective 0.56 / train/inv/head_weight 0 / train/inv/objective 0.56 / train/inv/policy_weight_max 1 / train/inv/policy_weight_mean 1 / train/inv/policy_weight_min 1 / train/inv/policy_weight_std 0 / train/inv/valid_frac 1 / train/inv/weight 0.02 / train/loss/con 0.02 / train/loss/dyn 3 / train/loss/image 3.38 / train/loss/inv 0.01 / train/loss/policy -0.01 / train/loss/rep 3 / train/loss/repval 0.99 / train/loss/rew 0.57 / train/loss/value 0.91 / replay/replay_ratio 264 / fps/policy 6.93 / fps/train 1774.51

Writing metrics: /home/zhangpeiying01/lfy/btwm-7.7/runs/btwm_dmc_walker_walk_seed2_w002_b11_s2/metrics.jsonl
Writing metrics: /home/zhangpeiying01/lfy/btwm-7.7/runs/btwm_dmc_walker_walk_seed2_w002_b11_s2/scores.jsonl

--------------------[Agent Step 128_096]--------------------
Metrics filtered by: 'score|length|fps|ratio|train/loss/|train/acc/|train/inv/|train/rand/'
train/acc/inv 0.56 / train/inv/ce 1.36 / train/inv/confidence 0.33 / train/inv/confidence_gating 0 / train/inv/effective_rep_weight 0.02 / train/inv/head_objective 0.57 / train/inv/head_weight 0 / train/inv/objective 0.57 / train/inv/policy_weight_max 1 / train/inv/policy_weight_mean 1 / train/inv/policy_weight_min 1 / train/inv/policy_weight_std 0 / train/inv/valid_frac 1 / train/inv/weight 0.02 / train/loss/con 0.02 / train/loss/dyn 3 / train/loss/image 3.38 / train/loss/inv 0.01 / train/loss/policy -0.01 / train/loss/rep 3 / train/loss/repval 0.99 / train/loss/rew 0.58 / train/loss/value 0.91 / replay/replay_ratio 264 / fps/policy 6.9 / fps/train 1765.92

Writing metrics: /home/zhangpeiying01/lfy/btwm-7.7/runs/btwm_dmc_walker_walk_seed2_w002_b11_s2/metrics.jsonl
Writing metrics: /home/zhangpeiying01/lfy/btwm-7.7/runs/btwm_dmc_walker_walk_seed2_w002_b11_s2/scores.jsonl

--------------------[Agent Step 128_928]--------------------
Metrics filtered by: 'score|length|fps|ratio|train/loss/|train/acc/|train/inv/|train/rand/'
episode/score 913.32 / episode/length 1001 / train/acc/inv 0.55 / train/inv/ce 1.38 / train/inv/confidence 0.32 / train/inv/confidence_gating 0 / train/inv/effective_rep_weight 0.02 / train/inv/head_objective 0.58 / train/inv/head_weight 0 / train/inv/objective 0.58 / train/inv/policy_weight_max 1 / train/inv/policy_weight_mean 1 / train/inv/policy_weight_min 1 / train/inv/policy_weight_std 0 / train/inv/valid_frac 1 / train/inv/weight 0.02 / train/loss/con 0.02 / train/loss/dyn 3.22 / train/loss/image 3.65 / train/loss/inv 0.01 / train/loss/policy -5.2e-3 / train/loss/rep 3.22 / train/loss/repval 0.98 / train/loss/rew 0.58 / train/loss/value 0.91 / replay/replay_ratio 264 / fps/policy 6.86 / fps/train 1756.7

Writing metrics: /home/zhangpeiying01/lfy/btwm-7.7/runs/btwm_dmc_walker_walk_seed2_w002_b11_s2/metrics.jsonl
Writing metrics: /home/zhangpeiying01/lfy/btwm-7.7/runs/btwm_dmc_walker_walk_seed2_w002_b11_s2/scores.jsonl

--------------------[Agent Step 129_760]--------------------
Metrics filtered by: 'score|length|fps|ratio|train/loss/|train/acc/|train/inv/|train/rand/'
train/acc/inv 0.56 / train/inv/ce 1.36 / train/inv/confidence 0.33 / train/inv/confidence_gating 0 / train/inv/effective_rep_weight 0.02 / train/inv/head_objective 0.57 / train/inv/head_weight 0 / train/inv/objective 0.57 / train/inv/policy_weight_max 1 / train/inv/policy_weight_mean 1 / train/inv/policy_weight_min 1 / train/inv/policy_weight_std 0 / train/inv/valid_frac 1 / train/inv/weight 0.02 / train/loss/con 0.02 / train/loss/dyn 3.02 / train/loss/image 3.55 / train/loss/inv 0.01 / train/loss/policy -7.3e-3 / train/loss/rep 3.02 / train/loss/repval 0.98 / train/loss/rew 0.58 / train/loss/value 0.91 / replay/replay_ratio 264 / fps/policy 6.87 / fps/train 1759

Writing metrics: /home/zhangpeiying01/lfy/btwm-7.7/runs/btwm_dmc_walker_walk_seed2_w002_b11_s2/metrics.jsonl
Writing metrics: /home/zhangpeiying01/lfy/btwm-7.7/runs/btwm_dmc_walker_walk_seed2_w002_b11_s2/scores.jsonl
Saving checkpoint: /home/zhangpeiying01/lfy/btwm-7.7/runs/btwm_dmc_walker_walk_seed2_w002_b11_s2/ckpt/20260716T150805F428731
Saved checkpoint.

--------------------[Agent Step 130_560]--------------------
Metrics filtered by: 'score|length|fps|ratio|train/loss/|train/acc/|train/inv/|train/rand/'
train/acc/inv 0.56 / train/inv/ce 1.37 / train/inv/confidence 0.32 / train/inv/confidence_gating 0 / train/inv/effective_rep_weight 0.02 / train/inv/head_objective 0.57 / train/inv/head_weight 0 / train/inv/objective 0.57 / train/inv/policy_weight_max 1 / train/inv/policy_weight_mean 1 / train/inv/policy_weight_min 1 / train/inv/policy_weight_std 0 / train/inv/valid_frac 1 / train/inv/weight 0.02 / train/loss/con 0.02 / train/loss/dyn 3.04 / train/loss/image 3.5 / train/loss/inv 0.01 / train/loss/policy -8.1e-3 / train/loss/rep 3.04 / train/loss/repval 0.98 / train/loss/rew 0.58 / train/loss/value 0.9 / replay/replay_ratio 264 / fps/policy 6.55 / fps/train 1676.43

Writing metrics: /home/zhangpeiying01/lfy/btwm-7.7/runs/btwm_dmc_walker_walk_seed2_w002_b11_s2/metrics.jsonl
Writing metrics: /home/zhangpeiying01/lfy/btwm-7.7/runs/btwm_dmc_walker_walk_seed2_w002_b11_s2/scores.jsonl

--------------------[Agent Step 131_408]--------------------
Metrics filtered by: 'score|length|fps|ratio|train/loss/|train/acc/|train/inv/|train/rand/'
train/acc/inv 0.55 / train/inv/ce 1.38 / train/inv/confidence 0.32 / train/inv/confidence_gating 0 / train/inv/effective_rep_weight 0.02 / train/inv/head_objective 0.58 / train/inv/head_weight 0 / train/inv/objective 0.58 / train/inv/policy_weight_max 1 / train/inv/policy_weight_mean 1 / train/inv/policy_weight_min 1 / train/inv/policy_weight_std 0 / train/inv/valid_frac 1 / train/inv/weight 0.02 / train/loss/con 0.02 / train/loss/dyn 3.02 / train/loss/image 3.5 / train/loss/inv 0.01 / train/loss/policy -0.01 / train/loss/rep 3.02 / train/loss/repval 0.97 / train/loss/rew 0.58 / train/loss/value 0.9 / replay/replay_ratio 264 / fps/policy 6.93 / fps/train 1773.45

Writing metrics: /home/zhangpeiying01/lfy/btwm-7.7/runs/btwm_dmc_walker_walk_seed2_w002_b11_s2/metrics.jsonl
Writing metrics: /home/zhangpeiying01/lfy/btwm-7.7/runs/btwm_dmc_walker_walk_seed2_w002_b11_s2/scores.jsonl

--------------------[Agent Step 132_240]--------------------
Metrics filtered by: 'score|length|fps|ratio|train/loss/|train/acc/|train/inv/|train/rand/'
train/acc/inv 0.56 / train/inv/ce 1.37 / train/inv/confidence 0.32 / train/inv/confidence_gating 0 / train/inv/effective_rep_weight 0.02 / train/inv/head_objective 0.57 / train/inv/head_weight 0 / train/inv/objective 0.57 / train/inv/policy_weight_max 1 / train/inv/policy_weight_mean 1 / train/inv/policy_weight_min 1 / train/inv/policy_weight_std 0 / train/inv/valid_frac 1 / train/inv/weight 0.02 / train/loss/con 0.02 / train/loss/dyn 3.06 / train/loss/image 3.43 / train/loss/inv 0.01 / train/loss/policy -8.1e-3 / train/loss/rep 3.06 / train/loss/repval 0.97 / train/loss/rew 0.58 / train/loss/value 0.89 / replay/replay_ratio 264 / fps/policy 6.94 / fps/train 1777.69

Writing metrics: /home/zhangpeiying01/lfy/btwm-7.7/runs/btwm_dmc_walker_walk_seed2_w002_b11_s2/metrics.jsonl
Writing metrics: /home/zhangpeiying01/lfy/btwm-7.7/runs/btwm_dmc_walker_walk_seed2_w002_b11_s2/scores.jsonl

--------------------[Agent Step 133_072]--------------------
Metrics filtered by: 'score|length|fps|ratio|train/loss/|train/acc/|train/inv/|train/rand/'
train/acc/inv 0.55 / train/inv/ce 1.38 / train/inv/confidence 0.32 / train/inv/confidence_gating 0 / train/inv/effective_rep_weight 0.02 / train/inv/head_objective 0.58 / train/inv/head_weight 0 / train/inv/objective 0.58 / train/inv/policy_weight_max 1 / train/inv/policy_weight_mean 1 / train/inv/policy_weight_min 1 / train/inv/policy_weight_std 0 / train/inv/valid_frac 1 / train/inv/weight 0.02 / train/loss/con 0.02 / train/loss/dyn 3.04 / train/loss/image 3.4 / train/loss/inv 0.01 / train/loss/policy -8e-3 / train/loss/rep 3.04 / train/loss/repval 0.96 / train/loss/rew 0.58 / train/loss/value 0.88 / replay/replay_ratio 264 / fps/policy 6.83 / fps/train 1747.48

Writing metrics: /home/zhangpeiying01/lfy/btwm-7.7/runs/btwm_dmc_walker_walk_seed2_w002_b11_s2/metrics.jsonl
Writing metrics: /home/zhangpeiying01/lfy/btwm-7.7/runs/btwm_dmc_walker_walk_seed2_w002_b11_s2/scores.jsonl

--------------------[Agent Step 133_904]--------------------
Metrics filtered by: 'score|length|fps|ratio|train/loss/|train/acc/|train/inv/|train/rand/'
train/acc/inv 0.56 / train/inv/ce 1.37 / train/inv/confidence 0.32 / train/inv/confidence_gating 0 / train/inv/effective_rep_weight 0.02 / train/inv/head_objective 0.57 / train/inv/head_weight 0 / train/inv/objective 0.57 / train/inv/policy_weight_max 1 / train/inv/policy_weight_mean 1 / train/inv/policy_weight_min 1 / train/inv/policy_weight_std 0 / train/inv/valid_frac 1 / train/inv/weight 0.02 / train/loss/con 0.02 / train/loss/dyn 2.99 / train/loss/image 3.42 / train/loss/inv 0.01 / train/loss/policy -6.4e-3 / train/loss/rep 2.99 / train/loss/repval 0.96 / train/loss/rew 0.58 / train/loss/value 0.88 / replay/replay_ratio 264 / fps/policy 6.85 / fps/train 1754.03

Writing metrics: /home/zhangpeiying01/lfy/btwm-7.7/runs/btwm_dmc_walker_walk_seed2_w002_b11_s2/metrics.jsonl
Writing metrics: /home/zhangpeiying01/lfy/btwm-7.7/runs/btwm_dmc_walker_walk_seed2_w002_b11_s2/scores.jsonl

--------------------[Agent Step 134_736]--------------------
Metrics filtered by: 'score|length|fps|ratio|train/loss/|train/acc/|train/inv/|train/rand/'
train/acc/inv 0.55 / train/inv/ce 1.38 / train/inv/confidence 0.32 / train/inv/confidence_gating 0 / train/inv/effective_rep_weight 0.02 / train/inv/head_objective 0.58 / train/inv/head_weight 0 / train/inv/objective 0.58 / train/inv/policy_weight_max 1 / train/inv/policy_weight_mean 1 / train/inv/policy_weight_min 1 / train/inv/policy_weight_std 0 / train/inv/valid_frac 1 / train/inv/weight 0.02 / train/loss/con 0.02 / train/loss/dyn 3.02 / train/loss/image 3.37 / train/loss/inv 0.01 / train/loss/policy -0.01 / train/loss/rep 3.02 / train/loss/repval 0.96 / train/loss/rew 0.58 / train/loss/value 0.88 / replay/replay_ratio 264 / fps/policy 6.84 / fps/train 1752.1

Writing metrics: /home/zhangpeiying01/lfy/btwm-7.7/runs/btwm_dmc_walker_walk_seed2_w002_b11_s2/metrics.jsonl
Writing metrics: /home/zhangpeiying01/lfy/btwm-7.7/runs/btwm_dmc_walker_walk_seed2_w002_b11_s2/scores.jsonl

--------------------[Agent Step 135_568]--------------------
Metrics filtered by: 'score|length|fps|ratio|train/loss/|train/acc/|train/inv/|train/rand/'
train/acc/inv 0.56 / train/inv/ce 1.38 / train/inv/confidence 0.32 / train/inv/confidence_gating 0 / train/inv/effective_rep_weight 0.02 / train/inv/head_objective 0.58 / train/inv/head_weight 0 / train/inv/objective 0.58 / train/inv/policy_weight_max 1 / train/inv/policy_weight_mean 1 / train/inv/policy_weight_min 1 / train/inv/policy_weight_std 0 / train/inv/valid_frac 1 / train/inv/weight 0.02 / train/loss/con 0.02 / train/loss/dyn 3.01 / train/loss/image 3.37 / train/loss/inv 0.01 / train/loss/policy -9.4e-3 / train/loss/rep 3.01 / train/loss/repval 0.97 / train/loss/rew 0.58 / train/loss/value 0.89 / replay/replay_ratio 264 / fps/policy 6.86 / fps/train 1755.13

Writing metrics: /home/zhangpeiying01/lfy/btwm-7.7/runs/btwm_dmc_walker_walk_seed2_w002_b11_s2/scores.jsonl
Writing metrics: /home/zhangpeiying01/lfy/btwm-7.7/runs/btwm_dmc_walker_walk_seed2_w002_b11_s2/metrics.jsonl

--------------------[Agent Step 136_400]--------------------
Metrics filtered by: 'score|length|fps|ratio|train/loss/|train/acc/|train/inv/|train/rand/'
train/acc/inv 0.56 / train/inv/ce 1.37 / train/inv/confidence 0.33 / train/inv/confidence_gating 0 / train/inv/effective_rep_weight 0.02 / train/inv/head_objective 0.57 / train/inv/head_weight 0 / train/inv/objective 0.57 / train/inv/policy_weight_max 1 / train/inv/policy_weight_mean 1 / train/inv/policy_weight_min 1 / train/inv/policy_weight_std 0 / train/inv/valid_frac 1 / train/inv/weight 0.02 / train/loss/con 0.02 / train/loss/dyn 3.04 / train/loss/image 3.43 / train/loss/inv 0.01 / train/loss/policy -5.7e-3 / train/loss/rep 3.04 / train/loss/repval 0.97 / train/loss/rew 0.58 / train/loss/value 0.9 / replay/replay_ratio 264 / fps/policy 6.92 / fps/train 1770.28

Writing metrics: /home/zhangpeiying01/lfy/btwm-7.7/runs/btwm_dmc_walker_walk_seed2_w002_b11_s2/metrics.jsonl
Writing metrics: /home/zhangpeiying01/lfy/btwm-7.7/runs/btwm_dmc_walker_walk_seed2_w002_b11_s2/scores.jsonl

--------------------[Agent Step 137_232]--------------------
Metrics filtered by: 'score|length|fps|ratio|train/loss/|train/acc/|train/inv/|train/rand/'
train/acc/inv 0.56 / train/inv/ce 1.37 / train/inv/confidence 0.32 / train/inv/confidence_gating 0 / train/inv/effective_rep_weight 0.02 / train/inv/head_objective 0.57 / train/inv/head_weight 0 / train/inv/objective 0.57 / train/inv/policy_weight_max 1 / train/inv/policy_weight_mean 1 / train/inv/policy_weight_min 1 / train/inv/policy_weight_std 0 / train/inv/valid_frac 1 / train/inv/weight 0.02 / train/loss/con 0.02 / train/loss/dyn 3 / train/loss/image 3.34 / train/loss/inv 0.01 / train/loss/policy -7.3e-3 / train/loss/rep 3 / train/loss/repval 0.97 / train/loss/rew 0.58 / train/loss/value 0.89 / replay/replay_ratio 264 / fps/policy 6.86 / fps/train 1757.04

Writing metrics: /home/zhangpeiying01/lfy/btwm-7.7/runs/btwm_dmc_walker_walk_seed2_w002_b11_s2/metrics.jsonl
Writing metrics: /home/zhangpeiying01/lfy/btwm-7.7/runs/btwm_dmc_walker_walk_seed2_w002_b11_s2/scores.jsonl

--------------------[Agent Step 138_064]--------------------
Metrics filtered by: 'score|length|fps|ratio|train/loss/|train/acc/|train/inv/|train/rand/'
train/acc/inv 0.56 / train/inv/ce 1.38 / train/inv/confidence 0.32 / train/inv/confidence_gating 0 / train/inv/effective_rep_weight 0.02 / train/inv/head_objective 0.58 / train/inv/head_weight 0 / train/inv/objective 0.58 / train/inv/policy_weight_max 1 / train/inv/policy_weight_mean 1 / train/inv/policy_weight_min 1 / train/inv/policy_weight_std 0 / train/inv/valid_frac 1 / train/inv/weight 0.02 / train/loss/con 0.02 / train/loss/dyn 2.99 / train/loss/image 3.31 / train/loss/inv 0.01 / train/loss/policy -7.1e-3 / train/loss/rep 2.99 / train/loss/repval 0.97 / train/loss/rew 0.58 / train/loss/value 0.89 / replay/replay_ratio 264 / fps/policy 6.87 / fps/train 1759.86

Writing metrics: /home/zhangpeiying01/lfy/btwm-7.7/runs/btwm_dmc_walker_walk_seed2_w002_b11_s2/metrics.jsonl
Writing metrics: /home/zhangpeiying01/lfy/btwm-7.7/runs/btwm_dmc_walker_walk_seed2_w002_b11_s2/scores.jsonl

--------------------[Agent Step 138_896]--------------------
Metrics filtered by: 'score|length|fps|ratio|train/loss/|train/acc/|train/inv/|train/rand/'
train/acc/inv 0.56 / train/inv/ce 1.38 / train/inv/confidence 0.32 / train/inv/confidence_gating 0 / train/inv/effective_rep_weight 0.02 / train/inv/head_objective 0.57 / train/inv/head_weight 0 / train/inv/objective 0.57 / train/inv/policy_weight_max 1 / train/inv/policy_weight_mean 1 / train/inv/policy_weight_min 1 / train/inv/policy_weight_std 0 / train/inv/valid_frac 1 / train/inv/weight 0.02 / train/loss/con 0.02 / train/loss/dyn 3.02 / train/loss/image 3.33 / train/loss/inv 0.01 / train/loss/policy -0.01 / train/loss/rep 3.02 / train/loss/repval 0.96 / train/loss/rew 0.58 / train/loss/value 0.89 / replay/replay_ratio 264 / fps/policy 6.87 / fps/train 1757.99

Writing metrics: /home/zhangpeiying01/lfy/btwm-7.7/runs/btwm_dmc_walker_walk_seed2_w002_b11_s2/scores.jsonl
Writing metrics: /home/zhangpeiying01/lfy/btwm-7.7/runs/btwm_dmc_walker_walk_seed2_w002_b11_s2/metrics.jsonl

--------------------[Agent Step 139_728]--------------------
Metrics filtered by: 'score|length|fps|ratio|train/loss/|train/acc/|train/inv/|train/rand/'
train/acc/inv 0.56 / train/inv/ce 1.37 / train/inv/confidence 0.32 / train/inv/confidence_gating 0 / train/inv/effective_rep_weight 0.02 / train/inv/head_objective 0.57 / train/inv/head_weight 0 / train/inv/objective 0.57 / train/inv/policy_weight_max 1 / train/inv/policy_weight_mean 1 / train/inv/policy_weight_min 1 / train/inv/policy_weight_std 0 / train/inv/valid_frac 1 / train/inv/weight 0.02 / train/loss/con 0.02 / train/loss/dyn 2.96 / train/loss/image 3.31 / train/loss/inv 0.01 / train/loss/policy -0.01 / train/loss/rep 2.96 / train/loss/repval 0.97 / train/loss/rew 0.58 / train/loss/value 0.89 / replay/replay_ratio 264 / fps/policy 6.84 / fps/train 1751.08

Writing metrics: /home/zhangpeiying01/lfy/btwm-7.7/runs/btwm_dmc_walker_walk_seed2_w002_b11_s2/metrics.jsonl
Writing metrics: /home/zhangpeiying01/lfy/btwm-7.7/runs/btwm_dmc_walker_walk_seed2_w002_b11_s2/scores.jsonl

--------------------[Agent Step 140_560]--------------------
Metrics filtered by: 'score|length|fps|ratio|train/loss/|train/acc/|train/inv/|train/rand/'
train/acc/inv 0.55 / train/inv/ce 1.38 / train/inv/confidence 0.32 / train/inv/confidence_gating 0 / train/inv/effective_rep_weight 0.02 / train/inv/head_objective 0.58 / train/inv/head_weight 0 / train/inv/objective 0.58 / train/inv/policy_weight_max 1 / train/inv/policy_weight_mean 1 / train/inv/policy_weight_min 1 / train/inv/policy_weight_std 0 / train/inv/valid_frac 1 / train/inv/weight 0.02 / train/loss/con 0.02 / train/loss/dyn 2.95 / train/loss/image 3.24 / train/loss/inv 0.01 / train/loss/policy -0.01 / train/loss/rep 2.95 / train/loss/repval 0.96 / train/loss/rew 0.58 / train/loss/value 0.89 / replay/replay_ratio 264 / fps/policy 6.89 / fps/train 1763.77

Writing metrics: /home/zhangpeiying01/lfy/btwm-7.7/runs/btwm_dmc_walker_walk_seed2_w002_b11_s2/metrics.jsonl
Writing metrics: /home/zhangpeiying01/lfy/btwm-7.7/runs/btwm_dmc_walker_walk_seed2_w002_b11_s2/scores.jsonl

--------------------[Agent Step 141_392]--------------------
Metrics filtered by: 'score|length|fps|ratio|train/loss/|train/acc/|train/inv/|train/rand/'
train/acc/inv 0.56 / train/inv/ce 1.38 / train/inv/confidence 0.32 / train/inv/confidence_gating 0 / train/inv/effective_rep_weight 0.02 / train/inv/head_objective 0.57 / train/inv/head_weight 0 / train/inv/objective 0.57 / train/inv/policy_weight_max 1 / train/inv/policy_weight_mean 1 / train/inv/policy_weight_min 1 / train/inv/policy_weight_std 0 / train/inv/valid_frac 1 / train/inv/weight 0.02 / train/loss/con 0.02 / train/loss/dyn 2.94 / train/loss/image 3.23 / train/loss/inv 0.01 / train/loss/policy -0.01 / train/loss/rep 2.94 / train/loss/repval 0.97 / train/loss/rew 0.58 / train/loss/value 0.89 / replay/replay_ratio 264 / fps/policy 6.89 / fps/train 1763.69

Writing metrics: /home/zhangpeiying01/lfy/btwm-7.7/runs/btwm_dmc_walker_walk_seed2_w002_b11_s2/metrics.jsonl
Writing metrics: /home/zhangpeiying01/lfy/btwm-7.7/runs/btwm_dmc_walker_walk_seed2_w002_b11_s2/scores.jsonl

--------------------[Agent Step 142_256]--------------------
Metrics filtered by: 'score|length|fps|ratio|train/loss/|train/acc/|train/inv/|train/rand/'
train/acc/inv 0.56 / train/inv/ce 1.38 / train/inv/confidence 0.32 / train/inv/confidence_gating 0 / train/inv/effective_rep_weight 0.02 / train/inv/head_objective 0.57 / train/inv/head_weight 0 / train/inv/objective 0.57 / train/inv/policy_weight_max 1 / train/inv/policy_weight_mean 1 / train/inv/policy_weight_min 1 / train/inv/policy_weight_std 0 / train/inv/valid_frac 1 / train/inv/weight 0.02 / train/loss/con 0.02 / train/loss/dyn 2.97 / train/loss/image 3.24 / train/loss/inv 0.01 / train/loss/policy -0.02 / train/loss/rep 2.97 / train/loss/repval 0.96 / train/loss/rew 0.58 / train/loss/value 0.88 / replay/replay_ratio 264 / fps/policy 7.15 / fps/train 1830.24

Writing metrics: /home/zhangpeiying01/lfy/btwm-7.7/runs/btwm_dmc_walker_walk_seed2_w002_b11_s2/metrics.jsonl
Writing metrics: /home/zhangpeiying01/lfy/btwm-7.7/runs/btwm_dmc_walker_walk_seed2_w002_b11_s2/scores.jsonl

--------------------[Agent Step 143_200]--------------------
Metrics filtered by: 'score|length|fps|ratio|train/loss/|train/acc/|train/inv/|train/rand/'
train/acc/inv 0.56 / train/inv/ce 1.38 / train/inv/confidence 0.32 / train/inv/confidence_gating 0 / train/inv/effective_rep_weight 0.02 / train/inv/head_objective 0.58 / train/inv/head_weight 0 / train/inv/objective 0.58 / train/inv/policy_weight_max 1 / train/inv/policy_weight_mean 1 / train/inv/policy_weight_min 1 / train/inv/policy_weight_std 0 / train/inv/valid_frac 1 / train/inv/weight 0.02 / train/loss/con 0.02 / train/loss/dyn 2.96 / train/loss/image 3.23 / train/loss/inv 0.01 / train/loss/policy -0.02 / train/loss/rep 2.96 / train/loss/repval 0.95 / train/loss/rew 0.58 / train/loss/value 0.88 / replay/replay_ratio 264 / fps/policy 7.78 / fps/train 1992.41

Writing metrics: /home/zhangpeiying01/lfy/btwm-7.7/runs/btwm_dmc_walker_walk_seed2_w002_b11_s2/metrics.jsonl
Writing metrics: /home/zhangpeiying01/lfy/btwm-7.7/runs/btwm_dmc_walker_walk_seed2_w002_b11_s2/scores.jsonl

--------------------[Agent Step 144_112]--------------------
Metrics filtered by: 'score|length|fps|ratio|train/loss/|train/acc/|train/inv/|train/rand/'
train/acc/inv 0.55 / train/inv/ce 1.39 / train/inv/confidence 0.32 / train/inv/confidence_gating 0 / train/inv/effective_rep_weight 0.02 / train/inv/head_objective 0.58 / train/inv/head_weight 0 / train/inv/objective 0.58 / train/inv/policy_weight_max 1 / train/inv/policy_weight_mean 1 / train/inv/policy_weight_min 1 / train/inv/policy_weight_std 0 / train/inv/valid_frac 1 / train/inv/weight 0.02 / train/loss/con 0.02 / train/loss/dyn 2.95 / train/loss/image 3.19 / train/loss/inv 0.01 / train/loss/policy -0.02 / train/loss/rep 2.95 / train/loss/repval 0.95 / train/loss/rew 0.58 / train/loss/value 0.87 / replay/replay_ratio 264 / fps/policy 7.51 / fps/train 1922.46

Writing metrics: /home/zhangpeiying01/lfy/btwm-7.7/runs/btwm_dmc_walker_walk_seed2_w002_b11_s2/metrics.jsonl
Writing metrics: /home/zhangpeiying01/lfy/btwm-7.7/runs/btwm_dmc_walker_walk_seed2_w002_b11_s2/scores.jsonl

--------------------[Agent Step 144_960]--------------------
Metrics filtered by: 'score|length|fps|ratio|train/loss/|train/acc/|train/inv/|train/rand/'
episode/score 928.02 / episode/length 1001 / train/acc/inv 0.55 / train/inv/ce 1.41 / train/inv/confidence 0.31 / train/inv/confidence_gating 0 / train/inv/effective_rep_weight 0.02 / train/inv/head_objective 0.59 / train/inv/head_weight 0 / train/inv/objective 0.59 / train/inv/policy_weight_max 1 / train/inv/policy_weight_mean 1 / train/inv/policy_weight_min 1 / train/inv/policy_weight_std 0 / train/inv/valid_frac 1 / train/inv/weight 0.02 / train/loss/con 0.02 / train/loss/dyn 3.14 / train/loss/image 3.45 / train/loss/inv 0.01 / train/loss/policy -0.01 / train/loss/rep 3.14 / train/loss/repval 0.95 / train/loss/rew 0.58 / train/loss/value 0.87 / replay/replay_ratio 264 / fps/policy 7.05 / fps/train 1804.34

Writing metrics: /home/zhangpeiying01/lfy/btwm-7.7/runs/btwm_dmc_walker_walk_seed2_w002_b11_s2/scores.jsonl
Writing metrics: /home/zhangpeiying01/lfy/btwm-7.7/runs/btwm_dmc_walker_walk_seed2_w002_b11_s2/metrics.jsonl

--------------------[Agent Step 145_792]--------------------
Metrics filtered by: 'score|length|fps|ratio|train/loss/|train/acc/|train/inv/|train/rand/'
train/acc/inv 0.55 / train/inv/ce 1.41 / train/inv/confidence 0.31 / train/inv/confidence_gating 0 / train/inv/effective_rep_weight 0.02 / train/inv/head_objective 0.59 / train/inv/head_weight 0 / train/inv/objective 0.59 / train/inv/policy_weight_max 1 / train/inv/policy_weight_mean 1 / train/inv/policy_weight_min 1 / train/inv/policy_weight_std 0 / train/inv/valid_frac 1 / train/inv/weight 0.02 / train/loss/con 0.02 / train/loss/dyn 3.11 / train/loss/image 3.54 / train/loss/inv 0.01 / train/loss/policy -0.02 / train/loss/rep 3.11 / train/loss/repval 0.95 / train/loss/rew 0.58 / train/loss/value 0.88 / replay/replay_ratio 264 / fps/policy 6.9 / fps/train 1767.43

Writing metrics: /home/zhangpeiying01/lfy/btwm-7.7/runs/btwm_dmc_walker_walk_seed2_w002_b11_s2/metrics.jsonl
Writing metrics: /home/zhangpeiying01/lfy/btwm-7.7/runs/btwm_dmc_walker_walk_seed2_w002_b11_s2/scores.jsonl

--------------------[Agent Step 146_640]--------------------
Metrics filtered by: 'score|length|fps|ratio|train/loss/|train/acc/|train/inv/|train/rand/'
train/acc/inv 0.55 / train/inv/ce 1.42 / train/inv/confidence 0.31 / train/inv/confidence_gating 0 / train/inv/effective_rep_weight 0.02 / train/inv/head_objective 0.59 / train/inv/head_weight 0 / train/inv/objective 0.59 / train/inv/policy_weight_max 1 / train/inv/policy_weight_mean 1 / train/inv/policy_weight_min 1 / train/inv/policy_weight_std 0 / train/inv/valid_frac 1 / train/inv/weight 0.02 / train/loss/con 0.02 / train/loss/dyn 3 / train/loss/image 3.4 / train/loss/inv 0.01 / train/loss/policy -0.01 / train/loss/rep 3 / train/loss/repval 0.96 / train/loss/rew 0.58 / train/loss/value 0.89 / replay/replay_ratio 264 / fps/policy 6.92 / fps/train 1771.74

Writing metrics: /home/zhangpeiying01/lfy/btwm-7.7/runs/btwm_dmc_walker_walk_seed2_w002_b11_s2/metrics.jsonl
Writing metrics: /home/zhangpeiying01/lfy/btwm-7.7/runs/btwm_dmc_walker_walk_seed2_w002_b11_s2/scores.jsonl

--------------------[Agent Step 147_488]--------------------
Metrics filtered by: 'score|length|fps|ratio|train/loss/|train/acc/|train/inv/|train/rand/'
train/acc/inv 0.55 / train/inv/ce 1.41 / train/inv/confidence 0.31 / train/inv/confidence_gating 0 / train/inv/effective_rep_weight 0.02 / train/inv/head_objective 0.59 / train/inv/head_weight 0 / train/inv/objective 0.59 / train/inv/policy_weight_max 1 / train/inv/policy_weight_mean 1 / train/inv/policy_weight_min 1 / train/inv/policy_weight_std 0 / train/inv/valid_frac 1 / train/inv/weight 0.02 / train/loss/con 0.02 / train/loss/dyn 2.98 / train/loss/image 3.34 / train/loss/inv 0.01 / train/loss/policy -0.01 / train/loss/rep 2.98 / train/loss/repval 0.96 / train/loss/rew 0.58 / train/loss/value 0.89 / replay/replay_ratio 264 / fps/policy 7 / fps/train 1791.48

Writing metrics: /home/zhangpeiying01/lfy/btwm-7.7/runs/btwm_dmc_walker_walk_seed2_w002_b11_s2/scores.jsonl
Writing metrics: /home/zhangpeiying01/lfy/btwm-7.7/runs/btwm_dmc_walker_walk_seed2_w002_b11_s2/metrics.jsonl

--------------------[Agent Step 148_336]--------------------
Metrics filtered by: 'score|length|fps|ratio|train/loss/|train/acc/|train/inv/|train/rand/'
train/acc/inv 0.55 / train/inv/ce 1.4 / train/inv/confidence 0.31 / train/inv/confidence_gating 0 / train/inv/effective_rep_weight 0.02 / train/inv/head_objective 0.58 / train/inv/head_weight 0 / train/inv/objective 0.58 / train/inv/policy_weight_max 1 / train/inv/policy_weight_mean 1 / train/inv/policy_weight_min 1 / train/inv/policy_weight_std 0 / train/inv/valid_frac 1 / train/inv/weight 0.02 / train/loss/con 0.02 / train/loss/dyn 2.91 / train/loss/image 3.27 / train/loss/inv 0.01 / train/loss/policy -0.01 / train/loss/rep 2.91 / train/loss/repval 0.96 / train/loss/rew 0.58 / train/loss/value 0.89 / replay/replay_ratio 264 / fps/policy 6.94 / fps/train 1776.92

Writing metrics: /home/zhangpeiying01/lfy/btwm-7.7/runs/btwm_dmc_walker_walk_seed2_w002_b11_s2/metrics.jsonl
Writing metrics: /home/zhangpeiying01/lfy/btwm-7.7/runs/btwm_dmc_walker_walk_seed2_w002_b11_s2/scores.jsonl

--------------------[Agent Step 149_184]--------------------
Metrics filtered by: 'score|length|fps|ratio|train/loss/|train/acc/|train/inv/|train/rand/'
train/acc/inv 0.54 / train/inv/ce 1.42 / train/inv/confidence 0.3 / train/inv/confidence_gating 0 / train/inv/effective_rep_weight 0.02 / train/inv/head_objective 0.59 / train/inv/head_weight 0 / train/inv/objective 0.59 / train/inv/policy_weight_max 1 / train/inv/policy_weight_mean 1 / train/inv/policy_weight_min 1 / train/inv/policy_weight_std 0 / train/inv/valid_frac 1 / train/inv/weight 0.02 / train/loss/con 0.02 / train/loss/dyn 3.01 / train/loss/image 3.29 / train/loss/inv 0.01 / train/loss/policy -0.01 / train/loss/rep 3.01 / train/loss/repval 0.95 / train/loss/rew 0.58 / train/loss/value 0.88 / replay/replay_ratio 264 / fps/policy 6.95 / fps/train 1780.14

Writing metrics: /home/zhangpeiying01/lfy/btwm-7.7/runs/btwm_dmc_walker_walk_seed2_w002_b11_s2/metrics.jsonl
Writing metrics: /home/zhangpeiying01/lfy/btwm-7.7/runs/btwm_dmc_walker_walk_seed2_w002_b11_s2/scores.jsonl

--------------------[Agent Step 150_032]--------------------
Metrics filtered by: 'score|length|fps|ratio|train/loss/|train/acc/|train/inv/|train/rand/'
train/acc/inv 0.55 / train/inv/ce 1.4 / train/inv/confidence 0.31 / train/inv/confidence_gating 0 / train/inv/effective_rep_weight 0.02 / train/inv/head_objective 0.58 / train/inv/head_weight 0 / train/inv/objective 0.58 / train/inv/policy_weight_max 1 / train/inv/policy_weight_mean 1 / train/inv/policy_weight_min 1 / train/inv/policy_weight_std 0 / train/inv/valid_frac 1 / train/inv/weight 0.02 / train/loss/con 0.02 / train/loss/dyn 2.95 / train/loss/image 3.27 / train/loss/inv 0.01 / train/loss/policy -0.01 / train/loss/rep 2.95 / train/loss/repval 0.95 / train/loss/rew 0.58 / train/loss/value 0.88 / replay/replay_ratio 264 / fps/policy 6.98 / fps/train 1786.04

Writing metrics: /home/zhangpeiying01/lfy/btwm-7.7/runs/btwm_dmc_walker_walk_seed2_w002_b11_s2/scores.jsonl
Writing metrics: /home/zhangpeiying01/lfy/btwm-7.7/runs/btwm_dmc_walker_walk_seed2_w002_b11_s2/metrics.jsonl

--------------------[Agent Step 150_880]--------------------
Metrics filtered by: 'score|length|fps|ratio|train/loss/|train/acc/|train/inv/|train/rand/'
train/acc/inv 0.55 / train/inv/ce 1.4 / train/inv/confidence 0.31 / train/inv/confidence_gating 0 / train/inv/effective_rep_weight 0.02 / train/inv/head_objective 0.58 / train/inv/head_weight 0 / train/inv/objective 0.58 / train/inv/policy_weight_max 1 / train/inv/policy_weight_mean 1 / train/inv/policy_weight_min 1 / train/inv/policy_weight_std 0 / train/inv/valid_frac 1 / train/inv/weight 0.02 / train/loss/con 0.02 / train/loss/dyn 2.96 / train/loss/image 3.26 / train/loss/inv 0.01 / train/loss/policy -0.01 / train/loss/rep 2.96 / train/loss/repval 0.95 / train/loss/rew 0.58 / train/loss/value 0.88 / replay/replay_ratio 264 / fps/policy 6.99 / fps/train 1789.74

Writing metrics: /home/zhangpeiying01/lfy/btwm-7.7/runs/btwm_dmc_walker_walk_seed2_w002_b11_s2/metrics.jsonl
Writing metrics: /home/zhangpeiying01/lfy/btwm-7.7/runs/btwm_dmc_walker_walk_seed2_w002_b11_s2/scores.jsonl

--------------------[Agent Step 151_728]--------------------
Metrics filtered by: 'score|length|fps|ratio|train/loss/|train/acc/|train/inv/|train/rand/'
train/acc/inv 0.55 / train/inv/ce 1.41 / train/inv/confidence 0.31 / train/inv/confidence_gating 0 / train/inv/effective_rep_weight 0.02 / train/inv/head_objective 0.59 / train/inv/head_weight 0 / train/inv/objective 0.59 / train/inv/policy_weight_max 1 / train/inv/policy_weight_mean 1 / train/inv/policy_weight_min 1 / train/inv/policy_weight_std 0 / train/inv/valid_frac 1 / train/inv/weight 0.02 / train/loss/con 0.02 / train/loss/dyn 3.01 / train/loss/image 3.27 / train/loss/inv 0.01 / train/loss/policy -0.01 / train/loss/rep 3.01 / train/loss/repval 0.95 / train/loss/rew 0.58 / train/loss/value 0.88 / replay/replay_ratio 264 / fps/policy 6.94 / fps/train 1776.46

Writing metrics: /home/zhangpeiying01/lfy/btwm-7.7/runs/btwm_dmc_walker_walk_seed2_w002_b11_s2/metrics.jsonl
Writing metrics: /home/zhangpeiying01/lfy/btwm-7.7/runs/btwm_dmc_walker_walk_seed2_w002_b11_s2/scores.jsonl

--------------------[Agent Step 152_560]--------------------
Metrics filtered by: 'score|length|fps|ratio|train/loss/|train/acc/|train/inv/|train/rand/'
train/acc/inv 0.55 / train/inv/ce 1.4 / train/inv/confidence 0.31 / train/inv/confidence_gating 0 / train/inv/effective_rep_weight 0.02 / train/inv/head_objective 0.59 / train/inv/head_weight 0 / train/inv/objective 0.59 / train/inv/policy_weight_max 1 / train/inv/policy_weight_mean 1 / train/inv/policy_weight_min 1 / train/inv/policy_weight_std 0 / train/inv/valid_frac 1 / train/inv/weight 0.02 / train/loss/con 0.02 / train/loss/dyn 2.91 / train/loss/image 3.21 / train/loss/inv 0.01 / train/loss/policy -0.01 / train/loss/rep 2.91 / train/loss/repval 0.96 / train/loss/rew 0.58 / train/loss/value 0.88 / replay/replay_ratio 264 / fps/policy 6.85 / fps/train 1754.82

Writing metrics: /home/zhangpeiying01/lfy/btwm-7.7/runs/btwm_dmc_walker_walk_seed2_w002_b11_s2/metrics.jsonl
Writing metrics: /home/zhangpeiying01/lfy/btwm-7.7/runs/btwm_dmc_walker_walk_seed2_w002_b11_s2/scores.jsonl

--------------------[Agent Step 153_392]--------------------
Metrics filtered by: 'score|length|fps|ratio|train/loss/|train/acc/|train/inv/|train/rand/'
train/acc/inv 0.55 / train/inv/ce 1.41 / train/inv/confidence 0.31 / train/inv/confidence_gating 0 / train/inv/effective_rep_weight 0.02 / train/inv/head_objective 0.59 / train/inv/head_weight 0 / train/inv/objective 0.59 / train/inv/policy_weight_max 1 / train/inv/policy_weight_mean 1 / train/inv/policy_weight_min 1 / train/inv/policy_weight_std 0 / train/inv/valid_frac 1 / train/inv/weight 0.02 / train/loss/con 0.02 / train/loss/dyn 2.97 / train/loss/image 3.22 / train/loss/inv 0.01 / train/loss/policy -0.01 / train/loss/rep 2.97 / train/loss/repval 0.95 / train/loss/rew 0.59 / train/loss/value 0.88 / replay/replay_ratio 264 / fps/policy 6.81 / fps/train 1742.86

Writing metrics: /home/zhangpeiying01/lfy/btwm-7.7/runs/btwm_dmc_walker_walk_seed2_w002_b11_s2/metrics.jsonl
Writing metrics: /home/zhangpeiying01/lfy/btwm-7.7/runs/btwm_dmc_walker_walk_seed2_w002_b11_s2/scores.jsonl

--------------------[Agent Step 154_400]--------------------
Metrics filtered by: 'score|length|fps|ratio|train/loss/|train/acc/|train/inv/|train/rand/'
train/acc/inv 0.55 / train/inv/ce 1.4 / train/inv/confidence 0.31 / train/inv/confidence_gating 0 / train/inv/effective_rep_weight 0.02 / train/inv/head_objective 0.58 / train/inv/head_weight 0 / train/inv/objective 0.58 / train/inv/policy_weight_max 1 / train/inv/policy_weight_mean 1 / train/inv/policy_weight_min 1 / train/inv/policy_weight_std 0 / train/inv/valid_frac 1 / train/inv/weight 0.02 / train/loss/con 0.02 / train/loss/dyn 2.93 / train/loss/image 3.18 / train/loss/inv 0.01 / train/loss/policy -0.01 / train/loss/rep 2.93 / train/loss/repval 0.96 / train/loss/rew 0.58 / train/loss/value 0.88 / replay/replay_ratio 264 / fps/policy 8.47 / fps/train 2168.7

Writing metrics: /home/zhangpeiying01/lfy/btwm-7.7/runs/btwm_dmc_walker_walk_seed2_w002_b11_s2/metrics.jsonl
Writing metrics: /home/zhangpeiying01/lfy/btwm-7.7/runs/btwm_dmc_walker_walk_seed2_w002_b11_s2/scores.jsonl

--------------------[Agent Step 155_424]--------------------
Metrics filtered by: 'score|length|fps|ratio|train/loss/|train/acc/|train/inv/|train/rand/'
train/acc/inv 0.56 / train/inv/ce 1.4 / train/inv/confidence 0.31 / train/inv/confidence_gating 0 / train/inv/effective_rep_weight 0.02 / train/inv/head_objective 0.58 / train/inv/head_weight 0 / train/inv/objective 0.58 / train/inv/policy_weight_max 1 / train/inv/policy_weight_mean 1 / train/inv/policy_weight_min 1 / train/inv/policy_weight_std 0 / train/inv/valid_frac 1 / train/inv/weight 0.02 / train/loss/con 0.02 / train/loss/dyn 2.95 / train/loss/image 3.17 / train/loss/inv 0.01 / train/loss/policy -0.02 / train/loss/rep 2.95 / train/loss/repval 0.95 / train/loss/rew 0.58 / train/loss/value 0.88 / replay/replay_ratio 264 / fps/policy 8.48 / fps/train 2169.96

Writing metrics: /home/zhangpeiying01/lfy/btwm-7.7/runs/btwm_dmc_walker_walk_seed2_w002_b11_s2/metrics.jsonl
Writing metrics: /home/zhangpeiying01/lfy/btwm-7.7/runs/btwm_dmc_walker_walk_seed2_w002_b11_s2/scores.jsonl
Saving checkpoint: /home/zhangpeiying01/lfy/btwm-7.7/runs/btwm_dmc_walker_walk_seed2_w002_b11_s2/ckpt/20260716T160806F757605
Saved checkpoint.

--------------------[Agent Step 156_384]--------------------
Metrics filtered by: 'score|length|fps|ratio|train/loss/|train/acc/|train/inv/|train/rand/'
train/acc/inv 0.55 / train/inv/ce 1.41 / train/inv/confidence 0.31 / train/inv/confidence_gating 0 / train/inv/effective_rep_weight 0.02 / train/inv/head_objective 0.59 / train/inv/head_weight 0 / train/inv/objective 0.59 / train/inv/policy_weight_max 1 / train/inv/policy_weight_mean 1 / train/inv/policy_weight_min 1 / train/inv/policy_weight_std 0 / train/inv/valid_frac 1 / train/inv/weight 0.02 / train/loss/con 0.02 / train/loss/dyn 2.94 / train/loss/image 3.15 / train/loss/inv 0.01 / train/loss/policy -0.01 / train/loss/rep 2.94 / train/loss/repval 0.95 / train/loss/rew 0.59 / train/loss/value 0.88 / replay/replay_ratio 264 / fps/policy 7.93 / fps/train 2028.97

Writing metrics: /home/zhangpeiying01/lfy/btwm-7.7/runs/btwm_dmc_walker_walk_seed2_w002_b11_s2/metrics.jsonl
Writing metrics: /home/zhangpeiying01/lfy/btwm-7.7/runs/btwm_dmc_walker_walk_seed2_w002_b11_s2/scores.jsonl

--------------------[Agent Step 157_264]--------------------
Metrics filtered by: 'score|length|fps|ratio|train/loss/|train/acc/|train/inv/|train/rand/'
train/acc/inv 0.55 / train/inv/ce 1.4 / train/inv/confidence 0.31 / train/inv/confidence_gating 0 / train/inv/effective_rep_weight 0.02 / train/inv/head_objective 0.58 / train/inv/head_weight 0 / train/inv/objective 0.58 / train/inv/policy_weight_max 1 / train/inv/policy_weight_mean 1 / train/inv/policy_weight_min 1 / train/inv/policy_weight_std 0 / train/inv/valid_frac 1 / train/inv/weight 0.02 / train/loss/con 0.02 / train/loss/dyn 2.9 / train/loss/image 3.15 / train/loss/inv 0.01 / train/loss/policy -0.01 / train/loss/rep 2.9 / train/loss/repval 0.95 / train/loss/rew 0.59 / train/loss/value 0.88 / replay/replay_ratio 264 / fps/policy 7.2 / fps/train 1842.48

Writing metrics: /home/zhangpeiying01/lfy/btwm-7.7/runs/btwm_dmc_walker_walk_seed2_w002_b11_s2/scores.jsonl
Writing metrics: /home/zhangpeiying01/lfy/btwm-7.7/runs/btwm_dmc_walker_walk_seed2_w002_b11_s2/metrics.jsonl

--------------------[Agent Step 158_048]--------------------
Metrics filtered by: 'score|length|fps|ratio|train/loss/|train/acc/|train/inv/|train/rand/'
train/acc/inv 0.55 / train/inv/ce 1.42 / train/inv/confidence 0.31 / train/inv/confidence_gating 0 / train/inv/effective_rep_weight 0.02 / train/inv/head_objective 0.59 / train/inv/head_weight 0 / train/inv/objective 0.59 / train/inv/policy_weight_max 1 / train/inv/policy_weight_mean 1 / train/inv/policy_weight_min 1 / train/inv/policy_weight_std 0 / train/inv/valid_frac 1 / train/inv/weight 0.02 / train/loss/con 0.02 / train/loss/dyn 2.97 / train/loss/image 3.17 / train/loss/inv 0.01 / train/loss/policy -0.01 / train/loss/rep 2.97 / train/loss/repval 0.94 / train/loss/rew 0.59 / train/loss/value 0.87 / replay/replay_ratio 264 / fps/policy 6.49 / fps/train 1660.19

Writing metrics: /home/zhangpeiying01/lfy/btwm-7.7/runs/btwm_dmc_walker_walk_seed2_w002_b11_s2/scores.jsonl
Writing metrics: /home/zhangpeiying01/lfy/btwm-7.7/runs/btwm_dmc_walker_walk_seed2_w002_b11_s2/metrics.jsonl

--------------------[Agent Step 158_912]--------------------
Metrics filtered by: 'score|length|fps|ratio|train/loss/|train/acc/|train/inv/|train/rand/'
train/acc/inv 0.55 / train/inv/ce 1.41 / train/inv/confidence 0.31 / train/inv/confidence_gating 0 / train/inv/effective_rep_weight 0.02 / train/inv/head_objective 0.59 / train/inv/head_weight 0 / train/inv/objective 0.59 / train/inv/policy_weight_max 1 / train/inv/policy_weight_mean 1 / train/inv/policy_weight_min 1 / train/inv/policy_weight_std 0 / train/inv/valid_frac 1 / train/inv/weight 0.02 / train/loss/con 0.02 / train/loss/dyn 2.89 / train/loss/image 3.12 / train/loss/inv 0.01 / train/loss/policy -0.01 / train/loss/rep 2.89 / train/loss/repval 0.94 / train/loss/rew 0.59 / train/loss/value 0.87 / replay/replay_ratio 264 / fps/policy 7.2 / fps/train 1842.68

Writing metrics: /home/zhangpeiying01/lfy/btwm-7.7/runs/btwm_dmc_walker_walk_seed2_w002_b11_s2/metrics.jsonl
Writing metrics: /home/zhangpeiying01/lfy/btwm-7.7/runs/btwm_dmc_walker_walk_seed2_w002_b11_s2/scores.jsonl

--------------------[Agent Step 159_776]--------------------
Metrics filtered by: 'score|length|fps|ratio|train/loss/|train/acc/|train/inv/|train/rand/'
train/acc/inv 0.55 / train/inv/ce 1.41 / train/inv/confidence 0.31 / train/inv/confidence_gating 0 / train/inv/effective_rep_weight 0.02 / train/inv/head_objective 0.59 / train/inv/head_weight 0 / train/inv/objective 0.59 / train/inv/policy_weight_max 1 / train/inv/policy_weight_mean 1 / train/inv/policy_weight_min 1 / train/inv/policy_weight_std 0 / train/inv/valid_frac 1 / train/inv/weight 0.02 / train/loss/con 0.02 / train/loss/dyn 2.94 / train/loss/image 3.15 / train/loss/inv 0.01 / train/loss/policy -0.01 / train/loss/rep 2.94 / train/loss/repval 0.94 / train/loss/rew 0.59 / train/loss/value 0.87 / replay/replay_ratio 264 / fps/policy 7.15 / fps/train 1830.85

Writing metrics: /home/zhangpeiying01/lfy/btwm-7.7/runs/btwm_dmc_walker_walk_seed2_w002_b11_s2/metrics.jsonl
Writing metrics: /home/zhangpeiying01/lfy/btwm-7.7/runs/btwm_dmc_walker_walk_seed2_w002_b11_s2/scores.jsonl

--------------------[Agent Step 160_640]--------------------
Metrics filtered by: 'score|length|fps|ratio|train/loss/|train/acc/|train/inv/|train/rand/'
episode/score 887.36 / episode/length 1001 / train/acc/inv 0.55 / train/inv/ce 1.42 / train/inv/confidence 0.31 / train/inv/confidence_gating 0 / train/inv/effective_rep_weight 0.02 / train/inv/head_objective 0.59 / train/inv/head_weight 0 / train/inv/objective 0.59 / train/inv/policy_weight_max 1 / train/inv/policy_weight_mean 1 / train/inv/policy_weight_min 1 / train/inv/policy_weight_std 0 / train/inv/valid_frac 1 / train/inv/weight 0.02 / train/loss/con 0.02 / train/loss/dyn 3.02 / train/loss/image 3.23 / train/loss/inv 0.01 / train/loss/policy -0.01 / train/loss/rep 3.02 / train/loss/repval 0.94 / train/loss/rew 0.59 / train/loss/value 0.87 / replay/replay_ratio 264 / fps/policy 7.17 / fps/train 1836.35

Writing metrics: /home/zhangpeiying01/lfy/btwm-7.7/runs/btwm_dmc_walker_walk_seed2_w002_b11_s2/metrics.jsonl
Writing metrics: /home/zhangpeiying01/lfy/btwm-7.7/runs/btwm_dmc_walker_walk_seed2_w002_b11_s2/scores.jsonl

--------------------[Agent Step 161_488]--------------------
Metrics filtered by: 'score|length|fps|ratio|train/loss/|train/acc/|train/inv/|train/rand/'
train/acc/inv 0.55 / train/inv/ce 1.42 / train/inv/confidence 0.31 / train/inv/confidence_gating 0 / train/inv/effective_rep_weight 0.02 / train/inv/head_objective 0.59 / train/inv/head_weight 0 / train/inv/objective 0.59 / train/inv/policy_weight_max 1 / train/inv/policy_weight_mean 1 / train/inv/policy_weight_min 1 / train/inv/policy_weight_std 0 / train/inv/valid_frac 1 / train/inv/weight 0.02 / train/loss/con 0.02 / train/loss/dyn 3.01 / train/loss/image 3.31 / train/loss/inv 0.01 / train/loss/policy -9.7e-3 / train/loss/rep 3.01 / train/loss/repval 0.94 / train/loss/rew 0.59 / train/loss/value 0.87 / replay/replay_ratio 264 / fps/policy 7.03 / fps/train 1798.78

Writing metrics: /home/zhangpeiying01/lfy/btwm-7.7/runs/btwm_dmc_walker_walk_seed2_w002_b11_s2/scores.jsonl
Writing metrics: /home/zhangpeiying01/lfy/btwm-7.7/runs/btwm_dmc_walker_walk_seed2_w002_b11_s2/metrics.jsonl

--------------------[Agent Step 162_352]--------------------
Metrics filtered by: 'score|length|fps|ratio|train/loss/|train/acc/|train/inv/|train/rand/'
train/acc/inv 0.55 / train/inv/ce 1.43 / train/inv/confidence 0.3 / train/inv/confidence_gating 0 / train/inv/effective_rep_weight 0.02 / train/inv/head_objective 0.6 / train/inv/head_weight 0 / train/inv/objective 0.6 / train/inv/policy_weight_max 1 / train/inv/policy_weight_mean 1 / train/inv/policy_weight_min 1 / train/inv/policy_weight_std 0 / train/inv/valid_frac 1 / train/inv/weight 0.02 / train/loss/con 0.02 / train/loss/dyn 3.04 / train/loss/image 3.31 / train/loss/inv 0.01 / train/loss/policy -0.01 / train/loss/rep 3.04 / train/loss/repval 0.94 / train/loss/rew 0.59 / train/loss/value 0.87 / replay/replay_ratio 264 / fps/policy 7.1 / fps/train 1818.41

Writing metrics: /home/zhangpeiying01/lfy/btwm-7.7/runs/btwm_dmc_walker_walk_seed2_w002_b11_s2/metrics.jsonl
Writing metrics: /home/zhangpeiying01/lfy/btwm-7.7/runs/btwm_dmc_walker_walk_seed2_w002_b11_s2/scores.jsonl

--------------------[Agent Step 163_200]--------------------
Metrics filtered by: 'score|length|fps|ratio|train/loss/|train/acc/|train/inv/|train/rand/'
train/acc/inv 0.55 / train/inv/ce 1.43 / train/inv/confidence 0.3 / train/inv/confidence_gating 0 / train/inv/effective_rep_weight 0.02 / train/inv/head_objective 0.6 / train/inv/head_weight 0 / train/inv/objective 0.6 / train/inv/policy_weight_max 1 / train/inv/policy_weight_mean 1 / train/inv/policy_weight_min 1 / train/inv/policy_weight_std 0 / train/inv/valid_frac 1 / train/inv/weight 0.02 / train/loss/con 0.02 / train/loss/dyn 2.93 / train/loss/image 3.19 / train/loss/inv 0.01 / train/loss/policy -5.6e-3 / train/loss/rep 2.93 / train/loss/repval 0.94 / train/loss/rew 0.59 / train/loss/value 0.87 / replay/replay_ratio 264 / fps/policy 6.94 / fps/train 1776.46

Writing metrics: /home/zhangpeiying01/lfy/btwm-7.7/runs/btwm_dmc_walker_walk_seed2_w002_b11_s2/metrics.jsonl
Writing metrics: /home/zhangpeiying01/lfy/btwm-7.7/runs/btwm_dmc_walker_walk_seed2_w002_b11_s2/scores.jsonl

--------------------[Agent Step 164_016]--------------------
Metrics filtered by: 'score|length|fps|ratio|train/loss/|train/acc/|train/inv/|train/rand/'
train/acc/inv 0.55 / train/inv/ce 1.42 / train/inv/confidence 0.31 / train/inv/confidence_gating 0 / train/inv/effective_rep_weight 0.02 / train/inv/head_objective 0.59 / train/inv/head_weight 0 / train/inv/objective 0.59 / train/inv/policy_weight_max 1 / train/inv/policy_weight_mean 1 / train/inv/policy_weight_min 1 / train/inv/policy_weight_std 0 / train/inv/valid_frac 1 / train/inv/weight 0.02 / train/loss/con 0.02 / train/loss/dyn 2.89 / train/loss/image 3.14 / train/loss/inv 0.01 / train/loss/policy -0.01 / train/loss/rep 2.89 / train/loss/repval 0.94 / train/loss/rew 0.59 / train/loss/value 0.87 / replay/replay_ratio 264 / fps/policy 6.8 / fps/train 1741.76

Writing metrics: /home/zhangpeiying01/lfy/btwm-7.7/runs/btwm_dmc_walker_walk_seed2_w002_b11_s2/metrics.jsonl
Writing metrics: /home/zhangpeiying01/lfy/btwm-7.7/runs/btwm_dmc_walker_walk_seed2_w002_b11_s2/scores.jsonl

--------------------[Agent Step 164_832]--------------------
Metrics filtered by: 'score|length|fps|ratio|train/loss/|train/acc/|train/inv/|train/rand/'
train/acc/inv 0.55 / train/inv/ce 1.43 / train/inv/confidence 0.3 / train/inv/confidence_gating 0 / train/inv/effective_rep_weight 0.02 / train/inv/head_objective 0.59 / train/inv/head_weight 0 / train/inv/objective 0.59 / train/inv/policy_weight_max 1 / train/inv/policy_weight_mean 1 / train/inv/policy_weight_min 1 / train/inv/policy_weight_std 0 / train/inv/valid_frac 1 / train/inv/weight 0.02 / train/loss/con 0.02 / train/loss/dyn 2.95 / train/loss/image 3.14 / train/loss/inv 0.01 / train/loss/policy -0.01 / train/loss/rep 2.95 / train/loss/repval 0.95 / train/loss/rew 0.59 / train/loss/value 0.87 / replay/replay_ratio 264 / fps/policy 6.8 / fps/train 1739.55

Writing metrics: /home/zhangpeiying01/lfy/btwm-7.7/runs/btwm_dmc_walker_walk_seed2_w002_b11_s2/metrics.jsonl
Writing metrics: /home/zhangpeiying01/lfy/btwm-7.7/runs/btwm_dmc_walker_walk_seed2_w002_b11_s2/scores.jsonl

--------------------[Agent Step 165_680]--------------------
Metrics filtered by: 'score|length|fps|ratio|train/loss/|train/acc/|train/inv/|train/rand/'
train/acc/inv 0.55 / train/inv/ce 1.43 / train/inv/confidence 0.3 / train/inv/confidence_gating 0 / train/inv/effective_rep_weight 0.02 / train/inv/head_objective 0.6 / train/inv/head_weight 0 / train/inv/objective 0.6 / train/inv/policy_weight_max 1 / train/inv/policy_weight_mean 1 / train/inv/policy_weight_min 1 / train/inv/policy_weight_std 0 / train/inv/valid_frac 1 / train/inv/weight 0.02 / train/loss/con 0.02 / train/loss/dyn 2.91 / train/loss/image 3.11 / train/loss/inv 0.01 / train/loss/policy -0.01 / train/loss/rep 2.91 / train/loss/repval 0.94 / train/loss/rew 0.59 / train/loss/value 0.87 / replay/replay_ratio 264 / fps/policy 7.03 / fps/train 1800.63

Writing metrics: /home/zhangpeiying01/lfy/btwm-7.7/runs/btwm_dmc_walker_walk_seed2_w002_b11_s2/metrics.jsonl
Writing metrics: /home/zhangpeiying01/lfy/btwm-7.7/runs/btwm_dmc_walker_walk_seed2_w002_b11_s2/scores.jsonl

--------------------[Agent Step 166_496]--------------------
Metrics filtered by: 'score|length|fps|ratio|train/loss/|train/acc/|train/inv/|train/rand/'
train/acc/inv 0.55 / train/inv/ce 1.43 / train/inv/confidence 0.3 / train/inv/confidence_gating 0 / train/inv/effective_rep_weight 0.02 / train/inv/head_objective 0.59 / train/inv/head_weight 0 / train/inv/objective 0.59 / train/inv/policy_weight_max 1 / train/inv/policy_weight_mean 1 / train/inv/policy_weight_min 1 / train/inv/policy_weight_std 0 / train/inv/valid_frac 1 / train/inv/weight 0.02 / train/loss/con 0.02 / train/loss/dyn 2.94 / train/loss/image 3.13 / train/loss/inv 0.01 / train/loss/policy -0.02 / train/loss/rep 2.94 / train/loss/repval 0.94 / train/loss/rew 0.59 / train/loss/value 0.87 / replay/replay_ratio 264 / fps/policy 6.76 / fps/train 1731.48

Writing metrics: /home/zhangpeiying01/lfy/btwm-7.7/runs/btwm_dmc_walker_walk_seed2_w002_b11_s2/metrics.jsonl
Writing metrics: /home/zhangpeiying01/lfy/btwm-7.7/runs/btwm_dmc_walker_walk_seed2_w002_b11_s2/scores.jsonl

--------------------[Agent Step 167_312]--------------------
Metrics filtered by: 'score|length|fps|ratio|train/loss/|train/acc/|train/inv/|train/rand/'
train/acc/inv 0.55 / train/inv/ce 1.42 / train/inv/confidence 0.3 / train/inv/confidence_gating 0 / train/inv/effective_rep_weight 0.02 / train/inv/head_objective 0.59 / train/inv/head_weight 0 / train/inv/objective 0.59 / train/inv/policy_weight_max 1 / train/inv/policy_weight_mean 1 / train/inv/policy_weight_min 1 / train/inv/policy_weight_std 0 / train/inv/valid_frac 1 / train/inv/weight 0.02 / train/loss/con 0.02 / train/loss/dyn 2.9 / train/loss/image 3.11 / train/loss/inv 0.01 / train/loss/policy -0.02 / train/loss/rep 2.9 / train/loss/repval 0.95 / train/loss/rew 0.59 / train/loss/value 0.88 / replay/replay_ratio 264 / fps/policy 6.79 / fps/train 1737.98

Writing metrics: /home/zhangpeiying01/lfy/btwm-7.7/runs/btwm_dmc_walker_walk_seed2_w002_b11_s2/metrics.jsonl
Writing metrics: /home/zhangpeiying01/lfy/btwm-7.7/runs/btwm_dmc_walker_walk_seed2_w002_b11_s2/scores.jsonl

--------------------[Agent Step 168_160]--------------------
Metrics filtered by: 'score|length|fps|ratio|train/loss/|train/acc/|train/inv/|train/rand/'
train/acc/inv 0.55 / train/inv/ce 1.43 / train/inv/confidence 0.3 / train/inv/confidence_gating 0 / train/inv/effective_rep_weight 0.02 / train/inv/head_objective 0.59 / train/inv/head_weight 0 / train/inv/objective 0.59 / train/inv/policy_weight_max 1 / train/inv/policy_weight_mean 1 / train/inv/policy_weight_min 1 / train/inv/policy_weight_std 0 / train/inv/valid_frac 1 / train/inv/weight 0.02 / train/loss/con 0.02 / train/loss/dyn 2.96 / train/loss/image 3.14 / train/loss/inv 0.01 / train/loss/policy -0.01 / train/loss/rep 2.96 / train/loss/repval 0.95 / train/loss/rew 0.59 / train/loss/value 0.88 / replay/replay_ratio 264 / fps/policy 6.95 / fps/train 1778.48

Writing metrics: /home/zhangpeiying01/lfy/btwm-7.7/runs/btwm_dmc_walker_walk_seed2_w002_b11_s2/scores.jsonl
Writing metrics: /home/zhangpeiying01/lfy/btwm-7.7/runs/btwm_dmc_walker_walk_seed2_w002_b11_s2/metrics.jsonl

--------------------[Agent Step 168_992]--------------------
Metrics filtered by: 'score|length|fps|ratio|train/loss/|train/acc/|train/inv/|train/rand/'
train/acc/inv 0.55 / train/inv/ce 1.43 / train/inv/confidence 0.3 / train/inv/confidence_gating 0 / train/inv/effective_rep_weight 0.02 / train/inv/head_objective 0.59 / train/inv/head_weight 0 / train/inv/objective 0.59 / train/inv/policy_weight_max 1 / train/inv/policy_weight_mean 1 / train/inv/policy_weight_min 1 / train/inv/policy_weight_std 0 / train/inv/valid_frac 1 / train/inv/weight 0.02 / train/loss/con 0.02 / train/loss/dyn 2.94 / train/loss/image 3.1 / train/loss/inv 0.01 / train/loss/policy -0.01 / train/loss/rep 2.94 / train/loss/repval 0.94 / train/loss/rew 0.59 / train/loss/value 0.87 / replay/replay_ratio 264 / fps/policy 6.87 / fps/train 1758.22

Writing metrics: /home/zhangpeiying01/lfy/btwm-7.7/runs/btwm_dmc_walker_walk_seed2_w002_b11_s2/metrics.jsonl
Writing metrics: /home/zhangpeiying01/lfy/btwm-7.7/runs/btwm_dmc_walker_walk_seed2_w002_b11_s2/scores.jsonl

--------------------[Agent Step 169_824]--------------------
Metrics filtered by: 'score|length|fps|ratio|train/loss/|train/acc/|train/inv/|train/rand/'
train/acc/inv 0.55 / train/inv/ce 1.42 / train/inv/confidence 0.31 / train/inv/confidence_gating 0 / train/inv/effective_rep_weight 0.02 / train/inv/head_objective 0.59 / train/inv/head_weight 0 / train/inv/objective 0.59 / train/inv/policy_weight_max 1 / train/inv/policy_weight_mean 1 / train/inv/policy_weight_min 1 / train/inv/policy_weight_std 0 / train/inv/valid_frac 1 / train/inv/weight 0.02 / train/loss/con 0.02 / train/loss/dyn 2.93 / train/loss/image 3.12 / train/loss/inv 0.01 / train/loss/policy -0.01 / train/loss/rep 2.93 / train/loss/repval 0.94 / train/loss/rew 0.59 / train/loss/value 0.87 / replay/replay_ratio 264 / fps/policy 6.79 / fps/train 1737.91

Writing metrics: /home/zhangpeiying01/lfy/btwm-7.7/runs/btwm_dmc_walker_walk_seed2_w002_b11_s2/scores.jsonl
Writing metrics: /home/zhangpeiying01/lfy/btwm-7.7/runs/btwm_dmc_walker_walk_seed2_w002_b11_s2/metrics.jsonl

--------------------[Agent Step 170_656]--------------------
Metrics filtered by: 'score|length|fps|ratio|train/loss/|train/acc/|train/inv/|train/rand/'
train/acc/inv 0.54 / train/inv/ce 1.44 / train/inv/confidence 0.3 / train/inv/confidence_gating 0 / train/inv/effective_rep_weight 0.02 / train/inv/head_objective 0.6 / train/inv/head_weight 0 / train/inv/objective 0.6 / train/inv/policy_weight_max 1 / train/inv/policy_weight_mean 1 / train/inv/policy_weight_min 1 / train/inv/policy_weight_std 0 / train/inv/valid_frac 1 / train/inv/weight 0.02 / train/loss/con 0.02 / train/loss/dyn 2.97 / train/loss/image 3.1 / train/loss/inv 0.01 / train/loss/policy -0.01 / train/loss/rep 2.97 / train/loss/repval 0.94 / train/loss/rew 0.59 / train/loss/value 0.87 / replay/replay_ratio 264 / fps/policy 6.89 / fps/train 1763.14

Writing metrics: /home/zhangpeiying01/lfy/btwm-7.7/runs/btwm_dmc_walker_walk_seed2_w002_b11_s2/metrics.jsonl
Writing metrics: /home/zhangpeiying01/lfy/btwm-7.7/runs/btwm_dmc_walker_walk_seed2_w002_b11_s2/scores.jsonl

--------------------[Agent Step 171_504]--------------------
Metrics filtered by: 'score|length|fps|ratio|train/loss/|train/acc/|train/inv/|train/rand/'
train/acc/inv 0.55 / train/inv/ce 1.44 / train/inv/confidence 0.3 / train/inv/confidence_gating 0 / train/inv/effective_rep_weight 0.02 / train/inv/head_objective 0.6 / train/inv/head_weight 0 / train/inv/objective 0.6 / train/inv/policy_weight_max 1 / train/inv/policy_weight_mean 1 / train/inv/policy_weight_min 1 / train/inv/policy_weight_std 0 / train/inv/valid_frac 1 / train/inv/weight 0.02 / train/loss/con 0.02 / train/loss/dyn 2.88 / train/loss/image 3.05 / train/loss/inv 0.01 / train/loss/policy -0.01 / train/loss/rep 2.88 / train/loss/repval 0.94 / train/loss/rew 0.59 / train/loss/value 0.87 / replay/replay_ratio 264 / fps/policy 6.94 / fps/train 1776.67

Writing metrics: /home/zhangpeiying01/lfy/btwm-7.7/runs/btwm_dmc_walker_walk_seed2_w002_b11_s2/metrics.jsonl
Writing metrics: /home/zhangpeiying01/lfy/btwm-7.7/runs/btwm_dmc_walker_walk_seed2_w002_b11_s2/scores.jsonl

--------------------[Agent Step 172_336]--------------------
Metrics filtered by: 'score|length|fps|ratio|train/loss/|train/acc/|train/inv/|train/rand/'
train/acc/inv 0.55 / train/inv/ce 1.41 / train/inv/confidence 0.31 / train/inv/confidence_gating 0 / train/inv/effective_rep_weight 0.02 / train/inv/head_objective 0.59 / train/inv/head_weight 0 / train/inv/objective 0.59 / train/inv/policy_weight_max 1 / train/inv/policy_weight_mean 1 / train/inv/policy_weight_min 1 / train/inv/policy_weight_std 0 / train/inv/valid_frac 1 / train/inv/weight 0.02 / train/loss/con 0.02 / train/loss/dyn 2.88 / train/loss/image 3.07 / train/loss/inv 0.01 / train/loss/policy -9.6e-3 / train/loss/rep 2.88 / train/loss/repval 0.95 / train/loss/rew 0.59 / train/loss/value 0.87 / replay/replay_ratio 264 / fps/policy 6.87 / fps/train 1758.81

Writing metrics: /home/zhangpeiying01/lfy/btwm-7.7/runs/btwm_dmc_walker_walk_seed2_w002_b11_s2/metrics.jsonl
Writing metrics: /home/zhangpeiying01/lfy/btwm-7.7/runs/btwm_dmc_walker_walk_seed2_w002_b11_s2/scores.jsonl

--------------------[Agent Step 173_168]--------------------
Metrics filtered by: 'score|length|fps|ratio|train/loss/|train/acc/|train/inv/|train/rand/'
train/acc/inv 0.55 / train/inv/ce 1.43 / train/inv/confidence 0.3 / train/inv/confidence_gating 0 / train/inv/effective_rep_weight 0.02 / train/inv/head_objective 0.6 / train/inv/head_weight 0 / train/inv/objective 0.6 / train/inv/policy_weight_max 1 / train/inv/policy_weight_mean 1 / train/inv/policy_weight_min 1 / train/inv/policy_weight_std 0 / train/inv/valid_frac 1 / train/inv/weight 0.02 / train/loss/con 0.02 / train/loss/dyn 2.87 / train/loss/image 3.03 / train/loss/inv 0.01 / train/loss/policy -0.01 / train/loss/rep 2.87 / train/loss/repval 0.93 / train/loss/rew 0.59 / train/loss/value 0.86 / replay/replay_ratio 264 / fps/policy 6.84 / fps/train 1752.18

Writing metrics: /home/zhangpeiying01/lfy/btwm-7.7/runs/btwm_dmc_walker_walk_seed2_w002_b11_s2/metrics.jsonl
Writing metrics: /home/zhangpeiying01/lfy/btwm-7.7/runs/btwm_dmc_walker_walk_seed2_w002_b11_s2/scores.jsonl

--------------------[Agent Step 174_016]--------------------
Metrics filtered by: 'score|length|fps|ratio|train/loss/|train/acc/|train/inv/|train/rand/'
train/acc/inv 0.55 / train/inv/ce 1.43 / train/inv/confidence 0.3 / train/inv/confidence_gating 0 / train/inv/effective_rep_weight 0.02 / train/inv/head_objective 0.6 / train/inv/head_weight 0 / train/inv/objective 0.6 / train/inv/policy_weight_max 1 / train/inv/policy_weight_mean 1 / train/inv/policy_weight_min 1 / train/inv/policy_weight_std 0 / train/inv/valid_frac 1 / train/inv/weight 0.02 / train/loss/con 0.02 / train/loss/dyn 2.89 / train/loss/image 3.06 / train/loss/inv 0.01 / train/loss/policy -0.01 / train/loss/rep 2.89 / train/loss/repval 0.94 / train/loss/rew 0.59 / train/loss/value 0.87 / replay/replay_ratio 264 / fps/policy 7.02 / fps/train 1797.71

Writing metrics: /home/zhangpeiying01/lfy/btwm-7.7/runs/btwm_dmc_walker_walk_seed2_w002_b11_s2/scores.jsonl
Writing metrics: /home/zhangpeiying01/lfy/btwm-7.7/runs/btwm_dmc_walker_walk_seed2_w002_b11_s2/metrics.jsonl

--------------------[Agent Step 174_848]--------------------
Metrics filtered by: 'score|length|fps|ratio|train/loss/|train/acc/|train/inv/|train/rand/'
train/acc/inv 0.55 / train/inv/ce 1.43 / train/inv/confidence 0.3 / train/inv/confidence_gating 0 / train/inv/effective_rep_weight 0.02 / train/inv/head_objective 0.6 / train/inv/head_weight 0 / train/inv/objective 0.6 / train/inv/policy_weight_max 1 / train/inv/policy_weight_mean 1 / train/inv/policy_weight_min 1 / train/inv/policy_weight_std 0 / train/inv/valid_frac 1 / train/inv/weight 0.02 / train/loss/con 0.02 / train/loss/dyn 2.89 / train/loss/image 2.99 / train/loss/inv 0.01 / train/loss/policy -0.01 / train/loss/rep 2.89 / train/loss/repval 0.93 / train/loss/rew 0.59 / train/loss/value 0.86 / replay/replay_ratio 264 / fps/policy 6.81 / fps/train 1742.95

Writing metrics: /home/zhangpeiying01/lfy/btwm-7.7/runs/btwm_dmc_walker_walk_seed2_w002_b11_s2/metrics.jsonl
Writing metrics: /home/zhangpeiying01/lfy/btwm-7.7/runs/btwm_dmc_walker_walk_seed2_w002_b11_s2/scores.jsonl

--------------------[Agent Step 175_664]--------------------
Metrics filtered by: 'score|length|fps|ratio|train/loss/|train/acc/|train/inv/|train/rand/'
train/acc/inv 0.55 / train/inv/ce 1.42 / train/inv/confidence 0.31 / train/inv/confidence_gating 0 / train/inv/effective_rep_weight 0.02 / train/inv/head_objective 0.59 / train/inv/head_weight 0 / train/inv/objective 0.59 / train/inv/policy_weight_max 1 / train/inv/policy_weight_mean 1 / train/inv/policy_weight_min 1 / train/inv/policy_weight_std 0 / train/inv/valid_frac 1 / train/inv/weight 0.02 / train/loss/con 0.02 / train/loss/dyn 2.85 / train/loss/image 2.99 / train/loss/inv 0.01 / train/loss/policy -0.01 / train/loss/rep 2.85 / train/loss/repval 0.94 / train/loss/rew 0.59 / train/loss/value 0.86 / replay/replay_ratio 264 / fps/policy 6.79 / fps/train 1737.58

Writing metrics: /home/zhangpeiying01/lfy/btwm-7.7/runs/btwm_dmc_walker_walk_seed2_w002_b11_s2/metrics.jsonl
Writing metrics: /home/zhangpeiying01/lfy/btwm-7.7/runs/btwm_dmc_walker_walk_seed2_w002_b11_s2/scores.jsonl

--------------------[Agent Step 176_512]--------------------
Metrics filtered by: 'score|length|fps|ratio|train/loss/|train/acc/|train/inv/|train/rand/'
episode/score 924.25 / episode/length 1001 / train/acc/inv 0.55 / train/inv/ce 1.44 / train/inv/confidence 0.3 / train/inv/confidence_gating 0 / train/inv/effective_rep_weight 0.02 / train/inv/head_objective 0.6 / train/inv/head_weight 0 / train/inv/objective 0.6 / train/inv/policy_weight_max 1 / train/inv/policy_weight_mean 1 / train/inv/policy_weight_min 1 / train/inv/policy_weight_std 0 / train/inv/valid_frac 1 / train/inv/weight 0.02 / train/loss/con 0.02 / train/loss/dyn 2.91 / train/loss/image 3.05 / train/loss/inv 0.01 / train/loss/policy -0.01 / train/loss/rep 2.91 / train/loss/repval 0.93 / train/loss/rew 0.59 / train/loss/value 0.86 / replay/replay_ratio 264 / fps/policy 7.02 / fps/train 1797.37

Writing metrics: /home/zhangpeiying01/lfy/btwm-7.7/runs/btwm_dmc_walker_walk_seed2_w002_b11_s2/scores.jsonl
Writing metrics: /home/zhangpeiying01/lfy/btwm-7.7/runs/btwm_dmc_walker_walk_seed2_w002_b11_s2/metrics.jsonl

--------------------[Agent Step 177_344]--------------------
Metrics filtered by: 'score|length|fps|ratio|train/loss/|train/acc/|train/inv/|train/rand/'
train/acc/inv 0.54 / train/inv/ce 1.45 / train/inv/confidence 0.3 / train/inv/confidence_gating 0 / train/inv/effective_rep_weight 0.02 / train/inv/head_objective 0.61 / train/inv/head_weight 0 / train/inv/objective 0.61 / train/inv/policy_weight_max 1 / train/inv/policy_weight_mean 1 / train/inv/policy_weight_min 1 / train/inv/policy_weight_std 0 / train/inv/valid_frac 1 / train/inv/weight 0.02 / train/loss/con 0.02 / train/loss/dyn 3.04 / train/loss/image 3.27 / train/loss/inv 0.01 / train/loss/policy -9.4e-3 / train/loss/rep 3.04 / train/loss/repval 0.94 / train/loss/rew 0.59 / train/loss/value 0.86 / replay/replay_ratio 264 / fps/policy 6.88 / fps/train 1761.28

Writing metrics: /home/zhangpeiying01/lfy/btwm-7.7/runs/btwm_dmc_walker_walk_seed2_w002_b11_s2/metrics.jsonl
Writing metrics: /home/zhangpeiying01/lfy/btwm-7.7/runs/btwm_dmc_walker_walk_seed2_w002_b11_s2/scores.jsonl

--------------------[Agent Step 178_176]--------------------
Metrics filtered by: 'score|length|fps|ratio|train/loss/|train/acc/|train/inv/|train/rand/'
train/acc/inv 0.54 / train/inv/ce 1.46 / train/inv/confidence 0.29 / train/inv/confidence_gating 0 / train/inv/effective_rep_weight 0.02 / train/inv/head_objective 0.61 / train/inv/head_weight 0 / train/inv/objective 0.61 / train/inv/policy_weight_max 1 / train/inv/policy_weight_mean 1 / train/inv/policy_weight_min 1 / train/inv/policy_weight_std 0 / train/inv/valid_frac 1 / train/inv/weight 0.02 / train/loss/con 0.02 / train/loss/dyn 2.94 / train/loss/image 3.12 / train/loss/inv 0.01 / train/loss/policy -7.4e-3 / train/loss/rep 2.94 / train/loss/repval 0.93 / train/loss/rew 0.59 / train/loss/value 0.86 / replay/replay_ratio 264 / fps/policy 6.82 / fps/train 1746

Writing metrics: /home/zhangpeiying01/lfy/btwm-7.7/runs/btwm_dmc_walker_walk_seed2_w002_b11_s2/scores.jsonl
Writing metrics: /home/zhangpeiying01/lfy/btwm-7.7/runs/btwm_dmc_walker_walk_seed2_w002_b11_s2/metrics.jsonl

--------------------[Agent Step 179_024]--------------------
Metrics filtered by: 'score|length|fps|ratio|train/loss/|train/acc/|train/inv/|train/rand/'
train/acc/inv 0.54 / train/inv/ce 1.45 / train/inv/confidence 0.3 / train/inv/confidence_gating 0 / train/inv/effective_rep_weight 0.02 / train/inv/head_objective 0.6 / train/inv/head_weight 0 / train/inv/objective 0.6 / train/inv/policy_weight_max 1 / train/inv/policy_weight_mean 1 / train/inv/policy_weight_min 1 / train/inv/policy_weight_std 0 / train/inv/valid_frac 1 / train/inv/weight 0.02 / train/loss/con 0.02 / train/loss/dyn 2.89 / train/loss/image 3.07 / train/loss/inv 0.01 / train/loss/policy -0.02 / train/loss/rep 2.89 / train/loss/repval 0.93 / train/loss/rew 0.59 / train/loss/value 0.87 / replay/replay_ratio 264 / fps/policy 6.93 / fps/train 1774.07

Writing metrics: /home/zhangpeiying01/lfy/btwm-7.7/runs/btwm_dmc_walker_walk_seed2_w002_b11_s2/scores.jsonl
Writing metrics: /home/zhangpeiying01/lfy/btwm-7.7/runs/btwm_dmc_walker_walk_seed2_w002_b11_s2/metrics.jsonl

--------------------[Agent Step 179_856]--------------------
Metrics filtered by: 'score|length|fps|ratio|train/loss/|train/acc/|train/inv/|train/rand/'
train/acc/inv 0.55 / train/inv/ce 1.43 / train/inv/confidence 0.3 / train/inv/confidence_gating 0 / train/inv/effective_rep_weight 0.02 / train/inv/head_objective 0.59 / train/inv/head_weight 0 / train/inv/objective 0.59 / train/inv/policy_weight_max 1 / train/inv/policy_weight_mean 1 / train/inv/policy_weight_min 1 / train/inv/policy_weight_std 0 / train/inv/valid_frac 1 / train/inv/weight 0.02 / train/loss/con 0.02 / train/loss/dyn 2.88 / train/loss/image 3.06 / train/loss/inv 0.01 / train/loss/policy -0.02 / train/loss/rep 2.88 / train/loss/repval 0.94 / train/loss/rew 0.59 / train/loss/value 0.87 / replay/replay_ratio 264 / fps/policy 6.93 / fps/train 1773.61

Writing metrics: /home/zhangpeiying01/lfy/btwm-7.7/runs/btwm_dmc_walker_walk_seed2_w002_b11_s2/scores.jsonl
Writing metrics: /home/zhangpeiying01/lfy/btwm-7.7/runs/btwm_dmc_walker_walk_seed2_w002_b11_s2/metrics.jsonl

--------------------[Agent Step 180_688]--------------------
Metrics filtered by: 'score|length|fps|ratio|train/loss/|train/acc/|train/inv/|train/rand/'
train/acc/inv 0.55 / train/inv/ce 1.44 / train/inv/confidence 0.3 / train/inv/confidence_gating 0 / train/inv/effective_rep_weight 0.02 / train/inv/head_objective 0.6 / train/inv/head_weight 0 / train/inv/objective 0.6 / train/inv/policy_weight_max 1 / train/inv/policy_weight_mean 1 / train/inv/policy_weight_min 1 / train/inv/policy_weight_std 0 / train/inv/valid_frac 1 / train/inv/weight 0.02 / train/loss/con 0.02 / train/loss/dyn 2.89 / train/loss/image 3.05 / train/loss/inv 0.01 / train/loss/policy -0.02 / train/loss/rep 2.89 / train/loss/repval 0.94 / train/loss/rew 0.59 / train/loss/value 0.87 / replay/replay_ratio 264 / fps/policy 6.83 / fps/train 1748.36

Writing metrics: /home/zhangpeiying01/lfy/btwm-7.7/runs/btwm_dmc_walker_walk_seed2_w002_b11_s2/metrics.jsonl
Writing metrics: /home/zhangpeiying01/lfy/btwm-7.7/runs/btwm_dmc_walker_walk_seed2_w002_b11_s2/scores.jsonl
Saving checkpoint: /home/zhangpeiying01/lfy/btwm-7.7/runs/btwm_dmc_walker_walk_seed2_w002_b11_s2/ckpt/20260716T170806F907139
Saved checkpoint.

--------------------[Agent Step 181_504]--------------------
Metrics filtered by: 'score|length|fps|ratio|train/loss/|train/acc/|train/inv/|train/rand/'
train/acc/inv 0.54 / train/inv/ce 1.45 / train/inv/confidence 0.3 / train/inv/confidence_gating 0 / train/inv/effective_rep_weight 0.02 / train/inv/head_objective 0.6 / train/inv/head_weight 0 / train/inv/objective 0.6 / train/inv/policy_weight_max 1 / train/inv/policy_weight_mean 1 / train/inv/policy_weight_min 1 / train/inv/policy_weight_std 0 / train/inv/valid_frac 1 / train/inv/weight 0.02 / train/loss/con 0.02 / train/loss/dyn 2.89 / train/loss/image 3.03 / train/loss/inv 0.01 / train/loss/policy -0.01 / train/loss/rep 2.89 / train/loss/repval 0.93 / train/loss/rew 0.59 / train/loss/value 0.87 / replay/replay_ratio 264 / fps/policy 6.76 / fps/train 1730.69

Writing metrics: /home/zhangpeiying01/lfy/btwm-7.7/runs/btwm_dmc_walker_walk_seed2_w002_b11_s2/metrics.jsonl
Writing metrics: /home/zhangpeiying01/lfy/btwm-7.7/runs/btwm_dmc_walker_walk_seed2_w002_b11_s2/scores.jsonl

--------------------[Agent Step 182_400]--------------------
Metrics filtered by: 'score|length|fps|ratio|train/loss/|train/acc/|train/inv/|train/rand/'
train/acc/inv 0.55 / train/inv/ce 1.44 / train/inv/confidence 0.3 / train/inv/confidence_gating 0 / train/inv/effective_rep_weight 0.02 / train/inv/head_objective 0.6 / train/inv/head_weight 0 / train/inv/objective 0.6 / train/inv/policy_weight_max 1 / train/inv/policy_weight_mean 1 / train/inv/policy_weight_min 1 / train/inv/policy_weight_std 0 / train/inv/valid_frac 1 / train/inv/weight 0.02 / train/loss/con 0.02 / train/loss/dyn 2.89 / train/loss/image 3.03 / train/loss/inv 0.01 / train/loss/policy -0.01 / train/loss/rep 2.89 / train/loss/repval 0.94 / train/loss/rew 0.59 / train/loss/value 0.87 / replay/replay_ratio 264 / fps/policy 7.36 / fps/train 1884.06

Writing metrics: /home/zhangpeiying01/lfy/btwm-7.7/runs/btwm_dmc_walker_walk_seed2_w002_b11_s2/metrics.jsonl
Writing metrics: /home/zhangpeiying01/lfy/btwm-7.7/runs/btwm_dmc_walker_walk_seed2_w002_b11_s2/scores.jsonl

--------------------[Agent Step 183_248]--------------------
Metrics filtered by: 'score|length|fps|ratio|train/loss/|train/acc/|train/inv/|train/rand/'
train/acc/inv 0.54 / train/inv/ce 1.45 / train/inv/confidence 0.3 / train/inv/confidence_gating 0 / train/inv/effective_rep_weight 0.02 / train/inv/head_objective 0.6 / train/inv/head_weight 0 / train/inv/objective 0.6 / train/inv/policy_weight_max 1 / train/inv/policy_weight_mean 1 / train/inv/policy_weight_min 1 / train/inv/policy_weight_std 0 / train/inv/valid_frac 1 / train/inv/weight 0.02 / train/loss/con 0.02 / train/loss/dyn 2.92 / train/loss/image 3.02 / train/loss/inv 0.01 / train/loss/policy -0.01 / train/loss/rep 2.92 / train/loss/repval 0.94 / train/loss/rew 0.59 / train/loss/value 0.87 / replay/replay_ratio 264 / fps/policy 6.95 / fps/train 1780.44

Writing metrics: /home/zhangpeiying01/lfy/btwm-7.7/runs/btwm_dmc_walker_walk_seed2_w002_b11_s2/metrics.jsonl
Writing metrics: /home/zhangpeiying01/lfy/btwm-7.7/runs/btwm_dmc_walker_walk_seed2_w002_b11_s2/scores.jsonl

--------------------[Agent Step 184_112]--------------------
Metrics filtered by: 'score|length|fps|ratio|train/loss/|train/acc/|train/inv/|train/rand/'
train/acc/inv 0.54 / train/inv/ce 1.45 / train/inv/confidence 0.3 / train/inv/confidence_gating 0 / train/inv/effective_rep_weight 0.02 / train/inv/head_objective 0.6 / train/inv/head_weight 0 / train/inv/objective 0.6 / train/inv/policy_weight_max 1 / train/inv/policy_weight_mean 1 / train/inv/policy_weight_min 1 / train/inv/policy_weight_std 0 / train/inv/valid_frac 1 / train/inv/weight 0.02 / train/loss/con 0.02 / train/loss/dyn 2.9 / train/loss/image 3.02 / train/loss/inv 0.01 / train/loss/policy -8.8e-3 / train/loss/rep 2.9 / train/loss/repval 0.94 / train/loss/rew 0.59 / train/loss/value 0.87 / replay/replay_ratio 264 / fps/policy 7.16 / fps/train 1832.67

Writing metrics: /home/zhangpeiying01/lfy/btwm-7.7/runs/btwm_dmc_walker_walk_seed2_w002_b11_s2/metrics.jsonl
Writing metrics: /home/zhangpeiying01/lfy/btwm-7.7/runs/btwm_dmc_walker_walk_seed2_w002_b11_s2/scores.jsonl

--------------------[Agent Step 184_992]--------------------
Metrics filtered by: 'score|length|fps|ratio|train/loss/|train/acc/|train/inv/|train/rand/'
train/acc/inv 0.55 / train/inv/ce 1.44 / train/inv/confidence 0.3 / train/inv/confidence_gating 0 / train/inv/effective_rep_weight 0.02 / train/inv/head_objective 0.6 / train/inv/head_weight 0 / train/inv/objective 0.6 / train/inv/policy_weight_max 1 / train/inv/policy_weight_mean 1 / train/inv/policy_weight_min 1 / train/inv/policy_weight_std 0 / train/inv/valid_frac 1 / train/inv/weight 0.02 / train/loss/con 0.02 / train/loss/dyn 2.88 / train/loss/image 3 / train/loss/inv 0.01 / train/loss/policy -0.01 / train/loss/rep 2.88 / train/loss/repval 0.94 / train/loss/rew 0.59 / train/loss/value 0.87 / replay/replay_ratio 264 / fps/policy 7.25 / fps/train 1855.85

Writing metrics: /home/zhangpeiying01/lfy/btwm-7.7/runs/btwm_dmc_walker_walk_seed2_w002_b11_s2/scores.jsonl
Writing metrics: /home/zhangpeiying01/lfy/btwm-7.7/runs/btwm_dmc_walker_walk_seed2_w002_b11_s2/metrics.jsonl

--------------------[Agent Step 185_840]--------------------
Metrics filtered by: 'score|length|fps|ratio|train/loss/|train/acc/|train/inv/|train/rand/'
train/acc/inv 0.55 / train/inv/ce 1.44 / train/inv/confidence 0.3 / train/inv/confidence_gating 0 / train/inv/effective_rep_weight 0.02 / train/inv/head_objective 0.6 / train/inv/head_weight 0 / train/inv/objective 0.6 / train/inv/policy_weight_max 1 / train/inv/policy_weight_mean 1 / train/inv/policy_weight_min 1 / train/inv/policy_weight_std 0 / train/inv/valid_frac 1 / train/inv/weight 0.02 / train/loss/con 0.02 / train/loss/dyn 2.85 / train/loss/image 2.97 / train/loss/inv 0.01 / train/loss/policy -0.01 / train/loss/rep 2.85 / train/loss/repval 0.93 / train/loss/rew 0.59 / train/loss/value 0.87 / replay/replay_ratio 264 / fps/policy 7.05 / fps/train 1804.77

Writing metrics: /home/zhangpeiying01/lfy/btwm-7.7/runs/btwm_dmc_walker_walk_seed2_w002_b11_s2/metrics.jsonl
Writing metrics: /home/zhangpeiying01/lfy/btwm-7.7/runs/btwm_dmc_walker_walk_seed2_w002_b11_s2/scores.jsonl

--------------------[Agent Step 186_752]--------------------
Metrics filtered by: 'score|length|fps|ratio|train/loss/|train/acc/|train/inv/|train/rand/'
train/acc/inv 0.54 / train/inv/ce 1.45 / train/inv/confidence 0.3 / train/inv/confidence_gating 0 / train/inv/effective_rep_weight 0.02 / train/inv/head_objective 0.6 / train/inv/head_weight 0 / train/inv/objective 0.6 / train/inv/policy_weight_max 1 / train/inv/policy_weight_mean 1 / train/inv/policy_weight_min 1 / train/inv/policy_weight_std 0 / train/inv/valid_frac 1 / train/inv/weight 0.02 / train/loss/con 0.02 / train/loss/dyn 2.87 / train/loss/image 2.96 / train/loss/inv 0.01 / train/loss/policy -1e-2 / train/loss/rep 2.87 / train/loss/repval 0.92 / train/loss/rew 0.59 / train/loss/value 0.86 / replay/replay_ratio 264 / fps/policy 7.5 / fps/train 1919.81

Writing metrics: /home/zhangpeiying01/lfy/btwm-7.7/runs/btwm_dmc_walker_walk_seed2_w002_b11_s2/metrics.jsonl
Writing metrics: /home/zhangpeiying01/lfy/btwm-7.7/runs/btwm_dmc_walker_walk_seed2_w002_b11_s2/scores.jsonl

--------------------[Agent Step 187_616]--------------------
Metrics filtered by: 'score|length|fps|ratio|train/loss/|train/acc/|train/inv/|train/rand/'
train/acc/inv 0.55 / train/inv/ce 1.44 / train/inv/confidence 0.3 / train/inv/confidence_gating 0 / train/inv/effective_rep_weight 0.02 / train/inv/head_objective 0.6 / train/inv/head_weight 0 / train/inv/objective 0.6 / train/inv/policy_weight_max 1 / train/inv/policy_weight_mean 1 / train/inv/policy_weight_min 1 / train/inv/policy_weight_std 0 / train/inv/valid_frac 1 / train/inv/weight 0.02 / train/loss/con 0.02 / train/loss/dyn 2.85 / train/loss/image 2.94 / train/loss/inv 0.01 / train/loss/policy -0.01 / train/loss/rep 2.85 / train/loss/repval 0.93 / train/loss/rew 0.59 / train/loss/value 0.86 / replay/replay_ratio 264 / fps/policy 7.15 / fps/train 1829.52

Writing metrics: /home/zhangpeiying01/lfy/btwm-7.7/runs/btwm_dmc_walker_walk_seed2_w002_b11_s2/scores.jsonl
Writing metrics: /home/zhangpeiying01/lfy/btwm-7.7/runs/btwm_dmc_walker_walk_seed2_w002_b11_s2/metrics.jsonl

--------------------[Agent Step 188_480]--------------------
Metrics filtered by: 'score|length|fps|ratio|train/loss/|train/acc/|train/inv/|train/rand/'
train/acc/inv 0.54 / train/inv/ce 1.45 / train/inv/confidence 0.29 / train/inv/confidence_gating 0 / train/inv/effective_rep_weight 0.02 / train/inv/head_objective 0.61 / train/inv/head_weight 0 / train/inv/objective 0.61 / train/inv/policy_weight_max 1 / train/inv/policy_weight_mean 1 / train/inv/policy_weight_min 1 / train/inv/policy_weight_std 0 / train/inv/valid_frac 1 / train/inv/weight 0.02 / train/loss/con 0.02 / train/loss/dyn 2.87 / train/loss/image 2.94 / train/loss/inv 0.01 / train/loss/policy -0.01 / train/loss/rep 2.87 / train/loss/repval 0.92 / train/loss/rew 0.59 / train/loss/value 0.85 / replay/replay_ratio 264 / fps/policy 7.19 / fps/train 1839.77

Writing metrics: /home/zhangpeiying01/lfy/btwm-7.7/runs/btwm_dmc_walker_walk_seed2_w002_b11_s2/metrics.jsonl
Writing metrics: /home/zhangpeiying01/lfy/btwm-7.7/runs/btwm_dmc_walker_walk_seed2_w002_b11_s2/scores.jsonl

--------------------[Agent Step 189_360]--------------------
Metrics filtered by: 'score|length|fps|ratio|train/loss/|train/acc/|train/inv/|train/rand/'
train/acc/inv 0.54 / train/inv/ce 1.45 / train/inv/confidence 0.3 / train/inv/confidence_gating 0 / train/inv/effective_rep_weight 0.02 / train/inv/head_objective 0.6 / train/inv/head_weight 0 / train/inv/objective 0.6 / train/inv/policy_weight_max 1 / train/inv/policy_weight_mean 1 / train/inv/policy_weight_min 1 / train/inv/policy_weight_std 0 / train/inv/valid_frac 1 / train/inv/weight 0.02 / train/loss/con 0.02 / train/loss/dyn 2.85 / train/loss/image 2.91 / train/loss/inv 0.01 / train/loss/policy -9.5e-3 / train/loss/rep 2.85 / train/loss/repval 0.92 / train/loss/rew 0.59 / train/loss/value 0.85 / replay/replay_ratio 264 / fps/policy 7.28 / fps/train 1863.13

Writing metrics: /home/zhangpeiying01/lfy/btwm-7.7/runs/btwm_dmc_walker_walk_seed2_w002_b11_s2/scores.jsonl
Writing metrics: /home/zhangpeiying01/lfy/btwm-7.7/runs/btwm_dmc_walker_walk_seed2_w002_b11_s2/metrics.jsonl

--------------------[Agent Step 190_224]--------------------
Metrics filtered by: 'score|length|fps|ratio|train/loss/|train/acc/|train/inv/|train/rand/'
train/acc/inv 0.54 / train/inv/ce 1.45 / train/inv/confidence 0.3 / train/inv/confidence_gating 0 / train/inv/effective_rep_weight 0.02 / train/inv/head_objective 0.6 / train/inv/head_weight 0 / train/inv/objective 0.6 / train/inv/policy_weight_max 1 / train/inv/policy_weight_mean 1 / train/inv/policy_weight_min 1 / train/inv/policy_weight_std 0 / train/inv/valid_frac 1 / train/inv/weight 0.02 / train/loss/con 0.02 / train/loss/dyn 2.85 / train/loss/image 2.92 / train/loss/inv 0.01 / train/loss/policy -8.3e-3 / train/loss/rep 2.85 / train/loss/repval 0.92 / train/loss/rew 0.59 / train/loss/value 0.85 / replay/replay_ratio 264 / fps/policy 7.14 / fps/train 1828.66

Writing metrics: /home/zhangpeiying01/lfy/btwm-7.7/runs/btwm_dmc_walker_walk_seed2_w002_b11_s2/scores.jsonl
Writing metrics: /home/zhangpeiying01/lfy/btwm-7.7/runs/btwm_dmc_walker_walk_seed2_w002_b11_s2/metrics.jsonl

--------------------[Agent Step 191_136]--------------------
Metrics filtered by: 'score|length|fps|ratio|train/loss/|train/acc/|train/inv/|train/rand/'
train/acc/inv 0.55 / train/inv/ce 1.44 / train/inv/confidence 0.3 / train/inv/confidence_gating 0 / train/inv/effective_rep_weight 0.02 / train/inv/head_objective 0.6 / train/inv/head_weight 0 / train/inv/objective 0.6 / train/inv/policy_weight_max 1 / train/inv/policy_weight_mean 1 / train/inv/policy_weight_min 1 / train/inv/policy_weight_std 0 / train/inv/valid_frac 1 / train/inv/weight 0.02 / train/loss/con 0.02 / train/loss/dyn 2.83 / train/loss/image 2.93 / train/loss/inv 0.01 / train/loss/policy -1e-2 / train/loss/rep 2.83 / train/loss/repval 0.92 / train/loss/rew 0.59 / train/loss/value 0.85 / replay/replay_ratio 264 / fps/policy 7.6 / fps/train 1945.31

Writing metrics: /home/zhangpeiying01/lfy/btwm-7.7/runs/btwm_dmc_walker_walk_seed2_w002_b11_s2/metrics.jsonl
Writing metrics: /home/zhangpeiying01/lfy/btwm-7.7/runs/btwm_dmc_walker_walk_seed2_w002_b11_s2/scores.jsonl

--------------------[Agent Step 192_000]--------------------
Metrics filtered by: 'score|length|fps|ratio|train/loss/|train/acc/|train/inv/|train/rand/'
train/acc/inv 0.55 / train/inv/ce 1.45 / train/inv/confidence 0.3 / train/inv/confidence_gating 0 / train/inv/effective_rep_weight 0.02 / train/inv/head_objective 0.6 / train/inv/head_weight 0 / train/inv/objective 0.6 / train/inv/policy_weight_max 1 / train/inv/policy_weight_mean 1 / train/inv/policy_weight_min 1 / train/inv/policy_weight_std 0 / train/inv/valid_frac 1 / train/inv/weight 0.02 / train/loss/con 0.02 / train/loss/dyn 2.84 / train/loss/image 2.91 / train/loss/inv 0.01 / train/loss/policy -0.01 / train/loss/rep 2.84 / train/loss/repval 0.91 / train/loss/rew 0.59 / train/loss/value 0.84 / replay/replay_ratio 264 / fps/policy 7.15 / fps/train 1831.21

Writing metrics: /home/zhangpeiying01/lfy/btwm-7.7/runs/btwm_dmc_walker_walk_seed2_w002_b11_s2/metrics.jsonl
Writing metrics: /home/zhangpeiying01/lfy/btwm-7.7/runs/btwm_dmc_walker_walk_seed2_w002_b11_s2/scores.jsonl

--------------------[Agent Step 192_896]--------------------
Metrics filtered by: 'score|length|fps|ratio|train/loss/|train/acc/|train/inv/|train/rand/'
episode/score 964.3 / episode/length 1001 / train/acc/inv 0.54 / train/inv/ce 1.46 / train/inv/confidence 0.29 / train/inv/confidence_gating 0 / train/inv/effective_rep_weight 0.02 / train/inv/head_objective 0.61 / train/inv/head_weight 0 / train/inv/objective 0.61 / train/inv/policy_weight_max 1 / train/inv/policy_weight_mean 1 / train/inv/policy_weight_min 1 / train/inv/policy_weight_std 0 / train/inv/valid_frac 1 / train/inv/weight 0.02 / train/loss/con 0.02 / train/loss/dyn 2.96 / train/loss/image 3.07 / train/loss/inv 0.01 / train/loss/policy -0.01 / train/loss/rep 2.96 / train/loss/repval 0.91 / train/loss/rew 0.59 / train/loss/value 0.84 / replay/replay_ratio 264 / fps/policy 7.37 / fps/train 1886

Writing metrics: /home/zhangpeiying01/lfy/btwm-7.7/runs/btwm_dmc_walker_walk_seed2_w002_b11_s2/metrics.jsonl
Writing metrics: /home/zhangpeiying01/lfy/btwm-7.7/runs/btwm_dmc_walker_walk_seed2_w002_b11_s2/scores.jsonl

--------------------[Agent Step 193_792]--------------------
Metrics filtered by: 'score|length|fps|ratio|train/loss/|train/acc/|train/inv/|train/rand/'
train/acc/inv 0.54 / train/inv/ce 1.46 / train/inv/confidence 0.29 / train/inv/confidence_gating 0 / train/inv/effective_rep_weight 0.02 / train/inv/head_objective 0.61 / train/inv/head_weight 0 / train/inv/objective 0.61 / train/inv/policy_weight_max 1 / train/inv/policy_weight_mean 1 / train/inv/policy_weight_min 1 / train/inv/policy_weight_std 0 / train/inv/valid_frac 1 / train/inv/weight 0.02 / train/loss/con 0.02 / train/loss/dyn 2.92 / train/loss/image 3.08 / train/loss/inv 0.01 / train/loss/policy -0.01 / train/loss/rep 2.92 / train/loss/repval 0.91 / train/loss/rew 0.6 / train/loss/value 0.84 / replay/replay_ratio 264 / fps/policy 7.39 / fps/train 1891.57

Writing metrics: /home/zhangpeiying01/lfy/btwm-7.7/runs/btwm_dmc_walker_walk_seed2_w002_b11_s2/metrics.jsonl
Writing metrics: /home/zhangpeiying01/lfy/btwm-7.7/runs/btwm_dmc_walker_walk_seed2_w002_b11_s2/scores.jsonl

--------------------[Agent Step 194_672]--------------------
Metrics filtered by: 'score|length|fps|ratio|train/loss/|train/acc/|train/inv/|train/rand/'
train/acc/inv 0.54 / train/inv/ce 1.46 / train/inv/confidence 0.29 / train/inv/confidence_gating 0 / train/inv/effective_rep_weight 0.02 / train/inv/head_objective 0.61 / train/inv/head_weight 0 / train/inv/objective 0.61 / train/inv/policy_weight_max 1 / train/inv/policy_weight_mean 1 / train/inv/policy_weight_min 1 / train/inv/policy_weight_std 0 / train/inv/valid_frac 1 / train/inv/weight 0.02 / train/loss/con 0.02 / train/loss/dyn 2.88 / train/loss/image 3.01 / train/loss/inv 0.01 / train/loss/policy -0.01 / train/loss/rep 2.88 / train/loss/repval 0.91 / train/loss/rew 0.59 / train/loss/value 0.84 / replay/replay_ratio 264 / fps/policy 7.25 / fps/train 1856.52

Writing metrics: /home/zhangpeiying01/lfy/btwm-7.7/runs/btwm_dmc_walker_walk_seed2_w002_b11_s2/scores.jsonl
Writing metrics: /home/zhangpeiying01/lfy/btwm-7.7/runs/btwm_dmc_walker_walk_seed2_w002_b11_s2/metrics.jsonl

--------------------[Agent Step 195_584]--------------------
Metrics filtered by: 'score|length|fps|ratio|train/loss/|train/acc/|train/inv/|train/rand/'
train/acc/inv 0.54 / train/inv/ce 1.46 / train/inv/confidence 0.29 / train/inv/confidence_gating 0 / train/inv/effective_rep_weight 0.02 / train/inv/head_objective 0.61 / train/inv/head_weight 0 / train/inv/objective 0.61 / train/inv/policy_weight_max 1 / train/inv/policy_weight_mean 1 / train/inv/policy_weight_min 1 / train/inv/policy_weight_std 0 / train/inv/valid_frac 1 / train/inv/weight 0.02 / train/loss/con 0.02 / train/loss/dyn 2.88 / train/loss/image 2.98 / train/loss/inv 0.01 / train/loss/policy -0.01 / train/loss/rep 2.88 / train/loss/repval 0.91 / train/loss/rew 0.59 / train/loss/value 0.84 / replay/replay_ratio 264 / fps/policy 7.6 / fps/train 1946.22

Writing metrics: /home/zhangpeiying01/lfy/btwm-7.7/runs/btwm_dmc_walker_walk_seed2_w002_b11_s2/scores.jsonl
Writing metrics: /home/zhangpeiying01/lfy/btwm-7.7/runs/btwm_dmc_walker_walk_seed2_w002_b11_s2/metrics.jsonl

--------------------[Agent Step 196_448]--------------------
Metrics filtered by: 'score|length|fps|ratio|train/loss/|train/acc/|train/inv/|train/rand/'
train/acc/inv 0.54 / train/inv/ce 1.46 / train/inv/confidence 0.29 / train/inv/confidence_gating 0 / train/inv/effective_rep_weight 0.02 / train/inv/head_objective 0.61 / train/inv/head_weight 0 / train/inv/objective 0.61 / train/inv/policy_weight_max 1 / train/inv/policy_weight_mean 1 / train/inv/policy_weight_min 1 / train/inv/policy_weight_std 0 / train/inv/valid_frac 1 / train/inv/weight 0.02 / train/loss/con 0.02 / train/loss/dyn 2.86 / train/loss/image 2.94 / train/loss/inv 0.01 / train/loss/policy -0.01 / train/loss/rep 2.86 / train/loss/repval 0.91 / train/loss/rew 0.6 / train/loss/value 0.84 / replay/replay_ratio 264 / fps/policy 7.11 / fps/train 1820.31

Writing metrics: /home/zhangpeiying01/lfy/btwm-7.7/runs/btwm_dmc_walker_walk_seed2_w002_b11_s2/scores.jsonl
Writing metrics: /home/zhangpeiying01/lfy/btwm-7.7/runs/btwm_dmc_walker_walk_seed2_w002_b11_s2/metrics.jsonl

--------------------[Agent Step 197_344]--------------------
Metrics filtered by: 'score|length|fps|ratio|train/loss/|train/acc/|train/inv/|train/rand/'
train/acc/inv 0.54 / train/inv/ce 1.45 / train/inv/confidence 0.29 / train/inv/confidence_gating 0 / train/inv/effective_rep_weight 0.02 / train/inv/head_objective 0.61 / train/inv/head_weight 0 / train/inv/objective 0.61 / train/inv/policy_weight_max 1 / train/inv/policy_weight_mean 1 / train/inv/policy_weight_min 1 / train/inv/policy_weight_std 0 / train/inv/valid_frac 1 / train/inv/weight 0.02 / train/loss/con 0.02 / train/loss/dyn 2.84 / train/loss/image 2.95 / train/loss/inv 0.01 / train/loss/policy -0.01 / train/loss/rep 2.84 / train/loss/repval 0.91 / train/loss/rew 0.59 / train/loss/value 0.84 / replay/replay_ratio 264 / fps/policy 7.35 / fps/train 1882.14

Writing metrics: /home/zhangpeiying01/lfy/btwm-7.7/runs/btwm_dmc_walker_walk_seed2_w002_b11_s2/scores.jsonl
Writing metrics: /home/zhangpeiying01/lfy/btwm-7.7/runs/btwm_dmc_walker_walk_seed2_w002_b11_s2/metrics.jsonl

--------------------[Agent Step 198_224]--------------------
Metrics filtered by: 'score|length|fps|ratio|train/loss/|train/acc/|train/inv/|train/rand/'
train/acc/inv 0.54 / train/inv/ce 1.46 / train/inv/confidence 0.29 / train/inv/confidence_gating 0 / train/inv/effective_rep_weight 0.02 / train/inv/head_objective 0.61 / train/inv/head_weight 0 / train/inv/objective 0.61 / train/inv/policy_weight_max 1 / train/inv/policy_weight_mean 1 / train/inv/policy_weight_min 1 / train/inv/policy_weight_std 0 / train/inv/valid_frac 1 / train/inv/weight 0.02 / train/loss/con 0.02 / train/loss/dyn 2.87 / train/loss/image 2.93 / train/loss/inv 0.01 / train/loss/policy -7.9e-3 / train/loss/rep 2.87 / train/loss/repval 0.91 / train/loss/rew 0.6 / train/loss/value 0.84 / replay/replay_ratio 264 / fps/policy 7.3 / fps/train 1869.55

Writing metrics: /home/zhangpeiying01/lfy/btwm-7.7/runs/btwm_dmc_walker_walk_seed2_w002_b11_s2/scores.jsonl
Writing metrics: /home/zhangpeiying01/lfy/btwm-7.7/runs/btwm_dmc_walker_walk_seed2_w002_b11_s2/metrics.jsonl

--------------------[Agent Step 199_088]--------------------
Metrics filtered by: 'score|length|fps|ratio|train/loss/|train/acc/|train/inv/|train/rand/'
train/acc/inv 0.54 / train/inv/ce 1.46 / train/inv/confidence 0.29 / train/inv/confidence_gating 0 / train/inv/effective_rep_weight 0.02 / train/inv/head_objective 0.61 / train/inv/head_weight 0 / train/inv/objective 0.61 / train/inv/policy_weight_max 1 / train/inv/policy_weight_mean 1 / train/inv/policy_weight_min 1 / train/inv/policy_weight_std 0 / train/inv/valid_frac 1 / train/inv/weight 0.02 / train/loss/con 0.02 / train/loss/dyn 2.88 / train/loss/image 2.95 / train/loss/inv 0.01 / train/loss/policy -8.5e-3 / train/loss/rep 2.88 / train/loss/repval 0.91 / train/loss/rew 0.59 / train/loss/value 0.84 / replay/replay_ratio 264 / fps/policy 7.14 / fps/train 1828.54

Writing metrics: /home/zhangpeiying01/lfy/btwm-7.7/runs/btwm_dmc_walker_walk_seed2_w002_b11_s2/scores.jsonl
Writing metrics: /home/zhangpeiying01/lfy/btwm-7.7/runs/btwm_dmc_walker_walk_seed2_w002_b11_s2/metrics.jsonl

--------------------[Agent Step 199_984]--------------------
Metrics filtered by: 'score|length|fps|ratio|train/loss/|train/acc/|train/inv/|train/rand/'
train/acc/inv 0.55 / train/inv/ce 1.44 / train/inv/confidence 0.3 / train/inv/confidence_gating 0 / train/inv/effective_rep_weight 0.02 / train/inv/head_objective 0.6 / train/inv/head_weight 0 / train/inv/objective 0.6 / train/inv/policy_weight_max 1 / train/inv/policy_weight_mean 1 / train/inv/policy_weight_min 1 / train/inv/policy_weight_std 0 / train/inv/valid_frac 1 / train/inv/weight 0.02 / train/loss/con 0.02 / train/loss/dyn 2.8 / train/loss/image 2.9 / train/loss/inv 0.01 / train/loss/policy -0.01 / train/loss/rep 2.8 / train/loss/repval 0.92 / train/loss/rew 0.59 / train/loss/value 0.85 / replay/replay_ratio 264 / fps/policy 7.47 / fps/train 1913.09

Writing metrics: /home/zhangpeiying01/lfy/btwm-7.7/runs/btwm_dmc_walker_walk_seed2_w002_b11_s2/metrics.jsonl
Writing metrics: /home/zhangpeiying01/lfy/btwm-7.7/runs/btwm_dmc_walker_walk_seed2_w002_b11_s2/scores.jsonl

--------------------[Agent Step 200_832]--------------------
Metrics filtered by: 'score|length|fps|ratio|train/loss/|train/acc/|train/inv/|train/rand/'
train/acc/inv 0.54 / train/inv/ce 1.46 / train/inv/confidence 0.29 / train/inv/confidence_gating 0 / train/inv/effective_rep_weight 0.02 / train/inv/head_objective 0.61 / train/inv/head_weight 0 / train/inv/objective 0.61 / train/inv/policy_weight_max 1 / train/inv/policy_weight_mean 1 / train/inv/policy_weight_min 1 / train/inv/policy_weight_std 0 / train/inv/valid_frac 1 / train/inv/weight 0.02 / train/loss/con 0.02 / train/loss/dyn 2.85 / train/loss/image 2.91 / train/loss/inv 0.01 / train/loss/policy -8.7e-3 / train/loss/rep 2.85 / train/loss/repval 0.91 / train/loss/rew 0.6 / train/loss/value 0.84 / replay/replay_ratio 264 / fps/policy 7 / fps/train 1793.07

Writing metrics: /home/zhangpeiying01/lfy/btwm-7.7/runs/btwm_dmc_walker_walk_seed2_w002_b11_s2/metrics.jsonl
Writing metrics: /home/zhangpeiying01/lfy/btwm-7.7/runs/btwm_dmc_walker_walk_seed2_w002_b11_s2/scores.jsonl

--------------------[Agent Step 201_696]--------------------
Metrics filtered by: 'score|length|fps|ratio|train/loss/|train/acc/|train/inv/|train/rand/'
train/acc/inv 0.54 / train/inv/ce 1.45 / train/inv/confidence 0.29 / train/inv/confidence_gating 0 / train/inv/effective_rep_weight 0.02 / train/inv/head_objective 0.61 / train/inv/head_weight 0 / train/inv/objective 0.61 / train/inv/policy_weight_max 1 / train/inv/policy_weight_mean 1 / train/inv/policy_weight_min 1 / train/inv/policy_weight_std 0 / train/inv/valid_frac 1 / train/inv/weight 0.02 / train/loss/con 0.02 / train/loss/dyn 2.84 / train/loss/image 2.92 / train/loss/inv 0.01 / train/loss/policy -1e-2 / train/loss/rep 2.84 / train/loss/repval 0.91 / train/loss/rew 0.6 / train/loss/value 0.84 / replay/replay_ratio 264 / fps/policy 7.17 / fps/train 1835.4

Writing metrics: /home/zhangpeiying01/lfy/btwm-7.7/runs/btwm_dmc_walker_walk_seed2_w002_b11_s2/metrics.jsonl
Writing metrics: /home/zhangpeiying01/lfy/btwm-7.7/runs/btwm_dmc_walker_walk_seed2_w002_b11_s2/scores.jsonl

--------------------[Agent Step 202_560]--------------------
Metrics filtered by: 'score|length|fps|ratio|train/loss/|train/acc/|train/inv/|train/rand/'
train/acc/inv 0.55 / train/inv/ce 1.44 / train/inv/confidence 0.3 / train/inv/confidence_gating 0 / train/inv/effective_rep_weight 0.02 / train/inv/head_objective 0.6 / train/inv/head_weight 0 / train/inv/objective 0.6 / train/inv/policy_weight_max 1 / train/inv/policy_weight_mean 1 / train/inv/policy_weight_min 1 / train/inv/policy_weight_std 0 / train/inv/valid_frac 1 / train/inv/weight 0.02 / train/loss/con 0.02 / train/loss/dyn 2.82 / train/loss/image 2.88 / train/loss/inv 0.01 / train/loss/policy -2.6e-3 / train/loss/rep 2.82 / train/loss/repval 0.91 / train/loss/rew 0.59 / train/loss/value 0.85 / replay/replay_ratio 264 / fps/policy 7.19 / fps/train 1840.71

Writing metrics: /home/zhangpeiying01/lfy/btwm-7.7/runs/btwm_dmc_walker_walk_seed2_w002_b11_s2/scores.jsonl
Writing metrics: /home/zhangpeiying01/lfy/btwm-7.7/runs/btwm_dmc_walker_walk_seed2_w002_b11_s2/metrics.jsonl

--------------------[Agent Step 203_408]--------------------
Metrics filtered by: 'score|length|fps|ratio|train/loss/|train/acc/|train/inv/|train/rand/'
train/acc/inv 0.54 / train/inv/ce 1.46 / train/inv/confidence 0.29 / train/inv/confidence_gating 0 / train/inv/effective_rep_weight 0.02 / train/inv/head_objective 0.61 / train/inv/head_weight 0 / train/inv/objective 0.61 / train/inv/policy_weight_max 1 / train/inv/policy_weight_mean 1 / train/inv/policy_weight_min 1 / train/inv/policy_weight_std 0 / train/inv/valid_frac 1 / train/inv/weight 0.02 / train/loss/con 0.02 / train/loss/dyn 2.85 / train/loss/image 2.87 / train/loss/inv 0.01 / train/loss/policy -5e-3 / train/loss/rep 2.85 / train/loss/repval 0.91 / train/loss/rew 0.6 / train/loss/value 0.84 / replay/replay_ratio 264 / fps/policy 6.99 / fps/train 1788.39

Writing metrics: /home/zhangpeiying01/lfy/btwm-7.7/runs/btwm_dmc_walker_walk_seed2_w002_b11_s2/scores.jsonl
Writing metrics: /home/zhangpeiying01/lfy/btwm-7.7/runs/btwm_dmc_walker_walk_seed2_w002_b11_s2/metrics.jsonl

--------------------[Agent Step 204_272]--------------------
Metrics filtered by: 'score|length|fps|ratio|train/loss/|train/acc/|train/inv/|train/rand/'
train/acc/inv 0.54 / train/inv/ce 1.45 / train/inv/confidence 0.29 / train/inv/confidence_gating 0 / train/inv/effective_rep_weight 0.02 / train/inv/head_objective 0.61 / train/inv/head_weight 0 / train/inv/objective 0.61 / train/inv/policy_weight_max 1 / train/inv/policy_weight_mean 1 / train/inv/policy_weight_min 1 / train/inv/policy_weight_std 0 / train/inv/valid_frac 1 / train/inv/weight 0.02 / train/loss/con 0.02 / train/loss/dyn 2.78 / train/loss/image 2.82 / train/loss/inv 0.01 / train/loss/policy -4.2e-3 / train/loss/rep 2.78 / train/loss/repval 0.91 / train/loss/rew 0.6 / train/loss/value 0.84 / replay/replay_ratio 264 / fps/policy 7.19 / fps/train 1840.77

Writing metrics: /home/zhangpeiying01/lfy/btwm-7.7/runs/btwm_dmc_walker_walk_seed2_w002_b11_s2/metrics.jsonl
Writing metrics: /home/zhangpeiying01/lfy/btwm-7.7/runs/btwm_dmc_walker_walk_seed2_w002_b11_s2/scores.jsonl

--------------------[Agent Step 205_136]--------------------
Metrics filtered by: 'score|length|fps|ratio|train/loss/|train/acc/|train/inv/|train/rand/'
train/acc/inv 0.54 / train/inv/ce 1.46 / train/inv/confidence 0.29 / train/inv/confidence_gating 0 / train/inv/effective_rep_weight 0.02 / train/inv/head_objective 0.61 / train/inv/head_weight 0 / train/inv/objective 0.61 / train/inv/policy_weight_max 1 / train/inv/policy_weight_mean 1 / train/inv/policy_weight_min 1 / train/inv/policy_weight_std 0 / train/inv/valid_frac 1 / train/inv/weight 0.02 / train/loss/con 0.02 / train/loss/dyn 2.81 / train/loss/image 2.84 / train/loss/inv 0.01 / train/loss/policy -5.8e-3 / train/loss/rep 2.81 / train/loss/repval 0.9 / train/loss/rew 0.6 / train/loss/value 0.84 / replay/replay_ratio 264 / fps/policy 7.19 / fps/train 1841.14

Writing metrics: /home/zhangpeiying01/lfy/btwm-7.7/runs/btwm_dmc_walker_walk_seed2_w002_b11_s2/metrics.jsonl
Writing metrics: /home/zhangpeiying01/lfy/btwm-7.7/runs/btwm_dmc_walker_walk_seed2_w002_b11_s2/scores.jsonl

--------------------[Agent Step 205_984]--------------------
Metrics filtered by: 'score|length|fps|ratio|train/loss/|train/acc/|train/inv/|train/rand/'
train/acc/inv 0.54 / train/inv/ce 1.47 / train/inv/confidence 0.29 / train/inv/confidence_gating 0 / train/inv/effective_rep_weight 0.02 / train/inv/head_objective 0.61 / train/inv/head_weight 0 / train/inv/objective 0.61 / train/inv/policy_weight_max 1 / train/inv/policy_weight_mean 1 / train/inv/policy_weight_min 1 / train/inv/policy_weight_std 0 / train/inv/valid_frac 1 / train/inv/weight 0.02 / train/loss/con 0.02 / train/loss/dyn 2.82 / train/loss/image 2.81 / train/loss/inv 0.01 / train/loss/policy -7.2e-3 / train/loss/rep 2.82 / train/loss/repval 0.9 / train/loss/rew 0.6 / train/loss/value 0.83 / replay/replay_ratio 264 / fps/policy 7.04 / fps/train 1802.15

Writing metrics: /home/zhangpeiying01/lfy/btwm-7.7/runs/btwm_dmc_walker_walk_seed2_w002_b11_s2/metrics.jsonl
Writing metrics: /home/zhangpeiying01/lfy/btwm-7.7/runs/btwm_dmc_walker_walk_seed2_w002_b11_s2/scores.jsonl
Saving checkpoint: /home/zhangpeiying01/lfy/btwm-7.7/runs/btwm_dmc_walker_walk_seed2_w002_b11_s2/ckpt/20260716T180807F442423
Saved checkpoint.

--------------------[Agent Step 206_864]--------------------
Metrics filtered by: 'score|length|fps|ratio|train/loss/|train/acc/|train/inv/|train/rand/'
train/acc/inv 0.55 / train/inv/ce 1.45 / train/inv/confidence 0.3 / train/inv/confidence_gating 0 / train/inv/effective_rep_weight 0.02 / train/inv/head_objective 0.61 / train/inv/head_weight 0 / train/inv/objective 0.61 / train/inv/policy_weight_max 1 / train/inv/policy_weight_mean 1 / train/inv/policy_weight_min 1 / train/inv/policy_weight_std 0 / train/inv/valid_frac 1 / train/inv/weight 0.02 / train/loss/con 0.02 / train/loss/dyn 2.79 / train/loss/image 2.84 / train/loss/inv 0.01 / train/loss/policy -0.01 / train/loss/rep 2.79 / train/loss/repval 0.91 / train/loss/rew 0.6 / train/loss/value 0.83 / replay/replay_ratio 264 / fps/policy 7.27 / fps/train 1862.11

Writing metrics: /home/zhangpeiying01/lfy/btwm-7.7/runs/btwm_dmc_walker_walk_seed2_w002_b11_s2/metrics.jsonl
Writing metrics: /home/zhangpeiying01/lfy/btwm-7.7/runs/btwm_dmc_walker_walk_seed2_w002_b11_s2/scores.jsonl

--------------------[Agent Step 207_744]--------------------
Metrics filtered by: 'score|length|fps|ratio|train/loss/|train/acc/|train/inv/|train/rand/'
train/acc/inv 0.55 / train/inv/ce 1.45 / train/inv/confidence 0.3 / train/inv/confidence_gating 0 / train/inv/effective_rep_weight 0.02 / train/inv/head_objective 0.6 / train/inv/head_weight 0 / train/inv/objective 0.6 / train/inv/policy_weight_max 1 / train/inv/policy_weight_mean 1 / train/inv/policy_weight_min 1 / train/inv/policy_weight_std 0 / train/inv/valid_frac 1 / train/inv/weight 0.02 / train/loss/con 0.02 / train/loss/dyn 2.82 / train/loss/image 2.84 / train/loss/inv 0.01 / train/loss/policy -0.01 / train/loss/rep 2.82 / train/loss/repval 0.91 / train/loss/rew 0.6 / train/loss/value 0.84 / replay/replay_ratio 264 / fps/policy 7.22 / fps/train 1847.15

Writing metrics: /home/zhangpeiying01/lfy/btwm-7.7/runs/btwm_dmc_walker_walk_seed2_w002_b11_s2/scores.jsonl
Writing metrics: /home/zhangpeiying01/lfy/btwm-7.7/runs/btwm_dmc_walker_walk_seed2_w002_b11_s2/metrics.jsonl

--------------------[Agent Step 208_640]--------------------
Metrics filtered by: 'score|length|fps|ratio|train/loss/|train/acc/|train/inv/|train/rand/'
episode/score 930.08 / episode/length 1001 / train/acc/inv 0.54 / train/inv/ce 1.47 / train/inv/confidence 0.29 / train/inv/confidence_gating 0 / train/inv/effective_rep_weight 0.02 / train/inv/head_objective 0.61 / train/inv/head_weight 0 / train/inv/objective 0.61 / train/inv/policy_weight_max 1 / train/inv/policy_weight_mean 1 / train/inv/policy_weight_min 1 / train/inv/policy_weight_std 0 / train/inv/valid_frac 1 / train/inv/weight 0.02 / train/loss/con 0.02 / train/loss/dyn 2.9 / train/loss/image 2.95 / train/loss/inv 0.01 / train/loss/policy -0.01 / train/loss/rep 2.9 / train/loss/repval 0.91 / train/loss/rew 0.6 / train/loss/value 0.84 / replay/replay_ratio 264 / fps/policy 7.41 / fps/train 1897.8

Writing metrics: /home/zhangpeiying01/lfy/btwm-7.7/runs/btwm_dmc_walker_walk_seed2_w002_b11_s2/scores.jsonl
Writing metrics: /home/zhangpeiying01/lfy/btwm-7.7/runs/btwm_dmc_walker_walk_seed2_w002_b11_s2/metrics.jsonl

--------------------[Agent Step 209_536]--------------------
Metrics filtered by: 'score|length|fps|ratio|train/loss/|train/acc/|train/inv/|train/rand/'
train/acc/inv 0.54 / train/inv/ce 1.47 / train/inv/confidence 0.29 / train/inv/confidence_gating 0 / train/inv/effective_rep_weight 0.02 / train/inv/head_objective 0.61 / train/inv/head_weight 0 / train/inv/objective 0.61 / train/inv/policy_weight_max 1 / train/inv/policy_weight_mean 1 / train/inv/policy_weight_min 1 / train/inv/policy_weight_std 0 / train/inv/valid_frac 1 / train/inv/weight 0.02 / train/loss/con 0.02 / train/loss/dyn 2.87 / train/loss/image 2.93 / train/loss/inv 0.01 / train/loss/policy -0.01 / train/loss/rep 2.87 / train/loss/repval 0.91 / train/loss/rew 0.6 / train/loss/value 0.84 / replay/replay_ratio 264 / fps/policy 7.32 / fps/train 1873.25

Writing metrics: /home/zhangpeiying01/lfy/btwm-7.7/runs/btwm_dmc_walker_walk_seed2_w002_b11_s2/metrics.jsonl
Writing metrics: /home/zhangpeiying01/lfy/btwm-7.7/runs/btwm_dmc_walker_walk_seed2_w002_b11_s2/scores.jsonl

--------------------[Agent Step 210_416]--------------------
Metrics filtered by: 'score|length|fps|ratio|train/loss/|train/acc/|train/inv/|train/rand/'
train/acc/inv 0.54 / train/inv/ce 1.48 / train/inv/confidence 0.28 / train/inv/confidence_gating 0 / train/inv/effective_rep_weight 0.02 / train/inv/head_objective 0.62 / train/inv/head_weight 0 / train/inv/objective 0.62 / train/inv/policy_weight_max 1 / train/inv/policy_weight_mean 1 / train/inv/policy_weight_min 1 / train/inv/policy_weight_std 0 / train/inv/valid_frac 1 / train/inv/weight 0.02 / train/loss/con 0.02 / train/loss/dyn 2.9 / train/loss/image 2.91 / train/loss/inv 0.01 / train/loss/policy -8.3e-3 / train/loss/rep 2.9 / train/loss/repval 0.9 / train/loss/rew 0.6 / train/loss/value 0.83 / replay/replay_ratio 264 / fps/policy 7.28 / fps/train 1864.39

Writing metrics: /home/zhangpeiying01/lfy/btwm-7.7/runs/btwm_dmc_walker_walk_seed2_w002_b11_s2/metrics.jsonl
Writing metrics: /home/zhangpeiying01/lfy/btwm-7.7/runs/btwm_dmc_walker_walk_seed2_w002_b11_s2/scores.jsonl

--------------------[Agent Step 211_328]--------------------
Metrics filtered by: 'score|length|fps|ratio|train/loss/|train/acc/|train/inv/|train/rand/'
train/acc/inv 0.54 / train/inv/ce 1.48 / train/inv/confidence 0.29 / train/inv/confidence_gating 0 / train/inv/effective_rep_weight 0.02 / train/inv/head_objective 0.62 / train/inv/head_weight 0 / train/inv/objective 0.62 / train/inv/policy_weight_max 1 / train/inv/policy_weight_mean 1 / train/inv/policy_weight_min 1 / train/inv/policy_weight_std 0 / train/inv/valid_frac 1 / train/inv/weight 0.02 / train/loss/con 0.02 / train/loss/dyn 2.81 / train/loss/image 2.85 / train/loss/inv 0.01 / train/loss/policy -9.5e-3 / train/loss/rep 2.81 / train/loss/repval 0.9 / train/loss/rew 0.6 / train/loss/value 0.84 / replay/replay_ratio 264 / fps/policy 7.56 / fps/train 1934.36

Writing metrics: /home/zhangpeiying01/lfy/btwm-7.7/runs/btwm_dmc_walker_walk_seed2_w002_b11_s2/metrics.jsonl
Writing metrics: /home/zhangpeiying01/lfy/btwm-7.7/runs/btwm_dmc_walker_walk_seed2_w002_b11_s2/scores.jsonl

--------------------[Agent Step 212_192]--------------------
Metrics filtered by: 'score|length|fps|ratio|train/loss/|train/acc/|train/inv/|train/rand/'
train/acc/inv 0.54 / train/inv/ce 1.47 / train/inv/confidence 0.29 / train/inv/confidence_gating 0 / train/inv/effective_rep_weight 0.02 / train/inv/head_objective 0.61 / train/inv/head_weight 0 / train/inv/objective 0.61 / train/inv/policy_weight_max 1 / train/inv/policy_weight_mean 1 / train/inv/policy_weight_min 1 / train/inv/policy_weight_std 0 / train/inv/valid_frac 1 / train/inv/weight 0.02 / train/loss/con 0.02 / train/loss/dyn 2.8 / train/loss/image 2.87 / train/loss/inv 0.01 / train/loss/policy -9.9e-3 / train/loss/rep 2.8 / train/loss/repval 0.91 / train/loss/rew 0.6 / train/loss/value 0.84 / replay/replay_ratio 264 / fps/policy 7.12 / fps/train 1822.24

Writing metrics: /home/zhangpeiying01/lfy/btwm-7.7/runs/btwm_dmc_walker_walk_seed2_w002_b11_s2/metrics.jsonl
Writing metrics: /home/zhangpeiying01/lfy/btwm-7.7/runs/btwm_dmc_walker_walk_seed2_w002_b11_s2/scores.jsonl

--------------------[Agent Step 213_088]--------------------
Metrics filtered by: 'score|length|fps|ratio|train/loss/|train/acc/|train/inv/|train/rand/'
train/acc/inv 0.54 / train/inv/ce 1.48 / train/inv/confidence 0.29 / train/inv/confidence_gating 0 / train/inv/effective_rep_weight 0.02 / train/inv/head_objective 0.62 / train/inv/head_weight 0 / train/inv/objective 0.62 / train/inv/policy_weight_max 1 / train/inv/policy_weight_mean 1 / train/inv/policy_weight_min 1 / train/inv/policy_weight_std 0 / train/inv/valid_frac 1 / train/inv/weight 0.02 / train/loss/con 0.02 / train/loss/dyn 2.82 / train/loss/image 2.81 / train/loss/inv 0.01 / train/loss/policy -6.7e-3 / train/loss/rep 2.82 / train/loss/repval 0.91 / train/loss/rew 0.6 / train/loss/value 0.84 / replay/replay_ratio 264 / fps/policy 7.44 / fps/train 1904.36

Writing metrics: /home/zhangpeiying01/lfy/btwm-7.7/runs/btwm_dmc_walker_walk_seed2_w002_b11_s2/metrics.jsonl
Writing metrics: /home/zhangpeiying01/lfy/btwm-7.7/runs/btwm_dmc_walker_walk_seed2_w002_b11_s2/scores.jsonl

--------------------[Agent Step 213_968]--------------------
Metrics filtered by: 'score|length|fps|ratio|train/loss/|train/acc/|train/inv/|train/rand/'
train/acc/inv 0.54 / train/inv/ce 1.48 / train/inv/confidence 0.29 / train/inv/confidence_gating 0 / train/inv/effective_rep_weight 0.02 / train/inv/head_objective 0.62 / train/inv/head_weight 0 / train/inv/objective 0.62 / train/inv/policy_weight_max 1 / train/inv/policy_weight_mean 1 / train/inv/policy_weight_min 1 / train/inv/policy_weight_std 0 / train/inv/valid_frac 1 / train/inv/weight 0.02 / train/loss/con 0.02 / train/loss/dyn 2.83 / train/loss/image 2.83 / train/loss/inv 0.01 / train/loss/policy -8e-3 / train/loss/rep 2.83 / train/loss/repval 0.91 / train/loss/rew 0.6 / train/loss/value 0.84 / replay/replay_ratio 264 / fps/policy 7.3 / fps/train 1869.01

Writing metrics: /home/zhangpeiying01/lfy/btwm-7.7/runs/btwm_dmc_walker_walk_seed2_w002_b11_s2/metrics.jsonl
Writing metrics: /home/zhangpeiying01/lfy/btwm-7.7/runs/btwm_dmc_walker_walk_seed2_w002_b11_s2/scores.jsonl

--------------------[Agent Step 214_848]--------------------
Metrics filtered by: 'score|length|fps|ratio|train/loss/|train/acc/|train/inv/|train/rand/'
train/acc/inv 0.54 / train/inv/ce 1.48 / train/inv/confidence 0.29 / train/inv/confidence_gating 0 / train/inv/effective_rep_weight 0.02 / train/inv/head_objective 0.62 / train/inv/head_weight 0 / train/inv/objective 0.62 / train/inv/policy_weight_max 1 / train/inv/policy_weight_mean 1 / train/inv/policy_weight_min 1 / train/inv/policy_weight_std 0 / train/inv/valid_frac 1 / train/inv/weight 0.02 / train/loss/con 0.02 / train/loss/dyn 2.8 / train/loss/image 2.82 / train/loss/inv 0.01 / train/loss/policy -6.2e-3 / train/loss/rep 2.8 / train/loss/repval 0.9 / train/loss/rew 0.6 / train/loss/value 0.84 / replay/replay_ratio 264 / fps/policy 7.22 / fps/train 1847.26

Writing metrics: /home/zhangpeiying01/lfy/btwm-7.7/runs/btwm_dmc_walker_walk_seed2_w002_b11_s2/scores.jsonl
Writing metrics: /home/zhangpeiying01/lfy/btwm-7.7/runs/btwm_dmc_walker_walk_seed2_w002_b11_s2/metrics.jsonl

--------------------[Agent Step 215_760]--------------------
Metrics filtered by: 'score|length|fps|ratio|train/loss/|train/acc/|train/inv/|train/rand/'
train/acc/inv 0.54 / train/inv/ce 1.47 / train/inv/confidence 0.29 / train/inv/confidence_gating 0 / train/inv/effective_rep_weight 0.02 / train/inv/head_objective 0.61 / train/inv/head_weight 0 / train/inv/objective 0.61 / train/inv/policy_weight_max 1 / train/inv/policy_weight_mean 1 / train/inv/policy_weight_min 1 / train/inv/policy_weight_std 0 / train/inv/valid_frac 1 / train/inv/weight 0.02 / train/loss/con 0.02 / train/loss/dyn 2.79 / train/loss/image 2.83 / train/loss/inv 0.01 / train/loss/policy -6.3e-3 / train/loss/rep 2.79 / train/loss/repval 0.9 / train/loss/rew 0.6 / train/loss/value 0.83 / replay/replay_ratio 264 / fps/policy 7.6 / fps/train 1944.45

Writing metrics: /home/zhangpeiying01/lfy/btwm-7.7/runs/btwm_dmc_walker_walk_seed2_w002_b11_s2/scores.jsonl
Writing metrics: /home/zhangpeiying01/lfy/btwm-7.7/runs/btwm_dmc_walker_walk_seed2_w002_b11_s2/metrics.jsonl

--------------------[Agent Step 216_608]--------------------
Metrics filtered by: 'score|length|fps|ratio|train/loss/|train/acc/|train/inv/|train/rand/'
train/acc/inv 0.54 / train/inv/ce 1.48 / train/inv/confidence 0.28 / train/inv/confidence_gating 0 / train/inv/effective_rep_weight 0.02 / train/inv/head_objective 0.62 / train/inv/head_weight 0 / train/inv/objective 0.62 / train/inv/policy_weight_max 1 / train/inv/policy_weight_mean 1 / train/inv/policy_weight_min 1 / train/inv/policy_weight_std 0 / train/inv/valid_frac 1 / train/inv/weight 0.02 / train/loss/con 0.02 / train/loss/dyn 2.85 / train/loss/image 2.81 / train/loss/inv 0.01 / train/loss/policy -6e-3 / train/loss/rep 2.85 / train/loss/repval 0.9 / train/loss/rew 0.6 / train/loss/value 0.83 / replay/replay_ratio 264 / fps/policy 7.02 / fps/train 1796.85

Writing metrics: /home/zhangpeiying01/lfy/btwm-7.7/runs/btwm_dmc_walker_walk_seed2_w002_b11_s2/metrics.jsonl
Writing metrics: /home/zhangpeiying01/lfy/btwm-7.7/runs/btwm_dmc_walker_walk_seed2_w002_b11_s2/scores.jsonl

--------------------[Agent Step 217_488]--------------------
Metrics filtered by: 'score|length|fps|ratio|train/loss/|train/acc/|train/inv/|train/rand/'
train/acc/inv 0.54 / train/inv/ce 1.48 / train/inv/confidence 0.29 / train/inv/confidence_gating 0 / train/inv/effective_rep_weight 0.02 / train/inv/head_objective 0.62 / train/inv/head_weight 0 / train/inv/objective 0.62 / train/inv/policy_weight_max 1 / train/inv/policy_weight_mean 1 / train/inv/policy_weight_min 1 / train/inv/policy_weight_std 0 / train/inv/valid_frac 1 / train/inv/weight 0.02 / train/loss/con 0.02 / train/loss/dyn 2.78 / train/loss/image 2.79 / train/loss/inv 0.01 / train/loss/policy -8.4e-3 / train/loss/rep 2.78 / train/loss/repval 0.9 / train/loss/rew 0.6 / train/loss/value 0.83 / replay/replay_ratio 264 / fps/policy 7.27 / fps/train 1861.37

Writing metrics: /home/zhangpeiying01/lfy/btwm-7.7/runs/btwm_dmc_walker_walk_seed2_w002_b11_s2/scores.jsonl
Writing metrics: /home/zhangpeiying01/lfy/btwm-7.7/runs/btwm_dmc_walker_walk_seed2_w002_b11_s2/metrics.jsonl

--------------------[Agent Step 218_352]--------------------
Metrics filtered by: 'score|length|fps|ratio|train/loss/|train/acc/|train/inv/|train/rand/'
train/acc/inv 0.54 / train/inv/ce 1.49 / train/inv/confidence 0.28 / train/inv/confidence_gating 0 / train/inv/effective_rep_weight 0.02 / train/inv/head_objective 0.62 / train/inv/head_weight 0 / train/inv/objective 0.62 / train/inv/policy_weight_max 1 / train/inv/policy_weight_mean 1 / train/inv/policy_weight_min 1 / train/inv/policy_weight_std 0 / train/inv/valid_frac 1 / train/inv/weight 0.02 / train/loss/con 0.02 / train/loss/dyn 2.78 / train/loss/image 2.77 / train/loss/inv 0.01 / train/loss/policy -0.01 / train/loss/rep 2.78 / train/loss/repval 0.89 / train/loss/rew 0.6 / train/loss/value 0.82 / replay/replay_ratio 264 / fps/policy 7.1 / fps/train 1818.53

Writing metrics: /home/zhangpeiying01/lfy/btwm-7.7/runs/btwm_dmc_walker_walk_seed2_w002_b11_s2/scores.jsonl
Writing metrics: /home/zhangpeiying01/lfy/btwm-7.7/runs/btwm_dmc_walker_walk_seed2_w002_b11_s2/metrics.jsonl

--------------------[Agent Step 219_200]--------------------
Metrics filtered by: 'score|length|fps|ratio|train/loss/|train/acc/|train/inv/|train/rand/'
train/acc/inv 0.54 / train/inv/ce 1.48 / train/inv/confidence 0.29 / train/inv/confidence_gating 0 / train/inv/effective_rep_weight 0.02 / train/inv/head_objective 0.62 / train/inv/head_weight 0 / train/inv/objective 0.62 / train/inv/policy_weight_max 1 / train/inv/policy_weight_mean 1 / train/inv/policy_weight_min 1 / train/inv/policy_weight_std 0 / train/inv/valid_frac 1 / train/inv/weight 0.02 / train/loss/con 0.02 / train/loss/dyn 2.81 / train/loss/image 2.78 / train/loss/inv 0.01 / train/loss/policy -0.01 / train/loss/rep 2.81 / train/loss/repval 0.9 / train/loss/rew 0.6 / train/loss/value 0.83 / replay/replay_ratio 264 / fps/policy 6.99 / fps/train 1789.57

Writing metrics: /home/zhangpeiying01/lfy/btwm-7.7/runs/btwm_dmc_walker_walk_seed2_w002_b11_s2/scores.jsonl
Writing metrics: /home/zhangpeiying01/lfy/btwm-7.7/runs/btwm_dmc_walker_walk_seed2_w002_b11_s2/metrics.jsonl

--------------------[Agent Step 220_080]--------------------
Metrics filtered by: 'score|length|fps|ratio|train/loss/|train/acc/|train/inv/|train/rand/'
train/acc/inv 0.54 / train/inv/ce 1.47 / train/inv/confidence 0.29 / train/inv/confidence_gating 0 / train/inv/effective_rep_weight 0.02 / train/inv/head_objective 0.61 / train/inv/head_weight 0 / train/inv/objective 0.61 / train/inv/policy_weight_max 1 / train/inv/policy_weight_mean 1 / train/inv/policy_weight_min 1 / train/inv/policy_weight_std 0 / train/inv/valid_frac 1 / train/inv/weight 0.02 / train/loss/con 0.02 / train/loss/dyn 2.81 / train/loss/image 2.82 / train/loss/inv 0.01 / train/loss/policy -0.01 / train/loss/rep 2.81 / train/loss/repval 0.89 / train/loss/rew 0.6 / train/loss/value 0.83 / replay/replay_ratio 264 / fps/policy 7.28 / fps/train 1863.15

Writing metrics: /home/zhangpeiying01/lfy/btwm-7.7/runs/btwm_dmc_walker_walk_seed2_w002_b11_s2/metrics.jsonl
Writing metrics: /home/zhangpeiying01/lfy/btwm-7.7/runs/btwm_dmc_walker_walk_seed2_w002_b11_s2/scores.jsonl

--------------------[Agent Step 220_928]--------------------
Metrics filtered by: 'score|length|fps|ratio|train/loss/|train/acc/|train/inv/|train/rand/'
train/acc/inv 0.54 / train/inv/ce 1.48 / train/inv/confidence 0.29 / train/inv/confidence_gating 0 / train/inv/effective_rep_weight 0.02 / train/inv/head_objective 0.62 / train/inv/head_weight 0 / train/inv/objective 0.62 / train/inv/policy_weight_max 1 / train/inv/policy_weight_mean 1 / train/inv/policy_weight_min 1 / train/inv/policy_weight_std 0 / train/inv/valid_frac 1 / train/inv/weight 0.02 / train/loss/con 0.02 / train/loss/dyn 2.78 / train/loss/image 2.78 / train/loss/inv 0.01 / train/loss/policy -0.01 / train/loss/rep 2.78 / train/loss/repval 0.89 / train/loss/rew 0.6 / train/loss/value 0.83 / replay/replay_ratio 264 / fps/policy 6.95 / fps/train 1779.8

Writing metrics: /home/zhangpeiying01/lfy/btwm-7.7/runs/btwm_dmc_walker_walk_seed2_w002_b11_s2/metrics.jsonl
Writing metrics: /home/zhangpeiying01/lfy/btwm-7.7/runs/btwm_dmc_walker_walk_seed2_w002_b11_s2/scores.jsonl

--------------------[Agent Step 221_776]--------------------
Metrics filtered by: 'score|length|fps|ratio|train/loss/|train/acc/|train/inv/|train/rand/'
train/acc/inv 0.54 / train/inv/ce 1.47 / train/inv/confidence 0.29 / train/inv/confidence_gating 0 / train/inv/effective_rep_weight 0.02 / train/inv/head_objective 0.61 / train/inv/head_weight 0 / train/inv/objective 0.61 / train/inv/policy_weight_max 1 / train/inv/policy_weight_mean 1 / train/inv/policy_weight_min 1 / train/inv/policy_weight_std 0 / train/inv/valid_frac 1 / train/inv/weight 0.02 / train/loss/con 0.02 / train/loss/dyn 2.79 / train/loss/image 2.79 / train/loss/inv 0.01 / train/loss/policy -0.01 / train/loss/rep 2.79 / train/loss/repval 0.9 / train/loss/rew 0.6 / train/loss/value 0.83 / replay/replay_ratio 264 / fps/policy 7.01 / fps/train 1793.88

Writing metrics: /home/zhangpeiying01/lfy/btwm-7.7/runs/btwm_dmc_walker_walk_seed2_w002_b11_s2/metrics.jsonl
Writing metrics: /home/zhangpeiying01/lfy/btwm-7.7/runs/btwm_dmc_walker_walk_seed2_w002_b11_s2/scores.jsonl

--------------------[Agent Step 222_656]--------------------
Metrics filtered by: 'score|length|fps|ratio|train/loss/|train/acc/|train/inv/|train/rand/'
train/acc/inv 0.54 / train/inv/ce 1.47 / train/inv/confidence 0.29 / train/inv/confidence_gating 0 / train/inv/effective_rep_weight 0.02 / train/inv/head_objective 0.61 / train/inv/head_weight 0 / train/inv/objective 0.61 / train/inv/policy_weight_max 1 / train/inv/policy_weight_mean 1 / train/inv/policy_weight_min 1 / train/inv/policy_weight_std 0 / train/inv/valid_frac 1 / train/inv/weight 0.02 / train/loss/con 0.02 / train/loss/dyn 2.75 / train/loss/image 2.76 / train/loss/inv 0.01 / train/loss/policy -0.02 / train/loss/rep 2.75 / train/loss/repval 0.9 / train/loss/rew 0.6 / train/loss/value 0.83 / replay/replay_ratio 264 / fps/policy 7.32 / fps/train 1875.06

Writing metrics: /home/zhangpeiying01/lfy/btwm-7.7/runs/btwm_dmc_walker_walk_seed2_w002_b11_s2/metrics.jsonl
Writing metrics: /home/zhangpeiying01/lfy/btwm-7.7/runs/btwm_dmc_walker_walk_seed2_w002_b11_s2/scores.jsonl

--------------------[Agent Step 223_504]--------------------
Metrics filtered by: 'score|length|fps|ratio|train/loss/|train/acc/|train/inv/|train/rand/'
train/acc/inv 0.54 / train/inv/ce 1.47 / train/inv/confidence 0.29 / train/inv/confidence_gating 0 / train/inv/effective_rep_weight 0.02 / train/inv/head_objective 0.61 / train/inv/head_weight 0 / train/inv/objective 0.61 / train/inv/policy_weight_max 1 / train/inv/policy_weight_mean 1 / train/inv/policy_weight_min 1 / train/inv/policy_weight_std 0 / train/inv/valid_frac 1 / train/inv/weight 0.02 / train/loss/con 0.02 / train/loss/dyn 2.79 / train/loss/image 2.76 / train/loss/inv 0.01 / train/loss/policy -0.02 / train/loss/rep 2.79 / train/loss/repval 0.89 / train/loss/rew 0.6 / train/loss/value 0.83 / replay/replay_ratio 264 / fps/policy 7.06 / fps/train 1806.72

Writing metrics: /home/zhangpeiying01/lfy/btwm-7.7/runs/btwm_dmc_walker_walk_seed2_w002_b11_s2/metrics.jsonl
Writing metrics: /home/zhangpeiying01/lfy/btwm-7.7/runs/btwm_dmc_walker_walk_seed2_w002_b11_s2/scores.jsonl

--------------------[Agent Step 224_384]--------------------
Metrics filtered by: 'score|length|fps|ratio|train/loss/|train/acc/|train/inv/|train/rand/'
episode/score 927.86 / episode/length 1001 / train/acc/inv 0.54 / train/inv/ce 1.48 / train/inv/confidence 0.29 / train/inv/confidence_gating 0 / train/inv/effective_rep_weight 0.02 / train/inv/head_objective 0.62 / train/inv/head_weight 0 / train/inv/objective 0.62 / train/inv/policy_weight_max 1 / train/inv/policy_weight_mean 1 / train/inv/policy_weight_min 1 / train/inv/policy_weight_std 0 / train/inv/valid_frac 1 / train/inv/weight 0.02 / train/loss/con 0.02 / train/loss/dyn 2.75 / train/loss/image 2.75 / train/loss/inv 0.01 / train/loss/policy -0.02 / train/loss/rep 2.75 / train/loss/repval 0.9 / train/loss/rew 0.6 / train/loss/value 0.83 / replay/replay_ratio 264 / fps/policy 7.17 / fps/train 1836.57

Writing metrics: /home/zhangpeiying01/lfy/btwm-7.7/runs/btwm_dmc_walker_walk_seed2_w002_b11_s2/metrics.jsonl
Writing metrics: /home/zhangpeiying01/lfy/btwm-7.7/runs/btwm_dmc_walker_walk_seed2_w002_b11_s2/scores.jsonl

--------------------[Agent Step 225_264]--------------------
Metrics filtered by: 'score|length|fps|ratio|train/loss/|train/acc/|train/inv/|train/rand/'
train/acc/inv 0.54 / train/inv/ce 1.5 / train/inv/confidence 0.28 / train/inv/confidence_gating 0 / train/inv/effective_rep_weight 0.02 / train/inv/head_objective 0.62 / train/inv/head_weight 0 / train/inv/objective 0.62 / train/inv/policy_weight_max 1 / train/inv/policy_weight_mean 1 / train/inv/policy_weight_min 1 / train/inv/policy_weight_std 0 / train/inv/valid_frac 1 / train/inv/weight 0.02 / train/loss/con 0.02 / train/loss/dyn 2.92 / train/loss/image 2.94 / train/loss/inv 0.01 / train/loss/policy -0.01 / train/loss/rep 2.92 / train/loss/repval 0.9 / train/loss/rew 0.6 / train/loss/value 0.83 / replay/replay_ratio 264 / fps/policy 7.32 / fps/train 1873.96

Writing metrics: /home/zhangpeiying01/lfy/btwm-7.7/runs/btwm_dmc_walker_walk_seed2_w002_b11_s2/scores.jsonl
Writing metrics: /home/zhangpeiying01/lfy/btwm-7.7/runs/btwm_dmc_walker_walk_seed2_w002_b11_s2/metrics.jsonl

--------------------[Agent Step 226_112]--------------------
Metrics filtered by: 'score|length|fps|ratio|train/loss/|train/acc/|train/inv/|train/rand/'
train/acc/inv 0.54 / train/inv/ce 1.49 / train/inv/confidence 0.28 / train/inv/confidence_gating 0 / train/inv/effective_rep_weight 0.02 / train/inv/head_objective 0.62 / train/inv/head_weight 0 / train/inv/objective 0.62 / train/inv/policy_weight_max 1 / train/inv/policy_weight_mean 1 / train/inv/policy_weight_min 1 / train/inv/policy_weight_std 0 / train/inv/valid_frac 1 / train/inv/weight 0.02 / train/loss/con 0.02 / train/loss/dyn 2.89 / train/loss/image 2.88 / train/loss/inv 0.01 / train/loss/policy -6.2e-3 / train/loss/rep 2.89 / train/loss/repval 0.9 / train/loss/rew 0.6 / train/loss/value 0.83 / replay/replay_ratio 264 / fps/policy 7.06 / fps/train 1806.66

Writing metrics: /home/zhangpeiying01/lfy/btwm-7.7/runs/btwm_dmc_walker_walk_seed2_w002_b11_s2/metrics.jsonl
Writing metrics: /home/zhangpeiying01/lfy/btwm-7.7/runs/btwm_dmc_walker_walk_seed2_w002_b11_s2/scores.jsonl

--------------------[Agent Step 227_008]--------------------
Metrics filtered by: 'score|length|fps|ratio|train/loss/|train/acc/|train/inv/|train/rand/'
train/acc/inv 0.54 / train/inv/ce 1.5 / train/inv/confidence 0.28 / train/inv/confidence_gating 0 / train/inv/effective_rep_weight 0.02 / train/inv/head_objective 0.62 / train/inv/head_weight 0 / train/inv/objective 0.62 / train/inv/policy_weight_max 1 / train/inv/policy_weight_mean 1 / train/inv/policy_weight_min 1 / train/inv/policy_weight_std 0 / train/inv/valid_frac 1 / train/inv/weight 0.02 / train/loss/con 0.02 / train/loss/dyn 2.8 / train/loss/image 2.85 / train/loss/inv 0.01 / train/loss/policy -7.7e-3 / train/loss/rep 2.8 / train/loss/repval 0.89 / train/loss/rew 0.6 / train/loss/value 0.83 / replay/replay_ratio 264 / fps/policy 7.34 / fps/train 1879.4

Writing metrics: /home/zhangpeiying01/lfy/btwm-7.7/runs/btwm_dmc_walker_walk_seed2_w002_b11_s2/metrics.jsonl
Writing metrics: /home/zhangpeiying01/lfy/btwm-7.7/runs/btwm_dmc_walker_walk_seed2_w002_b11_s2/scores.jsonl

--------------------[Agent Step 227_872]--------------------
Metrics filtered by: 'score|length|fps|ratio|train/loss/|train/acc/|train/inv/|train/rand/'
train/acc/inv 0.54 / train/inv/ce 1.49 / train/inv/confidence 0.28 / train/inv/confidence_gating 0 / train/inv/effective_rep_weight 0.02 / train/inv/head_objective 0.62 / train/inv/head_weight 0 / train/inv/objective 0.62 / train/inv/policy_weight_max 1 / train/inv/policy_weight_mean 1 / train/inv/policy_weight_min 1 / train/inv/policy_weight_std 0 / train/inv/valid_frac 1 / train/inv/weight 0.02 / train/loss/con 0.02 / train/loss/dyn 2.84 / train/loss/image 2.84 / train/loss/inv 0.01 / train/loss/policy -4.7e-3 / train/loss/rep 2.84 / train/loss/repval 0.9 / train/loss/rew 0.6 / train/loss/value 0.83 / replay/replay_ratio 264 / fps/policy 7.15 / fps/train 1831.33

Writing metrics: /home/zhangpeiying01/lfy/btwm-7.7/runs/btwm_dmc_walker_walk_seed2_w002_b11_s2/metrics.jsonl
Writing metrics: /home/zhangpeiying01/lfy/btwm-7.7/runs/btwm_dmc_walker_walk_seed2_w002_b11_s2/scores.jsonl

--------------------[Agent Step 228_736]--------------------
Metrics filtered by: 'score|length|fps|ratio|train/loss/|train/acc/|train/inv/|train/rand/'
train/acc/inv 0.54 / train/inv/ce 1.48 / train/inv/confidence 0.28 / train/inv/confidence_gating 0 / train/inv/effective_rep_weight 0.02 / train/inv/head_objective 0.62 / train/inv/head_weight 0 / train/inv/objective 0.62 / train/inv/policy_weight_max 1 / train/inv/policy_weight_mean 1 / train/inv/policy_weight_min 1 / train/inv/policy_weight_std 0 / train/inv/valid_frac 1 / train/inv/weight 0.02 / train/loss/con 0.02 / train/loss/dyn 2.79 / train/loss/image 2.8 / train/loss/inv 0.01 / train/loss/policy -7.8e-3 / train/loss/rep 2.79 / train/loss/repval 0.89 / train/loss/rew 0.6 / train/loss/value 0.83 / replay/replay_ratio 264 / fps/policy 7.07 / fps/train 1810.14

Writing metrics: /home/zhangpeiying01/lfy/btwm-7.7/runs/btwm_dmc_walker_walk_seed2_w002_b11_s2/scores.jsonl
Writing metrics: /home/zhangpeiying01/lfy/btwm-7.7/runs/btwm_dmc_walker_walk_seed2_w002_b11_s2/metrics.jsonl

--------------------[Agent Step 229_632]--------------------
Metrics filtered by: 'score|length|fps|ratio|train/loss/|train/acc/|train/inv/|train/rand/'
train/acc/inv 0.54 / train/inv/ce 1.47 / train/inv/confidence 0.29 / train/inv/confidence_gating 0 / train/inv/effective_rep_weight 0.02 / train/inv/head_objective 0.61 / train/inv/head_weight 0 / train/inv/objective 0.61 / train/inv/policy_weight_max 1 / train/inv/policy_weight_mean 1 / train/inv/policy_weight_min 1 / train/inv/policy_weight_std 0 / train/inv/valid_frac 1 / train/inv/weight 0.02 / train/loss/con 0.02 / train/loss/dyn 2.76 / train/loss/image 2.82 / train/loss/inv 0.01 / train/loss/policy -0.01 / train/loss/rep 2.76 / train/loss/repval 0.9 / train/loss/rew 0.6 / train/loss/value 0.83 / replay/replay_ratio 264 / fps/policy 7.41 / fps/train 1896.16

Writing metrics: /home/zhangpeiying01/lfy/btwm-7.7/runs/btwm_dmc_walker_walk_seed2_w002_b11_s2/metrics.jsonl
Writing metrics: /home/zhangpeiying01/lfy/btwm-7.7/runs/btwm_dmc_walker_walk_seed2_w002_b11_s2/scores.jsonl

--------------------[Agent Step 230_496]--------------------
Metrics filtered by: 'score|length|fps|ratio|train/loss/|train/acc/|train/inv/|train/rand/'
train/acc/inv 0.53 / train/inv/ce 1.5 / train/inv/confidence 0.28 / train/inv/confidence_gating 0 / train/inv/effective_rep_weight 0.02 / train/inv/head_objective 0.62 / train/inv/head_weight 0 / train/inv/objective 0.62 / train/inv/policy_weight_max 1 / train/inv/policy_weight_mean 1 / train/inv/policy_weight_min 1 / train/inv/policy_weight_std 0 / train/inv/valid_frac 1 / train/inv/weight 0.02 / train/loss/con 0.02 / train/loss/dyn 2.81 / train/loss/image 2.77 / train/loss/inv 0.01 / train/loss/policy -0.01 / train/loss/rep 2.81 / train/loss/repval 0.89 / train/loss/rew 0.6 / train/loss/value 0.82 / replay/replay_ratio 264 / fps/policy 7.05 / fps/train 1803.54

Writing metrics: /home/zhangpeiying01/lfy/btwm-7.7/runs/btwm_dmc_walker_walk_seed2_w002_b11_s2/scores.jsonl
Writing metrics: /home/zhangpeiying01/lfy/btwm-7.7/runs/btwm_dmc_walker_walk_seed2_w002_b11_s2/metrics.jsonl

--------------------[Agent Step 231_360]--------------------
Metrics filtered by: 'score|length|fps|ratio|train/loss/|train/acc/|train/inv/|train/rand/'
train/acc/inv 0.54 / train/inv/ce 1.48 / train/inv/confidence 0.29 / train/inv/confidence_gating 0 / train/inv/effective_rep_weight 0.02 / train/inv/head_objective 0.62 / train/inv/head_weight 0 / train/inv/objective 0.62 / train/inv/policy_weight_max 1 / train/inv/policy_weight_mean 1 / train/inv/policy_weight_min 1 / train/inv/policy_weight_std 0 / train/inv/valid_frac 1 / train/inv/weight 0.02 / train/loss/con 0.02 / train/loss/dyn 2.77 / train/loss/image 2.77 / train/loss/inv 0.01 / train/loss/policy -8.9e-3 / train/loss/rep 2.77 / train/loss/repval 0.89 / train/loss/rew 0.6 / train/loss/value 0.83 / replay/replay_ratio 264 / fps/policy 7.16 / fps/train 1833.16

Writing metrics: /home/zhangpeiying01/lfy/btwm-7.7/runs/btwm_dmc_walker_walk_seed2_w002_b11_s2/scores.jsonl
Writing metrics: /home/zhangpeiying01/lfy/btwm-7.7/runs/btwm_dmc_walker_walk_seed2_w002_b11_s2/metrics.jsonl

--------------------[Agent Step 232_240]--------------------
Metrics filtered by: 'score|length|fps|ratio|train/loss/|train/acc/|train/inv/|train/rand/'
train/acc/inv 0.54 / train/inv/ce 1.48 / train/inv/confidence 0.29 / train/inv/confidence_gating 0 / train/inv/effective_rep_weight 0.02 / train/inv/head_objective 0.62 / train/inv/head_weight 0 / train/inv/objective 0.62 / train/inv/policy_weight_max 1 / train/inv/policy_weight_mean 1 / train/inv/policy_weight_min 1 / train/inv/policy_weight_std 0 / train/inv/valid_frac 1 / train/inv/weight 0.02 / train/loss/con 0.02 / train/loss/dyn 2.73 / train/loss/image 2.72 / train/loss/inv 0.01 / train/loss/policy -9.3e-3 / train/loss/rep 2.73 / train/loss/repval 0.89 / train/loss/rew 0.6 / train/loss/value 0.82 / replay/replay_ratio 264 / fps/policy 7.32 / fps/train 1873.77

Writing metrics: /home/zhangpeiying01/lfy/btwm-7.7/runs/btwm_dmc_walker_walk_seed2_w002_b11_s2/metrics.jsonl
Writing metrics: /home/zhangpeiying01/lfy/btwm-7.7/runs/btwm_dmc_walker_walk_seed2_w002_b11_s2/scores.jsonl
Saving checkpoint: /home/zhangpeiying01/lfy/btwm-7.7/runs/btwm_dmc_walker_walk_seed2_w002_b11_s2/ckpt/20260716T190807F557915
Saved checkpoint.

--------------------[Agent Step 233_056]--------------------
Metrics filtered by: 'score|length|fps|ratio|train/loss/|train/acc/|train/inv/|train/rand/'
train/acc/inv 0.54 / train/inv/ce 1.5 / train/inv/confidence 0.28 / train/inv/confidence_gating 0 / train/inv/effective_rep_weight 0.02 / train/inv/head_objective 0.62 / train/inv/head_weight 0 / train/inv/objective 0.62 / train/inv/policy_weight_max 1 / train/inv/policy_weight_mean 1 / train/inv/policy_weight_min 1 / train/inv/policy_weight_std 0 / train/inv/valid_frac 1 / train/inv/weight 0.02 / train/loss/con 0.02 / train/loss/dyn 2.84 / train/loss/image 2.73 / train/loss/inv 0.01 / train/loss/policy -0.01 / train/loss/rep 2.84 / train/loss/repval 0.88 / train/loss/rew 0.6 / train/loss/value 0.82 / replay/replay_ratio 264 / fps/policy 6.78 / fps/train 1734.42

Writing metrics: /home/zhangpeiying01/lfy/btwm-7.7/runs/btwm_dmc_walker_walk_seed2_w002_b11_s2/scores.jsonl
Writing metrics: /home/zhangpeiying01/lfy/btwm-7.7/runs/btwm_dmc_walker_walk_seed2_w002_b11_s2/metrics.jsonl

--------------------[Agent Step 233_952]--------------------
Metrics filtered by: 'score|length|fps|ratio|train/loss/|train/acc/|train/inv/|train/rand/'
train/acc/inv 0.54 / train/inv/ce 1.49 / train/inv/confidence 0.28 / train/inv/confidence_gating 0 / train/inv/effective_rep_weight 0.02 / train/inv/head_objective 0.62 / train/inv/head_weight 0 / train/inv/objective 0.62 / train/inv/policy_weight_max 1 / train/inv/policy_weight_mean 1 / train/inv/policy_weight_min 1 / train/inv/policy_weight_std 0 / train/inv/valid_frac 1 / train/inv/weight 0.02 / train/loss/con 0.02 / train/loss/dyn 2.78 / train/loss/image 2.74 / train/loss/inv 0.01 / train/loss/policy -0.01 / train/loss/rep 2.78 / train/loss/repval 0.89 / train/loss/rew 0.6 / train/loss/value 0.82 / replay/replay_ratio 264 / fps/policy 7.35 / fps/train 1880.6

Writing metrics: /home/zhangpeiying01/lfy/btwm-7.7/runs/btwm_dmc_walker_walk_seed2_w002_b11_s2/metrics.jsonl
Writing metrics: /home/zhangpeiying01/lfy/btwm-7.7/runs/btwm_dmc_walker_walk_seed2_w002_b11_s2/scores.jsonl

--------------------[Agent Step 234_832]--------------------
Metrics filtered by: 'score|length|fps|ratio|train/loss/|train/acc/|train/inv/|train/rand/'
train/acc/inv 0.54 / train/inv/ce 1.49 / train/inv/confidence 0.28 / train/inv/confidence_gating 0 / train/inv/effective_rep_weight 0.02 / train/inv/head_objective 0.62 / train/inv/head_weight 0 / train/inv/objective 0.62 / train/inv/policy_weight_max 1 / train/inv/policy_weight_mean 1 / train/inv/policy_weight_min 1 / train/inv/policy_weight_std 0 / train/inv/valid_frac 1 / train/inv/weight 0.02 / train/loss/con 0.02 / train/loss/dyn 2.73 / train/loss/image 2.7 / train/loss/inv 0.01 / train/loss/policy -9.9e-3 / train/loss/rep 2.73 / train/loss/repval 0.89 / train/loss/rew 0.6 / train/loss/value 0.82 / replay/replay_ratio 264 / fps/policy 7.21 / fps/train 1844.9

Writing metrics: /home/zhangpeiying01/lfy/btwm-7.7/runs/btwm_dmc_walker_walk_seed2_w002_b11_s2/scores.jsonl
Writing metrics: /home/zhangpeiying01/lfy/btwm-7.7/runs/btwm_dmc_walker_walk_seed2_w002_b11_s2/metrics.jsonl

--------------------[Agent Step 235_680]--------------------
Metrics filtered by: 'score|length|fps|ratio|train/loss/|train/acc/|train/inv/|train/rand/'
train/acc/inv 0.53 / train/inv/ce 1.5 / train/inv/confidence 0.28 / train/inv/confidence_gating 0 / train/inv/effective_rep_weight 0.02 / train/inv/head_objective 0.63 / train/inv/head_weight 0 / train/inv/objective 0.63 / train/inv/policy_weight_max 1 / train/inv/policy_weight_mean 1 / train/inv/policy_weight_min 1 / train/inv/policy_weight_std 0 / train/inv/valid_frac 1 / train/inv/weight 0.02 / train/loss/con 0.02 / train/loss/dyn 2.78 / train/loss/image 2.72 / train/loss/inv 0.01 / train/loss/policy -8.1e-3 / train/loss/rep 2.78 / train/loss/repval 0.88 / train/loss/rew 0.6 / train/loss/value 0.82 / replay/replay_ratio 264 / fps/policy 7.1 / fps/train 1816.71

Writing metrics: /home/zhangpeiying01/lfy/btwm-7.7/runs/btwm_dmc_walker_walk_seed2_w002_b11_s2/scores.jsonl
Writing metrics: /home/zhangpeiying01/lfy/btwm-7.7/runs/btwm_dmc_walker_walk_seed2_w002_b11_s2/metrics.jsonl

--------------------[Agent Step 236_592]--------------------
Metrics filtered by: 'score|length|fps|ratio|train/loss/|train/acc/|train/inv/|train/rand/'
train/acc/inv 0.53 / train/inv/ce 1.5 / train/inv/confidence 0.28 / train/inv/confidence_gating 0 / train/inv/effective_rep_weight 0.02 / train/inv/head_objective 0.62 / train/inv/head_weight 0 / train/inv/objective 0.62 / train/inv/policy_weight_max 1 / train/inv/policy_weight_mean 1 / train/inv/policy_weight_min 1 / train/inv/policy_weight_std 0 / train/inv/valid_frac 1 / train/inv/weight 0.02 / train/loss/con 0.02 / train/loss/dyn 2.75 / train/loss/image 2.69 / train/loss/inv 0.01 / train/loss/policy -7.1e-3 / train/loss/rep 2.75 / train/loss/repval 0.88 / train/loss/rew 0.6 / train/loss/value 0.81 / replay/replay_ratio 264 / fps/policy 7.48 / fps/train 1916.1

Writing metrics: /home/zhangpeiying01/lfy/btwm-7.7/runs/btwm_dmc_walker_walk_seed2_w002_b11_s2/scores.jsonl
Writing metrics: /home/zhangpeiying01/lfy/btwm-7.7/runs/btwm_dmc_walker_walk_seed2_w002_b11_s2/metrics.jsonl

--------------------[Agent Step 237_456]--------------------
Metrics filtered by: 'score|length|fps|ratio|train/loss/|train/acc/|train/inv/|train/rand/'
train/acc/inv 0.54 / train/inv/ce 1.49 / train/inv/confidence 0.28 / train/inv/confidence_gating 0 / train/inv/effective_rep_weight 0.02 / train/inv/head_objective 0.62 / train/inv/head_weight 0 / train/inv/objective 0.62 / train/inv/policy_weight_max 1 / train/inv/policy_weight_mean 1 / train/inv/policy_weight_min 1 / train/inv/policy_weight_std 0 / train/inv/valid_frac 1 / train/inv/weight 0.02 / train/loss/con 0.02 / train/loss/dyn 2.77 / train/loss/image 2.72 / train/loss/inv 0.01 / train/loss/policy -9.2e-3 / train/loss/rep 2.77 / train/loss/repval 0.88 / train/loss/rew 0.6 / train/loss/value 0.82 / replay/replay_ratio 264 / fps/policy 7.13 / fps/train 1824.93

Writing metrics: /home/zhangpeiying01/lfy/btwm-7.7/runs/btwm_dmc_walker_walk_seed2_w002_b11_s2/scores.jsonl
Writing metrics: /home/zhangpeiying01/lfy/btwm-7.7/runs/btwm_dmc_walker_walk_seed2_w002_b11_s2/metrics.jsonl

--------------------[Agent Step 238_320]--------------------
Metrics filtered by: 'score|length|fps|ratio|train/loss/|train/acc/|train/inv/|train/rand/'
train/acc/inv 0.54 / train/inv/ce 1.49 / train/inv/confidence 0.28 / train/inv/confidence_gating 0 / train/inv/effective_rep_weight 0.02 / train/inv/head_objective 0.62 / train/inv/head_weight 0 / train/inv/objective 0.62 / train/inv/policy_weight_max 1 / train/inv/policy_weight_mean 1 / train/inv/policy_weight_min 1 / train/inv/policy_weight_std 0 / train/inv/valid_frac 1 / train/inv/weight 0.02 / train/loss/con 0.02 / train/loss/dyn 2.75 / train/loss/image 2.68 / train/loss/inv 0.01 / train/loss/policy -0.01 / train/loss/rep 2.75 / train/loss/repval 0.88 / train/loss/rew 0.6 / train/loss/value 0.81 / replay/replay_ratio 264 / fps/policy 7.17 / fps/train 1836.78

Writing metrics: /home/zhangpeiying01/lfy/btwm-7.7/runs/btwm_dmc_walker_walk_seed2_w002_b11_s2/metrics.jsonl
Writing metrics: /home/zhangpeiying01/lfy/btwm-7.7/runs/btwm_dmc_walker_walk_seed2_w002_b11_s2/scores.jsonl

--------------------[Agent Step 239_200]--------------------
Metrics filtered by: 'score|length|fps|ratio|train/loss/|train/acc/|train/inv/|train/rand/'
train/acc/inv 0.54 / train/inv/ce 1.5 / train/inv/confidence 0.28 / train/inv/confidence_gating 0 / train/inv/effective_rep_weight 0.02 / train/inv/head_objective 0.62 / train/inv/head_weight 0 / train/inv/objective 0.62 / train/inv/policy_weight_max 1 / train/inv/policy_weight_mean 1 / train/inv/policy_weight_min 1 / train/inv/policy_weight_std 0 / train/inv/valid_frac 1 / train/inv/weight 0.02 / train/loss/con 0.02 / train/loss/dyn 2.72 / train/loss/image 2.67 / train/loss/inv 0.01 / train/loss/policy -0.01 / train/loss/rep 2.72 / train/loss/repval 0.88 / train/loss/rew 0.6 / train/loss/value 0.81 / replay/replay_ratio 264 / fps/policy 7.26 / fps/train 1859.27

Writing metrics: /home/zhangpeiying01/lfy/btwm-7.7/runs/btwm_dmc_walker_walk_seed2_w002_b11_s2/scores.jsonl
Writing metrics: /home/zhangpeiying01/lfy/btwm-7.7/runs/btwm_dmc_walker_walk_seed2_w002_b11_s2/metrics.jsonl

--------------------[Agent Step 240_048]--------------------
Metrics filtered by: 'score|length|fps|ratio|train/loss/|train/acc/|train/inv/|train/rand/'
train/acc/inv 0.54 / train/inv/ce 1.5 / train/inv/confidence 0.28 / train/inv/confidence_gating 0 / train/inv/effective_rep_weight 0.02 / train/inv/head_objective 0.63 / train/inv/head_weight 0 / train/inv/objective 0.63 / train/inv/policy_weight_max 1 / train/inv/policy_weight_mean 1 / train/inv/policy_weight_min 1 / train/inv/policy_weight_std 0 / train/inv/valid_frac 1 / train/inv/weight 0.02 / train/loss/con 0.02 / train/loss/dyn 2.78 / train/loss/image 2.68 / train/loss/inv 0.01 / train/loss/policy -9.2e-3 / train/loss/rep 2.78 / train/loss/repval 0.88 / train/loss/rew 0.6 / train/loss/value 0.82 / replay/replay_ratio 264 / fps/policy 7.05 / fps/train 1805.71

Writing metrics: /home/zhangpeiying01/lfy/btwm-7.7/runs/btwm_dmc_walker_walk_seed2_w002_b11_s2/metrics.jsonl
Writing metrics: /home/zhangpeiying01/lfy/btwm-7.7/runs/btwm_dmc_walker_walk_seed2_w002_b11_s2/scores.jsonl

--------------------[Agent Step 240_928]--------------------
Metrics filtered by: 'score|length|fps|ratio|train/loss/|train/acc/|train/inv/|train/rand/'
episode/score 956.57 / episode/length 1001 / train/acc/inv 0.53 / train/inv/ce 1.5 / train/inv/confidence 0.28 / train/inv/confidence_gating 0 / train/inv/effective_rep_weight 0.02 / train/inv/head_objective 0.63 / train/inv/head_weight 0 / train/inv/objective 0.63 / train/inv/policy_weight_max 1 / train/inv/policy_weight_mean 1 / train/inv/policy_weight_min 1 / train/inv/policy_weight_std 0 / train/inv/valid_frac 1 / train/inv/weight 0.02 / train/loss/con 0.02 / train/loss/dyn 2.9 / train/loss/image 2.85 / train/loss/inv 0.01 / train/loss/policy -8.2e-3 / train/loss/rep 2.9 / train/loss/repval 0.88 / train/loss/rew 0.6 / train/loss/value 0.82 / replay/replay_ratio 264 / fps/policy 7.29 / fps/train 1866.56

Writing metrics: /home/zhangpeiying01/lfy/btwm-7.7/runs/btwm_dmc_walker_walk_seed2_w002_b11_s2/metrics.jsonl
Writing metrics: /home/zhangpeiying01/lfy/btwm-7.7/runs/btwm_dmc_walker_walk_seed2_w002_b11_s2/scores.jsonl

--------------------[Agent Step 241_792]--------------------
Metrics filtered by: 'score|length|fps|ratio|train/loss/|train/acc/|train/inv/|train/rand/'
train/acc/inv 0.53 / train/inv/ce 1.51 / train/inv/confidence 0.28 / train/inv/confidence_gating 0 / train/inv/effective_rep_weight 0.02 / train/inv/head_objective 0.63 / train/inv/head_weight 0 / train/inv/objective 0.63 / train/inv/policy_weight_max 1 / train/inv/policy_weight_mean 1 / train/inv/policy_weight_min 1 / train/inv/policy_weight_std 0 / train/inv/valid_frac 1 / train/inv/weight 0.02 / train/loss/con 0.02 / train/loss/dyn 2.81 / train/loss/image 2.81 / train/loss/inv 0.01 / train/loss/policy -4.4e-3 / train/loss/rep 2.81 / train/loss/repval 0.88 / train/loss/rew 0.6 / train/loss/value 0.82 / replay/replay_ratio 264 / fps/policy 7.13 / fps/train 1825.99

Writing metrics: /home/zhangpeiying01/lfy/btwm-7.7/runs/btwm_dmc_walker_walk_seed2_w002_b11_s2/scores.jsonl
Writing metrics: /home/zhangpeiying01/lfy/btwm-7.7/runs/btwm_dmc_walker_walk_seed2_w002_b11_s2/metrics.jsonl

--------------------[Agent Step 242_656]--------------------
Metrics filtered by: 'score|length|fps|ratio|train/loss/|train/acc/|train/inv/|train/rand/'
train/acc/inv 0.54 / train/inv/ce 1.5 / train/inv/confidence 0.28 / train/inv/confidence_gating 0 / train/inv/effective_rep_weight 0.02 / train/inv/head_objective 0.63 / train/inv/head_weight 0 / train/inv/objective 0.63 / train/inv/policy_weight_max 1 / train/inv/policy_weight_mean 1 / train/inv/policy_weight_min 1 / train/inv/policy_weight_std 0 / train/inv/valid_frac 1 / train/inv/weight 0.02 / train/loss/con 0.02 / train/loss/dyn 2.83 / train/loss/image 2.81 / train/loss/inv 0.01 / train/loss/policy -0.01 / train/loss/rep 2.83 / train/loss/repval 0.88 / train/loss/rew 0.6 / train/loss/value 0.82 / replay/replay_ratio 264 / fps/policy 7.08 / fps/train 1813.64

Writing metrics: /home/zhangpeiying01/lfy/btwm-7.7/runs/btwm_dmc_walker_walk_seed2_w002_b11_s2/scores.jsonl
Writing metrics: /home/zhangpeiying01/lfy/btwm-7.7/runs/btwm_dmc_walker_walk_seed2_w002_b11_s2/metrics.jsonl

--------------------[Agent Step 243_552]--------------------
Metrics filtered by: 'score|length|fps|ratio|train/loss/|train/acc/|train/inv/|train/rand/'
train/acc/inv 0.54 / train/inv/ce 1.5 / train/inv/confidence 0.28 / train/inv/confidence_gating 0 / train/inv/effective_rep_weight 0.02 / train/inv/head_objective 0.62 / train/inv/head_weight 0 / train/inv/objective 0.62 / train/inv/policy_weight_max 1 / train/inv/policy_weight_mean 1 / train/inv/policy_weight_min 1 / train/inv/policy_weight_std 0 / train/inv/valid_frac 1 / train/inv/weight 0.02 / train/loss/con 0.02 / train/loss/dyn 2.76 / train/loss/image 2.73 / train/loss/inv 0.01 / train/loss/policy -0.01 / train/loss/rep 2.76 / train/loss/repval 0.88 / train/loss/rew 0.6 / train/loss/value 0.81 / replay/replay_ratio 264 / fps/policy 7.39 / fps/train 1892.61

Writing metrics: /home/zhangpeiying01/lfy/btwm-7.7/runs/btwm_dmc_walker_walk_seed2_w002_b11_s2/metrics.jsonl
Writing metrics: /home/zhangpeiying01/lfy/btwm-7.7/runs/btwm_dmc_walker_walk_seed2_w002_b11_s2/scores.jsonl

--------------------[Agent Step 244_416]--------------------
Metrics filtered by: 'score|length|fps|ratio|train/loss/|train/acc/|train/inv/|train/rand/'
train/acc/inv 0.53 / train/inv/ce 1.5 / train/inv/confidence 0.28 / train/inv/confidence_gating 0 / train/inv/effective_rep_weight 0.02 / train/inv/head_objective 0.63 / train/inv/head_weight 0 / train/inv/objective 0.63 / train/inv/policy_weight_max 1 / train/inv/policy_weight_mean 1 / train/inv/policy_weight_min 1 / train/inv/policy_weight_std 0 / train/inv/valid_frac 1 / train/inv/weight 0.02 / train/loss/con 0.02 / train/loss/dyn 2.75 / train/loss/image 2.72 / train/loss/inv 0.01 / train/loss/policy -0.01 / train/loss/rep 2.75 / train/loss/repval 0.88 / train/loss/rew 0.6 / train/loss/value 0.81 / replay/replay_ratio 264 / fps/policy 7.12 / fps/train 1822.31

Writing metrics: /home/zhangpeiying01/lfy/btwm-7.7/runs/btwm_dmc_walker_walk_seed2_w002_b11_s2/scores.jsonl
Writing metrics: /home/zhangpeiying01/lfy/btwm-7.7/runs/btwm_dmc_walker_walk_seed2_w002_b11_s2/metrics.jsonl

--------------------[Agent Step 245_280]--------------------
Metrics filtered by: 'score|length|fps|ratio|train/loss/|train/acc/|train/inv/|train/rand/'
train/acc/inv 0.53 / train/inv/ce 1.5 / train/inv/confidence 0.28 / train/inv/confidence_gating 0 / train/inv/effective_rep_weight 0.02 / train/inv/head_objective 0.63 / train/inv/head_weight 0 / train/inv/objective 0.63 / train/inv/policy_weight_max 1 / train/inv/policy_weight_mean 1 / train/inv/policy_weight_min 1 / train/inv/policy_weight_std 0 / train/inv/valid_frac 1 / train/inv/weight 0.02 / train/loss/con 0.02 / train/loss/dyn 2.76 / train/loss/image 2.71 / train/loss/inv 0.01 / train/loss/policy -9.4e-3 / train/loss/rep 2.76 / train/loss/repval 0.88 / train/loss/rew 0.6 / train/loss/value 0.82 / replay/replay_ratio 264 / fps/policy 7.04 / fps/train 1802.85

Writing metrics: /home/zhangpeiying01/lfy/btwm-7.7/runs/btwm_dmc_walker_walk_seed2_w002_b11_s2/metrics.jsonl
Writing metrics: /home/zhangpeiying01/lfy/btwm-7.7/runs/btwm_dmc_walker_walk_seed2_w002_b11_s2/scores.jsonl

--------------------[Agent Step 246_160]--------------------
Metrics filtered by: 'score|length|fps|ratio|train/loss/|train/acc/|train/inv/|train/rand/'
train/acc/inv 0.54 / train/inv/ce 1.49 / train/inv/confidence 0.28 / train/inv/confidence_gating 0 / train/inv/effective_rep_weight 0.02 / train/inv/head_objective 0.62 / train/inv/head_weight 0 / train/inv/objective 0.62 / train/inv/policy_weight_max 1 / train/inv/policy_weight_mean 1 / train/inv/policy_weight_min 1 / train/inv/policy_weight_std 0 / train/inv/valid_frac 1 / train/inv/weight 0.02 / train/loss/con 0.02 / train/loss/dyn 2.74 / train/loss/image 2.69 / train/loss/inv 0.01 / train/loss/policy -0.01 / train/loss/rep 2.74 / train/loss/repval 0.88 / train/loss/rew 0.6 / train/loss/value 0.82 / replay/replay_ratio 264 / fps/policy 7.31 / fps/train 1871.83

Writing metrics: /home/zhangpeiying01/lfy/btwm-7.7/runs/btwm_dmc_walker_walk_seed2_w002_b11_s2/metrics.jsonl
Writing metrics: /home/zhangpeiying01/lfy/btwm-7.7/runs/btwm_dmc_walker_walk_seed2_w002_b11_s2/scores.jsonl

--------------------[Agent Step 247_008]--------------------
Metrics filtered by: 'score|length|fps|ratio|train/loss/|train/acc/|train/inv/|train/rand/'
train/acc/inv 0.54 / train/inv/ce 1.5 / train/inv/confidence 0.28 / train/inv/confidence_gating 0 / train/inv/effective_rep_weight 0.02 / train/inv/head_objective 0.62 / train/inv/head_weight 0 / train/inv/objective 0.62 / train/inv/policy_weight_max 1 / train/inv/policy_weight_mean 1 / train/inv/policy_weight_min 1 / train/inv/policy_weight_std 0 / train/inv/valid_frac 1 / train/inv/weight 0.02 / train/loss/con 0.02 / train/loss/dyn 2.75 / train/loss/image 2.71 / train/loss/inv 0.01 / train/loss/policy -0.01 / train/loss/rep 2.75 / train/loss/repval 0.88 / train/loss/rew 0.6 / train/loss/value 0.82 / replay/replay_ratio 264 / fps/policy 7 / fps/train 1792.37

Writing metrics: /home/zhangpeiying01/lfy/btwm-7.7/runs/btwm_dmc_walker_walk_seed2_w002_b11_s2/metrics.jsonl
Writing metrics: /home/zhangpeiying01/lfy/btwm-7.7/runs/btwm_dmc_walker_walk_seed2_w002_b11_s2/scores.jsonl

--------------------[Agent Step 247_888]--------------------
Metrics filtered by: 'score|length|fps|ratio|train/loss/|train/acc/|train/inv/|train/rand/'
train/acc/inv 0.54 / train/inv/ce 1.5 / train/inv/confidence 0.28 / train/inv/confidence_gating 0 / train/inv/effective_rep_weight 0.02 / train/inv/head_objective 0.62 / train/inv/head_weight 0 / train/inv/objective 0.62 / train/inv/policy_weight_max 1 / train/inv/policy_weight_mean 1 / train/inv/policy_weight_min 1 / train/inv/policy_weight_std 0 / train/inv/valid_frac 1 / train/inv/weight 0.02 / train/loss/con 0.02 / train/loss/dyn 2.76 / train/loss/image 2.7 / train/loss/inv 0.01 / train/loss/policy -9.6e-3 / train/loss/rep 2.76 / train/loss/repval 0.89 / train/loss/rew 0.6 / train/loss/value 0.82 / replay/replay_ratio 264 / fps/policy 7.23 / fps/train 1850.24

Writing metrics: /home/zhangpeiying01/lfy/btwm-7.7/runs/btwm_dmc_walker_walk_seed2_w002_b11_s2/metrics.jsonl
Writing metrics: /home/zhangpeiying01/lfy/btwm-7.7/runs/btwm_dmc_walker_walk_seed2_w002_b11_s2/scores.jsonl

--------------------[Agent Step 248_768]--------------------
Metrics filtered by: 'score|length|fps|ratio|train/loss/|train/acc/|train/inv/|train/rand/'
train/acc/inv 0.54 / train/inv/ce 1.5 / train/inv/confidence 0.28 / train/inv/confidence_gating 0 / train/inv/effective_rep_weight 0.02 / train/inv/head_objective 0.62 / train/inv/head_weight 0 / train/inv/objective 0.62 / train/inv/policy_weight_max 1 / train/inv/policy_weight_mean 1 / train/inv/policy_weight_min 1 / train/inv/policy_weight_std 0 / train/inv/valid_frac 1 / train/inv/weight 0.02 / train/loss/con 0.02 / train/loss/dyn 2.75 / train/loss/image 2.69 / train/loss/inv 0.01 / train/loss/policy -0.01 / train/loss/rep 2.75 / train/loss/repval 0.88 / train/loss/rew 0.6 / train/loss/value 0.82 / replay/replay_ratio 264 / fps/policy 7.21 / fps/train 1846.48

Writing metrics: /home/zhangpeiying01/lfy/btwm-7.7/runs/btwm_dmc_walker_walk_seed2_w002_b11_s2/metrics.jsonl
Writing metrics: /home/zhangpeiying01/lfy/btwm-7.7/runs/btwm_dmc_walker_walk_seed2_w002_b11_s2/scores.jsonl

--------------------[Agent Step 249_680]--------------------
Metrics filtered by: 'score|length|fps|ratio|train/loss/|train/acc/|train/inv/|train/rand/'
train/acc/inv 0.54 / train/inv/ce 1.49 / train/inv/confidence 0.28 / train/inv/confidence_gating 0 / train/inv/effective_rep_weight 0.02 / train/inv/head_objective 0.62 / train/inv/head_weight 0 / train/inv/objective 0.62 / train/inv/policy_weight_max 1 / train/inv/policy_weight_mean 1 / train/inv/policy_weight_min 1 / train/inv/policy_weight_std 0 / train/inv/valid_frac 1 / train/inv/weight 0.02 / train/loss/con 0.02 / train/loss/dyn 2.73 / train/loss/image 2.69 / train/loss/inv 0.01 / train/loss/policy -0.01 / train/loss/rep 2.73 / train/loss/repval 0.89 / train/loss/rew 0.6 / train/loss/value 0.82 / replay/replay_ratio 264 / fps/policy 7.59 / fps/train 1943.01

Writing metrics: /home/zhangpeiying01/lfy/btwm-7.7/runs/btwm_dmc_walker_walk_seed2_w002_b11_s2/metrics.jsonl
Writing metrics: /home/zhangpeiying01/lfy/btwm-7.7/runs/btwm_dmc_walker_walk_seed2_w002_b11_s2/scores.jsonl

--------------------[Agent Step 250_656]--------------------
Metrics filtered by: 'score|length|fps|ratio|train/loss/|train/acc/|train/inv/|train/rand/'
train/acc/inv 0.54 / train/inv/ce 1.5 / train/inv/confidence 0.28 / train/inv/confidence_gating 0 / train/inv/effective_rep_weight 0.02 / train/inv/head_objective 0.63 / train/inv/head_weight 0 / train/inv/objective 0.63 / train/inv/policy_weight_max 1 / train/inv/policy_weight_mean 1 / train/inv/policy_weight_min 1 / train/inv/policy_weight_std 0 / train/inv/valid_frac 1 / train/inv/weight 0.02 / train/loss/con 0.02 / train/loss/dyn 2.71 / train/loss/image 2.63 / train/loss/inv 0.01 / train/loss/policy -8.7e-3 / train/loss/rep 2.71 / train/loss/repval 0.88 / train/loss/rew 0.6 / train/loss/value 0.82 / replay/replay_ratio 264 / fps/policy 8.11 / fps/train 2077.21

Writing metrics: /home/zhangpeiying01/lfy/btwm-7.7/runs/btwm_dmc_walker_walk_seed2_w002_b11_s2/metrics.jsonl
Writing metrics: /home/zhangpeiying01/lfy/btwm-7.7/runs/btwm_dmc_walker_walk_seed2_w002_b11_s2/scores.jsonl

--------------------[Agent Step 251_632]--------------------
Metrics filtered by: 'score|length|fps|ratio|train/loss/|train/acc/|train/inv/|train/rand/'
train/acc/inv 0.53 / train/inv/ce 1.51 / train/inv/confidence 0.28 / train/inv/confidence_gating 0 / train/inv/effective_rep_weight 0.02 / train/inv/head_objective 0.63 / train/inv/head_weight 0 / train/inv/objective 0.63 / train/inv/policy_weight_max 1 / train/inv/policy_weight_mean 1 / train/inv/policy_weight_min 1 / train/inv/policy_weight_std 0 / train/inv/valid_frac 1 / train/inv/weight 0.02 / train/loss/con 0.02 / train/loss/dyn 2.74 / train/loss/image 2.65 / train/loss/inv 0.01 / train/loss/policy -9.2e-3 / train/loss/rep 2.74 / train/loss/repval 0.88 / train/loss/rew 0.6 / train/loss/value 0.82 / replay/replay_ratio 264 / fps/policy 8.03 / fps/train 2054.88

Writing metrics: /home/zhangpeiying01/lfy/btwm-7.7/runs/btwm_dmc_walker_walk_seed2_w002_b11_s2/scores.jsonl
Writing metrics: /home/zhangpeiying01/lfy/btwm-7.7/runs/btwm_dmc_walker_walk_seed2_w002_b11_s2/metrics.jsonl

--------------------[Agent Step 252_576]--------------------
Metrics filtered by: 'score|length|fps|ratio|train/loss/|train/acc/|train/inv/|train/rand/'
train/acc/inv 0.54 / train/inv/ce 1.5 / train/inv/confidence 0.28 / train/inv/confidence_gating 0 / train/inv/effective_rep_weight 0.02 / train/inv/head_objective 0.62 / train/inv/head_weight 0 / train/inv/objective 0.62 / train/inv/policy_weight_max 1 / train/inv/policy_weight_mean 1 / train/inv/policy_weight_min 1 / train/inv/policy_weight_std 0 / train/inv/valid_frac 1 / train/inv/weight 0.02 / train/loss/con 0.02 / train/loss/dyn 2.75 / train/loss/image 2.64 / train/loss/inv 0.01 / train/loss/policy -0.01 / train/loss/rep 2.75 / train/loss/repval 0.88 / train/loss/rew 0.6 / train/loss/value 0.81 / replay/replay_ratio 264 / fps/policy 7.85 / fps/train 2009.23

Writing metrics: /home/zhangpeiying01/lfy/btwm-7.7/runs/btwm_dmc_walker_walk_seed2_w002_b11_s2/metrics.jsonl
Writing metrics: /home/zhangpeiying01/lfy/btwm-7.7/runs/btwm_dmc_walker_walk_seed2_w002_b11_s2/scores.jsonl

--------------------[Agent Step 253_376]--------------------
Metrics filtered by: 'score|length|fps|ratio|train/loss/|train/acc/|train/inv/|train/rand/'
train/acc/inv 0.54 / train/inv/ce 1.5 / train/inv/confidence 0.28 / train/inv/confidence_gating 0 / train/inv/effective_rep_weight 0.02 / train/inv/head_objective 0.62 / train/inv/head_weight 0 / train/inv/objective 0.62 / train/inv/policy_weight_max 1 / train/inv/policy_weight_mean 1 / train/inv/policy_weight_min 1 / train/inv/policy_weight_std 0 / train/inv/valid_frac 1 / train/inv/weight 0.02 / train/loss/con 0.02 / train/loss/dyn 2.74 / train/loss/image 2.67 / train/loss/inv 0.01 / train/loss/policy -0.02 / train/loss/rep 2.74 / train/loss/repval 0.88 / train/loss/rew 0.6 / train/loss/value 0.82 / replay/replay_ratio 264 / fps/policy 6.59 / fps/train 1687.55

Writing metrics: /home/zhangpeiying01/lfy/btwm-7.7/runs/btwm_dmc_walker_walk_seed2_w002_b11_s2/scores.jsonl
Writing metrics: /home/zhangpeiying01/lfy/btwm-7.7/runs/btwm_dmc_walker_walk_seed2_w002_b11_s2/metrics.jsonl

--------------------[Agent Step 254_176]--------------------
Metrics filtered by: 'score|length|fps|ratio|train/loss/|train/acc/|train/inv/|train/rand/'
train/acc/inv 0.54 / train/inv/ce 1.5 / train/inv/confidence 0.28 / train/inv/confidence_gating 0 / train/inv/effective_rep_weight 0.02 / train/inv/head_objective 0.63 / train/inv/head_weight 0 / train/inv/objective 0.63 / train/inv/policy_weight_max 1 / train/inv/policy_weight_mean 1 / train/inv/policy_weight_min 1 / train/inv/policy_weight_std 0 / train/inv/valid_frac 1 / train/inv/weight 0.02 / train/loss/con 0.02 / train/loss/dyn 2.75 / train/loss/image 2.63 / train/loss/inv 0.01 / train/loss/policy -0.01 / train/loss/rep 2.75 / train/loss/repval 0.88 / train/loss/rew 0.61 / train/loss/value 0.82 / replay/replay_ratio 264 / fps/policy 6.58 / fps/train 1684.06

Writing metrics: /home/zhangpeiying01/lfy/btwm-7.7/runs/btwm_dmc_walker_walk_seed2_w002_b11_s2/scores.jsonl
Writing metrics: /home/zhangpeiying01/lfy/btwm-7.7/runs/btwm_dmc_walker_walk_seed2_w002_b11_s2/metrics.jsonl

--------------------[Agent Step 254_976]--------------------
Metrics filtered by: 'score|length|fps|ratio|train/loss/|train/acc/|train/inv/|train/rand/'
train/acc/inv 0.53 / train/inv/ce 1.51 / train/inv/confidence 0.28 / train/inv/confidence_gating 0 / train/inv/effective_rep_weight 0.02 / train/inv/head_objective 0.63 / train/inv/head_weight 0 / train/inv/objective 0.63 / train/inv/policy_weight_max 1 / train/inv/policy_weight_mean 1 / train/inv/policy_weight_min 1 / train/inv/policy_weight_std 0 / train/inv/valid_frac 1 / train/inv/weight 0.02 / train/loss/con 0.02 / train/loss/dyn 2.75 / train/loss/image 2.66 / train/loss/inv 0.01 / train/loss/policy -0.01 / train/loss/rep 2.75 / train/loss/repval 0.88 / train/loss/rew 0.61 / train/loss/value 0.82 / replay/replay_ratio 264 / fps/policy 6.63 / fps/train 1696.12

Writing metrics: /home/zhangpeiying01/lfy/btwm-7.7/runs/btwm_dmc_walker_walk_seed2_w002_b11_s2/metrics.jsonl
Writing metrics: /home/zhangpeiying01/lfy/btwm-7.7/runs/btwm_dmc_walker_walk_seed2_w002_b11_s2/scores.jsonl

--------------------[Agent Step 255_776]--------------------
Metrics filtered by: 'score|length|fps|ratio|train/loss/|train/acc/|train/inv/|train/rand/'
train/acc/inv 0.54 / train/inv/ce 1.49 / train/inv/confidence 0.28 / train/inv/confidence_gating 0 / train/inv/effective_rep_weight 0.02 / train/inv/head_objective 0.62 / train/inv/head_weight 0 / train/inv/objective 0.62 / train/inv/policy_weight_max 1 / train/inv/policy_weight_mean 1 / train/inv/policy_weight_min 1 / train/inv/policy_weight_std 0 / train/inv/valid_frac 1 / train/inv/weight 0.02 / train/loss/con 0.02 / train/loss/dyn 2.77 / train/loss/image 2.64 / train/loss/inv 0.01 / train/loss/policy -7.9e-3 / train/loss/rep 2.77 / train/loss/repval 0.88 / train/loss/rew 0.61 / train/loss/value 0.82 / replay/replay_ratio 264 / fps/policy 6.56 / fps/train 1678.16

Writing metrics: /home/zhangpeiying01/lfy/btwm-7.7/runs/btwm_dmc_walker_walk_seed2_w002_b11_s2/metrics.jsonl
Writing metrics: /home/zhangpeiying01/lfy/btwm-7.7/runs/btwm_dmc_walker_walk_seed2_w002_b11_s2/scores.jsonl

--------------------[Agent Step 256_592]--------------------
Metrics filtered by: 'score|length|fps|ratio|train/loss/|train/acc/|train/inv/|train/rand/'
episode/score 949.65 / episode/length 1001 / train/acc/inv 0.54 / train/inv/ce 1.5 / train/inv/confidence 0.28 / train/inv/confidence_gating 0 / train/inv/effective_rep_weight 0.02 / train/inv/head_objective 0.63 / train/inv/head_weight 0 / train/inv/objective 0.63 / train/inv/policy_weight_max 1 / train/inv/policy_weight_mean 1 / train/inv/policy_weight_min 1 / train/inv/policy_weight_std 0 / train/inv/valid_frac 1 / train/inv/weight 0.02 / train/loss/con 0.02 / train/loss/dyn 2.72 / train/loss/image 2.65 / train/loss/inv 0.01 / train/loss/policy -9.1e-3 / train/loss/rep 2.72 / train/loss/repval 0.88 / train/loss/rew 0.6 / train/loss/value 0.82 / replay/replay_ratio 264 / fps/policy 6.66 / fps/train 1705.89

Writing metrics: /home/zhangpeiying01/lfy/btwm-7.7/runs/btwm_dmc_walker_walk_seed2_w002_b11_s2/metrics.jsonl
Writing metrics: /home/zhangpeiying01/lfy/btwm-7.7/runs/btwm_dmc_walker_walk_seed2_w002_b11_s2/scores.jsonl

--------------------[Agent Step 257_392]--------------------
Metrics filtered by: 'score|length|fps|ratio|train/loss/|train/acc/|train/inv/|train/rand/'
train/acc/inv 0.53 / train/inv/ce 1.52 / train/inv/confidence 0.27 / train/inv/confidence_gating 0 / train/inv/effective_rep_weight 0.02 / train/inv/head_objective 0.63 / train/inv/head_weight 0 / train/inv/objective 0.63 / train/inv/policy_weight_max 1 / train/inv/policy_weight_mean 1 / train/inv/policy_weight_min 1 / train/inv/policy_weight_std 0 / train/inv/valid_frac 1 / train/inv/weight 0.02 / train/loss/con 0.02 / train/loss/dyn 2.95 / train/loss/image 2.93 / train/loss/inv 0.01 / train/loss/policy -7.7e-3 / train/loss/rep 2.95 / train/loss/repval 0.88 / train/loss/rew 0.6 / train/loss/value 0.82 / replay/replay_ratio 264 / fps/policy 6.69 / fps/train 1713.54

Writing metrics: /home/zhangpeiying01/lfy/btwm-7.7/runs/btwm_dmc_walker_walk_seed2_w002_b11_s2/scores.jsonl
Writing metrics: /home/zhangpeiying01/lfy/btwm-7.7/runs/btwm_dmc_walker_walk_seed2_w002_b11_s2/metrics.jsonl

--------------------[Agent Step 258_208]--------------------
Metrics filtered by: 'score|length|fps|ratio|train/loss/|train/acc/|train/inv/|train/rand/'
train/acc/inv 0.53 / train/inv/ce 1.51 / train/inv/confidence 0.28 / train/inv/confidence_gating 0 / train/inv/effective_rep_weight 0.02 / train/inv/head_objective 0.63 / train/inv/head_weight 0 / train/inv/objective 0.63 / train/inv/policy_weight_max 1 / train/inv/policy_weight_mean 1 / train/inv/policy_weight_min 1 / train/inv/policy_weight_std 0 / train/inv/valid_frac 1 / train/inv/weight 0.02 / train/loss/con 0.02 / train/loss/dyn 2.72 / train/loss/image 2.7 / train/loss/inv 0.01 / train/loss/policy -0.01 / train/loss/rep 2.72 / train/loss/repval 0.88 / train/loss/rew 0.6 / train/loss/value 0.81 / replay/replay_ratio 264 / fps/policy 6.73 / fps/train 1721.63

Writing metrics: /home/zhangpeiying01/lfy/btwm-7.7/runs/btwm_dmc_walker_walk_seed2_w002_b11_s2/metrics.jsonl
Writing metrics: /home/zhangpeiying01/lfy/btwm-7.7/runs/btwm_dmc_walker_walk_seed2_w002_b11_s2/scores.jsonl
Saving checkpoint: /home/zhangpeiying01/lfy/btwm-7.7/runs/btwm_dmc_walker_walk_seed2_w002_b11_s2/ckpt/20260716T200809F744442
Saved checkpoint.

--------------------[Agent Step 258_976]--------------------
Metrics filtered by: 'score|length|fps|ratio|train/loss/|train/acc/|train/inv/|train/rand/'
train/acc/inv 0.53 / train/inv/ce 1.51 / train/inv/confidence 0.28 / train/inv/confidence_gating 0 / train/inv/effective_rep_weight 0.02 / train/inv/head_objective 0.63 / train/inv/head_weight 0 / train/inv/objective 0.63 / train/inv/policy_weight_max 1 / train/inv/policy_weight_mean 1 / train/inv/policy_weight_min 1 / train/inv/policy_weight_std 0 / train/inv/valid_frac 1 / train/inv/weight 0.02 / train/loss/con 0.02 / train/loss/dyn 2.72 / train/loss/image 2.66 / train/loss/inv 0.01 / train/loss/policy -0.02 / train/loss/rep 2.72 / train/loss/repval 0.88 / train/loss/rew 0.61 / train/loss/value 0.81 / replay/replay_ratio 264 / fps/policy 6.36 / fps/train 1628.15

Writing metrics: /home/zhangpeiying01/lfy/btwm-7.7/runs/btwm_dmc_walker_walk_seed2_w002_b11_s2/metrics.jsonl
Writing metrics: /home/zhangpeiying01/lfy/btwm-7.7/runs/btwm_dmc_walker_walk_seed2_w002_b11_s2/scores.jsonl

--------------------[Agent Step 259_792]--------------------
Metrics filtered by: 'score|length|fps|ratio|train/loss/|train/acc/|train/inv/|train/rand/'
train/acc/inv 0.54 / train/inv/ce 1.5 / train/inv/confidence 0.28 / train/inv/confidence_gating 0 / train/inv/effective_rep_weight 0.02 / train/inv/head_objective 0.63 / train/inv/head_weight 0 / train/inv/objective 0.63 / train/inv/policy_weight_max 1 / train/inv/policy_weight_mean 1 / train/inv/policy_weight_min 1 / train/inv/policy_weight_std 0 / train/inv/valid_frac 1 / train/inv/weight 0.02 / train/loss/con 0.02 / train/loss/dyn 2.73 / train/loss/image 2.66 / train/loss/inv 0.01 / train/loss/policy -0.02 / train/loss/rep 2.73 / train/loss/repval 0.88 / train/loss/rew 0.61 / train/loss/value 0.81 / replay/replay_ratio 264 / fps/policy 6.67 / fps/train 1706.38

Writing metrics: /home/zhangpeiying01/lfy/btwm-7.7/runs/btwm_dmc_walker_walk_seed2_w002_b11_s2/metrics.jsonl
Writing metrics: /home/zhangpeiying01/lfy/btwm-7.7/runs/btwm_dmc_walker_walk_seed2_w002_b11_s2/scores.jsonl

--------------------[Agent Step 260_608]--------------------
Metrics filtered by: 'score|length|fps|ratio|train/loss/|train/acc/|train/inv/|train/rand/'
train/acc/inv 0.53 / train/inv/ce 1.51 / train/inv/confidence 0.28 / train/inv/confidence_gating 0 / train/inv/effective_rep_weight 0.02 / train/inv/head_objective 0.63 / train/inv/head_weight 0 / train/inv/objective 0.63 / train/inv/policy_weight_max 1 / train/inv/policy_weight_mean 1 / train/inv/policy_weight_min 1 / train/inv/policy_weight_std 0 / train/inv/valid_frac 1 / train/inv/weight 0.02 / train/loss/con 0.02 / train/loss/dyn 2.72 / train/loss/image 2.64 / train/loss/inv 0.01 / train/loss/policy -0.02 / train/loss/rep 2.72 / train/loss/repval 0.88 / train/loss/rew 0.6 / train/loss/value 0.81 / replay/replay_ratio 264 / fps/policy 6.68 / fps/train 1709.06

Writing metrics: /home/zhangpeiying01/lfy/btwm-7.7/runs/btwm_dmc_walker_walk_seed2_w002_b11_s2/metrics.jsonl
Writing metrics: /home/zhangpeiying01/lfy/btwm-7.7/runs/btwm_dmc_walker_walk_seed2_w002_b11_s2/scores.jsonl

--------------------[Agent Step 261_424]--------------------
Metrics filtered by: 'score|length|fps|ratio|train/loss/|train/acc/|train/inv/|train/rand/'
train/acc/inv 0.53 / train/inv/ce 1.52 / train/inv/confidence 0.27 / train/inv/confidence_gating 0 / train/inv/effective_rep_weight 0.02 / train/inv/head_objective 0.63 / train/inv/head_weight 0 / train/inv/objective 0.63 / train/inv/policy_weight_max 1 / train/inv/policy_weight_mean 1 / train/inv/policy_weight_min 1 / train/inv/policy_weight_std 0 / train/inv/valid_frac 1 / train/inv/weight 0.02 / train/loss/con 0.02 / train/loss/dyn 2.73 / train/loss/image 2.64 / train/loss/inv 0.01 / train/loss/policy -0.02 / train/loss/rep 2.73 / train/loss/repval 0.87 / train/loss/rew 0.61 / train/loss/value 0.81 / replay/replay_ratio 264 / fps/policy 6.71 / fps/train 1716.94

Writing metrics: /home/zhangpeiying01/lfy/btwm-7.7/runs/btwm_dmc_walker_walk_seed2_w002_b11_s2/metrics.jsonl
Writing metrics: /home/zhangpeiying01/lfy/btwm-7.7/runs/btwm_dmc_walker_walk_seed2_w002_b11_s2/scores.jsonl

--------------------[Agent Step 262_240]--------------------
Metrics filtered by: 'score|length|fps|ratio|train/loss/|train/acc/|train/inv/|train/rand/'
train/acc/inv 0.53 / train/inv/ce 1.51 / train/inv/confidence 0.28 / train/inv/confidence_gating 0 / train/inv/effective_rep_weight 0.02 / train/inv/head_objective 0.63 / train/inv/head_weight 0 / train/inv/objective 0.63 / train/inv/policy_weight_max 1 / train/inv/policy_weight_mean 1 / train/inv/policy_weight_min 1 / train/inv/policy_weight_std 0 / train/inv/valid_frac 1 / train/inv/weight 0.02 / train/loss/con 0.02 / train/loss/dyn 2.69 / train/loss/image 2.6 / train/loss/inv 0.01 / train/loss/policy -0.01 / train/loss/rep 2.69 / train/loss/repval 0.88 / train/loss/rew 0.6 / train/loss/value 0.82 / replay/replay_ratio 264 / fps/policy 6.72 / fps/train 1719.69

Writing metrics: /home/zhangpeiying01/lfy/btwm-7.7/runs/btwm_dmc_walker_walk_seed2_w002_b11_s2/scores.jsonl
Writing metrics: /home/zhangpeiying01/lfy/btwm-7.7/runs/btwm_dmc_walker_walk_seed2_w002_b11_s2/metrics.jsonl

--------------------[Agent Step 263_056]--------------------
Metrics filtered by: 'score|length|fps|ratio|train/loss/|train/acc/|train/inv/|train/rand/'
train/acc/inv 0.53 / train/inv/ce 1.52 / train/inv/confidence 0.27 / train/inv/confidence_gating 0 / train/inv/effective_rep_weight 0.02 / train/inv/head_objective 0.63 / train/inv/head_weight 0 / train/inv/objective 0.63 / train/inv/policy_weight_max 1 / train/inv/policy_weight_mean 1 / train/inv/policy_weight_min 1 / train/inv/policy_weight_std 0 / train/inv/valid_frac 1 / train/inv/weight 0.02 / train/loss/con 0.02 / train/loss/dyn 2.76 / train/loss/image 2.64 / train/loss/inv 0.01 / train/loss/policy -0.01 / train/loss/rep 2.76 / train/loss/repval 0.87 / train/loss/rew 0.61 / train/loss/value 0.81 / replay/replay_ratio 264 / fps/policy 6.74 / fps/train 1725.35

Writing metrics: /home/zhangpeiying01/lfy/btwm-7.7/runs/btwm_dmc_walker_walk_seed2_w002_b11_s2/scores.jsonl
Writing metrics: /home/zhangpeiying01/lfy/btwm-7.7/runs/btwm_dmc_walker_walk_seed2_w002_b11_s2/metrics.jsonl

--------------------[Agent Step 263_872]--------------------
Metrics filtered by: 'score|length|fps|ratio|train/loss/|train/acc/|train/inv/|train/rand/'
train/acc/inv 0.53 / train/inv/ce 1.51 / train/inv/confidence 0.27 / train/inv/confidence_gating 0 / train/inv/effective_rep_weight 0.02 / train/inv/head_objective 0.63 / train/inv/head_weight 0 / train/inv/objective 0.63 / train/inv/policy_weight_max 1 / train/inv/policy_weight_mean 1 / train/inv/policy_weight_min 1 / train/inv/policy_weight_std 0 / train/inv/valid_frac 1 / train/inv/weight 0.02 / train/loss/con 0.02 / train/loss/dyn 2.73 / train/loss/image 2.61 / train/loss/inv 0.01 / train/loss/policy -0.01 / train/loss/rep 2.73 / train/loss/repval 0.87 / train/loss/rew 0.61 / train/loss/value 0.81 / replay/replay_ratio 264 / fps/policy 6.71 / fps/train 1717.63

Writing metrics: /home/zhangpeiying01/lfy/btwm-7.7/runs/btwm_dmc_walker_walk_seed2_w002_b11_s2/metrics.jsonl
Writing metrics: /home/zhangpeiying01/lfy/btwm-7.7/runs/btwm_dmc_walker_walk_seed2_w002_b11_s2/scores.jsonl

--------------------[Agent Step 264_688]--------------------
Metrics filtered by: 'score|length|fps|ratio|train/loss/|train/acc/|train/inv/|train/rand/'
train/acc/inv 0.53 / train/inv/ce 1.52 / train/inv/confidence 0.27 / train/inv/confidence_gating 0 / train/inv/effective_rep_weight 0.02 / train/inv/head_objective 0.63 / train/inv/head_weight 0 / train/inv/objective 0.63 / train/inv/policy_weight_max 1 / train/inv/policy_weight_mean 1 / train/inv/policy_weight_min 1 / train/inv/policy_weight_std 0 / train/inv/valid_frac 1 / train/inv/weight 0.02 / train/loss/con 0.02 / train/loss/dyn 2.77 / train/loss/image 2.63 / train/loss/inv 0.01 / train/loss/policy -0.01 / train/loss/rep 2.77 / train/loss/repval 0.87 / train/loss/rew 0.61 / train/loss/value 0.81 / replay/replay_ratio 264 / fps/policy 6.75 / fps/train 1728.98

Writing metrics: /home/zhangpeiying01/lfy/btwm-7.7/runs/btwm_dmc_walker_walk_seed2_w002_b11_s2/metrics.jsonl
Writing metrics: /home/zhangpeiying01/lfy/btwm-7.7/runs/btwm_dmc_walker_walk_seed2_w002_b11_s2/scores.jsonl

--------------------[Agent Step 265_504]--------------------
Metrics filtered by: 'score|length|fps|ratio|train/loss/|train/acc/|train/inv/|train/rand/'
train/acc/inv 0.54 / train/inv/ce 1.5 / train/inv/confidence 0.28 / train/inv/confidence_gating 0 / train/inv/effective_rep_weight 0.02 / train/inv/head_objective 0.63 / train/inv/head_weight 0 / train/inv/objective 0.63 / train/inv/policy_weight_max 1 / train/inv/policy_weight_mean 1 / train/inv/policy_weight_min 1 / train/inv/policy_weight_std 0 / train/inv/valid_frac 1 / train/inv/weight 0.02 / train/loss/con 0.02 / train/loss/dyn 2.72 / train/loss/image 2.62 / train/loss/inv 0.01 / train/loss/policy -0.01 / train/loss/rep 2.72 / train/loss/repval 0.88 / train/loss/rew 0.61 / train/loss/value 0.81 / replay/replay_ratio 264 / fps/policy 6.74 / fps/train 1726.07

Writing metrics: /home/zhangpeiying01/lfy/btwm-7.7/runs/btwm_dmc_walker_walk_seed2_w002_b11_s2/metrics.jsonl
Writing metrics: /home/zhangpeiying01/lfy/btwm-7.7/runs/btwm_dmc_walker_walk_seed2_w002_b11_s2/scores.jsonl

--------------------[Agent Step 266_336]--------------------
Metrics filtered by: 'score|length|fps|ratio|train/loss/|train/acc/|train/inv/|train/rand/'
train/acc/inv 0.54 / train/inv/ce 1.5 / train/inv/confidence 0.28 / train/inv/confidence_gating 0 / train/inv/effective_rep_weight 0.02 / train/inv/head_objective 0.63 / train/inv/head_weight 0 / train/inv/objective 0.63 / train/inv/policy_weight_max 1 / train/inv/policy_weight_mean 1 / train/inv/policy_weight_min 1 / train/inv/policy_weight_std 0 / train/inv/valid_frac 1 / train/inv/weight 0.02 / train/loss/con 0.02 / train/loss/dyn 2.68 / train/loss/image 2.6 / train/loss/inv 0.01 / train/loss/policy -0.01 / train/loss/rep 2.68 / train/loss/repval 0.87 / train/loss/rew 0.6 / train/loss/value 0.81 / replay/replay_ratio 264 / fps/policy 6.86 / fps/train 1755.86

Writing metrics: /home/zhangpeiying01/lfy/btwm-7.7/runs/btwm_dmc_walker_walk_seed2_w002_b11_s2/scores.jsonl
Writing metrics: /home/zhangpeiying01/lfy/btwm-7.7/runs/btwm_dmc_walker_walk_seed2_w002_b11_s2/metrics.jsonl

--------------------[Agent Step 267_184]--------------------
Metrics filtered by: 'score|length|fps|ratio|train/loss/|train/acc/|train/inv/|train/rand/'
train/acc/inv 0.54 / train/inv/ce 1.5 / train/inv/confidence 0.28 / train/inv/confidence_gating 0 / train/inv/effective_rep_weight 0.02 / train/inv/head_objective 0.63 / train/inv/head_weight 0 / train/inv/objective 0.63 / train/inv/policy_weight_max 1 / train/inv/policy_weight_mean 1 / train/inv/policy_weight_min 1 / train/inv/policy_weight_std 0 / train/inv/valid_frac 1 / train/inv/weight 0.02 / train/loss/con 0.02 / train/loss/dyn 2.74 / train/loss/image 2.62 / train/loss/inv 0.01 / train/loss/policy -0.02 / train/loss/rep 2.74 / train/loss/repval 0.87 / train/loss/rew 0.61 / train/loss/value 0.81 / replay/replay_ratio 264 / fps/policy 6.94 / fps/train 1776.48

Writing metrics: /home/zhangpeiying01/lfy/btwm-7.7/runs/btwm_dmc_walker_walk_seed2_w002_b11_s2/scores.jsonl
Writing metrics: /home/zhangpeiying01/lfy/btwm-7.7/runs/btwm_dmc_walker_walk_seed2_w002_b11_s2/metrics.jsonl

--------------------[Agent Step 268_000]--------------------
Metrics filtered by: 'score|length|fps|ratio|train/loss/|train/acc/|train/inv/|train/rand/'
train/acc/inv 0.54 / train/inv/ce 1.5 / train/inv/confidence 0.28 / train/inv/confidence_gating 0 / train/inv/effective_rep_weight 0.02 / train/inv/head_objective 0.63 / train/inv/head_weight 0 / train/inv/objective 0.63 / train/inv/policy_weight_max 1 / train/inv/policy_weight_mean 1 / train/inv/policy_weight_min 1 / train/inv/policy_weight_std 0 / train/inv/valid_frac 1 / train/inv/weight 0.02 / train/loss/con 0.02 / train/loss/dyn 2.72 / train/loss/image 2.61 / train/loss/inv 0.01 / train/loss/policy -0.01 / train/loss/rep 2.72 / train/loss/repval 0.87 / train/loss/rew 0.61 / train/loss/value 0.81 / replay/replay_ratio 264 / fps/policy 6.78 / fps/train 1736.25

Writing metrics: /home/zhangpeiying01/lfy/btwm-7.7/runs/btwm_dmc_walker_walk_seed2_w002_b11_s2/metrics.jsonl
Writing metrics: /home/zhangpeiying01/lfy/btwm-7.7/runs/btwm_dmc_walker_walk_seed2_w002_b11_s2/scores.jsonl

--------------------[Agent Step 268_832]--------------------
Metrics filtered by: 'score|length|fps|ratio|train/loss/|train/acc/|train/inv/|train/rand/'
train/acc/inv 0.53 / train/inv/ce 1.52 / train/inv/confidence 0.27 / train/inv/confidence_gating 0 / train/inv/effective_rep_weight 0.02 / train/inv/head_objective 0.63 / train/inv/head_weight 0 / train/inv/objective 0.63 / train/inv/policy_weight_max 1 / train/inv/policy_weight_mean 1 / train/inv/policy_weight_min 1 / train/inv/policy_weight_std 0 / train/inv/valid_frac 1 / train/inv/weight 0.02 / train/loss/con 0.02 / train/loss/dyn 2.69 / train/loss/image 2.56 / train/loss/inv 0.01 / train/loss/policy -0.01 / train/loss/rep 2.69 / train/loss/repval 0.86 / train/loss/rew 0.61 / train/loss/value 0.8 / replay/replay_ratio 264 / fps/policy 6.84 / fps/train 1750.77

Writing metrics: /home/zhangpeiying01/lfy/btwm-7.7/runs/btwm_dmc_walker_walk_seed2_w002_b11_s2/metrics.jsonl
Writing metrics: /home/zhangpeiying01/lfy/btwm-7.7/runs/btwm_dmc_walker_walk_seed2_w002_b11_s2/scores.jsonl

--------------------[Agent Step 269_664]--------------------
Metrics filtered by: 'score|length|fps|ratio|train/loss/|train/acc/|train/inv/|train/rand/'
train/acc/inv 0.54 / train/inv/ce 1.5 / train/inv/confidence 0.28 / train/inv/confidence_gating 0 / train/inv/effective_rep_weight 0.02 / train/inv/head_objective 0.63 / train/inv/head_weight 0 / train/inv/objective 0.63 / train/inv/policy_weight_max 1 / train/inv/policy_weight_mean 1 / train/inv/policy_weight_min 1 / train/inv/policy_weight_std 0 / train/inv/valid_frac 1 / train/inv/weight 0.02 / train/loss/con 0.02 / train/loss/dyn 2.72 / train/loss/image 2.61 / train/loss/inv 0.01 / train/loss/policy -0.01 / train/loss/rep 2.72 / train/loss/repval 0.87 / train/loss/rew 0.61 / train/loss/value 0.81 / replay/replay_ratio 264 / fps/policy 6.86 / fps/train 1755.96

Writing metrics: /home/zhangpeiying01/lfy/btwm-7.7/runs/btwm_dmc_walker_walk_seed2_w002_b11_s2/scores.jsonl
Writing metrics: /home/zhangpeiying01/lfy/btwm-7.7/runs/btwm_dmc_walker_walk_seed2_w002_b11_s2/metrics.jsonl

--------------------[Agent Step 270_496]--------------------
Metrics filtered by: 'score|length|fps|ratio|train/loss/|train/acc/|train/inv/|train/rand/'
train/acc/inv 0.53 / train/inv/ce 1.51 / train/inv/confidence 0.28 / train/inv/confidence_gating 0 / train/inv/effective_rep_weight 0.02 / train/inv/head_objective 0.63 / train/inv/head_weight 0 / train/inv/objective 0.63 / train/inv/policy_weight_max 1 / train/inv/policy_weight_mean 1 / train/inv/policy_weight_min 1 / train/inv/policy_weight_std 0 / train/inv/valid_frac 1 / train/inv/weight 0.02 / train/loss/con 0.02 / train/loss/dyn 2.71 / train/loss/image 2.55 / train/loss/inv 0.01 / train/loss/policy -0.01 / train/loss/rep 2.71 / train/loss/repval 0.87 / train/loss/rew 0.61 / train/loss/value 0.8 / replay/replay_ratio 264 / fps/policy 6.84 / fps/train 1750.44

Writing metrics: /home/zhangpeiying01/lfy/btwm-7.7/runs/btwm_dmc_walker_walk_seed2_w002_b11_s2/metrics.jsonl
Writing metrics: /home/zhangpeiying01/lfy/btwm-7.7/runs/btwm_dmc_walker_walk_seed2_w002_b11_s2/scores.jsonl

--------------------[Agent Step 271_312]--------------------
Metrics filtered by: 'score|length|fps|ratio|train/loss/|train/acc/|train/inv/|train/rand/'
train/acc/inv 0.53 / train/inv/ce 1.51 / train/inv/confidence 0.28 / train/inv/confidence_gating 0 / train/inv/effective_rep_weight 0.02 / train/inv/head_objective 0.63 / train/inv/head_weight 0 / train/inv/objective 0.63 / train/inv/policy_weight_max 1 / train/inv/policy_weight_mean 1 / train/inv/policy_weight_min 1 / train/inv/policy_weight_std 0 / train/inv/valid_frac 1 / train/inv/weight 0.02 / train/loss/con 0.02 / train/loss/dyn 2.71 / train/loss/image 2.57 / train/loss/inv 0.01 / train/loss/policy -0.01 / train/loss/rep 2.71 / train/loss/repval 0.87 / train/loss/rew 0.61 / train/loss/value 0.81 / replay/replay_ratio 264 / fps/policy 6.78 / fps/train 1736.5

Writing metrics: /home/zhangpeiying01/lfy/btwm-7.7/runs/btwm_dmc_walker_walk_seed2_w002_b11_s2/scores.jsonl
Writing metrics: /home/zhangpeiying01/lfy/btwm-7.7/runs/btwm_dmc_walker_walk_seed2_w002_b11_s2/metrics.jsonl

--------------------[Agent Step 272_128]--------------------
Metrics filtered by: 'score|length|fps|ratio|train/loss/|train/acc/|train/inv/|train/rand/'
train/acc/inv 0.53 / train/inv/ce 1.52 / train/inv/confidence 0.27 / train/inv/confidence_gating 0 / train/inv/effective_rep_weight 0.02 / train/inv/head_objective 0.63 / train/inv/head_weight 0 / train/inv/objective 0.63 / train/inv/policy_weight_max 1 / train/inv/policy_weight_mean 1 / train/inv/policy_weight_min 1 / train/inv/policy_weight_std 0 / train/inv/valid_frac 1 / train/inv/weight 0.02 / train/loss/con 0.02 / train/loss/dyn 2.76 / train/loss/image 2.61 / train/loss/inv 0.01 / train/loss/policy -0.01 / train/loss/rep 2.76 / train/loss/repval 0.87 / train/loss/rew 0.61 / train/loss/value 0.81 / replay/replay_ratio 264 / fps/policy 6.76 / fps/train 1731.64

Writing metrics: /home/zhangpeiying01/lfy/btwm-7.7/runs/btwm_dmc_walker_walk_seed2_w002_b11_s2/metrics.jsonl
Writing metrics: /home/zhangpeiying01/lfy/btwm-7.7/runs/btwm_dmc_walker_walk_seed2_w002_b11_s2/scores.jsonl

--------------------[Agent Step 272_944]--------------------
Metrics filtered by: 'score|length|fps|ratio|train/loss/|train/acc/|train/inv/|train/rand/'
episode/score 965.83 / episode/length 1001 / train/acc/inv 0.53 / train/inv/ce 1.52 / train/inv/confidence 0.27 / train/inv/confidence_gating 0 / train/inv/effective_rep_weight 0.02 / train/inv/head_objective 0.63 / train/inv/head_weight 0 / train/inv/objective 0.63 / train/inv/policy_weight_max 1 / train/inv/policy_weight_mean 1 / train/inv/policy_weight_min 1 / train/inv/policy_weight_std 0 / train/inv/valid_frac 1 / train/inv/weight 0.02 / train/loss/con 0.02 / train/loss/dyn 2.71 / train/loss/image 2.62 / train/loss/inv 0.01 / train/loss/policy -0.01 / train/loss/rep 2.71 / train/loss/repval 0.87 / train/loss/rew 0.61 / train/loss/value 0.81 / replay/replay_ratio 264 / fps/policy 6.67 / fps/train 1708.69

Writing metrics: /home/zhangpeiying01/lfy/btwm-7.7/runs/btwm_dmc_walker_walk_seed2_w002_b11_s2/metrics.jsonl
Writing metrics: /home/zhangpeiying01/lfy/btwm-7.7/runs/btwm_dmc_walker_walk_seed2_w002_b11_s2/scores.jsonl

--------------------[Agent Step 273_744]--------------------
Metrics filtered by: 'score|length|fps|ratio|train/loss/|train/acc/|train/inv/|train/rand/'
train/acc/inv 0.53 / train/inv/ce 1.53 / train/inv/confidence 0.27 / train/inv/confidence_gating 0 / train/inv/effective_rep_weight 0.02 / train/inv/head_objective 0.64 / train/inv/head_weight 0 / train/inv/objective 0.64 / train/inv/policy_weight_max 1 / train/inv/policy_weight_mean 1 / train/inv/policy_weight_min 1 / train/inv/policy_weight_std 0 / train/inv/valid_frac 1 / train/inv/weight 0.02 / train/loss/con 0.02 / train/loss/dyn 2.86 / train/loss/image 2.76 / train/loss/inv 0.01 / train/loss/policy -8.5e-3 / train/loss/rep 2.86 / train/loss/repval 0.87 / train/loss/rew 0.61 / train/loss/value 0.81 / replay/replay_ratio 264 / fps/policy 6.65 / fps/train 1701.74

Writing metrics: /home/zhangpeiying01/lfy/btwm-7.7/runs/btwm_dmc_walker_walk_seed2_w002_b11_s2/scores.jsonl
Writing metrics: /home/zhangpeiying01/lfy/btwm-7.7/runs/btwm_dmc_walker_walk_seed2_w002_b11_s2/metrics.jsonl

--------------------[Agent Step 274_544]--------------------
Metrics filtered by: 'score|length|fps|ratio|train/loss/|train/acc/|train/inv/|train/rand/'
train/acc/inv 0.53 / train/inv/ce 1.53 / train/inv/confidence 0.27 / train/inv/confidence_gating 0 / train/inv/effective_rep_weight 0.02 / train/inv/head_objective 0.64 / train/inv/head_weight 0 / train/inv/objective 0.64 / train/inv/policy_weight_max 1 / train/inv/policy_weight_mean 1 / train/inv/policy_weight_min 1 / train/inv/policy_weight_std 0 / train/inv/valid_frac 1 / train/inv/weight 0.02 / train/loss/con 0.02 / train/loss/dyn 2.7 / train/loss/image 2.64 / train/loss/inv 0.01 / train/loss/policy -0.02 / train/loss/rep 2.7 / train/loss/repval 0.87 / train/loss/rew 0.61 / train/loss/value 0.81 / replay/replay_ratio 264 / fps/policy 6.66 / fps/train 1705.41

Writing metrics: /home/zhangpeiying01/lfy/btwm-7.7/runs/btwm_dmc_walker_walk_seed2_w002_b11_s2/scores.jsonl
Writing metrics: /home/zhangpeiying01/lfy/btwm-7.7/runs/btwm_dmc_walker_walk_seed2_w002_b11_s2/metrics.jsonl

--------------------[Agent Step 275_360]--------------------
Metrics filtered by: 'score|length|fps|ratio|train/loss/|train/acc/|train/inv/|train/rand/'
train/acc/inv 0.53 / train/inv/ce 1.53 / train/inv/confidence 0.27 / train/inv/confidence_gating 0 / train/inv/effective_rep_weight 0.02 / train/inv/head_objective 0.64 / train/inv/head_weight 0 / train/inv/objective 0.64 / train/inv/policy_weight_max 1 / train/inv/policy_weight_mean 1 / train/inv/policy_weight_min 1 / train/inv/policy_weight_std 0 / train/inv/valid_frac 1 / train/inv/weight 0.02 / train/loss/con 0.02 / train/loss/dyn 2.76 / train/loss/image 2.63 / train/loss/inv 0.01 / train/loss/policy -0.01 / train/loss/rep 2.76 / train/loss/repval 0.87 / train/loss/rew 0.61 / train/loss/value 0.81 / replay/replay_ratio 264 / fps/policy 6.7 / fps/train 1714.1

Writing metrics: /home/zhangpeiying01/lfy/btwm-7.7/runs/btwm_dmc_walker_walk_seed2_w002_b11_s2/scores.jsonl
Writing metrics: /home/zhangpeiying01/lfy/btwm-7.7/runs/btwm_dmc_walker_walk_seed2_w002_b11_s2/metrics.jsonl

--------------------[Agent Step 276_160]--------------------
Metrics filtered by: 'score|length|fps|ratio|train/loss/|train/acc/|train/inv/|train/rand/'
train/acc/inv 0.53 / train/inv/ce 1.52 / train/inv/confidence 0.27 / train/inv/confidence_gating 0 / train/inv/effective_rep_weight 0.02 / train/inv/head_objective 0.63 / train/inv/head_weight 0 / train/inv/objective 0.63 / train/inv/policy_weight_max 1 / train/inv/policy_weight_mean 1 / train/inv/policy_weight_min 1 / train/inv/policy_weight_std 0 / train/inv/valid_frac 1 / train/inv/weight 0.02 / train/loss/con 0.02 / train/loss/dyn 2.7 / train/loss/image 2.6 / train/loss/inv 0.01 / train/loss/policy -0.01 / train/loss/rep 2.7 / train/loss/repval 0.87 / train/loss/rew 0.61 / train/loss/value 0.81 / replay/replay_ratio 264 / fps/policy 6.65 / fps/train 1701.49

Writing metrics: /home/zhangpeiying01/lfy/btwm-7.7/runs/btwm_dmc_walker_walk_seed2_w002_b11_s2/metrics.jsonl
Writing metrics: /home/zhangpeiying01/lfy/btwm-7.7/runs/btwm_dmc_walker_walk_seed2_w002_b11_s2/scores.jsonl

--------------------[Agent Step 276_960]--------------------
Metrics filtered by: 'score|length|fps|ratio|train/loss/|train/acc/|train/inv/|train/rand/'
train/acc/inv 0.53 / train/inv/ce 1.53 / train/inv/confidence 0.27 / train/inv/confidence_gating 0 / train/inv/effective_rep_weight 0.02 / train/inv/head_objective 0.64 / train/inv/head_weight 0 / train/inv/objective 0.64 / train/inv/policy_weight_max 1 / train/inv/policy_weight_mean 1 / train/inv/policy_weight_min 1 / train/inv/policy_weight_std 0 / train/inv/valid_frac 1 / train/inv/weight 0.02 / train/loss/con 0.02 / train/loss/dyn 2.74 / train/loss/image 2.6 / train/loss/inv 0.01 / train/loss/policy -8.4e-3 / train/loss/rep 2.74 / train/loss/repval 0.87 / train/loss/rew 0.61 / train/loss/value 0.81 / replay/replay_ratio 264 / fps/policy 6.62 / fps/train 1695.45

Writing metrics: /home/zhangpeiying01/lfy/btwm-7.7/runs/btwm_dmc_walker_walk_seed2_w002_b11_s2/scores.jsonl
Writing metrics: /home/zhangpeiying01/lfy/btwm-7.7/runs/btwm_dmc_walker_walk_seed2_w002_b11_s2/metrics.jsonl

--------------------[Agent Step 277_792]--------------------
Metrics filtered by: 'score|length|fps|ratio|train/loss/|train/acc/|train/inv/|train/rand/'
train/acc/inv 0.53 / train/inv/ce 1.52 / train/inv/confidence 0.27 / train/inv/confidence_gating 0 / train/inv/effective_rep_weight 0.02 / train/inv/head_objective 0.64 / train/inv/head_weight 0 / train/inv/objective 0.64 / train/inv/policy_weight_max 1 / train/inv/policy_weight_mean 1 / train/inv/policy_weight_min 1 / train/inv/policy_weight_std 0 / train/inv/valid_frac 1 / train/inv/weight 0.02 / train/loss/con 0.02 / train/loss/dyn 2.74 / train/loss/image 2.65 / train/loss/inv 0.01 / train/loss/policy -9.6e-3 / train/loss/rep 2.74 / train/loss/repval 0.87 / train/loss/rew 0.61 / train/loss/value 0.81 / replay/replay_ratio 264 / fps/policy 6.82 / fps/train 1745.82

Writing metrics: /home/zhangpeiying01/lfy/btwm-7.7/runs/btwm_dmc_walker_walk_seed2_w002_b11_s2/metrics.jsonl
Writing metrics: /home/zhangpeiying01/lfy/btwm-7.7/runs/btwm_dmc_walker_walk_seed2_w002_b11_s2/scores.jsonl

--------------------[Agent Step 278_624]--------------------
Metrics filtered by: 'score|length|fps|ratio|train/loss/|train/acc/|train/inv/|train/rand/'
train/acc/inv 0.53 / train/inv/ce 1.51 / train/inv/confidence 0.27 / train/inv/confidence_gating 0 / train/inv/effective_rep_weight 0.02 / train/inv/head_objective 0.63 / train/inv/head_weight 0 / train/inv/objective 0.63 / train/inv/policy_weight_max 1 / train/inv/policy_weight_mean 1 / train/inv/policy_weight_min 1 / train/inv/policy_weight_std 0 / train/inv/valid_frac 1 / train/inv/weight 0.02 / train/loss/con 0.02 / train/loss/dyn 2.68 / train/loss/image 2.59 / train/loss/inv 0.01 / train/loss/policy -0.01 / train/loss/rep 2.68 / train/loss/repval 0.87 / train/loss/rew 0.61 / train/loss/value 0.81 / replay/replay_ratio 264 / fps/policy 6.87 / fps/train 1758.26

Writing metrics: /home/zhangpeiying01/lfy/btwm-7.7/runs/btwm_dmc_walker_walk_seed2_w002_b11_s2/scores.jsonl
Writing metrics: /home/zhangpeiying01/lfy/btwm-7.7/runs/btwm_dmc_walker_walk_seed2_w002_b11_s2/metrics.jsonl

--------------------[Agent Step 279_456]--------------------
Metrics filtered by: 'score|length|fps|ratio|train/loss/|train/acc/|train/inv/|train/rand/'
train/acc/inv 0.54 / train/inv/ce 1.5 / train/inv/confidence 0.28 / train/inv/confidence_gating 0 / train/inv/effective_rep_weight 0.02 / train/inv/head_objective 0.63 / train/inv/head_weight 0 / train/inv/objective 0.63 / train/inv/policy_weight_max 1 / train/inv/policy_weight_mean 1 / train/inv/policy_weight_min 1 / train/inv/policy_weight_std 0 / train/inv/valid_frac 1 / train/inv/weight 0.02 / train/loss/con 0.02 / train/loss/dyn 2.71 / train/loss/image 2.58 / train/loss/inv 0.01 / train/loss/policy -0.01 / train/loss/rep 2.71 / train/loss/repval 0.87 / train/loss/rew 0.61 / train/loss/value 0.81 / replay/replay_ratio 264 / fps/policy 6.93 / fps/train 1773.11

Writing metrics: /home/zhangpeiying01/lfy/btwm-7.7/runs/btwm_dmc_walker_walk_seed2_w002_b11_s2/metrics.jsonl
Writing metrics: /home/zhangpeiying01/lfy/btwm-7.7/runs/btwm_dmc_walker_walk_seed2_w002_b11_s2/scores.jsonl

--------------------[Agent Step 280_288]--------------------
Metrics filtered by: 'score|length|fps|ratio|train/loss/|train/acc/|train/inv/|train/rand/'
train/acc/inv 0.53 / train/inv/ce 1.52 / train/inv/confidence 0.27 / train/inv/confidence_gating 0 / train/inv/effective_rep_weight 0.02 / train/inv/head_objective 0.63 / train/inv/head_weight 0 / train/inv/objective 0.63 / train/inv/policy_weight_max 1 / train/inv/policy_weight_mean 1 / train/inv/policy_weight_min 1 / train/inv/policy_weight_std 0 / train/inv/valid_frac 1 / train/inv/weight 0.02 / train/loss/con 0.02 / train/loss/dyn 2.69 / train/loss/image 2.6 / train/loss/inv 0.01 / train/loss/policy -0.01 / train/loss/rep 2.69 / train/loss/repval 0.87 / train/loss/rew 0.61 / train/loss/value 0.82 / replay/replay_ratio 264 / fps/policy 6.88 / fps/train 1762.03

Writing metrics: /home/zhangpeiying01/lfy/btwm-7.7/runs/btwm_dmc_walker_walk_seed2_w002_b11_s2/metrics.jsonl
Writing metrics: /home/zhangpeiying01/lfy/btwm-7.7/runs/btwm_dmc_walker_walk_seed2_w002_b11_s2/scores.jsonl

--------------------[Agent Step 281_136]--------------------
Metrics filtered by: 'score|length|fps|ratio|train/loss/|train/acc/|train/inv/|train/rand/'
train/acc/inv 0.53 / train/inv/ce 1.53 / train/inv/confidence 0.27 / train/inv/confidence_gating 0 / train/inv/effective_rep_weight 0.02 / train/inv/head_objective 0.64 / train/inv/head_weight 0 / train/inv/objective 0.64 / train/inv/policy_weight_max 1 / train/inv/policy_weight_mean 1 / train/inv/policy_weight_min 1 / train/inv/policy_weight_std 0 / train/inv/valid_frac 1 / train/inv/weight 0.02 / train/loss/con 0.02 / train/loss/dyn 2.7 / train/loss/image 2.55 / train/loss/inv 0.01 / train/loss/policy -8.1e-3 / train/loss/rep 2.7 / train/loss/repval 0.87 / train/loss/rew 0.61 / train/loss/value 0.81 / replay/replay_ratio 264 / fps/policy 6.97 / fps/train 1783.71

Writing metrics: /home/zhangpeiying01/lfy/btwm-7.7/runs/btwm_dmc_walker_walk_seed2_w002_b11_s2/metrics.jsonl
Writing metrics: /home/zhangpeiying01/lfy/btwm-7.7/runs/btwm_dmc_walker_walk_seed2_w002_b11_s2/scores.jsonl

--------------------[Agent Step 281_968]--------------------
Metrics filtered by: 'score|length|fps|ratio|train/loss/|train/acc/|train/inv/|train/rand/'
train/acc/inv 0.53 / train/inv/ce 1.53 / train/inv/confidence 0.27 / train/inv/confidence_gating 0 / train/inv/effective_rep_weight 0.02 / train/inv/head_objective 0.64 / train/inv/head_weight 0 / train/inv/objective 0.64 / train/inv/policy_weight_max 1 / train/inv/policy_weight_mean 1 / train/inv/policy_weight_min 1 / train/inv/policy_weight_std 0 / train/inv/valid_frac 1 / train/inv/weight 0.02 / train/loss/con 0.02 / train/loss/dyn 2.7 / train/loss/image 2.56 / train/loss/inv 0.01 / train/loss/policy -8.8e-3 / train/loss/rep 2.7 / train/loss/repval 0.87 / train/loss/rew 0.61 / train/loss/value 0.81 / replay/replay_ratio 264 / fps/policy 6.8 / fps/train 1740.68

Writing metrics: /home/zhangpeiying01/lfy/btwm-7.7/runs/btwm_dmc_walker_walk_seed2_w002_b11_s2/scores.jsonl
Writing metrics: /home/zhangpeiying01/lfy/btwm-7.7/runs/btwm_dmc_walker_walk_seed2_w002_b11_s2/metrics.jsonl

--------------------[Agent Step 282_800]--------------------
Metrics filtered by: 'score|length|fps|ratio|train/loss/|train/acc/|train/inv/|train/rand/'
train/acc/inv 0.53 / train/inv/ce 1.52 / train/inv/confidence 0.27 / train/inv/confidence_gating 0 / train/inv/effective_rep_weight 0.02 / train/inv/head_objective 0.64 / train/inv/head_weight 0 / train/inv/objective 0.64 / train/inv/policy_weight_max 1 / train/inv/policy_weight_mean 1 / train/inv/policy_weight_min 1 / train/inv/policy_weight_std 0 / train/inv/valid_frac 1 / train/inv/weight 0.02 / train/loss/con 0.02 / train/loss/dyn 2.7 / train/loss/image 2.56 / train/loss/inv 0.01 / train/loss/policy -0.01 / train/loss/rep 2.7 / train/loss/repval 0.87 / train/loss/rew 0.61 / train/loss/value 0.81 / replay/replay_ratio 264 / fps/policy 6.91 / fps/train 1769.66

Writing metrics: /home/zhangpeiying01/lfy/btwm-7.7/runs/btwm_dmc_walker_walk_seed2_w002_b11_s2/scores.jsonl
Writing metrics: /home/zhangpeiying01/lfy/btwm-7.7/runs/btwm_dmc_walker_walk_seed2_w002_b11_s2/metrics.jsonl
Saving checkpoint: /home/zhangpeiying01/lfy/btwm-7.7/runs/btwm_dmc_walker_walk_seed2_w002_b11_s2/ckpt/20260716T210810F730738
Saved checkpoint.

--------------------[Agent Step 283_584]--------------------
Metrics filtered by: 'score|length|fps|ratio|train/loss/|train/acc/|train/inv/|train/rand/'
train/acc/inv 0.53 / train/inv/ce 1.52 / train/inv/confidence 0.27 / train/inv/confidence_gating 0 / train/inv/effective_rep_weight 0.02 / train/inv/head_objective 0.63 / train/inv/head_weight 0 / train/inv/objective 0.63 / train/inv/policy_weight_max 1 / train/inv/policy_weight_mean 1 / train/inv/policy_weight_min 1 / train/inv/policy_weight_std 0 / train/inv/valid_frac 1 / train/inv/weight 0.02 / train/loss/con 0.02 / train/loss/dyn 2.69 / train/loss/image 2.56 / train/loss/inv 0.01 / train/loss/policy -0.01 / train/loss/rep 2.69 / train/loss/repval 0.87 / train/loss/rew 0.61 / train/loss/value 0.81 / replay/replay_ratio 264 / fps/policy 6.44 / fps/train 1649.11

Writing metrics: /home/zhangpeiying01/lfy/btwm-7.7/runs/btwm_dmc_walker_walk_seed2_w002_b11_s2/scores.jsonl
Writing metrics: /home/zhangpeiying01/lfy/btwm-7.7/runs/btwm_dmc_walker_walk_seed2_w002_b11_s2/metrics.jsonl

--------------------[Agent Step 284_416]--------------------
Metrics filtered by: 'score|length|fps|ratio|train/loss/|train/acc/|train/inv/|train/rand/'
train/acc/inv 0.53 / train/inv/ce 1.52 / train/inv/confidence 0.27 / train/inv/confidence_gating 0 / train/inv/effective_rep_weight 0.02 / train/inv/head_objective 0.64 / train/inv/head_weight 0 / train/inv/objective 0.64 / train/inv/policy_weight_max 1 / train/inv/policy_weight_mean 1 / train/inv/policy_weight_min 1 / train/inv/policy_weight_std 0 / train/inv/valid_frac 1 / train/inv/weight 0.02 / train/loss/con 0.02 / train/loss/dyn 2.68 / train/loss/image 2.54 / train/loss/inv 0.01 / train/loss/policy -0.01 / train/loss/rep 2.68 / train/loss/repval 0.86 / train/loss/rew 0.61 / train/loss/value 0.8 / replay/replay_ratio 264 / fps/policy 6.89 / fps/train 1764.01

Writing metrics: /home/zhangpeiying01/lfy/btwm-7.7/runs/btwm_dmc_walker_walk_seed2_w002_b11_s2/scores.jsonl
Writing metrics: /home/zhangpeiying01/lfy/btwm-7.7/runs/btwm_dmc_walker_walk_seed2_w002_b11_s2/metrics.jsonl

--------------------[Agent Step 285_248]--------------------
Metrics filtered by: 'score|length|fps|ratio|train/loss/|train/acc/|train/inv/|train/rand/'
train/acc/inv 0.53 / train/inv/ce 1.52 / train/inv/confidence 0.27 / train/inv/confidence_gating 0 / train/inv/effective_rep_weight 0.02 / train/inv/head_objective 0.63 / train/inv/head_weight 0 / train/inv/objective 0.63 / train/inv/policy_weight_max 1 / train/inv/policy_weight_mean 1 / train/inv/policy_weight_min 1 / train/inv/policy_weight_std 0 / train/inv/valid_frac 1 / train/inv/weight 0.02 / train/loss/con 0.02 / train/loss/dyn 2.7 / train/loss/image 2.55 / train/loss/inv 0.01 / train/loss/policy -0.01 / train/loss/rep 2.7 / train/loss/repval 0.86 / train/loss/rew 0.61 / train/loss/value 0.8 / replay/replay_ratio 264 / fps/policy 6.83 / fps/train 1748.03

Writing metrics: /home/zhangpeiying01/lfy/btwm-7.7/runs/btwm_dmc_walker_walk_seed2_w002_b11_s2/metrics.jsonl
Writing metrics: /home/zhangpeiying01/lfy/btwm-7.7/runs/btwm_dmc_walker_walk_seed2_w002_b11_s2/scores.jsonl

--------------------[Agent Step 286_064]--------------------
Metrics filtered by: 'score|length|fps|ratio|train/loss/|train/acc/|train/inv/|train/rand/'
train/acc/inv 0.53 / train/inv/ce 1.52 / train/inv/confidence 0.27 / train/inv/confidence_gating 0 / train/inv/effective_rep_weight 0.02 / train/inv/head_objective 0.64 / train/inv/head_weight 0 / train/inv/objective 0.64 / train/inv/policy_weight_max 1 / train/inv/policy_weight_mean 1 / train/inv/policy_weight_min 1 / train/inv/policy_weight_std 0 / train/inv/valid_frac 1 / train/inv/weight 0.02 / train/loss/con 0.02 / train/loss/dyn 2.68 / train/loss/image 2.51 / train/loss/inv 0.01 / train/loss/policy -8.7e-3 / train/loss/rep 2.68 / train/loss/repval 0.86 / train/loss/rew 0.61 / train/loss/value 0.8 / replay/replay_ratio 264 / fps/policy 6.76 / fps/train 1729.31

Writing metrics: /home/zhangpeiying01/lfy/btwm-7.7/runs/btwm_dmc_walker_walk_seed2_w002_b11_s2/scores.jsonl
Writing metrics: /home/zhangpeiying01/lfy/btwm-7.7/runs/btwm_dmc_walker_walk_seed2_w002_b11_s2/metrics.jsonl

--------------------[Agent Step 286_896]--------------------
Metrics filtered by: 'score|length|fps|ratio|train/loss/|train/acc/|train/inv/|train/rand/'
train/acc/inv 0.53 / train/inv/ce 1.53 / train/inv/confidence 0.27 / train/inv/confidence_gating 0 / train/inv/effective_rep_weight 0.02 / train/inv/head_objective 0.64 / train/inv/head_weight 0 / train/inv/objective 0.64 / train/inv/policy_weight_max 1 / train/inv/policy_weight_mean 1 / train/inv/policy_weight_min 1 / train/inv/policy_weight_std 0 / train/inv/valid_frac 1 / train/inv/weight 0.02 / train/loss/con 0.02 / train/loss/dyn 2.7 / train/loss/image 2.51 / train/loss/inv 0.01 / train/loss/policy -0.01 / train/loss/rep 2.7 / train/loss/repval 0.86 / train/loss/rew 0.61 / train/loss/value 0.8 / replay/replay_ratio 264 / fps/policy 6.82 / fps/train 1745.13

Writing metrics: /home/zhangpeiying01/lfy/btwm-7.7/runs/btwm_dmc_walker_walk_seed2_w002_b11_s2/scores.jsonl
Writing metrics: /home/zhangpeiying01/lfy/btwm-7.7/runs/btwm_dmc_walker_walk_seed2_w002_b11_s2/metrics.jsonl

--------------------[Agent Step 287_728]--------------------
Metrics filtered by: 'score|length|fps|ratio|train/loss/|train/acc/|train/inv/|train/rand/'
train/acc/inv 0.53 / train/inv/ce 1.53 / train/inv/confidence 0.27 / train/inv/confidence_gating 0 / train/inv/effective_rep_weight 0.02 / train/inv/head_objective 0.64 / train/inv/head_weight 0 / train/inv/objective 0.64 / train/inv/policy_weight_max 1 / train/inv/policy_weight_mean 1 / train/inv/policy_weight_min 1 / train/inv/policy_weight_std 0 / train/inv/valid_frac 1 / train/inv/weight 0.02 / train/loss/con 0.02 / train/loss/dyn 2.69 / train/loss/image 2.55 / train/loss/inv 0.01 / train/loss/policy -0.01 / train/loss/rep 2.69 / train/loss/repval 0.86 / train/loss/rew 0.61 / train/loss/value 0.8 / replay/replay_ratio 264 / fps/policy 6.86 / fps/train 1756.64

Writing metrics: /home/zhangpeiying01/lfy/btwm-7.7/runs/btwm_dmc_walker_walk_seed2_w002_b11_s2/scores.jsonl
Writing metrics: /home/zhangpeiying01/lfy/btwm-7.7/runs/btwm_dmc_walker_walk_seed2_w002_b11_s2/metrics.jsonl

--------------------[Agent Step 288_560]--------------------
Metrics filtered by: 'score|length|fps|ratio|train/loss/|train/acc/|train/inv/|train/rand/'
episode/score 958.45 / episode/length 1001 / train/acc/inv 0.53 / train/inv/ce 1.52 / train/inv/confidence 0.27 / train/inv/confidence_gating 0 / train/inv/effective_rep_weight 0.02 / train/inv/head_objective 0.63 / train/inv/head_weight 0 / train/inv/objective 0.63 / train/inv/policy_weight_max 1 / train/inv/policy_weight_mean 1 / train/inv/policy_weight_min 1 / train/inv/policy_weight_std 0 / train/inv/valid_frac 1 / train/inv/weight 0.02 / train/loss/con 0.02 / train/loss/dyn 2.7 / train/loss/image 2.53 / train/loss/inv 0.01 / train/loss/policy -0.01 / train/loss/rep 2.7 / train/loss/repval 0.86 / train/loss/rew 0.61 / train/loss/value 0.8 / replay/replay_ratio 264 / fps/policy 6.84 / fps/train 1751.52

Writing metrics: /home/zhangpeiying01/lfy/btwm-7.7/runs/btwm_dmc_walker_walk_seed2_w002_b11_s2/metrics.jsonl
Writing metrics: /home/zhangpeiying01/lfy/btwm-7.7/runs/btwm_dmc_walker_walk_seed2_w002_b11_s2/scores.jsonl

--------------------[Agent Step 289_376]--------------------
Metrics filtered by: 'score|length|fps|ratio|train/loss/|train/acc/|train/inv/|train/rand/'
train/acc/inv 0.53 / train/inv/ce 1.55 / train/inv/confidence 0.26 / train/inv/confidence_gating 0 / train/inv/effective_rep_weight 0.02 / train/inv/head_objective 0.64 / train/inv/head_weight 0 / train/inv/objective 0.64 / train/inv/policy_weight_max 1 / train/inv/policy_weight_mean 1 / train/inv/policy_weight_min 1 / train/inv/policy_weight_std 0 / train/inv/valid_frac 1 / train/inv/weight 0.02 / train/loss/con 0.02 / train/loss/dyn 2.91 / train/loss/image 2.78 / train/loss/inv 0.01 / train/loss/policy -0.01 / train/loss/rep 2.91 / train/loss/repval 0.86 / train/loss/rew 0.61 / train/loss/value 0.8 / replay/replay_ratio 264 / fps/policy 6.74 / fps/train 1726.24

Writing metrics: /home/zhangpeiying01/lfy/btwm-7.7/runs/btwm_dmc_walker_walk_seed2_w002_b11_s2/metrics.jsonl
Writing metrics: /home/zhangpeiying01/lfy/btwm-7.7/runs/btwm_dmc_walker_walk_seed2_w002_b11_s2/scores.jsonl

--------------------[Agent Step 290_192]--------------------
Metrics filtered by: 'score|length|fps|ratio|train/loss/|train/acc/|train/inv/|train/rand/'
train/acc/inv 0.53 / train/inv/ce 1.53 / train/inv/confidence 0.27 / train/inv/confidence_gating 0 / train/inv/effective_rep_weight 0.02 / train/inv/head_objective 0.64 / train/inv/head_weight 0 / train/inv/objective 0.64 / train/inv/policy_weight_max 1 / train/inv/policy_weight_mean 1 / train/inv/policy_weight_min 1 / train/inv/policy_weight_std 0 / train/inv/valid_frac 1 / train/inv/weight 0.02 / train/loss/con 0.02 / train/loss/dyn 2.75 / train/loss/image 2.62 / train/loss/inv 0.01 / train/loss/policy -0.01 / train/loss/rep 2.75 / train/loss/repval 0.86 / train/loss/rew 0.61 / train/loss/value 0.8 / replay/replay_ratio 264 / fps/policy 6.71 / fps/train 1718.87

Writing metrics: /home/zhangpeiying01/lfy/btwm-7.7/runs/btwm_dmc_walker_walk_seed2_w002_b11_s2/metrics.jsonl
Writing metrics: /home/zhangpeiying01/lfy/btwm-7.7/runs/btwm_dmc_walker_walk_seed2_w002_b11_s2/scores.jsonl

--------------------[Agent Step 291_008]--------------------
Metrics filtered by: 'score|length|fps|ratio|train/loss/|train/acc/|train/inv/|train/rand/'
train/acc/inv 0.53 / train/inv/ce 1.54 / train/inv/confidence 0.27 / train/inv/confidence_gating 0 / train/inv/effective_rep_weight 0.02 / train/inv/head_objective 0.64 / train/inv/head_weight 0 / train/inv/objective 0.64 / train/inv/policy_weight_max 1 / train/inv/policy_weight_mean 1 / train/inv/policy_weight_min 1 / train/inv/policy_weight_std 0 / train/inv/valid_frac 1 / train/inv/weight 0.02 / train/loss/con 0.02 / train/loss/dyn 2.69 / train/loss/image 2.55 / train/loss/inv 0.01 / train/loss/policy -0.02 / train/loss/rep 2.69 / train/loss/repval 0.86 / train/loss/rew 0.61 / train/loss/value 0.8 / replay/replay_ratio 264 / fps/policy 6.78 / fps/train 1735.97

Writing metrics: /home/zhangpeiying01/lfy/btwm-7.7/runs/btwm_dmc_walker_walk_seed2_w002_b11_s2/metrics.jsonl
Writing metrics: /home/zhangpeiying01/lfy/btwm-7.7/runs/btwm_dmc_walker_walk_seed2_w002_b11_s2/scores.jsonl

--------------------[Agent Step 291_824]--------------------
Metrics filtered by: 'score|length|fps|ratio|train/loss/|train/acc/|train/inv/|train/rand/'
train/acc/inv 0.53 / train/inv/ce 1.52 / train/inv/confidence 0.27 / train/inv/confidence_gating 0 / train/inv/effective_rep_weight 0.02 / train/inv/head_objective 0.63 / train/inv/head_weight 0 / train/inv/objective 0.63 / train/inv/policy_weight_max 1 / train/inv/policy_weight_mean 1 / train/inv/policy_weight_min 1 / train/inv/policy_weight_std 0 / train/inv/valid_frac 1 / train/inv/weight 0.02 / train/loss/con 0.02 / train/loss/dyn 2.65 / train/loss/image 2.56 / train/loss/inv 0.01 / train/loss/policy -0.02 / train/loss/rep 2.65 / train/loss/repval 0.86 / train/loss/rew 0.61 / train/loss/value 0.8 / replay/replay_ratio 264 / fps/policy 6.73 / fps/train 1722.19

Writing metrics: /home/zhangpeiying01/lfy/btwm-7.7/runs/btwm_dmc_walker_walk_seed2_w002_b11_s2/scores.jsonl
Writing metrics: /home/zhangpeiying01/lfy/btwm-7.7/runs/btwm_dmc_walker_walk_seed2_w002_b11_s2/metrics.jsonl

--------------------[Agent Step 292_624]--------------------
Metrics filtered by: 'score|length|fps|ratio|train/loss/|train/acc/|train/inv/|train/rand/'
train/acc/inv 0.53 / train/inv/ce 1.53 / train/inv/confidence 0.27 / train/inv/confidence_gating 0 / train/inv/effective_rep_weight 0.02 / train/inv/head_objective 0.64 / train/inv/head_weight 0 / train/inv/objective 0.64 / train/inv/policy_weight_max 1 / train/inv/policy_weight_mean 1 / train/inv/policy_weight_min 1 / train/inv/policy_weight_std 0 / train/inv/valid_frac 1 / train/inv/weight 0.02 / train/loss/con 0.02 / train/loss/dyn 2.74 / train/loss/image 2.57 / train/loss/inv 0.01 / train/loss/policy -0.02 / train/loss/rep 2.74 / train/loss/repval 0.86 / train/loss/rew 0.61 / train/loss/value 0.8 / replay/replay_ratio 264 / fps/policy 6.64 / fps/train 1699.72

Writing metrics: /home/zhangpeiying01/lfy/btwm-7.7/runs/btwm_dmc_walker_walk_seed2_w002_b11_s2/scores.jsonl
Writing metrics: /home/zhangpeiying01/lfy/btwm-7.7/runs/btwm_dmc_walker_walk_seed2_w002_b11_s2/metrics.jsonl

--------------------[Agent Step 293_440]--------------------
Metrics filtered by: 'score|length|fps|ratio|train/loss/|train/acc/|train/inv/|train/rand/'
train/acc/inv 0.53 / train/inv/ce 1.52 / train/inv/confidence 0.27 / train/inv/confidence_gating 0 / train/inv/effective_rep_weight 0.02 / train/inv/head_objective 0.64 / train/inv/head_weight 0 / train/inv/objective 0.64 / train/inv/policy_weight_max 1 / train/inv/policy_weight_mean 1 / train/inv/policy_weight_min 1 / train/inv/policy_weight_std 0 / train/inv/valid_frac 1 / train/inv/weight 0.02 / train/loss/con 0.02 / train/loss/dyn 2.66 / train/loss/image 2.56 / train/loss/inv 0.01 / train/loss/policy -0.02 / train/loss/rep 2.66 / train/loss/repval 0.86 / train/loss/rew 0.61 / train/loss/value 0.8 / replay/replay_ratio 264 / fps/policy 6.67 / fps/train 1707.71

Writing metrics: /home/zhangpeiying01/lfy/btwm-7.7/runs/btwm_dmc_walker_walk_seed2_w002_b11_s2/metrics.jsonl
Writing metrics: /home/zhangpeiying01/lfy/btwm-7.7/runs/btwm_dmc_walker_walk_seed2_w002_b11_s2/scores.jsonl

--------------------[Agent Step 294_240]--------------------
Metrics filtered by: 'score|length|fps|ratio|train/loss/|train/acc/|train/inv/|train/rand/'
train/acc/inv 0.53 / train/inv/ce 1.54 / train/inv/confidence 0.27 / train/inv/confidence_gating 0 / train/inv/effective_rep_weight 0.02 / train/inv/head_objective 0.64 / train/inv/head_weight 0 / train/inv/objective 0.64 / train/inv/policy_weight_max 1 / train/inv/policy_weight_mean 1 / train/inv/policy_weight_min 1 / train/inv/policy_weight_std 0 / train/inv/valid_frac 1 / train/inv/weight 0.02 / train/loss/con 0.02 / train/loss/dyn 2.66 / train/loss/image 2.52 / train/loss/inv 0.01 / train/loss/policy -0.01 / train/loss/rep 2.66 / train/loss/repval 0.86 / train/loss/rew 0.61 / train/loss/value 0.8 / replay/replay_ratio 264 / fps/policy 6.66 / fps/train 1705.95

Writing metrics: /home/zhangpeiying01/lfy/btwm-7.7/runs/btwm_dmc_walker_walk_seed2_w002_b11_s2/scores.jsonl
Writing metrics: /home/zhangpeiying01/lfy/btwm-7.7/runs/btwm_dmc_walker_walk_seed2_w002_b11_s2/metrics.jsonl

--------------------[Agent Step 295_056]--------------------
Metrics filtered by: 'score|length|fps|ratio|train/loss/|train/acc/|train/inv/|train/rand/'
train/acc/inv 0.53 / train/inv/ce 1.53 / train/inv/confidence 0.27 / train/inv/confidence_gating 0 / train/inv/effective_rep_weight 0.02 / train/inv/head_objective 0.64 / train/inv/head_weight 0 / train/inv/objective 0.64 / train/inv/policy_weight_max 1 / train/inv/policy_weight_mean 1 / train/inv/policy_weight_min 1 / train/inv/policy_weight_std 0 / train/inv/valid_frac 1 / train/inv/weight 0.02 / train/loss/con 0.02 / train/loss/dyn 2.67 / train/loss/image 2.52 / train/loss/inv 0.01 / train/loss/policy -0.01 / train/loss/rep 2.67 / train/loss/repval 0.86 / train/loss/rew 0.61 / train/loss/value 0.8 / replay/replay_ratio 264 / fps/policy 6.69 / fps/train 1711.6

Writing metrics: /home/zhangpeiying01/lfy/btwm-7.7/runs/btwm_dmc_walker_walk_seed2_w002_b11_s2/metrics.jsonl
Writing metrics: /home/zhangpeiying01/lfy/btwm-7.7/runs/btwm_dmc_walker_walk_seed2_w002_b11_s2/scores.jsonl

--------------------[Agent Step 295_872]--------------------
Metrics filtered by: 'score|length|fps|ratio|train/loss/|train/acc/|train/inv/|train/rand/'
train/acc/inv 0.53 / train/inv/ce 1.53 / train/inv/confidence 0.27 / train/inv/confidence_gating 0 / train/inv/effective_rep_weight 0.02 / train/inv/head_objective 0.64 / train/inv/head_weight 0 / train/inv/objective 0.64 / train/inv/policy_weight_max 1 / train/inv/policy_weight_mean 1 / train/inv/policy_weight_min 1 / train/inv/policy_weight_std 0 / train/inv/valid_frac 1 / train/inv/weight 0.02 / train/loss/con 0.02 / train/loss/dyn 2.69 / train/loss/image 2.53 / train/loss/inv 0.01 / train/loss/policy -9e-3 / train/loss/rep 2.69 / train/loss/repval 0.86 / train/loss/rew 0.61 / train/loss/value 0.8 / replay/replay_ratio 264 / fps/policy 6.69 / fps/train 1711.73

Writing metrics: /home/zhangpeiying01/lfy/btwm-7.7/runs/btwm_dmc_walker_walk_seed2_w002_b11_s2/metrics.jsonl
Writing metrics: /home/zhangpeiying01/lfy/btwm-7.7/runs/btwm_dmc_walker_walk_seed2_w002_b11_s2/scores.jsonl

--------------------[Agent Step 296_672]--------------------
Metrics filtered by: 'score|length|fps|ratio|train/loss/|train/acc/|train/inv/|train/rand/'
train/acc/inv 0.53 / train/inv/ce 1.53 / train/inv/confidence 0.27 / train/inv/confidence_gating 0 / train/inv/effective_rep_weight 0.02 / train/inv/head_objective 0.64 / train/inv/head_weight 0 / train/inv/objective 0.64 / train/inv/policy_weight_max 1 / train/inv/policy_weight_mean 1 / train/inv/policy_weight_min 1 / train/inv/policy_weight_std 0 / train/inv/valid_frac 1 / train/inv/weight 0.02 / train/loss/con 0.02 / train/loss/dyn 2.65 / train/loss/image 2.5 / train/loss/inv 0.01 / train/loss/policy -0.01 / train/loss/rep 2.65 / train/loss/repval 0.86 / train/loss/rew 0.61 / train/loss/value 0.79 / replay/replay_ratio 264 / fps/policy 6.62 / fps/train 1694.13

Writing metrics: /home/zhangpeiying01/lfy/btwm-7.7/runs/btwm_dmc_walker_walk_seed2_w002_b11_s2/scores.jsonl
Writing metrics: /home/zhangpeiying01/lfy/btwm-7.7/runs/btwm_dmc_walker_walk_seed2_w002_b11_s2/metrics.jsonl

--------------------[Agent Step 297_472]--------------------
Metrics filtered by: 'score|length|fps|ratio|train/loss/|train/acc/|train/inv/|train/rand/'
train/acc/inv 0.53 / train/inv/ce 1.53 / train/inv/confidence 0.27 / train/inv/confidence_gating 0 / train/inv/effective_rep_weight 0.02 / train/inv/head_objective 0.64 / train/inv/head_weight 0 / train/inv/objective 0.64 / train/inv/policy_weight_max 1 / train/inv/policy_weight_mean 1 / train/inv/policy_weight_min 1 / train/inv/policy_weight_std 0 / train/inv/valid_frac 1 / train/inv/weight 0.02 / train/loss/con 0.02 / train/loss/dyn 2.67 / train/loss/image 2.5 / train/loss/inv 0.01 / train/loss/policy -0.01 / train/loss/rep 2.67 / train/loss/repval 0.85 / train/loss/rew 0.61 / train/loss/value 0.79 / replay/replay_ratio 264 / fps/policy 6.62 / fps/train 1694.41

Writing metrics: /home/zhangpeiying01/lfy/btwm-7.7/runs/btwm_dmc_walker_walk_seed2_w002_b11_s2/scores.jsonl
Writing metrics: /home/zhangpeiying01/lfy/btwm-7.7/runs/btwm_dmc_walker_walk_seed2_w002_b11_s2/metrics.jsonl

--------------------[Agent Step 298_272]--------------------
Metrics filtered by: 'score|length|fps|ratio|train/loss/|train/acc/|train/inv/|train/rand/'
train/acc/inv 0.53 / train/inv/ce 1.52 / train/inv/confidence 0.27 / train/inv/confidence_gating 0 / train/inv/effective_rep_weight 0.02 / train/inv/head_objective 0.64 / train/inv/head_weight 0 / train/inv/objective 0.64 / train/inv/policy_weight_max 1 / train/inv/policy_weight_mean 1 / train/inv/policy_weight_min 1 / train/inv/policy_weight_std 0 / train/inv/valid_frac 1 / train/inv/weight 0.02 / train/loss/con 0.02 / train/loss/dyn 2.67 / train/loss/image 2.53 / train/loss/inv 0.01 / train/loss/policy -0.01 / train/loss/rep 2.67 / train/loss/repval 0.86 / train/loss/rew 0.61 / train/loss/value 0.8 / replay/replay_ratio 264 / fps/policy 6.62 / fps/train 1693.9

Writing metrics: /home/zhangpeiying01/lfy/btwm-7.7/runs/btwm_dmc_walker_walk_seed2_w002_b11_s2/scores.jsonl
Writing metrics: /home/zhangpeiying01/lfy/btwm-7.7/runs/btwm_dmc_walker_walk_seed2_w002_b11_s2/metrics.jsonl

--------------------[Agent Step 299_072]--------------------
Metrics filtered by: 'score|length|fps|ratio|train/loss/|train/acc/|train/inv/|train/rand/'
train/acc/inv 0.53 / train/inv/ce 1.53 / train/inv/confidence 0.27 / train/inv/confidence_gating 0 / train/inv/effective_rep_weight 0.02 / train/inv/head_objective 0.64 / train/inv/head_weight 0 / train/inv/objective 0.64 / train/inv/policy_weight_max 1 / train/inv/policy_weight_mean 1 / train/inv/policy_weight_min 1 / train/inv/policy_weight_std 0 / train/inv/valid_frac 1 / train/inv/weight 0.02 / train/loss/con 0.02 / train/loss/dyn 2.7 / train/loss/image 2.5 / train/loss/inv 0.01 / train/loss/policy -9.7e-3 / train/loss/rep 2.7 / train/loss/repval 0.85 / train/loss/rew 0.61 / train/loss/value 0.79 / replay/replay_ratio 264 / fps/policy 6.64 / fps/train 1698.92

Writing metrics: /home/zhangpeiying01/lfy/btwm-7.7/runs/btwm_dmc_walker_walk_seed2_w002_b11_s2/metrics.jsonl
Writing metrics: /home/zhangpeiying01/lfy/btwm-7.7/runs/btwm_dmc_walker_walk_seed2_w002_b11_s2/scores.jsonl

--------------------[Agent Step 299_888]--------------------
Metrics filtered by: 'score|length|fps|ratio|train/loss/|train/acc/|train/inv/|train/rand/'
train/acc/inv 0.53 / train/inv/ce 1.53 / train/inv/confidence 0.27 / train/inv/confidence_gating 0 / train/inv/effective_rep_weight 0.02 / train/inv/head_objective 0.64 / train/inv/head_weight 0 / train/inv/objective 0.64 / train/inv/policy_weight_max 1 / train/inv/policy_weight_mean 1 / train/inv/policy_weight_min 1 / train/inv/policy_weight_std 0 / train/inv/valid_frac 1 / train/inv/weight 0.02 / train/loss/con 0.02 / train/loss/dyn 2.65 / train/loss/image 2.47 / train/loss/inv 0.01 / train/loss/policy -7.1e-3 / train/loss/rep 2.65 / train/loss/repval 0.85 / train/loss/rew 0.61 / train/loss/value 0.79 / replay/replay_ratio 264 / fps/policy 6.67 / fps/train 1706.45

Writing metrics: /home/zhangpeiying01/lfy/btwm-7.7/runs/btwm_dmc_walker_walk_seed2_w002_b11_s2/metrics.jsonl
Writing metrics: /home/zhangpeiying01/lfy/btwm-7.7/runs/btwm_dmc_walker_walk_seed2_w002_b11_s2/scores.jsonl

--------------------[Agent Step 299_952]--------------------
Metrics filtered by: 'score|length|fps|ratio|train/loss/|train/acc/|train/inv/|train/rand/'
No metrics.

Writing metrics: /home/zhangpeiying01/lfy/btwm-7.7/runs/btwm_dmc_walker_walk_seed2_w002_b11_s2/metrics.jsonl
Writing metrics: /home/zhangpeiying01/lfy/btwm-7.7/runs/btwm_dmc_walker_walk_seed2_w002_b11_s2/scores.jsonl
