[2026-07-16 21:51:26] model=btwm domain=dmc task=dmc_walker_walk
seed=0 gpu=0 steps=300000 logdir=/home/zhangpeiying01/lfy/btwm-7.7/runs/btwm_dmc_walker_walk_seed0_w002_b11_s0
variant=v2 param_matched=1 inv_weight=0.02 head_weight=0.0 inv_bins=11 confidence_gating=False policy_weight=0.0
command: python /home/zhangpeiying01/lfy/btwm-7.7/dreamerv3/dreamerv3/main.py --logdir /home/zhangpeiying01/lfy/btwm-7.7/runs/btwm_dmc_walker_walk_seed0_w002_b11_s0 --configs dmc_vision --task dmc_walker_walk --seed 0 --run.steps 300000 --replay.size 300000 --agent.use_btwm True --agent.inv_loss_weight 0.02 --agent.inv_head_loss_weight 0.0 --agent.inv_num_bins 11 --agent.inv_confidence_gating False --agent.inv_policy_weight 0.0 --batch_size 8 --batch_length 32 --report_length 32
2026-07-16 21:54:21.629243: E external/xla/xla/python/profiler/internal/python_hooks.cc:400] Can't import tensorflow.python.profiler.trace
2026-07-16 21:54:24.763754: E external/xla/xla/python/profiler/internal/python_hooks.cc:400] Can't import tensorflow.python.profiler.trace
---  ___                           __   ______ ---
--- |   \ _ _ ___ __ _ _ __  ___ _ \ \ / /__ / ---
--- | |) | '_/ -_) _` | '  \/ -_) '/\ V / |_ \ ---
--- |___/|_| \___\__,_|_|_|_\___|_|  \_/ |___/ ---
Replica: 0 / 1
Logdir: /home/zhangpeiying01/lfy/btwm-7.7/runs/btwm_dmc_walker_walk_seed0_w002_b11_s0
Run script: train
Observations
  is_first         Space(bool, shape=(), low=False, high=True)
  is_last          Space(bool, shape=(), low=False, high=True)
  is_terminal      Space(bool, shape=(), low=False, high=True)
  reward           Space(float32, shape=(), low=-inf, high=inf)
  image            Space(uint8, shape=(64, 64, 3), low=0, high=255)
Actions
  action           Space(float32, shape=(6,), low=-1.0, high=1.0)
Extras
  consec           Space(int32, shape=(), low=-2147483648, high=2147483647)
  stepid           Space(uint8, shape=(20,), low=0, high=255)
  dyn/deter        Space(float32, shape=(8192,), low=-inf, high=inf)
  dyn/stoch        Space(float32, shape=(32, 64), low=-inf, high=inf)
JAX devices (1): [cuda:0]
Policy devices: cuda:0
Train devices:  cuda:0
Initializing parameters...
Optimizer opt has 168,129,360 params:
    97,664,578 dyn
    20,282,115 dec
    12,850,431 val
    12,601,356 pol
    10,749,183 rew
    10,488,833 con
     3,492,864 enc
Done initializing!
Compiling 1 checkpoint groups...
Largest checkpoint group: 2 GB
Compiling train and report...
Train cost analysis:
  FLOPS:            2.3e+11
  Memory (temp):    1.8e+09
  Memory (inputs):  2.1e+09
  Memory (outputs): 2.1e+09
  Memory (code):    4.1e+06

Report cost analysis:
  FLOPS:            8.4e+09
  Memory (temp):    3.4e+08
  Memory (inputs):  4.9e+08
  Memory (outputs): 1.0e+07
  Memory (code):    8.1e+06

Done compiling!
Did not find any checkpoint.
Saving checkpoint: /home/zhangpeiying01/lfy/btwm-7.7/runs/btwm_dmc_walker_walk_seed0_w002_b11_s0/ckpt/20260716T215352F099954
Saved checkpoint.
Start training loop
Start JAX profiler: /home/zhangpeiying01/lfy/btwm-7.7/runs/btwm_dmc_walker_walk_seed0_w002_b11_s0
Stop JAX profiler

--------------------[Agent Step 1_520]--------------------
Metrics filtered by: 'score|length|fps|ratio|train/loss/|train/acc/|train/inv/|train/rand/'
train/acc/inv 0.31 / train/inv/ce 2.06 / train/inv/confidence 0.14 / train/inv/confidence_gating 0 / train/inv/effective_rep_weight 0.02 / train/inv/head_objective 0.86 / train/inv/head_weight 0 / train/inv/objective 0.86 / train/inv/policy_weight_max 1 / train/inv/policy_weight_mean 1 / train/inv/policy_weight_min 1 / train/inv/policy_weight_std 0 / train/inv/valid_frac 1 / train/inv/weight 0.02 / train/loss/con 0.04 / train/loss/dyn 6.66 / train/loss/image 140.71 / train/loss/inv 0.02 / train/loss/policy 1.63 / train/loss/rep 6.66 / train/loss/repval 5.64 / train/loss/rew 1.95 / train/loss/value 4.02 / replay/replay_ratio 197.48 / fps/policy 11.29 / fps/train 1431.42

Writing metrics: /home/zhangpeiying01/lfy/btwm-7.7/runs/btwm_dmc_walker_walk_seed0_w002_b11_s0/metrics.jsonl
Writing metrics: /home/zhangpeiying01/lfy/btwm-7.7/runs/btwm_dmc_walker_walk_seed0_w002_b11_s0/scores.jsonl

--------------------[Agent Step 2_336]--------------------
Metrics filtered by: 'score|length|fps|ratio|train/loss/|train/acc/|train/inv/|train/rand/'
train/acc/inv 0.65 / train/inv/ce 1.31 / train/inv/confidence 0.3 / train/inv/confidence_gating 0 / train/inv/effective_rep_weight 0.02 / train/inv/head_objective 0.55 / train/inv/head_weight 0 / train/inv/objective 0.55 / train/inv/policy_weight_max 1 / train/inv/policy_weight_mean 1 / train/inv/policy_weight_min 1 / train/inv/policy_weight_std 0 / train/inv/valid_frac 1 / train/inv/weight 0.02 / train/loss/con 0.02 / train/loss/dyn 5.13 / train/loss/image 34.91 / train/loss/inv 0.01 / train/loss/policy 1.04 / train/loss/rep 5.13 / train/loss/repval 1.96 / train/loss/rew 0.51 / train/loss/value 1.47 / replay/replay_ratio 264 / fps/policy 6.66 / fps/train 1706.05

Writing metrics: /home/zhangpeiying01/lfy/btwm-7.7/runs/btwm_dmc_walker_walk_seed0_w002_b11_s0/scores.jsonl
Writing metrics: /home/zhangpeiying01/lfy/btwm-7.7/runs/btwm_dmc_walker_walk_seed0_w002_b11_s0/metrics.jsonl

--------------------[Agent Step 3_136]--------------------
Metrics filtered by: 'score|length|fps|ratio|train/loss/|train/acc/|train/inv/|train/rand/'
train/acc/inv 0.81 / train/inv/ce 0.88 / train/inv/confidence 0.45 / train/inv/confidence_gating 0 / train/inv/effective_rep_weight 0.02 / train/inv/head_objective 0.37 / train/inv/head_weight 0 / train/inv/objective 0.37 / train/inv/policy_weight_max 1 / train/inv/policy_weight_mean 1 / train/inv/policy_weight_min 1 / train/inv/policy_weight_std 0 / train/inv/valid_frac 1 / train/inv/weight 0.02 / train/loss/con 0.02 / train/loss/dyn 5 / train/loss/image 23.39 / train/loss/inv 7.4e-3 / train/loss/policy 0.62 / train/loss/rep 5 / train/loss/repval 1.62 / train/loss/rew 0.5 / train/loss/value 1.33 / replay/replay_ratio 264 / fps/policy 6.66 / fps/train 1704.45

Writing metrics: /home/zhangpeiying01/lfy/btwm-7.7/runs/btwm_dmc_walker_walk_seed0_w002_b11_s0/metrics.jsonl
Writing metrics: /home/zhangpeiying01/lfy/btwm-7.7/runs/btwm_dmc_walker_walk_seed0_w002_b11_s0/scores.jsonl

--------------------[Agent Step 3_936]--------------------
Metrics filtered by: 'score|length|fps|ratio|train/loss/|train/acc/|train/inv/|train/rand/'
train/acc/inv 0.86 / train/inv/ce 0.7 / train/inv/confidence 0.55 / train/inv/confidence_gating 0 / train/inv/effective_rep_weight 0.02 / train/inv/head_objective 0.29 / train/inv/head_weight 0 / train/inv/objective 0.29 / train/inv/policy_weight_max 1 / train/inv/policy_weight_mean 1 / train/inv/policy_weight_min 1 / train/inv/policy_weight_std 0 / train/inv/valid_frac 1 / train/inv/weight 0.02 / train/loss/con 0.02 / train/loss/dyn 4.93 / train/loss/image 20.27 / train/loss/inv 5.8e-3 / train/loss/policy 0.15 / train/loss/rep 4.93 / train/loss/repval 1.59 / train/loss/rew 0.51 / train/loss/value 1.36 / replay/replay_ratio 264 / fps/policy 6.59 / fps/train 1687.83

Writing metrics: /home/zhangpeiying01/lfy/btwm-7.7/runs/btwm_dmc_walker_walk_seed0_w002_b11_s0/metrics.jsonl
Writing metrics: /home/zhangpeiying01/lfy/btwm-7.7/runs/btwm_dmc_walker_walk_seed0_w002_b11_s0/scores.jsonl

--------------------[Agent Step 4_752]--------------------
Metrics filtered by: 'score|length|fps|ratio|train/loss/|train/acc/|train/inv/|train/rand/'
train/acc/inv 0.88 / train/inv/ce 0.58 / train/inv/confidence 0.62 / train/inv/confidence_gating 0 / train/inv/effective_rep_weight 0.02 / train/inv/head_objective 0.24 / train/inv/head_weight 0 / train/inv/objective 0.24 / train/inv/policy_weight_max 1 / train/inv/policy_weight_mean 1 / train/inv/policy_weight_min 1 / train/inv/policy_weight_std 0 / train/inv/valid_frac 1 / train/inv/weight 0.02 / train/loss/con 0.02 / train/loss/dyn 4.85 / train/loss/image 17.52 / train/loss/inv 4.8e-3 / train/loss/policy 0.13 / train/loss/rep 4.85 / train/loss/repval 1.39 / train/loss/rew 0.51 / train/loss/value 1.22 / replay/replay_ratio 264 / fps/policy 6.68 / fps/train 1710.24

Writing metrics: /home/zhangpeiying01/lfy/btwm-7.7/runs/btwm_dmc_walker_walk_seed0_w002_b11_s0/metrics.jsonl
Writing metrics: /home/zhangpeiying01/lfy/btwm-7.7/runs/btwm_dmc_walker_walk_seed0_w002_b11_s0/scores.jsonl

--------------------[Agent Step 5_568]--------------------
Metrics filtered by: 'score|length|fps|ratio|train/loss/|train/acc/|train/inv/|train/rand/'
train/acc/inv 0.89 / train/inv/ce 0.52 / train/inv/confidence 0.65 / train/inv/confidence_gating 0 / train/inv/effective_rep_weight 0.02 / train/inv/head_objective 0.21 / train/inv/head_weight 0 / train/inv/objective 0.21 / train/inv/policy_weight_max 1 / train/inv/policy_weight_mean 1 / train/inv/policy_weight_min 1 / train/inv/policy_weight_std 0 / train/inv/valid_frac 1 / train/inv/weight 0.02 / train/loss/con 0.02 / train/loss/dyn 4.84 / train/loss/image 15.64 / train/loss/inv 4.3e-3 / train/loss/policy 0.04 / train/loss/rep 4.84 / train/loss/repval 1.26 / train/loss/rew 0.5 / train/loss/value 1.1 / replay/replay_ratio 264 / fps/policy 6.7 / fps/train 1714.49

Writing metrics: /home/zhangpeiying01/lfy/btwm-7.7/runs/btwm_dmc_walker_walk_seed0_w002_b11_s0/scores.jsonl
Writing metrics: /home/zhangpeiying01/lfy/btwm-7.7/runs/btwm_dmc_walker_walk_seed0_w002_b11_s0/metrics.jsonl

--------------------[Agent Step 6_384]--------------------
Metrics filtered by: 'score|length|fps|ratio|train/loss/|train/acc/|train/inv/|train/rand/'
train/acc/inv 0.88 / train/inv/ce 0.5 / train/inv/confidence 0.67 / train/inv/confidence_gating 0 / train/inv/effective_rep_weight 0.02 / train/inv/head_objective 0.21 / train/inv/head_weight 0 / train/inv/objective 0.21 / train/inv/policy_weight_max 1 / train/inv/policy_weight_mean 1 / train/inv/policy_weight_min 1 / train/inv/policy_weight_std 0 / train/inv/valid_frac 1 / train/inv/weight 0.02 / train/loss/con 0.02 / train/loss/dyn 4.89 / train/loss/image 15 / train/loss/inv 4.2e-3 / train/loss/policy 9.1e-3 / train/loss/rep 4.89 / train/loss/repval 1.21 / train/loss/rew 0.5 / train/loss/value 1.1 / replay/replay_ratio 264 / fps/policy 6.68 / fps/train 1711.27

Writing metrics: /home/zhangpeiying01/lfy/btwm-7.7/runs/btwm_dmc_walker_walk_seed0_w002_b11_s0/metrics.jsonl
Writing metrics: /home/zhangpeiying01/lfy/btwm-7.7/runs/btwm_dmc_walker_walk_seed0_w002_b11_s0/scores.jsonl

--------------------[Agent Step 7_200]--------------------
Metrics filtered by: 'score|length|fps|ratio|train/loss/|train/acc/|train/inv/|train/rand/'
train/acc/inv 0.89 / train/inv/ce 0.48 / train/inv/confidence 0.68 / train/inv/confidence_gating 0 / train/inv/effective_rep_weight 0.02 / train/inv/head_objective 0.2 / train/inv/head_weight 0 / train/inv/objective 0.2 / train/inv/policy_weight_max 1 / train/inv/policy_weight_mean 1 / train/inv/policy_weight_min 1 / train/inv/policy_weight_std 0 / train/inv/valid_frac 1 / train/inv/weight 0.02 / train/loss/con 0.02 / train/loss/dyn 4.79 / train/loss/image 14.23 / train/loss/inv 4e-3 / train/loss/policy 0.01 / train/loss/rep 4.79 / train/loss/repval 1.15 / train/loss/rew 0.5 / train/loss/value 0.98 / replay/replay_ratio 264 / fps/policy 6.71 / fps/train 1718.18

Writing metrics: /home/zhangpeiying01/lfy/btwm-7.7/runs/btwm_dmc_walker_walk_seed0_w002_b11_s0/metrics.jsonl
Writing metrics: /home/zhangpeiying01/lfy/btwm-7.7/runs/btwm_dmc_walker_walk_seed0_w002_b11_s0/scores.jsonl

--------------------[Agent Step 8_016]--------------------
Metrics filtered by: 'score|length|fps|ratio|train/loss/|train/acc/|train/inv/|train/rand/'
train/acc/inv 0.87 / train/inv/ce 0.5 / train/inv/confidence 0.68 / train/inv/confidence_gating 0 / train/inv/effective_rep_weight 0.02 / train/inv/head_objective 0.21 / train/inv/head_weight 0 / train/inv/objective 0.21 / train/inv/policy_weight_max 1 / train/inv/policy_weight_mean 1 / train/inv/policy_weight_min 1 / train/inv/policy_weight_std 0 / train/inv/valid_frac 1 / train/inv/weight 0.02 / train/loss/con 0.02 / train/loss/dyn 4.77 / train/loss/image 13.31 / train/loss/inv 4.1e-3 / train/loss/policy 9.6e-3 / train/loss/rep 4.77 / train/loss/repval 1.2 / train/loss/rew 0.49 / train/loss/value 1.04 / replay/replay_ratio 264 / fps/policy 6.76 / fps/train 1730.67

Writing metrics: /home/zhangpeiying01/lfy/btwm-7.7/runs/btwm_dmc_walker_walk_seed0_w002_b11_s0/metrics.jsonl
Writing metrics: /home/zhangpeiying01/lfy/btwm-7.7/runs/btwm_dmc_walker_walk_seed0_w002_b11_s0/scores.jsonl

--------------------[Agent Step 8_832]--------------------
Metrics filtered by: 'score|length|fps|ratio|train/loss/|train/acc/|train/inv/|train/rand/'
train/acc/inv 0.87 / train/inv/ce 0.48 / train/inv/confidence 0.69 / train/inv/confidence_gating 0 / train/inv/effective_rep_weight 0.02 / train/inv/head_objective 0.2 / train/inv/head_weight 0 / train/inv/objective 0.2 / train/inv/policy_weight_max 1 / train/inv/policy_weight_mean 1 / train/inv/policy_weight_min 1 / train/inv/policy_weight_std 0 / train/inv/valid_frac 1 / train/inv/weight 0.02 / train/loss/con 0.02 / train/loss/dyn 4.7 / train/loss/image 12.52 / train/loss/inv 4e-3 / train/loss/policy -0.03 / train/loss/rep 4.7 / train/loss/repval 1.11 / train/loss/rew 0.49 / train/loss/value 1.08 / replay/replay_ratio 264 / fps/policy 6.68 / fps/train 1710.8

Writing metrics: /home/zhangpeiying01/lfy/btwm-7.7/runs/btwm_dmc_walker_walk_seed0_w002_b11_s0/scores.jsonl
Writing metrics: /home/zhangpeiying01/lfy/btwm-7.7/runs/btwm_dmc_walker_walk_seed0_w002_b11_s0/metrics.jsonl

--------------------[Agent Step 9_648]--------------------
Metrics filtered by: 'score|length|fps|ratio|train/loss/|train/acc/|train/inv/|train/rand/'
train/acc/inv 0.86 / train/inv/ce 0.51 / train/inv/confidence 0.67 / train/inv/confidence_gating 0 / train/inv/effective_rep_weight 0.02 / train/inv/head_objective 0.21 / train/inv/head_weight 0 / train/inv/objective 0.21 / train/inv/policy_weight_max 1 / train/inv/policy_weight_mean 1 / train/inv/policy_weight_min 1 / train/inv/policy_weight_std 0 / train/inv/valid_frac 1 / train/inv/weight 0.02 / train/loss/con 0.02 / train/loss/dyn 4.67 / train/loss/image 12.19 / train/loss/inv 4.3e-3 / train/loss/policy -0.05 / train/loss/rep 4.67 / train/loss/repval 1.03 / train/loss/rew 0.49 / train/loss/value 0.96 / replay/replay_ratio 264 / fps/policy 6.71 / fps/train 1718.69

Writing metrics: /home/zhangpeiying01/lfy/btwm-7.7/runs/btwm_dmc_walker_walk_seed0_w002_b11_s0/metrics.jsonl
Writing metrics: /home/zhangpeiying01/lfy/btwm-7.7/runs/btwm_dmc_walker_walk_seed0_w002_b11_s0/scores.jsonl

--------------------[Agent Step 10_464]--------------------
Metrics filtered by: 'score|length|fps|ratio|train/loss/|train/acc/|train/inv/|train/rand/'
train/acc/inv 0.86 / train/inv/ce 0.51 / train/inv/confidence 0.68 / train/inv/confidence_gating 0 / train/inv/effective_rep_weight 0.02 / train/inv/head_objective 0.21 / train/inv/head_weight 0 / train/inv/objective 0.21 / train/inv/policy_weight_max 1 / train/inv/policy_weight_mean 1 / train/inv/policy_weight_min 1 / train/inv/policy_weight_std 0 / train/inv/valid_frac 1 / train/inv/weight 0.02 / train/loss/con 0.02 / train/loss/dyn 4.53 / train/loss/image 11.43 / train/loss/inv 4.2e-3 / train/loss/policy -0.05 / train/loss/rep 4.53 / train/loss/repval 1.23 / train/loss/rew 0.5 / train/loss/value 1.09 / replay/replay_ratio 264 / fps/policy 6.7 / fps/train 1715.87

Writing metrics: /home/zhangpeiying01/lfy/btwm-7.7/runs/btwm_dmc_walker_walk_seed0_w002_b11_s0/scores.jsonl
Writing metrics: /home/zhangpeiying01/lfy/btwm-7.7/runs/btwm_dmc_walker_walk_seed0_w002_b11_s0/metrics.jsonl

--------------------[Agent Step 11_280]--------------------
Metrics filtered by: 'score|length|fps|ratio|train/loss/|train/acc/|train/inv/|train/rand/'
train/acc/inv 0.84 / train/inv/ce 0.54 / train/inv/confidence 0.66 / train/inv/confidence_gating 0 / train/inv/effective_rep_weight 0.02 / train/inv/head_objective 0.23 / train/inv/head_weight 0 / train/inv/objective 0.23 / train/inv/policy_weight_max 1 / train/inv/policy_weight_mean 1 / train/inv/policy_weight_min 1 / train/inv/policy_weight_std 0 / train/inv/valid_frac 1 / train/inv/weight 0.02 / train/loss/con 0.02 / train/loss/dyn 4.46 / train/loss/image 10.9 / train/loss/inv 4.5e-3 / train/loss/policy -0.04 / train/loss/rep 4.46 / train/loss/repval 0.94 / train/loss/rew 0.5 / train/loss/value 0.84 / replay/replay_ratio 264 / fps/policy 6.73 / fps/train 1721.94

Writing metrics: /home/zhangpeiying01/lfy/btwm-7.7/runs/btwm_dmc_walker_walk_seed0_w002_b11_s0/scores.jsonl
Writing metrics: /home/zhangpeiying01/lfy/btwm-7.7/runs/btwm_dmc_walker_walk_seed0_w002_b11_s0/metrics.jsonl

--------------------[Agent Step 12_096]--------------------
Metrics filtered by: 'score|length|fps|ratio|train/loss/|train/acc/|train/inv/|train/rand/'
train/acc/inv 0.85 / train/inv/ce 0.53 / train/inv/confidence 0.67 / train/inv/confidence_gating 0 / train/inv/effective_rep_weight 0.02 / train/inv/head_objective 0.22 / train/inv/head_weight 0 / train/inv/objective 0.22 / train/inv/policy_weight_max 1 / train/inv/policy_weight_mean 1 / train/inv/policy_weight_min 1 / train/inv/policy_weight_std 0 / train/inv/valid_frac 1 / train/inv/weight 0.02 / train/loss/con 0.02 / train/loss/dyn 4.37 / train/loss/image 10.57 / train/loss/inv 4.4e-3 / train/loss/policy -0.04 / train/loss/rep 4.37 / train/loss/repval 0.93 / train/loss/rew 0.5 / train/loss/value 0.98 / replay/replay_ratio 264 / fps/policy 6.7 / fps/train 1715.11

Writing metrics: /home/zhangpeiying01/lfy/btwm-7.7/runs/btwm_dmc_walker_walk_seed0_w002_b11_s0/metrics.jsonl
Writing metrics: /home/zhangpeiying01/lfy/btwm-7.7/runs/btwm_dmc_walker_walk_seed0_w002_b11_s0/scores.jsonl

--------------------[Agent Step 12_912]--------------------
Metrics filtered by: 'score|length|fps|ratio|train/loss/|train/acc/|train/inv/|train/rand/'
train/acc/inv 0.83 / train/inv/ce 0.59 / train/inv/confidence 0.65 / train/inv/confidence_gating 0 / train/inv/effective_rep_weight 0.02 / train/inv/head_objective 0.24 / train/inv/head_weight 0 / train/inv/objective 0.24 / train/inv/policy_weight_max 1 / train/inv/policy_weight_mean 1 / train/inv/policy_weight_min 1 / train/inv/policy_weight_std 0 / train/inv/valid_frac 1 / train/inv/weight 0.02 / train/loss/con 0.02 / train/loss/dyn 4.43 / train/loss/image 10.44 / train/loss/inv 4.9e-3 / train/loss/policy -0.04 / train/loss/rep 4.43 / train/loss/repval 1.13 / train/loss/rew 0.51 / train/loss/value 1.1 / replay/replay_ratio 264 / fps/policy 6.66 / fps/train 1704.7

Writing metrics: /home/zhangpeiying01/lfy/btwm-7.7/runs/btwm_dmc_walker_walk_seed0_w002_b11_s0/metrics.jsonl
Writing metrics: /home/zhangpeiying01/lfy/btwm-7.7/runs/btwm_dmc_walker_walk_seed0_w002_b11_s0/scores.jsonl

--------------------[Agent Step 13_728]--------------------
Metrics filtered by: 'score|length|fps|ratio|train/loss/|train/acc/|train/inv/|train/rand/'
train/acc/inv 0.82 / train/inv/ce 0.62 / train/inv/confidence 0.63 / train/inv/confidence_gating 0 / train/inv/effective_rep_weight 0.02 / train/inv/head_objective 0.26 / train/inv/head_weight 0 / train/inv/objective 0.26 / train/inv/policy_weight_max 1 / train/inv/policy_weight_mean 1 / train/inv/policy_weight_min 1 / train/inv/policy_weight_std 0 / train/inv/valid_frac 1 / train/inv/weight 0.02 / train/loss/con 0.02 / train/loss/dyn 4.41 / train/loss/image 10.14 / train/loss/inv 5.1e-3 / train/loss/policy -0.04 / train/loss/rep 4.41 / train/loss/repval 1.2 / train/loss/rew 0.51 / train/loss/value 1.03 / replay/replay_ratio 264 / fps/policy 6.68 / fps/train 1711.17

Writing metrics: /home/zhangpeiying01/lfy/btwm-7.7/runs/btwm_dmc_walker_walk_seed0_w002_b11_s0/metrics.jsonl
Writing metrics: /home/zhangpeiying01/lfy/btwm-7.7/runs/btwm_dmc_walker_walk_seed0_w002_b11_s0/scores.jsonl

--------------------[Agent Step 14_528]--------------------
Metrics filtered by: 'score|length|fps|ratio|train/loss/|train/acc/|train/inv/|train/rand/'
train/acc/inv 0.81 / train/inv/ce 0.62 / train/inv/confidence 0.63 / train/inv/confidence_gating 0 / train/inv/effective_rep_weight 0.02 / train/inv/head_objective 0.26 / train/inv/head_weight 0 / train/inv/objective 0.26 / train/inv/policy_weight_max 1 / train/inv/policy_weight_mean 1 / train/inv/policy_weight_min 1 / train/inv/policy_weight_std 0 / train/inv/valid_frac 1 / train/inv/weight 0.02 / train/loss/con 0.02 / train/loss/dyn 4.33 / train/loss/image 9.86 / train/loss/inv 5.2e-3 / train/loss/policy -0.04 / train/loss/rep 4.33 / train/loss/repval 0.99 / train/loss/rew 0.51 / train/loss/value 0.95 / replay/replay_ratio 264 / fps/policy 6.66 / fps/train 1704.26

Writing metrics: /home/zhangpeiying01/lfy/btwm-7.7/runs/btwm_dmc_walker_walk_seed0_w002_b11_s0/scores.jsonl
Writing metrics: /home/zhangpeiying01/lfy/btwm-7.7/runs/btwm_dmc_walker_walk_seed0_w002_b11_s0/metrics.jsonl

--------------------[Agent Step 15_328]--------------------
Metrics filtered by: 'score|length|fps|ratio|train/loss/|train/acc/|train/inv/|train/rand/'
train/acc/inv 0.81 / train/inv/ce 0.61 / train/inv/confidence 0.63 / train/inv/confidence_gating 0 / train/inv/effective_rep_weight 0.02 / train/inv/head_objective 0.25 / train/inv/head_weight 0 / train/inv/objective 0.25 / train/inv/policy_weight_max 1 / train/inv/policy_weight_mean 1 / train/inv/policy_weight_min 1 / train/inv/policy_weight_std 0 / train/inv/valid_frac 1 / train/inv/weight 0.02 / train/loss/con 0.02 / train/loss/dyn 4.27 / train/loss/image 9.64 / train/loss/inv 5.1e-3 / train/loss/policy -0.03 / train/loss/rep 4.27 / train/loss/repval 1 / train/loss/rew 0.52 / train/loss/value 0.94 / replay/replay_ratio 264 / fps/policy 6.65 / fps/train 1702.45

Writing metrics: /home/zhangpeiying01/lfy/btwm-7.7/runs/btwm_dmc_walker_walk_seed0_w002_b11_s0/metrics.jsonl
Writing metrics: /home/zhangpeiying01/lfy/btwm-7.7/runs/btwm_dmc_walker_walk_seed0_w002_b11_s0/scores.jsonl

--------------------[Agent Step 16_128]--------------------
Metrics filtered by: 'score|length|fps|ratio|train/loss/|train/acc/|train/inv/|train/rand/'
episode/score 273.65 / episode/length 1001 / train/acc/inv 0.8 / train/inv/ce 0.64 / train/inv/confidence 0.62 / train/inv/confidence_gating 0 / train/inv/effective_rep_weight 0.02 / train/inv/head_objective 0.27 / train/inv/head_weight 0 / train/inv/objective 0.27 / train/inv/policy_weight_max 1 / train/inv/policy_weight_mean 1 / train/inv/policy_weight_min 1 / train/inv/policy_weight_std 0 / train/inv/valid_frac 1 / train/inv/weight 0.02 / train/loss/con 0.02 / train/loss/dyn 4.25 / train/loss/image 9.52 / train/loss/inv 5.3e-3 / train/loss/policy -0.06 / train/loss/rep 4.25 / train/loss/repval 0.97 / train/loss/rew 0.52 / train/loss/value 0.89 / replay/replay_ratio 264 / fps/policy 6.62 / fps/train 1695.95

Writing metrics: /home/zhangpeiying01/lfy/btwm-7.7/runs/btwm_dmc_walker_walk_seed0_w002_b11_s0/scores.jsonl
Writing metrics: /home/zhangpeiying01/lfy/btwm-7.7/runs/btwm_dmc_walker_walk_seed0_w002_b11_s0/metrics.jsonl

--------------------[Agent Step 16_928]--------------------
Metrics filtered by: 'score|length|fps|ratio|train/loss/|train/acc/|train/inv/|train/rand/'
train/acc/inv 0.8 / train/inv/ce 0.66 / train/inv/confidence 0.61 / train/inv/confidence_gating 0 / train/inv/effective_rep_weight 0.02 / train/inv/head_objective 0.27 / train/inv/head_weight 0 / train/inv/objective 0.27 / train/inv/policy_weight_max 1 / train/inv/policy_weight_mean 1 / train/inv/policy_weight_min 1 / train/inv/policy_weight_std 0 / train/inv/valid_frac 1 / train/inv/weight 0.02 / train/loss/con 0.02 / train/loss/dyn 4.32 / train/loss/image 9.88 / train/loss/inv 5.5e-3 / train/loss/policy -0.05 / train/loss/rep 4.32 / train/loss/repval 1.06 / train/loss/rew 0.52 / train/loss/value 1.01 / replay/replay_ratio 264 / fps/policy 6.64 / fps/train 1700.97

Writing metrics: /home/zhangpeiying01/lfy/btwm-7.7/runs/btwm_dmc_walker_walk_seed0_w002_b11_s0/metrics.jsonl
Writing metrics: /home/zhangpeiying01/lfy/btwm-7.7/runs/btwm_dmc_walker_walk_seed0_w002_b11_s0/scores.jsonl

--------------------[Agent Step 17_728]--------------------
Metrics filtered by: 'score|length|fps|ratio|train/loss/|train/acc/|train/inv/|train/rand/'
train/acc/inv 0.79 / train/inv/ce 0.67 / train/inv/confidence 0.6 / train/inv/confidence_gating 0 / train/inv/effective_rep_weight 0.02 / train/inv/head_objective 0.28 / train/inv/head_weight 0 / train/inv/objective 0.28 / train/inv/policy_weight_max 1 / train/inv/policy_weight_mean 1 / train/inv/policy_weight_min 1 / train/inv/policy_weight_std 0 / train/inv/valid_frac 1 / train/inv/weight 0.02 / train/loss/con 0.02 / train/loss/dyn 4.23 / train/loss/image 9.39 / train/loss/inv 5.6e-3 / train/loss/policy -0.05 / train/loss/rep 4.23 / train/loss/repval 1.16 / train/loss/rew 0.52 / train/loss/value 1.06 / replay/replay_ratio 264 / fps/policy 6.65 / fps/train 1703.56

Writing metrics: /home/zhangpeiying01/lfy/btwm-7.7/runs/btwm_dmc_walker_walk_seed0_w002_b11_s0/metrics.jsonl
Writing metrics: /home/zhangpeiying01/lfy/btwm-7.7/runs/btwm_dmc_walker_walk_seed0_w002_b11_s0/scores.jsonl

--------------------[Agent Step 18_544]--------------------
Metrics filtered by: 'score|length|fps|ratio|train/loss/|train/acc/|train/inv/|train/rand/'
train/acc/inv 0.79 / train/inv/ce 0.69 / train/inv/confidence 0.6 / train/inv/confidence_gating 0 / train/inv/effective_rep_weight 0.02 / train/inv/head_objective 0.29 / train/inv/head_weight 0 / train/inv/objective 0.29 / train/inv/policy_weight_max 1 / train/inv/policy_weight_mean 1 / train/inv/policy_weight_min 1 / train/inv/policy_weight_std 0 / train/inv/valid_frac 1 / train/inv/weight 0.02 / train/loss/con 0.02 / train/loss/dyn 4.26 / train/loss/image 9.35 / train/loss/inv 5.7e-3 / train/loss/policy -0.04 / train/loss/rep 4.26 / train/loss/repval 1.16 / train/loss/rew 0.51 / train/loss/value 1.07 / replay/replay_ratio 264 / fps/policy 6.7 / fps/train 1715.79

Writing metrics: /home/zhangpeiying01/lfy/btwm-7.7/runs/btwm_dmc_walker_walk_seed0_w002_b11_s0/scores.jsonl
Writing metrics: /home/zhangpeiying01/lfy/btwm-7.7/runs/btwm_dmc_walker_walk_seed0_w002_b11_s0/metrics.jsonl

--------------------[Agent Step 19_344]--------------------
Metrics filtered by: 'score|length|fps|ratio|train/loss/|train/acc/|train/inv/|train/rand/'
train/acc/inv 0.79 / train/inv/ce 0.68 / train/inv/confidence 0.6 / train/inv/confidence_gating 0 / train/inv/effective_rep_weight 0.02 / train/inv/head_objective 0.28 / train/inv/head_weight 0 / train/inv/objective 0.28 / train/inv/policy_weight_max 1 / train/inv/policy_weight_mean 1 / train/inv/policy_weight_min 1 / train/inv/policy_weight_std 0 / train/inv/valid_frac 1 / train/inv/weight 0.02 / train/loss/con 0.02 / train/loss/dyn 4.18 / train/loss/image 9 / train/loss/inv 5.7e-3 / train/loss/policy -0.06 / train/loss/rep 4.18 / train/loss/repval 1.1 / train/loss/rew 0.51 / train/loss/value 1.08 / replay/replay_ratio 264 / fps/policy 6.66 / fps/train 1703.79

Writing metrics: /home/zhangpeiying01/lfy/btwm-7.7/runs/btwm_dmc_walker_walk_seed0_w002_b11_s0/metrics.jsonl
Writing metrics: /home/zhangpeiying01/lfy/btwm-7.7/runs/btwm_dmc_walker_walk_seed0_w002_b11_s0/scores.jsonl

--------------------[Agent Step 20_160]--------------------
Metrics filtered by: 'score|length|fps|ratio|train/loss/|train/acc/|train/inv/|train/rand/'
train/acc/inv 0.79 / train/inv/ce 0.68 / train/inv/confidence 0.6 / train/inv/confidence_gating 0 / train/inv/effective_rep_weight 0.02 / train/inv/head_objective 0.28 / train/inv/head_weight 0 / train/inv/objective 0.28 / train/inv/policy_weight_max 1 / train/inv/policy_weight_mean 1 / train/inv/policy_weight_min 1 / train/inv/policy_weight_std 0 / train/inv/valid_frac 1 / train/inv/weight 0.02 / train/loss/con 0.02 / train/loss/dyn 4.2 / train/loss/image 8.86 / train/loss/inv 5.7e-3 / train/loss/policy -0.06 / train/loss/rep 4.2 / train/loss/repval 1.02 / train/loss/rew 0.52 / train/loss/value 0.99 / replay/replay_ratio 264 / fps/policy 6.69 / fps/train 1713.52

Writing metrics: /home/zhangpeiying01/lfy/btwm-7.7/runs/btwm_dmc_walker_walk_seed0_w002_b11_s0/scores.jsonl
Writing metrics: /home/zhangpeiying01/lfy/btwm-7.7/runs/btwm_dmc_walker_walk_seed0_w002_b11_s0/metrics.jsonl

--------------------[Agent Step 20_960]--------------------
Metrics filtered by: 'score|length|fps|ratio|train/loss/|train/acc/|train/inv/|train/rand/'
train/acc/inv 0.78 / train/inv/ce 0.69 / train/inv/confidence 0.59 / train/inv/confidence_gating 0 / train/inv/effective_rep_weight 0.02 / train/inv/head_objective 0.29 / train/inv/head_weight 0 / train/inv/objective 0.29 / train/inv/policy_weight_max 1 / train/inv/policy_weight_mean 1 / train/inv/policy_weight_min 1 / train/inv/policy_weight_std 0 / train/inv/valid_frac 1 / train/inv/weight 0.02 / train/loss/con 0.02 / train/loss/dyn 4.12 / train/loss/image 8.54 / train/loss/inv 5.8e-3 / train/loss/policy -0.06 / train/loss/rep 4.12 / train/loss/repval 0.99 / train/loss/rew 0.51 / train/loss/value 0.89 / replay/replay_ratio 264 / fps/policy 6.66 / fps/train 1703.71

Writing metrics: /home/zhangpeiying01/lfy/btwm-7.7/runs/btwm_dmc_walker_walk_seed0_w002_b11_s0/metrics.jsonl
Writing metrics: /home/zhangpeiying01/lfy/btwm-7.7/runs/btwm_dmc_walker_walk_seed0_w002_b11_s0/scores.jsonl

--------------------[Agent Step 21_776]--------------------
Metrics filtered by: 'score|length|fps|ratio|train/loss/|train/acc/|train/inv/|train/rand/'
train/acc/inv 0.77 / train/inv/ce 0.71 / train/inv/confidence 0.58 / train/inv/confidence_gating 0 / train/inv/effective_rep_weight 0.02 / train/inv/head_objective 0.3 / train/inv/head_weight 0 / train/inv/objective 0.3 / train/inv/policy_weight_max 1 / train/inv/policy_weight_mean 1 / train/inv/policy_weight_min 1 / train/inv/policy_weight_std 0 / train/inv/valid_frac 1 / train/inv/weight 0.02 / train/loss/con 0.02 / train/loss/dyn 4.15 / train/loss/image 8.45 / train/loss/inv 6e-3 / train/loss/policy -0.07 / train/loss/rep 4.15 / train/loss/repval 0.97 / train/loss/rew 0.52 / train/loss/value 0.88 / replay/replay_ratio 264 / fps/policy 6.72 / fps/train 1721.28

Writing metrics: /home/zhangpeiying01/lfy/btwm-7.7/runs/btwm_dmc_walker_walk_seed0_w002_b11_s0/scores.jsonl
Writing metrics: /home/zhangpeiying01/lfy/btwm-7.7/runs/btwm_dmc_walker_walk_seed0_w002_b11_s0/metrics.jsonl

--------------------[Agent Step 22_592]--------------------
Metrics filtered by: 'score|length|fps|ratio|train/loss/|train/acc/|train/inv/|train/rand/'
train/acc/inv 0.77 / train/inv/ce 0.71 / train/inv/confidence 0.58 / train/inv/confidence_gating 0 / train/inv/effective_rep_weight 0.02 / train/inv/head_objective 0.3 / train/inv/head_weight 0 / train/inv/objective 0.3 / train/inv/policy_weight_max 1 / train/inv/policy_weight_mean 1 / train/inv/policy_weight_min 1 / train/inv/policy_weight_std 0 / train/inv/valid_frac 1 / train/inv/weight 0.02 / train/loss/con 0.02 / train/loss/dyn 4.08 / train/loss/image 8.24 / train/loss/inv 5.9e-3 / train/loss/policy -0.06 / train/loss/rep 4.08 / train/loss/repval 1.06 / train/loss/rew 0.52 / train/loss/value 1.01 / replay/replay_ratio 264 / fps/policy 6.69 / fps/train 1712.75

Writing metrics: /home/zhangpeiying01/lfy/btwm-7.7/runs/btwm_dmc_walker_walk_seed0_w002_b11_s0/metrics.jsonl
Writing metrics: /home/zhangpeiying01/lfy/btwm-7.7/runs/btwm_dmc_walker_walk_seed0_w002_b11_s0/scores.jsonl

--------------------[Agent Step 23_408]--------------------
Metrics filtered by: 'score|length|fps|ratio|train/loss/|train/acc/|train/inv/|train/rand/'
train/acc/inv 0.77 / train/inv/ce 0.72 / train/inv/confidence 0.57 / train/inv/confidence_gating 0 / train/inv/effective_rep_weight 0.02 / train/inv/head_objective 0.3 / train/inv/head_weight 0 / train/inv/objective 0.3 / train/inv/policy_weight_max 1 / train/inv/policy_weight_mean 1 / train/inv/policy_weight_min 1 / train/inv/policy_weight_std 0 / train/inv/valid_frac 1 / train/inv/weight 0.02 / train/loss/con 0.02 / train/loss/dyn 4.07 / train/loss/image 8.07 / train/loss/inv 6e-3 / train/loss/policy -0.06 / train/loss/rep 4.07 / train/loss/repval 1.15 / train/loss/rew 0.52 / train/loss/value 1.09 / replay/replay_ratio 264 / fps/policy 6.7 / fps/train 1714.61

Writing metrics: /home/zhangpeiying01/lfy/btwm-7.7/runs/btwm_dmc_walker_walk_seed0_w002_b11_s0/metrics.jsonl
Writing metrics: /home/zhangpeiying01/lfy/btwm-7.7/runs/btwm_dmc_walker_walk_seed0_w002_b11_s0/scores.jsonl

--------------------[Agent Step 24_224]--------------------
Metrics filtered by: 'score|length|fps|ratio|train/loss/|train/acc/|train/inv/|train/rand/'
train/acc/inv 0.76 / train/inv/ce 0.73 / train/inv/confidence 0.57 / train/inv/confidence_gating 0 / train/inv/effective_rep_weight 0.02 / train/inv/head_objective 0.3 / train/inv/head_weight 0 / train/inv/objective 0.3 / train/inv/policy_weight_max 1 / train/inv/policy_weight_mean 1 / train/inv/policy_weight_min 1 / train/inv/policy_weight_std 0 / train/inv/valid_frac 1 / train/inv/weight 0.02 / train/loss/con 0.02 / train/loss/dyn 4.03 / train/loss/image 7.88 / train/loss/inv 6.1e-3 / train/loss/policy -0.06 / train/loss/rep 4.03 / train/loss/repval 1.06 / train/loss/rew 0.51 / train/loss/value 1.04 / replay/replay_ratio 264 / fps/policy 6.67 / fps/train 1706.56

Writing metrics: /home/zhangpeiying01/lfy/btwm-7.7/runs/btwm_dmc_walker_walk_seed0_w002_b11_s0/metrics.jsonl
Writing metrics: /home/zhangpeiying01/lfy/btwm-7.7/runs/btwm_dmc_walker_walk_seed0_w002_b11_s0/scores.jsonl
Saving checkpoint: /home/zhangpeiying01/lfy/btwm-7.7/runs/btwm_dmc_walker_walk_seed0_w002_b11_s0/ckpt/20260716T225403F278178
Saved checkpoint.

--------------------[Agent Step 24_976]--------------------
Metrics filtered by: 'score|length|fps|ratio|train/loss/|train/acc/|train/inv/|train/rand/'
train/acc/inv 0.76 / train/inv/ce 0.73 / train/inv/confidence 0.57 / train/inv/confidence_gating 0 / train/inv/effective_rep_weight 0.02 / train/inv/head_objective 0.3 / train/inv/head_weight 0 / train/inv/objective 0.3 / train/inv/policy_weight_max 1 / train/inv/policy_weight_mean 1 / train/inv/policy_weight_min 1 / train/inv/policy_weight_std 0 / train/inv/valid_frac 1 / train/inv/weight 0.02 / train/loss/con 0.02 / train/loss/dyn 4.04 / train/loss/image 7.86 / train/loss/inv 6.1e-3 / train/loss/policy -0.06 / train/loss/rep 4.04 / train/loss/repval 1.01 / train/loss/rew 0.52 / train/loss/value 0.92 / replay/replay_ratio 264 / fps/policy 6.17 / fps/train 1578.7

Writing metrics: /home/zhangpeiying01/lfy/btwm-7.7/runs/btwm_dmc_walker_walk_seed0_w002_b11_s0/metrics.jsonl
Writing metrics: /home/zhangpeiying01/lfy/btwm-7.7/runs/btwm_dmc_walker_walk_seed0_w002_b11_s0/scores.jsonl

--------------------[Agent Step 25_792]--------------------
Metrics filtered by: 'score|length|fps|ratio|train/loss/|train/acc/|train/inv/|train/rand/'
train/acc/inv 0.76 / train/inv/ce 0.74 / train/inv/confidence 0.56 / train/inv/confidence_gating 0 / train/inv/effective_rep_weight 0.02 / train/inv/head_objective 0.31 / train/inv/head_weight 0 / train/inv/objective 0.31 / train/inv/policy_weight_max 1 / train/inv/policy_weight_mean 1 / train/inv/policy_weight_min 1 / train/inv/policy_weight_std 0 / train/inv/valid_frac 1 / train/inv/weight 0.02 / train/loss/con 0.02 / train/loss/dyn 4.02 / train/loss/image 7.73 / train/loss/inv 6.2e-3 / train/loss/policy -0.07 / train/loss/rep 4.02 / train/loss/repval 0.98 / train/loss/rew 0.52 / train/loss/value 0.85 / replay/replay_ratio 264 / fps/policy 6.67 / fps/train 1707.96

Writing metrics: /home/zhangpeiying01/lfy/btwm-7.7/runs/btwm_dmc_walker_walk_seed0_w002_b11_s0/scores.jsonl
Writing metrics: /home/zhangpeiying01/lfy/btwm-7.7/runs/btwm_dmc_walker_walk_seed0_w002_b11_s0/metrics.jsonl

--------------------[Agent Step 26_608]--------------------
Metrics filtered by: 'score|length|fps|ratio|train/loss/|train/acc/|train/inv/|train/rand/'
train/acc/inv 0.75 / train/inv/ce 0.75 / train/inv/confidence 0.56 / train/inv/confidence_gating 0 / train/inv/effective_rep_weight 0.02 / train/inv/head_objective 0.31 / train/inv/head_weight 0 / train/inv/objective 0.31 / train/inv/policy_weight_max 1 / train/inv/policy_weight_mean 1 / train/inv/policy_weight_min 1 / train/inv/policy_weight_std 0 / train/inv/valid_frac 1 / train/inv/weight 0.02 / train/loss/con 0.02 / train/loss/dyn 4 / train/loss/image 7.61 / train/loss/inv 6.2e-3 / train/loss/policy -0.07 / train/loss/rep 4 / train/loss/repval 0.98 / train/loss/rew 0.51 / train/loss/value 0.92 / replay/replay_ratio 264 / fps/policy 6.72 / fps/train 1719.88

Writing metrics: /home/zhangpeiying01/lfy/btwm-7.7/runs/btwm_dmc_walker_walk_seed0_w002_b11_s0/scores.jsonl
Writing metrics: /home/zhangpeiying01/lfy/btwm-7.7/runs/btwm_dmc_walker_walk_seed0_w002_b11_s0/metrics.jsonl

--------------------[Agent Step 27_408]--------------------
Metrics filtered by: 'score|length|fps|ratio|train/loss/|train/acc/|train/inv/|train/rand/'
train/acc/inv 0.75 / train/inv/ce 0.75 / train/inv/confidence 0.56 / train/inv/confidence_gating 0 / train/inv/effective_rep_weight 0.02 / train/inv/head_objective 0.31 / train/inv/head_weight 0 / train/inv/objective 0.31 / train/inv/policy_weight_max 1 / train/inv/policy_weight_mean 1 / train/inv/policy_weight_min 1 / train/inv/policy_weight_std 0 / train/inv/valid_frac 1 / train/inv/weight 0.02 / train/loss/con 0.02 / train/loss/dyn 3.96 / train/loss/image 7.44 / train/loss/inv 6.3e-3 / train/loss/policy -0.09 / train/loss/rep 3.96 / train/loss/repval 1.08 / train/loss/rew 0.52 / train/loss/value 1.08 / replay/replay_ratio 264 / fps/policy 6.66 / fps/train 1705.62

Writing metrics: /home/zhangpeiying01/lfy/btwm-7.7/runs/btwm_dmc_walker_walk_seed0_w002_b11_s0/scores.jsonl
Writing metrics: /home/zhangpeiying01/lfy/btwm-7.7/runs/btwm_dmc_walker_walk_seed0_w002_b11_s0/metrics.jsonl

--------------------[Agent Step 28_256]--------------------
Metrics filtered by: 'score|length|fps|ratio|train/loss/|train/acc/|train/inv/|train/rand/'
train/acc/inv 0.75 / train/inv/ce 0.76 / train/inv/confidence 0.55 / train/inv/confidence_gating 0 / train/inv/effective_rep_weight 0.02 / train/inv/head_objective 0.32 / train/inv/head_weight 0 / train/inv/objective 0.32 / train/inv/policy_weight_max 1 / train/inv/policy_weight_mean 1 / train/inv/policy_weight_min 1 / train/inv/policy_weight_std 0 / train/inv/valid_frac 1 / train/inv/weight 0.02 / train/loss/con 0.02 / train/loss/dyn 3.97 / train/loss/image 7.33 / train/loss/inv 6.4e-3 / train/loss/policy -0.09 / train/loss/rep 3.97 / train/loss/repval 1.1 / train/loss/rew 0.52 / train/loss/value 1.14 / replay/replay_ratio 264 / fps/policy 6.98 / fps/train 1785.78

Writing metrics: /home/zhangpeiying01/lfy/btwm-7.7/runs/btwm_dmc_walker_walk_seed0_w002_b11_s0/scores.jsonl
Writing metrics: /home/zhangpeiying01/lfy/btwm-7.7/runs/btwm_dmc_walker_walk_seed0_w002_b11_s0/metrics.jsonl

--------------------[Agent Step 29_296]--------------------
Metrics filtered by: 'score|length|fps|ratio|train/loss/|train/acc/|train/inv/|train/rand/'
train/acc/inv 0.74 / train/inv/ce 0.76 / train/inv/confidence 0.55 / train/inv/confidence_gating 0 / train/inv/effective_rep_weight 0.02 / train/inv/head_objective 0.32 / train/inv/head_weight 0 / train/inv/objective 0.32 / train/inv/policy_weight_max 1 / train/inv/policy_weight_mean 1 / train/inv/policy_weight_min 1 / train/inv/policy_weight_std 0 / train/inv/valid_frac 1 / train/inv/weight 0.02 / train/loss/con 0.02 / train/loss/dyn 3.91 / train/loss/image 7.13 / train/loss/inv 6.4e-3 / train/loss/policy -0.09 / train/loss/rep 3.91 / train/loss/repval 1.05 / train/loss/rew 0.52 / train/loss/value 0.92 / replay/replay_ratio 264 / fps/policy 8.62 / fps/train 2207.35

Writing metrics: /home/zhangpeiying01/lfy/btwm-7.7/runs/btwm_dmc_walker_walk_seed0_w002_b11_s0/metrics.jsonl
Writing metrics: /home/zhangpeiying01/lfy/btwm-7.7/runs/btwm_dmc_walker_walk_seed0_w002_b11_s0/scores.jsonl

--------------------[Agent Step 30_320]--------------------
Metrics filtered by: 'score|length|fps|ratio|train/loss/|train/acc/|train/inv/|train/rand/'
train/acc/inv 0.73 / train/inv/ce 0.79 / train/inv/confidence 0.54 / train/inv/confidence_gating 0 / train/inv/effective_rep_weight 0.02 / train/inv/head_objective 0.33 / train/inv/head_weight 0 / train/inv/objective 0.33 / train/inv/policy_weight_max 1 / train/inv/policy_weight_mean 1 / train/inv/policy_weight_min 1 / train/inv/policy_weight_std 0 / train/inv/valid_frac 1 / train/inv/weight 0.02 / train/loss/con 0.02 / train/loss/dyn 3.92 / train/loss/image 6.98 / train/loss/inv 6.6e-3 / train/loss/policy -0.08 / train/loss/rep 3.92 / train/loss/repval 0.99 / train/loss/rew 0.52 / train/loss/value 0.83 / replay/replay_ratio 264 / fps/policy 8.52 / fps/train 2180.73

Writing metrics: /home/zhangpeiying01/lfy/btwm-7.7/runs/btwm_dmc_walker_walk_seed0_w002_b11_s0/scores.jsonl
Writing metrics: /home/zhangpeiying01/lfy/btwm-7.7/runs/btwm_dmc_walker_walk_seed0_w002_b11_s0/metrics.jsonl

--------------------[Agent Step 31_344]--------------------
Metrics filtered by: 'score|length|fps|ratio|train/loss/|train/acc/|train/inv/|train/rand/'
train/acc/inv 0.73 / train/inv/ce 0.78 / train/inv/confidence 0.54 / train/inv/confidence_gating 0 / train/inv/effective_rep_weight 0.02 / train/inv/head_objective 0.32 / train/inv/head_weight 0 / train/inv/objective 0.32 / train/inv/policy_weight_max 1 / train/inv/policy_weight_mean 1 / train/inv/policy_weight_min 1 / train/inv/policy_weight_std 0 / train/inv/valid_frac 1 / train/inv/weight 0.02 / train/loss/con 0.02 / train/loss/dyn 3.91 / train/loss/image 6.89 / train/loss/inv 6.5e-3 / train/loss/policy -0.09 / train/loss/rep 3.91 / train/loss/repval 0.98 / train/loss/rew 0.52 / train/loss/value 0.94 / replay/replay_ratio 264 / fps/policy 8.45 / fps/train 2163.22

Writing metrics: /home/zhangpeiying01/lfy/btwm-7.7/runs/btwm_dmc_walker_walk_seed0_w002_b11_s0/metrics.jsonl
Writing metrics: /home/zhangpeiying01/lfy/btwm-7.7/runs/btwm_dmc_walker_walk_seed0_w002_b11_s0/scores.jsonl

--------------------[Agent Step 32_304]--------------------
Metrics filtered by: 'score|length|fps|ratio|train/loss/|train/acc/|train/inv/|train/rand/'
episode/score 544.63 / episode/length 1001 / train/acc/inv 0.73 / train/inv/ce 0.79 / train/inv/confidence 0.54 / train/inv/confidence_gating 0 / train/inv/effective_rep_weight 0.02 / train/inv/head_objective 0.33 / train/inv/head_weight 0 / train/inv/objective 0.33 / train/inv/policy_weight_max 1 / train/inv/policy_weight_mean 1 / train/inv/policy_weight_min 1 / train/inv/policy_weight_std 0 / train/inv/valid_frac 1 / train/inv/weight 0.02 / train/loss/con 0.02 / train/loss/dyn 3.87 / train/loss/image 6.79 / train/loss/inv 6.6e-3 / train/loss/policy -0.09 / train/loss/rep 3.87 / train/loss/repval 1.07 / train/loss/rew 0.52 / train/loss/value 1.13 / replay/replay_ratio 264 / fps/policy 7.94 / fps/train 2031.53

Writing metrics: /home/zhangpeiying01/lfy/btwm-7.7/runs/btwm_dmc_walker_walk_seed0_w002_b11_s0/metrics.jsonl
Writing metrics: /home/zhangpeiying01/lfy/btwm-7.7/runs/btwm_dmc_walker_walk_seed0_w002_b11_s0/scores.jsonl

--------------------[Agent Step 33_232]--------------------
Metrics filtered by: 'score|length|fps|ratio|train/loss/|train/acc/|train/inv/|train/rand/'
train/acc/inv 0.72 / train/inv/ce 0.82 / train/inv/confidence 0.53 / train/inv/confidence_gating 0 / train/inv/effective_rep_weight 0.02 / train/inv/head_objective 0.34 / train/inv/head_weight 0 / train/inv/objective 0.34 / train/inv/policy_weight_max 1 / train/inv/policy_weight_mean 1 / train/inv/policy_weight_min 1 / train/inv/policy_weight_std 0 / train/inv/valid_frac 1 / train/inv/weight 0.02 / train/loss/con 0.02 / train/loss/dyn 3.89 / train/loss/image 6.97 / train/loss/inv 6.8e-3 / train/loss/policy -0.08 / train/loss/rep 3.89 / train/loss/repval 1.11 / train/loss/rew 0.52 / train/loss/value 1.15 / replay/replay_ratio 264 / fps/policy 7.65 / fps/train 1957.12

Writing metrics: /home/zhangpeiying01/lfy/btwm-7.7/runs/btwm_dmc_walker_walk_seed0_w002_b11_s0/metrics.jsonl
Writing metrics: /home/zhangpeiying01/lfy/btwm-7.7/runs/btwm_dmc_walker_walk_seed0_w002_b11_s0/scores.jsonl

--------------------[Agent Step 34_160]--------------------
Metrics filtered by: 'score|length|fps|ratio|train/loss/|train/acc/|train/inv/|train/rand/'
train/acc/inv 0.72 / train/inv/ce 0.84 / train/inv/confidence 0.52 / train/inv/confidence_gating 0 / train/inv/effective_rep_weight 0.02 / train/inv/head_objective 0.35 / train/inv/head_weight 0 / train/inv/objective 0.35 / train/inv/policy_weight_max 1 / train/inv/policy_weight_mean 1 / train/inv/policy_weight_min 1 / train/inv/policy_weight_std 0 / train/inv/valid_frac 1 / train/inv/weight 0.02 / train/loss/con 0.02 / train/loss/dyn 3.87 / train/loss/image 6.79 / train/loss/inv 7e-3 / train/loss/policy -0.07 / train/loss/rep 3.87 / train/loss/repval 1.05 / train/loss/rew 0.52 / train/loss/value 0.93 / replay/replay_ratio 264 / fps/policy 7.64 / fps/train 1955.73

Writing metrics: /home/zhangpeiying01/lfy/btwm-7.7/runs/btwm_dmc_walker_walk_seed0_w002_b11_s0/scores.jsonl
Writing metrics: /home/zhangpeiying01/lfy/btwm-7.7/runs/btwm_dmc_walker_walk_seed0_w002_b11_s0/metrics.jsonl

--------------------[Agent Step 35_088]--------------------
Metrics filtered by: 'score|length|fps|ratio|train/loss/|train/acc/|train/inv/|train/rand/'
train/acc/inv 0.72 / train/inv/ce 0.83 / train/inv/confidence 0.52 / train/inv/confidence_gating 0 / train/inv/effective_rep_weight 0.02 / train/inv/head_objective 0.35 / train/inv/head_weight 0 / train/inv/objective 0.35 / train/inv/policy_weight_max 1 / train/inv/policy_weight_mean 1 / train/inv/policy_weight_min 1 / train/inv/policy_weight_std 0 / train/inv/valid_frac 1 / train/inv/weight 0.02 / train/loss/con 0.02 / train/loss/dyn 3.83 / train/loss/image 6.61 / train/loss/inv 6.9e-3 / train/loss/policy -0.05 / train/loss/rep 3.83 / train/loss/repval 1.01 / train/loss/rew 0.52 / train/loss/value 0.79 / replay/replay_ratio 264 / fps/policy 7.68 / fps/train 1966.5

Writing metrics: /home/zhangpeiying01/lfy/btwm-7.7/runs/btwm_dmc_walker_walk_seed0_w002_b11_s0/metrics.jsonl
Writing metrics: /home/zhangpeiying01/lfy/btwm-7.7/runs/btwm_dmc_walker_walk_seed0_w002_b11_s0/scores.jsonl

--------------------[Agent Step 35_984]--------------------
Metrics filtered by: 'score|length|fps|ratio|train/loss/|train/acc/|train/inv/|train/rand/'
train/acc/inv 0.71 / train/inv/ce 0.84 / train/inv/confidence 0.52 / train/inv/confidence_gating 0 / train/inv/effective_rep_weight 0.02 / train/inv/head_objective 0.35 / train/inv/head_weight 0 / train/inv/objective 0.35 / train/inv/policy_weight_max 1 / train/inv/policy_weight_mean 1 / train/inv/policy_weight_min 1 / train/inv/policy_weight_std 0 / train/inv/valid_frac 1 / train/inv/weight 0.02 / train/loss/con 0.02 / train/loss/dyn 3.82 / train/loss/image 6.43 / train/loss/inv 7e-3 / train/loss/policy -0.06 / train/loss/rep 3.82 / train/loss/repval 1.01 / train/loss/rew 0.52 / train/loss/value 0.83 / replay/replay_ratio 264 / fps/policy 7.33 / fps/train 1877.7

Writing metrics: /home/zhangpeiying01/lfy/btwm-7.7/runs/btwm_dmc_walker_walk_seed0_w002_b11_s0/metrics.jsonl
Writing metrics: /home/zhangpeiying01/lfy/btwm-7.7/runs/btwm_dmc_walker_walk_seed0_w002_b11_s0/scores.jsonl

--------------------[Agent Step 36_880]--------------------
Metrics filtered by: 'score|length|fps|ratio|train/loss/|train/acc/|train/inv/|train/rand/'
train/acc/inv 0.71 / train/inv/ce 0.83 / train/inv/confidence 0.52 / train/inv/confidence_gating 0 / train/inv/effective_rep_weight 0.02 / train/inv/head_objective 0.35 / train/inv/head_weight 0 / train/inv/objective 0.35 / train/inv/policy_weight_max 1 / train/inv/policy_weight_mean 1 / train/inv/policy_weight_min 1 / train/inv/policy_weight_std 0 / train/inv/valid_frac 1 / train/inv/weight 0.02 / train/loss/con 0.02 / train/loss/dyn 3.69 / train/loss/image 6.27 / train/loss/inv 6.9e-3 / train/loss/policy -0.05 / train/loss/rep 3.69 / train/loss/repval 0.99 / train/loss/rew 0.52 / train/loss/value 0.9 / replay/replay_ratio 264 / fps/policy 7.37 / fps/train 1886.7

Writing metrics: /home/zhangpeiying01/lfy/btwm-7.7/runs/btwm_dmc_walker_walk_seed0_w002_b11_s0/metrics.jsonl
Writing metrics: /home/zhangpeiying01/lfy/btwm-7.7/runs/btwm_dmc_walker_walk_seed0_w002_b11_s0/scores.jsonl

--------------------[Agent Step 37_760]--------------------
Metrics filtered by: 'score|length|fps|ratio|train/loss/|train/acc/|train/inv/|train/rand/'
train/acc/inv 0.71 / train/inv/ce 0.85 / train/inv/confidence 0.51 / train/inv/confidence_gating 0 / train/inv/effective_rep_weight 0.02 / train/inv/head_objective 0.35 / train/inv/head_weight 0 / train/inv/objective 0.35 / train/inv/policy_weight_max 1 / train/inv/policy_weight_mean 1 / train/inv/policy_weight_min 1 / train/inv/policy_weight_std 0 / train/inv/valid_frac 1 / train/inv/weight 0.02 / train/loss/con 0.02 / train/loss/dyn 3.76 / train/loss/image 6.29 / train/loss/inv 7.1e-3 / train/loss/policy -0.04 / train/loss/rep 3.76 / train/loss/repval 0.97 / train/loss/rew 0.52 / train/loss/value 0.96 / replay/replay_ratio 264 / fps/policy 7.25 / fps/train 1855.31

Writing metrics: /home/zhangpeiying01/lfy/btwm-7.7/runs/btwm_dmc_walker_walk_seed0_w002_b11_s0/scores.jsonl
Writing metrics: /home/zhangpeiying01/lfy/btwm-7.7/runs/btwm_dmc_walker_walk_seed0_w002_b11_s0/metrics.jsonl

--------------------[Agent Step 38_656]--------------------
Metrics filtered by: 'score|length|fps|ratio|train/loss/|train/acc/|train/inv/|train/rand/'
train/acc/inv 0.71 / train/inv/ce 0.85 / train/inv/confidence 0.51 / train/inv/confidence_gating 0 / train/inv/effective_rep_weight 0.02 / train/inv/head_objective 0.36 / train/inv/head_weight 0 / train/inv/objective 0.36 / train/inv/policy_weight_max 1 / train/inv/policy_weight_mean 1 / train/inv/policy_weight_min 1 / train/inv/policy_weight_std 0 / train/inv/valid_frac 1 / train/inv/weight 0.02 / train/loss/con 0.02 / train/loss/dyn 3.75 / train/loss/image 6.21 / train/loss/inv 7.1e-3 / train/loss/policy -0.05 / train/loss/rep 3.75 / train/loss/repval 1 / train/loss/rew 0.52 / train/loss/value 1.04 / replay/replay_ratio 264 / fps/policy 7.44 / fps/train 1904.61

Writing metrics: /home/zhangpeiying01/lfy/btwm-7.7/runs/btwm_dmc_walker_walk_seed0_w002_b11_s0/scores.jsonl
Writing metrics: /home/zhangpeiying01/lfy/btwm-7.7/runs/btwm_dmc_walker_walk_seed0_w002_b11_s0/metrics.jsonl

--------------------[Agent Step 39_568]--------------------
Metrics filtered by: 'score|length|fps|ratio|train/loss/|train/acc/|train/inv/|train/rand/'
train/acc/inv 0.7 / train/inv/ce 0.87 / train/inv/confidence 0.5 / train/inv/confidence_gating 0 / train/inv/effective_rep_weight 0.02 / train/inv/head_objective 0.36 / train/inv/head_weight 0 / train/inv/objective 0.36 / train/inv/policy_weight_max 1 / train/inv/policy_weight_mean 1 / train/inv/policy_weight_min 1 / train/inv/policy_weight_std 0 / train/inv/valid_frac 1 / train/inv/weight 0.02 / train/loss/con 0.02 / train/loss/dyn 3.7 / train/loss/image 6.09 / train/loss/inv 7.3e-3 / train/loss/policy -0.05 / train/loss/rep 3.7 / train/loss/repval 1.04 / train/loss/rew 0.52 / train/loss/value 1.1 / replay/replay_ratio 264 / fps/policy 7.56 / fps/train 1934.8

Writing metrics: /home/zhangpeiying01/lfy/btwm-7.7/runs/btwm_dmc_walker_walk_seed0_w002_b11_s0/metrics.jsonl
Writing metrics: /home/zhangpeiying01/lfy/btwm-7.7/runs/btwm_dmc_walker_walk_seed0_w002_b11_s0/scores.jsonl

--------------------[Agent Step 40_448]--------------------
Metrics filtered by: 'score|length|fps|ratio|train/loss/|train/acc/|train/inv/|train/rand/'
train/acc/inv 0.7 / train/inv/ce 0.87 / train/inv/confidence 0.51 / train/inv/confidence_gating 0 / train/inv/effective_rep_weight 0.02 / train/inv/head_objective 0.36 / train/inv/head_weight 0 / train/inv/objective 0.36 / train/inv/policy_weight_max 1 / train/inv/policy_weight_mean 1 / train/inv/policy_weight_min 1 / train/inv/policy_weight_std 0 / train/inv/valid_frac 1 / train/inv/weight 0.02 / train/loss/con 0.02 / train/loss/dyn 3.68 / train/loss/image 5.98 / train/loss/inv 7.3e-3 / train/loss/policy -0.05 / train/loss/rep 3.68 / train/loss/repval 1.08 / train/loss/rew 0.52 / train/loss/value 1.16 / replay/replay_ratio 264 / fps/policy 7.24 / fps/train 1853.47

Writing metrics: /home/zhangpeiying01/lfy/btwm-7.7/runs/btwm_dmc_walker_walk_seed0_w002_b11_s0/metrics.jsonl
Writing metrics: /home/zhangpeiying01/lfy/btwm-7.7/runs/btwm_dmc_walker_walk_seed0_w002_b11_s0/scores.jsonl

--------------------[Agent Step 41_360]--------------------
Metrics filtered by: 'score|length|fps|ratio|train/loss/|train/acc/|train/inv/|train/rand/'
train/acc/inv 0.69 / train/inv/ce 0.88 / train/inv/confidence 0.5 / train/inv/confidence_gating 0 / train/inv/effective_rep_weight 0.02 / train/inv/head_objective 0.37 / train/inv/head_weight 0 / train/inv/objective 0.37 / train/inv/policy_weight_max 1 / train/inv/policy_weight_mean 1 / train/inv/policy_weight_min 1 / train/inv/policy_weight_std 0 / train/inv/valid_frac 1 / train/inv/weight 0.02 / train/loss/con 0.02 / train/loss/dyn 3.68 / train/loss/image 5.89 / train/loss/inv 7.4e-3 / train/loss/policy -0.04 / train/loss/rep 3.68 / train/loss/repval 1.1 / train/loss/rew 0.52 / train/loss/value 1.19 / replay/replay_ratio 264 / fps/policy 7.5 / fps/train 1920.21

Writing metrics: /home/zhangpeiying01/lfy/btwm-7.7/runs/btwm_dmc_walker_walk_seed0_w002_b11_s0/scores.jsonl
Writing metrics: /home/zhangpeiying01/lfy/btwm-7.7/runs/btwm_dmc_walker_walk_seed0_w002_b11_s0/metrics.jsonl

--------------------[Agent Step 42_272]--------------------
Metrics filtered by: 'score|length|fps|ratio|train/loss/|train/acc/|train/inv/|train/rand/'
train/acc/inv 0.7 / train/inv/ce 0.87 / train/inv/confidence 0.51 / train/inv/confidence_gating 0 / train/inv/effective_rep_weight 0.02 / train/inv/head_objective 0.36 / train/inv/head_weight 0 / train/inv/objective 0.36 / train/inv/policy_weight_max 1 / train/inv/policy_weight_mean 1 / train/inv/policy_weight_min 1 / train/inv/policy_weight_std 0 / train/inv/valid_frac 1 / train/inv/weight 0.02 / train/loss/con 0.02 / train/loss/dyn 3.65 / train/loss/image 5.81 / train/loss/inv 7.2e-3 / train/loss/policy -0.04 / train/loss/rep 3.65 / train/loss/repval 1.12 / train/loss/rew 0.52 / train/loss/value 1.21 / replay/replay_ratio 264 / fps/policy 7.51 / fps/train 1922.63

Writing metrics: /home/zhangpeiying01/lfy/btwm-7.7/runs/btwm_dmc_walker_walk_seed0_w002_b11_s0/metrics.jsonl
Writing metrics: /home/zhangpeiying01/lfy/btwm-7.7/runs/btwm_dmc_walker_walk_seed0_w002_b11_s0/scores.jsonl

--------------------[Agent Step 43_104]--------------------
Metrics filtered by: 'score|length|fps|ratio|train/loss/|train/acc/|train/inv/|train/rand/'
train/acc/inv 0.69 / train/inv/ce 0.9 / train/inv/confidence 0.49 / train/inv/confidence_gating 0 / train/inv/effective_rep_weight 0.02 / train/inv/head_objective 0.38 / train/inv/head_weight 0 / train/inv/objective 0.38 / train/inv/policy_weight_max 1 / train/inv/policy_weight_mean 1 / train/inv/policy_weight_min 1 / train/inv/policy_weight_std 0 / train/inv/valid_frac 1 / train/inv/weight 0.02 / train/loss/con 0.02 / train/loss/dyn 3.62 / train/loss/image 5.65 / train/loss/inv 7.5e-3 / train/loss/policy -0.04 / train/loss/rep 3.62 / train/loss/repval 1.14 / train/loss/rew 0.53 / train/loss/value 1.21 / replay/replay_ratio 264 / fps/policy 6.91 / fps/train 1768.83

Writing metrics: /home/zhangpeiying01/lfy/btwm-7.7/runs/btwm_dmc_walker_walk_seed0_w002_b11_s0/scores.jsonl
Writing metrics: /home/zhangpeiying01/lfy/btwm-7.7/runs/btwm_dmc_walker_walk_seed0_w002_b11_s0/metrics.jsonl

--------------------[Agent Step 43_936]--------------------
Metrics filtered by: 'score|length|fps|ratio|train/loss/|train/acc/|train/inv/|train/rand/'
train/acc/inv 0.69 / train/inv/ce 0.9 / train/inv/confidence 0.49 / train/inv/confidence_gating 0 / train/inv/effective_rep_weight 0.02 / train/inv/head_objective 0.38 / train/inv/head_weight 0 / train/inv/objective 0.38 / train/inv/policy_weight_max 1 / train/inv/policy_weight_mean 1 / train/inv/policy_weight_min 1 / train/inv/policy_weight_std 0 / train/inv/valid_frac 1 / train/inv/weight 0.02 / train/loss/con 0.02 / train/loss/dyn 3.63 / train/loss/image 5.56 / train/loss/inv 7.5e-3 / train/loss/policy -0.04 / train/loss/rep 3.63 / train/loss/repval 1.14 / train/loss/rew 0.53 / train/loss/value 1.2 / replay/replay_ratio 264 / fps/policy 6.85 / fps/train 1753.47

Writing metrics: /home/zhangpeiying01/lfy/btwm-7.7/runs/btwm_dmc_walker_walk_seed0_w002_b11_s0/metrics.jsonl
Writing metrics: /home/zhangpeiying01/lfy/btwm-7.7/runs/btwm_dmc_walker_walk_seed0_w002_b11_s0/scores.jsonl

--------------------[Agent Step 44_800]--------------------
Metrics filtered by: 'score|length|fps|ratio|train/loss/|train/acc/|train/inv/|train/rand/'
train/acc/inv 0.68 / train/inv/ce 0.91 / train/inv/confidence 0.49 / train/inv/confidence_gating 0 / train/inv/effective_rep_weight 0.02 / train/inv/head_objective 0.38 / train/inv/head_weight 0 / train/inv/objective 0.38 / train/inv/policy_weight_max 1 / train/inv/policy_weight_mean 1 / train/inv/policy_weight_min 1 / train/inv/policy_weight_std 0 / train/inv/valid_frac 1 / train/inv/weight 0.02 / train/loss/con 0.02 / train/loss/dyn 3.58 / train/loss/image 5.51 / train/loss/inv 7.6e-3 / train/loss/policy -0.04 / train/loss/rep 3.58 / train/loss/repval 1.13 / train/loss/rew 0.53 / train/loss/value 1.19 / replay/replay_ratio 264 / fps/policy 7.09 / fps/train 1815.47

Writing metrics: /home/zhangpeiying01/lfy/btwm-7.7/runs/btwm_dmc_walker_walk_seed0_w002_b11_s0/scores.jsonl
Writing metrics: /home/zhangpeiying01/lfy/btwm-7.7/runs/btwm_dmc_walker_walk_seed0_w002_b11_s0/metrics.jsonl

--------------------[Agent Step 45_664]--------------------
Metrics filtered by: 'score|length|fps|ratio|train/loss/|train/acc/|train/inv/|train/rand/'
train/acc/inv 0.68 / train/inv/ce 0.91 / train/inv/confidence 0.49 / train/inv/confidence_gating 0 / train/inv/effective_rep_weight 0.02 / train/inv/head_objective 0.38 / train/inv/head_weight 0 / train/inv/objective 0.38 / train/inv/policy_weight_max 1 / train/inv/policy_weight_mean 1 / train/inv/policy_weight_min 1 / train/inv/policy_weight_std 0 / train/inv/valid_frac 1 / train/inv/weight 0.02 / train/loss/con 0.02 / train/loss/dyn 3.56 / train/loss/image 5.44 / train/loss/inv 7.6e-3 / train/loss/policy -0.04 / train/loss/rep 3.56 / train/loss/repval 1.13 / train/loss/rew 0.53 / train/loss/value 1.17 / replay/replay_ratio 264 / fps/policy 7.09 / fps/train 1814.53

Writing metrics: /home/zhangpeiying01/lfy/btwm-7.7/runs/btwm_dmc_walker_walk_seed0_w002_b11_s0/metrics.jsonl
Writing metrics: /home/zhangpeiying01/lfy/btwm-7.7/runs/btwm_dmc_walker_walk_seed0_w002_b11_s0/scores.jsonl

--------------------[Agent Step 46_496]--------------------
Metrics filtered by: 'score|length|fps|ratio|train/loss/|train/acc/|train/inv/|train/rand/'
train/acc/inv 0.68 / train/inv/ce 0.93 / train/inv/confidence 0.48 / train/inv/confidence_gating 0 / train/inv/effective_rep_weight 0.02 / train/inv/head_objective 0.39 / train/inv/head_weight 0 / train/inv/objective 0.39 / train/inv/policy_weight_max 1 / train/inv/policy_weight_mean 1 / train/inv/policy_weight_min 1 / train/inv/policy_weight_std 0 / train/inv/valid_frac 1 / train/inv/weight 0.02 / train/loss/con 0.02 / train/loss/dyn 3.6 / train/loss/image 5.35 / train/loss/inv 7.7e-3 / train/loss/policy -0.04 / train/loss/rep 3.6 / train/loss/repval 1.12 / train/loss/rew 0.53 / train/loss/value 1.15 / replay/replay_ratio 264 / fps/policy 6.87 / fps/train 1759.31

Writing metrics: /home/zhangpeiying01/lfy/btwm-7.7/runs/btwm_dmc_walker_walk_seed0_w002_b11_s0/metrics.jsonl
Writing metrics: /home/zhangpeiying01/lfy/btwm-7.7/runs/btwm_dmc_walker_walk_seed0_w002_b11_s0/scores.jsonl

--------------------[Agent Step 47_328]--------------------
Metrics filtered by: 'score|length|fps|ratio|train/loss/|train/acc/|train/inv/|train/rand/'
train/acc/inv 0.68 / train/inv/ce 0.93 / train/inv/confidence 0.48 / train/inv/confidence_gating 0 / train/inv/effective_rep_weight 0.02 / train/inv/head_objective 0.39 / train/inv/head_weight 0 / train/inv/objective 0.39 / train/inv/policy_weight_max 1 / train/inv/policy_weight_mean 1 / train/inv/policy_weight_min 1 / train/inv/policy_weight_std 0 / train/inv/valid_frac 1 / train/inv/weight 0.02 / train/loss/con 0.02 / train/loss/dyn 3.54 / train/loss/image 5.25 / train/loss/inv 7.8e-3 / train/loss/policy -0.03 / train/loss/rep 3.54 / train/loss/repval 1.12 / train/loss/rew 0.54 / train/loss/value 1.13 / replay/replay_ratio 264 / fps/policy 6.86 / fps/train 1755.74

Writing metrics: /home/zhangpeiying01/lfy/btwm-7.7/runs/btwm_dmc_walker_walk_seed0_w002_b11_s0/scores.jsonl
Writing metrics: /home/zhangpeiying01/lfy/btwm-7.7/runs/btwm_dmc_walker_walk_seed0_w002_b11_s0/metrics.jsonl

--------------------[Agent Step 48_176]--------------------
Metrics filtered by: 'score|length|fps|ratio|train/loss/|train/acc/|train/inv/|train/rand/'
episode/score 773.15 / episode/length 1001 / train/acc/inv 0.68 / train/inv/ce 0.93 / train/inv/confidence 0.48 / train/inv/confidence_gating 0 / train/inv/effective_rep_weight 0.02 / train/inv/head_objective 0.39 / train/inv/head_weight 0 / train/inv/objective 0.39 / train/inv/policy_weight_max 1 / train/inv/policy_weight_mean 1 / train/inv/policy_weight_min 1 / train/inv/policy_weight_std 0 / train/inv/valid_frac 1 / train/inv/weight 0.02 / train/loss/con 0.02 / train/loss/dyn 3.54 / train/loss/image 5.27 / train/loss/inv 7.8e-3 / train/loss/policy -0.03 / train/loss/rep 3.54 / train/loss/repval 1.11 / train/loss/rew 0.53 / train/loss/value 1.1 / replay/replay_ratio 264 / fps/policy 6.99 / fps/train 1789.56

Writing metrics: /home/zhangpeiying01/lfy/btwm-7.7/runs/btwm_dmc_walker_walk_seed0_w002_b11_s0/scores.jsonl
Writing metrics: /home/zhangpeiying01/lfy/btwm-7.7/runs/btwm_dmc_walker_walk_seed0_w002_b11_s0/metrics.jsonl

--------------------[Agent Step 49_040]--------------------
Metrics filtered by: 'score|length|fps|ratio|train/loss/|train/acc/|train/inv/|train/rand/'
train/acc/inv 0.67 / train/inv/ce 0.96 / train/inv/confidence 0.47 / train/inv/confidence_gating 0 / train/inv/effective_rep_weight 0.02 / train/inv/head_objective 0.4 / train/inv/head_weight 0 / train/inv/objective 0.4 / train/inv/policy_weight_max 1 / train/inv/policy_weight_mean 1 / train/inv/policy_weight_min 1 / train/inv/policy_weight_std 0 / train/inv/valid_frac 1 / train/inv/weight 0.02 / train/loss/con 0.02 / train/loss/dyn 3.64 / train/loss/image 5.51 / train/loss/inv 8e-3 / train/loss/policy -0.03 / train/loss/rep 3.64 / train/loss/repval 1.11 / train/loss/rew 0.54 / train/loss/value 1.09 / replay/replay_ratio 264 / fps/policy 7.09 / fps/train 1814.08

Writing metrics: /home/zhangpeiying01/lfy/btwm-7.7/runs/btwm_dmc_walker_walk_seed0_w002_b11_s0/metrics.jsonl
Writing metrics: /home/zhangpeiying01/lfy/btwm-7.7/runs/btwm_dmc_walker_walk_seed0_w002_b11_s0/scores.jsonl

--------------------[Agent Step 49_888]--------------------
Metrics filtered by: 'score|length|fps|ratio|train/loss/|train/acc/|train/inv/|train/rand/'
train/acc/inv 0.66 / train/inv/ce 0.99 / train/inv/confidence 0.47 / train/inv/confidence_gating 0 / train/inv/effective_rep_weight 0.02 / train/inv/head_objective 0.41 / train/inv/head_weight 0 / train/inv/objective 0.41 / train/inv/policy_weight_max 1 / train/inv/policy_weight_mean 1 / train/inv/policy_weight_min 1 / train/inv/policy_weight_std 0 / train/inv/valid_frac 1 / train/inv/weight 0.02 / train/loss/con 0.02 / train/loss/dyn 3.64 / train/loss/image 5.52 / train/loss/inv 8.3e-3 / train/loss/policy -0.04 / train/loss/rep 3.64 / train/loss/repval 1.11 / train/loss/rew 0.54 / train/loss/value 1.09 / replay/replay_ratio 264 / fps/policy 7.03 / fps/train 1798.96

Writing metrics: /home/zhangpeiying01/lfy/btwm-7.7/runs/btwm_dmc_walker_walk_seed0_w002_b11_s0/metrics.jsonl
Writing metrics: /home/zhangpeiying01/lfy/btwm-7.7/runs/btwm_dmc_walker_walk_seed0_w002_b11_s0/scores.jsonl

--------------------[Agent Step 50_720]--------------------
Metrics filtered by: 'score|length|fps|ratio|train/loss/|train/acc/|train/inv/|train/rand/'
train/acc/inv 0.66 / train/inv/ce 0.99 / train/inv/confidence 0.46 / train/inv/confidence_gating 0 / train/inv/effective_rep_weight 0.02 / train/inv/head_objective 0.41 / train/inv/head_weight 0 / train/inv/objective 0.41 / train/inv/policy_weight_max 1 / train/inv/policy_weight_mean 1 / train/inv/policy_weight_min 1 / train/inv/policy_weight_std 0 / train/inv/valid_frac 1 / train/inv/weight 0.02 / train/loss/con 0.02 / train/loss/dyn 3.55 / train/loss/image 5.32 / train/loss/inv 8.3e-3 / train/loss/policy -0.03 / train/loss/rep 3.55 / train/loss/repval 1.12 / train/loss/rew 0.54 / train/loss/value 1.1 / replay/replay_ratio 264 / fps/policy 6.9 / fps/train 1767.01

Writing metrics: /home/zhangpeiying01/lfy/btwm-7.7/runs/btwm_dmc_walker_walk_seed0_w002_b11_s0/metrics.jsonl
Writing metrics: /home/zhangpeiying01/lfy/btwm-7.7/runs/btwm_dmc_walker_walk_seed0_w002_b11_s0/scores.jsonl
Saving checkpoint: /home/zhangpeiying01/lfy/btwm-7.7/runs/btwm_dmc_walker_walk_seed0_w002_b11_s0/ckpt/20260716T235405F024055
Saved checkpoint.

--------------------[Agent Step 51_536]--------------------
Metrics filtered by: 'score|length|fps|ratio|train/loss/|train/acc/|train/inv/|train/rand/'
train/acc/inv 0.66 / train/inv/ce 0.99 / train/inv/confidence 0.46 / train/inv/confidence_gating 0 / train/inv/effective_rep_weight 0.02 / train/inv/head_objective 0.41 / train/inv/head_weight 0 / train/inv/objective 0.41 / train/inv/policy_weight_max 1 / train/inv/policy_weight_mean 1 / train/inv/policy_weight_min 1 / train/inv/policy_weight_std 0 / train/inv/valid_frac 1 / train/inv/weight 0.02 / train/loss/con 0.02 / train/loss/dyn 3.51 / train/loss/image 5.2 / train/loss/inv 8.2e-3 / train/loss/policy -0.03 / train/loss/rep 3.51 / train/loss/repval 1.12 / train/loss/rew 0.54 / train/loss/value 1.1 / replay/replay_ratio 264 / fps/policy 6.72 / fps/train 1719.88

Writing metrics: /home/zhangpeiying01/lfy/btwm-7.7/runs/btwm_dmc_walker_walk_seed0_w002_b11_s0/metrics.jsonl
Writing metrics: /home/zhangpeiying01/lfy/btwm-7.7/runs/btwm_dmc_walker_walk_seed0_w002_b11_s0/scores.jsonl

--------------------[Agent Step 52_400]--------------------
Metrics filtered by: 'score|length|fps|ratio|train/loss/|train/acc/|train/inv/|train/rand/'
train/acc/inv 0.65 / train/inv/ce 1.01 / train/inv/confidence 0.45 / train/inv/confidence_gating 0 / train/inv/effective_rep_weight 0.02 / train/inv/head_objective 0.42 / train/inv/head_weight 0 / train/inv/objective 0.42 / train/inv/policy_weight_max 1 / train/inv/policy_weight_mean 1 / train/inv/policy_weight_min 1 / train/inv/policy_weight_std 0 / train/inv/valid_frac 1 / train/inv/weight 0.02 / train/loss/con 0.02 / train/loss/dyn 3.57 / train/loss/image 5.18 / train/loss/inv 8.4e-3 / train/loss/policy -0.02 / train/loss/rep 3.57 / train/loss/repval 1.12 / train/loss/rew 0.54 / train/loss/value 1.1 / replay/replay_ratio 264 / fps/policy 7.12 / fps/train 1822.17

Writing metrics: /home/zhangpeiying01/lfy/btwm-7.7/runs/btwm_dmc_walker_walk_seed0_w002_b11_s0/scores.jsonl
Writing metrics: /home/zhangpeiying01/lfy/btwm-7.7/runs/btwm_dmc_walker_walk_seed0_w002_b11_s0/metrics.jsonl

--------------------[Agent Step 53_280]--------------------
Metrics filtered by: 'score|length|fps|ratio|train/loss/|train/acc/|train/inv/|train/rand/'
train/acc/inv 0.66 / train/inv/ce 1 / train/inv/confidence 0.46 / train/inv/confidence_gating 0 / train/inv/effective_rep_weight 0.02 / train/inv/head_objective 0.42 / train/inv/head_weight 0 / train/inv/objective 0.42 / train/inv/policy_weight_max 1 / train/inv/policy_weight_mean 1 / train/inv/policy_weight_min 1 / train/inv/policy_weight_std 0 / train/inv/valid_frac 1 / train/inv/weight 0.02 / train/loss/con 0.02 / train/loss/dyn 3.49 / train/loss/image 5.1 / train/loss/inv 8.4e-3 / train/loss/policy -0.03 / train/loss/rep 3.49 / train/loss/repval 1.12 / train/loss/rew 0.54 / train/loss/value 1.1 / replay/replay_ratio 264 / fps/policy 7.2 / fps/train 1843.11

Writing metrics: /home/zhangpeiying01/lfy/btwm-7.7/runs/btwm_dmc_walker_walk_seed0_w002_b11_s0/metrics.jsonl
Writing metrics: /home/zhangpeiying01/lfy/btwm-7.7/runs/btwm_dmc_walker_walk_seed0_w002_b11_s0/scores.jsonl

--------------------[Agent Step 54_112]--------------------
Metrics filtered by: 'score|length|fps|ratio|train/loss/|train/acc/|train/inv/|train/rand/'
train/acc/inv 0.65 / train/inv/ce 1.01 / train/inv/confidence 0.45 / train/inv/confidence_gating 0 / train/inv/effective_rep_weight 0.02 / train/inv/head_objective 0.42 / train/inv/head_weight 0 / train/inv/objective 0.42 / train/inv/policy_weight_max 1 / train/inv/policy_weight_mean 1 / train/inv/policy_weight_min 1 / train/inv/policy_weight_std 0 / train/inv/valid_frac 1 / train/inv/weight 0.02 / train/loss/con 0.02 / train/loss/dyn 3.5 / train/loss/image 5.04 / train/loss/inv 8.4e-3 / train/loss/policy -0.03 / train/loss/rep 3.5 / train/loss/repval 1.12 / train/loss/rew 0.54 / train/loss/value 1.1 / replay/replay_ratio 264 / fps/policy 6.87 / fps/train 1759.49

Writing metrics: /home/zhangpeiying01/lfy/btwm-7.7/runs/btwm_dmc_walker_walk_seed0_w002_b11_s0/metrics.jsonl
Writing metrics: /home/zhangpeiying01/lfy/btwm-7.7/runs/btwm_dmc_walker_walk_seed0_w002_b11_s0/scores.jsonl

--------------------[Agent Step 54_944]--------------------
Metrics filtered by: 'score|length|fps|ratio|train/loss/|train/acc/|train/inv/|train/rand/'
train/acc/inv 0.66 / train/inv/ce 1.01 / train/inv/confidence 0.46 / train/inv/confidence_gating 0 / train/inv/effective_rep_weight 0.02 / train/inv/head_objective 0.42 / train/inv/head_weight 0 / train/inv/objective 0.42 / train/inv/policy_weight_max 1 / train/inv/policy_weight_mean 1 / train/inv/policy_weight_min 1 / train/inv/policy_weight_std 0 / train/inv/valid_frac 1 / train/inv/weight 0.02 / train/loss/con 0.02 / train/loss/dyn 3.51 / train/loss/image 5 / train/loss/inv 8.4e-3 / train/loss/policy -0.03 / train/loss/rep 3.51 / train/loss/repval 1.11 / train/loss/rew 0.54 / train/loss/value 1.09 / replay/replay_ratio 264 / fps/policy 6.9 / fps/train 1766.77

Writing metrics: /home/zhangpeiying01/lfy/btwm-7.7/runs/btwm_dmc_walker_walk_seed0_w002_b11_s0/metrics.jsonl
Writing metrics: /home/zhangpeiying01/lfy/btwm-7.7/runs/btwm_dmc_walker_walk_seed0_w002_b11_s0/scores.jsonl

--------------------[Agent Step 55_792]--------------------
Metrics filtered by: 'score|length|fps|ratio|train/loss/|train/acc/|train/inv/|train/rand/'
train/acc/inv 0.65 / train/inv/ce 1.03 / train/inv/confidence 0.45 / train/inv/confidence_gating 0 / train/inv/effective_rep_weight 0.02 / train/inv/head_objective 0.43 / train/inv/head_weight 0 / train/inv/objective 0.43 / train/inv/policy_weight_max 1 / train/inv/policy_weight_mean 1 / train/inv/policy_weight_min 1 / train/inv/policy_weight_std 0 / train/inv/valid_frac 1 / train/inv/weight 0.02 / train/loss/con 0.02 / train/loss/dyn 3.47 / train/loss/image 4.93 / train/loss/inv 8.6e-3 / train/loss/policy -0.03 / train/loss/rep 3.47 / train/loss/repval 1.12 / train/loss/rew 0.54 / train/loss/value 1.08 / replay/replay_ratio 264 / fps/policy 6.98 / fps/train 1785.64

Writing metrics: /home/zhangpeiying01/lfy/btwm-7.7/runs/btwm_dmc_walker_walk_seed0_w002_b11_s0/metrics.jsonl
Writing metrics: /home/zhangpeiying01/lfy/btwm-7.7/runs/btwm_dmc_walker_walk_seed0_w002_b11_s0/scores.jsonl

--------------------[Agent Step 56_672]--------------------
Metrics filtered by: 'score|length|fps|ratio|train/loss/|train/acc/|train/inv/|train/rand/'
train/acc/inv 0.65 / train/inv/ce 1.04 / train/inv/confidence 0.44 / train/inv/confidence_gating 0 / train/inv/effective_rep_weight 0.02 / train/inv/head_objective 0.43 / train/inv/head_weight 0 / train/inv/objective 0.43 / train/inv/policy_weight_max 1 / train/inv/policy_weight_mean 1 / train/inv/policy_weight_min 1 / train/inv/policy_weight_std 0 / train/inv/valid_frac 1 / train/inv/weight 0.02 / train/loss/con 0.02 / train/loss/dyn 3.49 / train/loss/image 4.94 / train/loss/inv 8.7e-3 / train/loss/policy -0.02 / train/loss/rep 3.49 / train/loss/repval 1.11 / train/loss/rew 0.54 / train/loss/value 1.08 / replay/replay_ratio 264 / fps/policy 7.18 / fps/train 1837.71

Writing metrics: /home/zhangpeiying01/lfy/btwm-7.7/runs/btwm_dmc_walker_walk_seed0_w002_b11_s0/metrics.jsonl
Writing metrics: /home/zhangpeiying01/lfy/btwm-7.7/runs/btwm_dmc_walker_walk_seed0_w002_b11_s0/scores.jsonl

--------------------[Agent Step 57_520]--------------------
Metrics filtered by: 'score|length|fps|ratio|train/loss/|train/acc/|train/inv/|train/rand/'
train/acc/inv 0.65 / train/inv/ce 1.02 / train/inv/confidence 0.45 / train/inv/confidence_gating 0 / train/inv/effective_rep_weight 0.02 / train/inv/head_objective 0.42 / train/inv/head_weight 0 / train/inv/objective 0.42 / train/inv/policy_weight_max 1 / train/inv/policy_weight_mean 1 / train/inv/policy_weight_min 1 / train/inv/policy_weight_std 0 / train/inv/valid_frac 1 / train/inv/weight 0.02 / train/loss/con 0.02 / train/loss/dyn 3.38 / train/loss/image 4.82 / train/loss/inv 8.5e-3 / train/loss/policy -0.03 / train/loss/rep 3.38 / train/loss/repval 1.12 / train/loss/rew 0.54 / train/loss/value 1.07 / replay/replay_ratio 264 / fps/policy 6.99 / fps/train 1788.79

Writing metrics: /home/zhangpeiying01/lfy/btwm-7.7/runs/btwm_dmc_walker_walk_seed0_w002_b11_s0/metrics.jsonl
Writing metrics: /home/zhangpeiying01/lfy/btwm-7.7/runs/btwm_dmc_walker_walk_seed0_w002_b11_s0/scores.jsonl

--------------------[Agent Step 58_352]--------------------
Metrics filtered by: 'score|length|fps|ratio|train/loss/|train/acc/|train/inv/|train/rand/'
train/acc/inv 0.65 / train/inv/ce 1.05 / train/inv/confidence 0.44 / train/inv/confidence_gating 0 / train/inv/effective_rep_weight 0.02 / train/inv/head_objective 0.44 / train/inv/head_weight 0 / train/inv/objective 0.44 / train/inv/policy_weight_max 1 / train/inv/policy_weight_mean 1 / train/inv/policy_weight_min 1 / train/inv/policy_weight_std 0 / train/inv/valid_frac 1 / train/inv/weight 0.02 / train/loss/con 0.02 / train/loss/dyn 3.48 / train/loss/image 4.85 / train/loss/inv 8.7e-3 / train/loss/policy -0.02 / train/loss/rep 3.48 / train/loss/repval 1.11 / train/loss/rew 0.55 / train/loss/value 1.07 / replay/replay_ratio 264 / fps/policy 6.92 / fps/train 1771.3

Writing metrics: /home/zhangpeiying01/lfy/btwm-7.7/runs/btwm_dmc_walker_walk_seed0_w002_b11_s0/metrics.jsonl
Writing metrics: /home/zhangpeiying01/lfy/btwm-7.7/runs/btwm_dmc_walker_walk_seed0_w002_b11_s0/scores.jsonl

--------------------[Agent Step 59_184]--------------------
Metrics filtered by: 'score|length|fps|ratio|train/loss/|train/acc/|train/inv/|train/rand/'
train/acc/inv 0.64 / train/inv/ce 1.06 / train/inv/confidence 0.44 / train/inv/confidence_gating 0 / train/inv/effective_rep_weight 0.02 / train/inv/head_objective 0.44 / train/inv/head_weight 0 / train/inv/objective 0.44 / train/inv/policy_weight_max 1 / train/inv/policy_weight_mean 1 / train/inv/policy_weight_min 1 / train/inv/policy_weight_std 0 / train/inv/valid_frac 1 / train/inv/weight 0.02 / train/loss/con 0.02 / train/loss/dyn 3.44 / train/loss/image 4.78 / train/loss/inv 8.8e-3 / train/loss/policy -0.02 / train/loss/rep 3.44 / train/loss/repval 1.1 / train/loss/rew 0.55 / train/loss/value 1.06 / replay/replay_ratio 264 / fps/policy 6.89 / fps/train 1763.66

Writing metrics: /home/zhangpeiying01/lfy/btwm-7.7/runs/btwm_dmc_walker_walk_seed0_w002_b11_s0/metrics.jsonl
Writing metrics: /home/zhangpeiying01/lfy/btwm-7.7/runs/btwm_dmc_walker_walk_seed0_w002_b11_s0/scores.jsonl

--------------------[Agent Step 60_048]--------------------
Metrics filtered by: 'score|length|fps|ratio|train/loss/|train/acc/|train/inv/|train/rand/'
train/acc/inv 0.64 / train/inv/ce 1.07 / train/inv/confidence 0.43 / train/inv/confidence_gating 0 / train/inv/effective_rep_weight 0.02 / train/inv/head_objective 0.45 / train/inv/head_weight 0 / train/inv/objective 0.45 / train/inv/policy_weight_max 1 / train/inv/policy_weight_mean 1 / train/inv/policy_weight_min 1 / train/inv/policy_weight_std 0 / train/inv/valid_frac 1 / train/inv/weight 0.02 / train/loss/con 0.02 / train/loss/dyn 3.41 / train/loss/image 4.75 / train/loss/inv 8.9e-3 / train/loss/policy -0.02 / train/loss/rep 3.41 / train/loss/repval 1.11 / train/loss/rew 0.55 / train/loss/value 1.06 / replay/replay_ratio 264 / fps/policy 7.11 / fps/train 1820.44

Writing metrics: /home/zhangpeiying01/lfy/btwm-7.7/runs/btwm_dmc_walker_walk_seed0_w002_b11_s0/metrics.jsonl
Writing metrics: /home/zhangpeiying01/lfy/btwm-7.7/runs/btwm_dmc_walker_walk_seed0_w002_b11_s0/scores.jsonl

--------------------[Agent Step 60_912]--------------------
Metrics filtered by: 'score|length|fps|ratio|train/loss/|train/acc/|train/inv/|train/rand/'
train/acc/inv 0.64 / train/inv/ce 1.06 / train/inv/confidence 0.44 / train/inv/confidence_gating 0 / train/inv/effective_rep_weight 0.02 / train/inv/head_objective 0.44 / train/inv/head_weight 0 / train/inv/objective 0.44 / train/inv/policy_weight_max 1 / train/inv/policy_weight_mean 1 / train/inv/policy_weight_min 1 / train/inv/policy_weight_std 0 / train/inv/valid_frac 1 / train/inv/weight 0.02 / train/loss/con 0.02 / train/loss/dyn 3.44 / train/loss/image 4.73 / train/loss/inv 8.8e-3 / train/loss/policy -0.02 / train/loss/rep 3.44 / train/loss/repval 1.1 / train/loss/rew 0.55 / train/loss/value 1.05 / replay/replay_ratio 264 / fps/policy 7.12 / fps/train 1821.63

Writing metrics: /home/zhangpeiying01/lfy/btwm-7.7/runs/btwm_dmc_walker_walk_seed0_w002_b11_s0/scores.jsonl
Writing metrics: /home/zhangpeiying01/lfy/btwm-7.7/runs/btwm_dmc_walker_walk_seed0_w002_b11_s0/metrics.jsonl

--------------------[Agent Step 61_744]--------------------
Metrics filtered by: 'score|length|fps|ratio|train/loss/|train/acc/|train/inv/|train/rand/'
train/acc/inv 0.64 / train/inv/ce 1.07 / train/inv/confidence 0.44 / train/inv/confidence_gating 0 / train/inv/effective_rep_weight 0.02 / train/inv/head_objective 0.45 / train/inv/head_weight 0 / train/inv/objective 0.45 / train/inv/policy_weight_max 1 / train/inv/policy_weight_mean 1 / train/inv/policy_weight_min 1 / train/inv/policy_weight_std 0 / train/inv/valid_frac 1 / train/inv/weight 0.02 / train/loss/con 0.02 / train/loss/dyn 3.44 / train/loss/image 4.82 / train/loss/inv 8.9e-3 / train/loss/policy -0.03 / train/loss/rep 3.44 / train/loss/repval 1.1 / train/loss/rew 0.55 / train/loss/value 1.05 / replay/replay_ratio 264 / fps/policy 6.91 / fps/train 1769.08

Writing metrics: /home/zhangpeiying01/lfy/btwm-7.7/runs/btwm_dmc_walker_walk_seed0_w002_b11_s0/metrics.jsonl
Writing metrics: /home/zhangpeiying01/lfy/btwm-7.7/runs/btwm_dmc_walker_walk_seed0_w002_b11_s0/scores.jsonl

--------------------[Agent Step 62_576]--------------------
Metrics filtered by: 'score|length|fps|ratio|train/loss/|train/acc/|train/inv/|train/rand/'
train/acc/inv 0.63 / train/inv/ce 1.1 / train/inv/confidence 0.42 / train/inv/confidence_gating 0 / train/inv/effective_rep_weight 0.02 / train/inv/head_objective 0.46 / train/inv/head_weight 0 / train/inv/objective 0.46 / train/inv/policy_weight_max 1 / train/inv/policy_weight_mean 1 / train/inv/policy_weight_min 1 / train/inv/policy_weight_std 0 / train/inv/valid_frac 1 / train/inv/weight 0.02 / train/loss/con 0.02 / train/loss/dyn 3.49 / train/loss/image 4.78 / train/loss/inv 9.2e-3 / train/loss/policy -0.02 / train/loss/rep 3.49 / train/loss/repval 1.1 / train/loss/rew 0.55 / train/loss/value 1.06 / replay/replay_ratio 264 / fps/policy 6.86 / fps/train 1756.8

Writing metrics: /home/zhangpeiying01/lfy/btwm-7.7/runs/btwm_dmc_walker_walk_seed0_w002_b11_s0/metrics.jsonl
Writing metrics: /home/zhangpeiying01/lfy/btwm-7.7/runs/btwm_dmc_walker_walk_seed0_w002_b11_s0/scores.jsonl

--------------------[Agent Step 63_424]--------------------
Metrics filtered by: 'score|length|fps|ratio|train/loss/|train/acc/|train/inv/|train/rand/'
train/acc/inv 0.63 / train/inv/ce 1.1 / train/inv/confidence 0.42 / train/inv/confidence_gating 0 / train/inv/effective_rep_weight 0.02 / train/inv/head_objective 0.46 / train/inv/head_weight 0 / train/inv/objective 0.46 / train/inv/policy_weight_max 1 / train/inv/policy_weight_mean 1 / train/inv/policy_weight_min 1 / train/inv/policy_weight_std 0 / train/inv/valid_frac 1 / train/inv/weight 0.02 / train/loss/con 0.02 / train/loss/dyn 3.42 / train/loss/image 4.79 / train/loss/inv 9.2e-3 / train/loss/policy -0.03 / train/loss/rep 3.42 / train/loss/repval 1.1 / train/loss/rew 0.55 / train/loss/value 1.06 / replay/replay_ratio 264 / fps/policy 6.98 / fps/train 1787.83

Writing metrics: /home/zhangpeiying01/lfy/btwm-7.7/runs/btwm_dmc_walker_walk_seed0_w002_b11_s0/scores.jsonl
Writing metrics: /home/zhangpeiying01/lfy/btwm-7.7/runs/btwm_dmc_walker_walk_seed0_w002_b11_s0/metrics.jsonl

--------------------[Agent Step 64_288]--------------------
Metrics filtered by: 'score|length|fps|ratio|train/loss/|train/acc/|train/inv/|train/rand/'
episode/score 825.99 / episode/length 1001 / train/acc/inv 0.64 / train/inv/ce 1.09 / train/inv/confidence 0.43 / train/inv/confidence_gating 0 / train/inv/effective_rep_weight 0.02 / train/inv/head_objective 0.45 / train/inv/head_weight 0 / train/inv/objective 0.45 / train/inv/policy_weight_max 1 / train/inv/policy_weight_mean 1 / train/inv/policy_weight_min 1 / train/inv/policy_weight_std 0 / train/inv/valid_frac 1 / train/inv/weight 0.02 / train/loss/con 0.02 / train/loss/dyn 3.37 / train/loss/image 4.68 / train/loss/inv 9.1e-3 / train/loss/policy -0.03 / train/loss/rep 3.37 / train/loss/repval 1.09 / train/loss/rew 0.55 / train/loss/value 1.05 / replay/replay_ratio 264 / fps/policy 7.19 / fps/train 1839.46

Writing metrics: /home/zhangpeiying01/lfy/btwm-7.7/runs/btwm_dmc_walker_walk_seed0_w002_b11_s0/metrics.jsonl
Writing metrics: /home/zhangpeiying01/lfy/btwm-7.7/runs/btwm_dmc_walker_walk_seed0_w002_b11_s0/scores.jsonl

--------------------[Agent Step 65_136]--------------------
Metrics filtered by: 'score|length|fps|ratio|train/loss/|train/acc/|train/inv/|train/rand/'
train/acc/inv 0.63 / train/inv/ce 1.12 / train/inv/confidence 0.42 / train/inv/confidence_gating 0 / train/inv/effective_rep_weight 0.02 / train/inv/head_objective 0.47 / train/inv/head_weight 0 / train/inv/objective 0.47 / train/inv/policy_weight_max 1 / train/inv/policy_weight_mean 1 / train/inv/policy_weight_min 1 / train/inv/policy_weight_std 0 / train/inv/valid_frac 1 / train/inv/weight 0.02 / train/loss/con 0.02 / train/loss/dyn 3.59 / train/loss/image 4.99 / train/loss/inv 9.3e-3 / train/loss/policy -0.02 / train/loss/rep 3.59 / train/loss/repval 1.09 / train/loss/rew 0.55 / train/loss/value 1.04 / replay/replay_ratio 264 / fps/policy 6.94 / fps/train 1775.43

Writing metrics: /home/zhangpeiying01/lfy/btwm-7.7/runs/btwm_dmc_walker_walk_seed0_w002_b11_s0/scores.jsonl
Writing metrics: /home/zhangpeiying01/lfy/btwm-7.7/runs/btwm_dmc_walker_walk_seed0_w002_b11_s0/metrics.jsonl

--------------------[Agent Step 65_968]--------------------
Metrics filtered by: 'score|length|fps|ratio|train/loss/|train/acc/|train/inv/|train/rand/'
train/acc/inv 0.62 / train/inv/ce 1.13 / train/inv/confidence 0.41 / train/inv/confidence_gating 0 / train/inv/effective_rep_weight 0.02 / train/inv/head_objective 0.47 / train/inv/head_weight 0 / train/inv/objective 0.47 / train/inv/policy_weight_max 1 / train/inv/policy_weight_mean 1 / train/inv/policy_weight_min 1 / train/inv/policy_weight_std 0 / train/inv/valid_frac 1 / train/inv/weight 0.02 / train/loss/con 0.02 / train/loss/dyn 3.4 / train/loss/image 4.82 / train/loss/inv 9.4e-3 / train/loss/policy -0.02 / train/loss/rep 3.4 / train/loss/repval 1.07 / train/loss/rew 0.55 / train/loss/value 1.02 / replay/replay_ratio 264 / fps/policy 6.9 / fps/train 1766.08

Writing metrics: /home/zhangpeiying01/lfy/btwm-7.7/runs/btwm_dmc_walker_walk_seed0_w002_b11_s0/metrics.jsonl
Writing metrics: /home/zhangpeiying01/lfy/btwm-7.7/runs/btwm_dmc_walker_walk_seed0_w002_b11_s0/scores.jsonl

--------------------[Agent Step 66_800]--------------------
Metrics filtered by: 'score|length|fps|ratio|train/loss/|train/acc/|train/inv/|train/rand/'
train/acc/inv 0.62 / train/inv/ce 1.14 / train/inv/confidence 0.41 / train/inv/confidence_gating 0 / train/inv/effective_rep_weight 0.02 / train/inv/head_objective 0.47 / train/inv/head_weight 0 / train/inv/objective 0.47 / train/inv/policy_weight_max 1 / train/inv/policy_weight_mean 1 / train/inv/policy_weight_min 1 / train/inv/policy_weight_std 0 / train/inv/valid_frac 1 / train/inv/weight 0.02 / train/loss/con 0.02 / train/loss/dyn 3.41 / train/loss/image 4.77 / train/loss/inv 9.5e-3 / train/loss/policy -0.02 / train/loss/rep 3.41 / train/loss/repval 1.08 / train/loss/rew 0.55 / train/loss/value 1.02 / replay/replay_ratio 264 / fps/policy 6.89 / fps/train 1764.27

Writing metrics: /home/zhangpeiying01/lfy/btwm-7.7/runs/btwm_dmc_walker_walk_seed0_w002_b11_s0/scores.jsonl
Writing metrics: /home/zhangpeiying01/lfy/btwm-7.7/runs/btwm_dmc_walker_walk_seed0_w002_b11_s0/metrics.jsonl

--------------------[Agent Step 67_680]--------------------
Metrics filtered by: 'score|length|fps|ratio|train/loss/|train/acc/|train/inv/|train/rand/'
train/acc/inv 0.62 / train/inv/ce 1.15 / train/inv/confidence 0.41 / train/inv/confidence_gating 0 / train/inv/effective_rep_weight 0.02 / train/inv/head_objective 0.48 / train/inv/head_weight 0 / train/inv/objective 0.48 / train/inv/policy_weight_max 1 / train/inv/policy_weight_mean 1 / train/inv/policy_weight_min 1 / train/inv/policy_weight_std 0 / train/inv/valid_frac 1 / train/inv/weight 0.02 / train/loss/con 0.02 / train/loss/dyn 3.44 / train/loss/image 4.77 / train/loss/inv 9.6e-3 / train/loss/policy -0.02 / train/loss/rep 3.44 / train/loss/repval 1.07 / train/loss/rew 0.55 / train/loss/value 1.01 / replay/replay_ratio 264 / fps/policy 7.21 / fps/train 1846.4

Writing metrics: /home/zhangpeiying01/lfy/btwm-7.7/runs/btwm_dmc_walker_walk_seed0_w002_b11_s0/metrics.jsonl
Writing metrics: /home/zhangpeiying01/lfy/btwm-7.7/runs/btwm_dmc_walker_walk_seed0_w002_b11_s0/scores.jsonl

--------------------[Agent Step 68_544]--------------------
Metrics filtered by: 'score|length|fps|ratio|train/loss/|train/acc/|train/inv/|train/rand/'
train/acc/inv 0.62 / train/inv/ce 1.13 / train/inv/confidence 0.41 / train/inv/confidence_gating 0 / train/inv/effective_rep_weight 0.02 / train/inv/head_objective 0.47 / train/inv/head_weight 0 / train/inv/objective 0.47 / train/inv/policy_weight_max 1 / train/inv/policy_weight_mean 1 / train/inv/policy_weight_min 1 / train/inv/policy_weight_std 0 / train/inv/valid_frac 1 / train/inv/weight 0.02 / train/loss/con 0.02 / train/loss/dyn 3.33 / train/loss/image 4.68 / train/loss/inv 9.4e-3 / train/loss/policy -0.02 / train/loss/rep 3.33 / train/loss/repval 1.06 / train/loss/rew 0.55 / train/loss/value 1 / replay/replay_ratio 264 / fps/policy 7.06 / fps/train 1807.52

Writing metrics: /home/zhangpeiying01/lfy/btwm-7.7/runs/btwm_dmc_walker_walk_seed0_w002_b11_s0/metrics.jsonl
Writing metrics: /home/zhangpeiying01/lfy/btwm-7.7/runs/btwm_dmc_walker_walk_seed0_w002_b11_s0/scores.jsonl

--------------------[Agent Step 69_376]--------------------
Metrics filtered by: 'score|length|fps|ratio|train/loss/|train/acc/|train/inv/|train/rand/'
train/acc/inv 0.62 / train/inv/ce 1.14 / train/inv/confidence 0.41 / train/inv/confidence_gating 0 / train/inv/effective_rep_weight 0.02 / train/inv/head_objective 0.48 / train/inv/head_weight 0 / train/inv/objective 0.48 / train/inv/policy_weight_max 1 / train/inv/policy_weight_mean 1 / train/inv/policy_weight_min 1 / train/inv/policy_weight_std 0 / train/inv/valid_frac 1 / train/inv/weight 0.02 / train/loss/con 0.02 / train/loss/dyn 3.43 / train/loss/image 4.74 / train/loss/inv 9.5e-3 / train/loss/policy -0.02 / train/loss/rep 3.43 / train/loss/repval 1.06 / train/loss/rew 0.55 / train/loss/value 1 / replay/replay_ratio 264 / fps/policy 6.91 / fps/train 1768.42

Writing metrics: /home/zhangpeiying01/lfy/btwm-7.7/runs/btwm_dmc_walker_walk_seed0_w002_b11_s0/scores.jsonl
Writing metrics: /home/zhangpeiying01/lfy/btwm-7.7/runs/btwm_dmc_walker_walk_seed0_w002_b11_s0/metrics.jsonl

--------------------[Agent Step 70_208]--------------------
Metrics filtered by: 'score|length|fps|ratio|train/loss/|train/acc/|train/inv/|train/rand/'
train/acc/inv 0.62 / train/inv/ce 1.13 / train/inv/confidence 0.41 / train/inv/confidence_gating 0 / train/inv/effective_rep_weight 0.02 / train/inv/head_objective 0.47 / train/inv/head_weight 0 / train/inv/objective 0.47 / train/inv/policy_weight_max 1 / train/inv/policy_weight_mean 1 / train/inv/policy_weight_min 1 / train/inv/policy_weight_std 0 / train/inv/valid_frac 1 / train/inv/weight 0.02 / train/loss/con 0.02 / train/loss/dyn 3.33 / train/loss/image 4.59 / train/loss/inv 9.5e-3 / train/loss/policy -0.02 / train/loss/rep 3.33 / train/loss/repval 1.07 / train/loss/rew 0.56 / train/loss/value 1.01 / replay/replay_ratio 264 / fps/policy 6.88 / fps/train 1760.96

Writing metrics: /home/zhangpeiying01/lfy/btwm-7.7/runs/btwm_dmc_walker_walk_seed0_w002_b11_s0/metrics.jsonl
Writing metrics: /home/zhangpeiying01/lfy/btwm-7.7/runs/btwm_dmc_walker_walk_seed0_w002_b11_s0/scores.jsonl

--------------------[Agent Step 71_072]--------------------
Metrics filtered by: 'score|length|fps|ratio|train/loss/|train/acc/|train/inv/|train/rand/'
train/acc/inv 0.62 / train/inv/ce 1.14 / train/inv/confidence 0.41 / train/inv/confidence_gating 0 / train/inv/effective_rep_weight 0.02 / train/inv/head_objective 0.48 / train/inv/head_weight 0 / train/inv/objective 0.48 / train/inv/policy_weight_max 1 / train/inv/policy_weight_mean 1 / train/inv/policy_weight_min 1 / train/inv/policy_weight_std 0 / train/inv/valid_frac 1 / train/inv/weight 0.02 / train/loss/con 0.02 / train/loss/dyn 3.34 / train/loss/image 4.53 / train/loss/inv 9.5e-3 / train/loss/policy -0.02 / train/loss/rep 3.34 / train/loss/repval 1.06 / train/loss/rew 0.55 / train/loss/value 1 / replay/replay_ratio 264 / fps/policy 7.17 / fps/train 1836.46

Writing metrics: /home/zhangpeiying01/lfy/btwm-7.7/runs/btwm_dmc_walker_walk_seed0_w002_b11_s0/metrics.jsonl
Writing metrics: /home/zhangpeiying01/lfy/btwm-7.7/runs/btwm_dmc_walker_walk_seed0_w002_b11_s0/scores.jsonl

--------------------[Agent Step 71_952]--------------------
Metrics filtered by: 'score|length|fps|ratio|train/loss/|train/acc/|train/inv/|train/rand/'
train/acc/inv 0.62 / train/inv/ce 1.13 / train/inv/confidence 0.41 / train/inv/confidence_gating 0 / train/inv/effective_rep_weight 0.02 / train/inv/head_objective 0.47 / train/inv/head_weight 0 / train/inv/objective 0.47 / train/inv/policy_weight_max 1 / train/inv/policy_weight_mean 1 / train/inv/policy_weight_min 1 / train/inv/policy_weight_std 0 / train/inv/valid_frac 1 / train/inv/weight 0.02 / train/loss/con 0.02 / train/loss/dyn 3.34 / train/loss/image 4.5 / train/loss/inv 9.5e-3 / train/loss/policy -0.02 / train/loss/rep 3.34 / train/loss/repval 1.06 / train/loss/rew 0.55 / train/loss/value 0.99 / replay/replay_ratio 264 / fps/policy 7.22 / fps/train 1847.55

Writing metrics: /home/zhangpeiying01/lfy/btwm-7.7/runs/btwm_dmc_walker_walk_seed0_w002_b11_s0/metrics.jsonl
Writing metrics: /home/zhangpeiying01/lfy/btwm-7.7/runs/btwm_dmc_walker_walk_seed0_w002_b11_s0/scores.jsonl

--------------------[Agent Step 72_800]--------------------
Metrics filtered by: 'score|length|fps|ratio|train/loss/|train/acc/|train/inv/|train/rand/'
train/acc/inv 0.62 / train/inv/ce 1.14 / train/inv/confidence 0.4 / train/inv/confidence_gating 0 / train/inv/effective_rep_weight 0.02 / train/inv/head_objective 0.48 / train/inv/head_weight 0 / train/inv/objective 0.48 / train/inv/policy_weight_max 1 / train/inv/policy_weight_mean 1 / train/inv/policy_weight_min 1 / train/inv/policy_weight_std 0 / train/inv/valid_frac 1 / train/inv/weight 0.02 / train/loss/con 0.02 / train/loss/dyn 3.29 / train/loss/image 4.43 / train/loss/inv 9.5e-3 / train/loss/policy -0.02 / train/loss/rep 3.29 / train/loss/repval 1.06 / train/loss/rew 0.56 / train/loss/value 1 / replay/replay_ratio 264 / fps/policy 6.97 / fps/train 1784.4

Writing metrics: /home/zhangpeiying01/lfy/btwm-7.7/runs/btwm_dmc_walker_walk_seed0_w002_b11_s0/metrics.jsonl
Writing metrics: /home/zhangpeiying01/lfy/btwm-7.7/runs/btwm_dmc_walker_walk_seed0_w002_b11_s0/scores.jsonl

--------------------[Agent Step 73_632]--------------------
Metrics filtered by: 'score|length|fps|ratio|train/loss/|train/acc/|train/inv/|train/rand/'
train/acc/inv 0.62 / train/inv/ce 1.14 / train/inv/confidence 0.4 / train/inv/confidence_gating 0 / train/inv/effective_rep_weight 0.02 / train/inv/head_objective 0.48 / train/inv/head_weight 0 / train/inv/objective 0.48 / train/inv/policy_weight_max 1 / train/inv/policy_weight_mean 1 / train/inv/policy_weight_min 1 / train/inv/policy_weight_std 0 / train/inv/valid_frac 1 / train/inv/weight 0.02 / train/loss/con 0.02 / train/loss/dyn 3.35 / train/loss/image 4.4 / train/loss/inv 9.5e-3 / train/loss/policy -0.02 / train/loss/rep 3.35 / train/loss/repval 1.05 / train/loss/rew 0.56 / train/loss/value 0.99 / replay/replay_ratio 264 / fps/policy 6.89 / fps/train 1764.46

Writing metrics: /home/zhangpeiying01/lfy/btwm-7.7/runs/btwm_dmc_walker_walk_seed0_w002_b11_s0/metrics.jsonl
Writing metrics: /home/zhangpeiying01/lfy/btwm-7.7/runs/btwm_dmc_walker_walk_seed0_w002_b11_s0/scores.jsonl

--------------------[Agent Step 74_480]--------------------
Metrics filtered by: 'score|length|fps|ratio|train/loss/|train/acc/|train/inv/|train/rand/'
train/acc/inv 0.62 / train/inv/ce 1.15 / train/inv/confidence 0.4 / train/inv/confidence_gating 0 / train/inv/effective_rep_weight 0.02 / train/inv/head_objective 0.48 / train/inv/head_weight 0 / train/inv/objective 0.48 / train/inv/policy_weight_max 1 / train/inv/policy_weight_mean 1 / train/inv/policy_weight_min 1 / train/inv/policy_weight_std 0 / train/inv/valid_frac 1 / train/inv/weight 0.02 / train/loss/con 0.02 / train/loss/dyn 3.3 / train/loss/image 4.36 / train/loss/inv 9.6e-3 / train/loss/policy -0.01 / train/loss/rep 3.3 / train/loss/repval 1.06 / train/loss/rew 0.56 / train/loss/value 1 / replay/replay_ratio 264 / fps/policy 7.04 / fps/train 1801.71

Writing metrics: /home/zhangpeiying01/lfy/btwm-7.7/runs/btwm_dmc_walker_walk_seed0_w002_b11_s0/metrics.jsonl
Writing metrics: /home/zhangpeiying01/lfy/btwm-7.7/runs/btwm_dmc_walker_walk_seed0_w002_b11_s0/scores.jsonl

--------------------[Agent Step 75_360]--------------------
Metrics filtered by: 'score|length|fps|ratio|train/loss/|train/acc/|train/inv/|train/rand/'
train/acc/inv 0.62 / train/inv/ce 1.15 / train/inv/confidence 0.4 / train/inv/confidence_gating 0 / train/inv/effective_rep_weight 0.02 / train/inv/head_objective 0.48 / train/inv/head_weight 0 / train/inv/objective 0.48 / train/inv/policy_weight_max 1 / train/inv/policy_weight_mean 1 / train/inv/policy_weight_min 1 / train/inv/policy_weight_std 0 / train/inv/valid_frac 1 / train/inv/weight 0.02 / train/loss/con 0.02 / train/loss/dyn 3.3 / train/loss/image 4.3 / train/loss/inv 9.6e-3 / train/loss/policy -0.02 / train/loss/rep 3.3 / train/loss/repval 1.06 / train/loss/rew 0.56 / train/loss/value 1 / replay/replay_ratio 264 / fps/policy 7.2 / fps/train 1844.07

Writing metrics: /home/zhangpeiying01/lfy/btwm-7.7/runs/btwm_dmc_walker_walk_seed0_w002_b11_s0/metrics.jsonl
Writing metrics: /home/zhangpeiying01/lfy/btwm-7.7/runs/btwm_dmc_walker_walk_seed0_w002_b11_s0/scores.jsonl

--------------------[Agent Step 76_208]--------------------
Metrics filtered by: 'score|length|fps|ratio|train/loss/|train/acc/|train/inv/|train/rand/'
train/acc/inv 0.62 / train/inv/ce 1.15 / train/inv/confidence 0.4 / train/inv/confidence_gating 0 / train/inv/effective_rep_weight 0.02 / train/inv/head_objective 0.48 / train/inv/head_weight 0 / train/inv/objective 0.48 / train/inv/policy_weight_max 1 / train/inv/policy_weight_mean 1 / train/inv/policy_weight_min 1 / train/inv/policy_weight_std 0 / train/inv/valid_frac 1 / train/inv/weight 0.02 / train/loss/con 0.02 / train/loss/dyn 3.38 / train/loss/image 4.35 / train/loss/inv 9.6e-3 / train/loss/policy -0.01 / train/loss/rep 3.38 / train/loss/repval 1.06 / train/loss/rew 0.56 / train/loss/value 1.01 / replay/replay_ratio 264 / fps/policy 6.99 / fps/train 1790.21

Writing metrics: /home/zhangpeiying01/lfy/btwm-7.7/runs/btwm_dmc_walker_walk_seed0_w002_b11_s0/metrics.jsonl
Writing metrics: /home/zhangpeiying01/lfy/btwm-7.7/runs/btwm_dmc_walker_walk_seed0_w002_b11_s0/scores.jsonl
Saving checkpoint: /home/zhangpeiying01/lfy/btwm-7.7/runs/btwm_dmc_walker_walk_seed0_w002_b11_s0/ckpt/20260717T005405F508165
Saved checkpoint.

--------------------[Agent Step 77_008]--------------------
Metrics filtered by: 'score|length|fps|ratio|train/loss/|train/acc/|train/inv/|train/rand/'
train/acc/inv 0.62 / train/inv/ce 1.16 / train/inv/confidence 0.4 / train/inv/confidence_gating 0 / train/inv/effective_rep_weight 0.02 / train/inv/head_objective 0.48 / train/inv/head_weight 0 / train/inv/objective 0.48 / train/inv/policy_weight_max 1 / train/inv/policy_weight_mean 1 / train/inv/policy_weight_min 1 / train/inv/policy_weight_std 0 / train/inv/valid_frac 1 / train/inv/weight 0.02 / train/loss/con 0.02 / train/loss/dyn 3.27 / train/loss/image 4.28 / train/loss/inv 9.6e-3 / train/loss/policy -0.01 / train/loss/rep 3.27 / train/loss/repval 1.06 / train/loss/rew 0.56 / train/loss/value 1 / replay/replay_ratio 264 / fps/policy 6.64 / fps/train 1699.49

Writing metrics: /home/zhangpeiying01/lfy/btwm-7.7/runs/btwm_dmc_walker_walk_seed0_w002_b11_s0/metrics.jsonl
Writing metrics: /home/zhangpeiying01/lfy/btwm-7.7/runs/btwm_dmc_walker_walk_seed0_w002_b11_s0/scores.jsonl

--------------------[Agent Step 77_856]--------------------
Metrics filtered by: 'score|length|fps|ratio|train/loss/|train/acc/|train/inv/|train/rand/'
train/acc/inv 0.62 / train/inv/ce 1.16 / train/inv/confidence 0.4 / train/inv/confidence_gating 0 / train/inv/effective_rep_weight 0.02 / train/inv/head_objective 0.49 / train/inv/head_weight 0 / train/inv/objective 0.49 / train/inv/policy_weight_max 1 / train/inv/policy_weight_mean 1 / train/inv/policy_weight_min 1 / train/inv/policy_weight_std 0 / train/inv/valid_frac 1 / train/inv/weight 0.02 / train/loss/con 0.02 / train/loss/dyn 3.31 / train/loss/image 4.29 / train/loss/inv 9.7e-3 / train/loss/policy -0.02 / train/loss/rep 3.31 / train/loss/repval 1.06 / train/loss/rew 0.56 / train/loss/value 1 / replay/replay_ratio 264 / fps/policy 7.05 / fps/train 1805.21

Writing metrics: /home/zhangpeiying01/lfy/btwm-7.7/runs/btwm_dmc_walker_walk_seed0_w002_b11_s0/metrics.jsonl
Writing metrics: /home/zhangpeiying01/lfy/btwm-7.7/runs/btwm_dmc_walker_walk_seed0_w002_b11_s0/scores.jsonl

--------------------[Agent Step 78_736]--------------------
Metrics filtered by: 'score|length|fps|ratio|train/loss/|train/acc/|train/inv/|train/rand/'
train/acc/inv 0.61 / train/inv/ce 1.18 / train/inv/confidence 0.39 / train/inv/confidence_gating 0 / train/inv/effective_rep_weight 0.02 / train/inv/head_objective 0.49 / train/inv/head_weight 0 / train/inv/objective 0.49 / train/inv/policy_weight_max 1 / train/inv/policy_weight_mean 1 / train/inv/policy_weight_min 1 / train/inv/policy_weight_std 0 / train/inv/valid_frac 1 / train/inv/weight 0.02 / train/loss/con 0.02 / train/loss/dyn 3.33 / train/loss/image 4.28 / train/loss/inv 9.9e-3 / train/loss/policy -0.01 / train/loss/rep 3.33 / train/loss/repval 1.05 / train/loss/rew 0.56 / train/loss/value 1 / replay/replay_ratio 264 / fps/policy 7.23 / fps/train 1850.31

Writing metrics: /home/zhangpeiying01/lfy/btwm-7.7/runs/btwm_dmc_walker_walk_seed0_w002_b11_s0/scores.jsonl
Writing metrics: /home/zhangpeiying01/lfy/btwm-7.7/runs/btwm_dmc_walker_walk_seed0_w002_b11_s0/metrics.jsonl

--------------------[Agent Step 79_584]--------------------
Metrics filtered by: 'score|length|fps|ratio|train/loss/|train/acc/|train/inv/|train/rand/'
train/acc/inv 0.61 / train/inv/ce 1.18 / train/inv/confidence 0.39 / train/inv/confidence_gating 0 / train/inv/effective_rep_weight 0.02 / train/inv/head_objective 0.49 / train/inv/head_weight 0 / train/inv/objective 0.49 / train/inv/policy_weight_max 1 / train/inv/policy_weight_mean 1 / train/inv/policy_weight_min 1 / train/inv/policy_weight_std 0 / train/inv/valid_frac 1 / train/inv/weight 0.02 / train/loss/con 0.02 / train/loss/dyn 3.27 / train/loss/image 4.22 / train/loss/inv 9.8e-3 / train/loss/policy -0.02 / train/loss/rep 3.27 / train/loss/repval 1.05 / train/loss/rew 0.56 / train/loss/value 0.99 / replay/replay_ratio 264 / fps/policy 7.04 / fps/train 1803.18

Writing metrics: /home/zhangpeiying01/lfy/btwm-7.7/runs/btwm_dmc_walker_walk_seed0_w002_b11_s0/scores.jsonl
Writing metrics: /home/zhangpeiying01/lfy/btwm-7.7/runs/btwm_dmc_walker_walk_seed0_w002_b11_s0/metrics.jsonl

--------------------[Agent Step 80_416]--------------------
Metrics filtered by: 'score|length|fps|ratio|train/loss/|train/acc/|train/inv/|train/rand/'
episode/score 820.28 / episode/length 1001 / train/acc/inv 0.61 / train/inv/ce 1.19 / train/inv/confidence 0.39 / train/inv/confidence_gating 0 / train/inv/effective_rep_weight 0.02 / train/inv/head_objective 0.5 / train/inv/head_weight 0 / train/inv/objective 0.5 / train/inv/policy_weight_max 1 / train/inv/policy_weight_mean 1 / train/inv/policy_weight_min 1 / train/inv/policy_weight_std 0 / train/inv/valid_frac 1 / train/inv/weight 0.02 / train/loss/con 0.02 / train/loss/dyn 3.29 / train/loss/image 4.2 / train/loss/inv 9.9e-3 / train/loss/policy -0.02 / train/loss/rep 3.29 / train/loss/repval 1.04 / train/loss/rew 0.56 / train/loss/value 0.98 / replay/replay_ratio 264 / fps/policy 6.9 / fps/train 1765.49

Writing metrics: /home/zhangpeiying01/lfy/btwm-7.7/runs/btwm_dmc_walker_walk_seed0_w002_b11_s0/metrics.jsonl
Writing metrics: /home/zhangpeiying01/lfy/btwm-7.7/runs/btwm_dmc_walker_walk_seed0_w002_b11_s0/scores.jsonl

--------------------[Agent Step 81_264]--------------------
Metrics filtered by: 'score|length|fps|ratio|train/loss/|train/acc/|train/inv/|train/rand/'
train/acc/inv 0.6 / train/inv/ce 1.21 / train/inv/confidence 0.38 / train/inv/confidence_gating 0 / train/inv/effective_rep_weight 0.02 / train/inv/head_objective 0.51 / train/inv/head_weight 0 / train/inv/objective 0.51 / train/inv/policy_weight_max 1 / train/inv/policy_weight_mean 1 / train/inv/policy_weight_min 1 / train/inv/policy_weight_std 0 / train/inv/valid_frac 1 / train/inv/weight 0.02 / train/loss/con 0.02 / train/loss/dyn 3.41 / train/loss/image 4.43 / train/loss/inv 0.01 / train/loss/policy -0.01 / train/loss/rep 3.41 / train/loss/repval 1.04 / train/loss/rew 0.56 / train/loss/value 0.97 / replay/replay_ratio 264 / fps/policy 7.01 / fps/train 1793.77

Writing metrics: /home/zhangpeiying01/lfy/btwm-7.7/runs/btwm_dmc_walker_walk_seed0_w002_b11_s0/metrics.jsonl
Writing metrics: /home/zhangpeiying01/lfy/btwm-7.7/runs/btwm_dmc_walker_walk_seed0_w002_b11_s0/scores.jsonl

--------------------[Agent Step 82_144]--------------------
Metrics filtered by: 'score|length|fps|ratio|train/loss/|train/acc/|train/inv/|train/rand/'
train/acc/inv 0.61 / train/inv/ce 1.2 / train/inv/confidence 0.39 / train/inv/confidence_gating 0 / train/inv/effective_rep_weight 0.02 / train/inv/head_objective 0.5 / train/inv/head_weight 0 / train/inv/objective 0.5 / train/inv/policy_weight_max 1 / train/inv/policy_weight_mean 1 / train/inv/policy_weight_min 1 / train/inv/policy_weight_std 0 / train/inv/valid_frac 1 / train/inv/weight 0.02 / train/loss/con 0.02 / train/loss/dyn 3.33 / train/loss/image 4.4 / train/loss/inv 0.01 / train/loss/policy -0.01 / train/loss/rep 3.33 / train/loss/repval 1.04 / train/loss/rew 0.56 / train/loss/value 0.98 / replay/replay_ratio 264 / fps/policy 7.22 / fps/train 1848.95

Writing metrics: /home/zhangpeiying01/lfy/btwm-7.7/runs/btwm_dmc_walker_walk_seed0_w002_b11_s0/metrics.jsonl
Writing metrics: /home/zhangpeiying01/lfy/btwm-7.7/runs/btwm_dmc_walker_walk_seed0_w002_b11_s0/scores.jsonl

--------------------[Agent Step 83_008]--------------------
Metrics filtered by: 'score|length|fps|ratio|train/loss/|train/acc/|train/inv/|train/rand/'
train/acc/inv 0.61 / train/inv/ce 1.21 / train/inv/confidence 0.38 / train/inv/confidence_gating 0 / train/inv/effective_rep_weight 0.02 / train/inv/head_objective 0.5 / train/inv/head_weight 0 / train/inv/objective 0.5 / train/inv/policy_weight_max 1 / train/inv/policy_weight_mean 1 / train/inv/policy_weight_min 1 / train/inv/policy_weight_std 0 / train/inv/valid_frac 1 / train/inv/weight 0.02 / train/loss/con 0.02 / train/loss/dyn 3.33 / train/loss/image 4.36 / train/loss/inv 0.01 / train/loss/policy -0.01 / train/loss/rep 3.33 / train/loss/repval 1.03 / train/loss/rew 0.56 / train/loss/value 0.97 / replay/replay_ratio 264 / fps/policy 7.1 / fps/train 1818.29

Writing metrics: /home/zhangpeiying01/lfy/btwm-7.7/runs/btwm_dmc_walker_walk_seed0_w002_b11_s0/metrics.jsonl
Writing metrics: /home/zhangpeiying01/lfy/btwm-7.7/runs/btwm_dmc_walker_walk_seed0_w002_b11_s0/scores.jsonl

--------------------[Agent Step 83_856]--------------------
Metrics filtered by: 'score|length|fps|ratio|train/loss/|train/acc/|train/inv/|train/rand/'
train/acc/inv 0.61 / train/inv/ce 1.21 / train/inv/confidence 0.38 / train/inv/confidence_gating 0 / train/inv/effective_rep_weight 0.02 / train/inv/head_objective 0.5 / train/inv/head_weight 0 / train/inv/objective 0.5 / train/inv/policy_weight_max 1 / train/inv/policy_weight_mean 1 / train/inv/policy_weight_min 1 / train/inv/policy_weight_std 0 / train/inv/valid_frac 1 / train/inv/weight 0.02 / train/loss/con 0.02 / train/loss/dyn 3.25 / train/loss/image 4.2 / train/loss/inv 0.01 / train/loss/policy -9.7e-3 / train/loss/rep 3.25 / train/loss/repval 1.01 / train/loss/rew 0.56 / train/loss/value 0.96 / replay/replay_ratio 264 / fps/policy 6.96 / fps/train 1780.62

Writing metrics: /home/zhangpeiying01/lfy/btwm-7.7/runs/btwm_dmc_walker_walk_seed0_w002_b11_s0/metrics.jsonl
Writing metrics: /home/zhangpeiying01/lfy/btwm-7.7/runs/btwm_dmc_walker_walk_seed0_w002_b11_s0/scores.jsonl

--------------------[Agent Step 84_704]--------------------
Metrics filtered by: 'score|length|fps|ratio|train/loss/|train/acc/|train/inv/|train/rand/'
train/acc/inv 0.6 / train/inv/ce 1.23 / train/inv/confidence 0.37 / train/inv/confidence_gating 0 / train/inv/effective_rep_weight 0.02 / train/inv/head_objective 0.51 / train/inv/head_weight 0 / train/inv/objective 0.51 / train/inv/policy_weight_max 1 / train/inv/policy_weight_mean 1 / train/inv/policy_weight_min 1 / train/inv/policy_weight_std 0 / train/inv/valid_frac 1 / train/inv/weight 0.02 / train/loss/con 0.02 / train/loss/dyn 3.32 / train/loss/image 4.22 / train/loss/inv 0.01 / train/loss/policy -0.02 / train/loss/rep 3.32 / train/loss/repval 1.01 / train/loss/rew 0.56 / train/loss/value 0.95 / replay/replay_ratio 264 / fps/policy 6.97 / fps/train 1783.53

Writing metrics: /home/zhangpeiying01/lfy/btwm-7.7/runs/btwm_dmc_walker_walk_seed0_w002_b11_s0/metrics.jsonl
Writing metrics: /home/zhangpeiying01/lfy/btwm-7.7/runs/btwm_dmc_walker_walk_seed0_w002_b11_s0/scores.jsonl

--------------------[Agent Step 85_584]--------------------
Metrics filtered by: 'score|length|fps|ratio|train/loss/|train/acc/|train/inv/|train/rand/'
train/acc/inv 0.6 / train/inv/ce 1.21 / train/inv/confidence 0.38 / train/inv/confidence_gating 0 / train/inv/effective_rep_weight 0.02 / train/inv/head_objective 0.51 / train/inv/head_weight 0 / train/inv/objective 0.51 / train/inv/policy_weight_max 1 / train/inv/policy_weight_mean 1 / train/inv/policy_weight_min 1 / train/inv/policy_weight_std 0 / train/inv/valid_frac 1 / train/inv/weight 0.02 / train/loss/con 0.02 / train/loss/dyn 3.29 / train/loss/image 4.15 / train/loss/inv 0.01 / train/loss/policy -0.02 / train/loss/rep 3.29 / train/loss/repval 1.01 / train/loss/rew 0.56 / train/loss/value 0.94 / replay/replay_ratio 264 / fps/policy 7.23 / fps/train 1849.9

Writing metrics: /home/zhangpeiying01/lfy/btwm-7.7/runs/btwm_dmc_walker_walk_seed0_w002_b11_s0/metrics.jsonl
Writing metrics: /home/zhangpeiying01/lfy/btwm-7.7/runs/btwm_dmc_walker_walk_seed0_w002_b11_s0/scores.jsonl

--------------------[Agent Step 86_448]--------------------
Metrics filtered by: 'score|length|fps|ratio|train/loss/|train/acc/|train/inv/|train/rand/'
train/acc/inv 0.6 / train/inv/ce 1.22 / train/inv/confidence 0.38 / train/inv/confidence_gating 0 / train/inv/effective_rep_weight 0.02 / train/inv/head_objective 0.51 / train/inv/head_weight 0 / train/inv/objective 0.51 / train/inv/policy_weight_max 1 / train/inv/policy_weight_mean 1 / train/inv/policy_weight_min 1 / train/inv/policy_weight_std 0 / train/inv/valid_frac 1 / train/inv/weight 0.02 / train/loss/con 0.02 / train/loss/dyn 3.27 / train/loss/image 4.12 / train/loss/inv 0.01 / train/loss/policy -0.02 / train/loss/rep 3.27 / train/loss/repval 1.01 / train/loss/rew 0.56 / train/loss/value 0.94 / replay/replay_ratio 264 / fps/policy 7.1 / fps/train 1817.21

Writing metrics: /home/zhangpeiying01/lfy/btwm-7.7/runs/btwm_dmc_walker_walk_seed0_w002_b11_s0/metrics.jsonl
Writing metrics: /home/zhangpeiying01/lfy/btwm-7.7/runs/btwm_dmc_walker_walk_seed0_w002_b11_s0/scores.jsonl

--------------------[Agent Step 87_296]--------------------
Metrics filtered by: 'score|length|fps|ratio|train/loss/|train/acc/|train/inv/|train/rand/'
train/acc/inv 0.6 / train/inv/ce 1.22 / train/inv/confidence 0.37 / train/inv/confidence_gating 0 / train/inv/effective_rep_weight 0.02 / train/inv/head_objective 0.51 / train/inv/head_weight 0 / train/inv/objective 0.51 / train/inv/policy_weight_max 1 / train/inv/policy_weight_mean 1 / train/inv/policy_weight_min 1 / train/inv/policy_weight_std 0 / train/inv/valid_frac 1 / train/inv/weight 0.02 / train/loss/con 0.02 / train/loss/dyn 3.23 / train/loss/image 4.06 / train/loss/inv 0.01 / train/loss/policy -0.02 / train/loss/rep 3.23 / train/loss/repval 1 / train/loss/rew 0.57 / train/loss/value 0.94 / replay/replay_ratio 264 / fps/policy 6.98 / fps/train 1787.88

Writing metrics: /home/zhangpeiying01/lfy/btwm-7.7/runs/btwm_dmc_walker_walk_seed0_w002_b11_s0/scores.jsonl
Writing metrics: /home/zhangpeiying01/lfy/btwm-7.7/runs/btwm_dmc_walker_walk_seed0_w002_b11_s0/metrics.jsonl

--------------------[Agent Step 88_144]--------------------
Metrics filtered by: 'score|length|fps|ratio|train/loss/|train/acc/|train/inv/|train/rand/'
train/acc/inv 0.61 / train/inv/ce 1.21 / train/inv/confidence 0.38 / train/inv/confidence_gating 0 / train/inv/effective_rep_weight 0.02 / train/inv/head_objective 0.5 / train/inv/head_weight 0 / train/inv/objective 0.5 / train/inv/policy_weight_max 1 / train/inv/policy_weight_mean 1 / train/inv/policy_weight_min 1 / train/inv/policy_weight_std 0 / train/inv/valid_frac 1 / train/inv/weight 0.02 / train/loss/con 0.02 / train/loss/dyn 3.23 / train/loss/image 4.09 / train/loss/inv 0.01 / train/loss/policy -0.02 / train/loss/rep 3.23 / train/loss/repval 1 / train/loss/rew 0.57 / train/loss/value 0.93 / replay/replay_ratio 264 / fps/policy 7 / fps/train 1790.75

Writing metrics: /home/zhangpeiying01/lfy/btwm-7.7/runs/btwm_dmc_walker_walk_seed0_w002_b11_s0/metrics.jsonl
Writing metrics: /home/zhangpeiying01/lfy/btwm-7.7/runs/btwm_dmc_walker_walk_seed0_w002_b11_s0/scores.jsonl

--------------------[Agent Step 89_008]--------------------
Metrics filtered by: 'score|length|fps|ratio|train/loss/|train/acc/|train/inv/|train/rand/'
train/acc/inv 0.6 / train/inv/ce 1.23 / train/inv/confidence 0.37 / train/inv/confidence_gating 0 / train/inv/effective_rep_weight 0.02 / train/inv/head_objective 0.51 / train/inv/head_weight 0 / train/inv/objective 0.51 / train/inv/policy_weight_max 1 / train/inv/policy_weight_mean 1 / train/inv/policy_weight_min 1 / train/inv/policy_weight_std 0 / train/inv/valid_frac 1 / train/inv/weight 0.02 / train/loss/con 0.02 / train/loss/dyn 3.27 / train/loss/image 4.12 / train/loss/inv 0.01 / train/loss/policy -0.02 / train/loss/rep 3.27 / train/loss/repval 1 / train/loss/rew 0.57 / train/loss/value 0.93 / replay/replay_ratio 264 / fps/policy 7.19 / fps/train 1840.65

Writing metrics: /home/zhangpeiying01/lfy/btwm-7.7/runs/btwm_dmc_walker_walk_seed0_w002_b11_s0/metrics.jsonl
Writing metrics: /home/zhangpeiying01/lfy/btwm-7.7/runs/btwm_dmc_walker_walk_seed0_w002_b11_s0/scores.jsonl

--------------------[Agent Step 89_872]--------------------
Metrics filtered by: 'score|length|fps|ratio|train/loss/|train/acc/|train/inv/|train/rand/'
train/acc/inv 0.6 / train/inv/ce 1.23 / train/inv/confidence 0.38 / train/inv/confidence_gating 0 / train/inv/effective_rep_weight 0.02 / train/inv/head_objective 0.51 / train/inv/head_weight 0 / train/inv/objective 0.51 / train/inv/policy_weight_max 1 / train/inv/policy_weight_mean 1 / train/inv/policy_weight_min 1 / train/inv/policy_weight_std 0 / train/inv/valid_frac 1 / train/inv/weight 0.02 / train/loss/con 0.02 / train/loss/dyn 3.27 / train/loss/image 4.08 / train/loss/inv 0.01 / train/loss/policy -0.02 / train/loss/rep 3.27 / train/loss/repval 1 / train/loss/rew 0.57 / train/loss/value 0.93 / replay/replay_ratio 264 / fps/policy 7.15 / fps/train 1829.47

Writing metrics: /home/zhangpeiying01/lfy/btwm-7.7/runs/btwm_dmc_walker_walk_seed0_w002_b11_s0/metrics.jsonl
Writing metrics: /home/zhangpeiying01/lfy/btwm-7.7/runs/btwm_dmc_walker_walk_seed0_w002_b11_s0/scores.jsonl

--------------------[Agent Step 90_720]--------------------
Metrics filtered by: 'score|length|fps|ratio|train/loss/|train/acc/|train/inv/|train/rand/'
train/acc/inv 0.6 / train/inv/ce 1.23 / train/inv/confidence 0.37 / train/inv/confidence_gating 0 / train/inv/effective_rep_weight 0.02 / train/inv/head_objective 0.51 / train/inv/head_weight 0 / train/inv/objective 0.51 / train/inv/policy_weight_max 1 / train/inv/policy_weight_mean 1 / train/inv/policy_weight_min 1 / train/inv/policy_weight_std 0 / train/inv/valid_frac 1 / train/inv/weight 0.02 / train/loss/con 0.02 / train/loss/dyn 3.2 / train/loss/image 4.05 / train/loss/inv 0.01 / train/loss/policy -0.02 / train/loss/rep 3.2 / train/loss/repval 1 / train/loss/rew 0.57 / train/loss/value 0.93 / replay/replay_ratio 264 / fps/policy 6.95 / fps/train 1778.41

Writing metrics: /home/zhangpeiying01/lfy/btwm-7.7/runs/btwm_dmc_walker_walk_seed0_w002_b11_s0/metrics.jsonl
Writing metrics: /home/zhangpeiying01/lfy/btwm-7.7/runs/btwm_dmc_walker_walk_seed0_w002_b11_s0/scores.jsonl

--------------------[Agent Step 91_552]--------------------
Metrics filtered by: 'score|length|fps|ratio|train/loss/|train/acc/|train/inv/|train/rand/'
train/acc/inv 0.6 / train/inv/ce 1.23 / train/inv/confidence 0.37 / train/inv/confidence_gating 0 / train/inv/effective_rep_weight 0.02 / train/inv/head_objective 0.51 / train/inv/head_weight 0 / train/inv/objective 0.51 / train/inv/policy_weight_max 1 / train/inv/policy_weight_mean 1 / train/inv/policy_weight_min 1 / train/inv/policy_weight_std 0 / train/inv/valid_frac 1 / train/inv/weight 0.02 / train/loss/con 0.02 / train/loss/dyn 3.25 / train/loss/image 3.99 / train/loss/inv 0.01 / train/loss/policy -0.02 / train/loss/rep 3.25 / train/loss/repval 0.99 / train/loss/rew 0.57 / train/loss/value 0.93 / replay/replay_ratio 264 / fps/policy 6.93 / fps/train 1774.46

Writing metrics: /home/zhangpeiying01/lfy/btwm-7.7/runs/btwm_dmc_walker_walk_seed0_w002_b11_s0/metrics.jsonl
Writing metrics: /home/zhangpeiying01/lfy/btwm-7.7/runs/btwm_dmc_walker_walk_seed0_w002_b11_s0/scores.jsonl

--------------------[Agent Step 92_416]--------------------
Metrics filtered by: 'score|length|fps|ratio|train/loss/|train/acc/|train/inv/|train/rand/'
train/acc/inv 0.6 / train/inv/ce 1.24 / train/inv/confidence 0.37 / train/inv/confidence_gating 0 / train/inv/effective_rep_weight 0.02 / train/inv/head_objective 0.52 / train/inv/head_weight 0 / train/inv/objective 0.52 / train/inv/policy_weight_max 1 / train/inv/policy_weight_mean 1 / train/inv/policy_weight_min 1 / train/inv/policy_weight_std 0 / train/inv/valid_frac 1 / train/inv/weight 0.02 / train/loss/con 0.02 / train/loss/dyn 3.22 / train/loss/image 3.99 / train/loss/inv 0.01 / train/loss/policy -0.02 / train/loss/rep 3.22 / train/loss/repval 1 / train/loss/rew 0.57 / train/loss/value 0.94 / replay/replay_ratio 264 / fps/policy 7.17 / fps/train 1835.11

Writing metrics: /home/zhangpeiying01/lfy/btwm-7.7/runs/btwm_dmc_walker_walk_seed0_w002_b11_s0/metrics.jsonl
Writing metrics: /home/zhangpeiying01/lfy/btwm-7.7/runs/btwm_dmc_walker_walk_seed0_w002_b11_s0/scores.jsonl

--------------------[Agent Step 93_296]--------------------
Metrics filtered by: 'score|length|fps|ratio|train/loss/|train/acc/|train/inv/|train/rand/'
train/acc/inv 0.6 / train/inv/ce 1.23 / train/inv/confidence 0.38 / train/inv/confidence_gating 0 / train/inv/effective_rep_weight 0.02 / train/inv/head_objective 0.51 / train/inv/head_weight 0 / train/inv/objective 0.51 / train/inv/policy_weight_max 1 / train/inv/policy_weight_mean 1 / train/inv/policy_weight_min 1 / train/inv/policy_weight_std 0 / train/inv/valid_frac 1 / train/inv/weight 0.02 / train/loss/con 0.02 / train/loss/dyn 3.21 / train/loss/image 3.99 / train/loss/inv 0.01 / train/loss/policy -0.02 / train/loss/rep 3.21 / train/loss/repval 1.01 / train/loss/rew 0.57 / train/loss/value 0.94 / replay/replay_ratio 264 / fps/policy 7.23 / fps/train 1850.68

Writing metrics: /home/zhangpeiying01/lfy/btwm-7.7/runs/btwm_dmc_walker_walk_seed0_w002_b11_s0/scores.jsonl
Writing metrics: /home/zhangpeiying01/lfy/btwm-7.7/runs/btwm_dmc_walker_walk_seed0_w002_b11_s0/metrics.jsonl

--------------------[Agent Step 94_128]--------------------
Metrics filtered by: 'score|length|fps|ratio|train/loss/|train/acc/|train/inv/|train/rand/'
train/acc/inv 0.6 / train/inv/ce 1.25 / train/inv/confidence 0.37 / train/inv/confidence_gating 0 / train/inv/effective_rep_weight 0.02 / train/inv/head_objective 0.52 / train/inv/head_weight 0 / train/inv/objective 0.52 / train/inv/policy_weight_max 1 / train/inv/policy_weight_mean 1 / train/inv/policy_weight_min 1 / train/inv/policy_weight_std 0 / train/inv/valid_frac 1 / train/inv/weight 0.02 / train/loss/con 0.02 / train/loss/dyn 3.28 / train/loss/image 4.03 / train/loss/inv 0.01 / train/loss/policy -0.01 / train/loss/rep 3.28 / train/loss/repval 1 / train/loss/rew 0.57 / train/loss/value 0.94 / replay/replay_ratio 264 / fps/policy 6.92 / fps/train 1771.3

Writing metrics: /home/zhangpeiying01/lfy/btwm-7.7/runs/btwm_dmc_walker_walk_seed0_w002_b11_s0/metrics.jsonl
Writing metrics: /home/zhangpeiying01/lfy/btwm-7.7/runs/btwm_dmc_walker_walk_seed0_w002_b11_s0/scores.jsonl

--------------------[Agent Step 94_960]--------------------
Metrics filtered by: 'score|length|fps|ratio|train/loss/|train/acc/|train/inv/|train/rand/'
train/acc/inv 0.6 / train/inv/ce 1.25 / train/inv/confidence 0.37 / train/inv/confidence_gating 0 / train/inv/effective_rep_weight 0.02 / train/inv/head_objective 0.52 / train/inv/head_weight 0 / train/inv/objective 0.52 / train/inv/policy_weight_max 1 / train/inv/policy_weight_mean 1 / train/inv/policy_weight_min 1 / train/inv/policy_weight_std 0 / train/inv/valid_frac 1 / train/inv/weight 0.02 / train/loss/con 0.02 / train/loss/dyn 3.21 / train/loss/image 3.98 / train/loss/inv 0.01 / train/loss/policy -0.02 / train/loss/rep 3.21 / train/loss/repval 1 / train/loss/rew 0.57 / train/loss/value 0.94 / replay/replay_ratio 264 / fps/policy 6.92 / fps/train 1771.52

Writing metrics: /home/zhangpeiying01/lfy/btwm-7.7/runs/btwm_dmc_walker_walk_seed0_w002_b11_s0/scores.jsonl
Writing metrics: /home/zhangpeiying01/lfy/btwm-7.7/runs/btwm_dmc_walker_walk_seed0_w002_b11_s0/metrics.jsonl

--------------------[Agent Step 95_824]--------------------
Metrics filtered by: 'score|length|fps|ratio|train/loss/|train/acc/|train/inv/|train/rand/'
train/acc/inv 0.6 / train/inv/ce 1.24 / train/inv/confidence 0.37 / train/inv/confidence_gating 0 / train/inv/effective_rep_weight 0.02 / train/inv/head_objective 0.52 / train/inv/head_weight 0 / train/inv/objective 0.52 / train/inv/policy_weight_max 1 / train/inv/policy_weight_mean 1 / train/inv/policy_weight_min 1 / train/inv/policy_weight_std 0 / train/inv/valid_frac 1 / train/inv/weight 0.02 / train/loss/con 0.02 / train/loss/dyn 3.22 / train/loss/image 4.02 / train/loss/inv 0.01 / train/loss/policy -0.01 / train/loss/rep 3.22 / train/loss/repval 1.01 / train/loss/rew 0.57 / train/loss/value 0.95 / replay/replay_ratio 264 / fps/policy 7.07 / fps/train 1809.67

Writing metrics: /home/zhangpeiying01/lfy/btwm-7.7/runs/btwm_dmc_walker_walk_seed0_w002_b11_s0/metrics.jsonl
Writing metrics: /home/zhangpeiying01/lfy/btwm-7.7/runs/btwm_dmc_walker_walk_seed0_w002_b11_s0/scores.jsonl

--------------------[Agent Step 96_704]--------------------
Metrics filtered by: 'score|length|fps|ratio|train/loss/|train/acc/|train/inv/|train/rand/'
episode/score 906.37 / episode/length 1001 / train/acc/inv 0.59 / train/inv/ce 1.27 / train/inv/confidence 0.36 / train/inv/confidence_gating 0 / train/inv/effective_rep_weight 0.02 / train/inv/head_objective 0.53 / train/inv/head_weight 0 / train/inv/objective 0.53 / train/inv/policy_weight_max 1 / train/inv/policy_weight_mean 1 / train/inv/policy_weight_min 1 / train/inv/policy_weight_std 0 / train/inv/valid_frac 1 / train/inv/weight 0.02 / train/loss/con 0.02 / train/loss/dyn 3.38 / train/loss/image 4.16 / train/loss/inv 0.01 / train/loss/policy -0.01 / train/loss/rep 3.38 / train/loss/repval 1.01 / train/loss/rew 0.57 / train/loss/value 0.95 / replay/replay_ratio 264 / fps/policy 7.23 / fps/train 1852.15

Writing metrics: /home/zhangpeiying01/lfy/btwm-7.7/runs/btwm_dmc_walker_walk_seed0_w002_b11_s0/metrics.jsonl
Writing metrics: /home/zhangpeiying01/lfy/btwm-7.7/runs/btwm_dmc_walker_walk_seed0_w002_b11_s0/scores.jsonl

--------------------[Agent Step 97_552]--------------------
Metrics filtered by: 'score|length|fps|ratio|train/loss/|train/acc/|train/inv/|train/rand/'
train/acc/inv 0.59 / train/inv/ce 1.28 / train/inv/confidence 0.35 / train/inv/confidence_gating 0 / train/inv/effective_rep_weight 0.02 / train/inv/head_objective 0.54 / train/inv/head_weight 0 / train/inv/objective 0.54 / train/inv/policy_weight_max 1 / train/inv/policy_weight_mean 1 / train/inv/policy_weight_min 1 / train/inv/policy_weight_std 0 / train/inv/valid_frac 1 / train/inv/weight 0.02 / train/loss/con 0.02 / train/loss/dyn 3.3 / train/loss/image 4.15 / train/loss/inv 0.01 / train/loss/policy -0.02 / train/loss/rep 3.3 / train/loss/repval 1.02 / train/loss/rew 0.57 / train/loss/value 0.96 / replay/replay_ratio 264 / fps/policy 7.03 / fps/train 1798.42

Writing metrics: /home/zhangpeiying01/lfy/btwm-7.7/runs/btwm_dmc_walker_walk_seed0_w002_b11_s0/metrics.jsonl
Writing metrics: /home/zhangpeiying01/lfy/btwm-7.7/runs/btwm_dmc_walker_walk_seed0_w002_b11_s0/scores.jsonl

--------------------[Agent Step 98_400]--------------------
Metrics filtered by: 'score|length|fps|ratio|train/loss/|train/acc/|train/inv/|train/rand/'
train/acc/inv 0.59 / train/inv/ce 1.28 / train/inv/confidence 0.36 / train/inv/confidence_gating 0 / train/inv/effective_rep_weight 0.02 / train/inv/head_objective 0.53 / train/inv/head_weight 0 / train/inv/objective 0.53 / train/inv/policy_weight_max 1 / train/inv/policy_weight_mean 1 / train/inv/policy_weight_min 1 / train/inv/policy_weight_std 0 / train/inv/valid_frac 1 / train/inv/weight 0.02 / train/loss/con 0.02 / train/loss/dyn 3.23 / train/loss/image 4.05 / train/loss/inv 0.01 / train/loss/policy -0.02 / train/loss/rep 3.23 / train/loss/repval 1.02 / train/loss/rew 0.57 / train/loss/value 0.96 / replay/replay_ratio 264 / fps/policy 6.98 / fps/train 1786.4

Writing metrics: /home/zhangpeiying01/lfy/btwm-7.7/runs/btwm_dmc_walker_walk_seed0_w002_b11_s0/scores.jsonl
Writing metrics: /home/zhangpeiying01/lfy/btwm-7.7/runs/btwm_dmc_walker_walk_seed0_w002_b11_s0/metrics.jsonl

--------------------[Agent Step 99_264]--------------------
Metrics filtered by: 'score|length|fps|ratio|train/loss/|train/acc/|train/inv/|train/rand/'
train/acc/inv 0.59 / train/inv/ce 1.28 / train/inv/confidence 0.35 / train/inv/confidence_gating 0 / train/inv/effective_rep_weight 0.02 / train/inv/head_objective 0.54 / train/inv/head_weight 0 / train/inv/objective 0.54 / train/inv/policy_weight_max 1 / train/inv/policy_weight_mean 1 / train/inv/policy_weight_min 1 / train/inv/policy_weight_std 0 / train/inv/valid_frac 1 / train/inv/weight 0.02 / train/loss/con 0.02 / train/loss/dyn 3.21 / train/loss/image 3.99 / train/loss/inv 0.01 / train/loss/policy -0.01 / train/loss/rep 3.21 / train/loss/repval 1.02 / train/loss/rew 0.57 / train/loss/value 0.97 / replay/replay_ratio 264 / fps/policy 7.06 / fps/train 1807.71

Writing metrics: /home/zhangpeiying01/lfy/btwm-7.7/runs/btwm_dmc_walker_walk_seed0_w002_b11_s0/metrics.jsonl
Writing metrics: /home/zhangpeiying01/lfy/btwm-7.7/runs/btwm_dmc_walker_walk_seed0_w002_b11_s0/scores.jsonl

--------------------[Agent Step 100_144]--------------------
Metrics filtered by: 'score|length|fps|ratio|train/loss/|train/acc/|train/inv/|train/rand/'
train/acc/inv 0.59 / train/inv/ce 1.27 / train/inv/confidence 0.36 / train/inv/confidence_gating 0 / train/inv/effective_rep_weight 0.02 / train/inv/head_objective 0.53 / train/inv/head_weight 0 / train/inv/objective 0.53 / train/inv/policy_weight_max 1 / train/inv/policy_weight_mean 1 / train/inv/policy_weight_min 1 / train/inv/policy_weight_std 0 / train/inv/valid_frac 1 / train/inv/weight 0.02 / train/loss/con 0.02 / train/loss/dyn 3.24 / train/loss/image 4.02 / train/loss/inv 0.01 / train/loss/policy -0.01 / train/loss/rep 3.24 / train/loss/repval 1.02 / train/loss/rew 0.57 / train/loss/value 0.97 / replay/replay_ratio 264 / fps/policy 7.26 / fps/train 1858

Writing metrics: /home/zhangpeiying01/lfy/btwm-7.7/runs/btwm_dmc_walker_walk_seed0_w002_b11_s0/metrics.jsonl
Writing metrics: /home/zhangpeiying01/lfy/btwm-7.7/runs/btwm_dmc_walker_walk_seed0_w002_b11_s0/scores.jsonl

--------------------[Agent Step 100_992]--------------------
Metrics filtered by: 'score|length|fps|ratio|train/loss/|train/acc/|train/inv/|train/rand/'
train/acc/inv 0.59 / train/inv/ce 1.28 / train/inv/confidence 0.36 / train/inv/confidence_gating 0 / train/inv/effective_rep_weight 0.02 / train/inv/head_objective 0.53 / train/inv/head_weight 0 / train/inv/objective 0.53 / train/inv/policy_weight_max 1 / train/inv/policy_weight_mean 1 / train/inv/policy_weight_min 1 / train/inv/policy_weight_std 0 / train/inv/valid_frac 1 / train/inv/weight 0.02 / train/loss/con 0.02 / train/loss/dyn 3.24 / train/loss/image 3.94 / train/loss/inv 0.01 / train/loss/policy -0.01 / train/loss/rep 3.24 / train/loss/repval 1.02 / train/loss/rew 0.57 / train/loss/value 0.97 / replay/replay_ratio 264 / fps/policy 7.02 / fps/train 1797.74

Writing metrics: /home/zhangpeiying01/lfy/btwm-7.7/runs/btwm_dmc_walker_walk_seed0_w002_b11_s0/metrics.jsonl
Writing metrics: /home/zhangpeiying01/lfy/btwm-7.7/runs/btwm_dmc_walker_walk_seed0_w002_b11_s0/scores.jsonl
Saving checkpoint: /home/zhangpeiying01/lfy/btwm-7.7/runs/btwm_dmc_walker_walk_seed0_w002_b11_s0/ckpt/20260717T015407F075984
Saved checkpoint.

--------------------[Agent Step 101_792]--------------------
Metrics filtered by: 'score|length|fps|ratio|train/loss/|train/acc/|train/inv/|train/rand/'
train/acc/inv 0.59 / train/inv/ce 1.28 / train/inv/confidence 0.35 / train/inv/confidence_gating 0 / train/inv/effective_rep_weight 0.02 / train/inv/head_objective 0.53 / train/inv/head_weight 0 / train/inv/objective 0.53 / train/inv/policy_weight_max 1 / train/inv/policy_weight_mean 1 / train/inv/policy_weight_min 1 / train/inv/policy_weight_std 0 / train/inv/valid_frac 1 / train/inv/weight 0.02 / train/loss/con 0.02 / train/loss/dyn 3.2 / train/loss/image 3.91 / train/loss/inv 0.01 / train/loss/policy -0.02 / train/loss/rep 3.2 / train/loss/repval 1.01 / train/loss/rew 0.57 / train/loss/value 0.96 / replay/replay_ratio 264 / fps/policy 6.59 / fps/train 1686.4

Writing metrics: /home/zhangpeiying01/lfy/btwm-7.7/runs/btwm_dmc_walker_walk_seed0_w002_b11_s0/metrics.jsonl
Writing metrics: /home/zhangpeiying01/lfy/btwm-7.7/runs/btwm_dmc_walker_walk_seed0_w002_b11_s0/scores.jsonl

--------------------[Agent Step 102_640]--------------------
Metrics filtered by: 'score|length|fps|ratio|train/loss/|train/acc/|train/inv/|train/rand/'
train/acc/inv 0.59 / train/inv/ce 1.29 / train/inv/confidence 0.35 / train/inv/confidence_gating 0 / train/inv/effective_rep_weight 0.02 / train/inv/head_objective 0.54 / train/inv/head_weight 0 / train/inv/objective 0.54 / train/inv/policy_weight_max 1 / train/inv/policy_weight_mean 1 / train/inv/policy_weight_min 1 / train/inv/policy_weight_std 0 / train/inv/valid_frac 1 / train/inv/weight 0.02 / train/loss/con 0.02 / train/loss/dyn 3.23 / train/loss/image 3.89 / train/loss/inv 0.01 / train/loss/policy -0.01 / train/loss/rep 3.23 / train/loss/repval 1.01 / train/loss/rew 0.57 / train/loss/value 0.95 / replay/replay_ratio 264 / fps/policy 7.05 / fps/train 1804.9

Writing metrics: /home/zhangpeiying01/lfy/btwm-7.7/runs/btwm_dmc_walker_walk_seed0_w002_b11_s0/metrics.jsonl
Writing metrics: /home/zhangpeiying01/lfy/btwm-7.7/runs/btwm_dmc_walker_walk_seed0_w002_b11_s0/scores.jsonl

--------------------[Agent Step 103_520]--------------------
Metrics filtered by: 'score|length|fps|ratio|train/loss/|train/acc/|train/inv/|train/rand/'
train/acc/inv 0.59 / train/inv/ce 1.28 / train/inv/confidence 0.35 / train/inv/confidence_gating 0 / train/inv/effective_rep_weight 0.02 / train/inv/head_objective 0.53 / train/inv/head_weight 0 / train/inv/objective 0.53 / train/inv/policy_weight_max 1 / train/inv/policy_weight_mean 1 / train/inv/policy_weight_min 1 / train/inv/policy_weight_std 0 / train/inv/valid_frac 1 / train/inv/weight 0.02 / train/loss/con 0.02 / train/loss/dyn 3.17 / train/loss/image 3.84 / train/loss/inv 0.01 / train/loss/policy -0.01 / train/loss/rep 3.17 / train/loss/repval 1.01 / train/loss/rew 0.57 / train/loss/value 0.95 / replay/replay_ratio 264 / fps/policy 7.24 / fps/train 1852.42

Writing metrics: /home/zhangpeiying01/lfy/btwm-7.7/runs/btwm_dmc_walker_walk_seed0_w002_b11_s0/metrics.jsonl
Writing metrics: /home/zhangpeiying01/lfy/btwm-7.7/runs/btwm_dmc_walker_walk_seed0_w002_b11_s0/scores.jsonl

--------------------[Agent Step 104_368]--------------------
Metrics filtered by: 'score|length|fps|ratio|train/loss/|train/acc/|train/inv/|train/rand/'
train/acc/inv 0.59 / train/inv/ce 1.28 / train/inv/confidence 0.35 / train/inv/confidence_gating 0 / train/inv/effective_rep_weight 0.02 / train/inv/head_objective 0.53 / train/inv/head_weight 0 / train/inv/objective 0.53 / train/inv/policy_weight_max 1 / train/inv/policy_weight_mean 1 / train/inv/policy_weight_min 1 / train/inv/policy_weight_std 0 / train/inv/valid_frac 1 / train/inv/weight 0.02 / train/loss/con 0.02 / train/loss/dyn 3.16 / train/loss/image 3.8 / train/loss/inv 0.01 / train/loss/policy -0.01 / train/loss/rep 3.16 / train/loss/repval 1.01 / train/loss/rew 0.57 / train/loss/value 0.95 / replay/replay_ratio 264 / fps/policy 7.05 / fps/train 1805.46

Writing metrics: /home/zhangpeiying01/lfy/btwm-7.7/runs/btwm_dmc_walker_walk_seed0_w002_b11_s0/metrics.jsonl
Writing metrics: /home/zhangpeiying01/lfy/btwm-7.7/runs/btwm_dmc_walker_walk_seed0_w002_b11_s0/scores.jsonl

--------------------[Agent Step 105_200]--------------------
Metrics filtered by: 'score|length|fps|ratio|train/loss/|train/acc/|train/inv/|train/rand/'
train/acc/inv 0.59 / train/inv/ce 1.28 / train/inv/confidence 0.36 / train/inv/confidence_gating 0 / train/inv/effective_rep_weight 0.02 / train/inv/head_objective 0.53 / train/inv/head_weight 0 / train/inv/objective 0.53 / train/inv/policy_weight_max 1 / train/inv/policy_weight_mean 1 / train/inv/policy_weight_min 1 / train/inv/policy_weight_std 0 / train/inv/valid_frac 1 / train/inv/weight 0.02 / train/loss/con 0.02 / train/loss/dyn 3.19 / train/loss/image 3.81 / train/loss/inv 0.01 / train/loss/policy -8.9e-3 / train/loss/rep 3.19 / train/loss/repval 1.01 / train/loss/rew 0.57 / train/loss/value 0.95 / replay/replay_ratio 264 / fps/policy 6.88 / fps/train 1760.66

Writing metrics: /home/zhangpeiying01/lfy/btwm-7.7/runs/btwm_dmc_walker_walk_seed0_w002_b11_s0/metrics.jsonl
Writing metrics: /home/zhangpeiying01/lfy/btwm-7.7/runs/btwm_dmc_walker_walk_seed0_w002_b11_s0/scores.jsonl

--------------------[Agent Step 106_048]--------------------
Metrics filtered by: 'score|length|fps|ratio|train/loss/|train/acc/|train/inv/|train/rand/'
train/acc/inv 0.59 / train/inv/ce 1.28 / train/inv/confidence 0.35 / train/inv/confidence_gating 0 / train/inv/effective_rep_weight 0.02 / train/inv/head_objective 0.53 / train/inv/head_weight 0 / train/inv/objective 0.53 / train/inv/policy_weight_max 1 / train/inv/policy_weight_mean 1 / train/inv/policy_weight_min 1 / train/inv/policy_weight_std 0 / train/inv/valid_frac 1 / train/inv/weight 0.02 / train/loss/con 0.02 / train/loss/dyn 3.14 / train/loss/image 3.77 / train/loss/inv 0.01 / train/loss/policy -0.02 / train/loss/rep 3.14 / train/loss/repval 1 / train/loss/rew 0.57 / train/loss/value 0.94 / replay/replay_ratio 264 / fps/policy 6.94 / fps/train 1776.6

Writing metrics: /home/zhangpeiying01/lfy/btwm-7.7/runs/btwm_dmc_walker_walk_seed0_w002_b11_s0/metrics.jsonl
Writing metrics: /home/zhangpeiying01/lfy/btwm-7.7/runs/btwm_dmc_walker_walk_seed0_w002_b11_s0/scores.jsonl

--------------------[Agent Step 106_928]--------------------
Metrics filtered by: 'score|length|fps|ratio|train/loss/|train/acc/|train/inv/|train/rand/'
train/acc/inv 0.59 / train/inv/ce 1.29 / train/inv/confidence 0.35 / train/inv/confidence_gating 0 / train/inv/effective_rep_weight 0.02 / train/inv/head_objective 0.54 / train/inv/head_weight 0 / train/inv/objective 0.54 / train/inv/policy_weight_max 1 / train/inv/policy_weight_mean 1 / train/inv/policy_weight_min 1 / train/inv/policy_weight_std 0 / train/inv/valid_frac 1 / train/inv/weight 0.02 / train/loss/con 0.02 / train/loss/dyn 3.2 / train/loss/image 3.77 / train/loss/inv 0.01 / train/loss/policy -0.02 / train/loss/rep 3.2 / train/loss/repval 1 / train/loss/rew 0.58 / train/loss/value 0.94 / replay/replay_ratio 264 / fps/policy 7.22 / fps/train 1849.13

Writing metrics: /home/zhangpeiying01/lfy/btwm-7.7/runs/btwm_dmc_walker_walk_seed0_w002_b11_s0/metrics.jsonl
Writing metrics: /home/zhangpeiying01/lfy/btwm-7.7/runs/btwm_dmc_walker_walk_seed0_w002_b11_s0/scores.jsonl

--------------------[Agent Step 107_776]--------------------
Metrics filtered by: 'score|length|fps|ratio|train/loss/|train/acc/|train/inv/|train/rand/'
train/acc/inv 0.58 / train/inv/ce 1.3 / train/inv/confidence 0.35 / train/inv/confidence_gating 0 / train/inv/effective_rep_weight 0.02 / train/inv/head_objective 0.54 / train/inv/head_weight 0 / train/inv/objective 0.54 / train/inv/policy_weight_max 1 / train/inv/policy_weight_mean 1 / train/inv/policy_weight_min 1 / train/inv/policy_weight_std 0 / train/inv/valid_frac 1 / train/inv/weight 0.02 / train/loss/con 0.02 / train/loss/dyn 3.17 / train/loss/image 3.73 / train/loss/inv 0.01 / train/loss/policy -0.02 / train/loss/rep 3.17 / train/loss/repval 1 / train/loss/rew 0.58 / train/loss/value 0.94 / replay/replay_ratio 264 / fps/policy 7.05 / fps/train 1805.59

Writing metrics: /home/zhangpeiying01/lfy/btwm-7.7/runs/btwm_dmc_walker_walk_seed0_w002_b11_s0/metrics.jsonl
Writing metrics: /home/zhangpeiying01/lfy/btwm-7.7/runs/btwm_dmc_walker_walk_seed0_w002_b11_s0/scores.jsonl

--------------------[Agent Step 108_608]--------------------
Metrics filtered by: 'score|length|fps|ratio|train/loss/|train/acc/|train/inv/|train/rand/'
train/acc/inv 0.59 / train/inv/ce 1.28 / train/inv/confidence 0.35 / train/inv/confidence_gating 0 / train/inv/effective_rep_weight 0.02 / train/inv/head_objective 0.53 / train/inv/head_weight 0 / train/inv/objective 0.53 / train/inv/policy_weight_max 1 / train/inv/policy_weight_mean 1 / train/inv/policy_weight_min 1 / train/inv/policy_weight_std 0 / train/inv/valid_frac 1 / train/inv/weight 0.02 / train/loss/con 0.02 / train/loss/dyn 3.1 / train/loss/image 3.7 / train/loss/inv 0.01 / train/loss/policy -0.02 / train/loss/rep 3.1 / train/loss/repval 1 / train/loss/rew 0.58 / train/loss/value 0.93 / replay/replay_ratio 264 / fps/policy 6.9 / fps/train 1765.49

Writing metrics: /home/zhangpeiying01/lfy/btwm-7.7/runs/btwm_dmc_walker_walk_seed0_w002_b11_s0/metrics.jsonl
Writing metrics: /home/zhangpeiying01/lfy/btwm-7.7/runs/btwm_dmc_walker_walk_seed0_w002_b11_s0/scores.jsonl

--------------------[Agent Step 109_472]--------------------
Metrics filtered by: 'score|length|fps|ratio|train/loss/|train/acc/|train/inv/|train/rand/'
train/acc/inv 0.59 / train/inv/ce 1.28 / train/inv/confidence 0.35 / train/inv/confidence_gating 0 / train/inv/effective_rep_weight 0.02 / train/inv/head_objective 0.54 / train/inv/head_weight 0 / train/inv/objective 0.54 / train/inv/policy_weight_max 1 / train/inv/policy_weight_mean 1 / train/inv/policy_weight_min 1 / train/inv/policy_weight_std 0 / train/inv/valid_frac 1 / train/inv/weight 0.02 / train/loss/con 0.02 / train/loss/dyn 3.13 / train/loss/image 3.69 / train/loss/inv 0.01 / train/loss/policy -0.02 / train/loss/rep 3.13 / train/loss/repval 1 / train/loss/rew 0.58 / train/loss/value 0.93 / replay/replay_ratio 264 / fps/policy 7.11 / fps/train 1819.94

Writing metrics: /home/zhangpeiying01/lfy/btwm-7.7/runs/btwm_dmc_walker_walk_seed0_w002_b11_s0/scores.jsonl
Writing metrics: /home/zhangpeiying01/lfy/btwm-7.7/runs/btwm_dmc_walker_walk_seed0_w002_b11_s0/metrics.jsonl

--------------------[Agent Step 110_384]--------------------
Metrics filtered by: 'score|length|fps|ratio|train/loss/|train/acc/|train/inv/|train/rand/'
train/acc/inv 0.59 / train/inv/ce 1.28 / train/inv/confidence 0.35 / train/inv/confidence_gating 0 / train/inv/effective_rep_weight 0.02 / train/inv/head_objective 0.53 / train/inv/head_weight 0 / train/inv/objective 0.53 / train/inv/policy_weight_max 1 / train/inv/policy_weight_mean 1 / train/inv/policy_weight_min 1 / train/inv/policy_weight_std 0 / train/inv/valid_frac 1 / train/inv/weight 0.02 / train/loss/con 0.02 / train/loss/dyn 3.13 / train/loss/image 3.68 / train/loss/inv 0.01 / train/loss/policy -0.02 / train/loss/rep 3.13 / train/loss/repval 1 / train/loss/rew 0.58 / train/loss/value 0.93 / replay/replay_ratio 264 / fps/policy 7.6 / fps/train 1945.75

Writing metrics: /home/zhangpeiying01/lfy/btwm-7.7/runs/btwm_dmc_walker_walk_seed0_w002_b11_s0/metrics.jsonl
Writing metrics: /home/zhangpeiying01/lfy/btwm-7.7/runs/btwm_dmc_walker_walk_seed0_w002_b11_s0/scores.jsonl

--------------------[Agent Step 111_280]--------------------
Metrics filtered by: 'score|length|fps|ratio|train/loss/|train/acc/|train/inv/|train/rand/'
train/acc/inv 0.59 / train/inv/ce 1.29 / train/inv/confidence 0.35 / train/inv/confidence_gating 0 / train/inv/effective_rep_weight 0.02 / train/inv/head_objective 0.54 / train/inv/head_weight 0 / train/inv/objective 0.54 / train/inv/policy_weight_max 1 / train/inv/policy_weight_mean 1 / train/inv/policy_weight_min 1 / train/inv/policy_weight_std 0 / train/inv/valid_frac 1 / train/inv/weight 0.02 / train/loss/con 0.02 / train/loss/dyn 3.14 / train/loss/image 3.72 / train/loss/inv 0.01 / train/loss/policy -0.02 / train/loss/rep 3.14 / train/loss/repval 1 / train/loss/rew 0.58 / train/loss/value 0.93 / replay/replay_ratio 264 / fps/policy 7.34 / fps/train 1877.85

Writing metrics: /home/zhangpeiying01/lfy/btwm-7.7/runs/btwm_dmc_walker_walk_seed0_w002_b11_s0/scores.jsonl
Writing metrics: /home/zhangpeiying01/lfy/btwm-7.7/runs/btwm_dmc_walker_walk_seed0_w002_b11_s0/metrics.jsonl

--------------------[Agent Step 112_128]--------------------
Metrics filtered by: 'score|length|fps|ratio|train/loss/|train/acc/|train/inv/|train/rand/'
episode/score 937.27 / episode/length 1001 / train/acc/inv 0.59 / train/inv/ce 1.29 / train/inv/confidence 0.35 / train/inv/confidence_gating 0 / train/inv/effective_rep_weight 0.02 / train/inv/head_objective 0.54 / train/inv/head_weight 0 / train/inv/objective 0.54 / train/inv/policy_weight_max 1 / train/inv/policy_weight_mean 1 / train/inv/policy_weight_min 1 / train/inv/policy_weight_std 0 / train/inv/valid_frac 1 / train/inv/weight 0.02 / train/loss/con 0.02 / train/loss/dyn 3.14 / train/loss/image 3.66 / train/loss/inv 0.01 / train/loss/policy -0.02 / train/loss/rep 3.14 / train/loss/repval 1 / train/loss/rew 0.58 / train/loss/value 0.93 / replay/replay_ratio 264 / fps/policy 6.98 / fps/train 1787.65

Writing metrics: /home/zhangpeiying01/lfy/btwm-7.7/runs/btwm_dmc_walker_walk_seed0_w002_b11_s0/scores.jsonl
Writing metrics: /home/zhangpeiying01/lfy/btwm-7.7/runs/btwm_dmc_walker_walk_seed0_w002_b11_s0/metrics.jsonl

--------------------[Agent Step 112_912]--------------------
Metrics filtered by: 'score|length|fps|ratio|train/loss/|train/acc/|train/inv/|train/rand/'
train/acc/inv 0.58 / train/inv/ce 1.31 / train/inv/confidence 0.34 / train/inv/confidence_gating 0 / train/inv/effective_rep_weight 0.02 / train/inv/head_objective 0.55 / train/inv/head_weight 0 / train/inv/objective 0.55 / train/inv/policy_weight_max 1 / train/inv/policy_weight_mean 1 / train/inv/policy_weight_min 1 / train/inv/policy_weight_std 0 / train/inv/valid_frac 1 / train/inv/weight 0.02 / train/loss/con 0.02 / train/loss/dyn 3.22 / train/loss/image 3.86 / train/loss/inv 0.01 / train/loss/policy -0.02 / train/loss/rep 3.22 / train/loss/repval 0.99 / train/loss/rew 0.58 / train/loss/value 0.93 / replay/replay_ratio 264 / fps/policy 6.52 / fps/train 1668.42

Writing metrics: /home/zhangpeiying01/lfy/btwm-7.7/runs/btwm_dmc_walker_walk_seed0_w002_b11_s0/metrics.jsonl
Writing metrics: /home/zhangpeiying01/lfy/btwm-7.7/runs/btwm_dmc_walker_walk_seed0_w002_b11_s0/scores.jsonl

--------------------[Agent Step 113_712]--------------------
Metrics filtered by: 'score|length|fps|ratio|train/loss/|train/acc/|train/inv/|train/rand/'
train/acc/inv 0.58 / train/inv/ce 1.32 / train/inv/confidence 0.34 / train/inv/confidence_gating 0 / train/inv/effective_rep_weight 0.02 / train/inv/head_objective 0.55 / train/inv/head_weight 0 / train/inv/objective 0.55 / train/inv/policy_weight_max 1 / train/inv/policy_weight_mean 1 / train/inv/policy_weight_min 1 / train/inv/policy_weight_std 0 / train/inv/valid_frac 1 / train/inv/weight 0.02 / train/loss/con 0.02 / train/loss/dyn 3.37 / train/loss/image 3.99 / train/loss/inv 0.01 / train/loss/policy -0.01 / train/loss/rep 3.37 / train/loss/repval 1 / train/loss/rew 0.58 / train/loss/value 0.93 / replay/replay_ratio 264 / fps/policy 6.55 / fps/train 1676.31

Writing metrics: /home/zhangpeiying01/lfy/btwm-7.7/runs/btwm_dmc_walker_walk_seed0_w002_b11_s0/metrics.jsonl
Writing metrics: /home/zhangpeiying01/lfy/btwm-7.7/runs/btwm_dmc_walker_walk_seed0_w002_b11_s0/scores.jsonl

--------------------[Agent Step 114_496]--------------------
Metrics filtered by: 'score|length|fps|ratio|train/loss/|train/acc/|train/inv/|train/rand/'
train/acc/inv 0.58 / train/inv/ce 1.32 / train/inv/confidence 0.34 / train/inv/confidence_gating 0 / train/inv/effective_rep_weight 0.02 / train/inv/head_objective 0.55 / train/inv/head_weight 0 / train/inv/objective 0.55 / train/inv/policy_weight_max 1 / train/inv/policy_weight_mean 1 / train/inv/policy_weight_min 1 / train/inv/policy_weight_std 0 / train/inv/valid_frac 1 / train/inv/weight 0.02 / train/loss/con 0.02 / train/loss/dyn 3.14 / train/loss/image 3.79 / train/loss/inv 0.01 / train/loss/policy -0.02 / train/loss/rep 3.14 / train/loss/repval 1 / train/loss/rew 0.58 / train/loss/value 0.94 / replay/replay_ratio 264 / fps/policy 6.5 / fps/train 1663.64

Writing metrics: /home/zhangpeiying01/lfy/btwm-7.7/runs/btwm_dmc_walker_walk_seed0_w002_b11_s0/metrics.jsonl
Writing metrics: /home/zhangpeiying01/lfy/btwm-7.7/runs/btwm_dmc_walker_walk_seed0_w002_b11_s0/scores.jsonl

--------------------[Agent Step 115_296]--------------------
Metrics filtered by: 'score|length|fps|ratio|train/loss/|train/acc/|train/inv/|train/rand/'
train/acc/inv 0.58 / train/inv/ce 1.31 / train/inv/confidence 0.34 / train/inv/confidence_gating 0 / train/inv/effective_rep_weight 0.02 / train/inv/head_objective 0.55 / train/inv/head_weight 0 / train/inv/objective 0.55 / train/inv/policy_weight_max 1 / train/inv/policy_weight_mean 1 / train/inv/policy_weight_min 1 / train/inv/policy_weight_std 0 / train/inv/valid_frac 1 / train/inv/weight 0.02 / train/loss/con 0.02 / train/loss/dyn 3.17 / train/loss/image 3.78 / train/loss/inv 0.01 / train/loss/policy -0.01 / train/loss/rep 3.17 / train/loss/repval 1 / train/loss/rew 0.57 / train/loss/value 0.94 / replay/replay_ratio 264 / fps/policy 6.54 / fps/train 1673.63

Writing metrics: /home/zhangpeiying01/lfy/btwm-7.7/runs/btwm_dmc_walker_walk_seed0_w002_b11_s0/metrics.jsonl
Writing metrics: /home/zhangpeiying01/lfy/btwm-7.7/runs/btwm_dmc_walker_walk_seed0_w002_b11_s0/scores.jsonl

--------------------[Agent Step 116_080]--------------------
Metrics filtered by: 'score|length|fps|ratio|train/loss/|train/acc/|train/inv/|train/rand/'
train/acc/inv 0.58 / train/inv/ce 1.3 / train/inv/confidence 0.35 / train/inv/confidence_gating 0 / train/inv/effective_rep_weight 0.02 / train/inv/head_objective 0.54 / train/inv/head_weight 0 / train/inv/objective 0.54 / train/inv/policy_weight_max 1 / train/inv/policy_weight_mean 1 / train/inv/policy_weight_min 1 / train/inv/policy_weight_std 0 / train/inv/valid_frac 1 / train/inv/weight 0.02 / train/loss/con 0.02 / train/loss/dyn 3.08 / train/loss/image 3.66 / train/loss/inv 0.01 / train/loss/policy -0.01 / train/loss/rep 3.08 / train/loss/repval 1 / train/loss/rew 0.58 / train/loss/value 0.94 / replay/replay_ratio 264 / fps/policy 6.51 / fps/train 1666.5

Writing metrics: /home/zhangpeiying01/lfy/btwm-7.7/runs/btwm_dmc_walker_walk_seed0_w002_b11_s0/metrics.jsonl
Writing metrics: /home/zhangpeiying01/lfy/btwm-7.7/runs/btwm_dmc_walker_walk_seed0_w002_b11_s0/scores.jsonl

--------------------[Agent Step 116_864]--------------------
Metrics filtered by: 'score|length|fps|ratio|train/loss/|train/acc/|train/inv/|train/rand/'
train/acc/inv 0.58 / train/inv/ce 1.31 / train/inv/confidence 0.34 / train/inv/confidence_gating 0 / train/inv/effective_rep_weight 0.02 / train/inv/head_objective 0.55 / train/inv/head_weight 0 / train/inv/objective 0.55 / train/inv/policy_weight_max 1 / train/inv/policy_weight_mean 1 / train/inv/policy_weight_min 1 / train/inv/policy_weight_std 0 / train/inv/valid_frac 1 / train/inv/weight 0.02 / train/loss/con 0.02 / train/loss/dyn 3.2 / train/loss/image 3.72 / train/loss/inv 0.01 / train/loss/policy -0.01 / train/loss/rep 3.2 / train/loss/repval 1 / train/loss/rew 0.58 / train/loss/value 0.94 / replay/replay_ratio 264 / fps/policy 6.54 / fps/train 1674.22

Writing metrics: /home/zhangpeiying01/lfy/btwm-7.7/runs/btwm_dmc_walker_walk_seed0_w002_b11_s0/metrics.jsonl
Writing metrics: /home/zhangpeiying01/lfy/btwm-7.7/runs/btwm_dmc_walker_walk_seed0_w002_b11_s0/scores.jsonl

--------------------[Agent Step 117_648]--------------------
Metrics filtered by: 'score|length|fps|ratio|train/loss/|train/acc/|train/inv/|train/rand/'
train/acc/inv 0.58 / train/inv/ce 1.32 / train/inv/confidence 0.34 / train/inv/confidence_gating 0 / train/inv/effective_rep_weight 0.02 / train/inv/head_objective 0.55 / train/inv/head_weight 0 / train/inv/objective 0.55 / train/inv/policy_weight_max 1 / train/inv/policy_weight_mean 1 / train/inv/policy_weight_min 1 / train/inv/policy_weight_std 0 / train/inv/valid_frac 1 / train/inv/weight 0.02 / train/loss/con 0.02 / train/loss/dyn 3.1 / train/loss/image 3.65 / train/loss/inv 0.01 / train/loss/policy -0.01 / train/loss/rep 3.1 / train/loss/repval 1 / train/loss/rew 0.58 / train/loss/value 0.94 / replay/replay_ratio 264 / fps/policy 6.51 / fps/train 1666.32

Writing metrics: /home/zhangpeiying01/lfy/btwm-7.7/runs/btwm_dmc_walker_walk_seed0_w002_b11_s0/metrics.jsonl
Writing metrics: /home/zhangpeiying01/lfy/btwm-7.7/runs/btwm_dmc_walker_walk_seed0_w002_b11_s0/scores.jsonl

--------------------[Agent Step 118_432]--------------------
Metrics filtered by: 'score|length|fps|ratio|train/loss/|train/acc/|train/inv/|train/rand/'
train/acc/inv 0.58 / train/inv/ce 1.31 / train/inv/confidence 0.34 / train/inv/confidence_gating 0 / train/inv/effective_rep_weight 0.02 / train/inv/head_objective 0.55 / train/inv/head_weight 0 / train/inv/objective 0.55 / train/inv/policy_weight_max 1 / train/inv/policy_weight_mean 1 / train/inv/policy_weight_min 1 / train/inv/policy_weight_std 0 / train/inv/valid_frac 1 / train/inv/weight 0.02 / train/loss/con 0.02 / train/loss/dyn 3.16 / train/loss/image 3.66 / train/loss/inv 0.01 / train/loss/policy -9e-3 / train/loss/rep 3.16 / train/loss/repval 0.99 / train/loss/rew 0.58 / train/loss/value 0.93 / replay/replay_ratio 264 / fps/policy 6.45 / fps/train 1650.77

Writing metrics: /home/zhangpeiying01/lfy/btwm-7.7/runs/btwm_dmc_walker_walk_seed0_w002_b11_s0/scores.jsonl
Writing metrics: /home/zhangpeiying01/lfy/btwm-7.7/runs/btwm_dmc_walker_walk_seed0_w002_b11_s0/metrics.jsonl

--------------------[Agent Step 119_216]--------------------
Metrics filtered by: 'score|length|fps|ratio|train/loss/|train/acc/|train/inv/|train/rand/'
train/acc/inv 0.58 / train/inv/ce 1.32 / train/inv/confidence 0.34 / train/inv/confidence_gating 0 / train/inv/effective_rep_weight 0.02 / train/inv/head_objective 0.55 / train/inv/head_weight 0 / train/inv/objective 0.55 / train/inv/policy_weight_max 1 / train/inv/policy_weight_mean 1 / train/inv/policy_weight_min 1 / train/inv/policy_weight_std 0 / train/inv/valid_frac 1 / train/inv/weight 0.02 / train/loss/con 0.02 / train/loss/dyn 3.07 / train/loss/image 3.6 / train/loss/inv 0.01 / train/loss/policy -0.01 / train/loss/rep 3.07 / train/loss/repval 0.99 / train/loss/rew 0.58 / train/loss/value 0.93 / replay/replay_ratio 264 / fps/policy 6.48 / fps/train 1658.77

Writing metrics: /home/zhangpeiying01/lfy/btwm-7.7/runs/btwm_dmc_walker_walk_seed0_w002_b11_s0/scores.jsonl
Writing metrics: /home/zhangpeiying01/lfy/btwm-7.7/runs/btwm_dmc_walker_walk_seed0_w002_b11_s0/metrics.jsonl

--------------------[Agent Step 120_000]--------------------
Metrics filtered by: 'score|length|fps|ratio|train/loss/|train/acc/|train/inv/|train/rand/'
train/acc/inv 0.58 / train/inv/ce 1.32 / train/inv/confidence 0.34 / train/inv/confidence_gating 0 / train/inv/effective_rep_weight 0.02 / train/inv/head_objective 0.55 / train/inv/head_weight 0 / train/inv/objective 0.55 / train/inv/policy_weight_max 1 / train/inv/policy_weight_mean 1 / train/inv/policy_weight_min 1 / train/inv/policy_weight_std 0 / train/inv/valid_frac 1 / train/inv/weight 0.02 / train/loss/con 0.02 / train/loss/dyn 3.14 / train/loss/image 3.63 / train/loss/inv 0.01 / train/loss/policy -0.02 / train/loss/rep 3.14 / train/loss/repval 0.99 / train/loss/rew 0.58 / train/loss/value 0.93 / replay/replay_ratio 264 / fps/policy 6.5 / fps/train 1663.21

Writing metrics: /home/zhangpeiying01/lfy/btwm-7.7/runs/btwm_dmc_walker_walk_seed0_w002_b11_s0/metrics.jsonl
Writing metrics: /home/zhangpeiying01/lfy/btwm-7.7/runs/btwm_dmc_walker_walk_seed0_w002_b11_s0/scores.jsonl

--------------------[Agent Step 120_800]--------------------
Metrics filtered by: 'score|length|fps|ratio|train/loss/|train/acc/|train/inv/|train/rand/'
train/acc/inv 0.58 / train/inv/ce 1.32 / train/inv/confidence 0.34 / train/inv/confidence_gating 0 / train/inv/effective_rep_weight 0.02 / train/inv/head_objective 0.55 / train/inv/head_weight 0 / train/inv/objective 0.55 / train/inv/policy_weight_max 1 / train/inv/policy_weight_mean 1 / train/inv/policy_weight_min 1 / train/inv/policy_weight_std 0 / train/inv/valid_frac 1 / train/inv/weight 0.02 / train/loss/con 0.02 / train/loss/dyn 3.1 / train/loss/image 3.58 / train/loss/inv 0.01 / train/loss/policy -0.01 / train/loss/rep 3.1 / train/loss/repval 0.98 / train/loss/rew 0.58 / train/loss/value 0.92 / replay/replay_ratio 264 / fps/policy 6.56 / fps/train 1679.22

Writing metrics: /home/zhangpeiying01/lfy/btwm-7.7/runs/btwm_dmc_walker_walk_seed0_w002_b11_s0/metrics.jsonl
Writing metrics: /home/zhangpeiying01/lfy/btwm-7.7/runs/btwm_dmc_walker_walk_seed0_w002_b11_s0/scores.jsonl

--------------------[Agent Step 121_600]--------------------
Metrics filtered by: 'score|length|fps|ratio|train/loss/|train/acc/|train/inv/|train/rand/'
train/acc/inv 0.58 / train/inv/ce 1.32 / train/inv/confidence 0.34 / train/inv/confidence_gating 0 / train/inv/effective_rep_weight 0.02 / train/inv/head_objective 0.55 / train/inv/head_weight 0 / train/inv/objective 0.55 / train/inv/policy_weight_max 1 / train/inv/policy_weight_mean 1 / train/inv/policy_weight_min 1 / train/inv/policy_weight_std 0 / train/inv/valid_frac 1 / train/inv/weight 0.02 / train/loss/con 0.02 / train/loss/dyn 3.13 / train/loss/image 3.57 / train/loss/inv 0.01 / train/loss/policy -0.01 / train/loss/rep 3.13 / train/loss/repval 0.98 / train/loss/rew 0.58 / train/loss/value 0.91 / replay/replay_ratio 264 / fps/policy 6.53 / fps/train 1670.66

Writing metrics: /home/zhangpeiying01/lfy/btwm-7.7/runs/btwm_dmc_walker_walk_seed0_w002_b11_s0/scores.jsonl
Writing metrics: /home/zhangpeiying01/lfy/btwm-7.7/runs/btwm_dmc_walker_walk_seed0_w002_b11_s0/metrics.jsonl

--------------------[Agent Step 122_384]--------------------
Metrics filtered by: 'score|length|fps|ratio|train/loss/|train/acc/|train/inv/|train/rand/'
train/acc/inv 0.58 / train/inv/ce 1.32 / train/inv/confidence 0.34 / train/inv/confidence_gating 0 / train/inv/effective_rep_weight 0.02 / train/inv/head_objective 0.55 / train/inv/head_weight 0 / train/inv/objective 0.55 / train/inv/policy_weight_max 1 / train/inv/policy_weight_mean 1 / train/inv/policy_weight_min 1 / train/inv/policy_weight_std 0 / train/inv/valid_frac 1 / train/inv/weight 0.02 / train/loss/con 0.02 / train/loss/dyn 3.08 / train/loss/image 3.53 / train/loss/inv 0.01 / train/loss/policy -0.01 / train/loss/rep 3.08 / train/loss/repval 0.97 / train/loss/rew 0.58 / train/loss/value 0.9 / replay/replay_ratio 264 / fps/policy 6.52 / fps/train 1669.23

Writing metrics: /home/zhangpeiying01/lfy/btwm-7.7/runs/btwm_dmc_walker_walk_seed0_w002_b11_s0/metrics.jsonl
Writing metrics: /home/zhangpeiying01/lfy/btwm-7.7/runs/btwm_dmc_walker_walk_seed0_w002_b11_s0/scores.jsonl

--------------------[Agent Step 123_168]--------------------
Metrics filtered by: 'score|length|fps|ratio|train/loss/|train/acc/|train/inv/|train/rand/'
train/acc/inv 0.58 / train/inv/ce 1.33 / train/inv/confidence 0.33 / train/inv/confidence_gating 0 / train/inv/effective_rep_weight 0.02 / train/inv/head_objective 0.56 / train/inv/head_weight 0 / train/inv/objective 0.56 / train/inv/policy_weight_max 1 / train/inv/policy_weight_mean 1 / train/inv/policy_weight_min 1 / train/inv/policy_weight_std 0 / train/inv/valid_frac 1 / train/inv/weight 0.02 / train/loss/con 0.02 / train/loss/dyn 3.13 / train/loss/image 3.57 / train/loss/inv 0.01 / train/loss/policy -0.01 / train/loss/rep 3.13 / train/loss/repval 0.97 / train/loss/rew 0.58 / train/loss/value 0.91 / replay/replay_ratio 264 / fps/policy 6.53 / fps/train 1670.81

Writing metrics: /home/zhangpeiying01/lfy/btwm-7.7/runs/btwm_dmc_walker_walk_seed0_w002_b11_s0/scores.jsonl
Writing metrics: /home/zhangpeiying01/lfy/btwm-7.7/runs/btwm_dmc_walker_walk_seed0_w002_b11_s0/metrics.jsonl

--------------------[Agent Step 123_952]--------------------
Metrics filtered by: 'score|length|fps|ratio|train/loss/|train/acc/|train/inv/|train/rand/'
train/acc/inv 0.58 / train/inv/ce 1.33 / train/inv/confidence 0.34 / train/inv/confidence_gating 0 / train/inv/effective_rep_weight 0.02 / train/inv/head_objective 0.55 / train/inv/head_weight 0 / train/inv/objective 0.55 / train/inv/policy_weight_max 1 / train/inv/policy_weight_mean 1 / train/inv/policy_weight_min 1 / train/inv/policy_weight_std 0 / train/inv/valid_frac 1 / train/inv/weight 0.02 / train/loss/con 0.02 / train/loss/dyn 3.11 / train/loss/image 3.55 / train/loss/inv 0.01 / train/loss/policy -0.01 / train/loss/rep 3.11 / train/loss/repval 0.97 / train/loss/rew 0.58 / train/loss/value 0.9 / replay/replay_ratio 264 / fps/policy 6.52 / fps/train 1669.41

Writing metrics: /home/zhangpeiying01/lfy/btwm-7.7/runs/btwm_dmc_walker_walk_seed0_w002_b11_s0/metrics.jsonl
Writing metrics: /home/zhangpeiying01/lfy/btwm-7.7/runs/btwm_dmc_walker_walk_seed0_w002_b11_s0/scores.jsonl

--------------------[Agent Step 124_736]--------------------
Metrics filtered by: 'score|length|fps|ratio|train/loss/|train/acc/|train/inv/|train/rand/'
train/acc/inv 0.58 / train/inv/ce 1.31 / train/inv/confidence 0.34 / train/inv/confidence_gating 0 / train/inv/effective_rep_weight 0.02 / train/inv/head_objective 0.55 / train/inv/head_weight 0 / train/inv/objective 0.55 / train/inv/policy_weight_max 1 / train/inv/policy_weight_mean 1 / train/inv/policy_weight_min 1 / train/inv/policy_weight_std 0 / train/inv/valid_frac 1 / train/inv/weight 0.02 / train/loss/con 0.02 / train/loss/dyn 3.1 / train/loss/image 3.54 / train/loss/inv 0.01 / train/loss/policy -0.01 / train/loss/rep 3.1 / train/loss/repval 0.97 / train/loss/rew 0.58 / train/loss/value 0.9 / replay/replay_ratio 264 / fps/policy 6.48 / fps/train 1659.8

Writing metrics: /home/zhangpeiying01/lfy/btwm-7.7/runs/btwm_dmc_walker_walk_seed0_w002_b11_s0/scores.jsonl
Writing metrics: /home/zhangpeiying01/lfy/btwm-7.7/runs/btwm_dmc_walker_walk_seed0_w002_b11_s0/metrics.jsonl

--------------------[Agent Step 125_520]--------------------
Metrics filtered by: 'score|length|fps|ratio|train/loss/|train/acc/|train/inv/|train/rand/'
train/acc/inv 0.58 / train/inv/ce 1.33 / train/inv/confidence 0.34 / train/inv/confidence_gating 0 / train/inv/effective_rep_weight 0.02 / train/inv/head_objective 0.55 / train/inv/head_weight 0 / train/inv/objective 0.55 / train/inv/policy_weight_max 1 / train/inv/policy_weight_mean 1 / train/inv/policy_weight_min 1 / train/inv/policy_weight_std 0 / train/inv/valid_frac 1 / train/inv/weight 0.02 / train/loss/con 0.02 / train/loss/dyn 3.05 / train/loss/image 3.45 / train/loss/inv 0.01 / train/loss/policy -0.01 / train/loss/rep 3.05 / train/loss/repval 0.96 / train/loss/rew 0.58 / train/loss/value 0.89 / replay/replay_ratio 264 / fps/policy 6.49 / fps/train 1661.72

Writing metrics: /home/zhangpeiying01/lfy/btwm-7.7/runs/btwm_dmc_walker_walk_seed0_w002_b11_s0/metrics.jsonl
Writing metrics: /home/zhangpeiying01/lfy/btwm-7.7/runs/btwm_dmc_walker_walk_seed0_w002_b11_s0/scores.jsonl
Saving checkpoint: /home/zhangpeiying01/lfy/btwm-7.7/runs/btwm_dmc_walker_walk_seed0_w002_b11_s0/ckpt/20260717T025407F280926
Saved checkpoint.

--------------------[Agent Step 126_272]--------------------
Metrics filtered by: 'score|length|fps|ratio|train/loss/|train/acc/|train/inv/|train/rand/'
train/acc/inv 0.58 / train/inv/ce 1.34 / train/inv/confidence 0.33 / train/inv/confidence_gating 0 / train/inv/effective_rep_weight 0.02 / train/inv/head_objective 0.56 / train/inv/head_weight 0 / train/inv/objective 0.56 / train/inv/policy_weight_max 1 / train/inv/policy_weight_mean 1 / train/inv/policy_weight_min 1 / train/inv/policy_weight_std 0 / train/inv/valid_frac 1 / train/inv/weight 0.02 / train/loss/con 0.02 / train/loss/dyn 3.08 / train/loss/image 3.47 / train/loss/inv 0.01 / train/loss/policy -0.01 / train/loss/rep 3.08 / train/loss/repval 0.96 / train/loss/rew 0.58 / train/loss/value 0.89 / replay/replay_ratio 264 / fps/policy 6.24 / fps/train 1598.28

Writing metrics: /home/zhangpeiying01/lfy/btwm-7.7/runs/btwm_dmc_walker_walk_seed0_w002_b11_s0/scores.jsonl
Writing metrics: /home/zhangpeiying01/lfy/btwm-7.7/runs/btwm_dmc_walker_walk_seed0_w002_b11_s0/metrics.jsonl

--------------------[Agent Step 127_056]--------------------
Metrics filtered by: 'score|length|fps|ratio|train/loss/|train/acc/|train/inv/|train/rand/'
train/acc/inv 0.58 / train/inv/ce 1.33 / train/inv/confidence 0.34 / train/inv/confidence_gating 0 / train/inv/effective_rep_weight 0.02 / train/inv/head_objective 0.55 / train/inv/head_weight 0 / train/inv/objective 0.55 / train/inv/policy_weight_max 1 / train/inv/policy_weight_mean 1 / train/inv/policy_weight_min 1 / train/inv/policy_weight_std 0 / train/inv/valid_frac 1 / train/inv/weight 0.02 / train/loss/con 0.02 / train/loss/dyn 3.07 / train/loss/image 3.46 / train/loss/inv 0.01 / train/loss/policy -0.01 / train/loss/rep 3.07 / train/loss/repval 0.96 / train/loss/rew 0.58 / train/loss/value 0.89 / replay/replay_ratio 264 / fps/policy 6.52 / fps/train 1669.89

Writing metrics: /home/zhangpeiying01/lfy/btwm-7.7/runs/btwm_dmc_walker_walk_seed0_w002_b11_s0/metrics.jsonl
Writing metrics: /home/zhangpeiying01/lfy/btwm-7.7/runs/btwm_dmc_walker_walk_seed0_w002_b11_s0/scores.jsonl

--------------------[Agent Step 127_840]--------------------
Metrics filtered by: 'score|length|fps|ratio|train/loss/|train/acc/|train/inv/|train/rand/'
train/acc/inv 0.58 / train/inv/ce 1.32 / train/inv/confidence 0.34 / train/inv/confidence_gating 0 / train/inv/effective_rep_weight 0.02 / train/inv/head_objective 0.55 / train/inv/head_weight 0 / train/inv/objective 0.55 / train/inv/policy_weight_max 1 / train/inv/policy_weight_mean 1 / train/inv/policy_weight_min 1 / train/inv/policy_weight_std 0 / train/inv/valid_frac 1 / train/inv/weight 0.02 / train/loss/con 0.02 / train/loss/dyn 3.1 / train/loss/image 3.48 / train/loss/inv 0.01 / train/loss/policy -0.02 / train/loss/rep 3.1 / train/loss/repval 0.96 / train/loss/rew 0.58 / train/loss/value 0.89 / replay/replay_ratio 264 / fps/policy 6.47 / fps/train 1657.06

Writing metrics: /home/zhangpeiying01/lfy/btwm-7.7/runs/btwm_dmc_walker_walk_seed0_w002_b11_s0/metrics.jsonl
Writing metrics: /home/zhangpeiying01/lfy/btwm-7.7/runs/btwm_dmc_walker_walk_seed0_w002_b11_s0/scores.jsonl

--------------------[Agent Step 128_640]--------------------
Metrics filtered by: 'score|length|fps|ratio|train/loss/|train/acc/|train/inv/|train/rand/'
episode/score 942.92 / episode/length 1001 / train/acc/inv 0.57 / train/inv/ce 1.35 / train/inv/confidence 0.33 / train/inv/confidence_gating 0 / train/inv/effective_rep_weight 0.02 / train/inv/head_objective 0.56 / train/inv/head_weight 0 / train/inv/objective 0.56 / train/inv/policy_weight_max 1 / train/inv/policy_weight_mean 1 / train/inv/policy_weight_min 1 / train/inv/policy_weight_std 0 / train/inv/valid_frac 1 / train/inv/weight 0.02 / train/loss/con 0.02 / train/loss/dyn 3.14 / train/loss/image 3.56 / train/loss/inv 0.01 / train/loss/policy -0.02 / train/loss/rep 3.14 / train/loss/repval 0.96 / train/loss/rew 0.58 / train/loss/value 0.89 / replay/replay_ratio 264 / fps/policy 6.56 / fps/train 1680.21

Writing metrics: /home/zhangpeiying01/lfy/btwm-7.7/runs/btwm_dmc_walker_walk_seed0_w002_b11_s0/scores.jsonl
Writing metrics: /home/zhangpeiying01/lfy/btwm-7.7/runs/btwm_dmc_walker_walk_seed0_w002_b11_s0/metrics.jsonl

--------------------[Agent Step 129_424]--------------------
Metrics filtered by: 'score|length|fps|ratio|train/loss/|train/acc/|train/inv/|train/rand/'
train/acc/inv 0.58 / train/inv/ce 1.35 / train/inv/confidence 0.33 / train/inv/confidence_gating 0 / train/inv/effective_rep_weight 0.02 / train/inv/head_objective 0.56 / train/inv/head_weight 0 / train/inv/objective 0.56 / train/inv/policy_weight_max 1 / train/inv/policy_weight_mean 1 / train/inv/policy_weight_min 1 / train/inv/policy_weight_std 0 / train/inv/valid_frac 1 / train/inv/weight 0.02 / train/loss/con 0.02 / train/loss/dyn 3.29 / train/loss/image 3.76 / train/loss/inv 0.01 / train/loss/policy -0.01 / train/loss/rep 3.29 / train/loss/repval 0.96 / train/loss/rew 0.58 / train/loss/value 0.9 / replay/replay_ratio 264 / fps/policy 6.5 / fps/train 1663.46

Writing metrics: /home/zhangpeiying01/lfy/btwm-7.7/runs/btwm_dmc_walker_walk_seed0_w002_b11_s0/metrics.jsonl
Writing metrics: /home/zhangpeiying01/lfy/btwm-7.7/runs/btwm_dmc_walker_walk_seed0_w002_b11_s0/scores.jsonl

--------------------[Agent Step 130_224]--------------------
Metrics filtered by: 'score|length|fps|ratio|train/loss/|train/acc/|train/inv/|train/rand/'
train/acc/inv 0.57 / train/inv/ce 1.35 / train/inv/confidence 0.33 / train/inv/confidence_gating 0 / train/inv/effective_rep_weight 0.02 / train/inv/head_objective 0.56 / train/inv/head_weight 0 / train/inv/objective 0.56 / train/inv/policy_weight_max 1 / train/inv/policy_weight_mean 1 / train/inv/policy_weight_min 1 / train/inv/policy_weight_std 0 / train/inv/valid_frac 1 / train/inv/weight 0.02 / train/loss/con 0.02 / train/loss/dyn 3.09 / train/loss/image 3.64 / train/loss/inv 0.01 / train/loss/policy -0.02 / train/loss/rep 3.09 / train/loss/repval 0.96 / train/loss/rew 0.58 / train/loss/value 0.9 / replay/replay_ratio 264 / fps/policy 6.57 / fps/train 1682.5

Writing metrics: /home/zhangpeiying01/lfy/btwm-7.7/runs/btwm_dmc_walker_walk_seed0_w002_b11_s0/metrics.jsonl
Writing metrics: /home/zhangpeiying01/lfy/btwm-7.7/runs/btwm_dmc_walker_walk_seed0_w002_b11_s0/scores.jsonl

--------------------[Agent Step 131_008]--------------------
Metrics filtered by: 'score|length|fps|ratio|train/loss/|train/acc/|train/inv/|train/rand/'
train/acc/inv 0.57 / train/inv/ce 1.35 / train/inv/confidence 0.33 / train/inv/confidence_gating 0 / train/inv/effective_rep_weight 0.02 / train/inv/head_objective 0.56 / train/inv/head_weight 0 / train/inv/objective 0.56 / train/inv/policy_weight_max 1 / train/inv/policy_weight_mean 1 / train/inv/policy_weight_min 1 / train/inv/policy_weight_std 0 / train/inv/valid_frac 1 / train/inv/weight 0.02 / train/loss/con 0.02 / train/loss/dyn 3.16 / train/loss/image 3.62 / train/loss/inv 0.01 / train/loss/policy -0.01 / train/loss/rep 3.16 / train/loss/repval 0.96 / train/loss/rew 0.58 / train/loss/value 0.9 / replay/replay_ratio 264 / fps/policy 6.46 / fps/train 1653.61

Writing metrics: /home/zhangpeiying01/lfy/btwm-7.7/runs/btwm_dmc_walker_walk_seed0_w002_b11_s0/metrics.jsonl
Writing metrics: /home/zhangpeiying01/lfy/btwm-7.7/runs/btwm_dmc_walker_walk_seed0_w002_b11_s0/scores.jsonl

--------------------[Agent Step 131_792]--------------------
Metrics filtered by: 'score|length|fps|ratio|train/loss/|train/acc/|train/inv/|train/rand/'
train/acc/inv 0.57 / train/inv/ce 1.36 / train/inv/confidence 0.33 / train/inv/confidence_gating 0 / train/inv/effective_rep_weight 0.02 / train/inv/head_objective 0.57 / train/inv/head_weight 0 / train/inv/objective 0.57 / train/inv/policy_weight_max 1 / train/inv/policy_weight_mean 1 / train/inv/policy_weight_min 1 / train/inv/policy_weight_std 0 / train/inv/valid_frac 1 / train/inv/weight 0.02 / train/loss/con 0.02 / train/loss/dyn 3.04 / train/loss/image 3.54 / train/loss/inv 0.01 / train/loss/policy -0.01 / train/loss/rep 3.04 / train/loss/repval 0.96 / train/loss/rew 0.58 / train/loss/value 0.9 / replay/replay_ratio 264 / fps/policy 6.51 / fps/train 1667.49

Writing metrics: /home/zhangpeiying01/lfy/btwm-7.7/runs/btwm_dmc_walker_walk_seed0_w002_b11_s0/metrics.jsonl
Writing metrics: /home/zhangpeiying01/lfy/btwm-7.7/runs/btwm_dmc_walker_walk_seed0_w002_b11_s0/scores.jsonl

--------------------[Agent Step 132_576]--------------------
Metrics filtered by: 'score|length|fps|ratio|train/loss/|train/acc/|train/inv/|train/rand/'
train/acc/inv 0.57 / train/inv/ce 1.36 / train/inv/confidence 0.33 / train/inv/confidence_gating 0 / train/inv/effective_rep_weight 0.02 / train/inv/head_objective 0.57 / train/inv/head_weight 0 / train/inv/objective 0.57 / train/inv/policy_weight_max 1 / train/inv/policy_weight_mean 1 / train/inv/policy_weight_min 1 / train/inv/policy_weight_std 0 / train/inv/valid_frac 1 / train/inv/weight 0.02 / train/loss/con 0.02 / train/loss/dyn 3.08 / train/loss/image 3.51 / train/loss/inv 0.01 / train/loss/policy -0.02 / train/loss/rep 3.08 / train/loss/repval 0.96 / train/loss/rew 0.58 / train/loss/value 0.9 / replay/replay_ratio 264 / fps/policy 6.45 / fps/train 1651.7

Writing metrics: /home/zhangpeiying01/lfy/btwm-7.7/runs/btwm_dmc_walker_walk_seed0_w002_b11_s0/scores.jsonl
Writing metrics: /home/zhangpeiying01/lfy/btwm-7.7/runs/btwm_dmc_walker_walk_seed0_w002_b11_s0/metrics.jsonl

--------------------[Agent Step 133_360]--------------------
Metrics filtered by: 'score|length|fps|ratio|train/loss/|train/acc/|train/inv/|train/rand/'
train/acc/inv 0.57 / train/inv/ce 1.35 / train/inv/confidence 0.33 / train/inv/confidence_gating 0 / train/inv/effective_rep_weight 0.02 / train/inv/head_objective 0.56 / train/inv/head_weight 0 / train/inv/objective 0.56 / train/inv/policy_weight_max 1 / train/inv/policy_weight_mean 1 / train/inv/policy_weight_min 1 / train/inv/policy_weight_std 0 / train/inv/valid_frac 1 / train/inv/weight 0.02 / train/loss/con 0.02 / train/loss/dyn 3.05 / train/loss/image 3.51 / train/loss/inv 0.01 / train/loss/policy -0.02 / train/loss/rep 3.05 / train/loss/repval 0.96 / train/loss/rew 0.58 / train/loss/value 0.9 / replay/replay_ratio 264 / fps/policy 6.47 / fps/train 1657.55

Writing metrics: /home/zhangpeiying01/lfy/btwm-7.7/runs/btwm_dmc_walker_walk_seed0_w002_b11_s0/metrics.jsonl
Writing metrics: /home/zhangpeiying01/lfy/btwm-7.7/runs/btwm_dmc_walker_walk_seed0_w002_b11_s0/scores.jsonl

--------------------[Agent Step 134_160]--------------------
Metrics filtered by: 'score|length|fps|ratio|train/loss/|train/acc/|train/inv/|train/rand/'
train/acc/inv 0.57 / train/inv/ce 1.36 / train/inv/confidence 0.33 / train/inv/confidence_gating 0 / train/inv/effective_rep_weight 0.02 / train/inv/head_objective 0.57 / train/inv/head_weight 0 / train/inv/objective 0.57 / train/inv/policy_weight_max 1 / train/inv/policy_weight_mean 1 / train/inv/policy_weight_min 1 / train/inv/policy_weight_std 0 / train/inv/valid_frac 1 / train/inv/weight 0.02 / train/loss/con 0.02 / train/loss/dyn 3.09 / train/loss/image 3.5 / train/loss/inv 0.01 / train/loss/policy -0.02 / train/loss/rep 3.09 / train/loss/repval 0.96 / train/loss/rew 0.58 / train/loss/value 0.89 / replay/replay_ratio 264 / fps/policy 6.52 / fps/train 1670.14

Writing metrics: /home/zhangpeiying01/lfy/btwm-7.7/runs/btwm_dmc_walker_walk_seed0_w002_b11_s0/metrics.jsonl
Writing metrics: /home/zhangpeiying01/lfy/btwm-7.7/runs/btwm_dmc_walker_walk_seed0_w002_b11_s0/scores.jsonl

--------------------[Agent Step 134_944]--------------------
Metrics filtered by: 'score|length|fps|ratio|train/loss/|train/acc/|train/inv/|train/rand/'
train/acc/inv 0.57 / train/inv/ce 1.35 / train/inv/confidence 0.33 / train/inv/confidence_gating 0 / train/inv/effective_rep_weight 0.02 / train/inv/head_objective 0.56 / train/inv/head_weight 0 / train/inv/objective 0.56 / train/inv/policy_weight_max 1 / train/inv/policy_weight_mean 1 / train/inv/policy_weight_min 1 / train/inv/policy_weight_std 0 / train/inv/valid_frac 1 / train/inv/weight 0.02 / train/loss/con 0.02 / train/loss/dyn 3.03 / train/loss/image 3.45 / train/loss/inv 0.01 / train/loss/policy -0.01 / train/loss/rep 3.03 / train/loss/repval 0.95 / train/loss/rew 0.58 / train/loss/value 0.89 / replay/replay_ratio 264 / fps/policy 6.49 / fps/train 1662.38

Writing metrics: /home/zhangpeiying01/lfy/btwm-7.7/runs/btwm_dmc_walker_walk_seed0_w002_b11_s0/scores.jsonl
Writing metrics: /home/zhangpeiying01/lfy/btwm-7.7/runs/btwm_dmc_walker_walk_seed0_w002_b11_s0/metrics.jsonl

--------------------[Agent Step 135_728]--------------------
Metrics filtered by: 'score|length|fps|ratio|train/loss/|train/acc/|train/inv/|train/rand/'
train/acc/inv 0.58 / train/inv/ce 1.35 / train/inv/confidence 0.33 / train/inv/confidence_gating 0 / train/inv/effective_rep_weight 0.02 / train/inv/head_objective 0.56 / train/inv/head_weight 0 / train/inv/objective 0.56 / train/inv/policy_weight_max 1 / train/inv/policy_weight_mean 1 / train/inv/policy_weight_min 1 / train/inv/policy_weight_std 0 / train/inv/valid_frac 1 / train/inv/weight 0.02 / train/loss/con 0.02 / train/loss/dyn 3.09 / train/loss/image 3.49 / train/loss/inv 0.01 / train/loss/policy -0.01 / train/loss/rep 3.09 / train/loss/repval 0.95 / train/loss/rew 0.58 / train/loss/value 0.89 / replay/replay_ratio 264 / fps/policy 6.5 / fps/train 1662.9

Writing metrics: /home/zhangpeiying01/lfy/btwm-7.7/runs/btwm_dmc_walker_walk_seed0_w002_b11_s0/metrics.jsonl
Writing metrics: /home/zhangpeiying01/lfy/btwm-7.7/runs/btwm_dmc_walker_walk_seed0_w002_b11_s0/scores.jsonl

--------------------[Agent Step 136_512]--------------------
Metrics filtered by: 'score|length|fps|ratio|train/loss/|train/acc/|train/inv/|train/rand/'
train/acc/inv 0.58 / train/inv/ce 1.34 / train/inv/confidence 0.33 / train/inv/confidence_gating 0 / train/inv/effective_rep_weight 0.02 / train/inv/head_objective 0.56 / train/inv/head_weight 0 / train/inv/objective 0.56 / train/inv/policy_weight_max 1 / train/inv/policy_weight_mean 1 / train/inv/policy_weight_min 1 / train/inv/policy_weight_std 0 / train/inv/valid_frac 1 / train/inv/weight 0.02 / train/loss/con 0.02 / train/loss/dyn 3.04 / train/loss/image 3.43 / train/loss/inv 0.01 / train/loss/policy -0.01 / train/loss/rep 3.04 / train/loss/repval 0.95 / train/loss/rew 0.58 / train/loss/value 0.89 / replay/replay_ratio 264 / fps/policy 6.5 / fps/train 1664.28

Writing metrics: /home/zhangpeiying01/lfy/btwm-7.7/runs/btwm_dmc_walker_walk_seed0_w002_b11_s0/scores.jsonl
Writing metrics: /home/zhangpeiying01/lfy/btwm-7.7/runs/btwm_dmc_walker_walk_seed0_w002_b11_s0/metrics.jsonl

--------------------[Agent Step 137_296]--------------------
Metrics filtered by: 'score|length|fps|ratio|train/loss/|train/acc/|train/inv/|train/rand/'
train/acc/inv 0.58 / train/inv/ce 1.35 / train/inv/confidence 0.33 / train/inv/confidence_gating 0 / train/inv/effective_rep_weight 0.02 / train/inv/head_objective 0.56 / train/inv/head_weight 0 / train/inv/objective 0.56 / train/inv/policy_weight_max 1 / train/inv/policy_weight_mean 1 / train/inv/policy_weight_min 1 / train/inv/policy_weight_std 0 / train/inv/valid_frac 1 / train/inv/weight 0.02 / train/loss/con 0.02 / train/loss/dyn 3.06 / train/loss/image 3.42 / train/loss/inv 0.01 / train/loss/policy -0.01 / train/loss/rep 3.06 / train/loss/repval 0.96 / train/loss/rew 0.58 / train/loss/value 0.89 / replay/replay_ratio 264 / fps/policy 6.52 / fps/train 1669.79

Writing metrics: /home/zhangpeiying01/lfy/btwm-7.7/runs/btwm_dmc_walker_walk_seed0_w002_b11_s0/metrics.jsonl
Writing metrics: /home/zhangpeiying01/lfy/btwm-7.7/runs/btwm_dmc_walker_walk_seed0_w002_b11_s0/scores.jsonl

--------------------[Agent Step 138_080]--------------------
Metrics filtered by: 'score|length|fps|ratio|train/loss/|train/acc/|train/inv/|train/rand/'
train/acc/inv 0.57 / train/inv/ce 1.36 / train/inv/confidence 0.33 / train/inv/confidence_gating 0 / train/inv/effective_rep_weight 0.02 / train/inv/head_objective 0.57 / train/inv/head_weight 0 / train/inv/objective 0.57 / train/inv/policy_weight_max 1 / train/inv/policy_weight_mean 1 / train/inv/policy_weight_min 1 / train/inv/policy_weight_std 0 / train/inv/valid_frac 1 / train/inv/weight 0.02 / train/loss/con 0.02 / train/loss/dyn 3.05 / train/loss/image 3.4 / train/loss/inv 0.01 / train/loss/policy -0.01 / train/loss/rep 3.05 / train/loss/repval 0.95 / train/loss/rew 0.59 / train/loss/value 0.88 / replay/replay_ratio 264 / fps/policy 6.49 / fps/train 1662.7

Writing metrics: /home/zhangpeiying01/lfy/btwm-7.7/runs/btwm_dmc_walker_walk_seed0_w002_b11_s0/metrics.jsonl
Writing metrics: /home/zhangpeiying01/lfy/btwm-7.7/runs/btwm_dmc_walker_walk_seed0_w002_b11_s0/scores.jsonl

--------------------[Agent Step 138_864]--------------------
Metrics filtered by: 'score|length|fps|ratio|train/loss/|train/acc/|train/inv/|train/rand/'
train/acc/inv 0.58 / train/inv/ce 1.35 / train/inv/confidence 0.33 / train/inv/confidence_gating 0 / train/inv/effective_rep_weight 0.02 / train/inv/head_objective 0.56 / train/inv/head_weight 0 / train/inv/objective 0.56 / train/inv/policy_weight_max 1 / train/inv/policy_weight_mean 1 / train/inv/policy_weight_min 1 / train/inv/policy_weight_std 0 / train/inv/valid_frac 1 / train/inv/weight 0.02 / train/loss/con 0.02 / train/loss/dyn 3.03 / train/loss/image 3.39 / train/loss/inv 0.01 / train/loss/policy -0.01 / train/loss/rep 3.03 / train/loss/repval 0.95 / train/loss/rew 0.58 / train/loss/value 0.89 / replay/replay_ratio 264 / fps/policy 6.49 / fps/train 1662.15

Writing metrics: /home/zhangpeiying01/lfy/btwm-7.7/runs/btwm_dmc_walker_walk_seed0_w002_b11_s0/metrics.jsonl
Writing metrics: /home/zhangpeiying01/lfy/btwm-7.7/runs/btwm_dmc_walker_walk_seed0_w002_b11_s0/scores.jsonl

--------------------[Agent Step 139_648]--------------------
Metrics filtered by: 'score|length|fps|ratio|train/loss/|train/acc/|train/inv/|train/rand/'
train/acc/inv 0.58 / train/inv/ce 1.34 / train/inv/confidence 0.33 / train/inv/confidence_gating 0 / train/inv/effective_rep_weight 0.02 / train/inv/head_objective 0.56 / train/inv/head_weight 0 / train/inv/objective 0.56 / train/inv/policy_weight_max 1 / train/inv/policy_weight_mean 1 / train/inv/policy_weight_min 1 / train/inv/policy_weight_std 0 / train/inv/valid_frac 1 / train/inv/weight 0.02 / train/loss/con 0.02 / train/loss/dyn 3.06 / train/loss/image 3.41 / train/loss/inv 0.01 / train/loss/policy -0.01 / train/loss/rep 3.06 / train/loss/repval 0.96 / train/loss/rew 0.58 / train/loss/value 0.89 / replay/replay_ratio 264 / fps/policy 6.48 / fps/train 1657.67

Writing metrics: /home/zhangpeiying01/lfy/btwm-7.7/runs/btwm_dmc_walker_walk_seed0_w002_b11_s0/metrics.jsonl
Writing metrics: /home/zhangpeiying01/lfy/btwm-7.7/runs/btwm_dmc_walker_walk_seed0_w002_b11_s0/scores.jsonl

--------------------[Agent Step 140_448]--------------------
Metrics filtered by: 'score|length|fps|ratio|train/loss/|train/acc/|train/inv/|train/rand/'
train/acc/inv 0.57 / train/inv/ce 1.36 / train/inv/confidence 0.33 / train/inv/confidence_gating 0 / train/inv/effective_rep_weight 0.02 / train/inv/head_objective 0.57 / train/inv/head_weight 0 / train/inv/objective 0.57 / train/inv/policy_weight_max 1 / train/inv/policy_weight_mean 1 / train/inv/policy_weight_min 1 / train/inv/policy_weight_std 0 / train/inv/valid_frac 1 / train/inv/weight 0.02 / train/loss/con 0.02 / train/loss/dyn 3 / train/loss/image 3.35 / train/loss/inv 0.01 / train/loss/policy -0.01 / train/loss/rep 3 / train/loss/repval 0.95 / train/loss/rew 0.59 / train/loss/value 0.88 / replay/replay_ratio 264 / fps/policy 6.55 / fps/train 1676.36

Writing metrics: /home/zhangpeiying01/lfy/btwm-7.7/runs/btwm_dmc_walker_walk_seed0_w002_b11_s0/scores.jsonl
Writing metrics: /home/zhangpeiying01/lfy/btwm-7.7/runs/btwm_dmc_walker_walk_seed0_w002_b11_s0/metrics.jsonl

--------------------[Agent Step 141_232]--------------------
Metrics filtered by: 'score|length|fps|ratio|train/loss/|train/acc/|train/inv/|train/rand/'
train/acc/inv 0.57 / train/inv/ce 1.36 / train/inv/confidence 0.32 / train/inv/confidence_gating 0 / train/inv/effective_rep_weight 0.02 / train/inv/head_objective 0.57 / train/inv/head_weight 0 / train/inv/objective 0.57 / train/inv/policy_weight_max 1 / train/inv/policy_weight_mean 1 / train/inv/policy_weight_min 1 / train/inv/policy_weight_std 0 / train/inv/valid_frac 1 / train/inv/weight 0.02 / train/loss/con 0.02 / train/loss/dyn 3.05 / train/loss/image 3.35 / train/loss/inv 0.01 / train/loss/policy -0.01 / train/loss/rep 3.05 / train/loss/repval 0.94 / train/loss/rew 0.59 / train/loss/value 0.88 / replay/replay_ratio 264 / fps/policy 6.51 / fps/train 1667.66

Writing metrics: /home/zhangpeiying01/lfy/btwm-7.7/runs/btwm_dmc_walker_walk_seed0_w002_b11_s0/metrics.jsonl
Writing metrics: /home/zhangpeiying01/lfy/btwm-7.7/runs/btwm_dmc_walker_walk_seed0_w002_b11_s0/scores.jsonl

--------------------[Agent Step 142_016]--------------------
Metrics filtered by: 'score|length|fps|ratio|train/loss/|train/acc/|train/inv/|train/rand/'
train/acc/inv 0.57 / train/inv/ce 1.36 / train/inv/confidence 0.33 / train/inv/confidence_gating 0 / train/inv/effective_rep_weight 0.02 / train/inv/head_objective 0.57 / train/inv/head_weight 0 / train/inv/objective 0.57 / train/inv/policy_weight_max 1 / train/inv/policy_weight_mean 1 / train/inv/policy_weight_min 1 / train/inv/policy_weight_std 0 / train/inv/valid_frac 1 / train/inv/weight 0.02 / train/loss/con 0.02 / train/loss/dyn 3 / train/loss/image 3.35 / train/loss/inv 0.01 / train/loss/policy -0.02 / train/loss/rep 3 / train/loss/repval 0.94 / train/loss/rew 0.59 / train/loss/value 0.87 / replay/replay_ratio 264 / fps/policy 6.47 / fps/train 1657.07

Writing metrics: /home/zhangpeiying01/lfy/btwm-7.7/runs/btwm_dmc_walker_walk_seed0_w002_b11_s0/metrics.jsonl
Writing metrics: /home/zhangpeiying01/lfy/btwm-7.7/runs/btwm_dmc_walker_walk_seed0_w002_b11_s0/scores.jsonl

--------------------[Agent Step 142_800]--------------------
Metrics filtered by: 'score|length|fps|ratio|train/loss/|train/acc/|train/inv/|train/rand/'
train/acc/inv 0.57 / train/inv/ce 1.38 / train/inv/confidence 0.32 / train/inv/confidence_gating 0 / train/inv/effective_rep_weight 0.02 / train/inv/head_objective 0.57 / train/inv/head_weight 0 / train/inv/objective 0.57 / train/inv/policy_weight_max 1 / train/inv/policy_weight_mean 1 / train/inv/policy_weight_min 1 / train/inv/policy_weight_std 0 / train/inv/valid_frac 1 / train/inv/weight 0.02 / train/loss/con 0.02 / train/loss/dyn 3.03 / train/loss/image 3.33 / train/loss/inv 0.01 / train/loss/policy -0.02 / train/loss/rep 3.03 / train/loss/repval 0.94 / train/loss/rew 0.59 / train/loss/value 0.87 / replay/replay_ratio 264 / fps/policy 6.45 / fps/train 1650.51

Writing metrics: /home/zhangpeiying01/lfy/btwm-7.7/runs/btwm_dmc_walker_walk_seed0_w002_b11_s0/metrics.jsonl
Writing metrics: /home/zhangpeiying01/lfy/btwm-7.7/runs/btwm_dmc_walker_walk_seed0_w002_b11_s0/scores.jsonl

--------------------[Agent Step 143_584]--------------------
Metrics filtered by: 'score|length|fps|ratio|train/loss/|train/acc/|train/inv/|train/rand/'
train/acc/inv 0.57 / train/inv/ce 1.36 / train/inv/confidence 0.33 / train/inv/confidence_gating 0 / train/inv/effective_rep_weight 0.02 / train/inv/head_objective 0.57 / train/inv/head_weight 0 / train/inv/objective 0.57 / train/inv/policy_weight_max 1 / train/inv/policy_weight_mean 1 / train/inv/policy_weight_min 1 / train/inv/policy_weight_std 0 / train/inv/valid_frac 1 / train/inv/weight 0.02 / train/loss/con 0.02 / train/loss/dyn 2.98 / train/loss/image 3.3 / train/loss/inv 0.01 / train/loss/policy -0.02 / train/loss/rep 2.98 / train/loss/repval 0.94 / train/loss/rew 0.59 / train/loss/value 0.88 / replay/replay_ratio 264 / fps/policy 6.53 / fps/train 1672.95

Writing metrics: /home/zhangpeiying01/lfy/btwm-7.7/runs/btwm_dmc_walker_walk_seed0_w002_b11_s0/metrics.jsonl
Writing metrics: /home/zhangpeiying01/lfy/btwm-7.7/runs/btwm_dmc_walker_walk_seed0_w002_b11_s0/scores.jsonl

--------------------[Agent Step 144_368]--------------------
Metrics filtered by: 'score|length|fps|ratio|train/loss/|train/acc/|train/inv/|train/rand/'
episode/score 933.6 / episode/length 1001 / train/acc/inv 0.57 / train/inv/ce 1.36 / train/inv/confidence 0.33 / train/inv/confidence_gating 0 / train/inv/effective_rep_weight 0.02 / train/inv/head_objective 0.57 / train/inv/head_weight 0 / train/inv/objective 0.57 / train/inv/policy_weight_max 1 / train/inv/policy_weight_mean 1 / train/inv/policy_weight_min 1 / train/inv/policy_weight_std 0 / train/inv/valid_frac 1 / train/inv/weight 0.02 / train/loss/con 0.02 / train/loss/dyn 3.01 / train/loss/image 3.29 / train/loss/inv 0.01 / train/loss/policy -0.01 / train/loss/rep 3.01 / train/loss/repval 0.94 / train/loss/rew 0.59 / train/loss/value 0.88 / replay/replay_ratio 264 / fps/policy 6.47 / fps/train 1655.29

Writing metrics: /home/zhangpeiying01/lfy/btwm-7.7/runs/btwm_dmc_walker_walk_seed0_w002_b11_s0/metrics.jsonl
Writing metrics: /home/zhangpeiying01/lfy/btwm-7.7/runs/btwm_dmc_walker_walk_seed0_w002_b11_s0/scores.jsonl

--------------------[Agent Step 145_152]--------------------
Metrics filtered by: 'score|length|fps|ratio|train/loss/|train/acc/|train/inv/|train/rand/'
train/acc/inv 0.56 / train/inv/ce 1.4 / train/inv/confidence 0.31 / train/inv/confidence_gating 0 / train/inv/effective_rep_weight 0.02 / train/inv/head_objective 0.58 / train/inv/head_weight 0 / train/inv/objective 0.58 / train/inv/policy_weight_max 1 / train/inv/policy_weight_mean 1 / train/inv/policy_weight_min 1 / train/inv/policy_weight_std 0 / train/inv/valid_frac 1 / train/inv/weight 0.02 / train/loss/con 0.02 / train/loss/dyn 3.23 / train/loss/image 3.58 / train/loss/inv 0.01 / train/loss/policy -0.01 / train/loss/rep 3.23 / train/loss/repval 0.94 / train/loss/rew 0.59 / train/loss/value 0.88 / replay/replay_ratio 264 / fps/policy 6.46 / fps/train 1653.43

Writing metrics: /home/zhangpeiying01/lfy/btwm-7.7/runs/btwm_dmc_walker_walk_seed0_w002_b11_s0/scores.jsonl
Writing metrics: /home/zhangpeiying01/lfy/btwm-7.7/runs/btwm_dmc_walker_walk_seed0_w002_b11_s0/metrics.jsonl

--------------------[Agent Step 145_936]--------------------
Metrics filtered by: 'score|length|fps|ratio|train/loss/|train/acc/|train/inv/|train/rand/'
train/acc/inv 0.56 / train/inv/ce 1.39 / train/inv/confidence 0.32 / train/inv/confidence_gating 0 / train/inv/effective_rep_weight 0.02 / train/inv/head_objective 0.58 / train/inv/head_weight 0 / train/inv/objective 0.58 / train/inv/policy_weight_max 1 / train/inv/policy_weight_mean 1 / train/inv/policy_weight_min 1 / train/inv/policy_weight_std 0 / train/inv/valid_frac 1 / train/inv/weight 0.02 / train/loss/con 0.02 / train/loss/dyn 3.16 / train/loss/image 3.58 / train/loss/inv 0.01 / train/loss/policy -0.01 / train/loss/rep 3.16 / train/loss/repval 0.94 / train/loss/rew 0.59 / train/loss/value 0.88 / replay/replay_ratio 264 / fps/policy 6.51 / fps/train 1666.77

Writing metrics: /home/zhangpeiying01/lfy/btwm-7.7/runs/btwm_dmc_walker_walk_seed0_w002_b11_s0/metrics.jsonl
Writing metrics: /home/zhangpeiying01/lfy/btwm-7.7/runs/btwm_dmc_walker_walk_seed0_w002_b11_s0/scores.jsonl

--------------------[Agent Step 146_736]--------------------
Metrics filtered by: 'score|length|fps|ratio|train/loss/|train/acc/|train/inv/|train/rand/'
train/acc/inv 0.56 / train/inv/ce 1.39 / train/inv/confidence 0.31 / train/inv/confidence_gating 0 / train/inv/effective_rep_weight 0.02 / train/inv/head_objective 0.58 / train/inv/head_weight 0 / train/inv/objective 0.58 / train/inv/policy_weight_max 1 / train/inv/policy_weight_mean 1 / train/inv/policy_weight_min 1 / train/inv/policy_weight_std 0 / train/inv/valid_frac 1 / train/inv/weight 0.02 / train/loss/con 0.02 / train/loss/dyn 3.04 / train/loss/image 3.46 / train/loss/inv 0.01 / train/loss/policy -0.01 / train/loss/rep 3.04 / train/loss/repval 0.94 / train/loss/rew 0.59 / train/loss/value 0.88 / replay/replay_ratio 264 / fps/policy 6.53 / fps/train 1671.65

Writing metrics: /home/zhangpeiying01/lfy/btwm-7.7/runs/btwm_dmc_walker_walk_seed0_w002_b11_s0/metrics.jsonl
Writing metrics: /home/zhangpeiying01/lfy/btwm-7.7/runs/btwm_dmc_walker_walk_seed0_w002_b11_s0/scores.jsonl

--------------------[Agent Step 147_520]--------------------
Metrics filtered by: 'score|length|fps|ratio|train/loss/|train/acc/|train/inv/|train/rand/'
train/acc/inv 0.57 / train/inv/ce 1.38 / train/inv/confidence 0.32 / train/inv/confidence_gating 0 / train/inv/effective_rep_weight 0.02 / train/inv/head_objective 0.58 / train/inv/head_weight 0 / train/inv/objective 0.58 / train/inv/policy_weight_max 1 / train/inv/policy_weight_mean 1 / train/inv/policy_weight_min 1 / train/inv/policy_weight_std 0 / train/inv/valid_frac 1 / train/inv/weight 0.02 / train/loss/con 0.02 / train/loss/dyn 2.99 / train/loss/image 3.35 / train/loss/inv 0.01 / train/loss/policy -0.02 / train/loss/rep 2.99 / train/loss/repval 0.94 / train/loss/rew 0.59 / train/loss/value 0.88 / replay/replay_ratio 264 / fps/policy 6.46 / fps/train 1652.88

Writing metrics: /home/zhangpeiying01/lfy/btwm-7.7/runs/btwm_dmc_walker_walk_seed0_w002_b11_s0/metrics.jsonl
Writing metrics: /home/zhangpeiying01/lfy/btwm-7.7/runs/btwm_dmc_walker_walk_seed0_w002_b11_s0/scores.jsonl

--------------------[Agent Step 148_304]--------------------
Metrics filtered by: 'score|length|fps|ratio|train/loss/|train/acc/|train/inv/|train/rand/'
train/acc/inv 0.57 / train/inv/ce 1.37 / train/inv/confidence 0.32 / train/inv/confidence_gating 0 / train/inv/effective_rep_weight 0.02 / train/inv/head_objective 0.57 / train/inv/head_weight 0 / train/inv/objective 0.57 / train/inv/policy_weight_max 1 / train/inv/policy_weight_mean 1 / train/inv/policy_weight_min 1 / train/inv/policy_weight_std 0 / train/inv/valid_frac 1 / train/inv/weight 0.02 / train/loss/con 0.02 / train/loss/dyn 3.01 / train/loss/image 3.35 / train/loss/inv 0.01 / train/loss/policy -0.02 / train/loss/rep 3.01 / train/loss/repval 0.95 / train/loss/rew 0.59 / train/loss/value 0.88 / replay/replay_ratio 264 / fps/policy 6.51 / fps/train 1667.73

Writing metrics: /home/zhangpeiying01/lfy/btwm-7.7/runs/btwm_dmc_walker_walk_seed0_w002_b11_s0/metrics.jsonl
Writing metrics: /home/zhangpeiying01/lfy/btwm-7.7/runs/btwm_dmc_walker_walk_seed0_w002_b11_s0/scores.jsonl

--------------------[Agent Step 149_088]--------------------
Metrics filtered by: 'score|length|fps|ratio|train/loss/|train/acc/|train/inv/|train/rand/'
train/acc/inv 0.56 / train/inv/ce 1.4 / train/inv/confidence 0.31 / train/inv/confidence_gating 0 / train/inv/effective_rep_weight 0.02 / train/inv/head_objective 0.58 / train/inv/head_weight 0 / train/inv/objective 0.58 / train/inv/policy_weight_max 1 / train/inv/policy_weight_mean 1 / train/inv/policy_weight_min 1 / train/inv/policy_weight_std 0 / train/inv/valid_frac 1 / train/inv/weight 0.02 / train/loss/con 0.02 / train/loss/dyn 3.09 / train/loss/image 3.38 / train/loss/inv 0.01 / train/loss/policy -0.01 / train/loss/rep 3.09 / train/loss/repval 0.94 / train/loss/rew 0.59 / train/loss/value 0.88 / replay/replay_ratio 264 / fps/policy 6.53 / fps/train 1671.9

Writing metrics: /home/zhangpeiying01/lfy/btwm-7.7/runs/btwm_dmc_walker_walk_seed0_w002_b11_s0/scores.jsonl
Writing metrics: /home/zhangpeiying01/lfy/btwm-7.7/runs/btwm_dmc_walker_walk_seed0_w002_b11_s0/metrics.jsonl
Saving checkpoint: /home/zhangpeiying01/lfy/btwm-7.7/runs/btwm_dmc_walker_walk_seed0_w002_b11_s0/ckpt/20260717T035409F113587
Saved checkpoint.

--------------------[Agent Step 149_856]--------------------
Metrics filtered by: 'score|length|fps|ratio|train/loss/|train/acc/|train/inv/|train/rand/'
train/acc/inv 0.57 / train/inv/ce 1.38 / train/inv/confidence 0.32 / train/inv/confidence_gating 0 / train/inv/effective_rep_weight 0.02 / train/inv/head_objective 0.58 / train/inv/head_weight 0 / train/inv/objective 0.58 / train/inv/policy_weight_max 1 / train/inv/policy_weight_mean 1 / train/inv/policy_weight_min 1 / train/inv/policy_weight_std 0 / train/inv/valid_frac 1 / train/inv/weight 0.02 / train/loss/con 0.02 / train/loss/dyn 2.97 / train/loss/image 3.33 / train/loss/inv 0.01 / train/loss/policy -0.01 / train/loss/rep 2.97 / train/loss/repval 0.95 / train/loss/rew 0.59 / train/loss/value 0.88 / replay/replay_ratio 264 / fps/policy 6.32 / fps/train 1616.97

Writing metrics: /home/zhangpeiying01/lfy/btwm-7.7/runs/btwm_dmc_walker_walk_seed0_w002_b11_s0/metrics.jsonl
Writing metrics: /home/zhangpeiying01/lfy/btwm-7.7/runs/btwm_dmc_walker_walk_seed0_w002_b11_s0/scores.jsonl

--------------------[Agent Step 150_640]--------------------
Metrics filtered by: 'score|length|fps|ratio|train/loss/|train/acc/|train/inv/|train/rand/'
train/acc/inv 0.57 / train/inv/ce 1.38 / train/inv/confidence 0.32 / train/inv/confidence_gating 0 / train/inv/effective_rep_weight 0.02 / train/inv/head_objective 0.57 / train/inv/head_weight 0 / train/inv/objective 0.57 / train/inv/policy_weight_max 1 / train/inv/policy_weight_mean 1 / train/inv/policy_weight_min 1 / train/inv/policy_weight_std 0 / train/inv/valid_frac 1 / train/inv/weight 0.02 / train/loss/con 0.02 / train/loss/dyn 3.02 / train/loss/image 3.31 / train/loss/inv 0.01 / train/loss/policy -0.01 / train/loss/rep 3.02 / train/loss/repval 0.95 / train/loss/rew 0.59 / train/loss/value 0.88 / replay/replay_ratio 264 / fps/policy 6.47 / fps/train 1655.56

Writing metrics: /home/zhangpeiying01/lfy/btwm-7.7/runs/btwm_dmc_walker_walk_seed0_w002_b11_s0/scores.jsonl
Writing metrics: /home/zhangpeiying01/lfy/btwm-7.7/runs/btwm_dmc_walker_walk_seed0_w002_b11_s0/metrics.jsonl

--------------------[Agent Step 151_424]--------------------
Metrics filtered by: 'score|length|fps|ratio|train/loss/|train/acc/|train/inv/|train/rand/'
train/acc/inv 0.56 / train/inv/ce 1.4 / train/inv/confidence 0.31 / train/inv/confidence_gating 0 / train/inv/effective_rep_weight 0.02 / train/inv/head_objective 0.58 / train/inv/head_weight 0 / train/inv/objective 0.58 / train/inv/policy_weight_max 1 / train/inv/policy_weight_mean 1 / train/inv/policy_weight_min 1 / train/inv/policy_weight_std 0 / train/inv/valid_frac 1 / train/inv/weight 0.02 / train/loss/con 0.02 / train/loss/dyn 3.01 / train/loss/image 3.3 / train/loss/inv 0.01 / train/loss/policy -0.01 / train/loss/rep 3.01 / train/loss/repval 0.94 / train/loss/rew 0.59 / train/loss/value 0.87 / replay/replay_ratio 264 / fps/policy 6.5 / fps/train 1663.19

Writing metrics: /home/zhangpeiying01/lfy/btwm-7.7/runs/btwm_dmc_walker_walk_seed0_w002_b11_s0/metrics.jsonl
Writing metrics: /home/zhangpeiying01/lfy/btwm-7.7/runs/btwm_dmc_walker_walk_seed0_w002_b11_s0/scores.jsonl

--------------------[Agent Step 152_208]--------------------
Metrics filtered by: 'score|length|fps|ratio|train/loss/|train/acc/|train/inv/|train/rand/'
train/acc/inv 0.56 / train/inv/ce 1.39 / train/inv/confidence 0.31 / train/inv/confidence_gating 0 / train/inv/effective_rep_weight 0.02 / train/inv/head_objective 0.58 / train/inv/head_weight 0 / train/inv/objective 0.58 / train/inv/policy_weight_max 1 / train/inv/policy_weight_mean 1 / train/inv/policy_weight_min 1 / train/inv/policy_weight_std 0 / train/inv/valid_frac 1 / train/inv/weight 0.02 / train/loss/con 0.02 / train/loss/dyn 3.05 / train/loss/image 3.32 / train/loss/inv 0.01 / train/loss/policy -0.02 / train/loss/rep 3.05 / train/loss/repval 0.94 / train/loss/rew 0.59 / train/loss/value 0.87 / replay/replay_ratio 264 / fps/policy 6.47 / fps/train 1655.23

Writing metrics: /home/zhangpeiying01/lfy/btwm-7.7/runs/btwm_dmc_walker_walk_seed0_w002_b11_s0/scores.jsonl
Writing metrics: /home/zhangpeiying01/lfy/btwm-7.7/runs/btwm_dmc_walker_walk_seed0_w002_b11_s0/metrics.jsonl

--------------------[Agent Step 152_992]--------------------
Metrics filtered by: 'score|length|fps|ratio|train/loss/|train/acc/|train/inv/|train/rand/'
train/acc/inv 0.57 / train/inv/ce 1.38 / train/inv/confidence 0.32 / train/inv/confidence_gating 0 / train/inv/effective_rep_weight 0.02 / train/inv/head_objective 0.58 / train/inv/head_weight 0 / train/inv/objective 0.58 / train/inv/policy_weight_max 1 / train/inv/policy_weight_mean 1 / train/inv/policy_weight_min 1 / train/inv/policy_weight_std 0 / train/inv/valid_frac 1 / train/inv/weight 0.02 / train/loss/con 0.02 / train/loss/dyn 2.95 / train/loss/image 3.25 / train/loss/inv 0.01 / train/loss/policy -0.02 / train/loss/rep 2.95 / train/loss/repval 0.94 / train/loss/rew 0.59 / train/loss/value 0.88 / replay/replay_ratio 264 / fps/policy 6.49 / fps/train 1660.77

Writing metrics: /home/zhangpeiying01/lfy/btwm-7.7/runs/btwm_dmc_walker_walk_seed0_w002_b11_s0/metrics.jsonl
Writing metrics: /home/zhangpeiying01/lfy/btwm-7.7/runs/btwm_dmc_walker_walk_seed0_w002_b11_s0/scores.jsonl

--------------------[Agent Step 153_776]--------------------
Metrics filtered by: 'score|length|fps|ratio|train/loss/|train/acc/|train/inv/|train/rand/'
train/acc/inv 0.56 / train/inv/ce 1.4 / train/inv/confidence 0.31 / train/inv/confidence_gating 0 / train/inv/effective_rep_weight 0.02 / train/inv/head_objective 0.58 / train/inv/head_weight 0 / train/inv/objective 0.58 / train/inv/policy_weight_max 1 / train/inv/policy_weight_mean 1 / train/inv/policy_weight_min 1 / train/inv/policy_weight_std 0 / train/inv/valid_frac 1 / train/inv/weight 0.02 / train/loss/con 0.02 / train/loss/dyn 3 / train/loss/image 3.23 / train/loss/inv 0.01 / train/loss/policy -0.01 / train/loss/rep 3 / train/loss/repval 0.93 / train/loss/rew 0.59 / train/loss/value 0.88 / replay/replay_ratio 264 / fps/policy 6.48 / fps/train 1657.98

Writing metrics: /home/zhangpeiying01/lfy/btwm-7.7/runs/btwm_dmc_walker_walk_seed0_w002_b11_s0/metrics.jsonl
Writing metrics: /home/zhangpeiying01/lfy/btwm-7.7/runs/btwm_dmc_walker_walk_seed0_w002_b11_s0/scores.jsonl

--------------------[Agent Step 154_560]--------------------
Metrics filtered by: 'score|length|fps|ratio|train/loss/|train/acc/|train/inv/|train/rand/'
train/acc/inv 0.57 / train/inv/ce 1.37 / train/inv/confidence 0.32 / train/inv/confidence_gating 0 / train/inv/effective_rep_weight 0.02 / train/inv/head_objective 0.57 / train/inv/head_weight 0 / train/inv/objective 0.57 / train/inv/policy_weight_max 1 / train/inv/policy_weight_mean 1 / train/inv/policy_weight_min 1 / train/inv/policy_weight_std 0 / train/inv/valid_frac 1 / train/inv/weight 0.02 / train/loss/con 0.02 / train/loss/dyn 2.94 / train/loss/image 3.25 / train/loss/inv 0.01 / train/loss/policy -0.02 / train/loss/rep 2.94 / train/loss/repval 0.94 / train/loss/rew 0.59 / train/loss/value 0.88 / replay/replay_ratio 264 / fps/policy 6.49 / fps/train 1662.47

Writing metrics: /home/zhangpeiying01/lfy/btwm-7.7/runs/btwm_dmc_walker_walk_seed0_w002_b11_s0/metrics.jsonl
Writing metrics: /home/zhangpeiying01/lfy/btwm-7.7/runs/btwm_dmc_walker_walk_seed0_w002_b11_s0/scores.jsonl

--------------------[Agent Step 155_344]--------------------
Metrics filtered by: 'score|length|fps|ratio|train/loss/|train/acc/|train/inv/|train/rand/'
train/acc/inv 0.57 / train/inv/ce 1.38 / train/inv/confidence 0.32 / train/inv/confidence_gating 0 / train/inv/effective_rep_weight 0.02 / train/inv/head_objective 0.58 / train/inv/head_weight 0 / train/inv/objective 0.58 / train/inv/policy_weight_max 1 / train/inv/policy_weight_mean 1 / train/inv/policy_weight_min 1 / train/inv/policy_weight_std 0 / train/inv/valid_frac 1 / train/inv/weight 0.02 / train/loss/con 0.02 / train/loss/dyn 3.02 / train/loss/image 3.24 / train/loss/inv 0.01 / train/loss/policy -0.01 / train/loss/rep 3.02 / train/loss/repval 0.94 / train/loss/rew 0.59 / train/loss/value 0.87 / replay/replay_ratio 264 / fps/policy 6.48 / fps/train 1660

Writing metrics: /home/zhangpeiying01/lfy/btwm-7.7/runs/btwm_dmc_walker_walk_seed0_w002_b11_s0/metrics.jsonl
Writing metrics: /home/zhangpeiying01/lfy/btwm-7.7/runs/btwm_dmc_walker_walk_seed0_w002_b11_s0/scores.jsonl

--------------------[Agent Step 156_128]--------------------
Metrics filtered by: 'score|length|fps|ratio|train/loss/|train/acc/|train/inv/|train/rand/'
train/acc/inv 0.56 / train/inv/ce 1.39 / train/inv/confidence 0.31 / train/inv/confidence_gating 0 / train/inv/effective_rep_weight 0.02 / train/inv/head_objective 0.58 / train/inv/head_weight 0 / train/inv/objective 0.58 / train/inv/policy_weight_max 1 / train/inv/policy_weight_mean 1 / train/inv/policy_weight_min 1 / train/inv/policy_weight_std 0 / train/inv/valid_frac 1 / train/inv/weight 0.02 / train/loss/con 0.02 / train/loss/dyn 2.98 / train/loss/image 3.21 / train/loss/inv 0.01 / train/loss/policy -0.02 / train/loss/rep 2.98 / train/loss/repval 0.93 / train/loss/rew 0.59 / train/loss/value 0.87 / replay/replay_ratio 264 / fps/policy 6.52 / fps/train 1668.7

Writing metrics: /home/zhangpeiying01/lfy/btwm-7.7/runs/btwm_dmc_walker_walk_seed0_w002_b11_s0/metrics.jsonl
Writing metrics: /home/zhangpeiying01/lfy/btwm-7.7/runs/btwm_dmc_walker_walk_seed0_w002_b11_s0/scores.jsonl

--------------------[Agent Step 156_912]--------------------
Metrics filtered by: 'score|length|fps|ratio|train/loss/|train/acc/|train/inv/|train/rand/'
train/acc/inv 0.57 / train/inv/ce 1.39 / train/inv/confidence 0.32 / train/inv/confidence_gating 0 / train/inv/effective_rep_weight 0.02 / train/inv/head_objective 0.58 / train/inv/head_weight 0 / train/inv/objective 0.58 / train/inv/policy_weight_max 1 / train/inv/policy_weight_mean 1 / train/inv/policy_weight_min 1 / train/inv/policy_weight_std 0 / train/inv/valid_frac 1 / train/inv/weight 0.02 / train/loss/con 0.02 / train/loss/dyn 3 / train/loss/image 3.22 / train/loss/inv 0.01 / train/loss/policy -0.02 / train/loss/rep 3 / train/loss/repval 0.93 / train/loss/rew 0.59 / train/loss/value 0.87 / replay/replay_ratio 264 / fps/policy 6.5 / fps/train 1663.85

Writing metrics: /home/zhangpeiying01/lfy/btwm-7.7/runs/btwm_dmc_walker_walk_seed0_w002_b11_s0/metrics.jsonl
Writing metrics: /home/zhangpeiying01/lfy/btwm-7.7/runs/btwm_dmc_walker_walk_seed0_w002_b11_s0/scores.jsonl

--------------------[Agent Step 157_696]--------------------
Metrics filtered by: 'score|length|fps|ratio|train/loss/|train/acc/|train/inv/|train/rand/'
train/acc/inv 0.56 / train/inv/ce 1.4 / train/inv/confidence 0.31 / train/inv/confidence_gating 0 / train/inv/effective_rep_weight 0.02 / train/inv/head_objective 0.58 / train/inv/head_weight 0 / train/inv/objective 0.58 / train/inv/policy_weight_max 1 / train/inv/policy_weight_mean 1 / train/inv/policy_weight_min 1 / train/inv/policy_weight_std 0 / train/inv/valid_frac 1 / train/inv/weight 0.02 / train/loss/con 0.02 / train/loss/dyn 2.98 / train/loss/image 3.19 / train/loss/inv 0.01 / train/loss/policy -0.02 / train/loss/rep 2.98 / train/loss/repval 0.93 / train/loss/rew 0.59 / train/loss/value 0.87 / replay/replay_ratio 264 / fps/policy 6.52 / fps/train 1668.04

Writing metrics: /home/zhangpeiying01/lfy/btwm-7.7/runs/btwm_dmc_walker_walk_seed0_w002_b11_s0/scores.jsonl
Writing metrics: /home/zhangpeiying01/lfy/btwm-7.7/runs/btwm_dmc_walker_walk_seed0_w002_b11_s0/metrics.jsonl

--------------------[Agent Step 158_480]--------------------
Metrics filtered by: 'score|length|fps|ratio|train/loss/|train/acc/|train/inv/|train/rand/'
train/acc/inv 0.56 / train/inv/ce 1.4 / train/inv/confidence 0.31 / train/inv/confidence_gating 0 / train/inv/effective_rep_weight 0.02 / train/inv/head_objective 0.59 / train/inv/head_weight 0 / train/inv/objective 0.59 / train/inv/policy_weight_max 1 / train/inv/policy_weight_mean 1 / train/inv/policy_weight_min 1 / train/inv/policy_weight_std 0 / train/inv/valid_frac 1 / train/inv/weight 0.02 / train/loss/con 0.02 / train/loss/dyn 3.02 / train/loss/image 3.21 / train/loss/inv 0.01 / train/loss/policy -0.02 / train/loss/rep 3.02 / train/loss/repval 0.93 / train/loss/rew 0.59 / train/loss/value 0.87 / replay/replay_ratio 264 / fps/policy 6.49 / fps/train 1661.29

Writing metrics: /home/zhangpeiying01/lfy/btwm-7.7/runs/btwm_dmc_walker_walk_seed0_w002_b11_s0/metrics.jsonl
Writing metrics: /home/zhangpeiying01/lfy/btwm-7.7/runs/btwm_dmc_walker_walk_seed0_w002_b11_s0/scores.jsonl

--------------------[Agent Step 159_264]--------------------
Metrics filtered by: 'score|length|fps|ratio|train/loss/|train/acc/|train/inv/|train/rand/'
train/acc/inv 0.57 / train/inv/ce 1.39 / train/inv/confidence 0.32 / train/inv/confidence_gating 0 / train/inv/effective_rep_weight 0.02 / train/inv/head_objective 0.58 / train/inv/head_weight 0 / train/inv/objective 0.58 / train/inv/policy_weight_max 1 / train/inv/policy_weight_mean 1 / train/inv/policy_weight_min 1 / train/inv/policy_weight_std 0 / train/inv/valid_frac 1 / train/inv/weight 0.02 / train/loss/con 0.02 / train/loss/dyn 3 / train/loss/image 3.23 / train/loss/inv 0.01 / train/loss/policy -0.01 / train/loss/rep 3 / train/loss/repval 0.94 / train/loss/rew 0.59 / train/loss/value 0.87 / replay/replay_ratio 264 / fps/policy 6.51 / fps/train 1665.8

Writing metrics: /home/zhangpeiying01/lfy/btwm-7.7/runs/btwm_dmc_walker_walk_seed0_w002_b11_s0/scores.jsonl
Writing metrics: /home/zhangpeiying01/lfy/btwm-7.7/runs/btwm_dmc_walker_walk_seed0_w002_b11_s0/metrics.jsonl

--------------------[Agent Step 160_048]--------------------
Metrics filtered by: 'score|length|fps|ratio|train/loss/|train/acc/|train/inv/|train/rand/'
train/acc/inv 0.57 / train/inv/ce 1.39 / train/inv/confidence 0.31 / train/inv/confidence_gating 0 / train/inv/effective_rep_weight 0.02 / train/inv/head_objective 0.58 / train/inv/head_weight 0 / train/inv/objective 0.58 / train/inv/policy_weight_max 1 / train/inv/policy_weight_mean 1 / train/inv/policy_weight_min 1 / train/inv/policy_weight_std 0 / train/inv/valid_frac 1 / train/inv/weight 0.02 / train/loss/con 0.02 / train/loss/dyn 3.02 / train/loss/image 3.24 / train/loss/inv 0.01 / train/loss/policy -0.02 / train/loss/rep 3.02 / train/loss/repval 0.93 / train/loss/rew 0.59 / train/loss/value 0.87 / replay/replay_ratio 264 / fps/policy 6.51 / fps/train 1666.69

Writing metrics: /home/zhangpeiying01/lfy/btwm-7.7/runs/btwm_dmc_walker_walk_seed0_w002_b11_s0/scores.jsonl
Writing metrics: /home/zhangpeiying01/lfy/btwm-7.7/runs/btwm_dmc_walker_walk_seed0_w002_b11_s0/metrics.jsonl

--------------------[Agent Step 160_832]--------------------
Metrics filtered by: 'score|length|fps|ratio|train/loss/|train/acc/|train/inv/|train/rand/'
episode/score 833.69 / episode/length 1001 / train/acc/inv 0.56 / train/inv/ce 1.4 / train/inv/confidence 0.31 / train/inv/confidence_gating 0 / train/inv/effective_rep_weight 0.02 / train/inv/head_objective 0.58 / train/inv/head_weight 0 / train/inv/objective 0.58 / train/inv/policy_weight_max 1 / train/inv/policy_weight_mean 1 / train/inv/policy_weight_min 1 / train/inv/policy_weight_std 0 / train/inv/valid_frac 1 / train/inv/weight 0.02 / train/loss/con 0.02 / train/loss/dyn 3.03 / train/loss/image 3.36 / train/loss/inv 0.01 / train/loss/policy -0.02 / train/loss/rep 3.03 / train/loss/repval 0.93 / train/loss/rew 0.59 / train/loss/value 0.87 / replay/replay_ratio 264 / fps/policy 6.47 / fps/train 1656.93

Writing metrics: /home/zhangpeiying01/lfy/btwm-7.7/runs/btwm_dmc_walker_walk_seed0_w002_b11_s0/metrics.jsonl
Writing metrics: /home/zhangpeiying01/lfy/btwm-7.7/runs/btwm_dmc_walker_walk_seed0_w002_b11_s0/scores.jsonl

--------------------[Agent Step 161_616]--------------------
Metrics filtered by: 'score|length|fps|ratio|train/loss/|train/acc/|train/inv/|train/rand/'
train/acc/inv 0.56 / train/inv/ce 1.42 / train/inv/confidence 0.31 / train/inv/confidence_gating 0 / train/inv/effective_rep_weight 0.02 / train/inv/head_objective 0.59 / train/inv/head_weight 0 / train/inv/objective 0.59 / train/inv/policy_weight_max 1 / train/inv/policy_weight_mean 1 / train/inv/policy_weight_min 1 / train/inv/policy_weight_std 0 / train/inv/valid_frac 1 / train/inv/weight 0.02 / train/loss/con 0.02 / train/loss/dyn 3.15 / train/loss/image 3.44 / train/loss/inv 0.01 / train/loss/policy -0.01 / train/loss/rep 3.15 / train/loss/repval 0.93 / train/loss/rew 0.59 / train/loss/value 0.87 / replay/replay_ratio 264 / fps/policy 6.49 / fps/train 1661.74

Writing metrics: /home/zhangpeiying01/lfy/btwm-7.7/runs/btwm_dmc_walker_walk_seed0_w002_b11_s0/metrics.jsonl
Writing metrics: /home/zhangpeiying01/lfy/btwm-7.7/runs/btwm_dmc_walker_walk_seed0_w002_b11_s0/scores.jsonl

--------------------[Agent Step 162_400]--------------------
Metrics filtered by: 'score|length|fps|ratio|train/loss/|train/acc/|train/inv/|train/rand/'
train/acc/inv 0.56 / train/inv/ce 1.42 / train/inv/confidence 0.31 / train/inv/confidence_gating 0 / train/inv/effective_rep_weight 0.02 / train/inv/head_objective 0.59 / train/inv/head_weight 0 / train/inv/objective 0.59 / train/inv/policy_weight_max 1 / train/inv/policy_weight_mean 1 / train/inv/policy_weight_min 1 / train/inv/policy_weight_std 0 / train/inv/valid_frac 1 / train/inv/weight 0.02 / train/loss/con 0.02 / train/loss/dyn 3.01 / train/loss/image 3.37 / train/loss/inv 0.01 / train/loss/policy -0.02 / train/loss/rep 3.01 / train/loss/repval 0.93 / train/loss/rew 0.59 / train/loss/value 0.87 / replay/replay_ratio 264 / fps/policy 6.46 / fps/train 1653.77

Writing metrics: /home/zhangpeiying01/lfy/btwm-7.7/runs/btwm_dmc_walker_walk_seed0_w002_b11_s0/scores.jsonl
Writing metrics: /home/zhangpeiying01/lfy/btwm-7.7/runs/btwm_dmc_walker_walk_seed0_w002_b11_s0/metrics.jsonl

--------------------[Agent Step 163_200]--------------------
Metrics filtered by: 'score|length|fps|ratio|train/loss/|train/acc/|train/inv/|train/rand/'
train/acc/inv 0.56 / train/inv/ce 1.42 / train/inv/confidence 0.31 / train/inv/confidence_gating 0 / train/inv/effective_rep_weight 0.02 / train/inv/head_objective 0.59 / train/inv/head_weight 0 / train/inv/objective 0.59 / train/inv/policy_weight_max 1 / train/inv/policy_weight_mean 1 / train/inv/policy_weight_min 1 / train/inv/policy_weight_std 0 / train/inv/valid_frac 1 / train/inv/weight 0.02 / train/loss/con 0.02 / train/loss/dyn 3.02 / train/loss/image 3.33 / train/loss/inv 0.01 / train/loss/policy -0.02 / train/loss/rep 3.02 / train/loss/repval 0.93 / train/loss/rew 0.59 / train/loss/value 0.87 / replay/replay_ratio 264 / fps/policy 6.52 / fps/train 1670.18

Writing metrics: /home/zhangpeiying01/lfy/btwm-7.7/runs/btwm_dmc_walker_walk_seed0_w002_b11_s0/scores.jsonl
Writing metrics: /home/zhangpeiying01/lfy/btwm-7.7/runs/btwm_dmc_walker_walk_seed0_w002_b11_s0/metrics.jsonl

--------------------[Agent Step 163_984]--------------------
Metrics filtered by: 'score|length|fps|ratio|train/loss/|train/acc/|train/inv/|train/rand/'
train/acc/inv 0.56 / train/inv/ce 1.4 / train/inv/confidence 0.31 / train/inv/confidence_gating 0 / train/inv/effective_rep_weight 0.02 / train/inv/head_objective 0.58 / train/inv/head_weight 0 / train/inv/objective 0.58 / train/inv/policy_weight_max 1 / train/inv/policy_weight_mean 1 / train/inv/policy_weight_min 1 / train/inv/policy_weight_std 0 / train/inv/valid_frac 1 / train/inv/weight 0.02 / train/loss/con 0.02 / train/loss/dyn 2.97 / train/loss/image 3.28 / train/loss/inv 0.01 / train/loss/policy -0.01 / train/loss/rep 2.97 / train/loss/repval 0.93 / train/loss/rew 0.59 / train/loss/value 0.87 / replay/replay_ratio 264 / fps/policy 6.44 / fps/train 1649.34

Writing metrics: /home/zhangpeiying01/lfy/btwm-7.7/runs/btwm_dmc_walker_walk_seed0_w002_b11_s0/metrics.jsonl
Writing metrics: /home/zhangpeiying01/lfy/btwm-7.7/runs/btwm_dmc_walker_walk_seed0_w002_b11_s0/scores.jsonl

--------------------[Agent Step 164_768]--------------------
Metrics filtered by: 'score|length|fps|ratio|train/loss/|train/acc/|train/inv/|train/rand/'
train/acc/inv 0.56 / train/inv/ce 1.42 / train/inv/confidence 0.31 / train/inv/confidence_gating 0 / train/inv/effective_rep_weight 0.02 / train/inv/head_objective 0.59 / train/inv/head_weight 0 / train/inv/objective 0.59 / train/inv/policy_weight_max 1 / train/inv/policy_weight_mean 1 / train/inv/policy_weight_min 1 / train/inv/policy_weight_std 0 / train/inv/valid_frac 1 / train/inv/weight 0.02 / train/loss/con 0.02 / train/loss/dyn 2.98 / train/loss/image 3.21 / train/loss/inv 0.01 / train/loss/policy -0.01 / train/loss/rep 2.98 / train/loss/repval 0.92 / train/loss/rew 0.59 / train/loss/value 0.86 / replay/replay_ratio 264 / fps/policy 6.53 / fps/train 1671.18

Writing metrics: /home/zhangpeiying01/lfy/btwm-7.7/runs/btwm_dmc_walker_walk_seed0_w002_b11_s0/metrics.jsonl
Writing metrics: /home/zhangpeiying01/lfy/btwm-7.7/runs/btwm_dmc_walker_walk_seed0_w002_b11_s0/scores.jsonl

--------------------[Agent Step 165_552]--------------------
Metrics filtered by: 'score|length|fps|ratio|train/loss/|train/acc/|train/inv/|train/rand/'
train/acc/inv 0.56 / train/inv/ce 1.4 / train/inv/confidence 0.31 / train/inv/confidence_gating 0 / train/inv/effective_rep_weight 0.02 / train/inv/head_objective 0.58 / train/inv/head_weight 0 / train/inv/objective 0.58 / train/inv/policy_weight_max 1 / train/inv/policy_weight_mean 1 / train/inv/policy_weight_min 1 / train/inv/policy_weight_std 0 / train/inv/valid_frac 1 / train/inv/weight 0.02 / train/loss/con 0.02 / train/loss/dyn 2.98 / train/loss/image 3.22 / train/loss/inv 0.01 / train/loss/policy -0.01 / train/loss/rep 2.98 / train/loss/repval 0.93 / train/loss/rew 0.59 / train/loss/value 0.87 / replay/replay_ratio 264 / fps/policy 6.51 / fps/train 1666.69

Writing metrics: /home/zhangpeiying01/lfy/btwm-7.7/runs/btwm_dmc_walker_walk_seed0_w002_b11_s0/metrics.jsonl
Writing metrics: /home/zhangpeiying01/lfy/btwm-7.7/runs/btwm_dmc_walker_walk_seed0_w002_b11_s0/scores.jsonl

--------------------[Agent Step 166_336]--------------------
Metrics filtered by: 'score|length|fps|ratio|train/loss/|train/acc/|train/inv/|train/rand/'
train/acc/inv 0.56 / train/inv/ce 1.41 / train/inv/confidence 0.31 / train/inv/confidence_gating 0 / train/inv/effective_rep_weight 0.02 / train/inv/head_objective 0.59 / train/inv/head_weight 0 / train/inv/objective 0.59 / train/inv/policy_weight_max 1 / train/inv/policy_weight_mean 1 / train/inv/policy_weight_min 1 / train/inv/policy_weight_std 0 / train/inv/valid_frac 1 / train/inv/weight 0.02 / train/loss/con 0.02 / train/loss/dyn 2.98 / train/loss/image 3.19 / train/loss/inv 0.01 / train/loss/policy -0.01 / train/loss/rep 2.98 / train/loss/repval 0.93 / train/loss/rew 0.59 / train/loss/value 0.86 / replay/replay_ratio 264 / fps/policy 6.52 / fps/train 1669.81

Writing metrics: /home/zhangpeiying01/lfy/btwm-7.7/runs/btwm_dmc_walker_walk_seed0_w002_b11_s0/metrics.jsonl
Writing metrics: /home/zhangpeiying01/lfy/btwm-7.7/runs/btwm_dmc_walker_walk_seed0_w002_b11_s0/scores.jsonl

--------------------[Agent Step 167_120]--------------------
Metrics filtered by: 'score|length|fps|ratio|train/loss/|train/acc/|train/inv/|train/rand/'
train/acc/inv 0.56 / train/inv/ce 1.41 / train/inv/confidence 0.31 / train/inv/confidence_gating 0 / train/inv/effective_rep_weight 0.02 / train/inv/head_objective 0.59 / train/inv/head_weight 0 / train/inv/objective 0.59 / train/inv/policy_weight_max 1 / train/inv/policy_weight_mean 1 / train/inv/policy_weight_min 1 / train/inv/policy_weight_std 0 / train/inv/valid_frac 1 / train/inv/weight 0.02 / train/loss/con 0.02 / train/loss/dyn 2.97 / train/loss/image 3.2 / train/loss/inv 0.01 / train/loss/policy -0.01 / train/loss/rep 2.97 / train/loss/repval 0.93 / train/loss/rew 0.59 / train/loss/value 0.86 / replay/replay_ratio 264 / fps/policy 6.48 / fps/train 1658.21

Writing metrics: /home/zhangpeiying01/lfy/btwm-7.7/runs/btwm_dmc_walker_walk_seed0_w002_b11_s0/scores.jsonl
Writing metrics: /home/zhangpeiying01/lfy/btwm-7.7/runs/btwm_dmc_walker_walk_seed0_w002_b11_s0/metrics.jsonl

--------------------[Agent Step 167_904]--------------------
Metrics filtered by: 'score|length|fps|ratio|train/loss/|train/acc/|train/inv/|train/rand/'
train/acc/inv 0.56 / train/inv/ce 1.4 / train/inv/confidence 0.31 / train/inv/confidence_gating 0 / train/inv/effective_rep_weight 0.02 / train/inv/head_objective 0.59 / train/inv/head_weight 0 / train/inv/objective 0.59 / train/inv/policy_weight_max 1 / train/inv/policy_weight_mean 1 / train/inv/policy_weight_min 1 / train/inv/policy_weight_std 0 / train/inv/valid_frac 1 / train/inv/weight 0.02 / train/loss/con 0.02 / train/loss/dyn 2.96 / train/loss/image 3.18 / train/loss/inv 0.01 / train/loss/policy -0.01 / train/loss/rep 2.96 / train/loss/repval 0.92 / train/loss/rew 0.59 / train/loss/value 0.86 / replay/replay_ratio 264 / fps/policy 6.45 / fps/train 1651

Writing metrics: /home/zhangpeiying01/lfy/btwm-7.7/runs/btwm_dmc_walker_walk_seed0_w002_b11_s0/metrics.jsonl
Writing metrics: /home/zhangpeiying01/lfy/btwm-7.7/runs/btwm_dmc_walker_walk_seed0_w002_b11_s0/scores.jsonl

--------------------[Agent Step 168_688]--------------------
Metrics filtered by: 'score|length|fps|ratio|train/loss/|train/acc/|train/inv/|train/rand/'
train/acc/inv 0.56 / train/inv/ce 1.41 / train/inv/confidence 0.31 / train/inv/confidence_gating 0 / train/inv/effective_rep_weight 0.02 / train/inv/head_objective 0.59 / train/inv/head_weight 0 / train/inv/objective 0.59 / train/inv/policy_weight_max 1 / train/inv/policy_weight_mean 1 / train/inv/policy_weight_min 1 / train/inv/policy_weight_std 0 / train/inv/valid_frac 1 / train/inv/weight 0.02 / train/loss/con 0.02 / train/loss/dyn 2.96 / train/loss/image 3.15 / train/loss/inv 0.01 / train/loss/policy -0.01 / train/loss/rep 2.96 / train/loss/repval 0.93 / train/loss/rew 0.59 / train/loss/value 0.86 / replay/replay_ratio 264 / fps/policy 6.46 / fps/train 1652.51

Writing metrics: /home/zhangpeiying01/lfy/btwm-7.7/runs/btwm_dmc_walker_walk_seed0_w002_b11_s0/metrics.jsonl
Writing metrics: /home/zhangpeiying01/lfy/btwm-7.7/runs/btwm_dmc_walker_walk_seed0_w002_b11_s0/scores.jsonl

--------------------[Agent Step 169_472]--------------------
Metrics filtered by: 'score|length|fps|ratio|train/loss/|train/acc/|train/inv/|train/rand/'
train/acc/inv 0.56 / train/inv/ce 1.41 / train/inv/confidence 0.31 / train/inv/confidence_gating 0 / train/inv/effective_rep_weight 0.02 / train/inv/head_objective 0.59 / train/inv/head_weight 0 / train/inv/objective 0.59 / train/inv/policy_weight_max 1 / train/inv/policy_weight_mean 1 / train/inv/policy_weight_min 1 / train/inv/policy_weight_std 0 / train/inv/valid_frac 1 / train/inv/weight 0.02 / train/loss/con 0.02 / train/loss/dyn 2.95 / train/loss/image 3.16 / train/loss/inv 0.01 / train/loss/policy -0.01 / train/loss/rep 2.95 / train/loss/repval 0.93 / train/loss/rew 0.59 / train/loss/value 0.86 / replay/replay_ratio 264 / fps/policy 6.5 / fps/train 1664.3

Writing metrics: /home/zhangpeiying01/lfy/btwm-7.7/runs/btwm_dmc_walker_walk_seed0_w002_b11_s0/metrics.jsonl
Writing metrics: /home/zhangpeiying01/lfy/btwm-7.7/runs/btwm_dmc_walker_walk_seed0_w002_b11_s0/scores.jsonl

--------------------[Agent Step 170_256]--------------------
Metrics filtered by: 'score|length|fps|ratio|train/loss/|train/acc/|train/inv/|train/rand/'
train/acc/inv 0.56 / train/inv/ce 1.42 / train/inv/confidence 0.3 / train/inv/confidence_gating 0 / train/inv/effective_rep_weight 0.02 / train/inv/head_objective 0.59 / train/inv/head_weight 0 / train/inv/objective 0.59 / train/inv/policy_weight_max 1 / train/inv/policy_weight_mean 1 / train/inv/policy_weight_min 1 / train/inv/policy_weight_std 0 / train/inv/valid_frac 1 / train/inv/weight 0.02 / train/loss/con 0.02 / train/loss/dyn 2.99 / train/loss/image 3.13 / train/loss/inv 0.01 / train/loss/policy -0.01 / train/loss/rep 2.99 / train/loss/repval 0.92 / train/loss/rew 0.59 / train/loss/value 0.86 / replay/replay_ratio 264 / fps/policy 6.47 / fps/train 1657.14

Writing metrics: /home/zhangpeiying01/lfy/btwm-7.7/runs/btwm_dmc_walker_walk_seed0_w002_b11_s0/scores.jsonl
Writing metrics: /home/zhangpeiying01/lfy/btwm-7.7/runs/btwm_dmc_walker_walk_seed0_w002_b11_s0/metrics.jsonl

--------------------[Agent Step 171_040]--------------------
Metrics filtered by: 'score|length|fps|ratio|train/loss/|train/acc/|train/inv/|train/rand/'
train/acc/inv 0.56 / train/inv/ce 1.42 / train/inv/confidence 0.3 / train/inv/confidence_gating 0 / train/inv/effective_rep_weight 0.02 / train/inv/head_objective 0.59 / train/inv/head_weight 0 / train/inv/objective 0.59 / train/inv/policy_weight_max 1 / train/inv/policy_weight_mean 1 / train/inv/policy_weight_min 1 / train/inv/policy_weight_std 0 / train/inv/valid_frac 1 / train/inv/weight 0.02 / train/loss/con 0.02 / train/loss/dyn 2.95 / train/loss/image 3.15 / train/loss/inv 0.01 / train/loss/policy -0.02 / train/loss/rep 2.95 / train/loss/repval 0.92 / train/loss/rew 0.59 / train/loss/value 0.86 / replay/replay_ratio 264 / fps/policy 6.53 / fps/train 1672.31

Writing metrics: /home/zhangpeiying01/lfy/btwm-7.7/runs/btwm_dmc_walker_walk_seed0_w002_b11_s0/metrics.jsonl
Writing metrics: /home/zhangpeiying01/lfy/btwm-7.7/runs/btwm_dmc_walker_walk_seed0_w002_b11_s0/scores.jsonl

--------------------[Agent Step 171_824]--------------------
Metrics filtered by: 'score|length|fps|ratio|train/loss/|train/acc/|train/inv/|train/rand/'
train/acc/inv 0.56 / train/inv/ce 1.41 / train/inv/confidence 0.31 / train/inv/confidence_gating 0 / train/inv/effective_rep_weight 0.02 / train/inv/head_objective 0.59 / train/inv/head_weight 0 / train/inv/objective 0.59 / train/inv/policy_weight_max 1 / train/inv/policy_weight_mean 1 / train/inv/policy_weight_min 1 / train/inv/policy_weight_std 0 / train/inv/valid_frac 1 / train/inv/weight 0.02 / train/loss/con 0.02 / train/loss/dyn 2.96 / train/loss/image 3.14 / train/loss/inv 0.01 / train/loss/policy -0.02 / train/loss/rep 2.96 / train/loss/repval 0.92 / train/loss/rew 0.59 / train/loss/value 0.86 / replay/replay_ratio 264 / fps/policy 6.45 / fps/train 1650.52

Writing metrics: /home/zhangpeiying01/lfy/btwm-7.7/runs/btwm_dmc_walker_walk_seed0_w002_b11_s0/scores.jsonl
Writing metrics: /home/zhangpeiying01/lfy/btwm-7.7/runs/btwm_dmc_walker_walk_seed0_w002_b11_s0/metrics.jsonl

--------------------[Agent Step 172_688]--------------------
Metrics filtered by: 'score|length|fps|ratio|train/loss/|train/acc/|train/inv/|train/rand/'
train/acc/inv 0.56 / train/inv/ce 1.41 / train/inv/confidence 0.31 / train/inv/confidence_gating 0 / train/inv/effective_rep_weight 0.02 / train/inv/head_objective 0.59 / train/inv/head_weight 0 / train/inv/objective 0.59 / train/inv/policy_weight_max 1 / train/inv/policy_weight_mean 1 / train/inv/policy_weight_min 1 / train/inv/policy_weight_std 0 / train/inv/valid_frac 1 / train/inv/weight 0.02 / train/loss/con 0.02 / train/loss/dyn 2.95 / train/loss/image 3.11 / train/loss/inv 0.01 / train/loss/policy -0.02 / train/loss/rep 2.95 / train/loss/repval 0.92 / train/loss/rew 0.59 / train/loss/value 0.86 / replay/replay_ratio 264 / fps/policy 7.05 / fps/train 1804.57

Writing metrics: /home/zhangpeiying01/lfy/btwm-7.7/runs/btwm_dmc_walker_walk_seed0_w002_b11_s0/metrics.jsonl
Writing metrics: /home/zhangpeiying01/lfy/btwm-7.7/runs/btwm_dmc_walker_walk_seed0_w002_b11_s0/scores.jsonl
Saving checkpoint: /home/zhangpeiying01/lfy/btwm-7.7/runs/btwm_dmc_walker_walk_seed0_w002_b11_s0/ckpt/20260717T045409F747361
Saved checkpoint.

--------------------[Agent Step 173_584]--------------------
Metrics filtered by: 'score|length|fps|ratio|train/loss/|train/acc/|train/inv/|train/rand/'
train/acc/inv 0.56 / train/inv/ce 1.41 / train/inv/confidence 0.31 / train/inv/confidence_gating 0 / train/inv/effective_rep_weight 0.02 / train/inv/head_objective 0.59 / train/inv/head_weight 0 / train/inv/objective 0.59 / train/inv/policy_weight_max 1 / train/inv/policy_weight_mean 1 / train/inv/policy_weight_min 1 / train/inv/policy_weight_std 0 / train/inv/valid_frac 1 / train/inv/weight 0.02 / train/loss/con 0.02 / train/loss/dyn 2.93 / train/loss/image 3.09 / train/loss/inv 0.01 / train/loss/policy -0.02 / train/loss/rep 2.93 / train/loss/repval 0.92 / train/loss/rew 0.59 / train/loss/value 0.86 / replay/replay_ratio 264 / fps/policy 7.4 / fps/train 1894.81

Writing metrics: /home/zhangpeiying01/lfy/btwm-7.7/runs/btwm_dmc_walker_walk_seed0_w002_b11_s0/metrics.jsonl
Writing metrics: /home/zhangpeiying01/lfy/btwm-7.7/runs/btwm_dmc_walker_walk_seed0_w002_b11_s0/scores.jsonl

--------------------[Agent Step 174_448]--------------------
Metrics filtered by: 'score|length|fps|ratio|train/loss/|train/acc/|train/inv/|train/rand/'
train/acc/inv 0.56 / train/inv/ce 1.42 / train/inv/confidence 0.31 / train/inv/confidence_gating 0 / train/inv/effective_rep_weight 0.02 / train/inv/head_objective 0.59 / train/inv/head_weight 0 / train/inv/objective 0.59 / train/inv/policy_weight_max 1 / train/inv/policy_weight_mean 1 / train/inv/policy_weight_min 1 / train/inv/policy_weight_std 0 / train/inv/valid_frac 1 / train/inv/weight 0.02 / train/loss/con 0.02 / train/loss/dyn 2.99 / train/loss/image 3.11 / train/loss/inv 0.01 / train/loss/policy -0.01 / train/loss/rep 2.99 / train/loss/repval 0.92 / train/loss/rew 0.59 / train/loss/value 0.86 / replay/replay_ratio 264 / fps/policy 7.11 / fps/train 1820.62

Writing metrics: /home/zhangpeiying01/lfy/btwm-7.7/runs/btwm_dmc_walker_walk_seed0_w002_b11_s0/metrics.jsonl
Writing metrics: /home/zhangpeiying01/lfy/btwm-7.7/runs/btwm_dmc_walker_walk_seed0_w002_b11_s0/scores.jsonl

--------------------[Agent Step 175_248]--------------------
Metrics filtered by: 'score|length|fps|ratio|train/loss/|train/acc/|train/inv/|train/rand/'
train/acc/inv 0.56 / train/inv/ce 1.41 / train/inv/confidence 0.31 / train/inv/confidence_gating 0 / train/inv/effective_rep_weight 0.02 / train/inv/head_objective 0.59 / train/inv/head_weight 0 / train/inv/objective 0.59 / train/inv/policy_weight_max 1 / train/inv/policy_weight_mean 1 / train/inv/policy_weight_min 1 / train/inv/policy_weight_std 0 / train/inv/valid_frac 1 / train/inv/weight 0.02 / train/loss/con 0.02 / train/loss/dyn 2.93 / train/loss/image 3.08 / train/loss/inv 0.01 / train/loss/policy -0.02 / train/loss/rep 2.93 / train/loss/repval 0.92 / train/loss/rew 0.59 / train/loss/value 0.85 / replay/replay_ratio 264 / fps/policy 6.62 / fps/train 1694.98

Writing metrics: /home/zhangpeiying01/lfy/btwm-7.7/runs/btwm_dmc_walker_walk_seed0_w002_b11_s0/metrics.jsonl
Writing metrics: /home/zhangpeiying01/lfy/btwm-7.7/runs/btwm_dmc_walker_walk_seed0_w002_b11_s0/scores.jsonl

--------------------[Agent Step 176_032]--------------------
Metrics filtered by: 'score|length|fps|ratio|train/loss/|train/acc/|train/inv/|train/rand/'
train/acc/inv 0.56 / train/inv/ce 1.41 / train/inv/confidence 0.31 / train/inv/confidence_gating 0 / train/inv/effective_rep_weight 0.02 / train/inv/head_objective 0.59 / train/inv/head_weight 0 / train/inv/objective 0.59 / train/inv/policy_weight_max 1 / train/inv/policy_weight_mean 1 / train/inv/policy_weight_min 1 / train/inv/policy_weight_std 0 / train/inv/valid_frac 1 / train/inv/weight 0.02 / train/loss/con 0.02 / train/loss/dyn 2.92 / train/loss/image 3.09 / train/loss/inv 0.01 / train/loss/policy -0.02 / train/loss/rep 2.92 / train/loss/repval 0.92 / train/loss/rew 0.59 / train/loss/value 0.86 / replay/replay_ratio 264 / fps/policy 6.45 / fps/train 1651.49

Writing metrics: /home/zhangpeiying01/lfy/btwm-7.7/runs/btwm_dmc_walker_walk_seed0_w002_b11_s0/metrics.jsonl
Writing metrics: /home/zhangpeiying01/lfy/btwm-7.7/runs/btwm_dmc_walker_walk_seed0_w002_b11_s0/scores.jsonl

--------------------[Agent Step 176_816]--------------------
Metrics filtered by: 'score|length|fps|ratio|train/loss/|train/acc/|train/inv/|train/rand/'
episode/score 954.47 / episode/length 1001 / train/acc/inv 0.56 / train/inv/ce 1.41 / train/inv/confidence 0.31 / train/inv/confidence_gating 0 / train/inv/effective_rep_weight 0.02 / train/inv/head_objective 0.59 / train/inv/head_weight 0 / train/inv/objective 0.59 / train/inv/policy_weight_max 1 / train/inv/policy_weight_mean 1 / train/inv/policy_weight_min 1 / train/inv/policy_weight_std 0 / train/inv/valid_frac 1 / train/inv/weight 0.02 / train/loss/con 0.02 / train/loss/dyn 2.99 / train/loss/image 3.2 / train/loss/inv 0.01 / train/loss/policy -0.02 / train/loss/rep 2.99 / train/loss/repval 0.92 / train/loss/rew 0.6 / train/loss/value 0.85 / replay/replay_ratio 264 / fps/policy 6.49 / fps/train 1661.37

Writing metrics: /home/zhangpeiying01/lfy/btwm-7.7/runs/btwm_dmc_walker_walk_seed0_w002_b11_s0/metrics.jsonl
Writing metrics: /home/zhangpeiying01/lfy/btwm-7.7/runs/btwm_dmc_walker_walk_seed0_w002_b11_s0/scores.jsonl

--------------------[Agent Step 177_600]--------------------
Metrics filtered by: 'score|length|fps|ratio|train/loss/|train/acc/|train/inv/|train/rand/'
train/acc/inv 0.55 / train/inv/ce 1.45 / train/inv/confidence 0.3 / train/inv/confidence_gating 0 / train/inv/effective_rep_weight 0.02 / train/inv/head_objective 0.6 / train/inv/head_weight 0 / train/inv/objective 0.6 / train/inv/policy_weight_max 1 / train/inv/policy_weight_mean 1 / train/inv/policy_weight_min 1 / train/inv/policy_weight_std 0 / train/inv/valid_frac 1 / train/inv/weight 0.02 / train/loss/con 0.02 / train/loss/dyn 3.17 / train/loss/image 3.41 / train/loss/inv 0.01 / train/loss/policy -0.01 / train/loss/rep 3.17 / train/loss/repval 0.91 / train/loss/rew 0.6 / train/loss/value 0.85 / replay/replay_ratio 264 / fps/policy 6.5 / fps/train 1664.19

Writing metrics: /home/zhangpeiying01/lfy/btwm-7.7/runs/btwm_dmc_walker_walk_seed0_w002_b11_s0/metrics.jsonl
Writing metrics: /home/zhangpeiying01/lfy/btwm-7.7/runs/btwm_dmc_walker_walk_seed0_w002_b11_s0/scores.jsonl

--------------------[Agent Step 178_384]--------------------
Metrics filtered by: 'score|length|fps|ratio|train/loss/|train/acc/|train/inv/|train/rand/'
train/acc/inv 0.56 / train/inv/ce 1.42 / train/inv/confidence 0.3 / train/inv/confidence_gating 0 / train/inv/effective_rep_weight 0.02 / train/inv/head_objective 0.59 / train/inv/head_weight 0 / train/inv/objective 0.59 / train/inv/policy_weight_max 1 / train/inv/policy_weight_mean 1 / train/inv/policy_weight_min 1 / train/inv/policy_weight_std 0 / train/inv/valid_frac 1 / train/inv/weight 0.02 / train/loss/con 0.02 / train/loss/dyn 2.93 / train/loss/image 3.21 / train/loss/inv 0.01 / train/loss/policy -0.01 / train/loss/rep 2.93 / train/loss/repval 0.91 / train/loss/rew 0.59 / train/loss/value 0.86 / replay/replay_ratio 264 / fps/policy 6.51 / fps/train 1666.28

Writing metrics: /home/zhangpeiying01/lfy/btwm-7.7/runs/btwm_dmc_walker_walk_seed0_w002_b11_s0/metrics.jsonl
Writing metrics: /home/zhangpeiying01/lfy/btwm-7.7/runs/btwm_dmc_walker_walk_seed0_w002_b11_s0/scores.jsonl

--------------------[Agent Step 179_168]--------------------
Metrics filtered by: 'score|length|fps|ratio|train/loss/|train/acc/|train/inv/|train/rand/'
train/acc/inv 0.55 / train/inv/ce 1.43 / train/inv/confidence 0.3 / train/inv/confidence_gating 0 / train/inv/effective_rep_weight 0.02 / train/inv/head_objective 0.6 / train/inv/head_weight 0 / train/inv/objective 0.6 / train/inv/policy_weight_max 1 / train/inv/policy_weight_mean 1 / train/inv/policy_weight_min 1 / train/inv/policy_weight_std 0 / train/inv/valid_frac 1 / train/inv/weight 0.02 / train/loss/con 0.02 / train/loss/dyn 3 / train/loss/image 3.16 / train/loss/inv 0.01 / train/loss/policy -0.01 / train/loss/rep 3 / train/loss/repval 0.91 / train/loss/rew 0.6 / train/loss/value 0.85 / replay/replay_ratio 264 / fps/policy 6.51 / fps/train 1667.37

Writing metrics: /home/zhangpeiying01/lfy/btwm-7.7/runs/btwm_dmc_walker_walk_seed0_w002_b11_s0/metrics.jsonl
Writing metrics: /home/zhangpeiying01/lfy/btwm-7.7/runs/btwm_dmc_walker_walk_seed0_w002_b11_s0/scores.jsonl

--------------------[Agent Step 179_952]--------------------
Metrics filtered by: 'score|length|fps|ratio|train/loss/|train/acc/|train/inv/|train/rand/'
train/acc/inv 0.56 / train/inv/ce 1.41 / train/inv/confidence 0.31 / train/inv/confidence_gating 0 / train/inv/effective_rep_weight 0.02 / train/inv/head_objective 0.59 / train/inv/head_weight 0 / train/inv/objective 0.59 / train/inv/policy_weight_max 1 / train/inv/policy_weight_mean 1 / train/inv/policy_weight_min 1 / train/inv/policy_weight_std 0 / train/inv/valid_frac 1 / train/inv/weight 0.02 / train/loss/con 0.02 / train/loss/dyn 2.95 / train/loss/image 3.17 / train/loss/inv 0.01 / train/loss/policy -0.02 / train/loss/rep 2.95 / train/loss/repval 0.92 / train/loss/rew 0.59 / train/loss/value 0.86 / replay/replay_ratio 264 / fps/policy 6.51 / fps/train 1667.26

Writing metrics: /home/zhangpeiying01/lfy/btwm-7.7/runs/btwm_dmc_walker_walk_seed0_w002_b11_s0/metrics.jsonl
Writing metrics: /home/zhangpeiying01/lfy/btwm-7.7/runs/btwm_dmc_walker_walk_seed0_w002_b11_s0/scores.jsonl

--------------------[Agent Step 180_736]--------------------
Metrics filtered by: 'score|length|fps|ratio|train/loss/|train/acc/|train/inv/|train/rand/'
train/acc/inv 0.56 / train/inv/ce 1.42 / train/inv/confidence 0.31 / train/inv/confidence_gating 0 / train/inv/effective_rep_weight 0.02 / train/inv/head_objective 0.59 / train/inv/head_weight 0 / train/inv/objective 0.59 / train/inv/policy_weight_max 1 / train/inv/policy_weight_mean 1 / train/inv/policy_weight_min 1 / train/inv/policy_weight_std 0 / train/inv/valid_frac 1 / train/inv/weight 0.02 / train/loss/con 0.02 / train/loss/dyn 2.94 / train/loss/image 3.15 / train/loss/inv 0.01 / train/loss/policy -0.02 / train/loss/rep 2.94 / train/loss/repval 0.92 / train/loss/rew 0.6 / train/loss/value 0.86 / replay/replay_ratio 264 / fps/policy 6.52 / fps/train 1668.52

Writing metrics: /home/zhangpeiying01/lfy/btwm-7.7/runs/btwm_dmc_walker_walk_seed0_w002_b11_s0/metrics.jsonl
Writing metrics: /home/zhangpeiying01/lfy/btwm-7.7/runs/btwm_dmc_walker_walk_seed0_w002_b11_s0/scores.jsonl

--------------------[Agent Step 181_520]--------------------
Metrics filtered by: 'score|length|fps|ratio|train/loss/|train/acc/|train/inv/|train/rand/'
train/acc/inv 0.56 / train/inv/ce 1.43 / train/inv/confidence 0.3 / train/inv/confidence_gating 0 / train/inv/effective_rep_weight 0.02 / train/inv/head_objective 0.6 / train/inv/head_weight 0 / train/inv/objective 0.6 / train/inv/policy_weight_max 1 / train/inv/policy_weight_mean 1 / train/inv/policy_weight_min 1 / train/inv/policy_weight_std 0 / train/inv/valid_frac 1 / train/inv/weight 0.02 / train/loss/con 0.02 / train/loss/dyn 2.92 / train/loss/image 3.12 / train/loss/inv 0.01 / train/loss/policy -0.02 / train/loss/rep 2.92 / train/loss/repval 0.91 / train/loss/rew 0.6 / train/loss/value 0.85 / replay/replay_ratio 264 / fps/policy 6.48 / fps/train 1659.19

Writing metrics: /home/zhangpeiying01/lfy/btwm-7.7/runs/btwm_dmc_walker_walk_seed0_w002_b11_s0/metrics.jsonl
Writing metrics: /home/zhangpeiying01/lfy/btwm-7.7/runs/btwm_dmc_walker_walk_seed0_w002_b11_s0/scores.jsonl

--------------------[Agent Step 182_304]--------------------
Metrics filtered by: 'score|length|fps|ratio|train/loss/|train/acc/|train/inv/|train/rand/'
train/acc/inv 0.56 / train/inv/ce 1.43 / train/inv/confidence 0.3 / train/inv/confidence_gating 0 / train/inv/effective_rep_weight 0.02 / train/inv/head_objective 0.6 / train/inv/head_weight 0 / train/inv/objective 0.6 / train/inv/policy_weight_max 1 / train/inv/policy_weight_mean 1 / train/inv/policy_weight_min 1 / train/inv/policy_weight_std 0 / train/inv/valid_frac 1 / train/inv/weight 0.02 / train/loss/con 0.02 / train/loss/dyn 2.96 / train/loss/image 3.09 / train/loss/inv 0.01 / train/loss/policy -0.02 / train/loss/rep 2.96 / train/loss/repval 0.91 / train/loss/rew 0.6 / train/loss/value 0.85 / replay/replay_ratio 264 / fps/policy 6.5 / fps/train 1663.31

Writing metrics: /home/zhangpeiying01/lfy/btwm-7.7/runs/btwm_dmc_walker_walk_seed0_w002_b11_s0/metrics.jsonl
Writing metrics: /home/zhangpeiying01/lfy/btwm-7.7/runs/btwm_dmc_walker_walk_seed0_w002_b11_s0/scores.jsonl

--------------------[Agent Step 183_088]--------------------
Metrics filtered by: 'score|length|fps|ratio|train/loss/|train/acc/|train/inv/|train/rand/'
train/acc/inv 0.56 / train/inv/ce 1.43 / train/inv/confidence 0.3 / train/inv/confidence_gating 0 / train/inv/effective_rep_weight 0.02 / train/inv/head_objective 0.6 / train/inv/head_weight 0 / train/inv/objective 0.6 / train/inv/policy_weight_max 1 / train/inv/policy_weight_mean 1 / train/inv/policy_weight_min 1 / train/inv/policy_weight_std 0 / train/inv/valid_frac 1 / train/inv/weight 0.02 / train/loss/con 0.02 / train/loss/dyn 2.9 / train/loss/image 3.08 / train/loss/inv 0.01 / train/loss/policy -0.02 / train/loss/rep 2.9 / train/loss/repval 0.91 / train/loss/rew 0.6 / train/loss/value 0.85 / replay/replay_ratio 264 / fps/policy 6.51 / fps/train 1667.09

Writing metrics: /home/zhangpeiying01/lfy/btwm-7.7/runs/btwm_dmc_walker_walk_seed0_w002_b11_s0/metrics.jsonl
Writing metrics: /home/zhangpeiying01/lfy/btwm-7.7/runs/btwm_dmc_walker_walk_seed0_w002_b11_s0/scores.jsonl

--------------------[Agent Step 183_872]--------------------
Metrics filtered by: 'score|length|fps|ratio|train/loss/|train/acc/|train/inv/|train/rand/'
train/acc/inv 0.56 / train/inv/ce 1.42 / train/inv/confidence 0.31 / train/inv/confidence_gating 0 / train/inv/effective_rep_weight 0.02 / train/inv/head_objective 0.59 / train/inv/head_weight 0 / train/inv/objective 0.59 / train/inv/policy_weight_max 1 / train/inv/policy_weight_mean 1 / train/inv/policy_weight_min 1 / train/inv/policy_weight_std 0 / train/inv/valid_frac 1 / train/inv/weight 0.02 / train/loss/con 0.02 / train/loss/dyn 2.93 / train/loss/image 3.06 / train/loss/inv 0.01 / train/loss/policy -0.02 / train/loss/rep 2.93 / train/loss/repval 0.91 / train/loss/rew 0.59 / train/loss/value 0.85 / replay/replay_ratio 264 / fps/policy 6.51 / fps/train 1667.49

Writing metrics: /home/zhangpeiying01/lfy/btwm-7.7/runs/btwm_dmc_walker_walk_seed0_w002_b11_s0/scores.jsonl
Writing metrics: /home/zhangpeiying01/lfy/btwm-7.7/runs/btwm_dmc_walker_walk_seed0_w002_b11_s0/metrics.jsonl

--------------------[Agent Step 184_656]--------------------
Metrics filtered by: 'score|length|fps|ratio|train/loss/|train/acc/|train/inv/|train/rand/'
train/acc/inv 0.56 / train/inv/ce 1.43 / train/inv/confidence 0.3 / train/inv/confidence_gating 0 / train/inv/effective_rep_weight 0.02 / train/inv/head_objective 0.6 / train/inv/head_weight 0 / train/inv/objective 0.6 / train/inv/policy_weight_max 1 / train/inv/policy_weight_mean 1 / train/inv/policy_weight_min 1 / train/inv/policy_weight_std 0 / train/inv/valid_frac 1 / train/inv/weight 0.02 / train/loss/con 0.02 / train/loss/dyn 2.92 / train/loss/image 3.04 / train/loss/inv 0.01 / train/loss/policy -0.01 / train/loss/rep 2.92 / train/loss/repval 0.9 / train/loss/rew 0.6 / train/loss/value 0.84 / replay/replay_ratio 264 / fps/policy 6.49 / fps/train 1662.01

Writing metrics: /home/zhangpeiying01/lfy/btwm-7.7/runs/btwm_dmc_walker_walk_seed0_w002_b11_s0/metrics.jsonl
Writing metrics: /home/zhangpeiying01/lfy/btwm-7.7/runs/btwm_dmc_walker_walk_seed0_w002_b11_s0/scores.jsonl

--------------------[Agent Step 185_440]--------------------
Metrics filtered by: 'score|length|fps|ratio|train/loss/|train/acc/|train/inv/|train/rand/'
train/acc/inv 0.56 / train/inv/ce 1.43 / train/inv/confidence 0.3 / train/inv/confidence_gating 0 / train/inv/effective_rep_weight 0.02 / train/inv/head_objective 0.6 / train/inv/head_weight 0 / train/inv/objective 0.6 / train/inv/policy_weight_max 1 / train/inv/policy_weight_mean 1 / train/inv/policy_weight_min 1 / train/inv/policy_weight_std 0 / train/inv/valid_frac 1 / train/inv/weight 0.02 / train/loss/con 0.02 / train/loss/dyn 2.93 / train/loss/image 3.03 / train/loss/inv 0.01 / train/loss/policy -0.01 / train/loss/rep 2.93 / train/loss/repval 0.91 / train/loss/rew 0.6 / train/loss/value 0.85 / replay/replay_ratio 264 / fps/policy 6.5 / fps/train 1662.99

Writing metrics: /home/zhangpeiying01/lfy/btwm-7.7/runs/btwm_dmc_walker_walk_seed0_w002_b11_s0/metrics.jsonl
Writing metrics: /home/zhangpeiying01/lfy/btwm-7.7/runs/btwm_dmc_walker_walk_seed0_w002_b11_s0/scores.jsonl

--------------------[Agent Step 186_224]--------------------
Metrics filtered by: 'score|length|fps|ratio|train/loss/|train/acc/|train/inv/|train/rand/'
train/acc/inv 0.55 / train/inv/ce 1.44 / train/inv/confidence 0.3 / train/inv/confidence_gating 0 / train/inv/effective_rep_weight 0.02 / train/inv/head_objective 0.6 / train/inv/head_weight 0 / train/inv/objective 0.6 / train/inv/policy_weight_max 1 / train/inv/policy_weight_mean 1 / train/inv/policy_weight_min 1 / train/inv/policy_weight_std 0 / train/inv/valid_frac 1 / train/inv/weight 0.02 / train/loss/con 0.02 / train/loss/dyn 2.92 / train/loss/image 3.03 / train/loss/inv 0.01 / train/loss/policy -0.02 / train/loss/rep 2.92 / train/loss/repval 0.91 / train/loss/rew 0.6 / train/loss/value 0.85 / replay/replay_ratio 264 / fps/policy 6.55 / fps/train 1675.63

Writing metrics: /home/zhangpeiying01/lfy/btwm-7.7/runs/btwm_dmc_walker_walk_seed0_w002_b11_s0/metrics.jsonl
Writing metrics: /home/zhangpeiying01/lfy/btwm-7.7/runs/btwm_dmc_walker_walk_seed0_w002_b11_s0/scores.jsonl

--------------------[Agent Step 187_008]--------------------
Metrics filtered by: 'score|length|fps|ratio|train/loss/|train/acc/|train/inv/|train/rand/'
train/acc/inv 0.55 / train/inv/ce 1.44 / train/inv/confidence 0.3 / train/inv/confidence_gating 0 / train/inv/effective_rep_weight 0.02 / train/inv/head_objective 0.6 / train/inv/head_weight 0 / train/inv/objective 0.6 / train/inv/policy_weight_max 1 / train/inv/policy_weight_mean 1 / train/inv/policy_weight_min 1 / train/inv/policy_weight_std 0 / train/inv/valid_frac 1 / train/inv/weight 0.02 / train/loss/con 0.02 / train/loss/dyn 2.95 / train/loss/image 3.04 / train/loss/inv 0.01 / train/loss/policy -0.02 / train/loss/rep 2.95 / train/loss/repval 0.9 / train/loss/rew 0.6 / train/loss/value 0.84 / replay/replay_ratio 264 / fps/policy 6.49 / fps/train 1662.26

Writing metrics: /home/zhangpeiying01/lfy/btwm-7.7/runs/btwm_dmc_walker_walk_seed0_w002_b11_s0/metrics.jsonl
Writing metrics: /home/zhangpeiying01/lfy/btwm-7.7/runs/btwm_dmc_walker_walk_seed0_w002_b11_s0/scores.jsonl

--------------------[Agent Step 187_792]--------------------
Metrics filtered by: 'score|length|fps|ratio|train/loss/|train/acc/|train/inv/|train/rand/'
train/acc/inv 0.56 / train/inv/ce 1.42 / train/inv/confidence 0.3 / train/inv/confidence_gating 0 / train/inv/effective_rep_weight 0.02 / train/inv/head_objective 0.59 / train/inv/head_weight 0 / train/inv/objective 0.59 / train/inv/policy_weight_max 1 / train/inv/policy_weight_mean 1 / train/inv/policy_weight_min 1 / train/inv/policy_weight_std 0 / train/inv/valid_frac 1 / train/inv/weight 0.02 / train/loss/con 0.02 / train/loss/dyn 2.89 / train/loss/image 3.02 / train/loss/inv 0.01 / train/loss/policy -0.02 / train/loss/rep 2.89 / train/loss/repval 0.91 / train/loss/rew 0.6 / train/loss/value 0.85 / replay/replay_ratio 264 / fps/policy 6.52 / fps/train 1668.75

Writing metrics: /home/zhangpeiying01/lfy/btwm-7.7/runs/btwm_dmc_walker_walk_seed0_w002_b11_s0/metrics.jsonl
Writing metrics: /home/zhangpeiying01/lfy/btwm-7.7/runs/btwm_dmc_walker_walk_seed0_w002_b11_s0/scores.jsonl

--------------------[Agent Step 188_576]--------------------
Metrics filtered by: 'score|length|fps|ratio|train/loss/|train/acc/|train/inv/|train/rand/'
train/acc/inv 0.55 / train/inv/ce 1.44 / train/inv/confidence 0.3 / train/inv/confidence_gating 0 / train/inv/effective_rep_weight 0.02 / train/inv/head_objective 0.6 / train/inv/head_weight 0 / train/inv/objective 0.6 / train/inv/policy_weight_max 1 / train/inv/policy_weight_mean 1 / train/inv/policy_weight_min 1 / train/inv/policy_weight_std 0 / train/inv/valid_frac 1 / train/inv/weight 0.02 / train/loss/con 0.02 / train/loss/dyn 2.98 / train/loss/image 3.03 / train/loss/inv 0.01 / train/loss/policy -0.01 / train/loss/rep 2.98 / train/loss/repval 0.9 / train/loss/rew 0.6 / train/loss/value 0.84 / replay/replay_ratio 264 / fps/policy 6.51 / fps/train 1666.83

Writing metrics: /home/zhangpeiying01/lfy/btwm-7.7/runs/btwm_dmc_walker_walk_seed0_w002_b11_s0/metrics.jsonl
Writing metrics: /home/zhangpeiying01/lfy/btwm-7.7/runs/btwm_dmc_walker_walk_seed0_w002_b11_s0/scores.jsonl

--------------------[Agent Step 189_360]--------------------
Metrics filtered by: 'score|length|fps|ratio|train/loss/|train/acc/|train/inv/|train/rand/'
train/acc/inv 0.56 / train/inv/ce 1.43 / train/inv/confidence 0.3 / train/inv/confidence_gating 0 / train/inv/effective_rep_weight 0.02 / train/inv/head_objective 0.6 / train/inv/head_weight 0 / train/inv/objective 0.6 / train/inv/policy_weight_max 1 / train/inv/policy_weight_mean 1 / train/inv/policy_weight_min 1 / train/inv/policy_weight_std 0 / train/inv/valid_frac 1 / train/inv/weight 0.02 / train/loss/con 0.02 / train/loss/dyn 2.88 / train/loss/image 3 / train/loss/inv 0.01 / train/loss/policy -0.01 / train/loss/rep 2.88 / train/loss/repval 0.91 / train/loss/rew 0.6 / train/loss/value 0.85 / replay/replay_ratio 264 / fps/policy 6.5 / fps/train 1665.06

Writing metrics: /home/zhangpeiying01/lfy/btwm-7.7/runs/btwm_dmc_walker_walk_seed0_w002_b11_s0/scores.jsonl
Writing metrics: /home/zhangpeiying01/lfy/btwm-7.7/runs/btwm_dmc_walker_walk_seed0_w002_b11_s0/metrics.jsonl

--------------------[Agent Step 190_144]--------------------
Metrics filtered by: 'score|length|fps|ratio|train/loss/|train/acc/|train/inv/|train/rand/'
train/acc/inv 0.56 / train/inv/ce 1.43 / train/inv/confidence 0.3 / train/inv/confidence_gating 0 / train/inv/effective_rep_weight 0.02 / train/inv/head_objective 0.6 / train/inv/head_weight 0 / train/inv/objective 0.6 / train/inv/policy_weight_max 1 / train/inv/policy_weight_mean 1 / train/inv/policy_weight_min 1 / train/inv/policy_weight_std 0 / train/inv/valid_frac 1 / train/inv/weight 0.02 / train/loss/con 0.02 / train/loss/dyn 2.94 / train/loss/image 3.02 / train/loss/inv 0.01 / train/loss/policy -0.02 / train/loss/rep 2.94 / train/loss/repval 0.91 / train/loss/rew 0.6 / train/loss/value 0.85 / replay/replay_ratio 264 / fps/policy 6.53 / fps/train 1671.36

Writing metrics: /home/zhangpeiying01/lfy/btwm-7.7/runs/btwm_dmc_walker_walk_seed0_w002_b11_s0/scores.jsonl
Writing metrics: /home/zhangpeiying01/lfy/btwm-7.7/runs/btwm_dmc_walker_walk_seed0_w002_b11_s0/metrics.jsonl

--------------------[Agent Step 190_928]--------------------
Metrics filtered by: 'score|length|fps|ratio|train/loss/|train/acc/|train/inv/|train/rand/'
train/acc/inv 0.56 / train/inv/ce 1.42 / train/inv/confidence 0.3 / train/inv/confidence_gating 0 / train/inv/effective_rep_weight 0.02 / train/inv/head_objective 0.59 / train/inv/head_weight 0 / train/inv/objective 0.59 / train/inv/policy_weight_max 1 / train/inv/policy_weight_mean 1 / train/inv/policy_weight_min 1 / train/inv/policy_weight_std 0 / train/inv/valid_frac 1 / train/inv/weight 0.02 / train/loss/con 0.02 / train/loss/dyn 2.93 / train/loss/image 3.02 / train/loss/inv 0.01 / train/loss/policy -0.02 / train/loss/rep 2.93 / train/loss/repval 0.91 / train/loss/rew 0.6 / train/loss/value 0.85 / replay/replay_ratio 264 / fps/policy 6.46 / fps/train 1654.04

Writing metrics: /home/zhangpeiying01/lfy/btwm-7.7/runs/btwm_dmc_walker_walk_seed0_w002_b11_s0/metrics.jsonl
Writing metrics: /home/zhangpeiying01/lfy/btwm-7.7/runs/btwm_dmc_walker_walk_seed0_w002_b11_s0/scores.jsonl

--------------------[Agent Step 191_712]--------------------
Metrics filtered by: 'score|length|fps|ratio|train/loss/|train/acc/|train/inv/|train/rand/'
train/acc/inv 0.56 / train/inv/ce 1.43 / train/inv/confidence 0.3 / train/inv/confidence_gating 0 / train/inv/effective_rep_weight 0.02 / train/inv/head_objective 0.6 / train/inv/head_weight 0 / train/inv/objective 0.6 / train/inv/policy_weight_max 1 / train/inv/policy_weight_mean 1 / train/inv/policy_weight_min 1 / train/inv/policy_weight_std 0 / train/inv/valid_frac 1 / train/inv/weight 0.02 / train/loss/con 0.02 / train/loss/dyn 2.91 / train/loss/image 3.01 / train/loss/inv 0.01 / train/loss/policy -0.01 / train/loss/rep 2.91 / train/loss/repval 0.91 / train/loss/rew 0.6 / train/loss/value 0.85 / replay/replay_ratio 264 / fps/policy 6.51 / fps/train 1665.57

Writing metrics: /home/zhangpeiying01/lfy/btwm-7.7/runs/btwm_dmc_walker_walk_seed0_w002_b11_s0/metrics.jsonl
Writing metrics: /home/zhangpeiying01/lfy/btwm-7.7/runs/btwm_dmc_walker_walk_seed0_w002_b11_s0/scores.jsonl

--------------------[Agent Step 192_496]--------------------
Metrics filtered by: 'score|length|fps|ratio|train/loss/|train/acc/|train/inv/|train/rand/'
episode/score 894.31 / episode/length 1001 / train/acc/inv 0.55 / train/inv/ce 1.44 / train/inv/confidence 0.3 / train/inv/confidence_gating 0 / train/inv/effective_rep_weight 0.02 / train/inv/head_objective 0.6 / train/inv/head_weight 0 / train/inv/objective 0.6 / train/inv/policy_weight_max 1 / train/inv/policy_weight_mean 1 / train/inv/policy_weight_min 1 / train/inv/policy_weight_std 0 / train/inv/valid_frac 1 / train/inv/weight 0.02 / train/loss/con 0.02 / train/loss/dyn 2.9 / train/loss/image 3 / train/loss/inv 0.01 / train/loss/policy -0.02 / train/loss/rep 2.9 / train/loss/repval 0.91 / train/loss/rew 0.6 / train/loss/value 0.85 / replay/replay_ratio 264 / fps/policy 6.5 / fps/train 1663.42

Writing metrics: /home/zhangpeiying01/lfy/btwm-7.7/runs/btwm_dmc_walker_walk_seed0_w002_b11_s0/metrics.jsonl
Writing metrics: /home/zhangpeiying01/lfy/btwm-7.7/runs/btwm_dmc_walker_walk_seed0_w002_b11_s0/scores.jsonl

--------------------[Agent Step 193_280]--------------------
Metrics filtered by: 'score|length|fps|ratio|train/loss/|train/acc/|train/inv/|train/rand/'
train/acc/inv 0.55 / train/inv/ce 1.45 / train/inv/confidence 0.3 / train/inv/confidence_gating 0 / train/inv/effective_rep_weight 0.02 / train/inv/head_objective 0.61 / train/inv/head_weight 0 / train/inv/objective 0.61 / train/inv/policy_weight_max 1 / train/inv/policy_weight_mean 1 / train/inv/policy_weight_min 1 / train/inv/policy_weight_std 0 / train/inv/valid_frac 1 / train/inv/weight 0.02 / train/loss/con 0.02 / train/loss/dyn 3.14 / train/loss/image 3.3 / train/loss/inv 0.01 / train/loss/policy -8.8e-3 / train/loss/rep 3.14 / train/loss/repval 0.91 / train/loss/rew 0.6 / train/loss/value 0.86 / replay/replay_ratio 264 / fps/policy 6.53 / fps/train 1670.48

Writing metrics: /home/zhangpeiying01/lfy/btwm-7.7/runs/btwm_dmc_walker_walk_seed0_w002_b11_s0/metrics.jsonl
Writing metrics: /home/zhangpeiying01/lfy/btwm-7.7/runs/btwm_dmc_walker_walk_seed0_w002_b11_s0/scores.jsonl

--------------------[Agent Step 194_064]--------------------
Metrics filtered by: 'score|length|fps|ratio|train/loss/|train/acc/|train/inv/|train/rand/'
train/acc/inv 0.55 / train/inv/ce 1.46 / train/inv/confidence 0.29 / train/inv/confidence_gating 0 / train/inv/effective_rep_weight 0.02 / train/inv/head_objective 0.61 / train/inv/head_weight 0 / train/inv/objective 0.61 / train/inv/policy_weight_max 1 / train/inv/policy_weight_mean 1 / train/inv/policy_weight_min 1 / train/inv/policy_weight_std 0 / train/inv/valid_frac 1 / train/inv/weight 0.02 / train/loss/con 0.02 / train/loss/dyn 2.96 / train/loss/image 3.13 / train/loss/inv 0.01 / train/loss/policy -8.8e-3 / train/loss/rep 2.96 / train/loss/repval 0.9 / train/loss/rew 0.6 / train/loss/value 0.85 / replay/replay_ratio 264 / fps/policy 6.49 / fps/train 1662.23

Writing metrics: /home/zhangpeiying01/lfy/btwm-7.7/runs/btwm_dmc_walker_walk_seed0_w002_b11_s0/scores.jsonl
Writing metrics: /home/zhangpeiying01/lfy/btwm-7.7/runs/btwm_dmc_walker_walk_seed0_w002_b11_s0/metrics.jsonl

--------------------[Agent Step 194_848]--------------------
Metrics filtered by: 'score|length|fps|ratio|train/loss/|train/acc/|train/inv/|train/rand/'
train/acc/inv 0.55 / train/inv/ce 1.44 / train/inv/confidence 0.3 / train/inv/confidence_gating 0 / train/inv/effective_rep_weight 0.02 / train/inv/head_objective 0.6 / train/inv/head_weight 0 / train/inv/objective 0.6 / train/inv/policy_weight_max 1 / train/inv/policy_weight_mean 1 / train/inv/policy_weight_min 1 / train/inv/policy_weight_std 0 / train/inv/valid_frac 1 / train/inv/weight 0.02 / train/loss/con 0.02 / train/loss/dyn 2.91 / train/loss/image 3.09 / train/loss/inv 0.01 / train/loss/policy -0.01 / train/loss/rep 2.91 / train/loss/repval 0.9 / train/loss/rew 0.6 / train/loss/value 0.85 / replay/replay_ratio 264 / fps/policy 6.52 / fps/train 1668.66

Writing metrics: /home/zhangpeiying01/lfy/btwm-7.7/runs/btwm_dmc_walker_walk_seed0_w002_b11_s0/scores.jsonl
Writing metrics: /home/zhangpeiying01/lfy/btwm-7.7/runs/btwm_dmc_walker_walk_seed0_w002_b11_s0/metrics.jsonl

--------------------[Agent Step 195_632]--------------------
Metrics filtered by: 'score|length|fps|ratio|train/loss/|train/acc/|train/inv/|train/rand/'
train/acc/inv 0.55 / train/inv/ce 1.45 / train/inv/confidence 0.3 / train/inv/confidence_gating 0 / train/inv/effective_rep_weight 0.02 / train/inv/head_objective 0.6 / train/inv/head_weight 0 / train/inv/objective 0.6 / train/inv/policy_weight_max 1 / train/inv/policy_weight_mean 1 / train/inv/policy_weight_min 1 / train/inv/policy_weight_std 0 / train/inv/valid_frac 1 / train/inv/weight 0.02 / train/loss/con 0.02 / train/loss/dyn 2.9 / train/loss/image 3.01 / train/loss/inv 0.01 / train/loss/policy -0.01 / train/loss/rep 2.9 / train/loss/repval 0.9 / train/loss/rew 0.6 / train/loss/value 0.84 / replay/replay_ratio 264 / fps/policy 6.48 / fps/train 1660.06

Writing metrics: /home/zhangpeiying01/lfy/btwm-7.7/runs/btwm_dmc_walker_walk_seed0_w002_b11_s0/metrics.jsonl
Writing metrics: /home/zhangpeiying01/lfy/btwm-7.7/runs/btwm_dmc_walker_walk_seed0_w002_b11_s0/scores.jsonl
Saving checkpoint: /home/zhangpeiying01/lfy/btwm-7.7/runs/btwm_dmc_walker_walk_seed0_w002_b11_s0/ckpt/20260717T055410F008721
Saved checkpoint.

--------------------[Agent Step 196_384]--------------------
Metrics filtered by: 'score|length|fps|ratio|train/loss/|train/acc/|train/inv/|train/rand/'
train/acc/inv 0.55 / train/inv/ce 1.46 / train/inv/confidence 0.29 / train/inv/confidence_gating 0 / train/inv/effective_rep_weight 0.02 / train/inv/head_objective 0.61 / train/inv/head_weight 0 / train/inv/objective 0.61 / train/inv/policy_weight_max 1 / train/inv/policy_weight_mean 1 / train/inv/policy_weight_min 1 / train/inv/policy_weight_std 0 / train/inv/valid_frac 1 / train/inv/weight 0.02 / train/loss/con 0.02 / train/loss/dyn 2.9 / train/loss/image 3 / train/loss/inv 0.01 / train/loss/policy -0.01 / train/loss/rep 2.9 / train/loss/repval 0.9 / train/loss/rew 0.6 / train/loss/value 0.84 / replay/replay_ratio 264 / fps/policy 6.24 / fps/train 1598.39

Writing metrics: /home/zhangpeiying01/lfy/btwm-7.7/runs/btwm_dmc_walker_walk_seed0_w002_b11_s0/scores.jsonl
Writing metrics: /home/zhangpeiying01/lfy/btwm-7.7/runs/btwm_dmc_walker_walk_seed0_w002_b11_s0/metrics.jsonl

--------------------[Agent Step 197_168]--------------------
Metrics filtered by: 'score|length|fps|ratio|train/loss/|train/acc/|train/inv/|train/rand/'
train/acc/inv 0.55 / train/inv/ce 1.44 / train/inv/confidence 0.3 / train/inv/confidence_gating 0 / train/inv/effective_rep_weight 0.02 / train/inv/head_objective 0.6 / train/inv/head_weight 0 / train/inv/objective 0.6 / train/inv/policy_weight_max 1 / train/inv/policy_weight_mean 1 / train/inv/policy_weight_min 1 / train/inv/policy_weight_std 0 / train/inv/valid_frac 1 / train/inv/weight 0.02 / train/loss/con 0.02 / train/loss/dyn 2.98 / train/loss/image 3.1 / train/loss/inv 0.01 / train/loss/policy -0.01 / train/loss/rep 2.98 / train/loss/repval 0.9 / train/loss/rew 0.6 / train/loss/value 0.84 / replay/replay_ratio 264 / fps/policy 6.5 / fps/train 1664.2

Writing metrics: /home/zhangpeiying01/lfy/btwm-7.7/runs/btwm_dmc_walker_walk_seed0_w002_b11_s0/metrics.jsonl
Writing metrics: /home/zhangpeiying01/lfy/btwm-7.7/runs/btwm_dmc_walker_walk_seed0_w002_b11_s0/scores.jsonl

--------------------[Agent Step 197_952]--------------------
Metrics filtered by: 'score|length|fps|ratio|train/loss/|train/acc/|train/inv/|train/rand/'
train/acc/inv 0.55 / train/inv/ce 1.45 / train/inv/confidence 0.3 / train/inv/confidence_gating 0 / train/inv/effective_rep_weight 0.02 / train/inv/head_objective 0.6 / train/inv/head_weight 0 / train/inv/objective 0.6 / train/inv/policy_weight_max 1 / train/inv/policy_weight_mean 1 / train/inv/policy_weight_min 1 / train/inv/policy_weight_std 0 / train/inv/valid_frac 1 / train/inv/weight 0.02 / train/loss/con 0.02 / train/loss/dyn 2.91 / train/loss/image 3.03 / train/loss/inv 0.01 / train/loss/policy -0.01 / train/loss/rep 2.91 / train/loss/repval 0.9 / train/loss/rew 0.6 / train/loss/value 0.84 / replay/replay_ratio 264 / fps/policy 6.52 / fps/train 1668.95

Writing metrics: /home/zhangpeiying01/lfy/btwm-7.7/runs/btwm_dmc_walker_walk_seed0_w002_b11_s0/scores.jsonl
Writing metrics: /home/zhangpeiying01/lfy/btwm-7.7/runs/btwm_dmc_walker_walk_seed0_w002_b11_s0/metrics.jsonl

--------------------[Agent Step 198_736]--------------------
Metrics filtered by: 'score|length|fps|ratio|train/loss/|train/acc/|train/inv/|train/rand/'
train/acc/inv 0.55 / train/inv/ce 1.46 / train/inv/confidence 0.29 / train/inv/confidence_gating 0 / train/inv/effective_rep_weight 0.02 / train/inv/head_objective 0.61 / train/inv/head_weight 0 / train/inv/objective 0.61 / train/inv/policy_weight_max 1 / train/inv/policy_weight_mean 1 / train/inv/policy_weight_min 1 / train/inv/policy_weight_std 0 / train/inv/valid_frac 1 / train/inv/weight 0.02 / train/loss/con 0.02 / train/loss/dyn 2.94 / train/loss/image 3.05 / train/loss/inv 0.01 / train/loss/policy -9.7e-3 / train/loss/rep 2.94 / train/loss/repval 0.91 / train/loss/rew 0.6 / train/loss/value 0.85 / replay/replay_ratio 264 / fps/policy 6.49 / fps/train 1662.33

Writing metrics: /home/zhangpeiying01/lfy/btwm-7.7/runs/btwm_dmc_walker_walk_seed0_w002_b11_s0/scores.jsonl
Writing metrics: /home/zhangpeiying01/lfy/btwm-7.7/runs/btwm_dmc_walker_walk_seed0_w002_b11_s0/metrics.jsonl

--------------------[Agent Step 199_520]--------------------
Metrics filtered by: 'score|length|fps|ratio|train/loss/|train/acc/|train/inv/|train/rand/'
train/acc/inv 0.55 / train/inv/ce 1.44 / train/inv/confidence 0.3 / train/inv/confidence_gating 0 / train/inv/effective_rep_weight 0.02 / train/inv/head_objective 0.6 / train/inv/head_weight 0 / train/inv/objective 0.6 / train/inv/policy_weight_max 1 / train/inv/policy_weight_mean 1 / train/inv/policy_weight_min 1 / train/inv/policy_weight_std 0 / train/inv/valid_frac 1 / train/inv/weight 0.02 / train/loss/con 0.02 / train/loss/dyn 2.86 / train/loss/image 2.97 / train/loss/inv 0.01 / train/loss/policy -0.01 / train/loss/rep 2.86 / train/loss/repval 0.91 / train/loss/rew 0.6 / train/loss/value 0.85 / replay/replay_ratio 264 / fps/policy 6.53 / fps/train 1672.09

Writing metrics: /home/zhangpeiying01/lfy/btwm-7.7/runs/btwm_dmc_walker_walk_seed0_w002_b11_s0/metrics.jsonl
Writing metrics: /home/zhangpeiying01/lfy/btwm-7.7/runs/btwm_dmc_walker_walk_seed0_w002_b11_s0/scores.jsonl

--------------------[Agent Step 200_304]--------------------
Metrics filtered by: 'score|length|fps|ratio|train/loss/|train/acc/|train/inv/|train/rand/'
train/acc/inv 0.55 / train/inv/ce 1.44 / train/inv/confidence 0.3 / train/inv/confidence_gating 0 / train/inv/effective_rep_weight 0.02 / train/inv/head_objective 0.6 / train/inv/head_weight 0 / train/inv/objective 0.6 / train/inv/policy_weight_max 1 / train/inv/policy_weight_mean 1 / train/inv/policy_weight_min 1 / train/inv/policy_weight_std 0 / train/inv/valid_frac 1 / train/inv/weight 0.02 / train/loss/con 0.02 / train/loss/dyn 2.92 / train/loss/image 3.03 / train/loss/inv 0.01 / train/loss/policy -0.01 / train/loss/rep 2.92 / train/loss/repval 0.91 / train/loss/rew 0.6 / train/loss/value 0.85 / replay/replay_ratio 264 / fps/policy 6.48 / fps/train 1659.34

Writing metrics: /home/zhangpeiying01/lfy/btwm-7.7/runs/btwm_dmc_walker_walk_seed0_w002_b11_s0/metrics.jsonl
Writing metrics: /home/zhangpeiying01/lfy/btwm-7.7/runs/btwm_dmc_walker_walk_seed0_w002_b11_s0/scores.jsonl

--------------------[Agent Step 201_088]--------------------
Metrics filtered by: 'score|length|fps|ratio|train/loss/|train/acc/|train/inv/|train/rand/'
train/acc/inv 0.56 / train/inv/ce 1.43 / train/inv/confidence 0.3 / train/inv/confidence_gating 0 / train/inv/effective_rep_weight 0.02 / train/inv/head_objective 0.6 / train/inv/head_weight 0 / train/inv/objective 0.6 / train/inv/policy_weight_max 1 / train/inv/policy_weight_mean 1 / train/inv/policy_weight_min 1 / train/inv/policy_weight_std 0 / train/inv/valid_frac 1 / train/inv/weight 0.02 / train/loss/con 0.02 / train/loss/dyn 2.88 / train/loss/image 3 / train/loss/inv 0.01 / train/loss/policy -0.01 / train/loss/rep 2.88 / train/loss/repval 0.91 / train/loss/rew 0.6 / train/loss/value 0.85 / replay/replay_ratio 264 / fps/policy 6.51 / fps/train 1665.58

Writing metrics: /home/zhangpeiying01/lfy/btwm-7.7/runs/btwm_dmc_walker_walk_seed0_w002_b11_s0/metrics.jsonl
Writing metrics: /home/zhangpeiying01/lfy/btwm-7.7/runs/btwm_dmc_walker_walk_seed0_w002_b11_s0/scores.jsonl

--------------------[Agent Step 201_888]--------------------
Metrics filtered by: 'score|length|fps|ratio|train/loss/|train/acc/|train/inv/|train/rand/'
train/acc/inv 0.55 / train/inv/ce 1.45 / train/inv/confidence 0.29 / train/inv/confidence_gating 0 / train/inv/effective_rep_weight 0.02 / train/inv/head_objective 0.61 / train/inv/head_weight 0 / train/inv/objective 0.61 / train/inv/policy_weight_max 1 / train/inv/policy_weight_mean 1 / train/inv/policy_weight_min 1 / train/inv/policy_weight_std 0 / train/inv/valid_frac 1 / train/inv/weight 0.02 / train/loss/con 0.02 / train/loss/dyn 2.91 / train/loss/image 2.96 / train/loss/inv 0.01 / train/loss/policy -0.01 / train/loss/rep 2.91 / train/loss/repval 0.9 / train/loss/rew 0.6 / train/loss/value 0.84 / replay/replay_ratio 264 / fps/policy 6.54 / fps/train 1674.37

Writing metrics: /home/zhangpeiying01/lfy/btwm-7.7/runs/btwm_dmc_walker_walk_seed0_w002_b11_s0/metrics.jsonl
Writing metrics: /home/zhangpeiying01/lfy/btwm-7.7/runs/btwm_dmc_walker_walk_seed0_w002_b11_s0/scores.jsonl

--------------------[Agent Step 202_672]--------------------
Metrics filtered by: 'score|length|fps|ratio|train/loss/|train/acc/|train/inv/|train/rand/'
train/acc/inv 0.56 / train/inv/ce 1.43 / train/inv/confidence 0.3 / train/inv/confidence_gating 0 / train/inv/effective_rep_weight 0.02 / train/inv/head_objective 0.6 / train/inv/head_weight 0 / train/inv/objective 0.6 / train/inv/policy_weight_max 1 / train/inv/policy_weight_mean 1 / train/inv/policy_weight_min 1 / train/inv/policy_weight_std 0 / train/inv/valid_frac 1 / train/inv/weight 0.02 / train/loss/con 0.02 / train/loss/dyn 2.86 / train/loss/image 2.94 / train/loss/inv 0.01 / train/loss/policy -0.01 / train/loss/rep 2.86 / train/loss/repval 0.91 / train/loss/rew 0.6 / train/loss/value 0.85 / replay/replay_ratio 264 / fps/policy 6.53 / fps/train 1671.56

Writing metrics: /home/zhangpeiying01/lfy/btwm-7.7/runs/btwm_dmc_walker_walk_seed0_w002_b11_s0/metrics.jsonl
Writing metrics: /home/zhangpeiying01/lfy/btwm-7.7/runs/btwm_dmc_walker_walk_seed0_w002_b11_s0/scores.jsonl

--------------------[Agent Step 203_456]--------------------
Metrics filtered by: 'score|length|fps|ratio|train/loss/|train/acc/|train/inv/|train/rand/'
train/acc/inv 0.55 / train/inv/ce 1.45 / train/inv/confidence 0.29 / train/inv/confidence_gating 0 / train/inv/effective_rep_weight 0.02 / train/inv/head_objective 0.61 / train/inv/head_weight 0 / train/inv/objective 0.61 / train/inv/policy_weight_max 1 / train/inv/policy_weight_mean 1 / train/inv/policy_weight_min 1 / train/inv/policy_weight_std 0 / train/inv/valid_frac 1 / train/inv/weight 0.02 / train/loss/con 0.02 / train/loss/dyn 2.98 / train/loss/image 2.99 / train/loss/inv 0.01 / train/loss/policy -0.01 / train/loss/rep 2.98 / train/loss/repval 0.9 / train/loss/rew 0.6 / train/loss/value 0.84 / replay/replay_ratio 264 / fps/policy 6.51 / fps/train 1666.33

Writing metrics: /home/zhangpeiying01/lfy/btwm-7.7/runs/btwm_dmc_walker_walk_seed0_w002_b11_s0/scores.jsonl
Writing metrics: /home/zhangpeiying01/lfy/btwm-7.7/runs/btwm_dmc_walker_walk_seed0_w002_b11_s0/metrics.jsonl

--------------------[Agent Step 204_256]--------------------
Metrics filtered by: 'score|length|fps|ratio|train/loss/|train/acc/|train/inv/|train/rand/'
train/acc/inv 0.56 / train/inv/ce 1.44 / train/inv/confidence 0.3 / train/inv/confidence_gating 0 / train/inv/effective_rep_weight 0.02 / train/inv/head_objective 0.6 / train/inv/head_weight 0 / train/inv/objective 0.6 / train/inv/policy_weight_max 1 / train/inv/policy_weight_mean 1 / train/inv/policy_weight_min 1 / train/inv/policy_weight_std 0 / train/inv/valid_frac 1 / train/inv/weight 0.02 / train/loss/con 0.02 / train/loss/dyn 2.82 / train/loss/image 2.93 / train/loss/inv 0.01 / train/loss/policy -0.01 / train/loss/rep 2.82 / train/loss/repval 0.9 / train/loss/rew 0.6 / train/loss/value 0.84 / replay/replay_ratio 264 / fps/policy 6.53 / fps/train 1670.42

Writing metrics: /home/zhangpeiying01/lfy/btwm-7.7/runs/btwm_dmc_walker_walk_seed0_w002_b11_s0/scores.jsonl
Writing metrics: /home/zhangpeiying01/lfy/btwm-7.7/runs/btwm_dmc_walker_walk_seed0_w002_b11_s0/metrics.jsonl

--------------------[Agent Step 205_040]--------------------
Metrics filtered by: 'score|length|fps|ratio|train/loss/|train/acc/|train/inv/|train/rand/'
train/acc/inv 0.55 / train/inv/ce 1.45 / train/inv/confidence 0.3 / train/inv/confidence_gating 0 / train/inv/effective_rep_weight 0.02 / train/inv/head_objective 0.6 / train/inv/head_weight 0 / train/inv/objective 0.6 / train/inv/policy_weight_max 1 / train/inv/policy_weight_mean 1 / train/inv/policy_weight_min 1 / train/inv/policy_weight_std 0 / train/inv/valid_frac 1 / train/inv/weight 0.02 / train/loss/con 0.02 / train/loss/dyn 2.86 / train/loss/image 2.91 / train/loss/inv 0.01 / train/loss/policy -0.01 / train/loss/rep 2.86 / train/loss/repval 0.89 / train/loss/rew 0.6 / train/loss/value 0.84 / replay/replay_ratio 264 / fps/policy 6.46 / fps/train 1654.26

Writing metrics: /home/zhangpeiying01/lfy/btwm-7.7/runs/btwm_dmc_walker_walk_seed0_w002_b11_s0/metrics.jsonl
Writing metrics: /home/zhangpeiying01/lfy/btwm-7.7/runs/btwm_dmc_walker_walk_seed0_w002_b11_s0/scores.jsonl

--------------------[Agent Step 205_824]--------------------
Metrics filtered by: 'score|length|fps|ratio|train/loss/|train/acc/|train/inv/|train/rand/'
train/acc/inv 0.55 / train/inv/ce 1.45 / train/inv/confidence 0.29 / train/inv/confidence_gating 0 / train/inv/effective_rep_weight 0.02 / train/inv/head_objective 0.61 / train/inv/head_weight 0 / train/inv/objective 0.61 / train/inv/policy_weight_max 1 / train/inv/policy_weight_mean 1 / train/inv/policy_weight_min 1 / train/inv/policy_weight_std 0 / train/inv/valid_frac 1 / train/inv/weight 0.02 / train/loss/con 0.02 / train/loss/dyn 2.87 / train/loss/image 2.92 / train/loss/inv 0.01 / train/loss/policy -0.01 / train/loss/rep 2.87 / train/loss/repval 0.89 / train/loss/rew 0.6 / train/loss/value 0.84 / replay/replay_ratio 264 / fps/policy 6.52 / fps/train 1669.05

Writing metrics: /home/zhangpeiying01/lfy/btwm-7.7/runs/btwm_dmc_walker_walk_seed0_w002_b11_s0/metrics.jsonl
Writing metrics: /home/zhangpeiying01/lfy/btwm-7.7/runs/btwm_dmc_walker_walk_seed0_w002_b11_s0/scores.jsonl

--------------------[Agent Step 206_624]--------------------
Metrics filtered by: 'score|length|fps|ratio|train/loss/|train/acc/|train/inv/|train/rand/'
train/acc/inv 0.55 / train/inv/ce 1.45 / train/inv/confidence 0.29 / train/inv/confidence_gating 0 / train/inv/effective_rep_weight 0.02 / train/inv/head_objective 0.61 / train/inv/head_weight 0 / train/inv/objective 0.61 / train/inv/policy_weight_max 1 / train/inv/policy_weight_mean 1 / train/inv/policy_weight_min 1 / train/inv/policy_weight_std 0 / train/inv/valid_frac 1 / train/inv/weight 0.02 / train/loss/con 0.02 / train/loss/dyn 2.88 / train/loss/image 2.94 / train/loss/inv 0.01 / train/loss/policy -0.01 / train/loss/rep 2.88 / train/loss/repval 0.9 / train/loss/rew 0.6 / train/loss/value 0.84 / replay/replay_ratio 264 / fps/policy 6.54 / fps/train 1674.79

Writing metrics: /home/zhangpeiying01/lfy/btwm-7.7/runs/btwm_dmc_walker_walk_seed0_w002_b11_s0/metrics.jsonl
Writing metrics: /home/zhangpeiying01/lfy/btwm-7.7/runs/btwm_dmc_walker_walk_seed0_w002_b11_s0/scores.jsonl

--------------------[Agent Step 207_408]--------------------
Metrics filtered by: 'score|length|fps|ratio|train/loss/|train/acc/|train/inv/|train/rand/'
train/acc/inv 0.56 / train/inv/ce 1.44 / train/inv/confidence 0.3 / train/inv/confidence_gating 0 / train/inv/effective_rep_weight 0.02 / train/inv/head_objective 0.6 / train/inv/head_weight 0 / train/inv/objective 0.6 / train/inv/policy_weight_max 1 / train/inv/policy_weight_mean 1 / train/inv/policy_weight_min 1 / train/inv/policy_weight_std 0 / train/inv/valid_frac 1 / train/inv/weight 0.02 / train/loss/con 0.02 / train/loss/dyn 2.86 / train/loss/image 2.91 / train/loss/inv 0.01 / train/loss/policy -0.01 / train/loss/rep 2.86 / train/loss/repval 0.9 / train/loss/rew 0.6 / train/loss/value 0.85 / replay/replay_ratio 264 / fps/policy 6.48 / fps/train 1659.35

Writing metrics: /home/zhangpeiying01/lfy/btwm-7.7/runs/btwm_dmc_walker_walk_seed0_w002_b11_s0/metrics.jsonl
Writing metrics: /home/zhangpeiying01/lfy/btwm-7.7/runs/btwm_dmc_walker_walk_seed0_w002_b11_s0/scores.jsonl

--------------------[Agent Step 208_208]--------------------
Metrics filtered by: 'score|length|fps|ratio|train/loss/|train/acc/|train/inv/|train/rand/'
episode/score 989.69 / episode/length 1001 / train/acc/inv 0.55 / train/inv/ce 1.46 / train/inv/confidence 0.29 / train/inv/confidence_gating 0 / train/inv/effective_rep_weight 0.02 / train/inv/head_objective 0.61 / train/inv/head_weight 0 / train/inv/objective 0.61 / train/inv/policy_weight_max 1 / train/inv/policy_weight_mean 1 / train/inv/policy_weight_min 1 / train/inv/policy_weight_std 0 / train/inv/valid_frac 1 / train/inv/weight 0.02 / train/loss/con 0.02 / train/loss/dyn 2.91 / train/loss/image 2.89 / train/loss/inv 0.01 / train/loss/policy -0.02 / train/loss/rep 2.91 / train/loss/repval 0.9 / train/loss/rew 0.6 / train/loss/value 0.84 / replay/replay_ratio 264 / fps/policy 6.54 / fps/train 1675.35

Writing metrics: /home/zhangpeiying01/lfy/btwm-7.7/runs/btwm_dmc_walker_walk_seed0_w002_b11_s0/metrics.jsonl
Writing metrics: /home/zhangpeiying01/lfy/btwm-7.7/runs/btwm_dmc_walker_walk_seed0_w002_b11_s0/scores.jsonl

--------------------[Agent Step 208_992]--------------------
Metrics filtered by: 'score|length|fps|ratio|train/loss/|train/acc/|train/inv/|train/rand/'
train/acc/inv 0.55 / train/inv/ce 1.46 / train/inv/confidence 0.29 / train/inv/confidence_gating 0 / train/inv/effective_rep_weight 0.02 / train/inv/head_objective 0.61 / train/inv/head_weight 0 / train/inv/objective 0.61 / train/inv/policy_weight_max 1 / train/inv/policy_weight_mean 1 / train/inv/policy_weight_min 1 / train/inv/policy_weight_std 0 / train/inv/valid_frac 1 / train/inv/weight 0.02 / train/loss/con 0.02 / train/loss/dyn 2.96 / train/loss/image 3.08 / train/loss/inv 0.01 / train/loss/policy -0.01 / train/loss/rep 2.96 / train/loss/repval 0.9 / train/loss/rew 0.6 / train/loss/value 0.84 / replay/replay_ratio 264 / fps/policy 6.51 / fps/train 1666.28

Writing metrics: /home/zhangpeiying01/lfy/btwm-7.7/runs/btwm_dmc_walker_walk_seed0_w002_b11_s0/scores.jsonl
Writing metrics: /home/zhangpeiying01/lfy/btwm-7.7/runs/btwm_dmc_walker_walk_seed0_w002_b11_s0/metrics.jsonl

--------------------[Agent Step 209_776]--------------------
Metrics filtered by: 'score|length|fps|ratio|train/loss/|train/acc/|train/inv/|train/rand/'
train/acc/inv 0.55 / train/inv/ce 1.46 / train/inv/confidence 0.29 / train/inv/confidence_gating 0 / train/inv/effective_rep_weight 0.02 / train/inv/head_objective 0.61 / train/inv/head_weight 0 / train/inv/objective 0.61 / train/inv/policy_weight_max 1 / train/inv/policy_weight_mean 1 / train/inv/policy_weight_min 1 / train/inv/policy_weight_std 0 / train/inv/valid_frac 1 / train/inv/weight 0.02 / train/loss/con 0.02 / train/loss/dyn 3.05 / train/loss/image 3.15 / train/loss/inv 0.01 / train/loss/policy -8.5e-3 / train/loss/rep 3.05 / train/loss/repval 0.9 / train/loss/rew 0.6 / train/loss/value 0.85 / replay/replay_ratio 264 / fps/policy 6.53 / fps/train 1671.32

Writing metrics: /home/zhangpeiying01/lfy/btwm-7.7/runs/btwm_dmc_walker_walk_seed0_w002_b11_s0/metrics.jsonl
Writing metrics: /home/zhangpeiying01/lfy/btwm-7.7/runs/btwm_dmc_walker_walk_seed0_w002_b11_s0/scores.jsonl

--------------------[Agent Step 210_576]--------------------
Metrics filtered by: 'score|length|fps|ratio|train/loss/|train/acc/|train/inv/|train/rand/'
train/acc/inv 0.55 / train/inv/ce 1.46 / train/inv/confidence 0.29 / train/inv/confidence_gating 0 / train/inv/effective_rep_weight 0.02 / train/inv/head_objective 0.61 / train/inv/head_weight 0 / train/inv/objective 0.61 / train/inv/policy_weight_max 1 / train/inv/policy_weight_mean 1 / train/inv/policy_weight_min 1 / train/inv/policy_weight_std 0 / train/inv/valid_frac 1 / train/inv/weight 0.02 / train/loss/con 0.02 / train/loss/dyn 2.88 / train/loss/image 3.03 / train/loss/inv 0.01 / train/loss/policy -0.02 / train/loss/rep 2.88 / train/loss/repval 0.9 / train/loss/rew 0.6 / train/loss/value 0.84 / replay/replay_ratio 264 / fps/policy 6.53 / fps/train 1672.13

Writing metrics: /home/zhangpeiying01/lfy/btwm-7.7/runs/btwm_dmc_walker_walk_seed0_w002_b11_s0/metrics.jsonl
Writing metrics: /home/zhangpeiying01/lfy/btwm-7.7/runs/btwm_dmc_walker_walk_seed0_w002_b11_s0/scores.jsonl

--------------------[Agent Step 211_360]--------------------
Metrics filtered by: 'score|length|fps|ratio|train/loss/|train/acc/|train/inv/|train/rand/'
train/acc/inv 0.55 / train/inv/ce 1.46 / train/inv/confidence 0.29 / train/inv/confidence_gating 0 / train/inv/effective_rep_weight 0.02 / train/inv/head_objective 0.61 / train/inv/head_weight 0 / train/inv/objective 0.61 / train/inv/policy_weight_max 1 / train/inv/policy_weight_mean 1 / train/inv/policy_weight_min 1 / train/inv/policy_weight_std 0 / train/inv/valid_frac 1 / train/inv/weight 0.02 / train/loss/con 0.02 / train/loss/dyn 2.85 / train/loss/image 2.9 / train/loss/inv 0.01 / train/loss/policy -0.01 / train/loss/rep 2.85 / train/loss/repval 0.89 / train/loss/rew 0.6 / train/loss/value 0.84 / replay/replay_ratio 264 / fps/policy 6.51 / fps/train 1667.59

Writing metrics: /home/zhangpeiying01/lfy/btwm-7.7/runs/btwm_dmc_walker_walk_seed0_w002_b11_s0/scores.jsonl
Writing metrics: /home/zhangpeiying01/lfy/btwm-7.7/runs/btwm_dmc_walker_walk_seed0_w002_b11_s0/metrics.jsonl

--------------------[Agent Step 212_144]--------------------
Metrics filtered by: 'score|length|fps|ratio|train/loss/|train/acc/|train/inv/|train/rand/'
train/acc/inv 0.55 / train/inv/ce 1.46 / train/inv/confidence 0.29 / train/inv/confidence_gating 0 / train/inv/effective_rep_weight 0.02 / train/inv/head_objective 0.61 / train/inv/head_weight 0 / train/inv/objective 0.61 / train/inv/policy_weight_max 1 / train/inv/policy_weight_mean 1 / train/inv/policy_weight_min 1 / train/inv/policy_weight_std 0 / train/inv/valid_frac 1 / train/inv/weight 0.02 / train/loss/con 0.02 / train/loss/dyn 2.87 / train/loss/image 2.96 / train/loss/inv 0.01 / train/loss/policy -0.02 / train/loss/rep 2.87 / train/loss/repval 0.89 / train/loss/rew 0.6 / train/loss/value 0.84 / replay/replay_ratio 264 / fps/policy 6.51 / fps/train 1666.45

Writing metrics: /home/zhangpeiying01/lfy/btwm-7.7/runs/btwm_dmc_walker_walk_seed0_w002_b11_s0/metrics.jsonl
Writing metrics: /home/zhangpeiying01/lfy/btwm-7.7/runs/btwm_dmc_walker_walk_seed0_w002_b11_s0/scores.jsonl

--------------------[Agent Step 212_928]--------------------
Metrics filtered by: 'score|length|fps|ratio|train/loss/|train/acc/|train/inv/|train/rand/'
train/acc/inv 0.55 / train/inv/ce 1.46 / train/inv/confidence 0.29 / train/inv/confidence_gating 0 / train/inv/effective_rep_weight 0.02 / train/inv/head_objective 0.61 / train/inv/head_weight 0 / train/inv/objective 0.61 / train/inv/policy_weight_max 1 / train/inv/policy_weight_mean 1 / train/inv/policy_weight_min 1 / train/inv/policy_weight_std 0 / train/inv/valid_frac 1 / train/inv/weight 0.02 / train/loss/con 0.02 / train/loss/dyn 2.89 / train/loss/image 2.95 / train/loss/inv 0.01 / train/loss/policy -0.02 / train/loss/rep 2.89 / train/loss/repval 0.89 / train/loss/rew 0.6 / train/loss/value 0.84 / replay/replay_ratio 264 / fps/policy 6.5 / fps/train 1664.85

Writing metrics: /home/zhangpeiying01/lfy/btwm-7.7/runs/btwm_dmc_walker_walk_seed0_w002_b11_s0/scores.jsonl
Writing metrics: /home/zhangpeiying01/lfy/btwm-7.7/runs/btwm_dmc_walker_walk_seed0_w002_b11_s0/metrics.jsonl

--------------------[Agent Step 213_712]--------------------
Metrics filtered by: 'score|length|fps|ratio|train/loss/|train/acc/|train/inv/|train/rand/'
train/acc/inv 0.55 / train/inv/ce 1.45 / train/inv/confidence 0.3 / train/inv/confidence_gating 0 / train/inv/effective_rep_weight 0.02 / train/inv/head_objective 0.6 / train/inv/head_weight 0 / train/inv/objective 0.6 / train/inv/policy_weight_max 1 / train/inv/policy_weight_mean 1 / train/inv/policy_weight_min 1 / train/inv/policy_weight_std 0 / train/inv/valid_frac 1 / train/inv/weight 0.02 / train/loss/con 0.02 / train/loss/dyn 2.87 / train/loss/image 2.94 / train/loss/inv 0.01 / train/loss/policy -0.02 / train/loss/rep 2.87 / train/loss/repval 0.9 / train/loss/rew 0.6 / train/loss/value 0.84 / replay/replay_ratio 264 / fps/policy 6.53 / fps/train 1671.74

Writing metrics: /home/zhangpeiying01/lfy/btwm-7.7/runs/btwm_dmc_walker_walk_seed0_w002_b11_s0/metrics.jsonl
Writing metrics: /home/zhangpeiying01/lfy/btwm-7.7/runs/btwm_dmc_walker_walk_seed0_w002_b11_s0/scores.jsonl

--------------------[Agent Step 214_496]--------------------
Metrics filtered by: 'score|length|fps|ratio|train/loss/|train/acc/|train/inv/|train/rand/'
train/acc/inv 0.55 / train/inv/ce 1.46 / train/inv/confidence 0.29 / train/inv/confidence_gating 0 / train/inv/effective_rep_weight 0.02 / train/inv/head_objective 0.61 / train/inv/head_weight 0 / train/inv/objective 0.61 / train/inv/policy_weight_max 1 / train/inv/policy_weight_mean 1 / train/inv/policy_weight_min 1 / train/inv/policy_weight_std 0 / train/inv/valid_frac 1 / train/inv/weight 0.02 / train/loss/con 0.02 / train/loss/dyn 2.89 / train/loss/image 2.94 / train/loss/inv 0.01 / train/loss/policy -0.02 / train/loss/rep 2.89 / train/loss/repval 0.9 / train/loss/rew 0.6 / train/loss/value 0.84 / replay/replay_ratio 264 / fps/policy 6.51 / fps/train 1666.38

Writing metrics: /home/zhangpeiying01/lfy/btwm-7.7/runs/btwm_dmc_walker_walk_seed0_w002_b11_s0/metrics.jsonl
Writing metrics: /home/zhangpeiying01/lfy/btwm-7.7/runs/btwm_dmc_walker_walk_seed0_w002_b11_s0/scores.jsonl

--------------------[Agent Step 215_280]--------------------
Metrics filtered by: 'score|length|fps|ratio|train/loss/|train/acc/|train/inv/|train/rand/'
train/acc/inv 0.55 / train/inv/ce 1.45 / train/inv/confidence 0.29 / train/inv/confidence_gating 0 / train/inv/effective_rep_weight 0.02 / train/inv/head_objective 0.61 / train/inv/head_weight 0 / train/inv/objective 0.61 / train/inv/policy_weight_max 1 / train/inv/policy_weight_mean 1 / train/inv/policy_weight_min 1 / train/inv/policy_weight_std 0 / train/inv/valid_frac 1 / train/inv/weight 0.02 / train/loss/con 0.02 / train/loss/dyn 2.87 / train/loss/image 2.88 / train/loss/inv 0.01 / train/loss/policy -0.02 / train/loss/rep 2.87 / train/loss/repval 0.9 / train/loss/rew 0.6 / train/loss/value 0.85 / replay/replay_ratio 264 / fps/policy 6.52 / fps/train 1668.73

Writing metrics: /home/zhangpeiying01/lfy/btwm-7.7/runs/btwm_dmc_walker_walk_seed0_w002_b11_s0/metrics.jsonl
Writing metrics: /home/zhangpeiying01/lfy/btwm-7.7/runs/btwm_dmc_walker_walk_seed0_w002_b11_s0/scores.jsonl

--------------------[Agent Step 216_064]--------------------
Metrics filtered by: 'score|length|fps|ratio|train/loss/|train/acc/|train/inv/|train/rand/'
train/acc/inv 0.55 / train/inv/ce 1.45 / train/inv/confidence 0.29 / train/inv/confidence_gating 0 / train/inv/effective_rep_weight 0.02 / train/inv/head_objective 0.61 / train/inv/head_weight 0 / train/inv/objective 0.61 / train/inv/policy_weight_max 1 / train/inv/policy_weight_mean 1 / train/inv/policy_weight_min 1 / train/inv/policy_weight_std 0 / train/inv/valid_frac 1 / train/inv/weight 0.02 / train/loss/con 0.02 / train/loss/dyn 2.94 / train/loss/image 2.93 / train/loss/inv 0.01 / train/loss/policy -0.02 / train/loss/rep 2.94 / train/loss/repval 0.91 / train/loss/rew 0.6 / train/loss/value 0.85 / replay/replay_ratio 264 / fps/policy 6.53 / fps/train 1670.61

Writing metrics: /home/zhangpeiying01/lfy/btwm-7.7/runs/btwm_dmc_walker_walk_seed0_w002_b11_s0/scores.jsonl
Writing metrics: /home/zhangpeiying01/lfy/btwm-7.7/runs/btwm_dmc_walker_walk_seed0_w002_b11_s0/metrics.jsonl

--------------------[Agent Step 216_848]--------------------
Metrics filtered by: 'score|length|fps|ratio|train/loss/|train/acc/|train/inv/|train/rand/'
train/acc/inv 0.55 / train/inv/ce 1.48 / train/inv/confidence 0.28 / train/inv/confidence_gating 0 / train/inv/effective_rep_weight 0.02 / train/inv/head_objective 0.62 / train/inv/head_weight 0 / train/inv/objective 0.62 / train/inv/policy_weight_max 1 / train/inv/policy_weight_mean 1 / train/inv/policy_weight_min 1 / train/inv/policy_weight_std 0 / train/inv/valid_frac 1 / train/inv/weight 0.02 / train/loss/con 0.02 / train/loss/dyn 2.83 / train/loss/image 2.85 / train/loss/inv 0.01 / train/loss/policy -0.02 / train/loss/rep 2.83 / train/loss/repval 0.9 / train/loss/rew 0.6 / train/loss/value 0.84 / replay/replay_ratio 264 / fps/policy 6.52 / fps/train 1668.06

Writing metrics: /home/zhangpeiying01/lfy/btwm-7.7/runs/btwm_dmc_walker_walk_seed0_w002_b11_s0/scores.jsonl
Writing metrics: /home/zhangpeiying01/lfy/btwm-7.7/runs/btwm_dmc_walker_walk_seed0_w002_b11_s0/metrics.jsonl

--------------------[Agent Step 217_648]--------------------
Metrics filtered by: 'score|length|fps|ratio|train/loss/|train/acc/|train/inv/|train/rand/'
train/acc/inv 0.55 / train/inv/ce 1.45 / train/inv/confidence 0.29 / train/inv/confidence_gating 0 / train/inv/effective_rep_weight 0.02 / train/inv/head_objective 0.61 / train/inv/head_weight 0 / train/inv/objective 0.61 / train/inv/policy_weight_max 1 / train/inv/policy_weight_mean 1 / train/inv/policy_weight_min 1 / train/inv/policy_weight_std 0 / train/inv/valid_frac 1 / train/inv/weight 0.02 / train/loss/con 0.02 / train/loss/dyn 2.89 / train/loss/image 2.9 / train/loss/inv 0.01 / train/loss/policy -0.01 / train/loss/rep 2.89 / train/loss/repval 0.9 / train/loss/rew 0.6 / train/loss/value 0.85 / replay/replay_ratio 264 / fps/policy 6.57 / fps/train 1681.75

Writing metrics: /home/zhangpeiying01/lfy/btwm-7.7/runs/btwm_dmc_walker_walk_seed0_w002_b11_s0/metrics.jsonl
Writing metrics: /home/zhangpeiying01/lfy/btwm-7.7/runs/btwm_dmc_walker_walk_seed0_w002_b11_s0/scores.jsonl

--------------------[Agent Step 218_432]--------------------
Metrics filtered by: 'score|length|fps|ratio|train/loss/|train/acc/|train/inv/|train/rand/'
train/acc/inv 0.55 / train/inv/ce 1.47 / train/inv/confidence 0.29 / train/inv/confidence_gating 0 / train/inv/effective_rep_weight 0.02 / train/inv/head_objective 0.61 / train/inv/head_weight 0 / train/inv/objective 0.61 / train/inv/policy_weight_max 1 / train/inv/policy_weight_mean 1 / train/inv/policy_weight_min 1 / train/inv/policy_weight_std 0 / train/inv/valid_frac 1 / train/inv/weight 0.02 / train/loss/con 0.02 / train/loss/dyn 2.85 / train/loss/image 2.86 / train/loss/inv 0.01 / train/loss/policy -0.01 / train/loss/rep 2.85 / train/loss/repval 0.89 / train/loss/rew 0.6 / train/loss/value 0.84 / replay/replay_ratio 264 / fps/policy 6.52 / fps/train 1669.61

Writing metrics: /home/zhangpeiying01/lfy/btwm-7.7/runs/btwm_dmc_walker_walk_seed0_w002_b11_s0/metrics.jsonl
Writing metrics: /home/zhangpeiying01/lfy/btwm-7.7/runs/btwm_dmc_walker_walk_seed0_w002_b11_s0/scores.jsonl

--------------------[Agent Step 219_216]--------------------
Metrics filtered by: 'score|length|fps|ratio|train/loss/|train/acc/|train/inv/|train/rand/'
train/acc/inv 0.55 / train/inv/ce 1.46 / train/inv/confidence 0.29 / train/inv/confidence_gating 0 / train/inv/effective_rep_weight 0.02 / train/inv/head_objective 0.61 / train/inv/head_weight 0 / train/inv/objective 0.61 / train/inv/policy_weight_max 1 / train/inv/policy_weight_mean 1 / train/inv/policy_weight_min 1 / train/inv/policy_weight_std 0 / train/inv/valid_frac 1 / train/inv/weight 0.02 / train/loss/con 0.02 / train/loss/dyn 2.88 / train/loss/image 2.89 / train/loss/inv 0.01 / train/loss/policy -0.02 / train/loss/rep 2.88 / train/loss/repval 0.9 / train/loss/rew 0.6 / train/loss/value 0.84 / replay/replay_ratio 264 / fps/policy 6.49 / fps/train 1662.39

Writing metrics: /home/zhangpeiying01/lfy/btwm-7.7/runs/btwm_dmc_walker_walk_seed0_w002_b11_s0/metrics.jsonl
Writing metrics: /home/zhangpeiying01/lfy/btwm-7.7/runs/btwm_dmc_walker_walk_seed0_w002_b11_s0/scores.jsonl
Saving checkpoint: /home/zhangpeiying01/lfy/btwm-7.7/runs/btwm_dmc_walker_walk_seed0_w002_b11_s0/ckpt/20260717T065411F301804
Saved checkpoint.

--------------------[Agent Step 219_984]--------------------
Metrics filtered by: 'score|length|fps|ratio|train/loss/|train/acc/|train/inv/|train/rand/'
train/acc/inv 0.55 / train/inv/ce 1.46 / train/inv/confidence 0.29 / train/inv/confidence_gating 0 / train/inv/effective_rep_weight 0.02 / train/inv/head_objective 0.61 / train/inv/head_weight 0 / train/inv/objective 0.61 / train/inv/policy_weight_max 1 / train/inv/policy_weight_mean 1 / train/inv/policy_weight_min 1 / train/inv/policy_weight_std 0 / train/inv/valid_frac 1 / train/inv/weight 0.02 / train/loss/con 0.02 / train/loss/dyn 2.82 / train/loss/image 2.87 / train/loss/inv 0.01 / train/loss/policy -0.01 / train/loss/rep 2.82 / train/loss/repval 0.9 / train/loss/rew 0.6 / train/loss/value 0.84 / replay/replay_ratio 264 / fps/policy 6.34 / fps/train 1622.7

Writing metrics: /home/zhangpeiying01/lfy/btwm-7.7/runs/btwm_dmc_walker_walk_seed0_w002_b11_s0/metrics.jsonl
Writing metrics: /home/zhangpeiying01/lfy/btwm-7.7/runs/btwm_dmc_walker_walk_seed0_w002_b11_s0/scores.jsonl

--------------------[Agent Step 220_768]--------------------
Metrics filtered by: 'score|length|fps|ratio|train/loss/|train/acc/|train/inv/|train/rand/'
train/acc/inv 0.55 / train/inv/ce 1.46 / train/inv/confidence 0.29 / train/inv/confidence_gating 0 / train/inv/effective_rep_weight 0.02 / train/inv/head_objective 0.61 / train/inv/head_weight 0 / train/inv/objective 0.61 / train/inv/policy_weight_max 1 / train/inv/policy_weight_mean 1 / train/inv/policy_weight_min 1 / train/inv/policy_weight_std 0 / train/inv/valid_frac 1 / train/inv/weight 0.02 / train/loss/con 0.02 / train/loss/dyn 2.97 / train/loss/image 2.9 / train/loss/inv 0.01 / train/loss/policy -0.02 / train/loss/rep 2.97 / train/loss/repval 0.89 / train/loss/rew 0.6 / train/loss/value 0.84 / replay/replay_ratio 264 / fps/policy 6.49 / fps/train 1661.15

Writing metrics: /home/zhangpeiying01/lfy/btwm-7.7/runs/btwm_dmc_walker_walk_seed0_w002_b11_s0/metrics.jsonl
Writing metrics: /home/zhangpeiying01/lfy/btwm-7.7/runs/btwm_dmc_walker_walk_seed0_w002_b11_s0/scores.jsonl

--------------------[Agent Step 221_552]--------------------
Metrics filtered by: 'score|length|fps|ratio|train/loss/|train/acc/|train/inv/|train/rand/'
train/acc/inv 0.55 / train/inv/ce 1.45 / train/inv/confidence 0.29 / train/inv/confidence_gating 0 / train/inv/effective_rep_weight 0.02 / train/inv/head_objective 0.61 / train/inv/head_weight 0 / train/inv/objective 0.61 / train/inv/policy_weight_max 1 / train/inv/policy_weight_mean 1 / train/inv/policy_weight_min 1 / train/inv/policy_weight_std 0 / train/inv/valid_frac 1 / train/inv/weight 0.02 / train/loss/con 0.02 / train/loss/dyn 2.82 / train/loss/image 2.85 / train/loss/inv 0.01 / train/loss/policy -0.02 / train/loss/rep 2.82 / train/loss/repval 0.89 / train/loss/rew 0.6 / train/loss/value 0.84 / replay/replay_ratio 264 / fps/policy 6.49 / fps/train 1661.37

Writing metrics: /home/zhangpeiying01/lfy/btwm-7.7/runs/btwm_dmc_walker_walk_seed0_w002_b11_s0/metrics.jsonl
Writing metrics: /home/zhangpeiying01/lfy/btwm-7.7/runs/btwm_dmc_walker_walk_seed0_w002_b11_s0/scores.jsonl

--------------------[Agent Step 222_336]--------------------
Metrics filtered by: 'score|length|fps|ratio|train/loss/|train/acc/|train/inv/|train/rand/'
train/acc/inv 0.55 / train/inv/ce 1.46 / train/inv/confidence 0.29 / train/inv/confidence_gating 0 / train/inv/effective_rep_weight 0.02 / train/inv/head_objective 0.61 / train/inv/head_weight 0 / train/inv/objective 0.61 / train/inv/policy_weight_max 1 / train/inv/policy_weight_mean 1 / train/inv/policy_weight_min 1 / train/inv/policy_weight_std 0 / train/inv/valid_frac 1 / train/inv/weight 0.02 / train/loss/con 0.02 / train/loss/dyn 2.83 / train/loss/image 2.83 / train/loss/inv 0.01 / train/loss/policy -0.02 / train/loss/rep 2.83 / train/loss/repval 0.89 / train/loss/rew 0.6 / train/loss/value 0.84 / replay/replay_ratio 264 / fps/policy 6.5 / fps/train 1664.08

Writing metrics: /home/zhangpeiying01/lfy/btwm-7.7/runs/btwm_dmc_walker_walk_seed0_w002_b11_s0/scores.jsonl
Writing metrics: /home/zhangpeiying01/lfy/btwm-7.7/runs/btwm_dmc_walker_walk_seed0_w002_b11_s0/metrics.jsonl

--------------------[Agent Step 223_136]--------------------
Metrics filtered by: 'score|length|fps|ratio|train/loss/|train/acc/|train/inv/|train/rand/'
train/acc/inv 0.55 / train/inv/ce 1.46 / train/inv/confidence 0.29 / train/inv/confidence_gating 0 / train/inv/effective_rep_weight 0.02 / train/inv/head_objective 0.61 / train/inv/head_weight 0 / train/inv/objective 0.61 / train/inv/policy_weight_max 1 / train/inv/policy_weight_mean 1 / train/inv/policy_weight_min 1 / train/inv/policy_weight_std 0 / train/inv/valid_frac 1 / train/inv/weight 0.02 / train/loss/con 0.02 / train/loss/dyn 2.82 / train/loss/image 2.82 / train/loss/inv 0.01 / train/loss/policy -0.01 / train/loss/rep 2.82 / train/loss/repval 0.89 / train/loss/rew 0.6 / train/loss/value 0.84 / replay/replay_ratio 264 / fps/policy 6.55 / fps/train 1676.58

Writing metrics: /home/zhangpeiying01/lfy/btwm-7.7/runs/btwm_dmc_walker_walk_seed0_w002_b11_s0/metrics.jsonl
Writing metrics: /home/zhangpeiying01/lfy/btwm-7.7/runs/btwm_dmc_walker_walk_seed0_w002_b11_s0/scores.jsonl

--------------------[Agent Step 223_920]--------------------
Metrics filtered by: 'score|length|fps|ratio|train/loss/|train/acc/|train/inv/|train/rand/'
train/acc/inv 0.55 / train/inv/ce 1.46 / train/inv/confidence 0.29 / train/inv/confidence_gating 0 / train/inv/effective_rep_weight 0.02 / train/inv/head_objective 0.61 / train/inv/head_weight 0 / train/inv/objective 0.61 / train/inv/policy_weight_max 1 / train/inv/policy_weight_mean 1 / train/inv/policy_weight_min 1 / train/inv/policy_weight_std 0 / train/inv/valid_frac 1 / train/inv/weight 0.02 / train/loss/con 0.02 / train/loss/dyn 2.84 / train/loss/image 2.83 / train/loss/inv 0.01 / train/loss/policy -0.01 / train/loss/rep 2.84 / train/loss/repval 0.89 / train/loss/rew 0.6 / train/loss/value 0.83 / replay/replay_ratio 264 / fps/policy 6.51 / fps/train 1665.98

Writing metrics: /home/zhangpeiying01/lfy/btwm-7.7/runs/btwm_dmc_walker_walk_seed0_w002_b11_s0/metrics.jsonl
Writing metrics: /home/zhangpeiying01/lfy/btwm-7.7/runs/btwm_dmc_walker_walk_seed0_w002_b11_s0/scores.jsonl

--------------------[Agent Step 224_704]--------------------
Metrics filtered by: 'score|length|fps|ratio|train/loss/|train/acc/|train/inv/|train/rand/'
episode/score 953.4 / episode/length 1001 / train/acc/inv 0.55 / train/inv/ce 1.45 / train/inv/confidence 0.29 / train/inv/confidence_gating 0 / train/inv/effective_rep_weight 0.02 / train/inv/head_objective 0.61 / train/inv/head_weight 0 / train/inv/objective 0.61 / train/inv/policy_weight_max 1 / train/inv/policy_weight_mean 1 / train/inv/policy_weight_min 1 / train/inv/policy_weight_std 0 / train/inv/valid_frac 1 / train/inv/weight 0.02 / train/loss/con 0.02 / train/loss/dyn 2.88 / train/loss/image 2.94 / train/loss/inv 0.01 / train/loss/policy -0.01 / train/loss/rep 2.88 / train/loss/repval 0.89 / train/loss/rew 0.6 / train/loss/value 0.84 / replay/replay_ratio 264 / fps/policy 6.48 / fps/train 1659.82

Writing metrics: /home/zhangpeiying01/lfy/btwm-7.7/runs/btwm_dmc_walker_walk_seed0_w002_b11_s0/metrics.jsonl
Writing metrics: /home/zhangpeiying01/lfy/btwm-7.7/runs/btwm_dmc_walker_walk_seed0_w002_b11_s0/scores.jsonl

--------------------[Agent Step 225_504]--------------------
Metrics filtered by: 'score|length|fps|ratio|train/loss/|train/acc/|train/inv/|train/rand/'
train/acc/inv 0.54 / train/inv/ce 1.49 / train/inv/confidence 0.28 / train/inv/confidence_gating 0 / train/inv/effective_rep_weight 0.02 / train/inv/head_objective 0.62 / train/inv/head_weight 0 / train/inv/objective 0.62 / train/inv/policy_weight_max 1 / train/inv/policy_weight_mean 1 / train/inv/policy_weight_min 1 / train/inv/policy_weight_std 0 / train/inv/valid_frac 1 / train/inv/weight 0.02 / train/loss/con 0.02 / train/loss/dyn 3.07 / train/loss/image 3.08 / train/loss/inv 0.01 / train/loss/policy -0.01 / train/loss/rep 3.07 / train/loss/repval 0.89 / train/loss/rew 0.6 / train/loss/value 0.83 / replay/replay_ratio 264 / fps/policy 6.56 / fps/train 1679.99

Writing metrics: /home/zhangpeiying01/lfy/btwm-7.7/runs/btwm_dmc_walker_walk_seed0_w002_b11_s0/metrics.jsonl
Writing metrics: /home/zhangpeiying01/lfy/btwm-7.7/runs/btwm_dmc_walker_walk_seed0_w002_b11_s0/scores.jsonl

--------------------[Agent Step 226_304]--------------------
Metrics filtered by: 'score|length|fps|ratio|train/loss/|train/acc/|train/inv/|train/rand/'
train/acc/inv 0.54 / train/inv/ce 1.48 / train/inv/confidence 0.28 / train/inv/confidence_gating 0 / train/inv/effective_rep_weight 0.02 / train/inv/head_objective 0.62 / train/inv/head_weight 0 / train/inv/objective 0.62 / train/inv/policy_weight_max 1 / train/inv/policy_weight_mean 1 / train/inv/policy_weight_min 1 / train/inv/policy_weight_std 0 / train/inv/valid_frac 1 / train/inv/weight 0.02 / train/loss/con 0.02 / train/loss/dyn 2.94 / train/loss/image 3 / train/loss/inv 0.01 / train/loss/policy -0.02 / train/loss/rep 2.94 / train/loss/repval 0.89 / train/loss/rew 0.6 / train/loss/value 0.83 / replay/replay_ratio 264 / fps/policy 6.53 / fps/train 1672.73

Writing metrics: /home/zhangpeiying01/lfy/btwm-7.7/runs/btwm_dmc_walker_walk_seed0_w002_b11_s0/metrics.jsonl
Writing metrics: /home/zhangpeiying01/lfy/btwm-7.7/runs/btwm_dmc_walker_walk_seed0_w002_b11_s0/scores.jsonl

--------------------[Agent Step 227_088]--------------------
Metrics filtered by: 'score|length|fps|ratio|train/loss/|train/acc/|train/inv/|train/rand/'
train/acc/inv 0.55 / train/inv/ce 1.48 / train/inv/confidence 0.28 / train/inv/confidence_gating 0 / train/inv/effective_rep_weight 0.02 / train/inv/head_objective 0.62 / train/inv/head_weight 0 / train/inv/objective 0.62 / train/inv/policy_weight_max 1 / train/inv/policy_weight_mean 1 / train/inv/policy_weight_min 1 / train/inv/policy_weight_std 0 / train/inv/valid_frac 1 / train/inv/weight 0.02 / train/loss/con 0.02 / train/loss/dyn 2.88 / train/loss/image 2.98 / train/loss/inv 0.01 / train/loss/policy -0.02 / train/loss/rep 2.88 / train/loss/repval 0.89 / train/loss/rew 0.6 / train/loss/value 0.84 / replay/replay_ratio 264 / fps/policy 6.51 / fps/train 1665.61

Writing metrics: /home/zhangpeiying01/lfy/btwm-7.7/runs/btwm_dmc_walker_walk_seed0_w002_b11_s0/scores.jsonl
Writing metrics: /home/zhangpeiying01/lfy/btwm-7.7/runs/btwm_dmc_walker_walk_seed0_w002_b11_s0/metrics.jsonl

--------------------[Agent Step 227_984]--------------------
Metrics filtered by: 'score|length|fps|ratio|train/loss/|train/acc/|train/inv/|train/rand/'
train/acc/inv 0.55 / train/inv/ce 1.47 / train/inv/confidence 0.29 / train/inv/confidence_gating 0 / train/inv/effective_rep_weight 0.02 / train/inv/head_objective 0.61 / train/inv/head_weight 0 / train/inv/objective 0.61 / train/inv/policy_weight_max 1 / train/inv/policy_weight_mean 1 / train/inv/policy_weight_min 1 / train/inv/policy_weight_std 0 / train/inv/valid_frac 1 / train/inv/weight 0.02 / train/loss/con 0.02 / train/loss/dyn 2.83 / train/loss/image 2.89 / train/loss/inv 0.01 / train/loss/policy -0.02 / train/loss/rep 2.83 / train/loss/repval 0.89 / train/loss/rew 0.6 / train/loss/value 0.84 / replay/replay_ratio 264 / fps/policy 7.4 / fps/train 1894.62

Writing metrics: /home/zhangpeiying01/lfy/btwm-7.7/runs/btwm_dmc_walker_walk_seed0_w002_b11_s0/metrics.jsonl
Writing metrics: /home/zhangpeiying01/lfy/btwm-7.7/runs/btwm_dmc_walker_walk_seed0_w002_b11_s0/scores.jsonl

--------------------[Agent Step 228_736]--------------------
Metrics filtered by: 'score|length|fps|ratio|train/loss/|train/acc/|train/inv/|train/rand/'
train/acc/inv 0.55 / train/inv/ce 1.47 / train/inv/confidence 0.29 / train/inv/confidence_gating 0 / train/inv/effective_rep_weight 0.02 / train/inv/head_objective 0.61 / train/inv/head_weight 0 / train/inv/objective 0.61 / train/inv/policy_weight_max 1 / train/inv/policy_weight_mean 1 / train/inv/policy_weight_min 1 / train/inv/policy_weight_std 0 / train/inv/valid_frac 1 / train/inv/weight 0.02 / train/loss/con 0.02 / train/loss/dyn 2.9 / train/loss/image 2.9 / train/loss/inv 0.01 / train/loss/policy -0.02 / train/loss/rep 2.9 / train/loss/repval 0.89 / train/loss/rew 0.6 / train/loss/value 0.84 / replay/replay_ratio 264 / fps/policy 6.19 / fps/train 1584.73

Writing metrics: /home/zhangpeiying01/lfy/btwm-7.7/runs/btwm_dmc_walker_walk_seed0_w002_b11_s0/metrics.jsonl
Writing metrics: /home/zhangpeiying01/lfy/btwm-7.7/runs/btwm_dmc_walker_walk_seed0_w002_b11_s0/scores.jsonl

--------------------[Agent Step 229_472]--------------------
Metrics filtered by: 'score|length|fps|ratio|train/loss/|train/acc/|train/inv/|train/rand/'
train/acc/inv 0.55 / train/inv/ce 1.45 / train/inv/confidence 0.29 / train/inv/confidence_gating 0 / train/inv/effective_rep_weight 0.02 / train/inv/head_objective 0.61 / train/inv/head_weight 0 / train/inv/objective 0.61 / train/inv/policy_weight_max 1 / train/inv/policy_weight_mean 1 / train/inv/policy_weight_min 1 / train/inv/policy_weight_std 0 / train/inv/valid_frac 1 / train/inv/weight 0.02 / train/loss/con 0.02 / train/loss/dyn 2.82 / train/loss/image 2.92 / train/loss/inv 0.01 / train/loss/policy -0.02 / train/loss/rep 2.82 / train/loss/repval 0.9 / train/loss/rew 0.6 / train/loss/value 0.84 / replay/replay_ratio 264 / fps/policy 6.1 / fps/train 1562.75

Writing metrics: /home/zhangpeiying01/lfy/btwm-7.7/runs/btwm_dmc_walker_walk_seed0_w002_b11_s0/metrics.jsonl
Writing metrics: /home/zhangpeiying01/lfy/btwm-7.7/runs/btwm_dmc_walker_walk_seed0_w002_b11_s0/scores.jsonl

--------------------[Agent Step 230_208]--------------------
Metrics filtered by: 'score|length|fps|ratio|train/loss/|train/acc/|train/inv/|train/rand/'
train/acc/inv 0.54 / train/inv/ce 1.48 / train/inv/confidence 0.28 / train/inv/confidence_gating 0 / train/inv/effective_rep_weight 0.02 / train/inv/head_objective 0.62 / train/inv/head_weight 0 / train/inv/objective 0.62 / train/inv/policy_weight_max 1 / train/inv/policy_weight_mean 1 / train/inv/policy_weight_min 1 / train/inv/policy_weight_std 0 / train/inv/valid_frac 1 / train/inv/weight 0.02 / train/loss/con 0.02 / train/loss/dyn 2.84 / train/loss/image 2.84 / train/loss/inv 0.01 / train/loss/policy -0.01 / train/loss/rep 2.84 / train/loss/repval 0.89 / train/loss/rew 0.61 / train/loss/value 0.83 / replay/replay_ratio 264 / fps/policy 6.08 / fps/train 1555.95

Writing metrics: /home/zhangpeiying01/lfy/btwm-7.7/runs/btwm_dmc_walker_walk_seed0_w002_b11_s0/metrics.jsonl
Writing metrics: /home/zhangpeiying01/lfy/btwm-7.7/runs/btwm_dmc_walker_walk_seed0_w002_b11_s0/scores.jsonl

--------------------[Agent Step 230_944]--------------------
Metrics filtered by: 'score|length|fps|ratio|train/loss/|train/acc/|train/inv/|train/rand/'
train/acc/inv 0.55 / train/inv/ce 1.47 / train/inv/confidence 0.29 / train/inv/confidence_gating 0 / train/inv/effective_rep_weight 0.02 / train/inv/head_objective 0.61 / train/inv/head_weight 0 / train/inv/objective 0.61 / train/inv/policy_weight_max 1 / train/inv/policy_weight_mean 1 / train/inv/policy_weight_min 1 / train/inv/policy_weight_std 0 / train/inv/valid_frac 1 / train/inv/weight 0.02 / train/loss/con 0.02 / train/loss/dyn 2.85 / train/loss/image 2.86 / train/loss/inv 0.01 / train/loss/policy -0.01 / train/loss/rep 2.85 / train/loss/repval 0.89 / train/loss/rew 0.6 / train/loss/value 0.84 / replay/replay_ratio 264 / fps/policy 6.08 / fps/train 1555.48

Writing metrics: /home/zhangpeiying01/lfy/btwm-7.7/runs/btwm_dmc_walker_walk_seed0_w002_b11_s0/metrics.jsonl
Writing metrics: /home/zhangpeiying01/lfy/btwm-7.7/runs/btwm_dmc_walker_walk_seed0_w002_b11_s0/scores.jsonl

--------------------[Agent Step 231_680]--------------------
Metrics filtered by: 'score|length|fps|ratio|train/loss/|train/acc/|train/inv/|train/rand/'
train/acc/inv 0.55 / train/inv/ce 1.46 / train/inv/confidence 0.29 / train/inv/confidence_gating 0 / train/inv/effective_rep_weight 0.02 / train/inv/head_objective 0.61 / train/inv/head_weight 0 / train/inv/objective 0.61 / train/inv/policy_weight_max 1 / train/inv/policy_weight_mean 1 / train/inv/policy_weight_min 1 / train/inv/policy_weight_std 0 / train/inv/valid_frac 1 / train/inv/weight 0.02 / train/loss/con 0.02 / train/loss/dyn 2.81 / train/loss/image 2.85 / train/loss/inv 0.01 / train/loss/policy -0.01 / train/loss/rep 2.81 / train/loss/repval 0.89 / train/loss/rew 0.6 / train/loss/value 0.84 / replay/replay_ratio 264 / fps/policy 6.11 / fps/train 1565.13

Writing metrics: /home/zhangpeiying01/lfy/btwm-7.7/runs/btwm_dmc_walker_walk_seed0_w002_b11_s0/metrics.jsonl
Writing metrics: /home/zhangpeiying01/lfy/btwm-7.7/runs/btwm_dmc_walker_walk_seed0_w002_b11_s0/scores.jsonl

--------------------[Agent Step 232_432]--------------------
Metrics filtered by: 'score|length|fps|ratio|train/loss/|train/acc/|train/inv/|train/rand/'
train/acc/inv 0.55 / train/inv/ce 1.46 / train/inv/confidence 0.29 / train/inv/confidence_gating 0 / train/inv/effective_rep_weight 0.02 / train/inv/head_objective 0.61 / train/inv/head_weight 0 / train/inv/objective 0.61 / train/inv/policy_weight_max 1 / train/inv/policy_weight_mean 1 / train/inv/policy_weight_min 1 / train/inv/policy_weight_std 0 / train/inv/valid_frac 1 / train/inv/weight 0.02 / train/loss/con 0.02 / train/loss/dyn 2.91 / train/loss/image 2.88 / train/loss/inv 0.01 / train/loss/policy -0.01 / train/loss/rep 2.91 / train/loss/repval 0.89 / train/loss/rew 0.6 / train/loss/value 0.84 / replay/replay_ratio 264 / fps/policy 6.19 / fps/train 1584.63

Writing metrics: /home/zhangpeiying01/lfy/btwm-7.7/runs/btwm_dmc_walker_walk_seed0_w002_b11_s0/metrics.jsonl
Writing metrics: /home/zhangpeiying01/lfy/btwm-7.7/runs/btwm_dmc_walker_walk_seed0_w002_b11_s0/scores.jsonl

--------------------[Agent Step 233_184]--------------------
Metrics filtered by: 'score|length|fps|ratio|train/loss/|train/acc/|train/inv/|train/rand/'
train/acc/inv 0.55 / train/inv/ce 1.48 / train/inv/confidence 0.28 / train/inv/confidence_gating 0 / train/inv/effective_rep_weight 0.02 / train/inv/head_objective 0.62 / train/inv/head_weight 0 / train/inv/objective 0.62 / train/inv/policy_weight_max 1 / train/inv/policy_weight_mean 1 / train/inv/policy_weight_min 1 / train/inv/policy_weight_std 0 / train/inv/valid_frac 1 / train/inv/weight 0.02 / train/loss/con 0.02 / train/loss/dyn 2.81 / train/loss/image 2.79 / train/loss/inv 0.01 / train/loss/policy -0.01 / train/loss/rep 2.81 / train/loss/repval 0.89 / train/loss/rew 0.6 / train/loss/value 0.84 / replay/replay_ratio 264 / fps/policy 6.19 / fps/train 1584.89

Writing metrics: /home/zhangpeiying01/lfy/btwm-7.7/runs/btwm_dmc_walker_walk_seed0_w002_b11_s0/metrics.jsonl
Writing metrics: /home/zhangpeiying01/lfy/btwm-7.7/runs/btwm_dmc_walker_walk_seed0_w002_b11_s0/scores.jsonl

--------------------[Agent Step 233_936]--------------------
Metrics filtered by: 'score|length|fps|ratio|train/loss/|train/acc/|train/inv/|train/rand/'
train/acc/inv 0.55 / train/inv/ce 1.48 / train/inv/confidence 0.28 / train/inv/confidence_gating 0 / train/inv/effective_rep_weight 0.02 / train/inv/head_objective 0.62 / train/inv/head_weight 0 / train/inv/objective 0.62 / train/inv/policy_weight_max 1 / train/inv/policy_weight_mean 1 / train/inv/policy_weight_min 1 / train/inv/policy_weight_std 0 / train/inv/valid_frac 1 / train/inv/weight 0.02 / train/loss/con 0.02 / train/loss/dyn 2.84 / train/loss/image 2.84 / train/loss/inv 0.01 / train/loss/policy -9.2e-3 / train/loss/rep 2.84 / train/loss/repval 0.89 / train/loss/rew 0.6 / train/loss/value 0.84 / replay/replay_ratio 264 / fps/policy 6.22 / fps/train 1592.87

Writing metrics: /home/zhangpeiying01/lfy/btwm-7.7/runs/btwm_dmc_walker_walk_seed0_w002_b11_s0/scores.jsonl
Writing metrics: /home/zhangpeiying01/lfy/btwm-7.7/runs/btwm_dmc_walker_walk_seed0_w002_b11_s0/metrics.jsonl

--------------------[Agent Step 234_688]--------------------
Metrics filtered by: 'score|length|fps|ratio|train/loss/|train/acc/|train/inv/|train/rand/'
train/acc/inv 0.55 / train/inv/ce 1.48 / train/inv/confidence 0.29 / train/inv/confidence_gating 0 / train/inv/effective_rep_weight 0.02 / train/inv/head_objective 0.62 / train/inv/head_weight 0 / train/inv/objective 0.62 / train/inv/policy_weight_max 1 / train/inv/policy_weight_mean 1 / train/inv/policy_weight_min 1 / train/inv/policy_weight_std 0 / train/inv/valid_frac 1 / train/inv/weight 0.02 / train/loss/con 0.02 / train/loss/dyn 2.81 / train/loss/image 2.81 / train/loss/inv 0.01 / train/loss/policy -0.02 / train/loss/rep 2.81 / train/loss/repval 0.89 / train/loss/rew 0.61 / train/loss/value 0.84 / replay/replay_ratio 264 / fps/policy 6.2 / fps/train 1587.54

Writing metrics: /home/zhangpeiying01/lfy/btwm-7.7/runs/btwm_dmc_walker_walk_seed0_w002_b11_s0/metrics.jsonl
Writing metrics: /home/zhangpeiying01/lfy/btwm-7.7/runs/btwm_dmc_walker_walk_seed0_w002_b11_s0/scores.jsonl

--------------------[Agent Step 235_440]--------------------
Metrics filtered by: 'score|length|fps|ratio|train/loss/|train/acc/|train/inv/|train/rand/'
train/acc/inv 0.55 / train/inv/ce 1.48 / train/inv/confidence 0.28 / train/inv/confidence_gating 0 / train/inv/effective_rep_weight 0.02 / train/inv/head_objective 0.62 / train/inv/head_weight 0 / train/inv/objective 0.62 / train/inv/policy_weight_max 1 / train/inv/policy_weight_mean 1 / train/inv/policy_weight_min 1 / train/inv/policy_weight_std 0 / train/inv/valid_frac 1 / train/inv/weight 0.02 / train/loss/con 0.02 / train/loss/dyn 2.82 / train/loss/image 2.79 / train/loss/inv 0.01 / train/loss/policy -0.02 / train/loss/rep 2.82 / train/loss/repval 0.88 / train/loss/rew 0.61 / train/loss/value 0.83 / replay/replay_ratio 264 / fps/policy 6.18 / fps/train 1582.28

Writing metrics: /home/zhangpeiying01/lfy/btwm-7.7/runs/btwm_dmc_walker_walk_seed0_w002_b11_s0/scores.jsonl
Writing metrics: /home/zhangpeiying01/lfy/btwm-7.7/runs/btwm_dmc_walker_walk_seed0_w002_b11_s0/metrics.jsonl

--------------------[Agent Step 236_192]--------------------
Metrics filtered by: 'score|length|fps|ratio|train/loss/|train/acc/|train/inv/|train/rand/'
train/acc/inv 0.55 / train/inv/ce 1.48 / train/inv/confidence 0.28 / train/inv/confidence_gating 0 / train/inv/effective_rep_weight 0.02 / train/inv/head_objective 0.62 / train/inv/head_weight 0 / train/inv/objective 0.62 / train/inv/policy_weight_max 1 / train/inv/policy_weight_mean 1 / train/inv/policy_weight_min 1 / train/inv/policy_weight_std 0 / train/inv/valid_frac 1 / train/inv/weight 0.02 / train/loss/con 0.02 / train/loss/dyn 2.85 / train/loss/image 2.8 / train/loss/inv 0.01 / train/loss/policy -0.01 / train/loss/rep 2.85 / train/loss/repval 0.89 / train/loss/rew 0.61 / train/loss/value 0.83 / replay/replay_ratio 264 / fps/policy 6.16 / fps/train 1578.09

Writing metrics: /home/zhangpeiying01/lfy/btwm-7.7/runs/btwm_dmc_walker_walk_seed0_w002_b11_s0/metrics.jsonl
Writing metrics: /home/zhangpeiying01/lfy/btwm-7.7/runs/btwm_dmc_walker_walk_seed0_w002_b11_s0/scores.jsonl

--------------------[Agent Step 236_944]--------------------
Metrics filtered by: 'score|length|fps|ratio|train/loss/|train/acc/|train/inv/|train/rand/'
train/acc/inv 0.55 / train/inv/ce 1.48 / train/inv/confidence 0.28 / train/inv/confidence_gating 0 / train/inv/effective_rep_weight 0.02 / train/inv/head_objective 0.62 / train/inv/head_weight 0 / train/inv/objective 0.62 / train/inv/policy_weight_max 1 / train/inv/policy_weight_mean 1 / train/inv/policy_weight_min 1 / train/inv/policy_weight_std 0 / train/inv/valid_frac 1 / train/inv/weight 0.02 / train/loss/con 0.02 / train/loss/dyn 2.83 / train/loss/image 2.83 / train/loss/inv 0.01 / train/loss/policy -0.01 / train/loss/rep 2.83 / train/loss/repval 0.88 / train/loss/rew 0.6 / train/loss/value 0.83 / replay/replay_ratio 264 / fps/policy 6.19 / fps/train 1585.38

Writing metrics: /home/zhangpeiying01/lfy/btwm-7.7/runs/btwm_dmc_walker_walk_seed0_w002_b11_s0/metrics.jsonl
Writing metrics: /home/zhangpeiying01/lfy/btwm-7.7/runs/btwm_dmc_walker_walk_seed0_w002_b11_s0/scores.jsonl

--------------------[Agent Step 237_696]--------------------
Metrics filtered by: 'score|length|fps|ratio|train/loss/|train/acc/|train/inv/|train/rand/'
train/acc/inv 0.55 / train/inv/ce 1.48 / train/inv/confidence 0.28 / train/inv/confidence_gating 0 / train/inv/effective_rep_weight 0.02 / train/inv/head_objective 0.62 / train/inv/head_weight 0 / train/inv/objective 0.62 / train/inv/policy_weight_max 1 / train/inv/policy_weight_mean 1 / train/inv/policy_weight_min 1 / train/inv/policy_weight_std 0 / train/inv/valid_frac 1 / train/inv/weight 0.02 / train/loss/con 0.02 / train/loss/dyn 2.82 / train/loss/image 2.8 / train/loss/inv 0.01 / train/loss/policy -0.01 / train/loss/rep 2.82 / train/loss/repval 0.88 / train/loss/rew 0.6 / train/loss/value 0.83 / replay/replay_ratio 264 / fps/policy 6.2 / fps/train 1586.32

Writing metrics: /home/zhangpeiying01/lfy/btwm-7.7/runs/btwm_dmc_walker_walk_seed0_w002_b11_s0/metrics.jsonl
Writing metrics: /home/zhangpeiying01/lfy/btwm-7.7/runs/btwm_dmc_walker_walk_seed0_w002_b11_s0/scores.jsonl

--------------------[Agent Step 238_448]--------------------
Metrics filtered by: 'score|length|fps|ratio|train/loss/|train/acc/|train/inv/|train/rand/'
train/acc/inv 0.55 / train/inv/ce 1.47 / train/inv/confidence 0.29 / train/inv/confidence_gating 0 / train/inv/effective_rep_weight 0.02 / train/inv/head_objective 0.61 / train/inv/head_weight 0 / train/inv/objective 0.61 / train/inv/policy_weight_max 1 / train/inv/policy_weight_mean 1 / train/inv/policy_weight_min 1 / train/inv/policy_weight_std 0 / train/inv/valid_frac 1 / train/inv/weight 0.02 / train/loss/con 0.02 / train/loss/dyn 2.78 / train/loss/image 2.75 / train/loss/inv 0.01 / train/loss/policy -0.01 / train/loss/rep 2.78 / train/loss/repval 0.88 / train/loss/rew 0.6 / train/loss/value 0.83 / replay/replay_ratio 264 / fps/policy 6.18 / fps/train 1583.02

Writing metrics: /home/zhangpeiying01/lfy/btwm-7.7/runs/btwm_dmc_walker_walk_seed0_w002_b11_s0/metrics.jsonl
Writing metrics: /home/zhangpeiying01/lfy/btwm-7.7/runs/btwm_dmc_walker_walk_seed0_w002_b11_s0/scores.jsonl

--------------------[Agent Step 239_200]--------------------
Metrics filtered by: 'score|length|fps|ratio|train/loss/|train/acc/|train/inv/|train/rand/'
train/acc/inv 0.55 / train/inv/ce 1.47 / train/inv/confidence 0.29 / train/inv/confidence_gating 0 / train/inv/effective_rep_weight 0.02 / train/inv/head_objective 0.61 / train/inv/head_weight 0 / train/inv/objective 0.61 / train/inv/policy_weight_max 1 / train/inv/policy_weight_mean 1 / train/inv/policy_weight_min 1 / train/inv/policy_weight_std 0 / train/inv/valid_frac 1 / train/inv/weight 0.02 / train/loss/con 0.02 / train/loss/dyn 2.82 / train/loss/image 2.8 / train/loss/inv 0.01 / train/loss/policy -0.01 / train/loss/rep 2.82 / train/loss/repval 0.88 / train/loss/rew 0.6 / train/loss/value 0.83 / replay/replay_ratio 264 / fps/policy 6.18 / fps/train 1582.31

Writing metrics: /home/zhangpeiying01/lfy/btwm-7.7/runs/btwm_dmc_walker_walk_seed0_w002_b11_s0/metrics.jsonl
Writing metrics: /home/zhangpeiying01/lfy/btwm-7.7/runs/btwm_dmc_walker_walk_seed0_w002_b11_s0/scores.jsonl

--------------------[Agent Step 239_952]--------------------
Metrics filtered by: 'score|length|fps|ratio|train/loss/|train/acc/|train/inv/|train/rand/'
train/acc/inv 0.54 / train/inv/ce 1.49 / train/inv/confidence 0.28 / train/inv/confidence_gating 0 / train/inv/effective_rep_weight 0.02 / train/inv/head_objective 0.62 / train/inv/head_weight 0 / train/inv/objective 0.62 / train/inv/policy_weight_max 1 / train/inv/policy_weight_mean 1 / train/inv/policy_weight_min 1 / train/inv/policy_weight_std 0 / train/inv/valid_frac 1 / train/inv/weight 0.02 / train/loss/con 0.02 / train/loss/dyn 2.82 / train/loss/image 2.75 / train/loss/inv 0.01 / train/loss/policy -0.01 / train/loss/rep 2.82 / train/loss/repval 0.88 / train/loss/rew 0.61 / train/loss/value 0.82 / replay/replay_ratio 264 / fps/policy 6.18 / fps/train 1581.98

Writing metrics: /home/zhangpeiying01/lfy/btwm-7.7/runs/btwm_dmc_walker_walk_seed0_w002_b11_s0/metrics.jsonl
Writing metrics: /home/zhangpeiying01/lfy/btwm-7.7/runs/btwm_dmc_walker_walk_seed0_w002_b11_s0/scores.jsonl

--------------------[Agent Step 240_704]--------------------
Metrics filtered by: 'score|length|fps|ratio|train/loss/|train/acc/|train/inv/|train/rand/'
episode/score 967.37 / episode/length 1001 / train/acc/inv 0.54 / train/inv/ce 1.49 / train/inv/confidence 0.28 / train/inv/confidence_gating 0 / train/inv/effective_rep_weight 0.02 / train/inv/head_objective 0.62 / train/inv/head_weight 0 / train/inv/objective 0.62 / train/inv/policy_weight_max 1 / train/inv/policy_weight_mean 1 / train/inv/policy_weight_min 1 / train/inv/policy_weight_std 0 / train/inv/valid_frac 1 / train/inv/weight 0.02 / train/loss/con 0.02 / train/loss/dyn 2.83 / train/loss/image 2.79 / train/loss/inv 0.01 / train/loss/policy -0.01 / train/loss/rep 2.83 / train/loss/repval 0.88 / train/loss/rew 0.61 / train/loss/value 0.82 / replay/replay_ratio 264 / fps/policy 6.19 / fps/train 1584.97

Writing metrics: /home/zhangpeiying01/lfy/btwm-7.7/runs/btwm_dmc_walker_walk_seed0_w002_b11_s0/metrics.jsonl
Writing metrics: /home/zhangpeiying01/lfy/btwm-7.7/runs/btwm_dmc_walker_walk_seed0_w002_b11_s0/scores.jsonl

--------------------[Agent Step 241_456]--------------------
Metrics filtered by: 'score|length|fps|ratio|train/loss/|train/acc/|train/inv/|train/rand/'
train/acc/inv 0.54 / train/inv/ce 1.5 / train/inv/confidence 0.28 / train/inv/confidence_gating 0 / train/inv/effective_rep_weight 0.02 / train/inv/head_objective 0.63 / train/inv/head_weight 0 / train/inv/objective 0.63 / train/inv/policy_weight_max 1 / train/inv/policy_weight_mean 1 / train/inv/policy_weight_min 1 / train/inv/policy_weight_std 0 / train/inv/valid_frac 1 / train/inv/weight 0.02 / train/loss/con 0.02 / train/loss/dyn 3.03 / train/loss/image 3.03 / train/loss/inv 0.01 / train/loss/policy -9.9e-3 / train/loss/rep 3.03 / train/loss/repval 0.87 / train/loss/rew 0.61 / train/loss/value 0.82 / replay/replay_ratio 264 / fps/policy 6.22 / fps/train 1591.14

Writing metrics: /home/zhangpeiying01/lfy/btwm-7.7/runs/btwm_dmc_walker_walk_seed0_w002_b11_s0/metrics.jsonl
Writing metrics: /home/zhangpeiying01/lfy/btwm-7.7/runs/btwm_dmc_walker_walk_seed0_w002_b11_s0/scores.jsonl

--------------------[Agent Step 242_208]--------------------
Metrics filtered by: 'score|length|fps|ratio|train/loss/|train/acc/|train/inv/|train/rand/'
train/acc/inv 0.55 / train/inv/ce 1.49 / train/inv/confidence 0.28 / train/inv/confidence_gating 0 / train/inv/effective_rep_weight 0.02 / train/inv/head_objective 0.62 / train/inv/head_weight 0 / train/inv/objective 0.62 / train/inv/policy_weight_max 1 / train/inv/policy_weight_mean 1 / train/inv/policy_weight_min 1 / train/inv/policy_weight_std 0 / train/inv/valid_frac 1 / train/inv/weight 0.02 / train/loss/con 0.02 / train/loss/dyn 2.84 / train/loss/image 2.88 / train/loss/inv 0.01 / train/loss/policy -0.01 / train/loss/rep 2.84 / train/loss/repval 0.88 / train/loss/rew 0.6 / train/loss/value 0.82 / replay/replay_ratio 264 / fps/policy 6.19 / fps/train 1584.4

Writing metrics: /home/zhangpeiying01/lfy/btwm-7.7/runs/btwm_dmc_walker_walk_seed0_w002_b11_s0/scores.jsonl
Writing metrics: /home/zhangpeiying01/lfy/btwm-7.7/runs/btwm_dmc_walker_walk_seed0_w002_b11_s0/metrics.jsonl
Saving checkpoint: /home/zhangpeiying01/lfy/btwm-7.7/runs/btwm_dmc_walker_walk_seed0_w002_b11_s0/ckpt/20260717T075411F451632
Saved checkpoint.

--------------------[Agent Step 242_944]--------------------
Metrics filtered by: 'score|length|fps|ratio|train/loss/|train/acc/|train/inv/|train/rand/'
train/acc/inv 0.54 / train/inv/ce 1.5 / train/inv/confidence 0.28 / train/inv/confidence_gating 0 / train/inv/effective_rep_weight 0.02 / train/inv/head_objective 0.62 / train/inv/head_weight 0 / train/inv/objective 0.62 / train/inv/policy_weight_max 1 / train/inv/policy_weight_mean 1 / train/inv/policy_weight_min 1 / train/inv/policy_weight_std 0 / train/inv/valid_frac 1 / train/inv/weight 0.02 / train/loss/con 0.02 / train/loss/dyn 2.87 / train/loss/image 2.89 / train/loss/inv 0.01 / train/loss/policy -0.01 / train/loss/rep 2.87 / train/loss/repval 0.87 / train/loss/rew 0.61 / train/loss/value 0.82 / replay/replay_ratio 264 / fps/policy 6.07 / fps/train 1554.07

Writing metrics: /home/zhangpeiying01/lfy/btwm-7.7/runs/btwm_dmc_walker_walk_seed0_w002_b11_s0/metrics.jsonl
Writing metrics: /home/zhangpeiying01/lfy/btwm-7.7/runs/btwm_dmc_walker_walk_seed0_w002_b11_s0/scores.jsonl

--------------------[Agent Step 243_696]--------------------
Metrics filtered by: 'score|length|fps|ratio|train/loss/|train/acc/|train/inv/|train/rand/'
train/acc/inv 0.55 / train/inv/ce 1.48 / train/inv/confidence 0.28 / train/inv/confidence_gating 0 / train/inv/effective_rep_weight 0.02 / train/inv/head_objective 0.62 / train/inv/head_weight 0 / train/inv/objective 0.62 / train/inv/policy_weight_max 1 / train/inv/policy_weight_mean 1 / train/inv/policy_weight_min 1 / train/inv/policy_weight_std 0 / train/inv/valid_frac 1 / train/inv/weight 0.02 / train/loss/con 0.02 / train/loss/dyn 2.81 / train/loss/image 2.85 / train/loss/inv 0.01 / train/loss/policy -0.01 / train/loss/rep 2.81 / train/loss/repval 0.87 / train/loss/rew 0.61 / train/loss/value 0.82 / replay/replay_ratio 264 / fps/policy 6.15 / fps/train 1573.26

Writing metrics: /home/zhangpeiying01/lfy/btwm-7.7/runs/btwm_dmc_walker_walk_seed0_w002_b11_s0/metrics.jsonl
Writing metrics: /home/zhangpeiying01/lfy/btwm-7.7/runs/btwm_dmc_walker_walk_seed0_w002_b11_s0/scores.jsonl

--------------------[Agent Step 244_448]--------------------
Metrics filtered by: 'score|length|fps|ratio|train/loss/|train/acc/|train/inv/|train/rand/'
train/acc/inv 0.54 / train/inv/ce 1.5 / train/inv/confidence 0.28 / train/inv/confidence_gating 0 / train/inv/effective_rep_weight 0.02 / train/inv/head_objective 0.63 / train/inv/head_weight 0 / train/inv/objective 0.63 / train/inv/policy_weight_max 1 / train/inv/policy_weight_mean 1 / train/inv/policy_weight_min 1 / train/inv/policy_weight_std 0 / train/inv/valid_frac 1 / train/inv/weight 0.02 / train/loss/con 0.02 / train/loss/dyn 2.8 / train/loss/image 2.82 / train/loss/inv 0.01 / train/loss/policy -0.01 / train/loss/rep 2.8 / train/loss/repval 0.87 / train/loss/rew 0.61 / train/loss/value 0.82 / replay/replay_ratio 264 / fps/policy 6.19 / fps/train 1584.73

Writing metrics: /home/zhangpeiying01/lfy/btwm-7.7/runs/btwm_dmc_walker_walk_seed0_w002_b11_s0/scores.jsonl
Writing metrics: /home/zhangpeiying01/lfy/btwm-7.7/runs/btwm_dmc_walker_walk_seed0_w002_b11_s0/metrics.jsonl

--------------------[Agent Step 245_200]--------------------
Metrics filtered by: 'score|length|fps|ratio|train/loss/|train/acc/|train/inv/|train/rand/'
train/acc/inv 0.54 / train/inv/ce 1.5 / train/inv/confidence 0.28 / train/inv/confidence_gating 0 / train/inv/effective_rep_weight 0.02 / train/inv/head_objective 0.62 / train/inv/head_weight 0 / train/inv/objective 0.62 / train/inv/policy_weight_max 1 / train/inv/policy_weight_mean 1 / train/inv/policy_weight_min 1 / train/inv/policy_weight_std 0 / train/inv/valid_frac 1 / train/inv/weight 0.02 / train/loss/con 0.02 / train/loss/dyn 2.86 / train/loss/image 2.87 / train/loss/inv 0.01 / train/loss/policy -0.01 / train/loss/rep 2.86 / train/loss/repval 0.88 / train/loss/rew 0.61 / train/loss/value 0.82 / replay/replay_ratio 264 / fps/policy 6.18 / fps/train 1581.58

Writing metrics: /home/zhangpeiying01/lfy/btwm-7.7/runs/btwm_dmc_walker_walk_seed0_w002_b11_s0/metrics.jsonl
Writing metrics: /home/zhangpeiying01/lfy/btwm-7.7/runs/btwm_dmc_walker_walk_seed0_w002_b11_s0/scores.jsonl

--------------------[Agent Step 245_952]--------------------
Metrics filtered by: 'score|length|fps|ratio|train/loss/|train/acc/|train/inv/|train/rand/'
train/acc/inv 0.55 / train/inv/ce 1.48 / train/inv/confidence 0.28 / train/inv/confidence_gating 0 / train/inv/effective_rep_weight 0.02 / train/inv/head_objective 0.62 / train/inv/head_weight 0 / train/inv/objective 0.62 / train/inv/policy_weight_max 1 / train/inv/policy_weight_mean 1 / train/inv/policy_weight_min 1 / train/inv/policy_weight_std 0 / train/inv/valid_frac 1 / train/inv/weight 0.02 / train/loss/con 0.02 / train/loss/dyn 2.8 / train/loss/image 2.83 / train/loss/inv 0.01 / train/loss/policy -0.02 / train/loss/rep 2.8 / train/loss/repval 0.88 / train/loss/rew 0.6 / train/loss/value 0.83 / replay/replay_ratio 264 / fps/policy 6.17 / fps/train 1580.06

Writing metrics: /home/zhangpeiying01/lfy/btwm-7.7/runs/btwm_dmc_walker_walk_seed0_w002_b11_s0/metrics.jsonl
Writing metrics: /home/zhangpeiying01/lfy/btwm-7.7/runs/btwm_dmc_walker_walk_seed0_w002_b11_s0/scores.jsonl

--------------------[Agent Step 246_704]--------------------
Metrics filtered by: 'score|length|fps|ratio|train/loss/|train/acc/|train/inv/|train/rand/'
train/acc/inv 0.55 / train/inv/ce 1.48 / train/inv/confidence 0.28 / train/inv/confidence_gating 0 / train/inv/effective_rep_weight 0.02 / train/inv/head_objective 0.62 / train/inv/head_weight 0 / train/inv/objective 0.62 / train/inv/policy_weight_max 1 / train/inv/policy_weight_mean 1 / train/inv/policy_weight_min 1 / train/inv/policy_weight_std 0 / train/inv/valid_frac 1 / train/inv/weight 0.02 / train/loss/con 0.02 / train/loss/dyn 2.82 / train/loss/image 2.78 / train/loss/inv 0.01 / train/loss/policy -0.01 / train/loss/rep 2.82 / train/loss/repval 0.88 / train/loss/rew 0.61 / train/loss/value 0.83 / replay/replay_ratio 264 / fps/policy 6.2 / fps/train 1587.9

Writing metrics: /home/zhangpeiying01/lfy/btwm-7.7/runs/btwm_dmc_walker_walk_seed0_w002_b11_s0/scores.jsonl
Writing metrics: /home/zhangpeiying01/lfy/btwm-7.7/runs/btwm_dmc_walker_walk_seed0_w002_b11_s0/metrics.jsonl

--------------------[Agent Step 247_456]--------------------
Metrics filtered by: 'score|length|fps|ratio|train/loss/|train/acc/|train/inv/|train/rand/'
train/acc/inv 0.55 / train/inv/ce 1.48 / train/inv/confidence 0.28 / train/inv/confidence_gating 0 / train/inv/effective_rep_weight 0.02 / train/inv/head_objective 0.62 / train/inv/head_weight 0 / train/inv/objective 0.62 / train/inv/policy_weight_max 1 / train/inv/policy_weight_mean 1 / train/inv/policy_weight_min 1 / train/inv/policy_weight_std 0 / train/inv/valid_frac 1 / train/inv/weight 0.02 / train/loss/con 0.02 / train/loss/dyn 2.77 / train/loss/image 2.77 / train/loss/inv 0.01 / train/loss/policy -0.01 / train/loss/rep 2.77 / train/loss/repval 0.88 / train/loss/rew 0.61 / train/loss/value 0.83 / replay/replay_ratio 264 / fps/policy 6.24 / fps/train 1597.83

Writing metrics: /home/zhangpeiying01/lfy/btwm-7.7/runs/btwm_dmc_walker_walk_seed0_w002_b11_s0/metrics.jsonl
Writing metrics: /home/zhangpeiying01/lfy/btwm-7.7/runs/btwm_dmc_walker_walk_seed0_w002_b11_s0/scores.jsonl

--------------------[Agent Step 248_208]--------------------
Metrics filtered by: 'score|length|fps|ratio|train/loss/|train/acc/|train/inv/|train/rand/'
train/acc/inv 0.54 / train/inv/ce 1.49 / train/inv/confidence 0.28 / train/inv/confidence_gating 0 / train/inv/effective_rep_weight 0.02 / train/inv/head_objective 0.62 / train/inv/head_weight 0 / train/inv/objective 0.62 / train/inv/policy_weight_max 1 / train/inv/policy_weight_mean 1 / train/inv/policy_weight_min 1 / train/inv/policy_weight_std 0 / train/inv/valid_frac 1 / train/inv/weight 0.02 / train/loss/con 0.02 / train/loss/dyn 2.84 / train/loss/image 2.82 / train/loss/inv 0.01 / train/loss/policy -0.01 / train/loss/rep 2.84 / train/loss/repval 0.88 / train/loss/rew 0.61 / train/loss/value 0.83 / replay/replay_ratio 264 / fps/policy 6.18 / fps/train 1583.15

Writing metrics: /home/zhangpeiying01/lfy/btwm-7.7/runs/btwm_dmc_walker_walk_seed0_w002_b11_s0/metrics.jsonl
Writing metrics: /home/zhangpeiying01/lfy/btwm-7.7/runs/btwm_dmc_walker_walk_seed0_w002_b11_s0/scores.jsonl

--------------------[Agent Step 248_960]--------------------
Metrics filtered by: 'score|length|fps|ratio|train/loss/|train/acc/|train/inv/|train/rand/'
train/acc/inv 0.55 / train/inv/ce 1.48 / train/inv/confidence 0.28 / train/inv/confidence_gating 0 / train/inv/effective_rep_weight 0.02 / train/inv/head_objective 0.62 / train/inv/head_weight 0 / train/inv/objective 0.62 / train/inv/policy_weight_max 1 / train/inv/policy_weight_mean 1 / train/inv/policy_weight_min 1 / train/inv/policy_weight_std 0 / train/inv/valid_frac 1 / train/inv/weight 0.02 / train/loss/con 0.02 / train/loss/dyn 2.79 / train/loss/image 2.77 / train/loss/inv 0.01 / train/loss/policy -0.02 / train/loss/rep 2.79 / train/loss/repval 0.88 / train/loss/rew 0.61 / train/loss/value 0.82 / replay/replay_ratio 264 / fps/policy 6.19 / fps/train 1585.77

Writing metrics: /home/zhangpeiying01/lfy/btwm-7.7/runs/btwm_dmc_walker_walk_seed0_w002_b11_s0/scores.jsonl
Writing metrics: /home/zhangpeiying01/lfy/btwm-7.7/runs/btwm_dmc_walker_walk_seed0_w002_b11_s0/metrics.jsonl

--------------------[Agent Step 249_712]--------------------
Metrics filtered by: 'score|length|fps|ratio|train/loss/|train/acc/|train/inv/|train/rand/'
train/acc/inv 0.54 / train/inv/ce 1.49 / train/inv/confidence 0.28 / train/inv/confidence_gating 0 / train/inv/effective_rep_weight 0.02 / train/inv/head_objective 0.62 / train/inv/head_weight 0 / train/inv/objective 0.62 / train/inv/policy_weight_max 1 / train/inv/policy_weight_mean 1 / train/inv/policy_weight_min 1 / train/inv/policy_weight_std 0 / train/inv/valid_frac 1 / train/inv/weight 0.02 / train/loss/con 0.02 / train/loss/dyn 2.81 / train/loss/image 2.76 / train/loss/inv 0.01 / train/loss/policy -0.01 / train/loss/rep 2.81 / train/loss/repval 0.88 / train/loss/rew 0.61 / train/loss/value 0.82 / replay/replay_ratio 264 / fps/policy 6.17 / fps/train 1580.33

Writing metrics: /home/zhangpeiying01/lfy/btwm-7.7/runs/btwm_dmc_walker_walk_seed0_w002_b11_s0/metrics.jsonl
Writing metrics: /home/zhangpeiying01/lfy/btwm-7.7/runs/btwm_dmc_walker_walk_seed0_w002_b11_s0/scores.jsonl

--------------------[Agent Step 250_464]--------------------
Metrics filtered by: 'score|length|fps|ratio|train/loss/|train/acc/|train/inv/|train/rand/'
train/acc/inv 0.54 / train/inv/ce 1.49 / train/inv/confidence 0.28 / train/inv/confidence_gating 0 / train/inv/effective_rep_weight 0.02 / train/inv/head_objective 0.62 / train/inv/head_weight 0 / train/inv/objective 0.62 / train/inv/policy_weight_max 1 / train/inv/policy_weight_mean 1 / train/inv/policy_weight_min 1 / train/inv/policy_weight_std 0 / train/inv/valid_frac 1 / train/inv/weight 0.02 / train/loss/con 0.02 / train/loss/dyn 2.79 / train/loss/image 2.72 / train/loss/inv 0.01 / train/loss/policy -0.01 / train/loss/rep 2.79 / train/loss/repval 0.88 / train/loss/rew 0.61 / train/loss/value 0.82 / replay/replay_ratio 264 / fps/policy 6.17 / fps/train 1579.21

Writing metrics: /home/zhangpeiying01/lfy/btwm-7.7/runs/btwm_dmc_walker_walk_seed0_w002_b11_s0/scores.jsonl
Writing metrics: /home/zhangpeiying01/lfy/btwm-7.7/runs/btwm_dmc_walker_walk_seed0_w002_b11_s0/metrics.jsonl

--------------------[Agent Step 251_216]--------------------
Metrics filtered by: 'score|length|fps|ratio|train/loss/|train/acc/|train/inv/|train/rand/'
train/acc/inv 0.54 / train/inv/ce 1.49 / train/inv/confidence 0.28 / train/inv/confidence_gating 0 / train/inv/effective_rep_weight 0.02 / train/inv/head_objective 0.62 / train/inv/head_weight 0 / train/inv/objective 0.62 / train/inv/policy_weight_max 1 / train/inv/policy_weight_mean 1 / train/inv/policy_weight_min 1 / train/inv/policy_weight_std 0 / train/inv/valid_frac 1 / train/inv/weight 0.02 / train/loss/con 0.02 / train/loss/dyn 2.82 / train/loss/image 2.8 / train/loss/inv 0.01 / train/loss/policy -0.01 / train/loss/rep 2.82 / train/loss/repval 0.87 / train/loss/rew 0.61 / train/loss/value 0.82 / replay/replay_ratio 264 / fps/policy 6.15 / fps/train 1573.25

Writing metrics: /home/zhangpeiying01/lfy/btwm-7.7/runs/btwm_dmc_walker_walk_seed0_w002_b11_s0/metrics.jsonl
Writing metrics: /home/zhangpeiying01/lfy/btwm-7.7/runs/btwm_dmc_walker_walk_seed0_w002_b11_s0/scores.jsonl

--------------------[Agent Step 251_968]--------------------
Metrics filtered by: 'score|length|fps|ratio|train/loss/|train/acc/|train/inv/|train/rand/'
train/acc/inv 0.54 / train/inv/ce 1.49 / train/inv/confidence 0.28 / train/inv/confidence_gating 0 / train/inv/effective_rep_weight 0.02 / train/inv/head_objective 0.62 / train/inv/head_weight 0 / train/inv/objective 0.62 / train/inv/policy_weight_max 1 / train/inv/policy_weight_mean 1 / train/inv/policy_weight_min 1 / train/inv/policy_weight_std 0 / train/inv/valid_frac 1 / train/inv/weight 0.02 / train/loss/con 0.02 / train/loss/dyn 2.82 / train/loss/image 2.73 / train/loss/inv 0.01 / train/loss/policy -0.01 / train/loss/rep 2.82 / train/loss/repval 0.87 / train/loss/rew 0.61 / train/loss/value 0.82 / replay/replay_ratio 264 / fps/policy 6.19 / fps/train 1584.53

Writing metrics: /home/zhangpeiying01/lfy/btwm-7.7/runs/btwm_dmc_walker_walk_seed0_w002_b11_s0/metrics.jsonl
Writing metrics: /home/zhangpeiying01/lfy/btwm-7.7/runs/btwm_dmc_walker_walk_seed0_w002_b11_s0/scores.jsonl

--------------------[Agent Step 252_720]--------------------
Metrics filtered by: 'score|length|fps|ratio|train/loss/|train/acc/|train/inv/|train/rand/'
train/acc/inv 0.55 / train/inv/ce 1.48 / train/inv/confidence 0.28 / train/inv/confidence_gating 0 / train/inv/effective_rep_weight 0.02 / train/inv/head_objective 0.62 / train/inv/head_weight 0 / train/inv/objective 0.62 / train/inv/policy_weight_max 1 / train/inv/policy_weight_mean 1 / train/inv/policy_weight_min 1 / train/inv/policy_weight_std 0 / train/inv/valid_frac 1 / train/inv/weight 0.02 / train/loss/con 0.02 / train/loss/dyn 2.77 / train/loss/image 2.74 / train/loss/inv 0.01 / train/loss/policy -0.01 / train/loss/rep 2.77 / train/loss/repval 0.88 / train/loss/rew 0.61 / train/loss/value 0.82 / replay/replay_ratio 264 / fps/policy 6.18 / fps/train 1581.27

Writing metrics: /home/zhangpeiying01/lfy/btwm-7.7/runs/btwm_dmc_walker_walk_seed0_w002_b11_s0/scores.jsonl
Writing metrics: /home/zhangpeiying01/lfy/btwm-7.7/runs/btwm_dmc_walker_walk_seed0_w002_b11_s0/metrics.jsonl

--------------------[Agent Step 253_472]--------------------
Metrics filtered by: 'score|length|fps|ratio|train/loss/|train/acc/|train/inv/|train/rand/'
train/acc/inv 0.55 / train/inv/ce 1.49 / train/inv/confidence 0.28 / train/inv/confidence_gating 0 / train/inv/effective_rep_weight 0.02 / train/inv/head_objective 0.62 / train/inv/head_weight 0 / train/inv/objective 0.62 / train/inv/policy_weight_max 1 / train/inv/policy_weight_mean 1 / train/inv/policy_weight_min 1 / train/inv/policy_weight_std 0 / train/inv/valid_frac 1 / train/inv/weight 0.02 / train/loss/con 0.02 / train/loss/dyn 2.8 / train/loss/image 2.73 / train/loss/inv 0.01 / train/loss/policy -0.01 / train/loss/rep 2.8 / train/loss/repval 0.87 / train/loss/rew 0.61 / train/loss/value 0.82 / replay/replay_ratio 264 / fps/policy 6.22 / fps/train 1592.15

Writing metrics: /home/zhangpeiying01/lfy/btwm-7.7/runs/btwm_dmc_walker_walk_seed0_w002_b11_s0/metrics.jsonl
Writing metrics: /home/zhangpeiying01/lfy/btwm-7.7/runs/btwm_dmc_walker_walk_seed0_w002_b11_s0/scores.jsonl

--------------------[Agent Step 254_224]--------------------
Metrics filtered by: 'score|length|fps|ratio|train/loss/|train/acc/|train/inv/|train/rand/'
train/acc/inv 0.54 / train/inv/ce 1.49 / train/inv/confidence 0.28 / train/inv/confidence_gating 0 / train/inv/effective_rep_weight 0.02 / train/inv/head_objective 0.62 / train/inv/head_weight 0 / train/inv/objective 0.62 / train/inv/policy_weight_max 1 / train/inv/policy_weight_mean 1 / train/inv/policy_weight_min 1 / train/inv/policy_weight_std 0 / train/inv/valid_frac 1 / train/inv/weight 0.02 / train/loss/con 0.02 / train/loss/dyn 2.78 / train/loss/image 2.72 / train/loss/inv 0.01 / train/loss/policy -0.01 / train/loss/rep 2.78 / train/loss/repval 0.87 / train/loss/rew 0.61 / train/loss/value 0.82 / replay/replay_ratio 264 / fps/policy 6.19 / fps/train 1584.26

Writing metrics: /home/zhangpeiying01/lfy/btwm-7.7/runs/btwm_dmc_walker_walk_seed0_w002_b11_s0/scores.jsonl
Writing metrics: /home/zhangpeiying01/lfy/btwm-7.7/runs/btwm_dmc_walker_walk_seed0_w002_b11_s0/metrics.jsonl

--------------------[Agent Step 254_976]--------------------
Metrics filtered by: 'score|length|fps|ratio|train/loss/|train/acc/|train/inv/|train/rand/'
train/acc/inv 0.55 / train/inv/ce 1.49 / train/inv/confidence 0.28 / train/inv/confidence_gating 0 / train/inv/effective_rep_weight 0.02 / train/inv/head_objective 0.62 / train/inv/head_weight 0 / train/inv/objective 0.62 / train/inv/policy_weight_max 1 / train/inv/policy_weight_mean 1 / train/inv/policy_weight_min 1 / train/inv/policy_weight_std 0 / train/inv/valid_frac 1 / train/inv/weight 0.02 / train/loss/con 0.02 / train/loss/dyn 2.79 / train/loss/image 2.74 / train/loss/inv 0.01 / train/loss/policy -0.01 / train/loss/rep 2.79 / train/loss/repval 0.88 / train/loss/rew 0.61 / train/loss/value 0.82 / replay/replay_ratio 264 / fps/policy 6.15 / fps/train 1574.09

Writing metrics: /home/zhangpeiying01/lfy/btwm-7.7/runs/btwm_dmc_walker_walk_seed0_w002_b11_s0/scores.jsonl
Writing metrics: /home/zhangpeiying01/lfy/btwm-7.7/runs/btwm_dmc_walker_walk_seed0_w002_b11_s0/metrics.jsonl

--------------------[Agent Step 255_728]--------------------
Metrics filtered by: 'score|length|fps|ratio|train/loss/|train/acc/|train/inv/|train/rand/'
train/acc/inv 0.55 / train/inv/ce 1.48 / train/inv/confidence 0.28 / train/inv/confidence_gating 0 / train/inv/effective_rep_weight 0.02 / train/inv/head_objective 0.62 / train/inv/head_weight 0 / train/inv/objective 0.62 / train/inv/policy_weight_max 1 / train/inv/policy_weight_mean 1 / train/inv/policy_weight_min 1 / train/inv/policy_weight_std 0 / train/inv/valid_frac 1 / train/inv/weight 0.02 / train/loss/con 0.02 / train/loss/dyn 2.81 / train/loss/image 2.73 / train/loss/inv 0.01 / train/loss/policy -0.01 / train/loss/rep 2.81 / train/loss/repval 0.87 / train/loss/rew 0.61 / train/loss/value 0.82 / replay/replay_ratio 264 / fps/policy 6.18 / fps/train 1582.73

Writing metrics: /home/zhangpeiying01/lfy/btwm-7.7/runs/btwm_dmc_walker_walk_seed0_w002_b11_s0/scores.jsonl
Writing metrics: /home/zhangpeiying01/lfy/btwm-7.7/runs/btwm_dmc_walker_walk_seed0_w002_b11_s0/metrics.jsonl

--------------------[Agent Step 256_480]--------------------
Metrics filtered by: 'score|length|fps|ratio|train/loss/|train/acc/|train/inv/|train/rand/'
episode/score 954.46 / episode/length 1001 / train/acc/inv 0.54 / train/inv/ce 1.49 / train/inv/confidence 0.28 / train/inv/confidence_gating 0 / train/inv/effective_rep_weight 0.02 / train/inv/head_objective 0.62 / train/inv/head_weight 0 / train/inv/objective 0.62 / train/inv/policy_weight_max 1 / train/inv/policy_weight_mean 1 / train/inv/policy_weight_min 1 / train/inv/policy_weight_std 0 / train/inv/valid_frac 1 / train/inv/weight 0.02 / train/loss/con 0.02 / train/loss/dyn 2.83 / train/loss/image 2.74 / train/loss/inv 0.01 / train/loss/policy -0.02 / train/loss/rep 2.83 / train/loss/repval 0.87 / train/loss/rew 0.61 / train/loss/value 0.82 / replay/replay_ratio 264 / fps/policy 6.15 / fps/train 1574.03

Writing metrics: /home/zhangpeiying01/lfy/btwm-7.7/runs/btwm_dmc_walker_walk_seed0_w002_b11_s0/scores.jsonl
Writing metrics: /home/zhangpeiying01/lfy/btwm-7.7/runs/btwm_dmc_walker_walk_seed0_w002_b11_s0/metrics.jsonl

--------------------[Agent Step 257_232]--------------------
Metrics filtered by: 'score|length|fps|ratio|train/loss/|train/acc/|train/inv/|train/rand/'
train/acc/inv 0.54 / train/inv/ce 1.5 / train/inv/confidence 0.28 / train/inv/confidence_gating 0 / train/inv/effective_rep_weight 0.02 / train/inv/head_objective 0.63 / train/inv/head_weight 0 / train/inv/objective 0.63 / train/inv/policy_weight_max 1 / train/inv/policy_weight_mean 1 / train/inv/policy_weight_min 1 / train/inv/policy_weight_std 0 / train/inv/valid_frac 1 / train/inv/weight 0.02 / train/loss/con 0.02 / train/loss/dyn 3 / train/loss/image 2.99 / train/loss/inv 0.01 / train/loss/policy -0.01 / train/loss/rep 3 / train/loss/repval 0.88 / train/loss/rew 0.61 / train/loss/value 0.82 / replay/replay_ratio 264 / fps/policy 6.21 / fps/train 1589.76

Writing metrics: /home/zhangpeiying01/lfy/btwm-7.7/runs/btwm_dmc_walker_walk_seed0_w002_b11_s0/metrics.jsonl
Writing metrics: /home/zhangpeiying01/lfy/btwm-7.7/runs/btwm_dmc_walker_walk_seed0_w002_b11_s0/scores.jsonl

--------------------[Agent Step 257_984]--------------------
Metrics filtered by: 'score|length|fps|ratio|train/loss/|train/acc/|train/inv/|train/rand/'
train/acc/inv 0.54 / train/inv/ce 1.5 / train/inv/confidence 0.28 / train/inv/confidence_gating 0 / train/inv/effective_rep_weight 0.02 / train/inv/head_objective 0.63 / train/inv/head_weight 0 / train/inv/objective 0.63 / train/inv/policy_weight_max 1 / train/inv/policy_weight_mean 1 / train/inv/policy_weight_min 1 / train/inv/policy_weight_std 0 / train/inv/valid_frac 1 / train/inv/weight 0.02 / train/loss/con 0.02 / train/loss/dyn 2.8 / train/loss/image 2.78 / train/loss/inv 0.01 / train/loss/policy -0.02 / train/loss/rep 2.8 / train/loss/repval 0.87 / train/loss/rew 0.61 / train/loss/value 0.82 / replay/replay_ratio 264 / fps/policy 6.19 / fps/train 1583.64

Writing metrics: /home/zhangpeiying01/lfy/btwm-7.7/runs/btwm_dmc_walker_walk_seed0_w002_b11_s0/metrics.jsonl
Writing metrics: /home/zhangpeiying01/lfy/btwm-7.7/runs/btwm_dmc_walker_walk_seed0_w002_b11_s0/scores.jsonl

--------------------[Agent Step 258_736]--------------------
Metrics filtered by: 'score|length|fps|ratio|train/loss/|train/acc/|train/inv/|train/rand/'
train/acc/inv 0.54 / train/inv/ce 1.5 / train/inv/confidence 0.28 / train/inv/confidence_gating 0 / train/inv/effective_rep_weight 0.02 / train/inv/head_objective 0.62 / train/inv/head_weight 0 / train/inv/objective 0.62 / train/inv/policy_weight_max 1 / train/inv/policy_weight_mean 1 / train/inv/policy_weight_min 1 / train/inv/policy_weight_std 0 / train/inv/valid_frac 1 / train/inv/weight 0.02 / train/loss/con 0.02 / train/loss/dyn 2.78 / train/loss/image 2.74 / train/loss/inv 0.01 / train/loss/policy -0.02 / train/loss/rep 2.78 / train/loss/repval 0.87 / train/loss/rew 0.61 / train/loss/value 0.82 / replay/replay_ratio 264 / fps/policy 6.23 / fps/train 1594.48

Writing metrics: /home/zhangpeiying01/lfy/btwm-7.7/runs/btwm_dmc_walker_walk_seed0_w002_b11_s0/metrics.jsonl
Writing metrics: /home/zhangpeiying01/lfy/btwm-7.7/runs/btwm_dmc_walker_walk_seed0_w002_b11_s0/scores.jsonl

--------------------[Agent Step 259_488]--------------------
Metrics filtered by: 'score|length|fps|ratio|train/loss/|train/acc/|train/inv/|train/rand/'
train/acc/inv 0.54 / train/inv/ce 1.5 / train/inv/confidence 0.28 / train/inv/confidence_gating 0 / train/inv/effective_rep_weight 0.02 / train/inv/head_objective 0.62 / train/inv/head_weight 0 / train/inv/objective 0.62 / train/inv/policy_weight_max 1 / train/inv/policy_weight_mean 1 / train/inv/policy_weight_min 1 / train/inv/policy_weight_std 0 / train/inv/valid_frac 1 / train/inv/weight 0.02 / train/loss/con 0.02 / train/loss/dyn 2.78 / train/loss/image 2.76 / train/loss/inv 0.01 / train/loss/policy -0.02 / train/loss/rep 2.78 / train/loss/repval 0.87 / train/loss/rew 0.61 / train/loss/value 0.82 / replay/replay_ratio 264 / fps/policy 6.2 / fps/train 1587.31

Writing metrics: /home/zhangpeiying01/lfy/btwm-7.7/runs/btwm_dmc_walker_walk_seed0_w002_b11_s0/scores.jsonl
Writing metrics: /home/zhangpeiying01/lfy/btwm-7.7/runs/btwm_dmc_walker_walk_seed0_w002_b11_s0/metrics.jsonl

--------------------[Agent Step 260_240]--------------------
Metrics filtered by: 'score|length|fps|ratio|train/loss/|train/acc/|train/inv/|train/rand/'
train/acc/inv 0.54 / train/inv/ce 1.49 / train/inv/confidence 0.28 / train/inv/confidence_gating 0 / train/inv/effective_rep_weight 0.02 / train/inv/head_objective 0.62 / train/inv/head_weight 0 / train/inv/objective 0.62 / train/inv/policy_weight_max 1 / train/inv/policy_weight_mean 1 / train/inv/policy_weight_min 1 / train/inv/policy_weight_std 0 / train/inv/valid_frac 1 / train/inv/weight 0.02 / train/loss/con 0.02 / train/loss/dyn 2.8 / train/loss/image 2.75 / train/loss/inv 0.01 / train/loss/policy -0.01 / train/loss/rep 2.8 / train/loss/repval 0.87 / train/loss/rew 0.61 / train/loss/value 0.82 / replay/replay_ratio 264 / fps/policy 6.18 / fps/train 1582.96

Writing metrics: /home/zhangpeiying01/lfy/btwm-7.7/runs/btwm_dmc_walker_walk_seed0_w002_b11_s0/scores.jsonl
Writing metrics: /home/zhangpeiying01/lfy/btwm-7.7/runs/btwm_dmc_walker_walk_seed0_w002_b11_s0/metrics.jsonl

--------------------[Agent Step 260_992]--------------------
Metrics filtered by: 'score|length|fps|ratio|train/loss/|train/acc/|train/inv/|train/rand/'
train/acc/inv 0.54 / train/inv/ce 1.5 / train/inv/confidence 0.28 / train/inv/confidence_gating 0 / train/inv/effective_rep_weight 0.02 / train/inv/head_objective 0.63 / train/inv/head_weight 0 / train/inv/objective 0.63 / train/inv/policy_weight_max 1 / train/inv/policy_weight_mean 1 / train/inv/policy_weight_min 1 / train/inv/policy_weight_std 0 / train/inv/valid_frac 1 / train/inv/weight 0.02 / train/loss/con 0.02 / train/loss/dyn 2.81 / train/loss/image 2.73 / train/loss/inv 0.01 / train/loss/policy -0.01 / train/loss/rep 2.81 / train/loss/repval 0.87 / train/loss/rew 0.61 / train/loss/value 0.81 / replay/replay_ratio 264 / fps/policy 6.19 / fps/train 1585.9

Writing metrics: /home/zhangpeiying01/lfy/btwm-7.7/runs/btwm_dmc_walker_walk_seed0_w002_b11_s0/scores.jsonl
Writing metrics: /home/zhangpeiying01/lfy/btwm-7.7/runs/btwm_dmc_walker_walk_seed0_w002_b11_s0/metrics.jsonl

--------------------[Agent Step 261_744]--------------------
Metrics filtered by: 'score|length|fps|ratio|train/loss/|train/acc/|train/inv/|train/rand/'
train/acc/inv 0.54 / train/inv/ce 1.49 / train/inv/confidence 0.28 / train/inv/confidence_gating 0 / train/inv/effective_rep_weight 0.02 / train/inv/head_objective 0.62 / train/inv/head_weight 0 / train/inv/objective 0.62 / train/inv/policy_weight_max 1 / train/inv/policy_weight_mean 1 / train/inv/policy_weight_min 1 / train/inv/policy_weight_std 0 / train/inv/valid_frac 1 / train/inv/weight 0.02 / train/loss/con 0.02 / train/loss/dyn 2.78 / train/loss/image 2.73 / train/loss/inv 0.01 / train/loss/policy -0.02 / train/loss/rep 2.78 / train/loss/repval 0.87 / train/loss/rew 0.61 / train/loss/value 0.81 / replay/replay_ratio 264 / fps/policy 6.17 / fps/train 1580.55

Writing metrics: /home/zhangpeiying01/lfy/btwm-7.7/runs/btwm_dmc_walker_walk_seed0_w002_b11_s0/metrics.jsonl
Writing metrics: /home/zhangpeiying01/lfy/btwm-7.7/runs/btwm_dmc_walker_walk_seed0_w002_b11_s0/scores.jsonl

--------------------[Agent Step 262_496]--------------------
Metrics filtered by: 'score|length|fps|ratio|train/loss/|train/acc/|train/inv/|train/rand/'
train/acc/inv 0.54 / train/inv/ce 1.49 / train/inv/confidence 0.28 / train/inv/confidence_gating 0 / train/inv/effective_rep_weight 0.02 / train/inv/head_objective 0.62 / train/inv/head_weight 0 / train/inv/objective 0.62 / train/inv/policy_weight_max 1 / train/inv/policy_weight_mean 1 / train/inv/policy_weight_min 1 / train/inv/policy_weight_std 0 / train/inv/valid_frac 1 / train/inv/weight 0.02 / train/loss/con 0.02 / train/loss/dyn 2.78 / train/loss/image 2.7 / train/loss/inv 0.01 / train/loss/policy -0.01 / train/loss/rep 2.78 / train/loss/repval 0.87 / train/loss/rew 0.61 / train/loss/value 0.82 / replay/replay_ratio 264 / fps/policy 6.18 / fps/train 1583.22

Writing metrics: /home/zhangpeiying01/lfy/btwm-7.7/runs/btwm_dmc_walker_walk_seed0_w002_b11_s0/metrics.jsonl
Writing metrics: /home/zhangpeiying01/lfy/btwm-7.7/runs/btwm_dmc_walker_walk_seed0_w002_b11_s0/scores.jsonl

--------------------[Agent Step 263_248]--------------------
Metrics filtered by: 'score|length|fps|ratio|train/loss/|train/acc/|train/inv/|train/rand/'
train/acc/inv 0.54 / train/inv/ce 1.5 / train/inv/confidence 0.28 / train/inv/confidence_gating 0 / train/inv/effective_rep_weight 0.02 / train/inv/head_objective 0.63 / train/inv/head_weight 0 / train/inv/objective 0.63 / train/inv/policy_weight_max 1 / train/inv/policy_weight_mean 1 / train/inv/policy_weight_min 1 / train/inv/policy_weight_std 0 / train/inv/valid_frac 1 / train/inv/weight 0.02 / train/loss/con 0.02 / train/loss/dyn 2.79 / train/loss/image 2.74 / train/loss/inv 0.01 / train/loss/policy -0.02 / train/loss/rep 2.79 / train/loss/repval 0.87 / train/loss/rew 0.61 / train/loss/value 0.82 / replay/replay_ratio 264 / fps/policy 6.18 / fps/train 1581.59

Writing metrics: /home/zhangpeiying01/lfy/btwm-7.7/runs/btwm_dmc_walker_walk_seed0_w002_b11_s0/metrics.jsonl
Writing metrics: /home/zhangpeiying01/lfy/btwm-7.7/runs/btwm_dmc_walker_walk_seed0_w002_b11_s0/scores.jsonl

--------------------[Agent Step 264_000]--------------------
Metrics filtered by: 'score|length|fps|ratio|train/loss/|train/acc/|train/inv/|train/rand/'
train/acc/inv 0.54 / train/inv/ce 1.5 / train/inv/confidence 0.28 / train/inv/confidence_gating 0 / train/inv/effective_rep_weight 0.02 / train/inv/head_objective 0.62 / train/inv/head_weight 0 / train/inv/objective 0.62 / train/inv/policy_weight_max 1 / train/inv/policy_weight_mean 1 / train/inv/policy_weight_min 1 / train/inv/policy_weight_std 0 / train/inv/valid_frac 1 / train/inv/weight 0.02 / train/loss/con 0.02 / train/loss/dyn 2.74 / train/loss/image 2.67 / train/loss/inv 0.01 / train/loss/policy -0.02 / train/loss/rep 2.74 / train/loss/repval 0.87 / train/loss/rew 0.61 / train/loss/value 0.81 / replay/replay_ratio 264 / fps/policy 6.17 / fps/train 1580.69

Writing metrics: /home/zhangpeiying01/lfy/btwm-7.7/runs/btwm_dmc_walker_walk_seed0_w002_b11_s0/scores.jsonl
Writing metrics: /home/zhangpeiying01/lfy/btwm-7.7/runs/btwm_dmc_walker_walk_seed0_w002_b11_s0/metrics.jsonl

--------------------[Agent Step 264_752]--------------------
Metrics filtered by: 'score|length|fps|ratio|train/loss/|train/acc/|train/inv/|train/rand/'
train/acc/inv 0.54 / train/inv/ce 1.5 / train/inv/confidence 0.28 / train/inv/confidence_gating 0 / train/inv/effective_rep_weight 0.02 / train/inv/head_objective 0.63 / train/inv/head_weight 0 / train/inv/objective 0.63 / train/inv/policy_weight_max 1 / train/inv/policy_weight_mean 1 / train/inv/policy_weight_min 1 / train/inv/policy_weight_std 0 / train/inv/valid_frac 1 / train/inv/weight 0.02 / train/loss/con 0.02 / train/loss/dyn 2.79 / train/loss/image 2.66 / train/loss/inv 0.01 / train/loss/policy -0.02 / train/loss/rep 2.79 / train/loss/repval 0.87 / train/loss/rew 0.61 / train/loss/value 0.81 / replay/replay_ratio 264 / fps/policy 6.18 / fps/train 1582.11

Writing metrics: /home/zhangpeiying01/lfy/btwm-7.7/runs/btwm_dmc_walker_walk_seed0_w002_b11_s0/metrics.jsonl
Writing metrics: /home/zhangpeiying01/lfy/btwm-7.7/runs/btwm_dmc_walker_walk_seed0_w002_b11_s0/scores.jsonl
Saving checkpoint: /home/zhangpeiying01/lfy/btwm-7.7/runs/btwm_dmc_walker_walk_seed0_w002_b11_s0/ckpt/20260717T085412F114853
Saved checkpoint.

--------------------[Agent Step 265_488]--------------------
Metrics filtered by: 'score|length|fps|ratio|train/loss/|train/acc/|train/inv/|train/rand/'
train/acc/inv 0.55 / train/inv/ce 1.48 / train/inv/confidence 0.28 / train/inv/confidence_gating 0 / train/inv/effective_rep_weight 0.02 / train/inv/head_objective 0.62 / train/inv/head_weight 0 / train/inv/objective 0.62 / train/inv/policy_weight_max 1 / train/inv/policy_weight_mean 1 / train/inv/policy_weight_min 1 / train/inv/policy_weight_std 0 / train/inv/valid_frac 1 / train/inv/weight 0.02 / train/loss/con 0.02 / train/loss/dyn 2.75 / train/loss/image 2.71 / train/loss/inv 0.01 / train/loss/policy -0.01 / train/loss/rep 2.75 / train/loss/repval 0.87 / train/loss/rew 0.61 / train/loss/value 0.82 / replay/replay_ratio 264 / fps/policy 6.04 / fps/train 1545.52

Writing metrics: /home/zhangpeiying01/lfy/btwm-7.7/runs/btwm_dmc_walker_walk_seed0_w002_b11_s0/metrics.jsonl
Writing metrics: /home/zhangpeiying01/lfy/btwm-7.7/runs/btwm_dmc_walker_walk_seed0_w002_b11_s0/scores.jsonl

--------------------[Agent Step 266_240]--------------------
Metrics filtered by: 'score|length|fps|ratio|train/loss/|train/acc/|train/inv/|train/rand/'
train/acc/inv 0.55 / train/inv/ce 1.49 / train/inv/confidence 0.28 / train/inv/confidence_gating 0 / train/inv/effective_rep_weight 0.02 / train/inv/head_objective 0.62 / train/inv/head_weight 0 / train/inv/objective 0.62 / train/inv/policy_weight_max 1 / train/inv/policy_weight_mean 1 / train/inv/policy_weight_min 1 / train/inv/policy_weight_std 0 / train/inv/valid_frac 1 / train/inv/weight 0.02 / train/loss/con 0.02 / train/loss/dyn 2.81 / train/loss/image 2.71 / train/loss/inv 0.01 / train/loss/policy -0.01 / train/loss/rep 2.81 / train/loss/repval 0.87 / train/loss/rew 0.61 / train/loss/value 0.82 / replay/replay_ratio 264 / fps/policy 6.28 / fps/train 1607

Writing metrics: /home/zhangpeiying01/lfy/btwm-7.7/runs/btwm_dmc_walker_walk_seed0_w002_b11_s0/metrics.jsonl
Writing metrics: /home/zhangpeiying01/lfy/btwm-7.7/runs/btwm_dmc_walker_walk_seed0_w002_b11_s0/scores.jsonl

--------------------[Agent Step 266_992]--------------------
Metrics filtered by: 'score|length|fps|ratio|train/loss/|train/acc/|train/inv/|train/rand/'
train/acc/inv 0.54 / train/inv/ce 1.49 / train/inv/confidence 0.28 / train/inv/confidence_gating 0 / train/inv/effective_rep_weight 0.02 / train/inv/head_objective 0.62 / train/inv/head_weight 0 / train/inv/objective 0.62 / train/inv/policy_weight_max 1 / train/inv/policy_weight_mean 1 / train/inv/policy_weight_min 1 / train/inv/policy_weight_std 0 / train/inv/valid_frac 1 / train/inv/weight 0.02 / train/loss/con 0.02 / train/loss/dyn 2.74 / train/loss/image 2.66 / train/loss/inv 0.01 / train/loss/policy -0.02 / train/loss/rep 2.74 / train/loss/repval 0.87 / train/loss/rew 0.61 / train/loss/value 0.82 / replay/replay_ratio 264 / fps/policy 6.18 / fps/train 1582.45

Writing metrics: /home/zhangpeiying01/lfy/btwm-7.7/runs/btwm_dmc_walker_walk_seed0_w002_b11_s0/metrics.jsonl
Writing metrics: /home/zhangpeiying01/lfy/btwm-7.7/runs/btwm_dmc_walker_walk_seed0_w002_b11_s0/scores.jsonl

--------------------[Agent Step 267_744]--------------------
Metrics filtered by: 'score|length|fps|ratio|train/loss/|train/acc/|train/inv/|train/rand/'
train/acc/inv 0.54 / train/inv/ce 1.49 / train/inv/confidence 0.28 / train/inv/confidence_gating 0 / train/inv/effective_rep_weight 0.02 / train/inv/head_objective 0.62 / train/inv/head_weight 0 / train/inv/objective 0.62 / train/inv/policy_weight_max 1 / train/inv/policy_weight_mean 1 / train/inv/policy_weight_min 1 / train/inv/policy_weight_std 0 / train/inv/valid_frac 1 / train/inv/weight 0.02 / train/loss/con 0.02 / train/loss/dyn 2.75 / train/loss/image 2.63 / train/loss/inv 0.01 / train/loss/policy -0.02 / train/loss/rep 2.75 / train/loss/repval 0.87 / train/loss/rew 0.61 / train/loss/value 0.81 / replay/replay_ratio 264 / fps/policy 6.16 / fps/train 1577.65

Writing metrics: /home/zhangpeiying01/lfy/btwm-7.7/runs/btwm_dmc_walker_walk_seed0_w002_b11_s0/metrics.jsonl
Writing metrics: /home/zhangpeiying01/lfy/btwm-7.7/runs/btwm_dmc_walker_walk_seed0_w002_b11_s0/scores.jsonl

--------------------[Agent Step 268_496]--------------------
Metrics filtered by: 'score|length|fps|ratio|train/loss/|train/acc/|train/inv/|train/rand/'
train/acc/inv 0.54 / train/inv/ce 1.5 / train/inv/confidence 0.28 / train/inv/confidence_gating 0 / train/inv/effective_rep_weight 0.02 / train/inv/head_objective 0.62 / train/inv/head_weight 0 / train/inv/objective 0.62 / train/inv/policy_weight_max 1 / train/inv/policy_weight_mean 1 / train/inv/policy_weight_min 1 / train/inv/policy_weight_std 0 / train/inv/valid_frac 1 / train/inv/weight 0.02 / train/loss/con 0.02 / train/loss/dyn 2.75 / train/loss/image 2.66 / train/loss/inv 0.01 / train/loss/policy -0.02 / train/loss/rep 2.75 / train/loss/repval 0.87 / train/loss/rew 0.61 / train/loss/value 0.82 / replay/replay_ratio 264 / fps/policy 6.2 / fps/train 1587.58

Writing metrics: /home/zhangpeiying01/lfy/btwm-7.7/runs/btwm_dmc_walker_walk_seed0_w002_b11_s0/metrics.jsonl
Writing metrics: /home/zhangpeiying01/lfy/btwm-7.7/runs/btwm_dmc_walker_walk_seed0_w002_b11_s0/scores.jsonl

--------------------[Agent Step 269_248]--------------------
Metrics filtered by: 'score|length|fps|ratio|train/loss/|train/acc/|train/inv/|train/rand/'
train/acc/inv 0.55 / train/inv/ce 1.49 / train/inv/confidence 0.28 / train/inv/confidence_gating 0 / train/inv/effective_rep_weight 0.02 / train/inv/head_objective 0.62 / train/inv/head_weight 0 / train/inv/objective 0.62 / train/inv/policy_weight_max 1 / train/inv/policy_weight_mean 1 / train/inv/policy_weight_min 1 / train/inv/policy_weight_std 0 / train/inv/valid_frac 1 / train/inv/weight 0.02 / train/loss/con 0.02 / train/loss/dyn 2.76 / train/loss/image 2.68 / train/loss/inv 0.01 / train/loss/policy -0.02 / train/loss/rep 2.76 / train/loss/repval 0.87 / train/loss/rew 0.61 / train/loss/value 0.82 / replay/replay_ratio 264 / fps/policy 6.17 / fps/train 1579.08

Writing metrics: /home/zhangpeiying01/lfy/btwm-7.7/runs/btwm_dmc_walker_walk_seed0_w002_b11_s0/metrics.jsonl
Writing metrics: /home/zhangpeiying01/lfy/btwm-7.7/runs/btwm_dmc_walker_walk_seed0_w002_b11_s0/scores.jsonl

--------------------[Agent Step 270_000]--------------------
Metrics filtered by: 'score|length|fps|ratio|train/loss/|train/acc/|train/inv/|train/rand/'
train/acc/inv 0.54 / train/inv/ce 1.5 / train/inv/confidence 0.28 / train/inv/confidence_gating 0 / train/inv/effective_rep_weight 0.02 / train/inv/head_objective 0.63 / train/inv/head_weight 0 / train/inv/objective 0.63 / train/inv/policy_weight_max 1 / train/inv/policy_weight_mean 1 / train/inv/policy_weight_min 1 / train/inv/policy_weight_std 0 / train/inv/valid_frac 1 / train/inv/weight 0.02 / train/loss/con 0.02 / train/loss/dyn 2.78 / train/loss/image 2.66 / train/loss/inv 0.01 / train/loss/policy -0.02 / train/loss/rep 2.78 / train/loss/repval 0.87 / train/loss/rew 0.61 / train/loss/value 0.81 / replay/replay_ratio 264 / fps/policy 6.2 / fps/train 1587.11

Writing metrics: /home/zhangpeiying01/lfy/btwm-7.7/runs/btwm_dmc_walker_walk_seed0_w002_b11_s0/metrics.jsonl
Writing metrics: /home/zhangpeiying01/lfy/btwm-7.7/runs/btwm_dmc_walker_walk_seed0_w002_b11_s0/scores.jsonl

--------------------[Agent Step 270_752]--------------------
Metrics filtered by: 'score|length|fps|ratio|train/loss/|train/acc/|train/inv/|train/rand/'
train/acc/inv 0.55 / train/inv/ce 1.49 / train/inv/confidence 0.28 / train/inv/confidence_gating 0 / train/inv/effective_rep_weight 0.02 / train/inv/head_objective 0.62 / train/inv/head_weight 0 / train/inv/objective 0.62 / train/inv/policy_weight_max 1 / train/inv/policy_weight_mean 1 / train/inv/policy_weight_min 1 / train/inv/policy_weight_std 0 / train/inv/valid_frac 1 / train/inv/weight 0.02 / train/loss/con 0.02 / train/loss/dyn 2.73 / train/loss/image 2.64 / train/loss/inv 0.01 / train/loss/policy -0.02 / train/loss/rep 2.73 / train/loss/repval 0.87 / train/loss/rew 0.61 / train/loss/value 0.81 / replay/replay_ratio 264 / fps/policy 6.21 / fps/train 1590.35

Writing metrics: /home/zhangpeiying01/lfy/btwm-7.7/runs/btwm_dmc_walker_walk_seed0_w002_b11_s0/scores.jsonl
Writing metrics: /home/zhangpeiying01/lfy/btwm-7.7/runs/btwm_dmc_walker_walk_seed0_w002_b11_s0/metrics.jsonl

--------------------[Agent Step 271_504]--------------------
Metrics filtered by: 'score|length|fps|ratio|train/loss/|train/acc/|train/inv/|train/rand/'
train/acc/inv 0.54 / train/inv/ce 1.49 / train/inv/confidence 0.28 / train/inv/confidence_gating 0 / train/inv/effective_rep_weight 0.02 / train/inv/head_objective 0.62 / train/inv/head_weight 0 / train/inv/objective 0.62 / train/inv/policy_weight_max 1 / train/inv/policy_weight_mean 1 / train/inv/policy_weight_min 1 / train/inv/policy_weight_std 0 / train/inv/valid_frac 1 / train/inv/weight 0.02 / train/loss/con 0.02 / train/loss/dyn 2.76 / train/loss/image 2.65 / train/loss/inv 0.01 / train/loss/policy -0.02 / train/loss/rep 2.76 / train/loss/repval 0.87 / train/loss/rew 0.61 / train/loss/value 0.81 / replay/replay_ratio 264 / fps/policy 6.19 / fps/train 1584.14

Writing metrics: /home/zhangpeiying01/lfy/btwm-7.7/runs/btwm_dmc_walker_walk_seed0_w002_b11_s0/metrics.jsonl
Writing metrics: /home/zhangpeiying01/lfy/btwm-7.7/runs/btwm_dmc_walker_walk_seed0_w002_b11_s0/scores.jsonl

--------------------[Agent Step 272_256]--------------------
Metrics filtered by: 'score|length|fps|ratio|train/loss/|train/acc/|train/inv/|train/rand/'
train/acc/inv 0.54 / train/inv/ce 1.5 / train/inv/confidence 0.28 / train/inv/confidence_gating 0 / train/inv/effective_rep_weight 0.02 / train/inv/head_objective 0.63 / train/inv/head_weight 0 / train/inv/objective 0.63 / train/inv/policy_weight_max 1 / train/inv/policy_weight_mean 1 / train/inv/policy_weight_min 1 / train/inv/policy_weight_std 0 / train/inv/valid_frac 1 / train/inv/weight 0.02 / train/loss/con 0.02 / train/loss/dyn 2.74 / train/loss/image 2.64 / train/loss/inv 0.01 / train/loss/policy -0.02 / train/loss/rep 2.74 / train/loss/repval 0.86 / train/loss/rew 0.61 / train/loss/value 0.81 / replay/replay_ratio 264 / fps/policy 6.23 / fps/train 1594.15

Writing metrics: /home/zhangpeiying01/lfy/btwm-7.7/runs/btwm_dmc_walker_walk_seed0_w002_b11_s0/metrics.jsonl
Writing metrics: /home/zhangpeiying01/lfy/btwm-7.7/runs/btwm_dmc_walker_walk_seed0_w002_b11_s0/scores.jsonl

--------------------[Agent Step 273_008]--------------------
Metrics filtered by: 'score|length|fps|ratio|train/loss/|train/acc/|train/inv/|train/rand/'
episode/score 968.25 / episode/length 1001 / train/acc/inv 0.54 / train/inv/ce 1.51 / train/inv/confidence 0.27 / train/inv/confidence_gating 0 / train/inv/effective_rep_weight 0.02 / train/inv/head_objective 0.63 / train/inv/head_weight 0 / train/inv/objective 0.63 / train/inv/policy_weight_max 1 / train/inv/policy_weight_mean 1 / train/inv/policy_weight_min 1 / train/inv/policy_weight_std 0 / train/inv/valid_frac 1 / train/inv/weight 0.02 / train/loss/con 0.02 / train/loss/dyn 2.93 / train/loss/image 2.83 / train/loss/inv 0.01 / train/loss/policy -0.01 / train/loss/rep 2.93 / train/loss/repval 0.86 / train/loss/rew 0.61 / train/loss/value 0.81 / replay/replay_ratio 264 / fps/policy 6.19 / fps/train 1585.17

Writing metrics: /home/zhangpeiying01/lfy/btwm-7.7/runs/btwm_dmc_walker_walk_seed0_w002_b11_s0/metrics.jsonl
Writing metrics: /home/zhangpeiying01/lfy/btwm-7.7/runs/btwm_dmc_walker_walk_seed0_w002_b11_s0/scores.jsonl

--------------------[Agent Step 273_760]--------------------
Metrics filtered by: 'score|length|fps|ratio|train/loss/|train/acc/|train/inv/|train/rand/'
train/acc/inv 0.54 / train/inv/ce 1.5 / train/inv/confidence 0.28 / train/inv/confidence_gating 0 / train/inv/effective_rep_weight 0.02 / train/inv/head_objective 0.63 / train/inv/head_weight 0 / train/inv/objective 0.63 / train/inv/policy_weight_max 1 / train/inv/policy_weight_mean 1 / train/inv/policy_weight_min 1 / train/inv/policy_weight_std 0 / train/inv/valid_frac 1 / train/inv/weight 0.02 / train/loss/con 0.02 / train/loss/dyn 2.88 / train/loss/image 2.78 / train/loss/inv 0.01 / train/loss/policy -0.01 / train/loss/rep 2.88 / train/loss/repval 0.86 / train/loss/rew 0.61 / train/loss/value 0.82 / replay/replay_ratio 264 / fps/policy 6.2 / fps/train 1587.88

Writing metrics: /home/zhangpeiying01/lfy/btwm-7.7/runs/btwm_dmc_walker_walk_seed0_w002_b11_s0/metrics.jsonl
Writing metrics: /home/zhangpeiying01/lfy/btwm-7.7/runs/btwm_dmc_walker_walk_seed0_w002_b11_s0/scores.jsonl

--------------------[Agent Step 274_512]--------------------
Metrics filtered by: 'score|length|fps|ratio|train/loss/|train/acc/|train/inv/|train/rand/'
train/acc/inv 0.54 / train/inv/ce 1.51 / train/inv/confidence 0.27 / train/inv/confidence_gating 0 / train/inv/effective_rep_weight 0.02 / train/inv/head_objective 0.63 / train/inv/head_weight 0 / train/inv/objective 0.63 / train/inv/policy_weight_max 1 / train/inv/policy_weight_mean 1 / train/inv/policy_weight_min 1 / train/inv/policy_weight_std 0 / train/inv/valid_frac 1 / train/inv/weight 0.02 / train/loss/con 0.02 / train/loss/dyn 2.77 / train/loss/image 2.72 / train/loss/inv 0.01 / train/loss/policy -0.02 / train/loss/rep 2.77 / train/loss/repval 0.87 / train/loss/rew 0.61 / train/loss/value 0.82 / replay/replay_ratio 264 / fps/policy 6.2 / fps/train 1588.38

Writing metrics: /home/zhangpeiying01/lfy/btwm-7.7/runs/btwm_dmc_walker_walk_seed0_w002_b11_s0/metrics.jsonl
Writing metrics: /home/zhangpeiying01/lfy/btwm-7.7/runs/btwm_dmc_walker_walk_seed0_w002_b11_s0/scores.jsonl

--------------------[Agent Step 275_344]--------------------
Metrics filtered by: 'score|length|fps|ratio|train/loss/|train/acc/|train/inv/|train/rand/'
train/acc/inv 0.54 / train/inv/ce 1.51 / train/inv/confidence 0.27 / train/inv/confidence_gating 0 / train/inv/effective_rep_weight 0.02 / train/inv/head_objective 0.63 / train/inv/head_weight 0 / train/inv/objective 0.63 / train/inv/policy_weight_max 1 / train/inv/policy_weight_mean 1 / train/inv/policy_weight_min 1 / train/inv/policy_weight_std 0 / train/inv/valid_frac 1 / train/inv/weight 0.02 / train/loss/con 0.02 / train/loss/dyn 2.82 / train/loss/image 2.71 / train/loss/inv 0.01 / train/loss/policy -0.01 / train/loss/rep 2.82 / train/loss/repval 0.87 / train/loss/rew 0.61 / train/loss/value 0.82 / replay/replay_ratio 264 / fps/policy 6.87 / fps/train 1758.01

Writing metrics: /home/zhangpeiying01/lfy/btwm-7.7/runs/btwm_dmc_walker_walk_seed0_w002_b11_s0/metrics.jsonl
Writing metrics: /home/zhangpeiying01/lfy/btwm-7.7/runs/btwm_dmc_walker_walk_seed0_w002_b11_s0/scores.jsonl

--------------------[Agent Step 276_144]--------------------
Metrics filtered by: 'score|length|fps|ratio|train/loss/|train/acc/|train/inv/|train/rand/'
train/acc/inv 0.54 / train/inv/ce 1.5 / train/inv/confidence 0.28 / train/inv/confidence_gating 0 / train/inv/effective_rep_weight 0.02 / train/inv/head_objective 0.63 / train/inv/head_weight 0 / train/inv/objective 0.63 / train/inv/policy_weight_max 1 / train/inv/policy_weight_mean 1 / train/inv/policy_weight_min 1 / train/inv/policy_weight_std 0 / train/inv/valid_frac 1 / train/inv/weight 0.02 / train/loss/con 0.02 / train/loss/dyn 2.74 / train/loss/image 2.67 / train/loss/inv 0.01 / train/loss/policy -0.01 / train/loss/rep 2.74 / train/loss/repval 0.87 / train/loss/rew 0.61 / train/loss/value 0.82 / replay/replay_ratio 264 / fps/policy 6.6 / fps/train 1689.43

Writing metrics: /home/zhangpeiying01/lfy/btwm-7.7/runs/btwm_dmc_walker_walk_seed0_w002_b11_s0/scores.jsonl
Writing metrics: /home/zhangpeiying01/lfy/btwm-7.7/runs/btwm_dmc_walker_walk_seed0_w002_b11_s0/metrics.jsonl

--------------------[Agent Step 276_880]--------------------
Metrics filtered by: 'score|length|fps|ratio|train/loss/|train/acc/|train/inv/|train/rand/'
train/acc/inv 0.54 / train/inv/ce 1.5 / train/inv/confidence 0.28 / train/inv/confidence_gating 0 / train/inv/effective_rep_weight 0.02 / train/inv/head_objective 0.63 / train/inv/head_weight 0 / train/inv/objective 0.63 / train/inv/policy_weight_max 1 / train/inv/policy_weight_mean 1 / train/inv/policy_weight_min 1 / train/inv/policy_weight_std 0 / train/inv/valid_frac 1 / train/inv/weight 0.02 / train/loss/con 0.02 / train/loss/dyn 2.77 / train/loss/image 2.67 / train/loss/inv 0.01 / train/loss/policy -0.02 / train/loss/rep 2.77 / train/loss/repval 0.87 / train/loss/rew 0.61 / train/loss/value 0.82 / replay/replay_ratio 264 / fps/policy 6.06 / fps/train 1550.3

Writing metrics: /home/zhangpeiying01/lfy/btwm-7.7/runs/btwm_dmc_walker_walk_seed0_w002_b11_s0/metrics.jsonl
Writing metrics: /home/zhangpeiying01/lfy/btwm-7.7/runs/btwm_dmc_walker_walk_seed0_w002_b11_s0/scores.jsonl

--------------------[Agent Step 277_600]--------------------
Metrics filtered by: 'score|length|fps|ratio|train/loss/|train/acc/|train/inv/|train/rand/'
train/acc/inv 0.54 / train/inv/ce 1.51 / train/inv/confidence 0.27 / train/inv/confidence_gating 0 / train/inv/effective_rep_weight 0.02 / train/inv/head_objective 0.63 / train/inv/head_weight 0 / train/inv/objective 0.63 / train/inv/policy_weight_max 1 / train/inv/policy_weight_mean 1 / train/inv/policy_weight_min 1 / train/inv/policy_weight_std 0 / train/inv/valid_frac 1 / train/inv/weight 0.02 / train/loss/con 0.02 / train/loss/dyn 2.76 / train/loss/image 2.66 / train/loss/inv 0.01 / train/loss/policy -0.02 / train/loss/rep 2.76 / train/loss/repval 0.87 / train/loss/rew 0.61 / train/loss/value 0.81 / replay/replay_ratio 264 / fps/policy 5.93 / fps/train 1518

Writing metrics: /home/zhangpeiying01/lfy/btwm-7.7/runs/btwm_dmc_walker_walk_seed0_w002_b11_s0/metrics.jsonl
Writing metrics: /home/zhangpeiying01/lfy/btwm-7.7/runs/btwm_dmc_walker_walk_seed0_w002_b11_s0/scores.jsonl

--------------------[Agent Step 278_320]--------------------
Metrics filtered by: 'score|length|fps|ratio|train/loss/|train/acc/|train/inv/|train/rand/'
train/acc/inv 0.54 / train/inv/ce 1.5 / train/inv/confidence 0.28 / train/inv/confidence_gating 0 / train/inv/effective_rep_weight 0.02 / train/inv/head_objective 0.62 / train/inv/head_weight 0 / train/inv/objective 0.62 / train/inv/policy_weight_max 1 / train/inv/policy_weight_mean 1 / train/inv/policy_weight_min 1 / train/inv/policy_weight_std 0 / train/inv/valid_frac 1 / train/inv/weight 0.02 / train/loss/con 0.02 / train/loss/dyn 2.75 / train/loss/image 2.67 / train/loss/inv 0.01 / train/loss/policy -0.02 / train/loss/rep 2.75 / train/loss/repval 0.87 / train/loss/rew 0.61 / train/loss/value 0.82 / replay/replay_ratio 264 / fps/policy 5.93 / fps/train 1517.19

Writing metrics: /home/zhangpeiying01/lfy/btwm-7.7/runs/btwm_dmc_walker_walk_seed0_w002_b11_s0/metrics.jsonl
Writing metrics: /home/zhangpeiying01/lfy/btwm-7.7/runs/btwm_dmc_walker_walk_seed0_w002_b11_s0/scores.jsonl

--------------------[Agent Step 279_264]--------------------
Metrics filtered by: 'score|length|fps|ratio|train/loss/|train/acc/|train/inv/|train/rand/'
train/acc/inv 0.54 / train/inv/ce 1.49 / train/inv/confidence 0.28 / train/inv/confidence_gating 0 / train/inv/effective_rep_weight 0.02 / train/inv/head_objective 0.62 / train/inv/head_weight 0 / train/inv/objective 0.62 / train/inv/policy_weight_max 1 / train/inv/policy_weight_mean 1 / train/inv/policy_weight_min 1 / train/inv/policy_weight_std 0 / train/inv/valid_frac 1 / train/inv/weight 0.02 / train/loss/con 0.02 / train/loss/dyn 2.72 / train/loss/image 2.65 / train/loss/inv 0.01 / train/loss/policy -0.02 / train/loss/rep 2.72 / train/loss/repval 0.87 / train/loss/rew 0.61 / train/loss/value 0.81 / replay/replay_ratio 264 / fps/policy 7.83 / fps/train 2005.53

Writing metrics: /home/zhangpeiying01/lfy/btwm-7.7/runs/btwm_dmc_walker_walk_seed0_w002_b11_s0/scores.jsonl
Writing metrics: /home/zhangpeiying01/lfy/btwm-7.7/runs/btwm_dmc_walker_walk_seed0_w002_b11_s0/metrics.jsonl

--------------------[Agent Step 280_016]--------------------
Metrics filtered by: 'score|length|fps|ratio|train/loss/|train/acc/|train/inv/|train/rand/'
train/acc/inv 0.55 / train/inv/ce 1.49 / train/inv/confidence 0.28 / train/inv/confidence_gating 0 / train/inv/effective_rep_weight 0.02 / train/inv/head_objective 0.62 / train/inv/head_weight 0 / train/inv/objective 0.62 / train/inv/policy_weight_max 1 / train/inv/policy_weight_mean 1 / train/inv/policy_weight_min 1 / train/inv/policy_weight_std 0 / train/inv/valid_frac 1 / train/inv/weight 0.02 / train/loss/con 0.02 / train/loss/dyn 2.76 / train/loss/image 2.66 / train/loss/inv 0.01 / train/loss/policy -0.02 / train/loss/rep 2.76 / train/loss/repval 0.87 / train/loss/rew 0.61 / train/loss/value 0.81 / replay/replay_ratio 264 / fps/policy 6.26 / fps/train 1601.52

Writing metrics: /home/zhangpeiying01/lfy/btwm-7.7/runs/btwm_dmc_walker_walk_seed0_w002_b11_s0/scores.jsonl
Writing metrics: /home/zhangpeiying01/lfy/btwm-7.7/runs/btwm_dmc_walker_walk_seed0_w002_b11_s0/metrics.jsonl

--------------------[Agent Step 280_752]--------------------
Metrics filtered by: 'score|length|fps|ratio|train/loss/|train/acc/|train/inv/|train/rand/'
train/acc/inv 0.54 / train/inv/ce 1.51 / train/inv/confidence 0.27 / train/inv/confidence_gating 0 / train/inv/effective_rep_weight 0.02 / train/inv/head_objective 0.63 / train/inv/head_weight 0 / train/inv/objective 0.63 / train/inv/policy_weight_max 1 / train/inv/policy_weight_mean 1 / train/inv/policy_weight_min 1 / train/inv/policy_weight_std 0 / train/inv/valid_frac 1 / train/inv/weight 0.02 / train/loss/con 0.02 / train/loss/dyn 2.74 / train/loss/image 2.61 / train/loss/inv 0.01 / train/loss/policy -0.02 / train/loss/rep 2.74 / train/loss/repval 0.86 / train/loss/rew 0.61 / train/loss/value 0.81 / replay/replay_ratio 264 / fps/policy 6.11 / fps/train 1564.97

Writing metrics: /home/zhangpeiying01/lfy/btwm-7.7/runs/btwm_dmc_walker_walk_seed0_w002_b11_s0/metrics.jsonl
Writing metrics: /home/zhangpeiying01/lfy/btwm-7.7/runs/btwm_dmc_walker_walk_seed0_w002_b11_s0/scores.jsonl

--------------------[Agent Step 281_552]--------------------
Metrics filtered by: 'score|length|fps|ratio|train/loss/|train/acc/|train/inv/|train/rand/'
train/acc/inv 0.54 / train/inv/ce 1.51 / train/inv/confidence 0.27 / train/inv/confidence_gating 0 / train/inv/effective_rep_weight 0.02 / train/inv/head_objective 0.63 / train/inv/head_weight 0 / train/inv/objective 0.63 / train/inv/policy_weight_max 1 / train/inv/policy_weight_mean 1 / train/inv/policy_weight_min 1 / train/inv/policy_weight_std 0 / train/inv/valid_frac 1 / train/inv/weight 0.02 / train/loss/con 0.02 / train/loss/dyn 2.79 / train/loss/image 2.63 / train/loss/inv 0.01 / train/loss/policy -0.02 / train/loss/rep 2.79 / train/loss/repval 0.86 / train/loss/rew 0.61 / train/loss/value 0.81 / replay/replay_ratio 264 / fps/policy 6.67 / fps/train 1706.69

Writing metrics: /home/zhangpeiying01/lfy/btwm-7.7/runs/btwm_dmc_walker_walk_seed0_w002_b11_s0/scores.jsonl
Writing metrics: /home/zhangpeiying01/lfy/btwm-7.7/runs/btwm_dmc_walker_walk_seed0_w002_b11_s0/metrics.jsonl

--------------------[Agent Step 282_352]--------------------
Metrics filtered by: 'score|length|fps|ratio|train/loss/|train/acc/|train/inv/|train/rand/'
train/acc/inv 0.54 / train/inv/ce 1.51 / train/inv/confidence 0.27 / train/inv/confidence_gating 0 / train/inv/effective_rep_weight 0.02 / train/inv/head_objective 0.63 / train/inv/head_weight 0 / train/inv/objective 0.63 / train/inv/policy_weight_max 1 / train/inv/policy_weight_mean 1 / train/inv/policy_weight_min 1 / train/inv/policy_weight_std 0 / train/inv/valid_frac 1 / train/inv/weight 0.02 / train/loss/con 0.02 / train/loss/dyn 2.77 / train/loss/image 2.64 / train/loss/inv 0.01 / train/loss/policy -0.02 / train/loss/rep 2.77 / train/loss/repval 0.86 / train/loss/rew 0.61 / train/loss/value 0.81 / replay/replay_ratio 264 / fps/policy 6.5 / fps/train 1662.87

Writing metrics: /home/zhangpeiying01/lfy/btwm-7.7/runs/btwm_dmc_walker_walk_seed0_w002_b11_s0/metrics.jsonl
Writing metrics: /home/zhangpeiying01/lfy/btwm-7.7/runs/btwm_dmc_walker_walk_seed0_w002_b11_s0/scores.jsonl

--------------------[Agent Step 283_168]--------------------
Metrics filtered by: 'score|length|fps|ratio|train/loss/|train/acc/|train/inv/|train/rand/'
train/acc/inv 0.54 / train/inv/ce 1.5 / train/inv/confidence 0.28 / train/inv/confidence_gating 0 / train/inv/effective_rep_weight 0.02 / train/inv/head_objective 0.63 / train/inv/head_weight 0 / train/inv/objective 0.63 / train/inv/policy_weight_max 1 / train/inv/policy_weight_mean 1 / train/inv/policy_weight_min 1 / train/inv/policy_weight_std 0 / train/inv/valid_frac 1 / train/inv/weight 0.02 / train/loss/con 0.02 / train/loss/dyn 2.73 / train/loss/image 2.6 / train/loss/inv 0.01 / train/loss/policy -0.01 / train/loss/rep 2.73 / train/loss/repval 0.86 / train/loss/rew 0.61 / train/loss/value 0.81 / replay/replay_ratio 264 / fps/policy 6.71 / fps/train 1717.32

Writing metrics: /home/zhangpeiying01/lfy/btwm-7.7/runs/btwm_dmc_walker_walk_seed0_w002_b11_s0/metrics.jsonl
Writing metrics: /home/zhangpeiying01/lfy/btwm-7.7/runs/btwm_dmc_walker_walk_seed0_w002_b11_s0/scores.jsonl

--------------------[Agent Step 283_968]--------------------
Metrics filtered by: 'score|length|fps|ratio|train/loss/|train/acc/|train/inv/|train/rand/'
train/acc/inv 0.54 / train/inv/ce 1.51 / train/inv/confidence 0.27 / train/inv/confidence_gating 0 / train/inv/effective_rep_weight 0.02 / train/inv/head_objective 0.63 / train/inv/head_weight 0 / train/inv/objective 0.63 / train/inv/policy_weight_max 1 / train/inv/policy_weight_mean 1 / train/inv/policy_weight_min 1 / train/inv/policy_weight_std 0 / train/inv/valid_frac 1 / train/inv/weight 0.02 / train/loss/con 0.02 / train/loss/dyn 2.73 / train/loss/image 2.63 / train/loss/inv 0.01 / train/loss/policy -0.02 / train/loss/rep 2.73 / train/loss/repval 0.86 / train/loss/rew 0.61 / train/loss/value 0.81 / replay/replay_ratio 264 / fps/policy 6.54 / fps/train 1673.48

Writing metrics: /home/zhangpeiying01/lfy/btwm-7.7/runs/btwm_dmc_walker_walk_seed0_w002_b11_s0/metrics.jsonl
Writing metrics: /home/zhangpeiying01/lfy/btwm-7.7/runs/btwm_dmc_walker_walk_seed0_w002_b11_s0/scores.jsonl

--------------------[Agent Step 284_784]--------------------
Metrics filtered by: 'score|length|fps|ratio|train/loss/|train/acc/|train/inv/|train/rand/'
train/acc/inv 0.54 / train/inv/ce 1.51 / train/inv/confidence 0.27 / train/inv/confidence_gating 0 / train/inv/effective_rep_weight 0.02 / train/inv/head_objective 0.63 / train/inv/head_weight 0 / train/inv/objective 0.63 / train/inv/policy_weight_max 1 / train/inv/policy_weight_mean 1 / train/inv/policy_weight_min 1 / train/inv/policy_weight_std 0 / train/inv/valid_frac 1 / train/inv/weight 0.02 / train/loss/con 0.02 / train/loss/dyn 2.77 / train/loss/image 2.62 / train/loss/inv 0.01 / train/loss/policy -0.01 / train/loss/rep 2.77 / train/loss/repval 0.86 / train/loss/rew 0.61 / train/loss/value 0.81 / replay/replay_ratio 264 / fps/policy 6.71 / fps/train 1716.89

Writing metrics: /home/zhangpeiying01/lfy/btwm-7.7/runs/btwm_dmc_walker_walk_seed0_w002_b11_s0/metrics.jsonl
Writing metrics: /home/zhangpeiying01/lfy/btwm-7.7/runs/btwm_dmc_walker_walk_seed0_w002_b11_s0/scores.jsonl

--------------------[Agent Step 285_584]--------------------
Metrics filtered by: 'score|length|fps|ratio|train/loss/|train/acc/|train/inv/|train/rand/'
train/acc/inv 0.54 / train/inv/ce 1.5 / train/inv/confidence 0.28 / train/inv/confidence_gating 0 / train/inv/effective_rep_weight 0.02 / train/inv/head_objective 0.62 / train/inv/head_weight 0 / train/inv/objective 0.62 / train/inv/policy_weight_max 1 / train/inv/policy_weight_mean 1 / train/inv/policy_weight_min 1 / train/inv/policy_weight_std 0 / train/inv/valid_frac 1 / train/inv/weight 0.02 / train/loss/con 0.02 / train/loss/dyn 2.72 / train/loss/image 2.61 / train/loss/inv 0.01 / train/loss/policy -0.01 / train/loss/rep 2.72 / train/loss/repval 0.86 / train/loss/rew 0.61 / train/loss/value 0.81 / replay/replay_ratio 264 / fps/policy 6.63 / fps/train 1696.13

Writing metrics: /home/zhangpeiying01/lfy/btwm-7.7/runs/btwm_dmc_walker_walk_seed0_w002_b11_s0/metrics.jsonl
Writing metrics: /home/zhangpeiying01/lfy/btwm-7.7/runs/btwm_dmc_walker_walk_seed0_w002_b11_s0/scores.jsonl

--------------------[Agent Step 286_384]--------------------
Metrics filtered by: 'score|length|fps|ratio|train/loss/|train/acc/|train/inv/|train/rand/'
train/acc/inv 0.54 / train/inv/ce 1.51 / train/inv/confidence 0.27 / train/inv/confidence_gating 0 / train/inv/effective_rep_weight 0.02 / train/inv/head_objective 0.63 / train/inv/head_weight 0 / train/inv/objective 0.63 / train/inv/policy_weight_max 1 / train/inv/policy_weight_mean 1 / train/inv/policy_weight_min 1 / train/inv/policy_weight_std 0 / train/inv/valid_frac 1 / train/inv/weight 0.02 / train/loss/con 0.02 / train/loss/dyn 2.74 / train/loss/image 2.58 / train/loss/inv 0.01 / train/loss/policy -0.01 / train/loss/rep 2.74 / train/loss/repval 0.85 / train/loss/rew 0.61 / train/loss/value 0.8 / replay/replay_ratio 264 / fps/policy 6.58 / fps/train 1684.43

Writing metrics: /home/zhangpeiying01/lfy/btwm-7.7/runs/btwm_dmc_walker_walk_seed0_w002_b11_s0/metrics.jsonl
Writing metrics: /home/zhangpeiying01/lfy/btwm-7.7/runs/btwm_dmc_walker_walk_seed0_w002_b11_s0/scores.jsonl

--------------------[Agent Step 287_200]--------------------
Metrics filtered by: 'score|length|fps|ratio|train/loss/|train/acc/|train/inv/|train/rand/'
train/acc/inv 0.54 / train/inv/ce 1.51 / train/inv/confidence 0.27 / train/inv/confidence_gating 0 / train/inv/effective_rep_weight 0.02 / train/inv/head_objective 0.63 / train/inv/head_weight 0 / train/inv/objective 0.63 / train/inv/policy_weight_max 1 / train/inv/policy_weight_mean 1 / train/inv/policy_weight_min 1 / train/inv/policy_weight_std 0 / train/inv/valid_frac 1 / train/inv/weight 0.02 / train/loss/con 0.02 / train/loss/dyn 2.72 / train/loss/image 2.59 / train/loss/inv 0.01 / train/loss/policy -0.01 / train/loss/rep 2.72 / train/loss/repval 0.86 / train/loss/rew 0.61 / train/loss/value 0.8 / replay/replay_ratio 264 / fps/policy 6.77 / fps/train 1732.53

Writing metrics: /home/zhangpeiying01/lfy/btwm-7.7/runs/btwm_dmc_walker_walk_seed0_w002_b11_s0/scores.jsonl
Writing metrics: /home/zhangpeiying01/lfy/btwm-7.7/runs/btwm_dmc_walker_walk_seed0_w002_b11_s0/metrics.jsonl
Saving checkpoint: /home/zhangpeiying01/lfy/btwm-7.7/runs/btwm_dmc_walker_walk_seed0_w002_b11_s0/ckpt/20260717T095412F280565
Saved checkpoint.

--------------------[Agent Step 287_920]--------------------
Metrics filtered by: 'score|length|fps|ratio|train/loss/|train/acc/|train/inv/|train/rand/'
train/acc/inv 0.54 / train/inv/ce 1.5 / train/inv/confidence 0.28 / train/inv/confidence_gating 0 / train/inv/effective_rep_weight 0.02 / train/inv/head_objective 0.63 / train/inv/head_weight 0 / train/inv/objective 0.63 / train/inv/policy_weight_max 1 / train/inv/policy_weight_mean 1 / train/inv/policy_weight_min 1 / train/inv/policy_weight_std 0 / train/inv/valid_frac 1 / train/inv/weight 0.02 / train/loss/con 0.02 / train/loss/dyn 2.75 / train/loss/image 2.61 / train/loss/inv 0.01 / train/loss/policy -0.01 / train/loss/rep 2.75 / train/loss/repval 0.85 / train/loss/rew 0.61 / train/loss/value 0.8 / replay/replay_ratio 264 / fps/policy 5.93 / fps/train 1516.99

Writing metrics: /home/zhangpeiying01/lfy/btwm-7.7/runs/btwm_dmc_walker_walk_seed0_w002_b11_s0/scores.jsonl
Writing metrics: /home/zhangpeiying01/lfy/btwm-7.7/runs/btwm_dmc_walker_walk_seed0_w002_b11_s0/metrics.jsonl

--------------------[Agent Step 288_720]--------------------
Metrics filtered by: 'score|length|fps|ratio|train/loss/|train/acc/|train/inv/|train/rand/'
episode/score 898 / episode/length 1001 / train/acc/inv 0.54 / train/inv/ce 1.51 / train/inv/confidence 0.27 / train/inv/confidence_gating 0 / train/inv/effective_rep_weight 0.02 / train/inv/head_objective 0.63 / train/inv/head_weight 0 / train/inv/objective 0.63 / train/inv/policy_weight_max 1 / train/inv/policy_weight_mean 1 / train/inv/policy_weight_min 1 / train/inv/policy_weight_std 0 / train/inv/valid_frac 1 / train/inv/weight 0.02 / train/loss/con 0.02 / train/loss/dyn 2.71 / train/loss/image 2.57 / train/loss/inv 0.01 / train/loss/policy -0.01 / train/loss/rep 2.71 / train/loss/repval 0.85 / train/loss/rew 0.61 / train/loss/value 0.8 / replay/replay_ratio 264 / fps/policy 6.64 / fps/train 1700.28

Writing metrics: /home/zhangpeiying01/lfy/btwm-7.7/runs/btwm_dmc_walker_walk_seed0_w002_b11_s0/scores.jsonl
Writing metrics: /home/zhangpeiying01/lfy/btwm-7.7/runs/btwm_dmc_walker_walk_seed0_w002_b11_s0/metrics.jsonl

--------------------[Agent Step 289_696]--------------------
Metrics filtered by: 'score|length|fps|ratio|train/loss/|train/acc/|train/inv/|train/rand/'
train/acc/inv 0.54 / train/inv/ce 1.52 / train/inv/confidence 0.27 / train/inv/confidence_gating 0 / train/inv/effective_rep_weight 0.02 / train/inv/head_objective 0.63 / train/inv/head_weight 0 / train/inv/objective 0.63 / train/inv/policy_weight_max 1 / train/inv/policy_weight_mean 1 / train/inv/policy_weight_min 1 / train/inv/policy_weight_std 0 / train/inv/valid_frac 1 / train/inv/weight 0.02 / train/loss/con 0.02 / train/loss/dyn 2.99 / train/loss/image 2.86 / train/loss/inv 0.01 / train/loss/policy -9.2e-3 / train/loss/rep 2.99 / train/loss/repval 0.85 / train/loss/rew 0.61 / train/loss/value 0.8 / replay/replay_ratio 264 / fps/policy 8.04 / fps/train 2057.28

Writing metrics: /home/zhangpeiying01/lfy/btwm-7.7/runs/btwm_dmc_walker_walk_seed0_w002_b11_s0/metrics.jsonl
Writing metrics: /home/zhangpeiying01/lfy/btwm-7.7/runs/btwm_dmc_walker_walk_seed0_w002_b11_s0/scores.jsonl

--------------------[Agent Step 290_736]--------------------
Metrics filtered by: 'score|length|fps|ratio|train/loss/|train/acc/|train/inv/|train/rand/'
train/acc/inv 0.54 / train/inv/ce 1.51 / train/inv/confidence 0.27 / train/inv/confidence_gating 0 / train/inv/effective_rep_weight 0.02 / train/inv/head_objective 0.63 / train/inv/head_weight 0 / train/inv/objective 0.63 / train/inv/policy_weight_max 1 / train/inv/policy_weight_mean 1 / train/inv/policy_weight_min 1 / train/inv/policy_weight_std 0 / train/inv/valid_frac 1 / train/inv/weight 0.02 / train/loss/con 0.02 / train/loss/dyn 2.78 / train/loss/image 2.7 / train/loss/inv 0.01 / train/loss/policy -0.01 / train/loss/rep 2.78 / train/loss/repval 0.85 / train/loss/rew 0.61 / train/loss/value 0.8 / replay/replay_ratio 264 / fps/policy 8.55 / fps/train 2187.96

Writing metrics: /home/zhangpeiying01/lfy/btwm-7.7/runs/btwm_dmc_walker_walk_seed0_w002_b11_s0/metrics.jsonl
Writing metrics: /home/zhangpeiying01/lfy/btwm-7.7/runs/btwm_dmc_walker_walk_seed0_w002_b11_s0/scores.jsonl

--------------------[Agent Step 291_760]--------------------
Metrics filtered by: 'score|length|fps|ratio|train/loss/|train/acc/|train/inv/|train/rand/'
train/acc/inv 0.54 / train/inv/ce 1.51 / train/inv/confidence 0.27 / train/inv/confidence_gating 0 / train/inv/effective_rep_weight 0.02 / train/inv/head_objective 0.63 / train/inv/head_weight 0 / train/inv/objective 0.63 / train/inv/policy_weight_max 1 / train/inv/policy_weight_mean 1 / train/inv/policy_weight_min 1 / train/inv/policy_weight_std 0 / train/inv/valid_frac 1 / train/inv/weight 0.02 / train/loss/con 0.02 / train/loss/dyn 2.7 / train/loss/image 2.62 / train/loss/inv 0.01 / train/loss/policy -0.02 / train/loss/rep 2.7 / train/loss/repval 0.85 / train/loss/rew 0.61 / train/loss/value 0.8 / replay/replay_ratio 264 / fps/policy 8.49 / fps/train 2174.66

Writing metrics: /home/zhangpeiying01/lfy/btwm-7.7/runs/btwm_dmc_walker_walk_seed0_w002_b11_s0/scores.jsonl
Writing metrics: /home/zhangpeiying01/lfy/btwm-7.7/runs/btwm_dmc_walker_walk_seed0_w002_b11_s0/metrics.jsonl

--------------------[Agent Step 292_768]--------------------
Metrics filtered by: 'score|length|fps|ratio|train/loss/|train/acc/|train/inv/|train/rand/'
train/acc/inv 0.54 / train/inv/ce 1.52 / train/inv/confidence 0.27 / train/inv/confidence_gating 0 / train/inv/effective_rep_weight 0.02 / train/inv/head_objective 0.63 / train/inv/head_weight 0 / train/inv/objective 0.63 / train/inv/policy_weight_max 1 / train/inv/policy_weight_mean 1 / train/inv/policy_weight_min 1 / train/inv/policy_weight_std 0 / train/inv/valid_frac 1 / train/inv/weight 0.02 / train/loss/con 0.02 / train/loss/dyn 2.73 / train/loss/image 2.63 / train/loss/inv 0.01 / train/loss/policy -0.01 / train/loss/rep 2.73 / train/loss/repval 0.85 / train/loss/rew 0.61 / train/loss/value 0.8 / replay/replay_ratio 264 / fps/policy 8.33 / fps/train 2133.47

Writing metrics: /home/zhangpeiying01/lfy/btwm-7.7/runs/btwm_dmc_walker_walk_seed0_w002_b11_s0/metrics.jsonl
Writing metrics: /home/zhangpeiying01/lfy/btwm-7.7/runs/btwm_dmc_walker_walk_seed0_w002_b11_s0/scores.jsonl

--------------------[Agent Step 293_712]--------------------
Metrics filtered by: 'score|length|fps|ratio|train/loss/|train/acc/|train/inv/|train/rand/'
train/acc/inv 0.54 / train/inv/ce 1.51 / train/inv/confidence 0.28 / train/inv/confidence_gating 0 / train/inv/effective_rep_weight 0.02 / train/inv/head_objective 0.63 / train/inv/head_weight 0 / train/inv/objective 0.63 / train/inv/policy_weight_max 1 / train/inv/policy_weight_mean 1 / train/inv/policy_weight_min 1 / train/inv/policy_weight_std 0 / train/inv/valid_frac 1 / train/inv/weight 0.02 / train/loss/con 0.02 / train/loss/dyn 2.74 / train/loss/image 2.61 / train/loss/inv 0.01 / train/loss/policy -0.01 / train/loss/rep 2.74 / train/loss/repval 0.85 / train/loss/rew 0.61 / train/loss/value 0.8 / replay/replay_ratio 264 / fps/policy 7.81 / fps/train 2000.08

Writing metrics: /home/zhangpeiying01/lfy/btwm-7.7/runs/btwm_dmc_walker_walk_seed0_w002_b11_s0/metrics.jsonl
Writing metrics: /home/zhangpeiying01/lfy/btwm-7.7/runs/btwm_dmc_walker_walk_seed0_w002_b11_s0/scores.jsonl

--------------------[Agent Step 294_672]--------------------
Metrics filtered by: 'score|length|fps|ratio|train/loss/|train/acc/|train/inv/|train/rand/'
train/acc/inv 0.54 / train/inv/ce 1.52 / train/inv/confidence 0.27 / train/inv/confidence_gating 0 / train/inv/effective_rep_weight 0.02 / train/inv/head_objective 0.63 / train/inv/head_weight 0 / train/inv/objective 0.63 / train/inv/policy_weight_max 1 / train/inv/policy_weight_mean 1 / train/inv/policy_weight_min 1 / train/inv/policy_weight_std 0 / train/inv/valid_frac 1 / train/inv/weight 0.02 / train/loss/con 0.02 / train/loss/dyn 2.73 / train/loss/image 2.59 / train/loss/inv 0.01 / train/loss/policy -0.01 / train/loss/rep 2.73 / train/loss/repval 0.85 / train/loss/rew 0.61 / train/loss/value 0.8 / replay/replay_ratio 264 / fps/policy 7.86 / fps/train 2012.98

Writing metrics: /home/zhangpeiying01/lfy/btwm-7.7/runs/btwm_dmc_walker_walk_seed0_w002_b11_s0/metrics.jsonl
Writing metrics: /home/zhangpeiying01/lfy/btwm-7.7/runs/btwm_dmc_walker_walk_seed0_w002_b11_s0/scores.jsonl

--------------------[Agent Step 295_632]--------------------
Metrics filtered by: 'score|length|fps|ratio|train/loss/|train/acc/|train/inv/|train/rand/'
train/acc/inv 0.54 / train/inv/ce 1.51 / train/inv/confidence 0.27 / train/inv/confidence_gating 0 / train/inv/effective_rep_weight 0.02 / train/inv/head_objective 0.63 / train/inv/head_weight 0 / train/inv/objective 0.63 / train/inv/policy_weight_max 1 / train/inv/policy_weight_mean 1 / train/inv/policy_weight_min 1 / train/inv/policy_weight_std 0 / train/inv/valid_frac 1 / train/inv/weight 0.02 / train/loss/con 0.02 / train/loss/dyn 2.71 / train/loss/image 2.6 / train/loss/inv 0.01 / train/loss/policy -0.02 / train/loss/rep 2.71 / train/loss/repval 0.85 / train/loss/rew 0.61 / train/loss/value 0.8 / replay/replay_ratio 264 / fps/policy 7.89 / fps/train 2019.9

Writing metrics: /home/zhangpeiying01/lfy/btwm-7.7/runs/btwm_dmc_walker_walk_seed0_w002_b11_s0/metrics.jsonl
Writing metrics: /home/zhangpeiying01/lfy/btwm-7.7/runs/btwm_dmc_walker_walk_seed0_w002_b11_s0/scores.jsonl

--------------------[Agent Step 296_592]--------------------
Metrics filtered by: 'score|length|fps|ratio|train/loss/|train/acc/|train/inv/|train/rand/'
train/acc/inv 0.54 / train/inv/ce 1.51 / train/inv/confidence 0.27 / train/inv/confidence_gating 0 / train/inv/effective_rep_weight 0.02 / train/inv/head_objective 0.63 / train/inv/head_weight 0 / train/inv/objective 0.63 / train/inv/policy_weight_max 1 / train/inv/policy_weight_mean 1 / train/inv/policy_weight_min 1 / train/inv/policy_weight_std 0 / train/inv/valid_frac 1 / train/inv/weight 0.02 / train/loss/con 0.02 / train/loss/dyn 2.72 / train/loss/image 2.58 / train/loss/inv 0.01 / train/loss/policy -0.01 / train/loss/rep 2.72 / train/loss/repval 0.85 / train/loss/rew 0.61 / train/loss/value 0.8 / replay/replay_ratio 264 / fps/policy 7.89 / fps/train 2020.89

Writing metrics: /home/zhangpeiying01/lfy/btwm-7.7/runs/btwm_dmc_walker_walk_seed0_w002_b11_s0/scores.jsonl
Writing metrics: /home/zhangpeiying01/lfy/btwm-7.7/runs/btwm_dmc_walker_walk_seed0_w002_b11_s0/metrics.jsonl

--------------------[Agent Step 297_504]--------------------
Metrics filtered by: 'score|length|fps|ratio|train/loss/|train/acc/|train/inv/|train/rand/'
train/acc/inv 0.54 / train/inv/ce 1.51 / train/inv/confidence 0.27 / train/inv/confidence_gating 0 / train/inv/effective_rep_weight 0.02 / train/inv/head_objective 0.63 / train/inv/head_weight 0 / train/inv/objective 0.63 / train/inv/policy_weight_max 1 / train/inv/policy_weight_mean 1 / train/inv/policy_weight_min 1 / train/inv/policy_weight_std 0 / train/inv/valid_frac 1 / train/inv/weight 0.02 / train/loss/con 0.02 / train/loss/dyn 2.72 / train/loss/image 2.57 / train/loss/inv 0.01 / train/loss/policy -0.02 / train/loss/rep 2.72 / train/loss/repval 0.85 / train/loss/rew 0.61 / train/loss/value 0.8 / replay/replay_ratio 264 / fps/policy 7.58 / fps/train 1940.36

Writing metrics: /home/zhangpeiying01/lfy/btwm-7.7/runs/btwm_dmc_walker_walk_seed0_w002_b11_s0/scores.jsonl
Writing metrics: /home/zhangpeiying01/lfy/btwm-7.7/runs/btwm_dmc_walker_walk_seed0_w002_b11_s0/metrics.jsonl

--------------------[Agent Step 298_464]--------------------
Metrics filtered by: 'score|length|fps|ratio|train/loss/|train/acc/|train/inv/|train/rand/'
train/acc/inv 0.54 / train/inv/ce 1.51 / train/inv/confidence 0.28 / train/inv/confidence_gating 0 / train/inv/effective_rep_weight 0.02 / train/inv/head_objective 0.63 / train/inv/head_weight 0 / train/inv/objective 0.63 / train/inv/policy_weight_max 1 / train/inv/policy_weight_mean 1 / train/inv/policy_weight_min 1 / train/inv/policy_weight_std 0 / train/inv/valid_frac 1 / train/inv/weight 0.02 / train/loss/con 0.02 / train/loss/dyn 2.71 / train/loss/image 2.57 / train/loss/inv 0.01 / train/loss/policy -0.02 / train/loss/rep 2.71 / train/loss/repval 0.85 / train/loss/rew 0.61 / train/loss/value 0.8 / replay/replay_ratio 264 / fps/policy 7.85 / fps/train 2010.77

Writing metrics: /home/zhangpeiying01/lfy/btwm-7.7/runs/btwm_dmc_walker_walk_seed0_w002_b11_s0/scores.jsonl
Writing metrics: /home/zhangpeiying01/lfy/btwm-7.7/runs/btwm_dmc_walker_walk_seed0_w002_b11_s0/metrics.jsonl

--------------------[Agent Step 299_392]--------------------
Metrics filtered by: 'score|length|fps|ratio|train/loss/|train/acc/|train/inv/|train/rand/'
train/acc/inv 0.54 / train/inv/ce 1.52 / train/inv/confidence 0.27 / train/inv/confidence_gating 0 / train/inv/effective_rep_weight 0.02 / train/inv/head_objective 0.63 / train/inv/head_weight 0 / train/inv/objective 0.63 / train/inv/policy_weight_max 1 / train/inv/policy_weight_mean 1 / train/inv/policy_weight_min 1 / train/inv/policy_weight_std 0 / train/inv/valid_frac 1 / train/inv/weight 0.02 / train/loss/con 0.02 / train/loss/dyn 2.71 / train/loss/image 2.55 / train/loss/inv 0.01 / train/loss/policy -0.02 / train/loss/rep 2.71 / train/loss/repval 0.85 / train/loss/rew 0.61 / train/loss/value 0.8 / replay/replay_ratio 264 / fps/policy 7.72 / fps/train 1975.84

Writing metrics: /home/zhangpeiying01/lfy/btwm-7.7/runs/btwm_dmc_walker_walk_seed0_w002_b11_s0/metrics.jsonl
Writing metrics: /home/zhangpeiying01/lfy/btwm-7.7/runs/btwm_dmc_walker_walk_seed0_w002_b11_s0/scores.jsonl
