[2026-06-13 18:36:36] model=dreamerv3 domain=atari task=atari100k_pong
seed=0 gpu=6 steps=1000000 logdir=/data2/liguoqi/habmm/hab_z/btwm/runs/dreamerv3_atari_pong_seed0_v2_1m
param_matched=1 inv_weight=0.05 inv_bins=21
command: python /data2/liguoqi/habmm/hab_z/btwm/dreamerv3/dreamerv3/main.py --logdir /data2/liguoqi/habmm/hab_z/btwm/runs/dreamerv3_atari_pong_seed0_v2_1m --configs atari100k --task atari100k_pong --seed 0 --run.steps 1000000 --replay.size 500000 --agent.use_btwm True --agent.inv_loss_weight 0.0 --agent.inv_num_bins 21 --batch_size 8 --batch_length 32 --report_length 32
A.L.E: Arcade Learning Environment (version 0.9.0+750d7f9)
[Powered by Stella]
Could not load symbol cuFuncGetName. Error: /lib/x86_64-linux-gnu/libcuda.so.1: undefined symbol: cuFuncGetName
2026-06-13 18:39:56.489323: E external/xla/xla/python/profiler/internal/python_hooks.cc:400] Can't import tensorflow.python.profiler.trace
2026-06-13 18:39:59.286027: E external/xla/xla/python/profiler/internal/python_hooks.cc:400] Can't import tensorflow.python.profiler.trace
---  ___                           __   ______ ---
--- |   \ _ _ ___ __ _ _ __  ___ _ \ \ / /__ / ---
--- | |) | '_/ -_) _` | '  \/ -_) '/\ V / |_ \ ---
--- |___/|_| \___\__,_|_|_|_\___|_|  \_/ |___/ ---
Replica: 0 / 1
Logdir: /data2/liguoqi/habmm/hab_z/btwm/runs/dreamerv3_atari_pong_seed0_v2_1m
Run script: train
Observations
  image            Space(uint8, shape=(64, 64, 3), low=0, high=255)
  reward           Space(float32, shape=(), low=-inf, high=inf)
  is_first         Space(bool, shape=(), low=False, high=True)
  is_last          Space(bool, shape=(), low=False, high=True)
  is_terminal      Space(bool, shape=(), low=False, high=True)
Actions
  action           Space(int32, shape=(), low=0, high=6)
Extras
  consec           Space(int32, shape=(), low=-2147483648, high=2147483647)
  stepid           Space(uint8, shape=(20,), low=0, high=255)
  dyn/deter        Space(float32, shape=(8192,), low=-inf, high=inf)
  dyn/stoch        Space(float32, shape=(32, 64), low=-inf, high=inf)
JAX devices (1): [cuda:0]
Policy devices: cuda:0
Train devices:  cuda:0
Initializing parameters...
Optimizer opt has 168,107,790 params:
    97,649,158 dyn
    20,282,115 dec
    12,850,431 val
    12,595,206 pol
    10,749,183 rew
    10,488,833 con
     3,492,864 enc
Done initializing!
Compiling 1 checkpoint groups...
Largest checkpoint group: 2 GB
Compiling train and report...
Train cost analysis:
  FLOPS:            2.3e+11
  Memory (temp):    1.8e+09
  Memory (inputs):  2.1e+09
  Memory (outputs): 2.1e+09
  Memory (code):    4.0e+06

Report cost analysis:
  FLOPS:            8.4e+09
  Memory (temp):    3.4e+08
  Memory (inputs):  4.9e+08
  Memory (outputs): 1.0e+07
  Memory (code):    8.1e+06

Done compiling!
Did not find any checkpoint.
Saving checkpoint: /data2/liguoqi/habmm/hab_z/btwm/runs/dreamerv3_atari_pong_seed0_v2_1m/ckpt/20260613T183835F846950
Replay buffer unnamed is empty 61.0s: None
Replay buffer unnamed is empty 61.0s: None
Saved checkpoint.
Start training loop
Start JAX profiler: /data2/liguoqi/habmm/hab_z/btwm/runs/dreamerv3_atari_pong_seed0_v2_1m
Stop JAX profiler

--------------------[Agent Step 4_600]--------------------
Metrics filtered by: 'score|length|fps|ratio|train/loss/|train/acc/|train/inv/|train/rand/'
episode/score -21 / episode/length 854 / train/acc/inv 0.17 / train/inv/ce 1.86 / train/inv/objective 1.04 / train/inv/valid_frac 1 / train/inv/weight 0 / train/loss/con 0.04 / train/loss/dyn 3.14 / train/loss/image 74.82 / train/loss/inv 0 / train/loss/policy -0.17 / train/loss/rep 3.14 / train/loss/repval 4.86 / train/loss/rew 1.47 / train/loss/value 3.38 / train/rand/action 0.96 / replay/replay_ratio 204.02 / fps/policy 6.16 / fps/train 1184.05

Writing metrics: /data2/liguoqi/habmm/hab_z/btwm/runs/dreamerv3_atari_pong_seed0_v2_1m/metrics.jsonl
Writing metrics: /data2/liguoqi/habmm/hab_z/btwm/runs/dreamerv3_atari_pong_seed0_v2_1m/scores.jsonl

--------------------[Agent Step 8_280]--------------------
Metrics filtered by: 'score|length|fps|ratio|train/loss/|train/acc/|train/inv/|train/rand/'
episode/score -21 / episode/length 764 / train/acc/inv 0.25 / train/inv/ce 1.84 / train/inv/objective 1.02 / train/inv/valid_frac 1 / train/inv/weight 0 / train/loss/con 0.03 / train/loss/dyn 1.02 / train/loss/image 3.21 / train/loss/inv 0 / train/loss/policy -0.03 / train/loss/rep 1.02 / train/loss/repval 2.08 / train/loss/rew 0.14 / train/loss/value 1.19 / train/rand/action 0.21 / replay/replay_ratio 264 / fps/policy 7.65 / fps/train 1958.4

Writing metrics: /data2/liguoqi/habmm/hab_z/btwm/runs/dreamerv3_atari_pong_seed0_v2_1m/metrics.jsonl
Writing metrics: /data2/liguoqi/habmm/hab_z/btwm/runs/dreamerv3_atari_pong_seed0_v2_1m/scores.jsonl

--------------------[Agent Step 12_000]--------------------
Metrics filtered by: 'score|length|fps|ratio|train/loss/|train/acc/|train/inv/|train/rand/'
episode/score -21 / episode/length 765 / train/acc/inv 0.13 / train/inv/ce 1.95 / train/inv/objective 1.09 / train/inv/valid_frac 1 / train/inv/weight 0 / train/loss/con 0.03 / train/loss/dyn 1.1 / train/loss/image 2.75 / train/loss/inv 0 / train/loss/policy -6.5e-4 / train/loss/rep 1.1 / train/loss/repval 1.78 / train/loss/rew 0.14 / train/loss/value 1.16 / train/rand/action 0.01 / replay/replay_ratio 264 / fps/policy 7.7 / fps/train 1971.3

Writing metrics: /data2/liguoqi/habmm/hab_z/btwm/runs/dreamerv3_atari_pong_seed0_v2_1m/scores.jsonl
Writing metrics: /data2/liguoqi/habmm/hab_z/btwm/runs/dreamerv3_atari_pong_seed0_v2_1m/metrics.jsonl

--------------------[Agent Step 15_720]--------------------
Metrics filtered by: 'score|length|fps|ratio|train/loss/|train/acc/|train/inv/|train/rand/'
episode/score -21 / episode/length 761 / train/acc/inv 0.15 / train/inv/ce 2.05 / train/inv/objective 1.14 / train/inv/valid_frac 1 / train/inv/weight 0 / train/loss/con 0.03 / train/loss/dyn 1.02 / train/loss/image 2.38 / train/loss/inv 0 / train/loss/policy 3.8e-3 / train/loss/rep 1.02 / train/loss/repval 1.76 / train/loss/rew 0.14 / train/loss/value 1.25 / train/rand/action 0.09 / replay/replay_ratio 264 / fps/policy 7.69 / fps/train 1967.42

Writing metrics: /data2/liguoqi/habmm/hab_z/btwm/runs/dreamerv3_atari_pong_seed0_v2_1m/metrics.jsonl
Writing metrics: /data2/liguoqi/habmm/hab_z/btwm/runs/dreamerv3_atari_pong_seed0_v2_1m/scores.jsonl

--------------------[Agent Step 19_440]--------------------
Metrics filtered by: 'score|length|fps|ratio|train/loss/|train/acc/|train/inv/|train/rand/'
episode/score -21 / episode/length 760 / train/acc/inv 0.16 / train/inv/ce 1.87 / train/inv/objective 1.05 / train/inv/valid_frac 1 / train/inv/weight 0 / train/loss/con 0.03 / train/loss/dyn 1.08 / train/loss/image 2.03 / train/loss/inv 0 / train/loss/policy 0.01 / train/loss/rep 1.08 / train/loss/repval 1.78 / train/loss/rew 0.14 / train/loss/value 1.21 / train/rand/action 0.14 / replay/replay_ratio 264 / fps/policy 7.68 / fps/train 1967.01

Writing metrics: /data2/liguoqi/habmm/hab_z/btwm/runs/dreamerv3_atari_pong_seed0_v2_1m/scores.jsonl
Writing metrics: /data2/liguoqi/habmm/hab_z/btwm/runs/dreamerv3_atari_pong_seed0_v2_1m/metrics.jsonl

--------------------[Agent Step 23_160]--------------------
Metrics filtered by: 'score|length|fps|ratio|train/loss/|train/acc/|train/inv/|train/rand/'
episode/score -20 / episode/length 900 / train/acc/inv 0.11 / train/inv/ce 1.91 / train/inv/objective 1.06 / train/inv/valid_frac 1 / train/inv/weight 0 / train/loss/con 0.02 / train/loss/dyn 1.39 / train/loss/image 1.83 / train/loss/inv 0 / train/loss/policy 2e-3 / train/loss/rep 1.39 / train/loss/repval 1.69 / train/loss/rew 0.12 / train/loss/value 1.25 / train/rand/action 0.11 / replay/replay_ratio 264 / fps/policy 7.69 / fps/train 1968.16

Writing metrics: /data2/liguoqi/habmm/hab_z/btwm/runs/dreamerv3_atari_pong_seed0_v2_1m/metrics.jsonl
Writing metrics: /data2/liguoqi/habmm/hab_z/btwm/runs/dreamerv3_atari_pong_seed0_v2_1m/scores.jsonl

--------------------[Agent Step 26_880]--------------------
Metrics filtered by: 'score|length|fps|ratio|train/loss/|train/acc/|train/inv/|train/rand/'
episode/score -21 / episode/length 761 / train/acc/inv 0.17 / train/inv/ce 1.85 / train/inv/objective 1.03 / train/inv/valid_frac 1 / train/inv/weight 0 / train/loss/con 0.02 / train/loss/dyn 1.49 / train/loss/image 1.13 / train/loss/inv 0 / train/loss/policy 2e-3 / train/loss/rep 1.49 / train/loss/repval 1.55 / train/loss/rew 0.05 / train/loss/value 1.32 / train/rand/action 0.14 / replay/replay_ratio 264 / fps/policy 7.69 / fps/train 1968.46

Writing metrics: /data2/liguoqi/habmm/hab_z/btwm/runs/dreamerv3_atari_pong_seed0_v2_1m/scores.jsonl
Writing metrics: /data2/liguoqi/habmm/hab_z/btwm/runs/dreamerv3_atari_pong_seed0_v2_1m/metrics.jsonl

--------------------[Agent Step 30_560]--------------------
Metrics filtered by: 'score|length|fps|ratio|train/loss/|train/acc/|train/inv/|train/rand/'
episode/score -20 / episode/length 839 / train/acc/inv 0.17 / train/inv/ce 1.84 / train/inv/objective 1.03 / train/inv/valid_frac 1 / train/inv/weight 0 / train/loss/con 0.02 / train/loss/dyn 1.31 / train/loss/image 0.64 / train/loss/inv 0 / train/loss/policy 1.7e-3 / train/loss/rep 1.31 / train/loss/repval 1.56 / train/loss/rew 0.03 / train/loss/value 1.3 / train/rand/action 0.06 / replay/replay_ratio 264 / fps/policy 7.65 / fps/train 1959.21

Writing metrics: /data2/liguoqi/habmm/hab_z/btwm/runs/dreamerv3_atari_pong_seed0_v2_1m/metrics.jsonl
Writing metrics: /data2/liguoqi/habmm/hab_z/btwm/runs/dreamerv3_atari_pong_seed0_v2_1m/scores.jsonl

--------------------[Agent Step 34_280]--------------------
Metrics filtered by: 'score|length|fps|ratio|train/loss/|train/acc/|train/inv/|train/rand/'
episode/score -21 / episode/length 759 / train/acc/inv 0.17 / train/inv/ce 1.87 / train/inv/objective 1.04 / train/inv/valid_frac 1 / train/inv/weight 0 / train/loss/con 0.02 / train/loss/dyn 1.31 / train/loss/image 0.49 / train/loss/inv 0 / train/loss/policy 1.6e-3 / train/loss/rep 1.31 / train/loss/repval 1.4 / train/loss/rew 0.02 / train/loss/value 1.17 / train/rand/action 0.09 / replay/replay_ratio 264 / fps/policy 7.67 / fps/train 1964.67

Writing metrics: /data2/liguoqi/habmm/hab_z/btwm/runs/dreamerv3_atari_pong_seed0_v2_1m/scores.jsonl
Writing metrics: /data2/liguoqi/habmm/hab_z/btwm/runs/dreamerv3_atari_pong_seed0_v2_1m/metrics.jsonl

--------------------[Agent Step 38_000]--------------------
Metrics filtered by: 'score|length|fps|ratio|train/loss/|train/acc/|train/inv/|train/rand/'
episode/score -21 / episode/length 1200 / train/acc/inv 0.16 / train/inv/ce 1.89 / train/inv/objective 1.06 / train/inv/valid_frac 1 / train/inv/weight 0 / train/loss/con 0.02 / train/loss/dyn 1.35 / train/loss/image 0.46 / train/loss/inv 0 / train/loss/policy 2.6e-3 / train/loss/rep 1.35 / train/loss/repval 1.45 / train/loss/rew 0.02 / train/loss/value 1.23 / train/rand/action 0.09 / replay/replay_ratio 264 / fps/policy 7.7 / fps/train 1970.17

Writing metrics: /data2/liguoqi/habmm/hab_z/btwm/runs/dreamerv3_atari_pong_seed0_v2_1m/scores.jsonl
Writing metrics: /data2/liguoqi/habmm/hab_z/btwm/runs/dreamerv3_atari_pong_seed0_v2_1m/metrics.jsonl

--------------------[Agent Step 41_600]--------------------
Metrics filtered by: 'score|length|fps|ratio|train/loss/|train/acc/|train/inv/|train/rand/'
train/acc/inv 0.17 / train/inv/ce 1.9 / train/inv/objective 1.06 / train/inv/valid_frac 1 / train/inv/weight 0 / train/loss/con 0.02 / train/loss/dyn 1.39 / train/loss/image 0.47 / train/loss/inv 0 / train/loss/policy 5.1e-3 / train/loss/rep 1.39 / train/loss/repval 1.6 / train/loss/rew 0.02 / train/loss/value 1.33 / train/rand/action 0.09 / replay/replay_ratio 264 / fps/policy 7.44 / fps/train 1904.61

Writing metrics: /data2/liguoqi/habmm/hab_z/btwm/runs/dreamerv3_atari_pong_seed0_v2_1m/metrics.jsonl
Writing metrics: /data2/liguoqi/habmm/hab_z/btwm/runs/dreamerv3_atari_pong_seed0_v2_1m/scores.jsonl

--------------------[Agent Step 45_320]--------------------
Metrics filtered by: 'score|length|fps|ratio|train/loss/|train/acc/|train/inv/|train/rand/'
episode/score -16 / episode/length 1426 / train/acc/inv 0.17 / train/inv/ce 1.91 / train/inv/objective 1.06 / train/inv/valid_frac 1 / train/inv/weight 0 / train/loss/con 0.02 / train/loss/dyn 1.38 / train/loss/image 0.48 / train/loss/inv 0 / train/loss/policy 5.5e-3 / train/loss/rep 1.38 / train/loss/repval 1.67 / train/loss/rew 0.02 / train/loss/value 1.39 / train/rand/action 0.09 / replay/replay_ratio 264 / fps/policy 7.7 / fps/train 1970.81

Writing metrics: /data2/liguoqi/habmm/hab_z/btwm/runs/dreamerv3_atari_pong_seed0_v2_1m/metrics.jsonl
Writing metrics: /data2/liguoqi/habmm/hab_z/btwm/runs/dreamerv3_atari_pong_seed0_v2_1m/scores.jsonl

--------------------[Agent Step 49_040]--------------------
Metrics filtered by: 'score|length|fps|ratio|train/loss/|train/acc/|train/inv/|train/rand/'
episode/score -14 / episode/length 1620 / train/acc/inv 0.17 / train/inv/ce 1.91 / train/inv/objective 1.06 / train/inv/valid_frac 1 / train/inv/weight 0 / train/loss/con 0.02 / train/loss/dyn 1.39 / train/loss/image 0.47 / train/loss/inv 0 / train/loss/policy 5.3e-3 / train/loss/rep 1.39 / train/loss/repval 1.81 / train/loss/rew 0.02 / train/loss/value 1.5 / train/rand/action 0.08 / replay/replay_ratio 264 / fps/policy 7.69 / fps/train 1969.67

Writing metrics: /data2/liguoqi/habmm/hab_z/btwm/runs/dreamerv3_atari_pong_seed0_v2_1m/metrics.jsonl
Writing metrics: /data2/liguoqi/habmm/hab_z/btwm/runs/dreamerv3_atari_pong_seed0_v2_1m/scores.jsonl

--------------------[Agent Step 52_760]--------------------
Metrics filtered by: 'score|length|fps|ratio|train/loss/|train/acc/|train/inv/|train/rand/'
train/acc/inv 0.17 / train/inv/ce 1.92 / train/inv/objective 1.07 / train/inv/valid_frac 1 / train/inv/weight 0 / train/loss/con 0.02 / train/loss/dyn 1.39 / train/loss/image 0.46 / train/loss/inv 0 / train/loss/policy 2.9e-3 / train/loss/rep 1.39 / train/loss/repval 1.87 / train/loss/rew 0.02 / train/loss/value 1.53 / train/rand/action 0.07 / replay/replay_ratio 264 / fps/policy 7.68 / fps/train 1965.19

Writing metrics: /data2/liguoqi/habmm/hab_z/btwm/runs/dreamerv3_atari_pong_seed0_v2_1m/metrics.jsonl
Writing metrics: /data2/liguoqi/habmm/hab_z/btwm/runs/dreamerv3_atari_pong_seed0_v2_1m/scores.jsonl

--------------------[Agent Step 56_440]--------------------
Metrics filtered by: 'score|length|fps|ratio|train/loss/|train/acc/|train/inv/|train/rand/'
episode/score -17 / episode/length 1478 / train/acc/inv 0.17 / train/inv/ce 1.92 / train/inv/objective 1.07 / train/inv/valid_frac 1 / train/inv/weight 0 / train/loss/con 0.02 / train/loss/dyn 1.4 / train/loss/image 0.43 / train/loss/inv 0 / train/loss/policy 2.3e-3 / train/loss/rep 1.4 / train/loss/repval 1.85 / train/loss/rew 0.02 / train/loss/value 1.54 / train/rand/action 0.06 / replay/replay_ratio 264 / fps/policy 7.61 / fps/train 1949.3

Writing metrics: /data2/liguoqi/habmm/hab_z/btwm/runs/dreamerv3_atari_pong_seed0_v2_1m/scores.jsonl
Writing metrics: /data2/liguoqi/habmm/hab_z/btwm/runs/dreamerv3_atari_pong_seed0_v2_1m/metrics.jsonl

--------------------[Agent Step 60_080]--------------------
Metrics filtered by: 'score|length|fps|ratio|train/loss/|train/acc/|train/inv/|train/rand/'
train/acc/inv 0.16 / train/inv/ce 1.94 / train/inv/objective 1.08 / train/inv/valid_frac 1 / train/inv/weight 0 / train/loss/con 0.02 / train/loss/dyn 1.38 / train/loss/image 0.42 / train/loss/inv 0 / train/loss/policy 1.6e-3 / train/loss/rep 1.38 / train/loss/repval 1.69 / train/loss/rew 0.02 / train/loss/value 1.41 / train/rand/action 0.06 / replay/replay_ratio 264 / fps/policy 7.59 / fps/train 1942.57

Writing metrics: /data2/liguoqi/habmm/hab_z/btwm/runs/dreamerv3_atari_pong_seed0_v2_1m/metrics.jsonl
Writing metrics: /data2/liguoqi/habmm/hab_z/btwm/runs/dreamerv3_atari_pong_seed0_v2_1m/scores.jsonl

--------------------[Agent Step 63_760]--------------------
Metrics filtered by: 'score|length|fps|ratio|train/loss/|train/acc/|train/inv/|train/rand/'
episode/score -14 / episode/length 1998 / train/acc/inv 0.17 / train/inv/ce 1.94 / train/inv/objective 1.08 / train/inv/valid_frac 1 / train/inv/weight 0 / train/loss/con 0.02 / train/loss/dyn 1.39 / train/loss/image 0.41 / train/loss/inv 0 / train/loss/policy 3.4e-3 / train/loss/rep 1.39 / train/loss/repval 1.79 / train/loss/rew 0.02 / train/loss/value 1.49 / train/rand/action 0.06 / replay/replay_ratio 264 / fps/policy 7.5 / fps/train 1919.14

Writing metrics: /data2/liguoqi/habmm/hab_z/btwm/runs/dreamerv3_atari_pong_seed0_v2_1m/metrics.jsonl
Writing metrics: /data2/liguoqi/habmm/hab_z/btwm/runs/dreamerv3_atari_pong_seed0_v2_1m/scores.jsonl

--------------------[Agent Step 67_360]--------------------
Metrics filtered by: 'score|length|fps|ratio|train/loss/|train/acc/|train/inv/|train/rand/'
train/acc/inv 0.16 / train/inv/ce 1.94 / train/inv/objective 1.09 / train/inv/valid_frac 1 / train/inv/weight 0 / train/loss/con 0.02 / train/loss/dyn 1.4 / train/loss/image 0.4 / train/loss/inv 0 / train/loss/policy 2.6e-3 / train/loss/rep 1.4 / train/loss/repval 1.84 / train/loss/rew 0.02 / train/loss/value 1.52 / train/rand/action 0.06 / replay/replay_ratio 264 / fps/policy 7.6 / fps/train 1944.83

Writing metrics: /data2/liguoqi/habmm/hab_z/btwm/runs/dreamerv3_atari_pong_seed0_v2_1m/metrics.jsonl
Writing metrics: /data2/liguoqi/habmm/hab_z/btwm/runs/dreamerv3_atari_pong_seed0_v2_1m/scores.jsonl

--------------------[Agent Step 70_960]--------------------
Metrics filtered by: 'score|length|fps|ratio|train/loss/|train/acc/|train/inv/|train/rand/'
train/acc/inv 0.16 / train/inv/ce 1.94 / train/inv/objective 1.08 / train/inv/valid_frac 1 / train/inv/weight 0 / train/loss/con 0.02 / train/loss/dyn 1.38 / train/loss/image 0.39 / train/loss/inv 0 / train/loss/policy 2.5e-3 / train/loss/rep 1.38 / train/loss/repval 1.78 / train/loss/rew 0.02 / train/loss/value 1.48 / train/rand/action 0.06 / replay/replay_ratio 264 / fps/policy 7.46 / fps/train 1908.71

Writing metrics: /data2/liguoqi/habmm/hab_z/btwm/runs/dreamerv3_atari_pong_seed0_v2_1m/scores.jsonl
Writing metrics: /data2/liguoqi/habmm/hab_z/btwm/runs/dreamerv3_atari_pong_seed0_v2_1m/metrics.jsonl

--------------------[Agent Step 74_640]--------------------
Metrics filtered by: 'score|length|fps|ratio|train/loss/|train/acc/|train/inv/|train/rand/'
episode/score -9 / episode/length 2482 / train/acc/inv 0.17 / train/inv/ce 1.95 / train/inv/objective 1.09 / train/inv/valid_frac 1 / train/inv/weight 0 / train/loss/con 0.02 / train/loss/dyn 1.38 / train/loss/image 0.41 / train/loss/inv 0 / train/loss/policy 3.2e-3 / train/loss/rep 1.38 / train/loss/repval 1.98 / train/loss/rew 0.02 / train/loss/value 1.67 / train/rand/action 0.06 / replay/replay_ratio 264 / fps/policy 7.58 / fps/train 1941.24

Writing metrics: /data2/liguoqi/habmm/hab_z/btwm/runs/dreamerv3_atari_pong_seed0_v2_1m/metrics.jsonl
Writing metrics: /data2/liguoqi/habmm/hab_z/btwm/runs/dreamerv3_atari_pong_seed0_v2_1m/scores.jsonl

--------------------[Agent Step 78_280]--------------------
Metrics filtered by: 'score|length|fps|ratio|train/loss/|train/acc/|train/inv/|train/rand/'
train/acc/inv 0.16 / train/inv/ce 1.96 / train/inv/objective 1.09 / train/inv/valid_frac 1 / train/inv/weight 0 / train/loss/con 0.02 / train/loss/dyn 1.4 / train/loss/image 0.39 / train/loss/inv 0 / train/loss/policy 2.1e-3 / train/loss/rep 1.4 / train/loss/repval 2.04 / train/loss/rew 0.02 / train/loss/value 1.68 / train/rand/action 0.06 / replay/replay_ratio 264 / fps/policy 7.55 / fps/train 1932.83

Writing metrics: /data2/liguoqi/habmm/hab_z/btwm/runs/dreamerv3_atari_pong_seed0_v2_1m/metrics.jsonl
Writing metrics: /data2/liguoqi/habmm/hab_z/btwm/runs/dreamerv3_atari_pong_seed0_v2_1m/scores.jsonl

--------------------[Agent Step 82_000]--------------------
Metrics filtered by: 'score|length|fps|ratio|train/loss/|train/acc/|train/inv/|train/rand/'
episode/score -11 / episode/length 2060 / train/acc/inv 0.16 / train/inv/ce 1.96 / train/inv/objective 1.09 / train/inv/valid_frac 1 / train/inv/weight 0 / train/loss/con 0.02 / train/loss/dyn 1.37 / train/loss/image 0.38 / train/loss/inv 0 / train/loss/policy 2.2e-3 / train/loss/rep 1.37 / train/loss/repval 1.96 / train/loss/rew 0.02 / train/loss/value 1.62 / train/rand/action 0.06 / replay/replay_ratio 264 / fps/policy 7.68 / fps/train 1966.28

Writing metrics: /data2/liguoqi/habmm/hab_z/btwm/runs/dreamerv3_atari_pong_seed0_v2_1m/metrics.jsonl
Writing metrics: /data2/liguoqi/habmm/hab_z/btwm/runs/dreamerv3_atari_pong_seed0_v2_1m/scores.jsonl

--------------------[Agent Step 85_560]--------------------
Metrics filtered by: 'score|length|fps|ratio|train/loss/|train/acc/|train/inv/|train/rand/'
train/acc/inv 0.15 / train/inv/ce 1.97 / train/inv/objective 1.1 / train/inv/valid_frac 1 / train/inv/weight 0 / train/loss/con 0.02 / train/loss/dyn 1.4 / train/loss/image 0.38 / train/loss/inv 0 / train/loss/policy 1.8e-3 / train/loss/rep 1.4 / train/loss/repval 1.93 / train/loss/rew 0.02 / train/loss/value 1.58 / train/rand/action 0.06 / replay/replay_ratio 264 / fps/policy 7.41 / fps/train 1895.68

Writing metrics: /data2/liguoqi/habmm/hab_z/btwm/runs/dreamerv3_atari_pong_seed0_v2_1m/metrics.jsonl
Writing metrics: /data2/liguoqi/habmm/hab_z/btwm/runs/dreamerv3_atari_pong_seed0_v2_1m/scores.jsonl

--------------------[Agent Step 89_200]--------------------
Metrics filtered by: 'score|length|fps|ratio|train/loss/|train/acc/|train/inv/|train/rand/'
episode/score -13 / episode/length 1870 / train/acc/inv 0.17 / train/inv/ce 1.96 / train/inv/objective 1.09 / train/inv/valid_frac 1 / train/inv/weight 0 / train/loss/con 0.02 / train/loss/dyn 1.37 / train/loss/image 0.36 / train/loss/inv 0 / train/loss/policy 2.7e-3 / train/loss/rep 1.37 / train/loss/repval 1.93 / train/loss/rew 0.02 / train/loss/value 1.6 / train/rand/action 0.06 / replay/replay_ratio 264 / fps/policy 7.53 / fps/train 1928.81

Writing metrics: /data2/liguoqi/habmm/hab_z/btwm/runs/dreamerv3_atari_pong_seed0_v2_1m/scores.jsonl
Writing metrics: /data2/liguoqi/habmm/hab_z/btwm/runs/dreamerv3_atari_pong_seed0_v2_1m/metrics.jsonl

--------------------[Agent Step 92_720]--------------------
Metrics filtered by: 'score|length|fps|ratio|train/loss/|train/acc/|train/inv/|train/rand/'
train/acc/inv 0.16 / train/inv/ce 1.98 / train/inv/objective 1.1 / train/inv/valid_frac 1 / train/inv/weight 0 / train/loss/con 0.02 / train/loss/dyn 1.37 / train/loss/image 0.36 / train/loss/inv 0 / train/loss/policy 3.5e-3 / train/loss/rep 1.37 / train/loss/repval 1.99 / train/loss/rew 0.02 / train/loss/value 1.64 / train/rand/action 0.08 / replay/replay_ratio 264 / fps/policy 7.26 / fps/train 1859.77

Writing metrics: /data2/liguoqi/habmm/hab_z/btwm/runs/dreamerv3_atari_pong_seed0_v2_1m/scores.jsonl
Writing metrics: /data2/liguoqi/habmm/hab_z/btwm/runs/dreamerv3_atari_pong_seed0_v2_1m/metrics.jsonl

--------------------[Agent Step 96_400]--------------------
Metrics filtered by: 'score|length|fps|ratio|train/loss/|train/acc/|train/inv/|train/rand/'
episode/score -16 / episode/length 1724 / train/acc/inv 0.16 / train/inv/ce 1.98 / train/inv/objective 1.11 / train/inv/valid_frac 1 / train/inv/weight 0 / train/loss/con 0.02 / train/loss/dyn 1.34 / train/loss/image 0.34 / train/loss/inv 0 / train/loss/policy 2.5e-3 / train/loss/rep 1.34 / train/loss/repval 1.92 / train/loss/rew 0.02 / train/loss/value 1.58 / train/rand/action 0.07 / replay/replay_ratio 264 / fps/policy 7.65 / fps/train 1957.92

Writing metrics: /data2/liguoqi/habmm/hab_z/btwm/runs/dreamerv3_atari_pong_seed0_v2_1m/metrics.jsonl
Writing metrics: /data2/liguoqi/habmm/hab_z/btwm/runs/dreamerv3_atari_pong_seed0_v2_1m/scores.jsonl

--------------------[Agent Step 100_120]--------------------
Metrics filtered by: 'score|length|fps|ratio|train/loss/|train/acc/|train/inv/|train/rand/'
train/acc/inv 0.16 / train/inv/ce 1.98 / train/inv/objective 1.1 / train/inv/valid_frac 1 / train/inv/weight 0 / train/loss/con 0.02 / train/loss/dyn 1.35 / train/loss/image 0.34 / train/loss/inv 0 / train/loss/policy 2.4e-3 / train/loss/rep 1.35 / train/loss/repval 1.98 / train/loss/rew 0.01 / train/loss/value 1.63 / train/rand/action 0.07 / replay/replay_ratio 264 / fps/policy 7.68 / fps/train 1965.96

Writing metrics: /data2/liguoqi/habmm/hab_z/btwm/runs/dreamerv3_atari_pong_seed0_v2_1m/metrics.jsonl
Writing metrics: /data2/liguoqi/habmm/hab_z/btwm/runs/dreamerv3_atari_pong_seed0_v2_1m/scores.jsonl

--------------------[Agent Step 103_840]--------------------
Metrics filtered by: 'score|length|fps|ratio|train/loss/|train/acc/|train/inv/|train/rand/'
train/acc/inv 0.15 / train/inv/ce 2 / train/inv/objective 1.11 / train/inv/valid_frac 1 / train/inv/weight 0 / train/loss/con 0.02 / train/loss/dyn 1.37 / train/loss/image 0.34 / train/loss/inv 0 / train/loss/policy 2.6e-3 / train/loss/rep 1.37 / train/loss/repval 2.08 / train/loss/rew 0.01 / train/loss/value 1.69 / train/rand/action 0.07 / replay/replay_ratio 264 / fps/policy 7.69 / fps/train 1967.96

Writing metrics: /data2/liguoqi/habmm/hab_z/btwm/runs/dreamerv3_atari_pong_seed0_v2_1m/metrics.jsonl
Writing metrics: /data2/liguoqi/habmm/hab_z/btwm/runs/dreamerv3_atari_pong_seed0_v2_1m/scores.jsonl

--------------------[Agent Step 107_520]--------------------
Metrics filtered by: 'score|length|fps|ratio|train/loss/|train/acc/|train/inv/|train/rand/'
episode/score -3 / episode/length 2993 / train/acc/inv 0.14 / train/inv/ce 2 / train/inv/objective 1.12 / train/inv/valid_frac 1 / train/inv/weight 0 / train/loss/con 0.02 / train/loss/dyn 1.38 / train/loss/image 0.33 / train/loss/inv 0 / train/loss/policy 2.6e-3 / train/loss/rep 1.38 / train/loss/repval 2.06 / train/loss/rew 0.01 / train/loss/value 1.7 / train/rand/action 0.07 / replay/replay_ratio 264 / fps/policy 7.59 / fps/train 1942.8

Writing metrics: /data2/liguoqi/habmm/hab_z/btwm/runs/dreamerv3_atari_pong_seed0_v2_1m/metrics.jsonl
Writing metrics: /data2/liguoqi/habmm/hab_z/btwm/runs/dreamerv3_atari_pong_seed0_v2_1m/scores.jsonl
Saving checkpoint: /data2/liguoqi/habmm/hab_z/btwm/runs/dreamerv3_atari_pong_seed0_v2_1m/ckpt/20260613T193941F702092
Saved checkpoint.

--------------------[Agent Step 110_560]--------------------
Metrics filtered by: 'score|length|fps|ratio|train/loss/|train/acc/|train/inv/|train/rand/'
train/acc/inv 0.15 / train/inv/ce 1.99 / train/inv/objective 1.11 / train/inv/valid_frac 1 / train/inv/weight 0 / train/loss/con 0.02 / train/loss/dyn 1.47 / train/loss/image 0.33 / train/loss/inv 0 / train/loss/policy 3.1e-3 / train/loss/rep 1.47 / train/loss/repval 2.2 / train/loss/rew 0.01 / train/loss/value 1.81 / train/rand/action 0.07 / replay/replay_ratio 264 / fps/policy 5.49 / fps/train 1404.77

Writing metrics: /data2/liguoqi/habmm/hab_z/btwm/runs/dreamerv3_atari_pong_seed0_v2_1m/scores.jsonl
Writing metrics: /data2/liguoqi/habmm/hab_z/btwm/runs/dreamerv3_atari_pong_seed0_v2_1m/metrics.jsonl

--------------------[Agent Step 113_960]--------------------
Metrics filtered by: 'score|length|fps|ratio|train/loss/|train/acc/|train/inv/|train/rand/'
train/acc/inv 0.14 / train/inv/ce 2 / train/inv/objective 1.11 / train/inv/valid_frac 1 / train/inv/weight 0 / train/loss/con 0.02 / train/loss/dyn 1.45 / train/loss/image 0.33 / train/loss/inv 0 / train/loss/policy 2.7e-3 / train/loss/rep 1.45 / train/loss/repval 2.41 / train/loss/rew 0.01 / train/loss/value 1.93 / train/rand/action 0.07 / replay/replay_ratio 264 / fps/policy 7.01 / fps/train 1795.64

Writing metrics: /data2/liguoqi/habmm/hab_z/btwm/runs/dreamerv3_atari_pong_seed0_v2_1m/metrics.jsonl
Writing metrics: /data2/liguoqi/habmm/hab_z/btwm/runs/dreamerv3_atari_pong_seed0_v2_1m/scores.jsonl

--------------------[Agent Step 117_680]--------------------
Metrics filtered by: 'score|length|fps|ratio|train/loss/|train/acc/|train/inv/|train/rand/'
train/acc/inv 0.14 / train/inv/ce 1.99 / train/inv/objective 1.11 / train/inv/valid_frac 1 / train/inv/weight 0 / train/loss/con 0.02 / train/loss/dyn 1.4 / train/loss/image 0.31 / train/loss/inv 0 / train/loss/policy 2.3e-3 / train/loss/rep 1.4 / train/loss/repval 2.47 / train/loss/rew 0.01 / train/loss/value 1.93 / train/rand/action 0.06 / replay/replay_ratio 264 / fps/policy 7.71 / fps/train 1973.49

Writing metrics: /data2/liguoqi/habmm/hab_z/btwm/runs/dreamerv3_atari_pong_seed0_v2_1m/metrics.jsonl
Writing metrics: /data2/liguoqi/habmm/hab_z/btwm/runs/dreamerv3_atari_pong_seed0_v2_1m/scores.jsonl

--------------------[Agent Step 121_360]--------------------
Metrics filtered by: 'score|length|fps|ratio|train/loss/|train/acc/|train/inv/|train/rand/'
episode/score 3 / episode/length 2834 / train/acc/inv 0.14 / train/inv/ce 2.01 / train/inv/objective 1.12 / train/inv/valid_frac 1 / train/inv/weight 0 / train/loss/con 0.02 / train/loss/dyn 1.38 / train/loss/image 0.31 / train/loss/inv 0 / train/loss/policy 2.2e-3 / train/loss/rep 1.38 / train/loss/repval 2.45 / train/loss/rew 0.01 / train/loss/value 1.87 / train/rand/action 0.06 / replay/replay_ratio 264 / fps/policy 7.64 / fps/train 1955.58

Writing metrics: /data2/liguoqi/habmm/hab_z/btwm/runs/dreamerv3_atari_pong_seed0_v2_1m/scores.jsonl
Writing metrics: /data2/liguoqi/habmm/hab_z/btwm/runs/dreamerv3_atari_pong_seed0_v2_1m/metrics.jsonl

--------------------[Agent Step 124_920]--------------------
Metrics filtered by: 'score|length|fps|ratio|train/loss/|train/acc/|train/inv/|train/rand/'
train/acc/inv 0.14 / train/inv/ce 2.01 / train/inv/objective 1.12 / train/inv/valid_frac 1 / train/inv/weight 0 / train/loss/con 0.02 / train/loss/dyn 1.41 / train/loss/image 0.3 / train/loss/inv 0 / train/loss/policy 1.2e-3 / train/loss/rep 1.41 / train/loss/repval 2.48 / train/loss/rew 0.01 / train/loss/value 1.85 / train/rand/action 0.06 / replay/replay_ratio 264 / fps/policy 7.37 / fps/train 1887.72

Writing metrics: /data2/liguoqi/habmm/hab_z/btwm/runs/dreamerv3_atari_pong_seed0_v2_1m/scores.jsonl
Writing metrics: /data2/liguoqi/habmm/hab_z/btwm/runs/dreamerv3_atari_pong_seed0_v2_1m/metrics.jsonl

--------------------[Agent Step 128_640]--------------------
Metrics filtered by: 'score|length|fps|ratio|train/loss/|train/acc/|train/inv/|train/rand/'
train/acc/inv 0.14 / train/inv/ce 2.02 / train/inv/objective 1.13 / train/inv/valid_frac 1 / train/inv/weight 0 / train/loss/con 0.02 / train/loss/dyn 1.37 / train/loss/image 0.29 / train/loss/inv 0 / train/loss/policy 1.8e-3 / train/loss/rep 1.37 / train/loss/repval 2.37 / train/loss/rew 0.01 / train/loss/value 1.81 / train/rand/action 0.06 / replay/replay_ratio 264 / fps/policy 7.69 / fps/train 1968.05

Writing metrics: /data2/liguoqi/habmm/hab_z/btwm/runs/dreamerv3_atari_pong_seed0_v2_1m/scores.jsonl
Writing metrics: /data2/liguoqi/habmm/hab_z/btwm/runs/dreamerv3_atari_pong_seed0_v2_1m/metrics.jsonl

--------------------[Agent Step 132_360]--------------------
Metrics filtered by: 'score|length|fps|ratio|train/loss/|train/acc/|train/inv/|train/rand/'
episode/score -11 / episode/length 2607 / train/acc/inv 0.14 / train/inv/ce 2.02 / train/inv/objective 1.13 / train/inv/valid_frac 1 / train/inv/weight 0 / train/loss/con 0.02 / train/loss/dyn 1.41 / train/loss/image 0.29 / train/loss/inv 0 / train/loss/policy 7.3e-4 / train/loss/rep 1.41 / train/loss/repval 2.61 / train/loss/rew 0.01 / train/loss/value 1.93 / train/rand/action 0.07 / replay/replay_ratio 264 / fps/policy 7.68 / fps/train 1965.06

Writing metrics: /data2/liguoqi/habmm/hab_z/btwm/runs/dreamerv3_atari_pong_seed0_v2_1m/metrics.jsonl
Writing metrics: /data2/liguoqi/habmm/hab_z/btwm/runs/dreamerv3_atari_pong_seed0_v2_1m/scores.jsonl

--------------------[Agent Step 136_080]--------------------
Metrics filtered by: 'score|length|fps|ratio|train/loss/|train/acc/|train/inv/|train/rand/'
train/acc/inv 0.14 / train/inv/ce 2.01 / train/inv/objective 1.12 / train/inv/valid_frac 1 / train/inv/weight 0 / train/loss/con 0.02 / train/loss/dyn 1.39 / train/loss/image 0.28 / train/loss/inv 0 / train/loss/policy 1.6e-3 / train/loss/rep 1.39 / train/loss/repval 2.58 / train/loss/rew 0.01 / train/loss/value 1.96 / train/rand/action 0.06 / replay/replay_ratio 264 / fps/policy 7.68 / fps/train 1965.98

Writing metrics: /data2/liguoqi/habmm/hab_z/btwm/runs/dreamerv3_atari_pong_seed0_v2_1m/metrics.jsonl
Writing metrics: /data2/liguoqi/habmm/hab_z/btwm/runs/dreamerv3_atari_pong_seed0_v2_1m/scores.jsonl

--------------------[Agent Step 139_760]--------------------
Metrics filtered by: 'score|length|fps|ratio|train/loss/|train/acc/|train/inv/|train/rand/'
episode/score -5 / episode/length 2506 / train/acc/inv 0.14 / train/inv/ce 2.01 / train/inv/objective 1.12 / train/inv/valid_frac 1 / train/inv/weight 0 / train/loss/con 0.02 / train/loss/dyn 1.37 / train/loss/image 0.27 / train/loss/inv 0 / train/loss/policy 1.5e-3 / train/loss/rep 1.37 / train/loss/repval 2.5 / train/loss/rew 0.01 / train/loss/value 1.93 / train/rand/action 0.06 / replay/replay_ratio 264 / fps/policy 7.63 / fps/train 1954.55

Writing metrics: /data2/liguoqi/habmm/hab_z/btwm/runs/dreamerv3_atari_pong_seed0_v2_1m/metrics.jsonl
Writing metrics: /data2/liguoqi/habmm/hab_z/btwm/runs/dreamerv3_atari_pong_seed0_v2_1m/scores.jsonl

--------------------[Agent Step 143_440]--------------------
Metrics filtered by: 'score|length|fps|ratio|train/loss/|train/acc/|train/inv/|train/rand/'
train/acc/inv 0.14 / train/inv/ce 2.01 / train/inv/objective 1.12 / train/inv/valid_frac 1 / train/inv/weight 0 / train/loss/con 0.02 / train/loss/dyn 1.38 / train/loss/image 0.25 / train/loss/inv 0 / train/loss/policy 1.7e-3 / train/loss/rep 1.38 / train/loss/repval 2.58 / train/loss/rew 0.01 / train/loss/value 1.98 / train/rand/action 0.06 / replay/replay_ratio 264 / fps/policy 7.65 / fps/train 1959.44

Writing metrics: /data2/liguoqi/habmm/hab_z/btwm/runs/dreamerv3_atari_pong_seed0_v2_1m/metrics.jsonl
Writing metrics: /data2/liguoqi/habmm/hab_z/btwm/runs/dreamerv3_atari_pong_seed0_v2_1m/scores.jsonl

--------------------[Agent Step 147_120]--------------------
Metrics filtered by: 'score|length|fps|ratio|train/loss/|train/acc/|train/inv/|train/rand/'
train/acc/inv 0.15 / train/inv/ce 2.01 / train/inv/objective 1.12 / train/inv/valid_frac 1 / train/inv/weight 0 / train/loss/con 0.02 / train/loss/dyn 1.46 / train/loss/image 0.26 / train/loss/inv 0 / train/loss/policy 1.3e-3 / train/loss/rep 1.46 / train/loss/repval 2.48 / train/loss/rew 0.01 / train/loss/value 1.91 / train/rand/action 0.06 / replay/replay_ratio 264 / fps/policy 7.61 / fps/train 1948.17

Writing metrics: /data2/liguoqi/habmm/hab_z/btwm/runs/dreamerv3_atari_pong_seed0_v2_1m/metrics.jsonl
Writing metrics: /data2/liguoqi/habmm/hab_z/btwm/runs/dreamerv3_atari_pong_seed0_v2_1m/scores.jsonl

--------------------[Agent Step 150_840]--------------------
Metrics filtered by: 'score|length|fps|ratio|train/loss/|train/acc/|train/inv/|train/rand/'
train/acc/inv 0.14 / train/inv/ce 2.02 / train/inv/objective 1.12 / train/inv/valid_frac 1 / train/inv/weight 0 / train/loss/con 0.02 / train/loss/dyn 1.43 / train/loss/image 0.25 / train/loss/inv 0 / train/loss/policy 1.3e-3 / train/loss/rep 1.43 / train/loss/repval 2.51 / train/loss/rew 0.01 / train/loss/value 1.96 / train/rand/action 0.06 / replay/replay_ratio 264 / fps/policy 7.68 / fps/train 1966.24

Writing metrics: /data2/liguoqi/habmm/hab_z/btwm/runs/dreamerv3_atari_pong_seed0_v2_1m/metrics.jsonl
Writing metrics: /data2/liguoqi/habmm/hab_z/btwm/runs/dreamerv3_atari_pong_seed0_v2_1m/scores.jsonl

--------------------[Agent Step 154_520]--------------------
Metrics filtered by: 'score|length|fps|ratio|train/loss/|train/acc/|train/inv/|train/rand/'
episode/score -2 / episode/length 3229 / train/acc/inv 0.14 / train/inv/ce 2.02 / train/inv/objective 1.13 / train/inv/valid_frac 1 / train/inv/weight 0 / train/loss/con 0.02 / train/loss/dyn 1.4 / train/loss/image 0.24 / train/loss/inv 0 / train/loss/policy 2e-3 / train/loss/rep 1.4 / train/loss/repval 2.56 / train/loss/rew 0.01 / train/loss/value 1.99 / train/rand/action 0.06 / replay/replay_ratio 264 / fps/policy 7.62 / fps/train 1949.84

Writing metrics: /data2/liguoqi/habmm/hab_z/btwm/runs/dreamerv3_atari_pong_seed0_v2_1m/metrics.jsonl
Writing metrics: /data2/liguoqi/habmm/hab_z/btwm/runs/dreamerv3_atari_pong_seed0_v2_1m/scores.jsonl

--------------------[Agent Step 158_160]--------------------
Metrics filtered by: 'score|length|fps|ratio|train/loss/|train/acc/|train/inv/|train/rand/'
train/acc/inv 0.14 / train/inv/ce 2.02 / train/inv/objective 1.13 / train/inv/valid_frac 1 / train/inv/weight 0 / train/loss/con 0.02 / train/loss/dyn 1.39 / train/loss/image 0.24 / train/loss/inv 0 / train/loss/policy 1.3e-3 / train/loss/rep 1.39 / train/loss/repval 2.4 / train/loss/rew 0.01 / train/loss/value 1.87 / train/rand/action 0.06 / replay/replay_ratio 264 / fps/policy 7.57 / fps/train 1938.67

Writing metrics: /data2/liguoqi/habmm/hab_z/btwm/runs/dreamerv3_atari_pong_seed0_v2_1m/scores.jsonl
Writing metrics: /data2/liguoqi/habmm/hab_z/btwm/runs/dreamerv3_atari_pong_seed0_v2_1m/metrics.jsonl

--------------------[Agent Step 161_840]--------------------
Metrics filtered by: 'score|length|fps|ratio|train/loss/|train/acc/|train/inv/|train/rand/'
episode/score -15 / episode/length 1832 / train/acc/inv 0.13 / train/inv/ce 2.03 / train/inv/objective 1.13 / train/inv/valid_frac 1 / train/inv/weight 0 / train/loss/con 0.02 / train/loss/dyn 1.4 / train/loss/image 0.24 / train/loss/inv 0 / train/loss/policy 8.2e-4 / train/loss/rep 1.4 / train/loss/repval 2.42 / train/loss/rew 0.01 / train/loss/value 1.9 / train/rand/action 0.06 / replay/replay_ratio 264 / fps/policy 7.64 / fps/train 1955.41

Writing metrics: /data2/liguoqi/habmm/hab_z/btwm/runs/dreamerv3_atari_pong_seed0_v2_1m/metrics.jsonl
Writing metrics: /data2/liguoqi/habmm/hab_z/btwm/runs/dreamerv3_atari_pong_seed0_v2_1m/scores.jsonl

--------------------[Agent Step 165_520]--------------------
Metrics filtered by: 'score|length|fps|ratio|train/loss/|train/acc/|train/inv/|train/rand/'
train/acc/inv 0.13 / train/inv/ce 2.03 / train/inv/objective 1.13 / train/inv/valid_frac 1 / train/inv/weight 0 / train/loss/con 0.02 / train/loss/dyn 1.36 / train/loss/image 0.23 / train/loss/inv 0 / train/loss/policy 1.7e-3 / train/loss/rep 1.36 / train/loss/repval 2.46 / train/loss/rew 0.01 / train/loss/value 1.94 / train/rand/action 0.06 / replay/replay_ratio 264 / fps/policy 7.66 / fps/train 1961.92

Writing metrics: /data2/liguoqi/habmm/hab_z/btwm/runs/dreamerv3_atari_pong_seed0_v2_1m/metrics.jsonl
Writing metrics: /data2/liguoqi/habmm/hab_z/btwm/runs/dreamerv3_atari_pong_seed0_v2_1m/scores.jsonl

--------------------[Agent Step 169_120]--------------------
Metrics filtered by: 'score|length|fps|ratio|train/loss/|train/acc/|train/inv/|train/rand/'
train/acc/inv 0.13 / train/inv/ce 2.03 / train/inv/objective 1.13 / train/inv/valid_frac 1 / train/inv/weight 0 / train/loss/con 0.02 / train/loss/dyn 1.34 / train/loss/image 0.22 / train/loss/inv 0 / train/loss/policy 1.2e-3 / train/loss/rep 1.34 / train/loss/repval 2.27 / train/loss/rew 0.01 / train/loss/value 1.78 / train/rand/action 0.06 / replay/replay_ratio 264 / fps/policy 7.42 / fps/train 1899.93

Writing metrics: /data2/liguoqi/habmm/hab_z/btwm/runs/dreamerv3_atari_pong_seed0_v2_1m/metrics.jsonl
Writing metrics: /data2/liguoqi/habmm/hab_z/btwm/runs/dreamerv3_atari_pong_seed0_v2_1m/scores.jsonl

--------------------[Agent Step 172_800]--------------------
Metrics filtered by: 'score|length|fps|ratio|train/loss/|train/acc/|train/inv/|train/rand/'
episode/score -4 / episode/length 3221 / train/acc/inv 0.13 / train/inv/ce 2.02 / train/inv/objective 1.13 / train/inv/valid_frac 1 / train/inv/weight 0 / train/loss/con 0.02 / train/loss/dyn 1.34 / train/loss/image 0.21 / train/loss/inv 0 / train/loss/policy 8.4e-4 / train/loss/rep 1.34 / train/loss/repval 2.33 / train/loss/rew 0.01 / train/loss/value 1.81 / train/rand/action 0.06 / replay/replay_ratio 264 / fps/policy 7.64 / fps/train 1956.14

Writing metrics: /data2/liguoqi/habmm/hab_z/btwm/runs/dreamerv3_atari_pong_seed0_v2_1m/metrics.jsonl
Writing metrics: /data2/liguoqi/habmm/hab_z/btwm/runs/dreamerv3_atari_pong_seed0_v2_1m/scores.jsonl

--------------------[Agent Step 176_480]--------------------
Metrics filtered by: 'score|length|fps|ratio|train/loss/|train/acc/|train/inv/|train/rand/'
train/acc/inv 0.13 / train/inv/ce 2.02 / train/inv/objective 1.13 / train/inv/valid_frac 1 / train/inv/weight 0 / train/loss/con 0.02 / train/loss/dyn 1.32 / train/loss/image 0.2 / train/loss/inv 0 / train/loss/policy 1.2e-3 / train/loss/rep 1.32 / train/loss/repval 2.23 / train/loss/rew 0.01 / train/loss/value 1.77 / train/rand/action 0.06 / replay/replay_ratio 264 / fps/policy 7.65 / fps/train 1957.72

Writing metrics: /data2/liguoqi/habmm/hab_z/btwm/runs/dreamerv3_atari_pong_seed0_v2_1m/scores.jsonl
Writing metrics: /data2/liguoqi/habmm/hab_z/btwm/runs/dreamerv3_atari_pong_seed0_v2_1m/metrics.jsonl

--------------------[Agent Step 180_200]--------------------
Metrics filtered by: 'score|length|fps|ratio|train/loss/|train/acc/|train/inv/|train/rand/'
train/acc/inv 0.13 / train/inv/ce 2.03 / train/inv/objective 1.14 / train/inv/valid_frac 1 / train/inv/weight 0 / train/loss/con 0.02 / train/loss/dyn 1.33 / train/loss/image 0.21 / train/loss/inv 0 / train/loss/policy 1.7e-3 / train/loss/rep 1.33 / train/loss/repval 2.39 / train/loss/rew 0.01 / train/loss/value 1.85 / train/rand/action 0.06 / replay/replay_ratio 264 / fps/policy 7.68 / fps/train 1967.33

Writing metrics: /data2/liguoqi/habmm/hab_z/btwm/runs/dreamerv3_atari_pong_seed0_v2_1m/metrics.jsonl
Writing metrics: /data2/liguoqi/habmm/hab_z/btwm/runs/dreamerv3_atari_pong_seed0_v2_1m/scores.jsonl

--------------------[Agent Step 183_880]--------------------
Metrics filtered by: 'score|length|fps|ratio|train/loss/|train/acc/|train/inv/|train/rand/'
episode/score -7 / episode/length 2723 / train/acc/inv 0.13 / train/inv/ce 2.03 / train/inv/objective 1.13 / train/inv/valid_frac 1 / train/inv/weight 0 / train/loss/con 0.02 / train/loss/dyn 1.3 / train/loss/image 0.2 / train/loss/inv 0 / train/loss/policy 1.3e-3 / train/loss/rep 1.3 / train/loss/repval 2.2 / train/loss/rew 0.01 / train/loss/value 1.72 / train/rand/action 0.06 / replay/replay_ratio 264 / fps/policy 7.55 / fps/train 1933.36

Writing metrics: /data2/liguoqi/habmm/hab_z/btwm/runs/dreamerv3_atari_pong_seed0_v2_1m/scores.jsonl
Writing metrics: /data2/liguoqi/habmm/hab_z/btwm/runs/dreamerv3_atari_pong_seed0_v2_1m/metrics.jsonl

--------------------[Agent Step 187_480]--------------------
Metrics filtered by: 'score|length|fps|ratio|train/loss/|train/acc/|train/inv/|train/rand/'
train/acc/inv 0.13 / train/inv/ce 2.03 / train/inv/objective 1.13 / train/inv/valid_frac 1 / train/inv/weight 0 / train/loss/con 0.02 / train/loss/dyn 1.34 / train/loss/image 0.21 / train/loss/inv 0 / train/loss/policy 7.2e-4 / train/loss/rep 1.34 / train/loss/repval 2.4 / train/loss/rew 0.01 / train/loss/value 1.82 / train/rand/action 0.06 / replay/replay_ratio 264 / fps/policy 7.6 / fps/train 1945.01

Writing metrics: /data2/liguoqi/habmm/hab_z/btwm/runs/dreamerv3_atari_pong_seed0_v2_1m/metrics.jsonl
Writing metrics: /data2/liguoqi/habmm/hab_z/btwm/runs/dreamerv3_atari_pong_seed0_v2_1m/scores.jsonl

--------------------[Agent Step 191_160]--------------------
Metrics filtered by: 'score|length|fps|ratio|train/loss/|train/acc/|train/inv/|train/rand/'
train/acc/inv 0.14 / train/inv/ce 2.02 / train/inv/objective 1.13 / train/inv/valid_frac 1 / train/inv/weight 0 / train/loss/con 0.02 / train/loss/dyn 1.28 / train/loss/image 0.19 / train/loss/inv 0 / train/loss/policy 1.5e-3 / train/loss/rep 1.28 / train/loss/repval 2.26 / train/loss/rew 0.01 / train/loss/value 1.76 / train/rand/action 0.06 / replay/replay_ratio 264 / fps/policy 7.63 / fps/train 1954.55

Writing metrics: /data2/liguoqi/habmm/hab_z/btwm/runs/dreamerv3_atari_pong_seed0_v2_1m/scores.jsonl
Writing metrics: /data2/liguoqi/habmm/hab_z/btwm/runs/dreamerv3_atari_pong_seed0_v2_1m/metrics.jsonl

--------------------[Agent Step 194_880]--------------------
Metrics filtered by: 'score|length|fps|ratio|train/loss/|train/acc/|train/inv/|train/rand/'
episode/score -8 / episode/length 2790 / train/acc/inv 0.13 / train/inv/ce 2.04 / train/inv/objective 1.14 / train/inv/valid_frac 1 / train/inv/weight 0 / train/loss/con 0.02 / train/loss/dyn 1.29 / train/loss/image 0.19 / train/loss/inv 0 / train/loss/policy 9.7e-4 / train/loss/rep 1.29 / train/loss/repval 2.28 / train/loss/rew 0.01 / train/loss/value 1.76 / train/rand/action 0.06 / replay/replay_ratio 264 / fps/policy 7.68 / fps/train 1964.86

Writing metrics: /data2/liguoqi/habmm/hab_z/btwm/runs/dreamerv3_atari_pong_seed0_v2_1m/metrics.jsonl
Writing metrics: /data2/liguoqi/habmm/hab_z/btwm/runs/dreamerv3_atari_pong_seed0_v2_1m/scores.jsonl

--------------------[Agent Step 198_520]--------------------
Metrics filtered by: 'score|length|fps|ratio|train/loss/|train/acc/|train/inv/|train/rand/'
train/acc/inv 0.14 / train/inv/ce 2.03 / train/inv/objective 1.13 / train/inv/valid_frac 1 / train/inv/weight 0 / train/loss/con 0.02 / train/loss/dyn 1.29 / train/loss/image 0.18 / train/loss/inv 0 / train/loss/policy 1.2e-3 / train/loss/rep 1.29 / train/loss/repval 2.28 / train/loss/rew 0.01 / train/loss/value 1.8 / train/rand/action 0.06 / replay/replay_ratio 264 / fps/policy 7.48 / fps/train 1915.55

Writing metrics: /data2/liguoqi/habmm/hab_z/btwm/runs/dreamerv3_atari_pong_seed0_v2_1m/scores.jsonl
Writing metrics: /data2/liguoqi/habmm/hab_z/btwm/runs/dreamerv3_atari_pong_seed0_v2_1m/metrics.jsonl

--------------------[Agent Step 202_080]--------------------
Metrics filtered by: 'score|length|fps|ratio|train/loss/|train/acc/|train/inv/|train/rand/'
train/acc/inv 0.13 / train/inv/ce 2.04 / train/inv/objective 1.14 / train/inv/valid_frac 1 / train/inv/weight 0 / train/loss/con 0.02 / train/loss/dyn 1.29 / train/loss/image 0.18 / train/loss/inv 0 / train/loss/policy 8.9e-4 / train/loss/rep 1.29 / train/loss/repval 2.16 / train/loss/rew 0.01 / train/loss/value 1.7 / train/rand/action 0.06 / replay/replay_ratio 264 / fps/policy 7.41 / fps/train 1897.26

Writing metrics: /data2/liguoqi/habmm/hab_z/btwm/runs/dreamerv3_atari_pong_seed0_v2_1m/metrics.jsonl
Writing metrics: /data2/liguoqi/habmm/hab_z/btwm/runs/dreamerv3_atari_pong_seed0_v2_1m/scores.jsonl

--------------------[Agent Step 205_760]--------------------
Metrics filtered by: 'score|length|fps|ratio|train/loss/|train/acc/|train/inv/|train/rand/'
train/acc/inv 0.13 / train/inv/ce 2.04 / train/inv/objective 1.14 / train/inv/valid_frac 1 / train/inv/weight 0 / train/loss/con 0.02 / train/loss/dyn 1.26 / train/loss/image 0.17 / train/loss/inv 0 / train/loss/policy 1.5e-3 / train/loss/rep 1.26 / train/loss/repval 2.22 / train/loss/rew 0.01 / train/loss/value 1.73 / train/rand/action 0.06 / replay/replay_ratio 264 / fps/policy 7.65 / fps/train 1958.6

Writing metrics: /data2/liguoqi/habmm/hab_z/btwm/runs/dreamerv3_atari_pong_seed0_v2_1m/metrics.jsonl
Writing metrics: /data2/liguoqi/habmm/hab_z/btwm/runs/dreamerv3_atari_pong_seed0_v2_1m/scores.jsonl

--------------------[Agent Step 209_400]--------------------
Metrics filtered by: 'score|length|fps|ratio|train/loss/|train/acc/|train/inv/|train/rand/'
episode/score -2 / episode/length 3776 / train/acc/inv 0.13 / train/inv/ce 2.03 / train/inv/objective 1.14 / train/inv/valid_frac 1 / train/inv/weight 0 / train/loss/con 0.02 / train/loss/dyn 1.26 / train/loss/image 0.17 / train/loss/inv 0 / train/loss/policy 1.3e-3 / train/loss/rep 1.26 / train/loss/repval 2.2 / train/loss/rew 0.01 / train/loss/value 1.71 / train/rand/action 0.06 / replay/replay_ratio 264 / fps/policy 7.52 / fps/train 1926.18

Writing metrics: /data2/liguoqi/habmm/hab_z/btwm/runs/dreamerv3_atari_pong_seed0_v2_1m/scores.jsonl
Writing metrics: /data2/liguoqi/habmm/hab_z/btwm/runs/dreamerv3_atari_pong_seed0_v2_1m/metrics.jsonl

--------------------[Agent Step 212_960]--------------------
Metrics filtered by: 'score|length|fps|ratio|train/loss/|train/acc/|train/inv/|train/rand/'
train/acc/inv 0.14 / train/inv/ce 2.02 / train/inv/objective 1.13 / train/inv/valid_frac 1 / train/inv/weight 0 / train/loss/con 0.02 / train/loss/dyn 1.29 / train/loss/image 0.18 / train/loss/inv 0 / train/loss/policy 9.4e-4 / train/loss/rep 1.29 / train/loss/repval 2.17 / train/loss/rew 0.01 / train/loss/value 1.7 / train/rand/action 0.06 / replay/replay_ratio 264 / fps/policy 7.39 / fps/train 1892.41

Writing metrics: /data2/liguoqi/habmm/hab_z/btwm/runs/dreamerv3_atari_pong_seed0_v2_1m/metrics.jsonl
Writing metrics: /data2/liguoqi/habmm/hab_z/btwm/runs/dreamerv3_atari_pong_seed0_v2_1m/scores.jsonl

--------------------[Agent Step 216_600]--------------------
Metrics filtered by: 'score|length|fps|ratio|train/loss/|train/acc/|train/inv/|train/rand/'
train/acc/inv 0.14 / train/inv/ce 2.02 / train/inv/objective 1.13 / train/inv/valid_frac 1 / train/inv/weight 0 / train/loss/con 0.02 / train/loss/dyn 1.29 / train/loss/image 0.18 / train/loss/inv 0 / train/loss/policy 9.6e-4 / train/loss/rep 1.29 / train/loss/repval 2.14 / train/loss/rew 0.01 / train/loss/value 1.69 / train/rand/action 0.06 / replay/replay_ratio 264 / fps/policy 7.57 / fps/train 1938.38

Writing metrics: /data2/liguoqi/habmm/hab_z/btwm/runs/dreamerv3_atari_pong_seed0_v2_1m/metrics.jsonl
Writing metrics: /data2/liguoqi/habmm/hab_z/btwm/runs/dreamerv3_atari_pong_seed0_v2_1m/scores.jsonl
Saving checkpoint: /data2/liguoqi/habmm/hab_z/btwm/runs/dreamerv3_atari_pong_seed0_v2_1m/ckpt/20260613T203942F926904
Saved checkpoint.

--------------------[Agent Step 218_960]--------------------
Metrics filtered by: 'score|length|fps|ratio|train/loss/|train/acc/|train/inv/|train/rand/'
train/acc/inv 0.14 / train/inv/ce 2.03 / train/inv/objective 1.13 / train/inv/valid_frac 1 / train/inv/weight 0 / train/loss/con 0.02 / train/loss/dyn 1.29 / train/loss/image 0.19 / train/loss/inv 0 / train/loss/policy 1.3e-3 / train/loss/rep 1.29 / train/loss/repval 2.39 / train/loss/rew 0.01 / train/loss/value 1.84 / train/rand/action 0.06 / replay/replay_ratio 264 / fps/policy 4.9 / fps/train 1255.59

Writing metrics: /data2/liguoqi/habmm/hab_z/btwm/runs/dreamerv3_atari_pong_seed0_v2_1m/metrics.jsonl
Writing metrics: /data2/liguoqi/habmm/hab_z/btwm/runs/dreamerv3_atari_pong_seed0_v2_1m/scores.jsonl

--------------------[Agent Step 222_600]--------------------
Metrics filtered by: 'score|length|fps|ratio|train/loss/|train/acc/|train/inv/|train/rand/'
episode/score -5 / episode/length 2716 / train/acc/inv 0.13 / train/inv/ce 2.03 / train/inv/objective 1.13 / train/inv/valid_frac 1 / train/inv/weight 0 / train/loss/con 0.02 / train/loss/dyn 1.29 / train/loss/image 0.17 / train/loss/inv 0 / train/loss/policy 1.3e-3 / train/loss/rep 1.29 / train/loss/repval 2.27 / train/loss/rew 0.01 / train/loss/value 1.81 / train/rand/action 0.06 / replay/replay_ratio 264 / fps/policy 7.52 / fps/train 1925.74

Writing metrics: /data2/liguoqi/habmm/hab_z/btwm/runs/dreamerv3_atari_pong_seed0_v2_1m/metrics.jsonl
Writing metrics: /data2/liguoqi/habmm/hab_z/btwm/runs/dreamerv3_atari_pong_seed0_v2_1m/scores.jsonl

--------------------[Agent Step 226_320]--------------------
Metrics filtered by: 'score|length|fps|ratio|train/loss/|train/acc/|train/inv/|train/rand/'
train/acc/inv 0.14 / train/inv/ce 2.02 / train/inv/objective 1.13 / train/inv/valid_frac 1 / train/inv/weight 0 / train/loss/con 0.02 / train/loss/dyn 1.31 / train/loss/image 0.17 / train/loss/inv 0 / train/loss/policy 1.2e-3 / train/loss/rep 1.31 / train/loss/repval 2.26 / train/loss/rew 0.01 / train/loss/value 1.78 / train/rand/action 0.06 / replay/replay_ratio 264 / fps/policy 7.69 / fps/train 1968.96

Writing metrics: /data2/liguoqi/habmm/hab_z/btwm/runs/dreamerv3_atari_pong_seed0_v2_1m/metrics.jsonl
Writing metrics: /data2/liguoqi/habmm/hab_z/btwm/runs/dreamerv3_atari_pong_seed0_v2_1m/scores.jsonl

--------------------[Agent Step 230_040]--------------------
Metrics filtered by: 'score|length|fps|ratio|train/loss/|train/acc/|train/inv/|train/rand/'
episode/score -16 / episode/length 2028 / train/acc/inv 0.14 / train/inv/ce 2.02 / train/inv/objective 1.13 / train/inv/valid_frac 1 / train/inv/weight 0 / train/loss/con 0.02 / train/loss/dyn 1.27 / train/loss/image 0.17 / train/loss/inv 0 / train/loss/policy 1.4e-3 / train/loss/rep 1.27 / train/loss/repval 2.23 / train/loss/rew 0.01 / train/loss/value 1.77 / train/rand/action 0.06 / replay/replay_ratio 264 / fps/policy 7.67 / fps/train 1964.38

Writing metrics: /data2/liguoqi/habmm/hab_z/btwm/runs/dreamerv3_atari_pong_seed0_v2_1m/metrics.jsonl
Writing metrics: /data2/liguoqi/habmm/hab_z/btwm/runs/dreamerv3_atari_pong_seed0_v2_1m/scores.jsonl

--------------------[Agent Step 233_760]--------------------
Metrics filtered by: 'score|length|fps|ratio|train/loss/|train/acc/|train/inv/|train/rand/'
train/acc/inv 0.13 / train/inv/ce 2.03 / train/inv/objective 1.13 / train/inv/valid_frac 1 / train/inv/weight 0 / train/loss/con 0.02 / train/loss/dyn 1.28 / train/loss/image 0.17 / train/loss/inv 0 / train/loss/policy 1.4e-3 / train/loss/rep 1.28 / train/loss/repval 2.2 / train/loss/rew 0.01 / train/loss/value 1.75 / train/rand/action 0.06 / replay/replay_ratio 264 / fps/policy 7.69 / fps/train 1968.07

Writing metrics: /data2/liguoqi/habmm/hab_z/btwm/runs/dreamerv3_atari_pong_seed0_v2_1m/metrics.jsonl
Writing metrics: /data2/liguoqi/habmm/hab_z/btwm/runs/dreamerv3_atari_pong_seed0_v2_1m/scores.jsonl

--------------------[Agent Step 237_440]--------------------
Metrics filtered by: 'score|length|fps|ratio|train/loss/|train/acc/|train/inv/|train/rand/'
train/acc/inv 0.13 / train/inv/ce 2.03 / train/inv/objective 1.13 / train/inv/valid_frac 1 / train/inv/weight 0 / train/loss/con 0.02 / train/loss/dyn 1.28 / train/loss/image 0.16 / train/loss/inv 0 / train/loss/policy 9.5e-4 / train/loss/rep 1.28 / train/loss/repval 2.16 / train/loss/rew 0.01 / train/loss/value 1.71 / train/rand/action 0.06 / replay/replay_ratio 264 / fps/policy 7.64 / fps/train 1955.39

Writing metrics: /data2/liguoqi/habmm/hab_z/btwm/runs/dreamerv3_atari_pong_seed0_v2_1m/metrics.jsonl
Writing metrics: /data2/liguoqi/habmm/hab_z/btwm/runs/dreamerv3_atari_pong_seed0_v2_1m/scores.jsonl

--------------------[Agent Step 241_120]--------------------
Metrics filtered by: 'score|length|fps|ratio|train/loss/|train/acc/|train/inv/|train/rand/'
episode/score 5 / episode/length 3109 / train/acc/inv 0.14 / train/inv/ce 2.02 / train/inv/objective 1.13 / train/inv/valid_frac 1 / train/inv/weight 0 / train/loss/con 0.02 / train/loss/dyn 1.26 / train/loss/image 0.16 / train/loss/inv 0 / train/loss/policy 1.2e-3 / train/loss/rep 1.26 / train/loss/repval 2.23 / train/loss/rew 0.01 / train/loss/value 1.78 / train/rand/action 0.06 / replay/replay_ratio 264 / fps/policy 7.59 / fps/train 1943.85

Writing metrics: /data2/liguoqi/habmm/hab_z/btwm/runs/dreamerv3_atari_pong_seed0_v2_1m/metrics.jsonl
Writing metrics: /data2/liguoqi/habmm/hab_z/btwm/runs/dreamerv3_atari_pong_seed0_v2_1m/scores.jsonl

--------------------[Agent Step 244_840]--------------------
Metrics filtered by: 'score|length|fps|ratio|train/loss/|train/acc/|train/inv/|train/rand/'
train/acc/inv 0.14 / train/inv/ce 2.02 / train/inv/objective 1.13 / train/inv/valid_frac 1 / train/inv/weight 0 / train/loss/con 0.02 / train/loss/dyn 1.25 / train/loss/image 0.16 / train/loss/inv 0 / train/loss/policy 1.6e-3 / train/loss/rep 1.25 / train/loss/repval 2.21 / train/loss/rew 0.01 / train/loss/value 1.76 / train/rand/action 0.05 / replay/replay_ratio 264 / fps/policy 7.68 / fps/train 1966.78

Writing metrics: /data2/liguoqi/habmm/hab_z/btwm/runs/dreamerv3_atari_pong_seed0_v2_1m/metrics.jsonl
Writing metrics: /data2/liguoqi/habmm/hab_z/btwm/runs/dreamerv3_atari_pong_seed0_v2_1m/scores.jsonl

--------------------[Agent Step 248_480]--------------------
Metrics filtered by: 'score|length|fps|ratio|train/loss/|train/acc/|train/inv/|train/rand/'
train/acc/inv 0.13 / train/inv/ce 2.04 / train/inv/objective 1.14 / train/inv/valid_frac 1 / train/inv/weight 0 / train/loss/con 0.02 / train/loss/dyn 1.26 / train/loss/image 0.15 / train/loss/inv 0 / train/loss/policy 1.2e-3 / train/loss/rep 1.26 / train/loss/repval 2.19 / train/loss/rew 0.01 / train/loss/value 1.73 / train/rand/action 0.05 / replay/replay_ratio 264 / fps/policy 7.55 / fps/train 1932.32

Writing metrics: /data2/liguoqi/habmm/hab_z/btwm/runs/dreamerv3_atari_pong_seed0_v2_1m/metrics.jsonl
Writing metrics: /data2/liguoqi/habmm/hab_z/btwm/runs/dreamerv3_atari_pong_seed0_v2_1m/scores.jsonl

--------------------[Agent Step 252_080]--------------------
Metrics filtered by: 'score|length|fps|ratio|train/loss/|train/acc/|train/inv/|train/rand/'
episode/score -6 / episode/length 2862 / train/acc/inv 0.14 / train/inv/ce 2.03 / train/inv/objective 1.13 / train/inv/valid_frac 1 / train/inv/weight 0 / train/loss/con 0.02 / train/loss/dyn 1.24 / train/loss/image 0.15 / train/loss/inv 0 / train/loss/policy 1.3e-3 / train/loss/rep 1.24 / train/loss/repval 2.15 / train/loss/rew 0.01 / train/loss/value 1.71 / train/rand/action 0.05 / replay/replay_ratio 264 / fps/policy 7.44 / fps/train 1904.35

Writing metrics: /data2/liguoqi/habmm/hab_z/btwm/runs/dreamerv3_atari_pong_seed0_v2_1m/metrics.jsonl
Writing metrics: /data2/liguoqi/habmm/hab_z/btwm/runs/dreamerv3_atari_pong_seed0_v2_1m/scores.jsonl

--------------------[Agent Step 255_680]--------------------
Metrics filtered by: 'score|length|fps|ratio|train/loss/|train/acc/|train/inv/|train/rand/'
train/acc/inv 0.14 / train/inv/ce 2.04 / train/inv/objective 1.14 / train/inv/valid_frac 1 / train/inv/weight 0 / train/loss/con 0.02 / train/loss/dyn 1.24 / train/loss/image 0.14 / train/loss/inv 0 / train/loss/policy 1.6e-3 / train/loss/rep 1.24 / train/loss/repval 2.08 / train/loss/rew 0.01 / train/loss/value 1.67 / train/rand/action 0.05 / replay/replay_ratio 264 / fps/policy 7.51 / fps/train 1921.32

Writing metrics: /data2/liguoqi/habmm/hab_z/btwm/runs/dreamerv3_atari_pong_seed0_v2_1m/metrics.jsonl
Writing metrics: /data2/liguoqi/habmm/hab_z/btwm/runs/dreamerv3_atari_pong_seed0_v2_1m/scores.jsonl

--------------------[Agent Step 259_400]--------------------
Metrics filtered by: 'score|length|fps|ratio|train/loss/|train/acc/|train/inv/|train/rand/'
train/acc/inv 0.14 / train/inv/ce 2.02 / train/inv/objective 1.13 / train/inv/valid_frac 1 / train/inv/weight 0 / train/loss/con 0.02 / train/loss/dyn 1.3 / train/loss/image 0.24 / train/loss/inv 0 / train/loss/policy 1.2e-3 / train/loss/rep 1.3 / train/loss/repval 2.01 / train/loss/rew 0.01 / train/loss/value 1.56 / train/rand/action 0.05 / replay/replay_ratio 264 / fps/policy 7.68 / fps/train 1967.18

Writing metrics: /data2/liguoqi/habmm/hab_z/btwm/runs/dreamerv3_atari_pong_seed0_v2_1m/scores.jsonl
Writing metrics: /data2/liguoqi/habmm/hab_z/btwm/runs/dreamerv3_atari_pong_seed0_v2_1m/metrics.jsonl

--------------------[Agent Step 263_080]--------------------
Metrics filtered by: 'score|length|fps|ratio|train/loss/|train/acc/|train/inv/|train/rand/'
train/acc/inv 0.14 / train/inv/ce 2.03 / train/inv/objective 1.13 / train/inv/valid_frac 1 / train/inv/weight 0 / train/loss/con 0.02 / train/loss/dyn 1.2 / train/loss/image 0.22 / train/loss/inv 0 / train/loss/policy 1.2e-3 / train/loss/rep 1.2 / train/loss/repval 1.98 / train/loss/rew 0.01 / train/loss/value 1.54 / train/rand/action 0.05 / replay/replay_ratio 264 / fps/policy 7.66 / fps/train 1960.81

Writing metrics: /data2/liguoqi/habmm/hab_z/btwm/runs/dreamerv3_atari_pong_seed0_v2_1m/scores.jsonl
Writing metrics: /data2/liguoqi/habmm/hab_z/btwm/runs/dreamerv3_atari_pong_seed0_v2_1m/metrics.jsonl

--------------------[Agent Step 266_800]--------------------
Metrics filtered by: 'score|length|fps|ratio|train/loss/|train/acc/|train/inv/|train/rand/'
episode/score 6 / episode/length 3172 / train/acc/inv 0.13 / train/inv/ce 2.04 / train/inv/objective 1.14 / train/inv/valid_frac 1 / train/inv/weight 0 / train/loss/con 0.02 / train/loss/dyn 1.24 / train/loss/image 0.19 / train/loss/inv 0 / train/loss/policy 1.2e-3 / train/loss/rep 1.24 / train/loss/repval 1.92 / train/loss/rew 0.01 / train/loss/value 1.51 / train/rand/action 0.05 / replay/replay_ratio 264 / fps/policy 7.66 / fps/train 1960.31

Writing metrics: /data2/liguoqi/habmm/hab_z/btwm/runs/dreamerv3_atari_pong_seed0_v2_1m/metrics.jsonl
Writing metrics: /data2/liguoqi/habmm/hab_z/btwm/runs/dreamerv3_atari_pong_seed0_v2_1m/scores.jsonl

--------------------[Agent Step 270_480]--------------------
Metrics filtered by: 'score|length|fps|ratio|train/loss/|train/acc/|train/inv/|train/rand/'
train/acc/inv 0.13 / train/inv/ce 2.04 / train/inv/objective 1.14 / train/inv/valid_frac 1 / train/inv/weight 0 / train/loss/con 0.02 / train/loss/dyn 1.24 / train/loss/image 0.14 / train/loss/inv 0 / train/loss/policy 7.8e-4 / train/loss/rep 1.24 / train/loss/repval 1.97 / train/loss/rew 0.01 / train/loss/value 1.52 / train/rand/action 0.05 / replay/replay_ratio 264 / fps/policy 7.63 / fps/train 1953.07

Writing metrics: /data2/liguoqi/habmm/hab_z/btwm/runs/dreamerv3_atari_pong_seed0_v2_1m/metrics.jsonl
Writing metrics: /data2/liguoqi/habmm/hab_z/btwm/runs/dreamerv3_atari_pong_seed0_v2_1m/scores.jsonl

--------------------[Agent Step 274_160]--------------------
Metrics filtered by: 'score|length|fps|ratio|train/loss/|train/acc/|train/inv/|train/rand/'
train/acc/inv 0.14 / train/inv/ce 2.03 / train/inv/objective 1.14 / train/inv/valid_frac 1 / train/inv/weight 0 / train/loss/con 0.02 / train/loss/dyn 1.27 / train/loss/image 0.14 / train/loss/inv 0 / train/loss/policy 1.1e-3 / train/loss/rep 1.27 / train/loss/repval 2.06 / train/loss/rew 0.01 / train/loss/value 1.59 / train/rand/action 0.05 / replay/replay_ratio 264 / fps/policy 7.66 / fps/train 1960.23

Writing metrics: /data2/liguoqi/habmm/hab_z/btwm/runs/dreamerv3_atari_pong_seed0_v2_1m/metrics.jsonl
Writing metrics: /data2/liguoqi/habmm/hab_z/btwm/runs/dreamerv3_atari_pong_seed0_v2_1m/scores.jsonl

--------------------[Agent Step 277_840]--------------------
Metrics filtered by: 'score|length|fps|ratio|train/loss/|train/acc/|train/inv/|train/rand/'
train/acc/inv 0.13 / train/inv/ce 2.04 / train/inv/objective 1.14 / train/inv/valid_frac 1 / train/inv/weight 0 / train/loss/con 0.02 / train/loss/dyn 1.23 / train/loss/image 0.14 / train/loss/inv 0 / train/loss/policy 9.3e-4 / train/loss/rep 1.23 / train/loss/repval 2 / train/loss/rew 0.01 / train/loss/value 1.55 / train/rand/action 0.05 / replay/replay_ratio 264 / fps/policy 7.65 / fps/train 1957.85

Writing metrics: /data2/liguoqi/habmm/hab_z/btwm/runs/dreamerv3_atari_pong_seed0_v2_1m/metrics.jsonl
Writing metrics: /data2/liguoqi/habmm/hab_z/btwm/runs/dreamerv3_atari_pong_seed0_v2_1m/scores.jsonl

--------------------[Agent Step 281_480]--------------------
Metrics filtered by: 'score|length|fps|ratio|train/loss/|train/acc/|train/inv/|train/rand/'
episode/score -1 / episode/length 3469 / train/acc/inv 0.13 / train/inv/ce 2.05 / train/inv/objective 1.15 / train/inv/valid_frac 1 / train/inv/weight 0 / train/loss/con 0.02 / train/loss/dyn 1.23 / train/loss/image 0.14 / train/loss/inv 0 / train/loss/policy 8.5e-4 / train/loss/rep 1.23 / train/loss/repval 1.93 / train/loss/rew 0.01 / train/loss/value 1.51 / train/rand/action 0.05 / replay/replay_ratio 264 / fps/policy 7.54 / fps/train 1931

Writing metrics: /data2/liguoqi/habmm/hab_z/btwm/runs/dreamerv3_atari_pong_seed0_v2_1m/metrics.jsonl
Writing metrics: /data2/liguoqi/habmm/hab_z/btwm/runs/dreamerv3_atari_pong_seed0_v2_1m/scores.jsonl

--------------------[Agent Step 285_160]--------------------
Metrics filtered by: 'score|length|fps|ratio|train/loss/|train/acc/|train/inv/|train/rand/'
train/acc/inv 0.13 / train/inv/ce 2.04 / train/inv/objective 1.14 / train/inv/valid_frac 1 / train/inv/weight 0 / train/loss/con 0.02 / train/loss/dyn 1.24 / train/loss/image 0.14 / train/loss/inv 0 / train/loss/policy 6.9e-4 / train/loss/rep 1.24 / train/loss/repval 2.03 / train/loss/rew 0.01 / train/loss/value 1.57 / train/rand/action 0.05 / replay/replay_ratio 264 / fps/policy 7.63 / fps/train 1952.75

Writing metrics: /data2/liguoqi/habmm/hab_z/btwm/runs/dreamerv3_atari_pong_seed0_v2_1m/metrics.jsonl
Writing metrics: /data2/liguoqi/habmm/hab_z/btwm/runs/dreamerv3_atari_pong_seed0_v2_1m/scores.jsonl

--------------------[Agent Step 288_880]--------------------
Metrics filtered by: 'score|length|fps|ratio|train/loss/|train/acc/|train/inv/|train/rand/'
episode/score -10 / episode/length 2523 / train/acc/inv 0.13 / train/inv/ce 2.05 / train/inv/objective 1.15 / train/inv/valid_frac 1 / train/inv/weight 0 / train/loss/con 0.02 / train/loss/dyn 1.25 / train/loss/image 0.14 / train/loss/inv 0 / train/loss/policy 7.2e-4 / train/loss/rep 1.25 / train/loss/repval 2.09 / train/loss/rew 0.01 / train/loss/value 1.61 / train/rand/action 0.05 / replay/replay_ratio 264 / fps/policy 7.67 / fps/train 1963.07

Writing metrics: /data2/liguoqi/habmm/hab_z/btwm/runs/dreamerv3_atari_pong_seed0_v2_1m/metrics.jsonl
Writing metrics: /data2/liguoqi/habmm/hab_z/btwm/runs/dreamerv3_atari_pong_seed0_v2_1m/scores.jsonl

--------------------[Agent Step 292_600]--------------------
Metrics filtered by: 'score|length|fps|ratio|train/loss/|train/acc/|train/inv/|train/rand/'
train/acc/inv 0.13 / train/inv/ce 2.05 / train/inv/objective 1.14 / train/inv/valid_frac 1 / train/inv/weight 0 / train/loss/con 0.02 / train/loss/dyn 1.25 / train/loss/image 0.14 / train/loss/inv 0 / train/loss/policy 7.3e-4 / train/loss/rep 1.25 / train/loss/repval 2.05 / train/loss/rew 0.01 / train/loss/value 1.59 / train/rand/action 0.05 / replay/replay_ratio 264 / fps/policy 7.67 / fps/train 1964.76

Writing metrics: /data2/liguoqi/habmm/hab_z/btwm/runs/dreamerv3_atari_pong_seed0_v2_1m/metrics.jsonl
Writing metrics: /data2/liguoqi/habmm/hab_z/btwm/runs/dreamerv3_atari_pong_seed0_v2_1m/scores.jsonl

--------------------[Agent Step 296_320]--------------------
Metrics filtered by: 'score|length|fps|ratio|train/loss/|train/acc/|train/inv/|train/rand/'
train/acc/inv 0.13 / train/inv/ce 2.05 / train/inv/objective 1.14 / train/inv/valid_frac 1 / train/inv/weight 0 / train/loss/con 0.02 / train/loss/dyn 1.24 / train/loss/image 0.14 / train/loss/inv 0 / train/loss/policy 7.5e-4 / train/loss/rep 1.24 / train/loss/repval 2.09 / train/loss/rew 0.01 / train/loss/value 1.62 / train/rand/action 0.05 / replay/replay_ratio 264 / fps/policy 7.69 / fps/train 1969.58

Writing metrics: /data2/liguoqi/habmm/hab_z/btwm/runs/dreamerv3_atari_pong_seed0_v2_1m/metrics.jsonl
Writing metrics: /data2/liguoqi/habmm/hab_z/btwm/runs/dreamerv3_atari_pong_seed0_v2_1m/scores.jsonl

--------------------[Agent Step 299_920]--------------------
Metrics filtered by: 'score|length|fps|ratio|train/loss/|train/acc/|train/inv/|train/rand/'
episode/score -9 / episode/length 2620 / train/acc/inv 0.12 / train/inv/ce 2.07 / train/inv/objective 1.15 / train/inv/valid_frac 1 / train/inv/weight 0 / train/loss/con 0.02 / train/loss/dyn 1.25 / train/loss/image 0.14 / train/loss/inv 0 / train/loss/policy 8e-4 / train/loss/rep 1.25 / train/loss/repval 2.09 / train/loss/rew 0.01 / train/loss/value 1.65 / train/rand/action 0.05 / replay/replay_ratio 264 / fps/policy 7.41 / fps/train 1896.63

Writing metrics: /data2/liguoqi/habmm/hab_z/btwm/runs/dreamerv3_atari_pong_seed0_v2_1m/scores.jsonl
Writing metrics: /data2/liguoqi/habmm/hab_z/btwm/runs/dreamerv3_atari_pong_seed0_v2_1m/metrics.jsonl

--------------------[Agent Step 303_600]--------------------
Metrics filtered by: 'score|length|fps|ratio|train/loss/|train/acc/|train/inv/|train/rand/'
train/acc/inv 0.13 / train/inv/ce 2.06 / train/inv/objective 1.15 / train/inv/valid_frac 1 / train/inv/weight 0 / train/loss/con 0.02 / train/loss/dyn 1.25 / train/loss/image 0.15 / train/loss/inv 0 / train/loss/policy 1.1e-3 / train/loss/rep 1.25 / train/loss/repval 2.16 / train/loss/rew 0.01 / train/loss/value 1.68 / train/rand/action 0.05 / replay/replay_ratio 264 / fps/policy 7.67 / fps/train 1964.58

Writing metrics: /data2/liguoqi/habmm/hab_z/btwm/runs/dreamerv3_atari_pong_seed0_v2_1m/metrics.jsonl
Writing metrics: /data2/liguoqi/habmm/hab_z/btwm/runs/dreamerv3_atari_pong_seed0_v2_1m/scores.jsonl

--------------------[Agent Step 307_280]--------------------
Metrics filtered by: 'score|length|fps|ratio|train/loss/|train/acc/|train/inv/|train/rand/'
train/acc/inv 0.13 / train/inv/ce 2.05 / train/inv/objective 1.15 / train/inv/valid_frac 1 / train/inv/weight 0 / train/loss/con 0.02 / train/loss/dyn 1.24 / train/loss/image 0.14 / train/loss/inv 0 / train/loss/policy 7.3e-4 / train/loss/rep 1.24 / train/loss/repval 2.11 / train/loss/rew 0.01 / train/loss/value 1.67 / train/rand/action 0.05 / replay/replay_ratio 264 / fps/policy 7.66 / fps/train 1960.96

Writing metrics: /data2/liguoqi/habmm/hab_z/btwm/runs/dreamerv3_atari_pong_seed0_v2_1m/metrics.jsonl
Writing metrics: /data2/liguoqi/habmm/hab_z/btwm/runs/dreamerv3_atari_pong_seed0_v2_1m/scores.jsonl

--------------------[Agent Step 310_960]--------------------
Metrics filtered by: 'score|length|fps|ratio|train/loss/|train/acc/|train/inv/|train/rand/'
episode/score -9 / episode/length 2634 / train/acc/inv 0.13 / train/inv/ce 2.06 / train/inv/objective 1.15 / train/inv/valid_frac 1 / train/inv/weight 0 / train/loss/con 0.02 / train/loss/dyn 1.27 / train/loss/image 0.14 / train/loss/inv 0 / train/loss/policy 8.4e-4 / train/loss/rep 1.27 / train/loss/repval 2.11 / train/loss/rew 0.01 / train/loss/value 1.66 / train/rand/action 0.05 / replay/replay_ratio 264 / fps/policy 7.65 / fps/train 1958.13

Writing metrics: /data2/liguoqi/habmm/hab_z/btwm/runs/dreamerv3_atari_pong_seed0_v2_1m/metrics.jsonl
Writing metrics: /data2/liguoqi/habmm/hab_z/btwm/runs/dreamerv3_atari_pong_seed0_v2_1m/scores.jsonl

--------------------[Agent Step 314_680]--------------------
Metrics filtered by: 'score|length|fps|ratio|train/loss/|train/acc/|train/inv/|train/rand/'
train/acc/inv 0.13 / train/inv/ce 2.06 / train/inv/objective 1.15 / train/inv/valid_frac 1 / train/inv/weight 0 / train/loss/con 0.02 / train/loss/dyn 1.21 / train/loss/image 0.13 / train/loss/inv 0 / train/loss/policy 8.3e-4 / train/loss/rep 1.21 / train/loss/repval 2.01 / train/loss/rew 9.9e-3 / train/loss/value 1.6 / train/rand/action 0.05 / replay/replay_ratio 264 / fps/policy 7.68 / fps/train 1966.5

Writing metrics: /data2/liguoqi/habmm/hab_z/btwm/runs/dreamerv3_atari_pong_seed0_v2_1m/metrics.jsonl
Writing metrics: /data2/liguoqi/habmm/hab_z/btwm/runs/dreamerv3_atari_pong_seed0_v2_1m/scores.jsonl

--------------------[Agent Step 318_400]--------------------
Metrics filtered by: 'score|length|fps|ratio|train/loss/|train/acc/|train/inv/|train/rand/'
train/acc/inv 0.13 / train/inv/ce 2.05 / train/inv/objective 1.14 / train/inv/valid_frac 1 / train/inv/weight 0 / train/loss/con 0.02 / train/loss/dyn 1.22 / train/loss/image 0.14 / train/loss/inv 0 / train/loss/policy 8.7e-4 / train/loss/rep 1.22 / train/loss/repval 2.11 / train/loss/rew 1e-2 / train/loss/value 1.65 / train/rand/action 0.05 / replay/replay_ratio 264 / fps/policy 7.69 / fps/train 1967.64

Writing metrics: /data2/liguoqi/habmm/hab_z/btwm/runs/dreamerv3_atari_pong_seed0_v2_1m/scores.jsonl
Writing metrics: /data2/liguoqi/habmm/hab_z/btwm/runs/dreamerv3_atari_pong_seed0_v2_1m/metrics.jsonl

--------------------[Agent Step 322_120]--------------------
Metrics filtered by: 'score|length|fps|ratio|train/loss/|train/acc/|train/inv/|train/rand/'
train/acc/inv 0.13 / train/inv/ce 2.06 / train/inv/objective 1.15 / train/inv/valid_frac 1 / train/inv/weight 0 / train/loss/con 0.02 / train/loss/dyn 1.25 / train/loss/image 0.14 / train/loss/inv 0 / train/loss/policy 7.6e-4 / train/loss/rep 1.25 / train/loss/repval 2.19 / train/loss/rew 0.01 / train/loss/value 1.71 / train/rand/action 0.05 / replay/replay_ratio 264 / fps/policy 7.68 / fps/train 1966.84

Writing metrics: /data2/liguoqi/habmm/hab_z/btwm/runs/dreamerv3_atari_pong_seed0_v2_1m/metrics.jsonl
Writing metrics: /data2/liguoqi/habmm/hab_z/btwm/runs/dreamerv3_atari_pong_seed0_v2_1m/scores.jsonl

--------------------[Agent Step 325_760]--------------------
Metrics filtered by: 'score|length|fps|ratio|train/loss/|train/acc/|train/inv/|train/rand/'
episode/score -5 / episode/length 3196 / train/acc/inv 0.13 / train/inv/ce 2.06 / train/inv/objective 1.15 / train/inv/valid_frac 1 / train/inv/weight 0 / train/loss/con 0.02 / train/loss/dyn 1.26 / train/loss/image 0.14 / train/loss/inv 0 / train/loss/policy 1.1e-3 / train/loss/rep 1.26 / train/loss/repval 2.19 / train/loss/rew 1e-2 / train/loss/value 1.71 / train/rand/action 0.05 / replay/replay_ratio 264 / fps/policy 7.57 / fps/train 1936.91

Writing metrics: /data2/liguoqi/habmm/hab_z/btwm/runs/dreamerv3_atari_pong_seed0_v2_1m/metrics.jsonl
Writing metrics: /data2/liguoqi/habmm/hab_z/btwm/runs/dreamerv3_atari_pong_seed0_v2_1m/scores.jsonl
Saving checkpoint: /data2/liguoqi/habmm/hab_z/btwm/runs/dreamerv3_atari_pong_seed0_v2_1m/ckpt/20260613T213943F811237
Saved checkpoint.

--------------------[Agent Step 328_200]--------------------
Metrics filtered by: 'score|length|fps|ratio|train/loss/|train/acc/|train/inv/|train/rand/'
train/acc/inv 0.13 / train/inv/ce 2.04 / train/inv/objective 1.14 / train/inv/valid_frac 1 / train/inv/weight 0 / train/loss/con 0.02 / train/loss/dyn 1.22 / train/loss/image 0.13 / train/loss/inv 0 / train/loss/policy 1.3e-3 / train/loss/rep 1.22 / train/loss/repval 2.3 / train/loss/rew 9.9e-3 / train/loss/value 1.77 / train/rand/action 0.05 / replay/replay_ratio 264 / fps/policy 5.04 / fps/train 1289.45

Writing metrics: /data2/liguoqi/habmm/hab_z/btwm/runs/dreamerv3_atari_pong_seed0_v2_1m/scores.jsonl
Writing metrics: /data2/liguoqi/habmm/hab_z/btwm/runs/dreamerv3_atari_pong_seed0_v2_1m/metrics.jsonl

--------------------[Agent Step 331_920]--------------------
Metrics filtered by: 'score|length|fps|ratio|train/loss/|train/acc/|train/inv/|train/rand/'
train/acc/inv 0.13 / train/inv/ce 2.04 / train/inv/objective 1.14 / train/inv/valid_frac 1 / train/inv/weight 0 / train/loss/con 0.02 / train/loss/dyn 1.26 / train/loss/image 0.14 / train/loss/inv 0 / train/loss/policy 7.3e-4 / train/loss/rep 1.26 / train/loss/repval 2.18 / train/loss/rew 0.01 / train/loss/value 1.71 / train/rand/action 0.05 / replay/replay_ratio 264 / fps/policy 7.7 / fps/train 1970.64

Writing metrics: /data2/liguoqi/habmm/hab_z/btwm/runs/dreamerv3_atari_pong_seed0_v2_1m/metrics.jsonl
Writing metrics: /data2/liguoqi/habmm/hab_z/btwm/runs/dreamerv3_atari_pong_seed0_v2_1m/scores.jsonl

--------------------[Agent Step 335_600]--------------------
Metrics filtered by: 'score|length|fps|ratio|train/loss/|train/acc/|train/inv/|train/rand/'
episode/score 2 / episode/length 2992 / train/acc/inv 0.13 / train/inv/ce 2.04 / train/inv/objective 1.14 / train/inv/valid_frac 1 / train/inv/weight 0 / train/loss/con 0.02 / train/loss/dyn 1.23 / train/loss/image 0.13 / train/loss/inv 0 / train/loss/policy 1.1e-3 / train/loss/rep 1.23 / train/loss/repval 2.08 / train/loss/rew 9.9e-3 / train/loss/value 1.67 / train/rand/action 0.04 / replay/replay_ratio 264 / fps/policy 7.61 / fps/train 1949.24

Writing metrics: /data2/liguoqi/habmm/hab_z/btwm/runs/dreamerv3_atari_pong_seed0_v2_1m/metrics.jsonl
Writing metrics: /data2/liguoqi/habmm/hab_z/btwm/runs/dreamerv3_atari_pong_seed0_v2_1m/scores.jsonl

--------------------[Agent Step 339_280]--------------------
Metrics filtered by: 'score|length|fps|ratio|train/loss/|train/acc/|train/inv/|train/rand/'
train/acc/inv 0.13 / train/inv/ce 2.05 / train/inv/objective 1.15 / train/inv/valid_frac 1 / train/inv/weight 0 / train/loss/con 0.02 / train/loss/dyn 1.23 / train/loss/image 0.13 / train/loss/inv 0 / train/loss/policy 1e-3 / train/loss/rep 1.23 / train/loss/repval 2.04 / train/loss/rew 9.7e-3 / train/loss/value 1.63 / train/rand/action 0.05 / replay/replay_ratio 264 / fps/policy 7.66 / fps/train 1961.05

Writing metrics: /data2/liguoqi/habmm/hab_z/btwm/runs/dreamerv3_atari_pong_seed0_v2_1m/metrics.jsonl
Writing metrics: /data2/liguoqi/habmm/hab_z/btwm/runs/dreamerv3_atari_pong_seed0_v2_1m/scores.jsonl

--------------------[Agent Step 342_840]--------------------
Metrics filtered by: 'score|length|fps|ratio|train/loss/|train/acc/|train/inv/|train/rand/'
train/acc/inv 0.13 / train/inv/ce 2.06 / train/inv/objective 1.15 / train/inv/valid_frac 1 / train/inv/weight 0 / train/loss/con 0.02 / train/loss/dyn 1.24 / train/loss/image 0.14 / train/loss/inv 0 / train/loss/policy 4.3e-4 / train/loss/rep 1.24 / train/loss/repval 2.12 / train/loss/rew 0.01 / train/loss/value 1.64 / train/rand/action 0.05 / replay/replay_ratio 264 / fps/policy 7.41 / fps/train 1895.81

Writing metrics: /data2/liguoqi/habmm/hab_z/btwm/runs/dreamerv3_atari_pong_seed0_v2_1m/metrics.jsonl
Writing metrics: /data2/liguoqi/habmm/hab_z/btwm/runs/dreamerv3_atari_pong_seed0_v2_1m/scores.jsonl

--------------------[Agent Step 346_520]--------------------
Metrics filtered by: 'score|length|fps|ratio|train/loss/|train/acc/|train/inv/|train/rand/'
episode/score -10 / episode/length 2558 / train/acc/inv 0.13 / train/inv/ce 2.05 / train/inv/objective 1.14 / train/inv/valid_frac 1 / train/inv/weight 0 / train/loss/con 0.02 / train/loss/dyn 1.24 / train/loss/image 0.13 / train/loss/inv 0 / train/loss/policy 7.8e-4 / train/loss/rep 1.24 / train/loss/repval 2.11 / train/loss/rew 0.01 / train/loss/value 1.66 / train/rand/action 0.05 / replay/replay_ratio 264 / fps/policy 7.65 / fps/train 1959.47

Writing metrics: /data2/liguoqi/habmm/hab_z/btwm/runs/dreamerv3_atari_pong_seed0_v2_1m/metrics.jsonl
Writing metrics: /data2/liguoqi/habmm/hab_z/btwm/runs/dreamerv3_atari_pong_seed0_v2_1m/scores.jsonl

--------------------[Agent Step 350_160]--------------------
Metrics filtered by: 'score|length|fps|ratio|train/loss/|train/acc/|train/inv/|train/rand/'
train/acc/inv 0.13 / train/inv/ce 2.05 / train/inv/objective 1.14 / train/inv/valid_frac 1 / train/inv/weight 0 / train/loss/con 0.02 / train/loss/dyn 1.21 / train/loss/image 0.12 / train/loss/inv 0 / train/loss/policy 1.1e-3 / train/loss/rep 1.21 / train/loss/repval 2.14 / train/loss/rew 0.01 / train/loss/value 1.7 / train/rand/action 0.05 / replay/replay_ratio 264 / fps/policy 7.56 / fps/train 1935.8

Writing metrics: /data2/liguoqi/habmm/hab_z/btwm/runs/dreamerv3_atari_pong_seed0_v2_1m/scores.jsonl
Writing metrics: /data2/liguoqi/habmm/hab_z/btwm/runs/dreamerv3_atari_pong_seed0_v2_1m/metrics.jsonl

--------------------[Agent Step 353_880]--------------------
Metrics filtered by: 'score|length|fps|ratio|train/loss/|train/acc/|train/inv/|train/rand/'
episode/score -16 / episode/length 1577 / train/acc/inv 0.13 / train/inv/ce 2.06 / train/inv/objective 1.15 / train/inv/valid_frac 1 / train/inv/weight 0 / train/loss/con 0.02 / train/loss/dyn 1.26 / train/loss/image 0.13 / train/loss/inv 0 / train/loss/policy 7.8e-4 / train/loss/rep 1.26 / train/loss/repval 2.03 / train/loss/rew 1e-2 / train/loss/value 1.61 / train/rand/action 0.05 / replay/replay_ratio 264 / fps/policy 7.7 / fps/train 1970.86

Writing metrics: /data2/liguoqi/habmm/hab_z/btwm/runs/dreamerv3_atari_pong_seed0_v2_1m/scores.jsonl
Writing metrics: /data2/liguoqi/habmm/hab_z/btwm/runs/dreamerv3_atari_pong_seed0_v2_1m/metrics.jsonl

--------------------[Agent Step 357_560]--------------------
Metrics filtered by: 'score|length|fps|ratio|train/loss/|train/acc/|train/inv/|train/rand/'
train/acc/inv 0.12 / train/inv/ce 2.07 / train/inv/objective 1.15 / train/inv/valid_frac 1 / train/inv/weight 0 / train/loss/con 0.02 / train/loss/dyn 1.19 / train/loss/image 0.12 / train/loss/inv 0 / train/loss/policy 9.1e-4 / train/loss/rep 1.19 / train/loss/repval 2.04 / train/loss/rew 9.7e-3 / train/loss/value 1.61 / train/rand/action 0.05 / replay/replay_ratio 264 / fps/policy 7.6 / fps/train 1945.13

Writing metrics: /data2/liguoqi/habmm/hab_z/btwm/runs/dreamerv3_atari_pong_seed0_v2_1m/metrics.jsonl
Writing metrics: /data2/liguoqi/habmm/hab_z/btwm/runs/dreamerv3_atari_pong_seed0_v2_1m/scores.jsonl

--------------------[Agent Step 361_280]--------------------
Metrics filtered by: 'score|length|fps|ratio|train/loss/|train/acc/|train/inv/|train/rand/'
train/acc/inv 0.13 / train/inv/ce 2.06 / train/inv/objective 1.15 / train/inv/valid_frac 1 / train/inv/weight 0 / train/loss/con 0.02 / train/loss/dyn 1.22 / train/loss/image 0.12 / train/loss/inv 0 / train/loss/policy 7.5e-4 / train/loss/rep 1.22 / train/loss/repval 2.07 / train/loss/rew 1e-2 / train/loss/value 1.62 / train/rand/action 0.05 / replay/replay_ratio 264 / fps/policy 7.69 / fps/train 1968.16

Writing metrics: /data2/liguoqi/habmm/hab_z/btwm/runs/dreamerv3_atari_pong_seed0_v2_1m/metrics.jsonl
Writing metrics: /data2/liguoqi/habmm/hab_z/btwm/runs/dreamerv3_atari_pong_seed0_v2_1m/scores.jsonl

--------------------[Agent Step 364_920]--------------------
Metrics filtered by: 'score|length|fps|ratio|train/loss/|train/acc/|train/inv/|train/rand/'
episode/score 6 / episode/length 3012 / train/acc/inv 0.13 / train/inv/ce 2.07 / train/inv/objective 1.15 / train/inv/valid_frac 1 / train/inv/weight 0 / train/loss/con 0.02 / train/loss/dyn 1.19 / train/loss/image 0.12 / train/loss/inv 0 / train/loss/policy 8.9e-4 / train/loss/rep 1.19 / train/loss/repval 1.99 / train/loss/rew 0.01 / train/loss/value 1.58 / train/rand/action 0.05 / replay/replay_ratio 264 / fps/policy 7.52 / fps/train 1925.69

Writing metrics: /data2/liguoqi/habmm/hab_z/btwm/runs/dreamerv3_atari_pong_seed0_v2_1m/metrics.jsonl
Writing metrics: /data2/liguoqi/habmm/hab_z/btwm/runs/dreamerv3_atari_pong_seed0_v2_1m/scores.jsonl

--------------------[Agent Step 368_640]--------------------
Metrics filtered by: 'score|length|fps|ratio|train/loss/|train/acc/|train/inv/|train/rand/'
train/acc/inv 0.13 / train/inv/ce 2.05 / train/inv/objective 1.14 / train/inv/valid_frac 1 / train/inv/weight 0 / train/loss/con 0.02 / train/loss/dyn 1.22 / train/loss/image 0.13 / train/loss/inv 0 / train/loss/policy 8.1e-4 / train/loss/rep 1.22 / train/loss/repval 2.06 / train/loss/rew 9.8e-3 / train/loss/value 1.62 / train/rand/action 0.05 / replay/replay_ratio 264 / fps/policy 7.71 / fps/train 1973.95

Writing metrics: /data2/liguoqi/habmm/hab_z/btwm/runs/dreamerv3_atari_pong_seed0_v2_1m/metrics.jsonl
Writing metrics: /data2/liguoqi/habmm/hab_z/btwm/runs/dreamerv3_atari_pong_seed0_v2_1m/scores.jsonl

--------------------[Agent Step 372_360]--------------------
Metrics filtered by: 'score|length|fps|ratio|train/loss/|train/acc/|train/inv/|train/rand/'
train/acc/inv 0.12 / train/inv/ce 2.07 / train/inv/objective 1.15 / train/inv/valid_frac 1 / train/inv/weight 0 / train/loss/con 0.02 / train/loss/dyn 1.18 / train/loss/image 0.11 / train/loss/inv 0 / train/loss/policy 1e-3 / train/loss/rep 1.18 / train/loss/repval 1.98 / train/loss/rew 9.7e-3 / train/loss/value 1.54 / train/rand/action 0.05 / replay/replay_ratio 264 / fps/policy 7.69 / fps/train 1969.72

Writing metrics: /data2/liguoqi/habmm/hab_z/btwm/runs/dreamerv3_atari_pong_seed0_v2_1m/scores.jsonl
Writing metrics: /data2/liguoqi/habmm/hab_z/btwm/runs/dreamerv3_atari_pong_seed0_v2_1m/metrics.jsonl

--------------------[Agent Step 376_080]--------------------
Metrics filtered by: 'score|length|fps|ratio|train/loss/|train/acc/|train/inv/|train/rand/'
episode/score 12 / episode/length 2571 / train/acc/inv 0.13 / train/inv/ce 2.06 / train/inv/objective 1.15 / train/inv/valid_frac 1 / train/inv/weight 0 / train/loss/con 0.02 / train/loss/dyn 1.21 / train/loss/image 0.12 / train/loss/inv 0 / train/loss/policy 7.5e-4 / train/loss/rep 1.21 / train/loss/repval 1.96 / train/loss/rew 9.9e-3 / train/loss/value 1.53 / train/rand/action 0.05 / replay/replay_ratio 264 / fps/policy 7.7 / fps/train 1970.65

Writing metrics: /data2/liguoqi/habmm/hab_z/btwm/runs/dreamerv3_atari_pong_seed0_v2_1m/metrics.jsonl
Writing metrics: /data2/liguoqi/habmm/hab_z/btwm/runs/dreamerv3_atari_pong_seed0_v2_1m/scores.jsonl

--------------------[Agent Step 379_800]--------------------
Metrics filtered by: 'score|length|fps|ratio|train/loss/|train/acc/|train/inv/|train/rand/'
train/acc/inv 0.13 / train/inv/ce 2.06 / train/inv/objective 1.15 / train/inv/valid_frac 1 / train/inv/weight 0 / train/loss/con 0.02 / train/loss/dyn 1.24 / train/loss/image 0.12 / train/loss/inv 0 / train/loss/policy 8.4e-4 / train/loss/rep 1.24 / train/loss/repval 1.97 / train/loss/rew 0.01 / train/loss/value 1.56 / train/rand/action 0.05 / replay/replay_ratio 264 / fps/policy 7.7 / fps/train 1970.46

Writing metrics: /data2/liguoqi/habmm/hab_z/btwm/runs/dreamerv3_atari_pong_seed0_v2_1m/metrics.jsonl
Writing metrics: /data2/liguoqi/habmm/hab_z/btwm/runs/dreamerv3_atari_pong_seed0_v2_1m/scores.jsonl

--------------------[Agent Step 383_520]--------------------
Metrics filtered by: 'score|length|fps|ratio|train/loss/|train/acc/|train/inv/|train/rand/'
episode/score 8 / episode/length 2531 / train/acc/inv 0.13 / train/inv/ce 2.06 / train/inv/objective 1.15 / train/inv/valid_frac 1 / train/inv/weight 0 / train/loss/con 0.02 / train/loss/dyn 1.2 / train/loss/image 0.11 / train/loss/inv 0 / train/loss/policy 7.6e-4 / train/loss/rep 1.2 / train/loss/repval 2.02 / train/loss/rew 9.9e-3 / train/loss/value 1.58 / train/rand/action 0.05 / replay/replay_ratio 264 / fps/policy 7.69 / fps/train 1969.52

Writing metrics: /data2/liguoqi/habmm/hab_z/btwm/runs/dreamerv3_atari_pong_seed0_v2_1m/metrics.jsonl
Writing metrics: /data2/liguoqi/habmm/hab_z/btwm/runs/dreamerv3_atari_pong_seed0_v2_1m/scores.jsonl

--------------------[Agent Step 387_120]--------------------
Metrics filtered by: 'score|length|fps|ratio|train/loss/|train/acc/|train/inv/|train/rand/'
train/acc/inv 0.13 / train/inv/ce 2.05 / train/inv/objective 1.15 / train/inv/valid_frac 1 / train/inv/weight 0 / train/loss/con 0.02 / train/loss/dyn 1.19 / train/loss/image 0.11 / train/loss/inv 0 / train/loss/policy 1.1e-3 / train/loss/rep 1.19 / train/loss/repval 1.99 / train/loss/rew 9.7e-3 / train/loss/value 1.56 / train/rand/action 0.05 / replay/replay_ratio 264 / fps/policy 7.47 / fps/train 1911.48

Writing metrics: /data2/liguoqi/habmm/hab_z/btwm/runs/dreamerv3_atari_pong_seed0_v2_1m/metrics.jsonl
Writing metrics: /data2/liguoqi/habmm/hab_z/btwm/runs/dreamerv3_atari_pong_seed0_v2_1m/scores.jsonl

--------------------[Agent Step 390_800]--------------------
Metrics filtered by: 'score|length|fps|ratio|train/loss/|train/acc/|train/inv/|train/rand/'
train/acc/inv 0.12 / train/inv/ce 2.06 / train/inv/objective 1.15 / train/inv/valid_frac 1 / train/inv/weight 0 / train/loss/con 0.02 / train/loss/dyn 1.2 / train/loss/image 0.11 / train/loss/inv 0 / train/loss/policy 7e-4 / train/loss/rep 1.2 / train/loss/repval 1.88 / train/loss/rew 9.8e-3 / train/loss/value 1.47 / train/rand/action 0.05 / replay/replay_ratio 264 / fps/policy 7.6 / fps/train 1945.94

Writing metrics: /data2/liguoqi/habmm/hab_z/btwm/runs/dreamerv3_atari_pong_seed0_v2_1m/metrics.jsonl
Writing metrics: /data2/liguoqi/habmm/hab_z/btwm/runs/dreamerv3_atari_pong_seed0_v2_1m/scores.jsonl

--------------------[Agent Step 394_520]--------------------
Metrics filtered by: 'score|length|fps|ratio|train/loss/|train/acc/|train/inv/|train/rand/'
episode/score -13 / episode/length 1942 / train/acc/inv 0.12 / train/inv/ce 2.07 / train/inv/objective 1.15 / train/inv/valid_frac 1 / train/inv/weight 0 / train/loss/con 0.02 / train/loss/dyn 1.21 / train/loss/image 0.12 / train/loss/inv 0 / train/loss/policy 5.2e-4 / train/loss/rep 1.21 / train/loss/repval 1.96 / train/loss/rew 0.01 / train/loss/value 1.52 / train/rand/action 0.05 / replay/replay_ratio 264 / fps/policy 7.68 / fps/train 1965.4

Writing metrics: /data2/liguoqi/habmm/hab_z/btwm/runs/dreamerv3_atari_pong_seed0_v2_1m/scores.jsonl
Writing metrics: /data2/liguoqi/habmm/hab_z/btwm/runs/dreamerv3_atari_pong_seed0_v2_1m/metrics.jsonl

--------------------[Agent Step 398_240]--------------------
Metrics filtered by: 'score|length|fps|ratio|train/loss/|train/acc/|train/inv/|train/rand/'
train/acc/inv 0.12 / train/inv/ce 2.06 / train/inv/objective 1.15 / train/inv/valid_frac 1 / train/inv/weight 0 / train/loss/con 0.02 / train/loss/dyn 1.23 / train/loss/image 0.12 / train/loss/inv 0 / train/loss/policy 5.9e-4 / train/loss/rep 1.23 / train/loss/repval 1.97 / train/loss/rew 9.6e-3 / train/loss/value 1.53 / train/rand/action 0.05 / replay/replay_ratio 264 / fps/policy 7.67 / fps/train 1963.65

Writing metrics: /data2/liguoqi/habmm/hab_z/btwm/runs/dreamerv3_atari_pong_seed0_v2_1m/scores.jsonl
Writing metrics: /data2/liguoqi/habmm/hab_z/btwm/runs/dreamerv3_atari_pong_seed0_v2_1m/metrics.jsonl

--------------------[Agent Step 401_960]--------------------
Metrics filtered by: 'score|length|fps|ratio|train/loss/|train/acc/|train/inv/|train/rand/'
train/acc/inv 0.12 / train/inv/ce 2.06 / train/inv/objective 1.15 / train/inv/valid_frac 1 / train/inv/weight 0 / train/loss/con 0.02 / train/loss/dyn 1.23 / train/loss/image 0.12 / train/loss/inv 0 / train/loss/policy 7.6e-4 / train/loss/rep 1.23 / train/loss/repval 2.08 / train/loss/rew 0.01 / train/loss/value 1.61 / train/rand/action 0.04 / replay/replay_ratio 264 / fps/policy 7.71 / fps/train 1974.8

Writing metrics: /data2/liguoqi/habmm/hab_z/btwm/runs/dreamerv3_atari_pong_seed0_v2_1m/scores.jsonl
Writing metrics: /data2/liguoqi/habmm/hab_z/btwm/runs/dreamerv3_atari_pong_seed0_v2_1m/metrics.jsonl

--------------------[Agent Step 405_640]--------------------
Metrics filtered by: 'score|length|fps|ratio|train/loss/|train/acc/|train/inv/|train/rand/'
episode/score -5 / episode/length 2990 / train/acc/inv 0.12 / train/inv/ce 2.06 / train/inv/objective 1.15 / train/inv/valid_frac 1 / train/inv/weight 0 / train/loss/con 0.02 / train/loss/dyn 1.23 / train/loss/image 0.12 / train/loss/inv 0 / train/loss/policy 4.5e-4 / train/loss/rep 1.23 / train/loss/repval 2.13 / train/loss/rew 9.9e-3 / train/loss/value 1.63 / train/rand/action 0.05 / replay/replay_ratio 264 / fps/policy 7.58 / fps/train 1941.63

Writing metrics: /data2/liguoqi/habmm/hab_z/btwm/runs/dreamerv3_atari_pong_seed0_v2_1m/scores.jsonl
Writing metrics: /data2/liguoqi/habmm/hab_z/btwm/runs/dreamerv3_atari_pong_seed0_v2_1m/metrics.jsonl

--------------------[Agent Step 409_320]--------------------
Metrics filtered by: 'score|length|fps|ratio|train/loss/|train/acc/|train/inv/|train/rand/'
train/acc/inv 0.12 / train/inv/ce 2.07 / train/inv/objective 1.16 / train/inv/valid_frac 1 / train/inv/weight 0 / train/loss/con 0.02 / train/loss/dyn 1.22 / train/loss/image 0.12 / train/loss/inv 0 / train/loss/policy 6.6e-4 / train/loss/rep 1.22 / train/loss/repval 2.15 / train/loss/rew 9.7e-3 / train/loss/value 1.68 / train/rand/action 0.04 / replay/replay_ratio 264 / fps/policy 7.69 / fps/train 1968.64

Writing metrics: /data2/liguoqi/habmm/hab_z/btwm/runs/dreamerv3_atari_pong_seed0_v2_1m/scores.jsonl
Writing metrics: /data2/liguoqi/habmm/hab_z/btwm/runs/dreamerv3_atari_pong_seed0_v2_1m/metrics.jsonl

--------------------[Agent Step 413_000]--------------------
Metrics filtered by: 'score|length|fps|ratio|train/loss/|train/acc/|train/inv/|train/rand/'
train/acc/inv 0.12 / train/inv/ce 2.08 / train/inv/objective 1.16 / train/inv/valid_frac 1 / train/inv/weight 0 / train/loss/con 0.02 / train/loss/dyn 1.22 / train/loss/image 0.12 / train/loss/inv 0 / train/loss/policy 9.7e-4 / train/loss/rep 1.22 / train/loss/repval 2.01 / train/loss/rew 0.01 / train/loss/value 1.6 / train/rand/action 0.04 / replay/replay_ratio 264 / fps/policy 7.63 / fps/train 1953.5

Writing metrics: /data2/liguoqi/habmm/hab_z/btwm/runs/dreamerv3_atari_pong_seed0_v2_1m/scores.jsonl
Writing metrics: /data2/liguoqi/habmm/hab_z/btwm/runs/dreamerv3_atari_pong_seed0_v2_1m/metrics.jsonl

--------------------[Agent Step 416_600]--------------------
Metrics filtered by: 'score|length|fps|ratio|train/loss/|train/acc/|train/inv/|train/rand/'
episode/score 8 / episode/length 2872 / train/acc/inv 0.12 / train/inv/ce 2.08 / train/inv/objective 1.16 / train/inv/valid_frac 1 / train/inv/weight 0 / train/loss/con 0.02 / train/loss/dyn 1.18 / train/loss/image 0.11 / train/loss/inv 0 / train/loss/policy 6.8e-4 / train/loss/rep 1.18 / train/loss/repval 1.99 / train/loss/rew 9.7e-3 / train/loss/value 1.54 / train/rand/action 0.04 / replay/replay_ratio 264 / fps/policy 7.5 / fps/train 1919.42

Writing metrics: /data2/liguoqi/habmm/hab_z/btwm/runs/dreamerv3_atari_pong_seed0_v2_1m/metrics.jsonl
Writing metrics: /data2/liguoqi/habmm/hab_z/btwm/runs/dreamerv3_atari_pong_seed0_v2_1m/scores.jsonl

--------------------[Agent Step 419_880]--------------------
Metrics filtered by: 'score|length|fps|ratio|train/loss/|train/acc/|train/inv/|train/rand/'
train/acc/inv 0.13 / train/inv/ce 2.06 / train/inv/objective 1.15 / train/inv/valid_frac 1 / train/inv/weight 0 / train/loss/con 0.02 / train/loss/dyn 1.19 / train/loss/image 0.11 / train/loss/inv 0 / train/loss/policy 9.3e-4 / train/loss/rep 1.19 / train/loss/repval 2.03 / train/loss/rew 9.5e-3 / train/loss/value 1.58 / train/rand/action 0.04 / replay/replay_ratio 264 / fps/policy 6.83 / fps/train 1747.51

Writing metrics: /data2/liguoqi/habmm/hab_z/btwm/runs/dreamerv3_atari_pong_seed0_v2_1m/metrics.jsonl
Writing metrics: /data2/liguoqi/habmm/hab_z/btwm/runs/dreamerv3_atari_pong_seed0_v2_1m/scores.jsonl

--------------------[Agent Step 423_600]--------------------
Metrics filtered by: 'score|length|fps|ratio|train/loss/|train/acc/|train/inv/|train/rand/'
episode/score 17 / episode/length 1797 / train/acc/inv 0.12 / train/inv/ce 2.07 / train/inv/objective 1.15 / train/inv/valid_frac 1 / train/inv/weight 0 / train/loss/con 0.02 / train/loss/dyn 1.2 / train/loss/image 0.11 / train/loss/inv 0 / train/loss/policy 6.7e-4 / train/loss/rep 1.2 / train/loss/repval 1.99 / train/loss/rew 9.8e-3 / train/loss/value 1.54 / train/rand/action 0.04 / replay/replay_ratio 264 / fps/policy 7.71 / fps/train 1973.76

Writing metrics: /data2/liguoqi/habmm/hab_z/btwm/runs/dreamerv3_atari_pong_seed0_v2_1m/metrics.jsonl
Writing metrics: /data2/liguoqi/habmm/hab_z/btwm/runs/dreamerv3_atari_pong_seed0_v2_1m/scores.jsonl

--------------------[Agent Step 427_320]--------------------
Metrics filtered by: 'score|length|fps|ratio|train/loss/|train/acc/|train/inv/|train/rand/'
train/acc/inv 0.12 / train/inv/ce 2.07 / train/inv/objective 1.16 / train/inv/valid_frac 1 / train/inv/weight 0 / train/loss/con 0.02 / train/loss/dyn 1.23 / train/loss/image 0.12 / train/loss/inv 0 / train/loss/policy 6.3e-4 / train/loss/rep 1.23 / train/loss/repval 1.99 / train/loss/rew 9.8e-3 / train/loss/value 1.55 / train/rand/action 0.04 / replay/replay_ratio 264 / fps/policy 7.71 / fps/train 1973.1

Writing metrics: /data2/liguoqi/habmm/hab_z/btwm/runs/dreamerv3_atari_pong_seed0_v2_1m/metrics.jsonl
Writing metrics: /data2/liguoqi/habmm/hab_z/btwm/runs/dreamerv3_atari_pong_seed0_v2_1m/scores.jsonl

--------------------[Agent Step 430_760]--------------------
Metrics filtered by: 'score|length|fps|ratio|train/loss/|train/acc/|train/inv/|train/rand/'
train/acc/inv 0.12 / train/inv/ce 2.05 / train/inv/objective 1.15 / train/inv/valid_frac 1 / train/inv/weight 0 / train/loss/con 0.02 / train/loss/dyn 1.22 / train/loss/image 0.11 / train/loss/inv 0 / train/loss/policy 8.4e-4 / train/loss/rep 1.22 / train/loss/repval 1.97 / train/loss/rew 9.7e-3 / train/loss/value 1.54 / train/rand/action 0.04 / replay/replay_ratio 264 / fps/policy 7.14 / fps/train 1828.43

Writing metrics: /data2/liguoqi/habmm/hab_z/btwm/runs/dreamerv3_atari_pong_seed0_v2_1m/metrics.jsonl
Writing metrics: /data2/liguoqi/habmm/hab_z/btwm/runs/dreamerv3_atari_pong_seed0_v2_1m/scores.jsonl

--------------------[Agent Step 434_400]--------------------
Metrics filtered by: 'score|length|fps|ratio|train/loss/|train/acc/|train/inv/|train/rand/'
episode/score -6 / episode/length 2647 / train/acc/inv 0.12 / train/inv/ce 2.06 / train/inv/objective 1.15 / train/inv/valid_frac 1 / train/inv/weight 0 / train/loss/con 0.02 / train/loss/dyn 1.22 / train/loss/image 0.11 / train/loss/inv 0 / train/loss/policy 4.3e-4 / train/loss/rep 1.22 / train/loss/repval 1.95 / train/loss/rew 9.8e-3 / train/loss/value 1.5 / train/rand/action 0.04 / replay/replay_ratio 264 / fps/policy 7.5 / fps/train 1920.3

Writing metrics: /data2/liguoqi/habmm/hab_z/btwm/runs/dreamerv3_atari_pong_seed0_v2_1m/metrics.jsonl
Writing metrics: /data2/liguoqi/habmm/hab_z/btwm/runs/dreamerv3_atari_pong_seed0_v2_1m/scores.jsonl
Saving checkpoint: /data2/liguoqi/habmm/hab_z/btwm/runs/dreamerv3_atari_pong_seed0_v2_1m/ckpt/20260613T223944F831336
Saved checkpoint.

--------------------[Agent Step 436_440]--------------------
Metrics filtered by: 'score|length|fps|ratio|train/loss/|train/acc/|train/inv/|train/rand/'
train/acc/inv 0.12 / train/inv/ce 2.06 / train/inv/objective 1.15 / train/inv/valid_frac 1 / train/inv/weight 0 / train/loss/con 0.02 / train/loss/dyn 1.21 / train/loss/image 0.12 / train/loss/inv 0 / train/loss/policy 4.6e-4 / train/loss/rep 1.21 / train/loss/repval 2.16 / train/loss/rew 9.6e-3 / train/loss/value 1.62 / train/rand/action 0.05 / replay/replay_ratio 264 / fps/policy 4.23 / fps/train 1082.22

Writing metrics: /data2/liguoqi/habmm/hab_z/btwm/runs/dreamerv3_atari_pong_seed0_v2_1m/metrics.jsonl
Writing metrics: /data2/liguoqi/habmm/hab_z/btwm/runs/dreamerv3_atari_pong_seed0_v2_1m/scores.jsonl

--------------------[Agent Step 440_120]--------------------
Metrics filtered by: 'score|length|fps|ratio|train/loss/|train/acc/|train/inv/|train/rand/'
train/acc/inv 0.12 / train/inv/ce 2.06 / train/inv/objective 1.15 / train/inv/valid_frac 1 / train/inv/weight 0 / train/loss/con 0.02 / train/loss/dyn 1.19 / train/loss/image 0.11 / train/loss/inv 0 / train/loss/policy 9.5e-4 / train/loss/rep 1.19 / train/loss/repval 2.06 / train/loss/rew 9.9e-3 / train/loss/value 1.6 / train/rand/action 0.05 / replay/replay_ratio 264 / fps/policy 7.63 / fps/train 1953.49

Writing metrics: /data2/liguoqi/habmm/hab_z/btwm/runs/dreamerv3_atari_pong_seed0_v2_1m/scores.jsonl
Writing metrics: /data2/liguoqi/habmm/hab_z/btwm/runs/dreamerv3_atari_pong_seed0_v2_1m/metrics.jsonl

--------------------[Agent Step 443_840]--------------------
Metrics filtered by: 'score|length|fps|ratio|train/loss/|train/acc/|train/inv/|train/rand/'
train/acc/inv 0.12 / train/inv/ce 2.05 / train/inv/objective 1.15 / train/inv/valid_frac 1 / train/inv/weight 0 / train/loss/con 0.02 / train/loss/dyn 1.18 / train/loss/image 0.11 / train/loss/inv 0 / train/loss/policy 5.7e-4 / train/loss/rep 1.18 / train/loss/repval 2 / train/loss/rew 9.8e-3 / train/loss/value 1.53 / train/rand/action 0.05 / replay/replay_ratio 264 / fps/policy 7.71 / fps/train 1973.18

Writing metrics: /data2/liguoqi/habmm/hab_z/btwm/runs/dreamerv3_atari_pong_seed0_v2_1m/metrics.jsonl
Writing metrics: /data2/liguoqi/habmm/hab_z/btwm/runs/dreamerv3_atari_pong_seed0_v2_1m/scores.jsonl

--------------------[Agent Step 447_560]--------------------
Metrics filtered by: 'score|length|fps|ratio|train/loss/|train/acc/|train/inv/|train/rand/'
episode/score -4 / episode/length 2982 / train/acc/inv 0.12 / train/inv/ce 2.07 / train/inv/objective 1.15 / train/inv/valid_frac 1 / train/inv/weight 0 / train/loss/con 0.02 / train/loss/dyn 1.21 / train/loss/image 0.11 / train/loss/inv 0 / train/loss/policy 5.3e-4 / train/loss/rep 1.21 / train/loss/repval 2.02 / train/loss/rew 9.8e-3 / train/loss/value 1.56 / train/rand/action 0.05 / replay/replay_ratio 264 / fps/policy 7.7 / fps/train 1971.59

Writing metrics: /data2/liguoqi/habmm/hab_z/btwm/runs/dreamerv3_atari_pong_seed0_v2_1m/scores.jsonl
Writing metrics: /data2/liguoqi/habmm/hab_z/btwm/runs/dreamerv3_atari_pong_seed0_v2_1m/metrics.jsonl

--------------------[Agent Step 451_280]--------------------
Metrics filtered by: 'score|length|fps|ratio|train/loss/|train/acc/|train/inv/|train/rand/'
train/acc/inv 0.12 / train/inv/ce 2.07 / train/inv/objective 1.16 / train/inv/valid_frac 1 / train/inv/weight 0 / train/loss/con 0.02 / train/loss/dyn 1.19 / train/loss/image 0.11 / train/loss/inv 0 / train/loss/policy 7.1e-4 / train/loss/rep 1.19 / train/loss/repval 2.01 / train/loss/rew 9.8e-3 / train/loss/value 1.56 / train/rand/action 0.05 / replay/replay_ratio 264 / fps/policy 7.71 / fps/train 1972.98

Writing metrics: /data2/liguoqi/habmm/hab_z/btwm/runs/dreamerv3_atari_pong_seed0_v2_1m/scores.jsonl
Writing metrics: /data2/liguoqi/habmm/hab_z/btwm/runs/dreamerv3_atari_pong_seed0_v2_1m/metrics.jsonl

--------------------[Agent Step 454_920]--------------------
Metrics filtered by: 'score|length|fps|ratio|train/loss/|train/acc/|train/inv/|train/rand/'
episode/score 8 / episode/length 2574 / train/acc/inv 0.12 / train/inv/ce 2.08 / train/inv/objective 1.16 / train/inv/valid_frac 1 / train/inv/weight 0 / train/loss/con 0.02 / train/loss/dyn 1.21 / train/loss/image 0.11 / train/loss/inv 0 / train/loss/policy 7.8e-4 / train/loss/rep 1.21 / train/loss/repval 2.01 / train/loss/rew 9.7e-3 / train/loss/value 1.56 / train/rand/action 0.04 / replay/replay_ratio 264 / fps/policy 7.51 / fps/train 1923

Writing metrics: /data2/liguoqi/habmm/hab_z/btwm/runs/dreamerv3_atari_pong_seed0_v2_1m/scores.jsonl
Writing metrics: /data2/liguoqi/habmm/hab_z/btwm/runs/dreamerv3_atari_pong_seed0_v2_1m/metrics.jsonl

--------------------[Agent Step 458_600]--------------------
Metrics filtered by: 'score|length|fps|ratio|train/loss/|train/acc/|train/inv/|train/rand/'
train/acc/inv 0.12 / train/inv/ce 2.07 / train/inv/objective 1.16 / train/inv/valid_frac 1 / train/inv/weight 0 / train/loss/con 0.02 / train/loss/dyn 1.2 / train/loss/image 0.11 / train/loss/inv 0 / train/loss/policy 5.2e-4 / train/loss/rep 1.2 / train/loss/repval 1.99 / train/loss/rew 9.9e-3 / train/loss/value 1.55 / train/rand/action 0.04 / replay/replay_ratio 264 / fps/policy 7.63 / fps/train 1954.35

Writing metrics: /data2/liguoqi/habmm/hab_z/btwm/runs/dreamerv3_atari_pong_seed0_v2_1m/scores.jsonl
Writing metrics: /data2/liguoqi/habmm/hab_z/btwm/runs/dreamerv3_atari_pong_seed0_v2_1m/metrics.jsonl

--------------------[Agent Step 462_240]--------------------
Metrics filtered by: 'score|length|fps|ratio|train/loss/|train/acc/|train/inv/|train/rand/'
train/acc/inv 0.12 / train/inv/ce 2.06 / train/inv/objective 1.15 / train/inv/valid_frac 1 / train/inv/weight 0 / train/loss/con 0.02 / train/loss/dyn 1.18 / train/loss/image 0.1 / train/loss/inv 0 / train/loss/policy 8e-4 / train/loss/rep 1.18 / train/loss/repval 2.05 / train/loss/rew 9.6e-3 / train/loss/value 1.61 / train/rand/action 0.04 / replay/replay_ratio 264 / fps/policy 7.57 / fps/train 1937.54

Writing metrics: /data2/liguoqi/habmm/hab_z/btwm/runs/dreamerv3_atari_pong_seed0_v2_1m/metrics.jsonl
Writing metrics: /data2/liguoqi/habmm/hab_z/btwm/runs/dreamerv3_atari_pong_seed0_v2_1m/scores.jsonl

--------------------[Agent Step 465_920]--------------------
Metrics filtered by: 'score|length|fps|ratio|train/loss/|train/acc/|train/inv/|train/rand/'
episode/score 12 / episode/length 2245 / train/acc/inv 0.12 / train/inv/ce 2.07 / train/inv/objective 1.15 / train/inv/valid_frac 1 / train/inv/weight 0 / train/loss/con 0.02 / train/loss/dyn 1.19 / train/loss/image 0.1 / train/loss/inv 0 / train/loss/policy 6e-4 / train/loss/rep 1.19 / train/loss/repval 1.87 / train/loss/rew 9.4e-3 / train/loss/value 1.48 / train/rand/action 0.04 / replay/replay_ratio 264 / fps/policy 7.6 / fps/train 1944.66

Writing metrics: /data2/liguoqi/habmm/hab_z/btwm/runs/dreamerv3_atari_pong_seed0_v2_1m/scores.jsonl
Writing metrics: /data2/liguoqi/habmm/hab_z/btwm/runs/dreamerv3_atari_pong_seed0_v2_1m/metrics.jsonl

--------------------[Agent Step 469_520]--------------------
Metrics filtered by: 'score|length|fps|ratio|train/loss/|train/acc/|train/inv/|train/rand/'
train/acc/inv 0.12 / train/inv/ce 2.06 / train/inv/objective 1.15 / train/inv/valid_frac 1 / train/inv/weight 0 / train/loss/con 0.02 / train/loss/dyn 1.22 / train/loss/image 0.11 / train/loss/inv 0 / train/loss/policy 6.1e-4 / train/loss/rep 1.22 / train/loss/repval 1.85 / train/loss/rew 9.9e-3 / train/loss/value 1.47 / train/rand/action 0.05 / replay/replay_ratio 264 / fps/policy 7.48 / fps/train 1913.92

Writing metrics: /data2/liguoqi/habmm/hab_z/btwm/runs/dreamerv3_atari_pong_seed0_v2_1m/metrics.jsonl
Writing metrics: /data2/liguoqi/habmm/hab_z/btwm/runs/dreamerv3_atari_pong_seed0_v2_1m/scores.jsonl

--------------------[Agent Step 473_240]--------------------
Metrics filtered by: 'score|length|fps|ratio|train/loss/|train/acc/|train/inv/|train/rand/'
train/acc/inv 0.12 / train/inv/ce 2.06 / train/inv/objective 1.15 / train/inv/valid_frac 1 / train/inv/weight 0 / train/loss/con 0.02 / train/loss/dyn 1.2 / train/loss/image 0.11 / train/loss/inv 0 / train/loss/policy 6.5e-4 / train/loss/rep 1.2 / train/loss/repval 1.88 / train/loss/rew 9.7e-3 / train/loss/value 1.47 / train/rand/action 0.04 / replay/replay_ratio 264 / fps/policy 7.68 / fps/train 1964.93

Writing metrics: /data2/liguoqi/habmm/hab_z/btwm/runs/dreamerv3_atari_pong_seed0_v2_1m/metrics.jsonl
Writing metrics: /data2/liguoqi/habmm/hab_z/btwm/runs/dreamerv3_atari_pong_seed0_v2_1m/scores.jsonl

--------------------[Agent Step 476_960]--------------------
Metrics filtered by: 'score|length|fps|ratio|train/loss/|train/acc/|train/inv/|train/rand/'
episode/score -5 / episode/length 2810 / train/acc/inv 0.12 / train/inv/ce 2.07 / train/inv/objective 1.16 / train/inv/valid_frac 1 / train/inv/weight 0 / train/loss/con 0.02 / train/loss/dyn 1.2 / train/loss/image 0.11 / train/loss/inv 0 / train/loss/policy 6.9e-4 / train/loss/rep 1.2 / train/loss/repval 1.98 / train/loss/rew 9.8e-3 / train/loss/value 1.53 / train/rand/action 0.04 / replay/replay_ratio 264 / fps/policy 7.71 / fps/train 1974.88

Writing metrics: /data2/liguoqi/habmm/hab_z/btwm/runs/dreamerv3_atari_pong_seed0_v2_1m/metrics.jsonl
Writing metrics: /data2/liguoqi/habmm/hab_z/btwm/runs/dreamerv3_atari_pong_seed0_v2_1m/scores.jsonl

--------------------[Agent Step 480_680]--------------------
Metrics filtered by: 'score|length|fps|ratio|train/loss/|train/acc/|train/inv/|train/rand/'
train/acc/inv 0.12 / train/inv/ce 2.07 / train/inv/objective 1.16 / train/inv/valid_frac 1 / train/inv/weight 0 / train/loss/con 0.02 / train/loss/dyn 1.19 / train/loss/image 0.11 / train/loss/inv 0 / train/loss/policy 6.2e-4 / train/loss/rep 1.19 / train/loss/repval 2.02 / train/loss/rew 9.9e-3 / train/loss/value 1.57 / train/rand/action 0.04 / replay/replay_ratio 264 / fps/policy 7.71 / fps/train 1974.72

Writing metrics: /data2/liguoqi/habmm/hab_z/btwm/runs/dreamerv3_atari_pong_seed0_v2_1m/metrics.jsonl
Writing metrics: /data2/liguoqi/habmm/hab_z/btwm/runs/dreamerv3_atari_pong_seed0_v2_1m/scores.jsonl

--------------------[Agent Step 484_360]--------------------
Metrics filtered by: 'score|length|fps|ratio|train/loss/|train/acc/|train/inv/|train/rand/'
train/acc/inv 0.12 / train/inv/ce 2.06 / train/inv/objective 1.15 / train/inv/valid_frac 1 / train/inv/weight 0 / train/loss/con 0.02 / train/loss/dyn 1.2 / train/loss/image 0.11 / train/loss/inv 0 / train/loss/policy 3.6e-4 / train/loss/rep 1.2 / train/loss/repval 2.02 / train/loss/rew 9.6e-3 / train/loss/value 1.57 / train/rand/action 0.04 / replay/replay_ratio 264 / fps/policy 7.65 / fps/train 1958.22

Writing metrics: /data2/liguoqi/habmm/hab_z/btwm/runs/dreamerv3_atari_pong_seed0_v2_1m/metrics.jsonl
Writing metrics: /data2/liguoqi/habmm/hab_z/btwm/runs/dreamerv3_atari_pong_seed0_v2_1m/scores.jsonl

--------------------[Agent Step 488_040]--------------------
Metrics filtered by: 'score|length|fps|ratio|train/loss/|train/acc/|train/inv/|train/rand/'
episode/score -3 / episode/length 2986 / train/acc/inv 0.12 / train/inv/ce 2.06 / train/inv/objective 1.15 / train/inv/valid_frac 1 / train/inv/weight 0 / train/loss/con 0.02 / train/loss/dyn 1.25 / train/loss/image 0.11 / train/loss/inv 0 / train/loss/policy 7.6e-4 / train/loss/rep 1.25 / train/loss/repval 2.02 / train/loss/rew 0.01 / train/loss/value 1.57 / train/rand/action 0.04 / replay/replay_ratio 264 / fps/policy 7.63 / fps/train 1952.13

Writing metrics: /data2/liguoqi/habmm/hab_z/btwm/runs/dreamerv3_atari_pong_seed0_v2_1m/scores.jsonl
Writing metrics: /data2/liguoqi/habmm/hab_z/btwm/runs/dreamerv3_atari_pong_seed0_v2_1m/metrics.jsonl

--------------------[Agent Step 491_720]--------------------
Metrics filtered by: 'score|length|fps|ratio|train/loss/|train/acc/|train/inv/|train/rand/'
train/acc/inv 0.13 / train/inv/ce 2.04 / train/inv/objective 1.14 / train/inv/valid_frac 1 / train/inv/weight 0 / train/loss/con 0.02 / train/loss/dyn 1.18 / train/loss/image 0.1 / train/loss/inv 0 / train/loss/policy 5.4e-4 / train/loss/rep 1.18 / train/loss/repval 1.95 / train/loss/rew 9.6e-3 / train/loss/value 1.51 / train/rand/action 0.04 / replay/replay_ratio 264 / fps/policy 7.65 / fps/train 1957.86

Writing metrics: /data2/liguoqi/habmm/hab_z/btwm/runs/dreamerv3_atari_pong_seed0_v2_1m/scores.jsonl
Writing metrics: /data2/liguoqi/habmm/hab_z/btwm/runs/dreamerv3_atari_pong_seed0_v2_1m/metrics.jsonl

--------------------[Agent Step 495_440]--------------------
Metrics filtered by: 'score|length|fps|ratio|train/loss/|train/acc/|train/inv/|train/rand/'
train/acc/inv 0.12 / train/inv/ce 2.05 / train/inv/objective 1.14 / train/inv/valid_frac 1 / train/inv/weight 0 / train/loss/con 0.02 / train/loss/dyn 1.17 / train/loss/image 0.1 / train/loss/inv 0 / train/loss/policy 8.7e-4 / train/loss/rep 1.17 / train/loss/repval 1.96 / train/loss/rew 9.7e-3 / train/loss/value 1.54 / train/rand/action 0.04 / replay/replay_ratio 264 / fps/policy 7.72 / fps/train 1976.63

Writing metrics: /data2/liguoqi/habmm/hab_z/btwm/runs/dreamerv3_atari_pong_seed0_v2_1m/scores.jsonl
Writing metrics: /data2/liguoqi/habmm/hab_z/btwm/runs/dreamerv3_atari_pong_seed0_v2_1m/metrics.jsonl

--------------------[Agent Step 499_160]--------------------
Metrics filtered by: 'score|length|fps|ratio|train/loss/|train/acc/|train/inv/|train/rand/'
episode/score 11 / episode/length 2222 / train/acc/inv 0.12 / train/inv/ce 2.06 / train/inv/objective 1.15 / train/inv/valid_frac 1 / train/inv/weight 0 / train/loss/con 0.02 / train/loss/dyn 1.21 / train/loss/image 0.1 / train/loss/inv 0 / train/loss/policy 5.1e-4 / train/loss/rep 1.21 / train/loss/repval 1.99 / train/loss/rew 9.6e-3 / train/loss/value 1.54 / train/rand/action 0.04 / replay/replay_ratio 264 / fps/policy 7.69 / fps/train 1967.45

Writing metrics: /data2/liguoqi/habmm/hab_z/btwm/runs/dreamerv3_atari_pong_seed0_v2_1m/metrics.jsonl
Writing metrics: /data2/liguoqi/habmm/hab_z/btwm/runs/dreamerv3_atari_pong_seed0_v2_1m/scores.jsonl

--------------------[Agent Step 502_880]--------------------
Metrics filtered by: 'score|length|fps|ratio|train/loss/|train/acc/|train/inv/|train/rand/'
train/acc/inv 0.12 / train/inv/ce 2.07 / train/inv/objective 1.15 / train/inv/valid_frac 1 / train/inv/weight 0 / train/loss/con 0.02 / train/loss/dyn 1.18 / train/loss/image 0.1 / train/loss/inv 0 / train/loss/policy 5.2e-4 / train/loss/rep 1.18 / train/loss/repval 1.89 / train/loss/rew 9.6e-3 / train/loss/value 1.48 / train/rand/action 0.04 / replay/replay_ratio 264 / fps/policy 7.7 / fps/train 1970.69

Writing metrics: /data2/liguoqi/habmm/hab_z/btwm/runs/dreamerv3_atari_pong_seed0_v2_1m/scores.jsonl
Writing metrics: /data2/liguoqi/habmm/hab_z/btwm/runs/dreamerv3_atari_pong_seed0_v2_1m/metrics.jsonl

--------------------[Agent Step 506_600]--------------------
Metrics filtered by: 'score|length|fps|ratio|train/loss/|train/acc/|train/inv/|train/rand/'
train/acc/inv 0.12 / train/inv/ce 2.05 / train/inv/objective 1.14 / train/inv/valid_frac 1 / train/inv/weight 0 / train/loss/con 0.02 / train/loss/dyn 1.17 / train/loss/image 0.1 / train/loss/inv 0 / train/loss/policy 7.2e-4 / train/loss/rep 1.17 / train/loss/repval 2.01 / train/loss/rew 9.5e-3 / train/loss/value 1.56 / train/rand/action 0.05 / replay/replay_ratio 264 / fps/policy 7.66 / fps/train 1961.14

Writing metrics: /data2/liguoqi/habmm/hab_z/btwm/runs/dreamerv3_atari_pong_seed0_v2_1m/scores.jsonl
Writing metrics: /data2/liguoqi/habmm/hab_z/btwm/runs/dreamerv3_atari_pong_seed0_v2_1m/metrics.jsonl

--------------------[Agent Step 510_280]--------------------
Metrics filtered by: 'score|length|fps|ratio|train/loss/|train/acc/|train/inv/|train/rand/'
episode/score 6 / episode/length 2756 / train/acc/inv 0.12 / train/inv/ce 2.05 / train/inv/objective 1.14 / train/inv/valid_frac 1 / train/inv/weight 0 / train/loss/con 0.02 / train/loss/dyn 1.23 / train/loss/image 0.11 / train/loss/inv 0 / train/loss/policy 4.7e-4 / train/loss/rep 1.23 / train/loss/repval 1.96 / train/loss/rew 9.9e-3 / train/loss/value 1.51 / train/rand/action 0.04 / replay/replay_ratio 264 / fps/policy 7.63 / fps/train 1954.18

Writing metrics: /data2/liguoqi/habmm/hab_z/btwm/runs/dreamerv3_atari_pong_seed0_v2_1m/scores.jsonl
Writing metrics: /data2/liguoqi/habmm/hab_z/btwm/runs/dreamerv3_atari_pong_seed0_v2_1m/metrics.jsonl

--------------------[Agent Step 514_000]--------------------
Metrics filtered by: 'score|length|fps|ratio|train/loss/|train/acc/|train/inv/|train/rand/'
train/acc/inv 0.11 / train/inv/ce 2.08 / train/inv/objective 1.16 / train/inv/valid_frac 1 / train/inv/weight 0 / train/loss/con 0.02 / train/loss/dyn 1.18 / train/loss/image 0.1 / train/loss/inv 0 / train/loss/policy 6.4e-4 / train/loss/rep 1.18 / train/loss/repval 1.88 / train/loss/rew 9.7e-3 / train/loss/value 1.49 / train/rand/action 0.04 / replay/replay_ratio 264 / fps/policy 7.72 / fps/train 1977.03

Writing metrics: /data2/liguoqi/habmm/hab_z/btwm/runs/dreamerv3_atari_pong_seed0_v2_1m/metrics.jsonl
Writing metrics: /data2/liguoqi/habmm/hab_z/btwm/runs/dreamerv3_atari_pong_seed0_v2_1m/scores.jsonl

--------------------[Agent Step 517_600]--------------------
Metrics filtered by: 'score|length|fps|ratio|train/loss/|train/acc/|train/inv/|train/rand/'
episode/score -9 / episode/length 2360 / train/acc/inv 0.12 / train/inv/ce 2.07 / train/inv/objective 1.16 / train/inv/valid_frac 1 / train/inv/weight 0 / train/loss/con 0.02 / train/loss/dyn 1.18 / train/loss/image 0.1 / train/loss/inv 0 / train/loss/policy 7.3e-4 / train/loss/rep 1.18 / train/loss/repval 2.01 / train/loss/rew 9.8e-3 / train/loss/value 1.57 / train/rand/action 0.04 / replay/replay_ratio 264 / fps/policy 7.48 / fps/train 1916.06

Writing metrics: /data2/liguoqi/habmm/hab_z/btwm/runs/dreamerv3_atari_pong_seed0_v2_1m/metrics.jsonl
Writing metrics: /data2/liguoqi/habmm/hab_z/btwm/runs/dreamerv3_atari_pong_seed0_v2_1m/scores.jsonl

--------------------[Agent Step 521_280]--------------------
Metrics filtered by: 'score|length|fps|ratio|train/loss/|train/acc/|train/inv/|train/rand/'
train/acc/inv 0.12 / train/inv/ce 2.07 / train/inv/objective 1.16 / train/inv/valid_frac 1 / train/inv/weight 0 / train/loss/con 0.02 / train/loss/dyn 1.24 / train/loss/image 0.11 / train/loss/inv 0 / train/loss/policy 4.6e-4 / train/loss/rep 1.24 / train/loss/repval 1.99 / train/loss/rew 9.7e-3 / train/loss/value 1.54 / train/rand/action 0.04 / replay/replay_ratio 264 / fps/policy 7.66 / fps/train 1961.44

Writing metrics: /data2/liguoqi/habmm/hab_z/btwm/runs/dreamerv3_atari_pong_seed0_v2_1m/metrics.jsonl
Writing metrics: /data2/liguoqi/habmm/hab_z/btwm/runs/dreamerv3_atari_pong_seed0_v2_1m/scores.jsonl

--------------------[Agent Step 524_920]--------------------
Metrics filtered by: 'score|length|fps|ratio|train/loss/|train/acc/|train/inv/|train/rand/'
train/acc/inv 0.11 / train/inv/ce 2.08 / train/inv/objective 1.16 / train/inv/valid_frac 1 / train/inv/weight 0 / train/loss/con 0.02 / train/loss/dyn 1.18 / train/loss/image 0.1 / train/loss/inv 0 / train/loss/policy 5.5e-4 / train/loss/rep 1.18 / train/loss/repval 1.94 / train/loss/rew 9.6e-3 / train/loss/value 1.49 / train/rand/action 0.04 / replay/replay_ratio 264 / fps/policy 7.56 / fps/train 1935.84

Writing metrics: /data2/liguoqi/habmm/hab_z/btwm/runs/dreamerv3_atari_pong_seed0_v2_1m/scores.jsonl
Writing metrics: /data2/liguoqi/habmm/hab_z/btwm/runs/dreamerv3_atari_pong_seed0_v2_1m/metrics.jsonl

--------------------[Agent Step 528_640]--------------------
Metrics filtered by: 'score|length|fps|ratio|train/loss/|train/acc/|train/inv/|train/rand/'
episode/score 7 / episode/length 2318 / train/acc/inv 0.11 / train/inv/ce 2.08 / train/inv/objective 1.16 / train/inv/valid_frac 1 / train/inv/weight 0 / train/loss/con 0.02 / train/loss/dyn 1.16 / train/loss/image 0.09 / train/loss/inv 0 / train/loss/policy 7.2e-4 / train/loss/rep 1.16 / train/loss/repval 1.88 / train/loss/rew 9.4e-3 / train/loss/value 1.46 / train/rand/action 0.04 / replay/replay_ratio 264 / fps/policy 7.68 / fps/train 1967.14

Writing metrics: /data2/liguoqi/habmm/hab_z/btwm/runs/dreamerv3_atari_pong_seed0_v2_1m/metrics.jsonl
Writing metrics: /data2/liguoqi/habmm/hab_z/btwm/runs/dreamerv3_atari_pong_seed0_v2_1m/scores.jsonl

--------------------[Agent Step 532_360]--------------------
Metrics filtered by: 'score|length|fps|ratio|train/loss/|train/acc/|train/inv/|train/rand/'
train/acc/inv 0.11 / train/inv/ce 2.08 / train/inv/objective 1.16 / train/inv/valid_frac 1 / train/inv/weight 0 / train/loss/con 0.02 / train/loss/dyn 1.22 / train/loss/image 0.1 / train/loss/inv 0 / train/loss/policy 5e-4 / train/loss/rep 1.22 / train/loss/repval 1.93 / train/loss/rew 9.6e-3 / train/loss/value 1.49 / train/rand/action 0.04 / replay/replay_ratio 264 / fps/policy 7.71 / fps/train 1972.82

Writing metrics: /data2/liguoqi/habmm/hab_z/btwm/runs/dreamerv3_atari_pong_seed0_v2_1m/metrics.jsonl
Writing metrics: /data2/liguoqi/habmm/hab_z/btwm/runs/dreamerv3_atari_pong_seed0_v2_1m/scores.jsonl

--------------------[Agent Step 536_080]--------------------
Metrics filtered by: 'score|length|fps|ratio|train/loss/|train/acc/|train/inv/|train/rand/'
episode/score -15 / episode/length 2362 / train/acc/inv 0.12 / train/inv/ce 2.07 / train/inv/objective 1.16 / train/inv/valid_frac 1 / train/inv/weight 0 / train/loss/con 0.02 / train/loss/dyn 1.17 / train/loss/image 0.1 / train/loss/inv 0 / train/loss/policy 5.9e-4 / train/loss/rep 1.17 / train/loss/repval 1.91 / train/loss/rew 9.7e-3 / train/loss/value 1.47 / train/rand/action 0.04 / replay/replay_ratio 264 / fps/policy 7.71 / fps/train 1973.63

Writing metrics: /data2/liguoqi/habmm/hab_z/btwm/runs/dreamerv3_atari_pong_seed0_v2_1m/metrics.jsonl
Writing metrics: /data2/liguoqi/habmm/hab_z/btwm/runs/dreamerv3_atari_pong_seed0_v2_1m/scores.jsonl

--------------------[Agent Step 539_760]--------------------
Metrics filtered by: 'score|length|fps|ratio|train/loss/|train/acc/|train/inv/|train/rand/'
train/acc/inv 0.12 / train/inv/ce 2.06 / train/inv/objective 1.15 / train/inv/valid_frac 1 / train/inv/weight 0 / train/loss/con 0.02 / train/loss/dyn 1.19 / train/loss/image 0.1 / train/loss/inv 0 / train/loss/policy 5.4e-4 / train/loss/rep 1.19 / train/loss/repval 1.92 / train/loss/rew 9.4e-3 / train/loss/value 1.49 / train/rand/action 0.04 / replay/replay_ratio 264 / fps/policy 7.64 / fps/train 1956.94

Writing metrics: /data2/liguoqi/habmm/hab_z/btwm/runs/dreamerv3_atari_pong_seed0_v2_1m/metrics.jsonl
Writing metrics: /data2/liguoqi/habmm/hab_z/btwm/runs/dreamerv3_atari_pong_seed0_v2_1m/scores.jsonl

--------------------[Agent Step 543_480]--------------------
Metrics filtered by: 'score|length|fps|ratio|train/loss/|train/acc/|train/inv/|train/rand/'
episode/score -13 / episode/length 2127 / train/acc/inv 0.12 / train/inv/ce 2.07 / train/inv/objective 1.15 / train/inv/valid_frac 1 / train/inv/weight 0 / train/loss/con 0.02 / train/loss/dyn 1.19 / train/loss/image 0.1 / train/loss/inv 0 / train/loss/policy 3.7e-4 / train/loss/rep 1.19 / train/loss/repval 1.93 / train/loss/rew 9.4e-3 / train/loss/value 1.49 / train/rand/action 0.04 / replay/replay_ratio 264 / fps/policy 7.69 / fps/train 1967.39

Writing metrics: /data2/liguoqi/habmm/hab_z/btwm/runs/dreamerv3_atari_pong_seed0_v2_1m/metrics.jsonl
Writing metrics: /data2/liguoqi/habmm/hab_z/btwm/runs/dreamerv3_atari_pong_seed0_v2_1m/scores.jsonl
Saving checkpoint: /data2/liguoqi/habmm/hab_z/btwm/runs/dreamerv3_atari_pong_seed0_v2_1m/ckpt/20260613T233945F804133
Saved checkpoint.

--------------------[Agent Step 545_800]--------------------
Metrics filtered by: 'score|length|fps|ratio|train/loss/|train/acc/|train/inv/|train/rand/'
train/acc/inv 0.13 / train/inv/ce 2.06 / train/inv/objective 1.15 / train/inv/valid_frac 1 / train/inv/weight 0 / train/loss/con 0.02 / train/loss/dyn 1.19 / train/loss/image 0.1 / train/loss/inv 0 / train/loss/policy 2.6e-4 / train/loss/rep 1.19 / train/loss/repval 2.04 / train/loss/rew 9.5e-3 / train/loss/value 1.56 / train/rand/action 0.04 / replay/replay_ratio 264 / fps/policy 4.82 / fps/train 1234.83

Writing metrics: /data2/liguoqi/habmm/hab_z/btwm/runs/dreamerv3_atari_pong_seed0_v2_1m/metrics.jsonl
Writing metrics: /data2/liguoqi/habmm/hab_z/btwm/runs/dreamerv3_atari_pong_seed0_v2_1m/scores.jsonl

--------------------[Agent Step 549_520]--------------------
Metrics filtered by: 'score|length|fps|ratio|train/loss/|train/acc/|train/inv/|train/rand/'
train/acc/inv 0.12 / train/inv/ce 2.06 / train/inv/objective 1.15 / train/inv/valid_frac 1 / train/inv/weight 0 / train/loss/con 0.02 / train/loss/dyn 1.21 / train/loss/image 0.1 / train/loss/inv 0 / train/loss/policy 6.1e-4 / train/loss/rep 1.21 / train/loss/repval 2.1 / train/loss/rew 9.5e-3 / train/loss/value 1.61 / train/rand/action 0.04 / replay/replay_ratio 264 / fps/policy 7.68 / fps/train 1966.1

Writing metrics: /data2/liguoqi/habmm/hab_z/btwm/runs/dreamerv3_atari_pong_seed0_v2_1m/metrics.jsonl
Writing metrics: /data2/liguoqi/habmm/hab_z/btwm/runs/dreamerv3_atari_pong_seed0_v2_1m/scores.jsonl

--------------------[Agent Step 553_240]--------------------
Metrics filtered by: 'score|length|fps|ratio|train/loss/|train/acc/|train/inv/|train/rand/'
train/acc/inv 0.13 / train/inv/ce 2.05 / train/inv/objective 1.14 / train/inv/valid_frac 1 / train/inv/weight 0 / train/loss/con 0.02 / train/loss/dyn 1.2 / train/loss/image 0.1 / train/loss/inv 0 / train/loss/policy 4.8e-4 / train/loss/rep 1.2 / train/loss/repval 1.96 / train/loss/rew 9.6e-3 / train/loss/value 1.53 / train/rand/action 0.04 / replay/replay_ratio 264 / fps/policy 7.69 / fps/train 1967.68

Writing metrics: /data2/liguoqi/habmm/hab_z/btwm/runs/dreamerv3_atari_pong_seed0_v2_1m/scores.jsonl
Writing metrics: /data2/liguoqi/habmm/hab_z/btwm/runs/dreamerv3_atari_pong_seed0_v2_1m/metrics.jsonl

--------------------[Agent Step 556_920]--------------------
Metrics filtered by: 'score|length|fps|ratio|train/loss/|train/acc/|train/inv/|train/rand/'
episode/score -9 / episode/length 2880 / train/acc/inv 0.12 / train/inv/ce 2.07 / train/inv/objective 1.15 / train/inv/valid_frac 1 / train/inv/weight 0 / train/loss/con 0.02 / train/loss/dyn 1.18 / train/loss/image 0.1 / train/loss/inv 0 / train/loss/policy 5.1e-4 / train/loss/rep 1.18 / train/loss/repval 1.96 / train/loss/rew 9.6e-3 / train/loss/value 1.55 / train/rand/action 0.04 / replay/replay_ratio 264 / fps/policy 7.66 / fps/train 1959.84

Writing metrics: /data2/liguoqi/habmm/hab_z/btwm/runs/dreamerv3_atari_pong_seed0_v2_1m/metrics.jsonl
Writing metrics: /data2/liguoqi/habmm/hab_z/btwm/runs/dreamerv3_atari_pong_seed0_v2_1m/scores.jsonl

--------------------[Agent Step 560_520]--------------------
Metrics filtered by: 'score|length|fps|ratio|train/loss/|train/acc/|train/inv/|train/rand/'
train/acc/inv 0.12 / train/inv/ce 2.07 / train/inv/objective 1.16 / train/inv/valid_frac 1 / train/inv/weight 0 / train/loss/con 0.02 / train/loss/dyn 1.19 / train/loss/image 0.09 / train/loss/inv 0 / train/loss/policy 3.9e-4 / train/loss/rep 1.19 / train/loss/repval 1.99 / train/loss/rew 9.6e-3 / train/loss/value 1.55 / train/rand/action 0.04 / replay/replay_ratio 264 / fps/policy 7.47 / fps/train 1913.57

Writing metrics: /data2/liguoqi/habmm/hab_z/btwm/runs/dreamerv3_atari_pong_seed0_v2_1m/metrics.jsonl
Writing metrics: /data2/liguoqi/habmm/hab_z/btwm/runs/dreamerv3_atari_pong_seed0_v2_1m/scores.jsonl

--------------------[Agent Step 564_240]--------------------
Metrics filtered by: 'score|length|fps|ratio|train/loss/|train/acc/|train/inv/|train/rand/'
train/acc/inv 0.12 / train/inv/ce 2.06 / train/inv/objective 1.15 / train/inv/valid_frac 1 / train/inv/weight 0 / train/loss/con 0.02 / train/loss/dyn 1.19 / train/loss/image 0.1 / train/loss/inv 0 / train/loss/policy 4.8e-4 / train/loss/rep 1.19 / train/loss/repval 1.98 / train/loss/rew 9.4e-3 / train/loss/value 1.56 / train/rand/action 0.04 / replay/replay_ratio 264 / fps/policy 7.66 / fps/train 1961.13

Writing metrics: /data2/liguoqi/habmm/hab_z/btwm/runs/dreamerv3_atari_pong_seed0_v2_1m/metrics.jsonl
Writing metrics: /data2/liguoqi/habmm/hab_z/btwm/runs/dreamerv3_atari_pong_seed0_v2_1m/scores.jsonl

--------------------[Agent Step 567_960]--------------------
Metrics filtered by: 'score|length|fps|ratio|train/loss/|train/acc/|train/inv/|train/rand/'
train/acc/inv 0.12 / train/inv/ce 2.06 / train/inv/objective 1.15 / train/inv/valid_frac 1 / train/inv/weight 0 / train/loss/con 0.02 / train/loss/dyn 1.21 / train/loss/image 0.1 / train/loss/inv 0 / train/loss/policy 6.4e-4 / train/loss/rep 1.21 / train/loss/repval 2.01 / train/loss/rew 9.7e-3 / train/loss/value 1.58 / train/rand/action 0.04 / replay/replay_ratio 264 / fps/policy 7.7 / fps/train 1970.54

Writing metrics: /data2/liguoqi/habmm/hab_z/btwm/runs/dreamerv3_atari_pong_seed0_v2_1m/metrics.jsonl
Writing metrics: /data2/liguoqi/habmm/hab_z/btwm/runs/dreamerv3_atari_pong_seed0_v2_1m/scores.jsonl

--------------------[Agent Step 571_640]--------------------
Metrics filtered by: 'score|length|fps|ratio|train/loss/|train/acc/|train/inv/|train/rand/'
episode/score 2 / episode/length 3290 / train/acc/inv 0.12 / train/inv/ce 2.07 / train/inv/objective 1.15 / train/inv/valid_frac 1 / train/inv/weight 0 / train/loss/con 0.02 / train/loss/dyn 1.19 / train/loss/image 0.09 / train/loss/inv 0 / train/loss/policy 5.9e-4 / train/loss/rep 1.19 / train/loss/repval 2.01 / train/loss/rew 9.3e-3 / train/loss/value 1.58 / train/rand/action 0.04 / replay/replay_ratio 264 / fps/policy 7.62 / fps/train 1950.16

Writing metrics: /data2/liguoqi/habmm/hab_z/btwm/runs/dreamerv3_atari_pong_seed0_v2_1m/scores.jsonl
Writing metrics: /data2/liguoqi/habmm/hab_z/btwm/runs/dreamerv3_atari_pong_seed0_v2_1m/metrics.jsonl

--------------------[Agent Step 575_360]--------------------
Metrics filtered by: 'score|length|fps|ratio|train/loss/|train/acc/|train/inv/|train/rand/'
train/acc/inv 0.11 / train/inv/ce 2.08 / train/inv/objective 1.16 / train/inv/valid_frac 1 / train/inv/weight 0 / train/loss/con 0.02 / train/loss/dyn 1.18 / train/loss/image 0.09 / train/loss/inv 0 / train/loss/policy 4.8e-4 / train/loss/rep 1.18 / train/loss/repval 1.97 / train/loss/rew 9.6e-3 / train/loss/value 1.54 / train/rand/action 0.04 / replay/replay_ratio 264 / fps/policy 7.69 / fps/train 1968.36

Writing metrics: /data2/liguoqi/habmm/hab_z/btwm/runs/dreamerv3_atari_pong_seed0_v2_1m/scores.jsonl
Writing metrics: /data2/liguoqi/habmm/hab_z/btwm/runs/dreamerv3_atari_pong_seed0_v2_1m/metrics.jsonl

--------------------[Agent Step 579_080]--------------------
Metrics filtered by: 'score|length|fps|ratio|train/loss/|train/acc/|train/inv/|train/rand/'
episode/score -9 / episode/length 2621 / train/acc/inv 0.11 / train/inv/ce 2.08 / train/inv/objective 1.16 / train/inv/valid_frac 1 / train/inv/weight 0 / train/loss/con 0.02 / train/loss/dyn 1.2 / train/loss/image 0.1 / train/loss/inv 0 / train/loss/policy 5.4e-4 / train/loss/rep 1.2 / train/loss/repval 2 / train/loss/rew 9.6e-3 / train/loss/value 1.56 / train/rand/action 0.04 / replay/replay_ratio 264 / fps/policy 7.67 / fps/train 1962.78

Writing metrics: /data2/liguoqi/habmm/hab_z/btwm/runs/dreamerv3_atari_pong_seed0_v2_1m/metrics.jsonl
Writing metrics: /data2/liguoqi/habmm/hab_z/btwm/runs/dreamerv3_atari_pong_seed0_v2_1m/scores.jsonl

--------------------[Agent Step 582_800]--------------------
Metrics filtered by: 'score|length|fps|ratio|train/loss/|train/acc/|train/inv/|train/rand/'
train/acc/inv 0.12 / train/inv/ce 2.07 / train/inv/objective 1.16 / train/inv/valid_frac 1 / train/inv/weight 0 / train/loss/con 0.02 / train/loss/dyn 1.18 / train/loss/image 0.1 / train/loss/inv 0 / train/loss/policy 4.1e-4 / train/loss/rep 1.18 / train/loss/repval 2.01 / train/loss/rew 9.3e-3 / train/loss/value 1.56 / train/rand/action 0.04 / replay/replay_ratio 264 / fps/policy 7.69 / fps/train 1968.74

Writing metrics: /data2/liguoqi/habmm/hab_z/btwm/runs/dreamerv3_atari_pong_seed0_v2_1m/metrics.jsonl
Writing metrics: /data2/liguoqi/habmm/hab_z/btwm/runs/dreamerv3_atari_pong_seed0_v2_1m/scores.jsonl

--------------------[Agent Step 586_520]--------------------
Metrics filtered by: 'score|length|fps|ratio|train/loss/|train/acc/|train/inv/|train/rand/'
train/acc/inv 0.12 / train/inv/ce 2.05 / train/inv/objective 1.15 / train/inv/valid_frac 1 / train/inv/weight 0 / train/loss/con 0.02 / train/loss/dyn 1.2 / train/loss/image 0.1 / train/loss/inv 0 / train/loss/policy 4.6e-4 / train/loss/rep 1.2 / train/loss/repval 1.98 / train/loss/rew 9.5e-3 / train/loss/value 1.57 / train/rand/action 0.04 / replay/replay_ratio 264 / fps/policy 7.7 / fps/train 1971.4

Writing metrics: /data2/liguoqi/habmm/hab_z/btwm/runs/dreamerv3_atari_pong_seed0_v2_1m/metrics.jsonl
Writing metrics: /data2/liguoqi/habmm/hab_z/btwm/runs/dreamerv3_atari_pong_seed0_v2_1m/scores.jsonl

--------------------[Agent Step 590_240]--------------------
Metrics filtered by: 'score|length|fps|ratio|train/loss/|train/acc/|train/inv/|train/rand/'
episode/score 9 / episode/length 2479 / train/acc/inv 0.12 / train/inv/ce 2.07 / train/inv/objective 1.15 / train/inv/valid_frac 1 / train/inv/weight 0 / train/loss/con 0.02 / train/loss/dyn 1.18 / train/loss/image 0.09 / train/loss/inv 0 / train/loss/policy 5.2e-4 / train/loss/rep 1.18 / train/loss/repval 2.02 / train/loss/rew 9.4e-3 / train/loss/value 1.6 / train/rand/action 0.04 / replay/replay_ratio 264 / fps/policy 7.7 / fps/train 1972.41

Writing metrics: /data2/liguoqi/habmm/hab_z/btwm/runs/dreamerv3_atari_pong_seed0_v2_1m/metrics.jsonl
Writing metrics: /data2/liguoqi/habmm/hab_z/btwm/runs/dreamerv3_atari_pong_seed0_v2_1m/scores.jsonl

--------------------[Agent Step 593_960]--------------------
Metrics filtered by: 'score|length|fps|ratio|train/loss/|train/acc/|train/inv/|train/rand/'
train/acc/inv 0.12 / train/inv/ce 2.06 / train/inv/objective 1.15 / train/inv/valid_frac 1 / train/inv/weight 0 / train/loss/con 0.02 / train/loss/dyn 1.15 / train/loss/image 0.09 / train/loss/inv 0 / train/loss/policy 5.9e-4 / train/loss/rep 1.15 / train/loss/repval 1.94 / train/loss/rew 9.6e-3 / train/loss/value 1.53 / train/rand/action 0.04 / replay/replay_ratio 264 / fps/policy 7.68 / fps/train 1965.14

Writing metrics: /data2/liguoqi/habmm/hab_z/btwm/runs/dreamerv3_atari_pong_seed0_v2_1m/metrics.jsonl
Writing metrics: /data2/liguoqi/habmm/hab_z/btwm/runs/dreamerv3_atari_pong_seed0_v2_1m/scores.jsonl

--------------------[Agent Step 597_680]--------------------
Metrics filtered by: 'score|length|fps|ratio|train/loss/|train/acc/|train/inv/|train/rand/'
episode/score 19 / episode/length 1693 / train/acc/inv 0.12 / train/inv/ce 2.06 / train/inv/objective 1.15 / train/inv/valid_frac 1 / train/inv/weight 0 / train/loss/con 0.02 / train/loss/dyn 1.18 / train/loss/image 0.09 / train/loss/inv 0 / train/loss/policy 5e-4 / train/loss/rep 1.18 / train/loss/repval 1.91 / train/loss/rew 9e-3 / train/loss/value 1.5 / train/rand/action 0.04 / replay/replay_ratio 264 / fps/policy 7.68 / fps/train 1965.27

Writing metrics: /data2/liguoqi/habmm/hab_z/btwm/runs/dreamerv3_atari_pong_seed0_v2_1m/scores.jsonl
Writing metrics: /data2/liguoqi/habmm/hab_z/btwm/runs/dreamerv3_atari_pong_seed0_v2_1m/metrics.jsonl

--------------------[Agent Step 601_360]--------------------
Metrics filtered by: 'score|length|fps|ratio|train/loss/|train/acc/|train/inv/|train/rand/'
train/acc/inv 0.12 / train/inv/ce 2.06 / train/inv/objective 1.15 / train/inv/valid_frac 1 / train/inv/weight 0 / train/loss/con 0.02 / train/loss/dyn 1.19 / train/loss/image 0.09 / train/loss/inv 0 / train/loss/policy 4.4e-4 / train/loss/rep 1.19 / train/loss/repval 1.88 / train/loss/rew 9.5e-3 / train/loss/value 1.49 / train/rand/action 0.04 / replay/replay_ratio 264 / fps/policy 7.66 / fps/train 1959.91

Writing metrics: /data2/liguoqi/habmm/hab_z/btwm/runs/dreamerv3_atari_pong_seed0_v2_1m/metrics.jsonl
Writing metrics: /data2/liguoqi/habmm/hab_z/btwm/runs/dreamerv3_atari_pong_seed0_v2_1m/scores.jsonl

--------------------[Agent Step 604_960]--------------------
Metrics filtered by: 'score|length|fps|ratio|train/loss/|train/acc/|train/inv/|train/rand/'
episode/score -9 / episode/length 2292 / train/acc/inv 0.12 / train/inv/ce 2.07 / train/inv/objective 1.15 / train/inv/valid_frac 1 / train/inv/weight 0 / train/loss/con 0.02 / train/loss/dyn 1.2 / train/loss/image 0.09 / train/loss/inv 0 / train/loss/policy 3.9e-4 / train/loss/rep 1.2 / train/loss/repval 1.96 / train/loss/rew 9.7e-3 / train/loss/value 1.53 / train/rand/action 0.04 / replay/replay_ratio 264 / fps/policy 7.49 / fps/train 1917.01

Writing metrics: /data2/liguoqi/habmm/hab_z/btwm/runs/dreamerv3_atari_pong_seed0_v2_1m/metrics.jsonl
Writing metrics: /data2/liguoqi/habmm/hab_z/btwm/runs/dreamerv3_atari_pong_seed0_v2_1m/scores.jsonl

--------------------[Agent Step 608_680]--------------------
Metrics filtered by: 'score|length|fps|ratio|train/loss/|train/acc/|train/inv/|train/rand/'
train/acc/inv 0.12 / train/inv/ce 2.08 / train/inv/objective 1.16 / train/inv/valid_frac 1 / train/inv/weight 0 / train/loss/con 0.02 / train/loss/dyn 1.17 / train/loss/image 0.09 / train/loss/inv 0 / train/loss/policy 6.1e-4 / train/loss/rep 1.17 / train/loss/repval 1.93 / train/loss/rew 9.2e-3 / train/loss/value 1.52 / train/rand/action 0.04 / replay/replay_ratio 264 / fps/policy 7.71 / fps/train 1973.34

Writing metrics: /data2/liguoqi/habmm/hab_z/btwm/runs/dreamerv3_atari_pong_seed0_v2_1m/metrics.jsonl
Writing metrics: /data2/liguoqi/habmm/hab_z/btwm/runs/dreamerv3_atari_pong_seed0_v2_1m/scores.jsonl

--------------------[Agent Step 612_400]--------------------
Metrics filtered by: 'score|length|fps|ratio|train/loss/|train/acc/|train/inv/|train/rand/'
train/acc/inv 0.13 / train/inv/ce 2.06 / train/inv/objective 1.15 / train/inv/valid_frac 1 / train/inv/weight 0 / train/loss/con 0.02 / train/loss/dyn 1.21 / train/loss/image 0.09 / train/loss/inv 0 / train/loss/policy 5.5e-4 / train/loss/rep 1.21 / train/loss/repval 1.91 / train/loss/rew 9.2e-3 / train/loss/value 1.48 / train/rand/action 0.04 / replay/replay_ratio 264 / fps/policy 7.7 / fps/train 1970.96

Writing metrics: /data2/liguoqi/habmm/hab_z/btwm/runs/dreamerv3_atari_pong_seed0_v2_1m/metrics.jsonl
Writing metrics: /data2/liguoqi/habmm/hab_z/btwm/runs/dreamerv3_atari_pong_seed0_v2_1m/scores.jsonl

--------------------[Agent Step 616_080]--------------------
Metrics filtered by: 'score|length|fps|ratio|train/loss/|train/acc/|train/inv/|train/rand/'
episode/score -8 / episode/length 2613 / train/acc/inv 0.12 / train/inv/ce 2.07 / train/inv/objective 1.15 / train/inv/valid_frac 1 / train/inv/weight 0 / train/loss/con 0.02 / train/loss/dyn 1.18 / train/loss/image 0.09 / train/loss/inv 0 / train/loss/policy 2.9e-4 / train/loss/rep 1.18 / train/loss/repval 1.96 / train/loss/rew 9.5e-3 / train/loss/value 1.5 / train/rand/action 0.04 / replay/replay_ratio 264 / fps/policy 7.61 / fps/train 1948.76

Writing metrics: /data2/liguoqi/habmm/hab_z/btwm/runs/dreamerv3_atari_pong_seed0_v2_1m/metrics.jsonl
Writing metrics: /data2/liguoqi/habmm/hab_z/btwm/runs/dreamerv3_atari_pong_seed0_v2_1m/scores.jsonl

--------------------[Agent Step 619_720]--------------------
Metrics filtered by: 'score|length|fps|ratio|train/loss/|train/acc/|train/inv/|train/rand/'
train/acc/inv 0.12 / train/inv/ce 2.07 / train/inv/objective 1.16 / train/inv/valid_frac 1 / train/inv/weight 0 / train/loss/con 0.02 / train/loss/dyn 1.17 / train/loss/image 0.09 / train/loss/inv 0 / train/loss/policy 4.8e-4 / train/loss/rep 1.17 / train/loss/repval 1.99 / train/loss/rew 9.3e-3 / train/loss/value 1.54 / train/rand/action 0.04 / replay/replay_ratio 264 / fps/policy 7.53 / fps/train 1928.9

Writing metrics: /data2/liguoqi/habmm/hab_z/btwm/runs/dreamerv3_atari_pong_seed0_v2_1m/scores.jsonl
Writing metrics: /data2/liguoqi/habmm/hab_z/btwm/runs/dreamerv3_atari_pong_seed0_v2_1m/metrics.jsonl

--------------------[Agent Step 623_440]--------------------
Metrics filtered by: 'score|length|fps|ratio|train/loss/|train/acc/|train/inv/|train/rand/'
train/acc/inv 0.12 / train/inv/ce 2.07 / train/inv/objective 1.15 / train/inv/valid_frac 1 / train/inv/weight 0 / train/loss/con 0.02 / train/loss/dyn 1.2 / train/loss/image 0.09 / train/loss/inv 0 / train/loss/policy 4.6e-4 / train/loss/rep 1.2 / train/loss/repval 1.98 / train/loss/rew 9.4e-3 / train/loss/value 1.55 / train/rand/action 0.04 / replay/replay_ratio 264 / fps/policy 7.7 / fps/train 1971.95

Writing metrics: /data2/liguoqi/habmm/hab_z/btwm/runs/dreamerv3_atari_pong_seed0_v2_1m/metrics.jsonl
Writing metrics: /data2/liguoqi/habmm/hab_z/btwm/runs/dreamerv3_atari_pong_seed0_v2_1m/scores.jsonl

--------------------[Agent Step 627_160]--------------------
Metrics filtered by: 'score|length|fps|ratio|train/loss/|train/acc/|train/inv/|train/rand/'
train/acc/inv 0.12 / train/inv/ce 2.07 / train/inv/objective 1.16 / train/inv/valid_frac 1 / train/inv/weight 0 / train/loss/con 0.02 / train/loss/dyn 1.18 / train/loss/image 0.09 / train/loss/inv 0 / train/loss/policy 3.1e-4 / train/loss/rep 1.18 / train/loss/repval 1.95 / train/loss/rew 9.4e-3 / train/loss/value 1.53 / train/rand/action 0.04 / replay/replay_ratio 264 / fps/policy 7.7 / fps/train 1971.61

Writing metrics: /data2/liguoqi/habmm/hab_z/btwm/runs/dreamerv3_atari_pong_seed0_v2_1m/metrics.jsonl
Writing metrics: /data2/liguoqi/habmm/hab_z/btwm/runs/dreamerv3_atari_pong_seed0_v2_1m/scores.jsonl

--------------------[Agent Step 630_840]--------------------
Metrics filtered by: 'score|length|fps|ratio|train/loss/|train/acc/|train/inv/|train/rand/'
episode/score -1 / episode/length 3362 / train/acc/inv 0.12 / train/inv/ce 2.07 / train/inv/objective 1.16 / train/inv/valid_frac 1 / train/inv/weight 0 / train/loss/con 0.02 / train/loss/dyn 1.21 / train/loss/image 0.09 / train/loss/inv 0 / train/loss/policy 5e-4 / train/loss/rep 1.21 / train/loss/repval 2.04 / train/loss/rew 9.3e-3 / train/loss/value 1.59 / train/rand/action 0.04 / replay/replay_ratio 264 / fps/policy 7.66 / fps/train 1960.48

Writing metrics: /data2/liguoqi/habmm/hab_z/btwm/runs/dreamerv3_atari_pong_seed0_v2_1m/metrics.jsonl
Writing metrics: /data2/liguoqi/habmm/hab_z/btwm/runs/dreamerv3_atari_pong_seed0_v2_1m/scores.jsonl

--------------------[Agent Step 634_480]--------------------
Metrics filtered by: 'score|length|fps|ratio|train/loss/|train/acc/|train/inv/|train/rand/'
train/acc/inv 0.13 / train/inv/ce 2.06 / train/inv/objective 1.15 / train/inv/valid_frac 1 / train/inv/weight 0 / train/loss/con 0.02 / train/loss/dyn 1.21 / train/loss/image 0.1 / train/loss/inv 0 / train/loss/policy 3.2e-4 / train/loss/rep 1.21 / train/loss/repval 1.94 / train/loss/rew 9.4e-3 / train/loss/value 1.52 / train/rand/action 0.04 / replay/replay_ratio 264 / fps/policy 7.54 / fps/train 1931.46

Writing metrics: /data2/liguoqi/habmm/hab_z/btwm/runs/dreamerv3_atari_pong_seed0_v2_1m/metrics.jsonl
Writing metrics: /data2/liguoqi/habmm/hab_z/btwm/runs/dreamerv3_atari_pong_seed0_v2_1m/scores.jsonl

--------------------[Agent Step 638_200]--------------------
Metrics filtered by: 'score|length|fps|ratio|train/loss/|train/acc/|train/inv/|train/rand/'
train/acc/inv 0.13 / train/inv/ce 2.05 / train/inv/objective 1.14 / train/inv/valid_frac 1 / train/inv/weight 0 / train/loss/con 0.02 / train/loss/dyn 1.19 / train/loss/image 0.1 / train/loss/inv 0 / train/loss/policy 6.6e-4 / train/loss/rep 1.19 / train/loss/repval 2.04 / train/loss/rew 9.5e-3 / train/loss/value 1.59 / train/rand/action 0.04 / replay/replay_ratio 264 / fps/policy 7.71 / fps/train 1973.39

Writing metrics: /data2/liguoqi/habmm/hab_z/btwm/runs/dreamerv3_atari_pong_seed0_v2_1m/metrics.jsonl
Writing metrics: /data2/liguoqi/habmm/hab_z/btwm/runs/dreamerv3_atari_pong_seed0_v2_1m/scores.jsonl

--------------------[Agent Step 641_920]--------------------
Metrics filtered by: 'score|length|fps|ratio|train/loss/|train/acc/|train/inv/|train/rand/'
episode/score -9 / episode/length 2894 / train/acc/inv 0.12 / train/inv/ce 2.05 / train/inv/objective 1.15 / train/inv/valid_frac 1 / train/inv/weight 0 / train/loss/con 0.02 / train/loss/dyn 1.18 / train/loss/image 0.11 / train/loss/inv 0 / train/loss/policy 6e-4 / train/loss/rep 1.18 / train/loss/repval 2 / train/loss/rew 9.2e-3 / train/loss/value 1.56 / train/rand/action 0.04 / replay/replay_ratio 264 / fps/policy 7.65 / fps/train 1957.68

Writing metrics: /data2/liguoqi/habmm/hab_z/btwm/runs/dreamerv3_atari_pong_seed0_v2_1m/scores.jsonl
Writing metrics: /data2/liguoqi/habmm/hab_z/btwm/runs/dreamerv3_atari_pong_seed0_v2_1m/metrics.jsonl

--------------------[Agent Step 645_640]--------------------
Metrics filtered by: 'score|length|fps|ratio|train/loss/|train/acc/|train/inv/|train/rand/'
train/acc/inv 0.13 / train/inv/ce 2.06 / train/inv/objective 1.15 / train/inv/valid_frac 1 / train/inv/weight 0 / train/loss/con 0.02 / train/loss/dyn 1.16 / train/loss/image 0.09 / train/loss/inv 0 / train/loss/policy 3.9e-4 / train/loss/rep 1.16 / train/loss/repval 1.9 / train/loss/rew 9.1e-3 / train/loss/value 1.48 / train/rand/action 0.04 / replay/replay_ratio 264 / fps/policy 7.71 / fps/train 1973.92

Writing metrics: /data2/liguoqi/habmm/hab_z/btwm/runs/dreamerv3_atari_pong_seed0_v2_1m/scores.jsonl
Writing metrics: /data2/liguoqi/habmm/hab_z/btwm/runs/dreamerv3_atari_pong_seed0_v2_1m/metrics.jsonl

--------------------[Agent Step 649_320]--------------------
Metrics filtered by: 'score|length|fps|ratio|train/loss/|train/acc/|train/inv/|train/rand/'
episode/score 14 / episode/length 1917 / train/acc/inv 0.12 / train/inv/ce 2.06 / train/inv/objective 1.15 / train/inv/valid_frac 1 / train/inv/weight 0 / train/loss/con 0.02 / train/loss/dyn 1.18 / train/loss/image 0.09 / train/loss/inv 0 / train/loss/policy 4.9e-4 / train/loss/rep 1.18 / train/loss/repval 1.97 / train/loss/rew 9e-3 / train/loss/value 1.53 / train/rand/action 0.05 / replay/replay_ratio 264 / fps/policy 7.65 / fps/train 1958.23

Writing metrics: /data2/liguoqi/habmm/hab_z/btwm/runs/dreamerv3_atari_pong_seed0_v2_1m/scores.jsonl
Writing metrics: /data2/liguoqi/habmm/hab_z/btwm/runs/dreamerv3_atari_pong_seed0_v2_1m/metrics.jsonl
Saving checkpoint: /data2/liguoqi/habmm/hab_z/btwm/runs/dreamerv3_atari_pong_seed0_v2_1m/ckpt/20260614T003946F925011
Saved checkpoint.

--------------------[Agent Step 652_400]--------------------
Metrics filtered by: 'score|length|fps|ratio|train/loss/|train/acc/|train/inv/|train/rand/'
train/acc/inv 0.12 / train/inv/ce 2.06 / train/inv/objective 1.15 / train/inv/valid_frac 1 / train/inv/weight 0 / train/loss/con 0.02 / train/loss/dyn 1.19 / train/loss/image 0.09 / train/loss/inv 0 / train/loss/policy 4.1e-4 / train/loss/rep 1.19 / train/loss/repval 1.9 / train/loss/rew 9.5e-3 / train/loss/value 1.49 / train/rand/action 0.04 / replay/replay_ratio 264 / fps/policy 5.34 / fps/train 1366.18

Writing metrics: /data2/liguoqi/habmm/hab_z/btwm/runs/dreamerv3_atari_pong_seed0_v2_1m/metrics.jsonl
Writing metrics: /data2/liguoqi/habmm/hab_z/btwm/runs/dreamerv3_atari_pong_seed0_v2_1m/scores.jsonl

--------------------[Agent Step 656_120]--------------------
Metrics filtered by: 'score|length|fps|ratio|train/loss/|train/acc/|train/inv/|train/rand/'
train/acc/inv 0.13 / train/inv/ce 2.06 / train/inv/objective 1.15 / train/inv/valid_frac 1 / train/inv/weight 0 / train/loss/con 0.02 / train/loss/dyn 1.18 / train/loss/image 0.09 / train/loss/inv 0 / train/loss/policy 4.7e-4 / train/loss/rep 1.18 / train/loss/repval 1.85 / train/loss/rew 9.4e-3 / train/loss/value 1.45 / train/rand/action 0.04 / replay/replay_ratio 264 / fps/policy 7.69 / fps/train 1968.14

Writing metrics: /data2/liguoqi/habmm/hab_z/btwm/runs/dreamerv3_atari_pong_seed0_v2_1m/scores.jsonl
Writing metrics: /data2/liguoqi/habmm/hab_z/btwm/runs/dreamerv3_atari_pong_seed0_v2_1m/metrics.jsonl

--------------------[Agent Step 659_840]--------------------
Metrics filtered by: 'score|length|fps|ratio|train/loss/|train/acc/|train/inv/|train/rand/'
episode/score 9 / episode/length 2344 / train/acc/inv 0.13 / train/inv/ce 2.06 / train/inv/objective 1.15 / train/inv/valid_frac 1 / train/inv/weight 0 / train/loss/con 0.02 / train/loss/dyn 1.18 / train/loss/image 0.09 / train/loss/inv 0 / train/loss/policy 4.7e-4 / train/loss/rep 1.18 / train/loss/repval 1.93 / train/loss/rew 9.5e-3 / train/loss/value 1.48 / train/rand/action 0.04 / replay/replay_ratio 264 / fps/policy 7.7 / fps/train 1971.18

Writing metrics: /data2/liguoqi/habmm/hab_z/btwm/runs/dreamerv3_atari_pong_seed0_v2_1m/metrics.jsonl
Writing metrics: /data2/liguoqi/habmm/hab_z/btwm/runs/dreamerv3_atari_pong_seed0_v2_1m/scores.jsonl

--------------------[Agent Step 663_560]--------------------
Metrics filtered by: 'score|length|fps|ratio|train/loss/|train/acc/|train/inv/|train/rand/'
train/acc/inv 0.13 / train/inv/ce 2.06 / train/inv/objective 1.15 / train/inv/valid_frac 1 / train/inv/weight 0 / train/loss/con 0.02 / train/loss/dyn 1.18 / train/loss/image 0.09 / train/loss/inv 0 / train/loss/policy 3.7e-4 / train/loss/rep 1.18 / train/loss/repval 1.96 / train/loss/rew 9.5e-3 / train/loss/value 1.5 / train/rand/action 0.04 / replay/replay_ratio 264 / fps/policy 7.71 / fps/train 1974.68

Writing metrics: /data2/liguoqi/habmm/hab_z/btwm/runs/dreamerv3_atari_pong_seed0_v2_1m/metrics.jsonl
Writing metrics: /data2/liguoqi/habmm/hab_z/btwm/runs/dreamerv3_atari_pong_seed0_v2_1m/scores.jsonl

--------------------[Agent Step 667_280]--------------------
Metrics filtered by: 'score|length|fps|ratio|train/loss/|train/acc/|train/inv/|train/rand/'
episode/score -12 / episode/length 2146 / train/acc/inv 0.13 / train/inv/ce 2.06 / train/inv/objective 1.15 / train/inv/valid_frac 1 / train/inv/weight 0 / train/loss/con 0.02 / train/loss/dyn 1.18 / train/loss/image 0.09 / train/loss/inv 0 / train/loss/policy 7.3e-4 / train/loss/rep 1.18 / train/loss/repval 2 / train/loss/rew 9.5e-3 / train/loss/value 1.56 / train/rand/action 0.04 / replay/replay_ratio 264 / fps/policy 7.69 / fps/train 1969.89

Writing metrics: /data2/liguoqi/habmm/hab_z/btwm/runs/dreamerv3_atari_pong_seed0_v2_1m/metrics.jsonl
Writing metrics: /data2/liguoqi/habmm/hab_z/btwm/runs/dreamerv3_atari_pong_seed0_v2_1m/scores.jsonl

--------------------[Agent Step 671_000]--------------------
Metrics filtered by: 'score|length|fps|ratio|train/loss/|train/acc/|train/inv/|train/rand/'
train/acc/inv 0.13 / train/inv/ce 2.06 / train/inv/objective 1.15 / train/inv/valid_frac 1 / train/inv/weight 0 / train/loss/con 0.02 / train/loss/dyn 1.18 / train/loss/image 0.09 / train/loss/inv 0 / train/loss/policy 3.3e-4 / train/loss/rep 1.18 / train/loss/repval 1.9 / train/loss/rew 9.5e-3 / train/loss/value 1.46 / train/rand/action 0.04 / replay/replay_ratio 264 / fps/policy 7.72 / fps/train 1975.36

Writing metrics: /data2/liguoqi/habmm/hab_z/btwm/runs/dreamerv3_atari_pong_seed0_v2_1m/metrics.jsonl
Writing metrics: /data2/liguoqi/habmm/hab_z/btwm/runs/dreamerv3_atari_pong_seed0_v2_1m/scores.jsonl

--------------------[Agent Step 674_720]--------------------
Metrics filtered by: 'score|length|fps|ratio|train/loss/|train/acc/|train/inv/|train/rand/'
train/acc/inv 0.12 / train/inv/ce 2.07 / train/inv/objective 1.15 / train/inv/valid_frac 1 / train/inv/weight 0 / train/loss/con 0.02 / train/loss/dyn 1.18 / train/loss/image 0.09 / train/loss/inv 0 / train/loss/policy 4.2e-4 / train/loss/rep 1.18 / train/loss/repval 1.91 / train/loss/rew 9.3e-3 / train/loss/value 1.49 / train/rand/action 0.04 / replay/replay_ratio 264 / fps/policy 7.71 / fps/train 1973.88

Writing metrics: /data2/liguoqi/habmm/hab_z/btwm/runs/dreamerv3_atari_pong_seed0_v2_1m/metrics.jsonl
Writing metrics: /data2/liguoqi/habmm/hab_z/btwm/runs/dreamerv3_atari_pong_seed0_v2_1m/scores.jsonl

--------------------[Agent Step 678_400]--------------------
Metrics filtered by: 'score|length|fps|ratio|train/loss/|train/acc/|train/inv/|train/rand/'
episode/score 7 / episode/length 2592 / train/acc/inv 0.13 / train/inv/ce 2.06 / train/inv/objective 1.15 / train/inv/valid_frac 1 / train/inv/weight 0 / train/loss/con 0.02 / train/loss/dyn 1.17 / train/loss/image 0.09 / train/loss/inv 0 / train/loss/policy 1.9e-4 / train/loss/rep 1.17 / train/loss/repval 1.85 / train/loss/rew 9.3e-3 / train/loss/value 1.45 / train/rand/action 0.04 / replay/replay_ratio 264 / fps/policy 7.64 / fps/train 1954.63

Writing metrics: /data2/liguoqi/habmm/hab_z/btwm/runs/dreamerv3_atari_pong_seed0_v2_1m/scores.jsonl
Writing metrics: /data2/liguoqi/habmm/hab_z/btwm/runs/dreamerv3_atari_pong_seed0_v2_1m/metrics.jsonl

--------------------[Agent Step 682_080]--------------------
Metrics filtered by: 'score|length|fps|ratio|train/loss/|train/acc/|train/inv/|train/rand/'
train/acc/inv 0.13 / train/inv/ce 2.06 / train/inv/objective 1.15 / train/inv/valid_frac 1 / train/inv/weight 0 / train/loss/con 0.02 / train/loss/dyn 1.21 / train/loss/image 0.09 / train/loss/inv 0 / train/loss/policy 3.9e-4 / train/loss/rep 1.21 / train/loss/repval 1.95 / train/loss/rew 9.6e-3 / train/loss/value 1.5 / train/rand/action 0.04 / replay/replay_ratio 264 / fps/policy 7.66 / fps/train 1962.09

Writing metrics: /data2/liguoqi/habmm/hab_z/btwm/runs/dreamerv3_atari_pong_seed0_v2_1m/scores.jsonl
Writing metrics: /data2/liguoqi/habmm/hab_z/btwm/runs/dreamerv3_atari_pong_seed0_v2_1m/metrics.jsonl

--------------------[Agent Step 685_800]--------------------
Metrics filtered by: 'score|length|fps|ratio|train/loss/|train/acc/|train/inv/|train/rand/'
episode/score 15 / episode/length 1959 / train/acc/inv 0.13 / train/inv/ce 2.07 / train/inv/objective 1.16 / train/inv/valid_frac 1 / train/inv/weight 0 / train/loss/con 0.02 / train/loss/dyn 1.19 / train/loss/image 0.1 / train/loss/inv 0 / train/loss/policy 3.9e-4 / train/loss/rep 1.19 / train/loss/repval 1.95 / train/loss/rew 9.3e-3 / train/loss/value 1.51 / train/rand/action 0.04 / replay/replay_ratio 264 / fps/policy 7.68 / fps/train 1967.13

Writing metrics: /data2/liguoqi/habmm/hab_z/btwm/runs/dreamerv3_atari_pong_seed0_v2_1m/metrics.jsonl
Writing metrics: /data2/liguoqi/habmm/hab_z/btwm/runs/dreamerv3_atari_pong_seed0_v2_1m/scores.jsonl

--------------------[Agent Step 689_520]--------------------
Metrics filtered by: 'score|length|fps|ratio|train/loss/|train/acc/|train/inv/|train/rand/'
train/acc/inv 0.13 / train/inv/ce 2.08 / train/inv/objective 1.16 / train/inv/valid_frac 1 / train/inv/weight 0 / train/loss/con 0.02 / train/loss/dyn 1.16 / train/loss/image 0.09 / train/loss/inv 0 / train/loss/policy 5.8e-4 / train/loss/rep 1.16 / train/loss/repval 2.01 / train/loss/rew 9.4e-3 / train/loss/value 1.56 / train/rand/action 0.04 / replay/replay_ratio 264 / fps/policy 7.7 / fps/train 1970.81

Writing metrics: /data2/liguoqi/habmm/hab_z/btwm/runs/dreamerv3_atari_pong_seed0_v2_1m/scores.jsonl
Writing metrics: /data2/liguoqi/habmm/hab_z/btwm/runs/dreamerv3_atari_pong_seed0_v2_1m/metrics.jsonl

--------------------[Agent Step 693_240]--------------------
Metrics filtered by: 'score|length|fps|ratio|train/loss/|train/acc/|train/inv/|train/rand/'
train/acc/inv 0.12 / train/inv/ce 2.08 / train/inv/objective 1.16 / train/inv/valid_frac 1 / train/inv/weight 0 / train/loss/con 0.02 / train/loss/dyn 1.15 / train/loss/image 0.09 / train/loss/inv 0 / train/loss/policy 3.5e-4 / train/loss/rep 1.15 / train/loss/repval 1.9 / train/loss/rew 9.6e-3 / train/loss/value 1.48 / train/rand/action 0.04 / replay/replay_ratio 264 / fps/policy 7.72 / fps/train 1976.25

Writing metrics: /data2/liguoqi/habmm/hab_z/btwm/runs/dreamerv3_atari_pong_seed0_v2_1m/metrics.jsonl
Writing metrics: /data2/liguoqi/habmm/hab_z/btwm/runs/dreamerv3_atari_pong_seed0_v2_1m/scores.jsonl

--------------------[Agent Step 696_760]--------------------
Metrics filtered by: 'score|length|fps|ratio|train/loss/|train/acc/|train/inv/|train/rand/'
episode/score -8 / episode/length 2563 / train/acc/inv 0.12 / train/inv/ce 2.08 / train/inv/objective 1.16 / train/inv/valid_frac 1 / train/inv/weight 0 / train/loss/con 0.02 / train/loss/dyn 1.16 / train/loss/image 0.08 / train/loss/inv 0 / train/loss/policy 6.4e-4 / train/loss/rep 1.16 / train/loss/repval 2.01 / train/loss/rew 9.1e-3 / train/loss/value 1.56 / train/rand/action 0.04 / replay/replay_ratio 264 / fps/policy 7.27 / fps/train 1860.04

Writing metrics: /data2/liguoqi/habmm/hab_z/btwm/runs/dreamerv3_atari_pong_seed0_v2_1m/metrics.jsonl
Writing metrics: /data2/liguoqi/habmm/hab_z/btwm/runs/dreamerv3_atari_pong_seed0_v2_1m/scores.jsonl

--------------------[Agent Step 700_480]--------------------
Metrics filtered by: 'score|length|fps|ratio|train/loss/|train/acc/|train/inv/|train/rand/'
train/acc/inv 0.12 / train/inv/ce 2.06 / train/inv/objective 1.15 / train/inv/valid_frac 1 / train/inv/weight 0 / train/loss/con 0.02 / train/loss/dyn 1.19 / train/loss/image 0.1 / train/loss/inv 0 / train/loss/policy 4.8e-4 / train/loss/rep 1.19 / train/loss/repval 2 / train/loss/rew 9e-3 / train/loss/value 1.56 / train/rand/action 0.04 / replay/replay_ratio 264 / fps/policy 7.68 / fps/train 1965.28

Writing metrics: /data2/liguoqi/habmm/hab_z/btwm/runs/dreamerv3_atari_pong_seed0_v2_1m/metrics.jsonl
Writing metrics: /data2/liguoqi/habmm/hab_z/btwm/runs/dreamerv3_atari_pong_seed0_v2_1m/scores.jsonl

--------------------[Agent Step 704_160]--------------------
Metrics filtered by: 'score|length|fps|ratio|train/loss/|train/acc/|train/inv/|train/rand/'
episode/score -13 / episode/length 2471 / train/acc/inv 0.12 / train/inv/ce 2.08 / train/inv/objective 1.16 / train/inv/valid_frac 1 / train/inv/weight 0 / train/loss/con 0.02 / train/loss/dyn 1.19 / train/loss/image 0.09 / train/loss/inv 0 / train/loss/policy 2.2e-4 / train/loss/rep 1.19 / train/loss/repval 2.04 / train/loss/rew 9.3e-3 / train/loss/value 1.57 / train/rand/action 0.04 / replay/replay_ratio 264 / fps/policy 7.65 / fps/train 1958.42

Writing metrics: /data2/liguoqi/habmm/hab_z/btwm/runs/dreamerv3_atari_pong_seed0_v2_1m/metrics.jsonl
Writing metrics: /data2/liguoqi/habmm/hab_z/btwm/runs/dreamerv3_atari_pong_seed0_v2_1m/scores.jsonl

--------------------[Agent Step 707_840]--------------------
Metrics filtered by: 'score|length|fps|ratio|train/loss/|train/acc/|train/inv/|train/rand/'
train/acc/inv 0.12 / train/inv/ce 2.08 / train/inv/objective 1.16 / train/inv/valid_frac 1 / train/inv/weight 0 / train/loss/con 0.02 / train/loss/dyn 1.18 / train/loss/image 0.09 / train/loss/inv 0 / train/loss/policy 2.4e-4 / train/loss/rep 1.18 / train/loss/repval 1.91 / train/loss/rew 9.4e-3 / train/loss/value 1.51 / train/rand/action 0.04 / replay/replay_ratio 264 / fps/policy 7.63 / fps/train 1952.86

Writing metrics: /data2/liguoqi/habmm/hab_z/btwm/runs/dreamerv3_atari_pong_seed0_v2_1m/metrics.jsonl
Writing metrics: /data2/liguoqi/habmm/hab_z/btwm/runs/dreamerv3_atari_pong_seed0_v2_1m/scores.jsonl

--------------------[Agent Step 711_480]--------------------
Metrics filtered by: 'score|length|fps|ratio|train/loss/|train/acc/|train/inv/|train/rand/'
train/acc/inv 0.12 / train/inv/ce 2.07 / train/inv/objective 1.16 / train/inv/valid_frac 1 / train/inv/weight 0 / train/loss/con 0.02 / train/loss/dyn 1.18 / train/loss/image 0.09 / train/loss/inv 0 / train/loss/policy 6.3e-4 / train/loss/rep 1.18 / train/loss/repval 1.98 / train/loss/rew 9.4e-3 / train/loss/value 1.57 / train/rand/action 0.04 / replay/replay_ratio 264 / fps/policy 7.59 / fps/train 1942.1

Writing metrics: /data2/liguoqi/habmm/hab_z/btwm/runs/dreamerv3_atari_pong_seed0_v2_1m/metrics.jsonl
Writing metrics: /data2/liguoqi/habmm/hab_z/btwm/runs/dreamerv3_atari_pong_seed0_v2_1m/scores.jsonl

--------------------[Agent Step 715_160]--------------------
Metrics filtered by: 'score|length|fps|ratio|train/loss/|train/acc/|train/inv/|train/rand/'
episode/score -10 / episode/length 2745 / train/acc/inv 0.13 / train/inv/ce 2.07 / train/inv/objective 1.16 / train/inv/valid_frac 1 / train/inv/weight 0 / train/loss/con 0.02 / train/loss/dyn 1.2 / train/loss/image 0.09 / train/loss/inv 0 / train/loss/policy 1.3e-4 / train/loss/rep 1.2 / train/loss/repval 2.02 / train/loss/rew 9.4e-3 / train/loss/value 1.55 / train/rand/action 0.04 / replay/replay_ratio 264 / fps/policy 7.64 / fps/train 1955.4

Writing metrics: /data2/liguoqi/habmm/hab_z/btwm/runs/dreamerv3_atari_pong_seed0_v2_1m/scores.jsonl
Writing metrics: /data2/liguoqi/habmm/hab_z/btwm/runs/dreamerv3_atari_pong_seed0_v2_1m/metrics.jsonl

--------------------[Agent Step 718_840]--------------------
Metrics filtered by: 'score|length|fps|ratio|train/loss/|train/acc/|train/inv/|train/rand/'
train/acc/inv 0.13 / train/inv/ce 2.06 / train/inv/objective 1.15 / train/inv/valid_frac 1 / train/inv/weight 0 / train/loss/con 0.02 / train/loss/dyn 1.17 / train/loss/image 0.09 / train/loss/inv 0 / train/loss/policy 4.5e-4 / train/loss/rep 1.17 / train/loss/repval 1.99 / train/loss/rew 9.2e-3 / train/loss/value 1.56 / train/rand/action 0.04 / replay/replay_ratio 264 / fps/policy 7.63 / fps/train 1952.49

Writing metrics: /data2/liguoqi/habmm/hab_z/btwm/runs/dreamerv3_atari_pong_seed0_v2_1m/metrics.jsonl
Writing metrics: /data2/liguoqi/habmm/hab_z/btwm/runs/dreamerv3_atari_pong_seed0_v2_1m/scores.jsonl

--------------------[Agent Step 722_560]--------------------
Metrics filtered by: 'score|length|fps|ratio|train/loss/|train/acc/|train/inv/|train/rand/'
train/acc/inv 0.13 / train/inv/ce 2.06 / train/inv/objective 1.15 / train/inv/valid_frac 1 / train/inv/weight 0 / train/loss/con 0.02 / train/loss/dyn 1.17 / train/loss/image 0.08 / train/loss/inv 0 / train/loss/policy 3.7e-4 / train/loss/rep 1.17 / train/loss/repval 1.96 / train/loss/rew 9.3e-3 / train/loss/value 1.56 / train/rand/action 0.04 / replay/replay_ratio 264 / fps/policy 7.7 / fps/train 1971.28

Writing metrics: /data2/liguoqi/habmm/hab_z/btwm/runs/dreamerv3_atari_pong_seed0_v2_1m/scores.jsonl
Writing metrics: /data2/liguoqi/habmm/hab_z/btwm/runs/dreamerv3_atari_pong_seed0_v2_1m/metrics.jsonl

--------------------[Agent Step 726_240]--------------------
Metrics filtered by: 'score|length|fps|ratio|train/loss/|train/acc/|train/inv/|train/rand/'
episode/score 3 / episode/length 2372 / train/acc/inv 0.13 / train/inv/ce 2.06 / train/inv/objective 1.15 / train/inv/valid_frac 1 / train/inv/weight 0 / train/loss/con 0.02 / train/loss/dyn 1.18 / train/loss/image 0.08 / train/loss/inv 0 / train/loss/policy 4.3e-4 / train/loss/rep 1.18 / train/loss/repval 2.03 / train/loss/rew 9.4e-3 / train/loss/value 1.59 / train/rand/action 0.04 / replay/replay_ratio 264 / fps/policy 7.58 / fps/train 1940.26

Writing metrics: /data2/liguoqi/habmm/hab_z/btwm/runs/dreamerv3_atari_pong_seed0_v2_1m/metrics.jsonl
Writing metrics: /data2/liguoqi/habmm/hab_z/btwm/runs/dreamerv3_atari_pong_seed0_v2_1m/scores.jsonl

--------------------[Agent Step 729_960]--------------------
Metrics filtered by: 'score|length|fps|ratio|train/loss/|train/acc/|train/inv/|train/rand/'
train/acc/inv 0.13 / train/inv/ce 2.06 / train/inv/objective 1.15 / train/inv/valid_frac 1 / train/inv/weight 0 / train/loss/con 0.02 / train/loss/dyn 1.16 / train/loss/image 0.09 / train/loss/inv 0 / train/loss/policy 5.8e-4 / train/loss/rep 1.16 / train/loss/repval 1.96 / train/loss/rew 9.3e-3 / train/loss/value 1.53 / train/rand/action 0.04 / replay/replay_ratio 264 / fps/policy 7.71 / fps/train 1972.53

Writing metrics: /data2/liguoqi/habmm/hab_z/btwm/runs/dreamerv3_atari_pong_seed0_v2_1m/scores.jsonl
Writing metrics: /data2/liguoqi/habmm/hab_z/btwm/runs/dreamerv3_atari_pong_seed0_v2_1m/metrics.jsonl

--------------------[Agent Step 733_680]--------------------
Metrics filtered by: 'score|length|fps|ratio|train/loss/|train/acc/|train/inv/|train/rand/'
episode/score 11 / episode/length 2192 / train/acc/inv 0.13 / train/inv/ce 2.05 / train/inv/objective 1.15 / train/inv/valid_frac 1 / train/inv/weight 0 / train/loss/con 0.02 / train/loss/dyn 1.18 / train/loss/image 0.09 / train/loss/inv 0 / train/loss/policy 4.3e-4 / train/loss/rep 1.18 / train/loss/repval 2.06 / train/loss/rew 9.4e-3 / train/loss/value 1.6 / train/rand/action 0.04 / replay/replay_ratio 264 / fps/policy 7.7 / fps/train 1972.33

Writing metrics: /data2/liguoqi/habmm/hab_z/btwm/runs/dreamerv3_atari_pong_seed0_v2_1m/metrics.jsonl
Writing metrics: /data2/liguoqi/habmm/hab_z/btwm/runs/dreamerv3_atari_pong_seed0_v2_1m/scores.jsonl

--------------------[Agent Step 737_400]--------------------
Metrics filtered by: 'score|length|fps|ratio|train/loss/|train/acc/|train/inv/|train/rand/'
train/acc/inv 0.12 / train/inv/ce 2.06 / train/inv/objective 1.15 / train/inv/valid_frac 1 / train/inv/weight 0 / train/loss/con 0.02 / train/loss/dyn 1.16 / train/loss/image 0.08 / train/loss/inv 0 / train/loss/policy 4.6e-4 / train/loss/rep 1.16 / train/loss/repval 1.91 / train/loss/rew 9.3e-3 / train/loss/value 1.51 / train/rand/action 0.04 / replay/replay_ratio 264 / fps/policy 7.71 / fps/train 1973.45

Writing metrics: /data2/liguoqi/habmm/hab_z/btwm/runs/dreamerv3_atari_pong_seed0_v2_1m/metrics.jsonl
Writing metrics: /data2/liguoqi/habmm/hab_z/btwm/runs/dreamerv3_atari_pong_seed0_v2_1m/scores.jsonl

--------------------[Agent Step 740_960]--------------------
Metrics filtered by: 'score|length|fps|ratio|train/loss/|train/acc/|train/inv/|train/rand/'
episode/score 15 / episode/length 1885 / train/acc/inv 0.13 / train/inv/ce 2.06 / train/inv/objective 1.15 / train/inv/valid_frac 1 / train/inv/weight 0 / train/loss/con 0.02 / train/loss/dyn 1.17 / train/loss/image 0.08 / train/loss/inv 0 / train/loss/policy 3.8e-4 / train/loss/rep 1.17 / train/loss/repval 1.91 / train/loss/rew 9e-3 / train/loss/value 1.49 / train/rand/action 0.04 / replay/replay_ratio 264 / fps/policy 7.41 / fps/train 1897.06

Writing metrics: /data2/liguoqi/habmm/hab_z/btwm/runs/dreamerv3_atari_pong_seed0_v2_1m/scores.jsonl
Writing metrics: /data2/liguoqi/habmm/hab_z/btwm/runs/dreamerv3_atari_pong_seed0_v2_1m/metrics.jsonl

--------------------[Agent Step 744_640]--------------------
Metrics filtered by: 'score|length|fps|ratio|train/loss/|train/acc/|train/inv/|train/rand/'
train/acc/inv 0.13 / train/inv/ce 2.05 / train/inv/objective 1.14 / train/inv/valid_frac 1 / train/inv/weight 0 / train/loss/con 0.02 / train/loss/dyn 1.15 / train/loss/image 0.08 / train/loss/inv 0 / train/loss/policy 4.1e-4 / train/loss/rep 1.15 / train/loss/repval 1.85 / train/loss/rew 9.3e-3 / train/loss/value 1.46 / train/rand/action 0.04 / replay/replay_ratio 264 / fps/policy 7.6 / fps/train 1946.04

Writing metrics: /data2/liguoqi/habmm/hab_z/btwm/runs/dreamerv3_atari_pong_seed0_v2_1m/metrics.jsonl
Writing metrics: /data2/liguoqi/habmm/hab_z/btwm/runs/dreamerv3_atari_pong_seed0_v2_1m/scores.jsonl

--------------------[Agent Step 748_360]--------------------
Metrics filtered by: 'score|length|fps|ratio|train/loss/|train/acc/|train/inv/|train/rand/'
train/acc/inv 0.13 / train/inv/ce 2.05 / train/inv/objective 1.15 / train/inv/valid_frac 1 / train/inv/weight 0 / train/loss/con 0.02 / train/loss/dyn 1.15 / train/loss/image 0.08 / train/loss/inv 0 / train/loss/policy 4.1e-4 / train/loss/rep 1.15 / train/loss/repval 1.83 / train/loss/rew 9.2e-3 / train/loss/value 1.46 / train/rand/action 0.04 / replay/replay_ratio 264 / fps/policy 7.7 / fps/train 1971.55

Writing metrics: /data2/liguoqi/habmm/hab_z/btwm/runs/dreamerv3_atari_pong_seed0_v2_1m/scores.jsonl
Writing metrics: /data2/liguoqi/habmm/hab_z/btwm/runs/dreamerv3_atari_pong_seed0_v2_1m/metrics.jsonl

--------------------[Agent Step 752_080]--------------------
Metrics filtered by: 'score|length|fps|ratio|train/loss/|train/acc/|train/inv/|train/rand/'
episode/score 8 / episode/length 2205 / train/acc/inv 0.12 / train/inv/ce 2.07 / train/inv/objective 1.15 / train/inv/valid_frac 1 / train/inv/weight 0 / train/loss/con 0.02 / train/loss/dyn 1.19 / train/loss/image 0.09 / train/loss/inv 0 / train/loss/policy 4.8e-4 / train/loss/rep 1.19 / train/loss/repval 1.9 / train/loss/rew 9.7e-3 / train/loss/value 1.49 / train/rand/action 0.04 / replay/replay_ratio 264 / fps/policy 7.68 / fps/train 1966.24

Writing metrics: /data2/liguoqi/habmm/hab_z/btwm/runs/dreamerv3_atari_pong_seed0_v2_1m/metrics.jsonl
Writing metrics: /data2/liguoqi/habmm/hab_z/btwm/runs/dreamerv3_atari_pong_seed0_v2_1m/scores.jsonl

--------------------[Agent Step 755_800]--------------------
Metrics filtered by: 'score|length|fps|ratio|train/loss/|train/acc/|train/inv/|train/rand/'
train/acc/inv 0.12 / train/inv/ce 2.07 / train/inv/objective 1.15 / train/inv/valid_frac 1 / train/inv/weight 0 / train/loss/con 0.02 / train/loss/dyn 1.16 / train/loss/image 0.08 / train/loss/inv 0 / train/loss/policy 3.6e-4 / train/loss/rep 1.16 / train/loss/repval 1.82 / train/loss/rew 9.5e-3 / train/loss/value 1.42 / train/rand/action 0.04 / replay/replay_ratio 264 / fps/policy 7.71 / fps/train 1973.5

Writing metrics: /data2/liguoqi/habmm/hab_z/btwm/runs/dreamerv3_atari_pong_seed0_v2_1m/scores.jsonl
Writing metrics: /data2/liguoqi/habmm/hab_z/btwm/runs/dreamerv3_atari_pong_seed0_v2_1m/metrics.jsonl

--------------------[Agent Step 759_520]--------------------
Metrics filtered by: 'score|length|fps|ratio|train/loss/|train/acc/|train/inv/|train/rand/'
train/acc/inv 0.12 / train/inv/ce 2.07 / train/inv/objective 1.16 / train/inv/valid_frac 1 / train/inv/weight 0 / train/loss/con 0.02 / train/loss/dyn 1.18 / train/loss/image 0.08 / train/loss/inv 0 / train/loss/policy 2.5e-4 / train/loss/rep 1.18 / train/loss/repval 1.87 / train/loss/rew 9.2e-3 / train/loss/value 1.45 / train/rand/action 0.04 / replay/replay_ratio 264 / fps/policy 7.7 / fps/train 1971.46

Writing metrics: /data2/liguoqi/habmm/hab_z/btwm/runs/dreamerv3_atari_pong_seed0_v2_1m/metrics.jsonl
Writing metrics: /data2/liguoqi/habmm/hab_z/btwm/runs/dreamerv3_atari_pong_seed0_v2_1m/scores.jsonl
Saving checkpoint: /data2/liguoqi/habmm/hab_z/btwm/runs/dreamerv3_atari_pong_seed0_v2_1m/ckpt/20260614T013947F591128
Saved checkpoint.

--------------------[Agent Step 761_880]--------------------
Metrics filtered by: 'score|length|fps|ratio|train/loss/|train/acc/|train/inv/|train/rand/'
train/acc/inv 0.12 / train/inv/ce 2.06 / train/inv/objective 1.15 / train/inv/valid_frac 1 / train/inv/weight 0 / train/loss/con 0.02 / train/loss/dyn 1.21 / train/loss/image 0.09 / train/loss/inv 0 / train/loss/policy 3.4e-4 / train/loss/rep 1.21 / train/loss/repval 2.02 / train/loss/rew 9.5e-3 / train/loss/value 1.55 / train/rand/action 0.04 / replay/replay_ratio 264 / fps/policy 4.9 / fps/train 1255.25

Writing metrics: /data2/liguoqi/habmm/hab_z/btwm/runs/dreamerv3_atari_pong_seed0_v2_1m/metrics.jsonl
Writing metrics: /data2/liguoqi/habmm/hab_z/btwm/runs/dreamerv3_atari_pong_seed0_v2_1m/scores.jsonl

--------------------[Agent Step 765_600]--------------------
Metrics filtered by: 'score|length|fps|ratio|train/loss/|train/acc/|train/inv/|train/rand/'
episode/score -1 / episode/length 3693 / train/acc/inv 0.13 / train/inv/ce 2.07 / train/inv/objective 1.15 / train/inv/valid_frac 1 / train/inv/weight 0 / train/loss/con 0.02 / train/loss/dyn 1.15 / train/loss/image 0.08 / train/loss/inv 0 / train/loss/policy 6.3e-4 / train/loss/rep 1.15 / train/loss/repval 1.82 / train/loss/rew 9.6e-3 / train/loss/value 1.45 / train/rand/action 0.04 / replay/replay_ratio 264 / fps/policy 7.69 / fps/train 1968.39

Writing metrics: /data2/liguoqi/habmm/hab_z/btwm/runs/dreamerv3_atari_pong_seed0_v2_1m/metrics.jsonl
Writing metrics: /data2/liguoqi/habmm/hab_z/btwm/runs/dreamerv3_atari_pong_seed0_v2_1m/scores.jsonl

--------------------[Agent Step 769_280]--------------------
Metrics filtered by: 'score|length|fps|ratio|train/loss/|train/acc/|train/inv/|train/rand/'
train/acc/inv 0.12 / train/inv/ce 2.08 / train/inv/objective 1.16 / train/inv/valid_frac 1 / train/inv/weight 0 / train/loss/con 0.02 / train/loss/dyn 1.16 / train/loss/image 0.08 / train/loss/inv 0 / train/loss/policy 3.6e-4 / train/loss/rep 1.16 / train/loss/repval 1.88 / train/loss/rew 9.3e-3 / train/loss/value 1.48 / train/rand/action 0.04 / replay/replay_ratio 264 / fps/policy 7.65 / fps/train 1958.54

Writing metrics: /data2/liguoqi/habmm/hab_z/btwm/runs/dreamerv3_atari_pong_seed0_v2_1m/scores.jsonl
Writing metrics: /data2/liguoqi/habmm/hab_z/btwm/runs/dreamerv3_atari_pong_seed0_v2_1m/metrics.jsonl

--------------------[Agent Step 773_000]--------------------
Metrics filtered by: 'score|length|fps|ratio|train/loss/|train/acc/|train/inv/|train/rand/'
train/acc/inv 0.12 / train/inv/ce 2.09 / train/inv/objective 1.16 / train/inv/valid_frac 1 / train/inv/weight 0 / train/loss/con 0.02 / train/loss/dyn 1.16 / train/loss/image 0.09 / train/loss/inv 0 / train/loss/policy 3.2e-4 / train/loss/rep 1.16 / train/loss/repval 1.91 / train/loss/rew 9.2e-3 / train/loss/value 1.48 / train/rand/action 0.04 / replay/replay_ratio 264 / fps/policy 7.7 / fps/train 1970.7

Writing metrics: /data2/liguoqi/habmm/hab_z/btwm/runs/dreamerv3_atari_pong_seed0_v2_1m/metrics.jsonl
Writing metrics: /data2/liguoqi/habmm/hab_z/btwm/runs/dreamerv3_atari_pong_seed0_v2_1m/scores.jsonl

--------------------[Agent Step 776_720]--------------------
Metrics filtered by: 'score|length|fps|ratio|train/loss/|train/acc/|train/inv/|train/rand/'
train/acc/inv 0.12 / train/inv/ce 2.07 / train/inv/objective 1.16 / train/inv/valid_frac 1 / train/inv/weight 0 / train/loss/con 0.02 / train/loss/dyn 1.16 / train/loss/image 0.09 / train/loss/inv 0 / train/loss/policy 1.8e-4 / train/loss/rep 1.16 / train/loss/repval 1.89 / train/loss/rew 9.2e-3 / train/loss/value 1.46 / train/rand/action 0.04 / replay/replay_ratio 264 / fps/policy 7.71 / fps/train 1973.63

Writing metrics: /data2/liguoqi/habmm/hab_z/btwm/runs/dreamerv3_atari_pong_seed0_v2_1m/metrics.jsonl
Writing metrics: /data2/liguoqi/habmm/hab_z/btwm/runs/dreamerv3_atari_pong_seed0_v2_1m/scores.jsonl

--------------------[Agent Step 780_440]--------------------
Metrics filtered by: 'score|length|fps|ratio|train/loss/|train/acc/|train/inv/|train/rand/'
episode/score 1 / episode/length 3442 / train/acc/inv 0.12 / train/inv/ce 2.07 / train/inv/objective 1.15 / train/inv/valid_frac 1 / train/inv/weight 0 / train/loss/con 0.02 / train/loss/dyn 1.16 / train/loss/image 0.09 / train/loss/inv 0 / train/loss/policy 2.6e-4 / train/loss/rep 1.16 / train/loss/repval 1.9 / train/loss/rew 9.3e-3 / train/loss/value 1.49 / train/rand/action 0.04 / replay/replay_ratio 264 / fps/policy 7.71 / fps/train 1972.61

Writing metrics: /data2/liguoqi/habmm/hab_z/btwm/runs/dreamerv3_atari_pong_seed0_v2_1m/metrics.jsonl
Writing metrics: /data2/liguoqi/habmm/hab_z/btwm/runs/dreamerv3_atari_pong_seed0_v2_1m/scores.jsonl

--------------------[Agent Step 784_040]--------------------
Metrics filtered by: 'score|length|fps|ratio|train/loss/|train/acc/|train/inv/|train/rand/'
train/acc/inv 0.12 / train/inv/ce 2.08 / train/inv/objective 1.16 / train/inv/valid_frac 1 / train/inv/weight 0 / train/loss/con 0.02 / train/loss/dyn 1.17 / train/loss/image 0.09 / train/loss/inv 0 / train/loss/policy 6.4e-4 / train/loss/rep 1.17 / train/loss/repval 1.96 / train/loss/rew 9.3e-3 / train/loss/value 1.54 / train/rand/action 0.04 / replay/replay_ratio 264 / fps/policy 7.48 / fps/train 1914.71

Writing metrics: /data2/liguoqi/habmm/hab_z/btwm/runs/dreamerv3_atari_pong_seed0_v2_1m/metrics.jsonl
Writing metrics: /data2/liguoqi/habmm/hab_z/btwm/runs/dreamerv3_atari_pong_seed0_v2_1m/scores.jsonl

--------------------[Agent Step 787_760]--------------------
Metrics filtered by: 'score|length|fps|ratio|train/loss/|train/acc/|train/inv/|train/rand/'
episode/score 13 / episode/length 2134 / train/acc/inv 0.12 / train/inv/ce 2.07 / train/inv/objective 1.16 / train/inv/valid_frac 1 / train/inv/weight 0 / train/loss/con 0.02 / train/loss/dyn 1.15 / train/loss/image 0.08 / train/loss/inv 0 / train/loss/policy 3e-4 / train/loss/rep 1.15 / train/loss/repval 1.83 / train/loss/rew 9.1e-3 / train/loss/value 1.42 / train/rand/action 0.04 / replay/replay_ratio 264 / fps/policy 7.69 / fps/train 1969.24

Writing metrics: /data2/liguoqi/habmm/hab_z/btwm/runs/dreamerv3_atari_pong_seed0_v2_1m/metrics.jsonl
Writing metrics: /data2/liguoqi/habmm/hab_z/btwm/runs/dreamerv3_atari_pong_seed0_v2_1m/scores.jsonl

--------------------[Agent Step 791_480]--------------------
Metrics filtered by: 'score|length|fps|ratio|train/loss/|train/acc/|train/inv/|train/rand/'
train/acc/inv 0.13 / train/inv/ce 2.04 / train/inv/objective 1.14 / train/inv/valid_frac 1 / train/inv/weight 0 / train/loss/con 0.02 / train/loss/dyn 1.15 / train/loss/image 0.08 / train/loss/inv 0 / train/loss/policy 2.7e-4 / train/loss/rep 1.15 / train/loss/repval 1.85 / train/loss/rew 9.1e-3 / train/loss/value 1.43 / train/rand/action 0.04 / replay/replay_ratio 264 / fps/policy 7.7 / fps/train 1971.19

Writing metrics: /data2/liguoqi/habmm/hab_z/btwm/runs/dreamerv3_atari_pong_seed0_v2_1m/metrics.jsonl
Writing metrics: /data2/liguoqi/habmm/hab_z/btwm/runs/dreamerv3_atari_pong_seed0_v2_1m/scores.jsonl

--------------------[Agent Step 795_200]--------------------
Metrics filtered by: 'score|length|fps|ratio|train/loss/|train/acc/|train/inv/|train/rand/'
train/acc/inv 0.13 / train/inv/ce 2.06 / train/inv/objective 1.15 / train/inv/valid_frac 1 / train/inv/weight 0 / train/loss/con 0.02 / train/loss/dyn 1.17 / train/loss/image 0.09 / train/loss/inv 0 / train/loss/policy 3.4e-4 / train/loss/rep 1.17 / train/loss/repval 1.95 / train/loss/rew 9.2e-3 / train/loss/value 1.5 / train/rand/action 0.04 / replay/replay_ratio 264 / fps/policy 7.71 / fps/train 1973.38

Writing metrics: /data2/liguoqi/habmm/hab_z/btwm/runs/dreamerv3_atari_pong_seed0_v2_1m/metrics.jsonl
Writing metrics: /data2/liguoqi/habmm/hab_z/btwm/runs/dreamerv3_atari_pong_seed0_v2_1m/scores.jsonl

--------------------[Agent Step 798_920]--------------------
Metrics filtered by: 'score|length|fps|ratio|train/loss/|train/acc/|train/inv/|train/rand/'
episode/score 7 / episode/length 2418 / train/acc/inv 0.13 / train/inv/ce 2.05 / train/inv/objective 1.14 / train/inv/valid_frac 1 / train/inv/weight 0 / train/loss/con 0.02 / train/loss/dyn 1.17 / train/loss/image 0.08 / train/loss/inv 0 / train/loss/policy 3.1e-4 / train/loss/rep 1.17 / train/loss/repval 1.94 / train/loss/rew 9.2e-3 / train/loss/value 1.5 / train/rand/action 0.04 / replay/replay_ratio 264 / fps/policy 7.68 / fps/train 1966.71

Writing metrics: /data2/liguoqi/habmm/hab_z/btwm/runs/dreamerv3_atari_pong_seed0_v2_1m/scores.jsonl
Writing metrics: /data2/liguoqi/habmm/hab_z/btwm/runs/dreamerv3_atari_pong_seed0_v2_1m/metrics.jsonl

--------------------[Agent Step 802_640]--------------------
Metrics filtered by: 'score|length|fps|ratio|train/loss/|train/acc/|train/inv/|train/rand/'
train/acc/inv 0.13 / train/inv/ce 2.05 / train/inv/objective 1.14 / train/inv/valid_frac 1 / train/inv/weight 0 / train/loss/con 0.02 / train/loss/dyn 1.16 / train/loss/image 0.08 / train/loss/inv 0 / train/loss/policy 3.1e-4 / train/loss/rep 1.16 / train/loss/repval 1.78 / train/loss/rew 9.2e-3 / train/loss/value 1.39 / train/rand/action 0.04 / replay/replay_ratio 264 / fps/policy 7.7 / fps/train 1971.07

Writing metrics: /data2/liguoqi/habmm/hab_z/btwm/runs/dreamerv3_atari_pong_seed0_v2_1m/metrics.jsonl
Writing metrics: /data2/liguoqi/habmm/hab_z/btwm/runs/dreamerv3_atari_pong_seed0_v2_1m/scores.jsonl

--------------------[Agent Step 806_320]--------------------
Metrics filtered by: 'score|length|fps|ratio|train/loss/|train/acc/|train/inv/|train/rand/'
episode/score 10 / episode/length 2199 / train/acc/inv 0.13 / train/inv/ce 2.05 / train/inv/objective 1.14 / train/inv/valid_frac 1 / train/inv/weight 0 / train/loss/con 0.02 / train/loss/dyn 1.15 / train/loss/image 0.08 / train/loss/inv 0 / train/loss/policy 1.9e-4 / train/loss/rep 1.15 / train/loss/repval 1.85 / train/loss/rew 9.2e-3 / train/loss/value 1.42 / train/rand/action 0.04 / replay/replay_ratio 264 / fps/policy 7.63 / fps/train 1953.63

Writing metrics: /data2/liguoqi/habmm/hab_z/btwm/runs/dreamerv3_atari_pong_seed0_v2_1m/metrics.jsonl
Writing metrics: /data2/liguoqi/habmm/hab_z/btwm/runs/dreamerv3_atari_pong_seed0_v2_1m/scores.jsonl

--------------------[Agent Step 810_040]--------------------
Metrics filtered by: 'score|length|fps|ratio|train/loss/|train/acc/|train/inv/|train/rand/'
train/acc/inv 0.13 / train/inv/ce 2.06 / train/inv/objective 1.15 / train/inv/valid_frac 1 / train/inv/weight 0 / train/loss/con 0.02 / train/loss/dyn 1.18 / train/loss/image 0.08 / train/loss/inv 0 / train/loss/policy 3.2e-4 / train/loss/rep 1.18 / train/loss/repval 1.94 / train/loss/rew 9.3e-3 / train/loss/value 1.49 / train/rand/action 0.04 / replay/replay_ratio 264 / fps/policy 7.72 / fps/train 1975.86

Writing metrics: /data2/liguoqi/habmm/hab_z/btwm/runs/dreamerv3_atari_pong_seed0_v2_1m/metrics.jsonl
Writing metrics: /data2/liguoqi/habmm/hab_z/btwm/runs/dreamerv3_atari_pong_seed0_v2_1m/scores.jsonl

--------------------[Agent Step 813_760]--------------------
Metrics filtered by: 'score|length|fps|ratio|train/loss/|train/acc/|train/inv/|train/rand/'
train/acc/inv 0.12 / train/inv/ce 2.07 / train/inv/objective 1.16 / train/inv/valid_frac 1 / train/inv/weight 0 / train/loss/con 0.02 / train/loss/dyn 1.17 / train/loss/image 0.08 / train/loss/inv 0 / train/loss/policy 4.1e-4 / train/loss/rep 1.17 / train/loss/repval 1.79 / train/loss/rew 9.4e-3 / train/loss/value 1.39 / train/rand/action 0.04 / replay/replay_ratio 264 / fps/policy 7.7 / fps/train 1972.3

Writing metrics: /data2/liguoqi/habmm/hab_z/btwm/runs/dreamerv3_atari_pong_seed0_v2_1m/metrics.jsonl
Writing metrics: /data2/liguoqi/habmm/hab_z/btwm/runs/dreamerv3_atari_pong_seed0_v2_1m/scores.jsonl

--------------------[Agent Step 817_480]--------------------
Metrics filtered by: 'score|length|fps|ratio|train/loss/|train/acc/|train/inv/|train/rand/'
train/acc/inv 0.13 / train/inv/ce 2.07 / train/inv/objective 1.16 / train/inv/valid_frac 1 / train/inv/weight 0 / train/loss/con 0.02 / train/loss/dyn 1.18 / train/loss/image 0.08 / train/loss/inv 0 / train/loss/policy 3.1e-4 / train/loss/rep 1.18 / train/loss/repval 1.86 / train/loss/rew 9.4e-3 / train/loss/value 1.43 / train/rand/action 0.04 / replay/replay_ratio 264 / fps/policy 7.72 / fps/train 1977.25

Writing metrics: /data2/liguoqi/habmm/hab_z/btwm/runs/dreamerv3_atari_pong_seed0_v2_1m/metrics.jsonl
Writing metrics: /data2/liguoqi/habmm/hab_z/btwm/runs/dreamerv3_atari_pong_seed0_v2_1m/scores.jsonl

--------------------[Agent Step 821_120]--------------------
Metrics filtered by: 'score|length|fps|ratio|train/loss/|train/acc/|train/inv/|train/rand/'
episode/score -6 / episode/length 3396 / train/acc/inv 0.13 / train/inv/ce 2.07 / train/inv/objective 1.15 / train/inv/valid_frac 1 / train/inv/weight 0 / train/loss/con 0.02 / train/loss/dyn 1.19 / train/loss/image 0.08 / train/loss/inv 0 / train/loss/policy 3.8e-4 / train/loss/rep 1.19 / train/loss/repval 1.91 / train/loss/rew 9.1e-3 / train/loss/value 1.48 / train/rand/action 0.04 / replay/replay_ratio 264 / fps/policy 7.53 / fps/train 1926.9

Writing metrics: /data2/liguoqi/habmm/hab_z/btwm/runs/dreamerv3_atari_pong_seed0_v2_1m/metrics.jsonl
Writing metrics: /data2/liguoqi/habmm/hab_z/btwm/runs/dreamerv3_atari_pong_seed0_v2_1m/scores.jsonl

--------------------[Agent Step 824_800]--------------------
Metrics filtered by: 'score|length|fps|ratio|train/loss/|train/acc/|train/inv/|train/rand/'
train/acc/inv 0.12 / train/inv/ce 2.07 / train/inv/objective 1.15 / train/inv/valid_frac 1 / train/inv/weight 0 / train/loss/con 0.02 / train/loss/dyn 1.14 / train/loss/image 0.08 / train/loss/inv 0 / train/loss/policy 4.1e-4 / train/loss/rep 1.14 / train/loss/repval 1.86 / train/loss/rew 9.3e-3 / train/loss/value 1.45 / train/rand/action 0.04 / replay/replay_ratio 264 / fps/policy 7.64 / fps/train 1955.18

Writing metrics: /data2/liguoqi/habmm/hab_z/btwm/runs/dreamerv3_atari_pong_seed0_v2_1m/scores.jsonl
Writing metrics: /data2/liguoqi/habmm/hab_z/btwm/runs/dreamerv3_atari_pong_seed0_v2_1m/metrics.jsonl

--------------------[Agent Step 828_440]--------------------
Metrics filtered by: 'score|length|fps|ratio|train/loss/|train/acc/|train/inv/|train/rand/'
episode/score 17 / episode/length 1730 / train/acc/inv 0.12 / train/inv/ce 2.06 / train/inv/objective 1.15 / train/inv/valid_frac 1 / train/inv/weight 0 / train/loss/con 0.02 / train/loss/dyn 1.16 / train/loss/image 0.08 / train/loss/inv 0 / train/loss/policy 3.9e-4 / train/loss/rep 1.16 / train/loss/repval 1.8 / train/loss/rew 9.3e-3 / train/loss/value 1.4 / train/rand/action 0.04 / replay/replay_ratio 264 / fps/policy 7.52 / fps/train 1924.98

Writing metrics: /data2/liguoqi/habmm/hab_z/btwm/runs/dreamerv3_atari_pong_seed0_v2_1m/metrics.jsonl
Writing metrics: /data2/liguoqi/habmm/hab_z/btwm/runs/dreamerv3_atari_pong_seed0_v2_1m/scores.jsonl

--------------------[Agent Step 832_000]--------------------
Metrics filtered by: 'score|length|fps|ratio|train/loss/|train/acc/|train/inv/|train/rand/'
train/acc/inv 0.12 / train/inv/ce 2.05 / train/inv/objective 1.15 / train/inv/valid_frac 1 / train/inv/weight 0 / train/loss/con 0.02 / train/loss/dyn 1.14 / train/loss/image 0.08 / train/loss/inv 0 / train/loss/policy 4.9e-4 / train/loss/rep 1.14 / train/loss/repval 1.74 / train/loss/rew 9.2e-3 / train/loss/value 1.39 / train/rand/action 0.04 / replay/replay_ratio 264 / fps/policy 7.37 / fps/train 1887.26

Writing metrics: /data2/liguoqi/habmm/hab_z/btwm/runs/dreamerv3_atari_pong_seed0_v2_1m/metrics.jsonl
Writing metrics: /data2/liguoqi/habmm/hab_z/btwm/runs/dreamerv3_atari_pong_seed0_v2_1m/scores.jsonl

--------------------[Agent Step 835_680]--------------------
Metrics filtered by: 'score|length|fps|ratio|train/loss/|train/acc/|train/inv/|train/rand/'
episode/score 16 / episode/length 1827 / train/acc/inv 0.13 / train/inv/ce 2.06 / train/inv/objective 1.15 / train/inv/valid_frac 1 / train/inv/weight 0 / train/loss/con 0.02 / train/loss/dyn 1.16 / train/loss/image 0.08 / train/loss/inv 0 / train/loss/policy 1.1e-4 / train/loss/rep 1.16 / train/loss/repval 1.81 / train/loss/rew 9.4e-3 / train/loss/value 1.37 / train/rand/action 0.04 / replay/replay_ratio 264 / fps/policy 7.66 / fps/train 1960.57

Writing metrics: /data2/liguoqi/habmm/hab_z/btwm/runs/dreamerv3_atari_pong_seed0_v2_1m/metrics.jsonl
Writing metrics: /data2/liguoqi/habmm/hab_z/btwm/runs/dreamerv3_atari_pong_seed0_v2_1m/scores.jsonl

--------------------[Agent Step 839_400]--------------------
Metrics filtered by: 'score|length|fps|ratio|train/loss/|train/acc/|train/inv/|train/rand/'
train/acc/inv 0.13 / train/inv/ce 2.05 / train/inv/objective 1.14 / train/inv/valid_frac 1 / train/inv/weight 0 / train/loss/con 0.02 / train/loss/dyn 1.16 / train/loss/image 0.08 / train/loss/inv 0 / train/loss/policy 2.7e-4 / train/loss/rep 1.16 / train/loss/repval 1.77 / train/loss/rew 9.3e-3 / train/loss/value 1.38 / train/rand/action 0.04 / replay/replay_ratio 264 / fps/policy 7.69 / fps/train 1968.63

Writing metrics: /data2/liguoqi/habmm/hab_z/btwm/runs/dreamerv3_atari_pong_seed0_v2_1m/metrics.jsonl
Writing metrics: /data2/liguoqi/habmm/hab_z/btwm/runs/dreamerv3_atari_pong_seed0_v2_1m/scores.jsonl

--------------------[Agent Step 843_120]--------------------
Metrics filtered by: 'score|length|fps|ratio|train/loss/|train/acc/|train/inv/|train/rand/'
train/acc/inv 0.13 / train/inv/ce 2.04 / train/inv/objective 1.14 / train/inv/valid_frac 1 / train/inv/weight 0 / train/loss/con 0.02 / train/loss/dyn 1.17 / train/loss/image 0.08 / train/loss/inv 0 / train/loss/policy 4.4e-4 / train/loss/rep 1.17 / train/loss/repval 1.83 / train/loss/rew 9.2e-3 / train/loss/value 1.43 / train/rand/action 0.04 / replay/replay_ratio 264 / fps/policy 7.71 / fps/train 1974.21

Writing metrics: /data2/liguoqi/habmm/hab_z/btwm/runs/dreamerv3_atari_pong_seed0_v2_1m/scores.jsonl
Writing metrics: /data2/liguoqi/habmm/hab_z/btwm/runs/dreamerv3_atari_pong_seed0_v2_1m/metrics.jsonl

--------------------[Agent Step 846_840]--------------------
Metrics filtered by: 'score|length|fps|ratio|train/loss/|train/acc/|train/inv/|train/rand/'
train/acc/inv 0.13 / train/inv/ce 2.06 / train/inv/objective 1.15 / train/inv/valid_frac 1 / train/inv/weight 0 / train/loss/con 0.02 / train/loss/dyn 1.17 / train/loss/image 0.08 / train/loss/inv 0 / train/loss/policy 3.1e-4 / train/loss/rep 1.17 / train/loss/repval 1.85 / train/loss/rew 9.3e-3 / train/loss/value 1.43 / train/rand/action 0.04 / replay/replay_ratio 264 / fps/policy 7.68 / fps/train 1966.17

Writing metrics: /data2/liguoqi/habmm/hab_z/btwm/runs/dreamerv3_atari_pong_seed0_v2_1m/metrics.jsonl
Writing metrics: /data2/liguoqi/habmm/hab_z/btwm/runs/dreamerv3_atari_pong_seed0_v2_1m/scores.jsonl

--------------------[Agent Step 850_560]--------------------
Metrics filtered by: 'score|length|fps|ratio|train/loss/|train/acc/|train/inv/|train/rand/'
episode/score -1 / episode/length 4126 / train/acc/inv 0.13 / train/inv/ce 2.05 / train/inv/objective 1.14 / train/inv/valid_frac 1 / train/inv/weight 0 / train/loss/con 0.02 / train/loss/dyn 1.15 / train/loss/image 0.08 / train/loss/inv 0 / train/loss/policy 4.3e-4 / train/loss/rep 1.15 / train/loss/repval 1.69 / train/loss/rew 9.3e-3 / train/loss/value 1.34 / train/rand/action 0.04 / replay/replay_ratio 264 / fps/policy 7.59 / fps/train 1943.27

Writing metrics: /data2/liguoqi/habmm/hab_z/btwm/runs/dreamerv3_atari_pong_seed0_v2_1m/metrics.jsonl
Writing metrics: /data2/liguoqi/habmm/hab_z/btwm/runs/dreamerv3_atari_pong_seed0_v2_1m/scores.jsonl

--------------------[Agent Step 854_240]--------------------
Metrics filtered by: 'score|length|fps|ratio|train/loss/|train/acc/|train/inv/|train/rand/'
train/acc/inv 0.13 / train/inv/ce 2.05 / train/inv/objective 1.14 / train/inv/valid_frac 1 / train/inv/weight 0 / train/loss/con 0.02 / train/loss/dyn 1.15 / train/loss/image 0.08 / train/loss/inv 0 / train/loss/policy 3.4e-4 / train/loss/rep 1.15 / train/loss/repval 1.81 / train/loss/rew 9.4e-3 / train/loss/value 1.4 / train/rand/action 0.04 / replay/replay_ratio 264 / fps/policy 7.68 / fps/train 1966.38

Writing metrics: /data2/liguoqi/habmm/hab_z/btwm/runs/dreamerv3_atari_pong_seed0_v2_1m/scores.jsonl
Writing metrics: /data2/liguoqi/habmm/hab_z/btwm/runs/dreamerv3_atari_pong_seed0_v2_1m/metrics.jsonl

--------------------[Agent Step 857_960]--------------------
Metrics filtered by: 'score|length|fps|ratio|train/loss/|train/acc/|train/inv/|train/rand/'
train/acc/inv 0.13 / train/inv/ce 2.06 / train/inv/objective 1.15 / train/inv/valid_frac 1 / train/inv/weight 0 / train/loss/con 0.02 / train/loss/dyn 1.15 / train/loss/image 0.08 / train/loss/inv 0 / train/loss/policy 4.2e-4 / train/loss/rep 1.15 / train/loss/repval 1.74 / train/loss/rew 9.2e-3 / train/loss/value 1.36 / train/rand/action 0.04 / replay/replay_ratio 264 / fps/policy 7.69 / fps/train 1968.79

Writing metrics: /data2/liguoqi/habmm/hab_z/btwm/runs/dreamerv3_atari_pong_seed0_v2_1m/metrics.jsonl
Writing metrics: /data2/liguoqi/habmm/hab_z/btwm/runs/dreamerv3_atari_pong_seed0_v2_1m/scores.jsonl

--------------------[Agent Step 861_680]--------------------
Metrics filtered by: 'score|length|fps|ratio|train/loss/|train/acc/|train/inv/|train/rand/'
episode/score 15 / episode/length 2523 / train/acc/inv 0.12 / train/inv/ce 2.06 / train/inv/objective 1.15 / train/inv/valid_frac 1 / train/inv/weight 0 / train/loss/con 0.02 / train/loss/dyn 1.16 / train/loss/image 0.08 / train/loss/inv 0 / train/loss/policy 2.9e-4 / train/loss/rep 1.16 / train/loss/repval 1.75 / train/loss/rew 9.1e-3 / train/loss/value 1.35 / train/rand/action 0.04 / replay/replay_ratio 264 / fps/policy 7.68 / fps/train 1965.21

Writing metrics: /data2/liguoqi/habmm/hab_z/btwm/runs/dreamerv3_atari_pong_seed0_v2_1m/scores.jsonl
Writing metrics: /data2/liguoqi/habmm/hab_z/btwm/runs/dreamerv3_atari_pong_seed0_v2_1m/metrics.jsonl

--------------------[Agent Step 865_360]--------------------
Metrics filtered by: 'score|length|fps|ratio|train/loss/|train/acc/|train/inv/|train/rand/'
train/acc/inv 0.13 / train/inv/ce 2.07 / train/inv/objective 1.15 / train/inv/valid_frac 1 / train/inv/weight 0 / train/loss/con 0.02 / train/loss/dyn 1.16 / train/loss/image 0.08 / train/loss/inv 0 / train/loss/policy 3e-4 / train/loss/rep 1.16 / train/loss/repval 1.75 / train/loss/rew 9.3e-3 / train/loss/value 1.35 / train/rand/action 0.04 / replay/replay_ratio 264 / fps/policy 7.66 / fps/train 1960.59

Writing metrics: /data2/liguoqi/habmm/hab_z/btwm/runs/dreamerv3_atari_pong_seed0_v2_1m/metrics.jsonl
Writing metrics: /data2/liguoqi/habmm/hab_z/btwm/runs/dreamerv3_atari_pong_seed0_v2_1m/scores.jsonl

--------------------[Agent Step 869_080]--------------------
Metrics filtered by: 'score|length|fps|ratio|train/loss/|train/acc/|train/inv/|train/rand/'
train/acc/inv 0.13 / train/inv/ce 2.05 / train/inv/objective 1.15 / train/inv/valid_frac 1 / train/inv/weight 0 / train/loss/con 0.02 / train/loss/dyn 1.15 / train/loss/image 0.08 / train/loss/inv 0 / train/loss/policy 4.1e-4 / train/loss/rep 1.15 / train/loss/repval 1.71 / train/loss/rew 9.2e-3 / train/loss/value 1.34 / train/rand/action 0.04 / replay/replay_ratio 264 / fps/policy 7.66 / fps/train 1961.25

Writing metrics: /data2/liguoqi/habmm/hab_z/btwm/runs/dreamerv3_atari_pong_seed0_v2_1m/metrics.jsonl
Writing metrics: /data2/liguoqi/habmm/hab_z/btwm/runs/dreamerv3_atari_pong_seed0_v2_1m/scores.jsonl
Saving checkpoint: /data2/liguoqi/habmm/hab_z/btwm/runs/dreamerv3_atari_pong_seed0_v2_1m/ckpt/20260614T023947F791285
Saved checkpoint.

--------------------[Agent Step 871_520]--------------------
Metrics filtered by: 'score|length|fps|ratio|train/loss/|train/acc/|train/inv/|train/rand/'
episode/score 11 / episode/length 2525 / train/acc/inv 0.13 / train/inv/ce 2.07 / train/inv/objective 1.15 / train/inv/valid_frac 1 / train/inv/weight 0 / train/loss/con 0.02 / train/loss/dyn 1.19 / train/loss/image 0.08 / train/loss/inv 0 / train/loss/policy 4e-4 / train/loss/rep 1.19 / train/loss/repval 1.66 / train/loss/rew 8.8e-3 / train/loss/value 1.29 / train/rand/action 0.04 / replay/replay_ratio 264 / fps/policy 5.07 / fps/train 1297.39

Writing metrics: /data2/liguoqi/habmm/hab_z/btwm/runs/dreamerv3_atari_pong_seed0_v2_1m/metrics.jsonl
Writing metrics: /data2/liguoqi/habmm/hab_z/btwm/runs/dreamerv3_atari_pong_seed0_v2_1m/scores.jsonl

--------------------[Agent Step 875_240]--------------------
Metrics filtered by: 'score|length|fps|ratio|train/loss/|train/acc/|train/inv/|train/rand/'
train/acc/inv 0.12 / train/inv/ce 2.08 / train/inv/objective 1.16 / train/inv/valid_frac 1 / train/inv/weight 0 / train/loss/con 0.02 / train/loss/dyn 1.14 / train/loss/image 0.07 / train/loss/inv 0 / train/loss/policy 3.2e-4 / train/loss/rep 1.14 / train/loss/repval 1.65 / train/loss/rew 8.9e-3 / train/loss/value 1.29 / train/rand/action 0.04 / replay/replay_ratio 264 / fps/policy 7.7 / fps/train 1970.48

Writing metrics: /data2/liguoqi/habmm/hab_z/btwm/runs/dreamerv3_atari_pong_seed0_v2_1m/metrics.jsonl
Writing metrics: /data2/liguoqi/habmm/hab_z/btwm/runs/dreamerv3_atari_pong_seed0_v2_1m/scores.jsonl

--------------------[Agent Step 878_960]--------------------
Metrics filtered by: 'score|length|fps|ratio|train/loss/|train/acc/|train/inv/|train/rand/'
train/acc/inv 0.12 / train/inv/ce 2.08 / train/inv/objective 1.16 / train/inv/valid_frac 1 / train/inv/weight 0 / train/loss/con 0.02 / train/loss/dyn 1.15 / train/loss/image 0.08 / train/loss/inv 0 / train/loss/policy 2.8e-4 / train/loss/rep 1.15 / train/loss/repval 1.69 / train/loss/rew 9.1e-3 / train/loss/value 1.31 / train/rand/action 0.04 / replay/replay_ratio 264 / fps/policy 7.71 / fps/train 1974.75

Writing metrics: /data2/liguoqi/habmm/hab_z/btwm/runs/dreamerv3_atari_pong_seed0_v2_1m/metrics.jsonl
Writing metrics: /data2/liguoqi/habmm/hab_z/btwm/runs/dreamerv3_atari_pong_seed0_v2_1m/scores.jsonl

--------------------[Agent Step 882_680]--------------------
Metrics filtered by: 'score|length|fps|ratio|train/loss/|train/acc/|train/inv/|train/rand/'
episode/score 1 / episode/length 2942 / train/acc/inv 0.12 / train/inv/ce 2.08 / train/inv/objective 1.16 / train/inv/valid_frac 1 / train/inv/weight 0 / train/loss/con 0.02 / train/loss/dyn 1.13 / train/loss/image 0.07 / train/loss/inv 0 / train/loss/policy 3.1e-4 / train/loss/rep 1.13 / train/loss/repval 1.63 / train/loss/rew 8.9e-3 / train/loss/value 1.28 / train/rand/action 0.04 / replay/replay_ratio 264 / fps/policy 7.69 / fps/train 1968.77

Writing metrics: /data2/liguoqi/habmm/hab_z/btwm/runs/dreamerv3_atari_pong_seed0_v2_1m/scores.jsonl
Writing metrics: /data2/liguoqi/habmm/hab_z/btwm/runs/dreamerv3_atari_pong_seed0_v2_1m/metrics.jsonl

--------------------[Agent Step 886_360]--------------------
Metrics filtered by: 'score|length|fps|ratio|train/loss/|train/acc/|train/inv/|train/rand/'
train/acc/inv 0.12 / train/inv/ce 2.08 / train/inv/objective 1.16 / train/inv/valid_frac 1 / train/inv/weight 0 / train/loss/con 0.02 / train/loss/dyn 1.14 / train/loss/image 0.07 / train/loss/inv 0 / train/loss/policy 3.1e-4 / train/loss/rep 1.14 / train/loss/repval 1.61 / train/loss/rew 9.1e-3 / train/loss/value 1.25 / train/rand/action 0.04 / replay/replay_ratio 264 / fps/policy 7.62 / fps/train 1950.21

Writing metrics: /data2/liguoqi/habmm/hab_z/btwm/runs/dreamerv3_atari_pong_seed0_v2_1m/metrics.jsonl
Writing metrics: /data2/liguoqi/habmm/hab_z/btwm/runs/dreamerv3_atari_pong_seed0_v2_1m/scores.jsonl

--------------------[Agent Step 890_080]--------------------
Metrics filtered by: 'score|length|fps|ratio|train/loss/|train/acc/|train/inv/|train/rand/'
episode/score 13 / episode/length 1994 / train/acc/inv 0.11 / train/inv/ce 2.09 / train/inv/objective 1.17 / train/inv/valid_frac 1 / train/inv/weight 0 / train/loss/con 0.02 / train/loss/dyn 1.14 / train/loss/image 0.07 / train/loss/inv 0 / train/loss/policy 3.7e-4 / train/loss/rep 1.14 / train/loss/repval 1.61 / train/loss/rew 9.3e-3 / train/loss/value 1.26 / train/rand/action 0.04 / replay/replay_ratio 264 / fps/policy 7.66 / fps/train 1961.57

Writing metrics: /data2/liguoqi/habmm/hab_z/btwm/runs/dreamerv3_atari_pong_seed0_v2_1m/scores.jsonl
Writing metrics: /data2/liguoqi/habmm/hab_z/btwm/runs/dreamerv3_atari_pong_seed0_v2_1m/metrics.jsonl

--------------------[Agent Step 893_800]--------------------
Metrics filtered by: 'score|length|fps|ratio|train/loss/|train/acc/|train/inv/|train/rand/'
train/acc/inv 0.12 / train/inv/ce 2.09 / train/inv/objective 1.16 / train/inv/valid_frac 1 / train/inv/weight 0 / train/loss/con 0.02 / train/loss/dyn 1.14 / train/loss/image 0.08 / train/loss/inv 0 / train/loss/policy 2.5e-4 / train/loss/rep 1.14 / train/loss/repval 1.63 / train/loss/rew 9.1e-3 / train/loss/value 1.27 / train/rand/action 0.04 / replay/replay_ratio 264 / fps/policy 7.71 / fps/train 1974.4

Writing metrics: /data2/liguoqi/habmm/hab_z/btwm/runs/dreamerv3_atari_pong_seed0_v2_1m/metrics.jsonl
Writing metrics: /data2/liguoqi/habmm/hab_z/btwm/runs/dreamerv3_atari_pong_seed0_v2_1m/scores.jsonl

--------------------[Agent Step 897_520]--------------------
Metrics filtered by: 'score|length|fps|ratio|train/loss/|train/acc/|train/inv/|train/rand/'
train/acc/inv 0.12 / train/inv/ce 2.08 / train/inv/objective 1.16 / train/inv/valid_frac 1 / train/inv/weight 0 / train/loss/con 0.02 / train/loss/dyn 1.16 / train/loss/image 0.08 / train/loss/inv 0 / train/loss/policy 1.9e-4 / train/loss/rep 1.16 / train/loss/repval 1.67 / train/loss/rew 9.4e-3 / train/loss/value 1.3 / train/rand/action 0.04 / replay/replay_ratio 264 / fps/policy 7.71 / fps/train 1973.65

Writing metrics: /data2/liguoqi/habmm/hab_z/btwm/runs/dreamerv3_atari_pong_seed0_v2_1m/scores.jsonl
Writing metrics: /data2/liguoqi/habmm/hab_z/btwm/runs/dreamerv3_atari_pong_seed0_v2_1m/metrics.jsonl

--------------------[Agent Step 901_240]--------------------
Metrics filtered by: 'score|length|fps|ratio|train/loss/|train/acc/|train/inv/|train/rand/'
train/acc/inv 0.12 / train/inv/ce 2.07 / train/inv/objective 1.15 / train/inv/valid_frac 1 / train/inv/weight 0 / train/loss/con 0.02 / train/loss/dyn 1.15 / train/loss/image 0.07 / train/loss/inv 0 / train/loss/policy 3.5e-4 / train/loss/rep 1.15 / train/loss/repval 1.61 / train/loss/rew 9e-3 / train/loss/value 1.27 / train/rand/action 0.04 / replay/replay_ratio 264 / fps/policy 7.7 / fps/train 1971.21

Writing metrics: /data2/liguoqi/habmm/hab_z/btwm/runs/dreamerv3_atari_pong_seed0_v2_1m/metrics.jsonl
Writing metrics: /data2/liguoqi/habmm/hab_z/btwm/runs/dreamerv3_atari_pong_seed0_v2_1m/scores.jsonl

--------------------[Agent Step 904_960]--------------------
Metrics filtered by: 'score|length|fps|ratio|train/loss/|train/acc/|train/inv/|train/rand/'
episode/score -5 / episode/length 3345 / train/acc/inv 0.12 / train/inv/ce 2.07 / train/inv/objective 1.16 / train/inv/valid_frac 1 / train/inv/weight 0 / train/loss/con 0.02 / train/loss/dyn 1.15 / train/loss/image 0.08 / train/loss/inv 0 / train/loss/policy 1.9e-4 / train/loss/rep 1.15 / train/loss/repval 1.7 / train/loss/rew 8.9e-3 / train/loss/value 1.32 / train/rand/action 0.04 / replay/replay_ratio 264 / fps/policy 7.72 / fps/train 1975.44

Writing metrics: /data2/liguoqi/habmm/hab_z/btwm/runs/dreamerv3_atari_pong_seed0_v2_1m/metrics.jsonl
Writing metrics: /data2/liguoqi/habmm/hab_z/btwm/runs/dreamerv3_atari_pong_seed0_v2_1m/scores.jsonl

--------------------[Agent Step 908_640]--------------------
Metrics filtered by: 'score|length|fps|ratio|train/loss/|train/acc/|train/inv/|train/rand/'
train/acc/inv 0.12 / train/inv/ce 2.07 / train/inv/objective 1.15 / train/inv/valid_frac 1 / train/inv/weight 0 / train/loss/con 0.02 / train/loss/dyn 1.16 / train/loss/image 0.08 / train/loss/inv 0 / train/loss/policy 3.4e-4 / train/loss/rep 1.16 / train/loss/repval 1.62 / train/loss/rew 9.2e-3 / train/loss/value 1.28 / train/rand/action 0.04 / replay/replay_ratio 264 / fps/policy 7.62 / fps/train 1951.25

Writing metrics: /data2/liguoqi/habmm/hab_z/btwm/runs/dreamerv3_atari_pong_seed0_v2_1m/metrics.jsonl
Writing metrics: /data2/liguoqi/habmm/hab_z/btwm/runs/dreamerv3_atari_pong_seed0_v2_1m/scores.jsonl

--------------------[Agent Step 912_360]--------------------
Metrics filtered by: 'score|length|fps|ratio|train/loss/|train/acc/|train/inv/|train/rand/'
episode/score 14 / episode/length 2358 / train/acc/inv 0.12 / train/inv/ce 2.07 / train/inv/objective 1.16 / train/inv/valid_frac 1 / train/inv/weight 0 / train/loss/con 0.02 / train/loss/dyn 1.17 / train/loss/image 0.09 / train/loss/inv 0 / train/loss/policy 4.6e-4 / train/loss/rep 1.17 / train/loss/repval 1.57 / train/loss/rew 9.5e-3 / train/loss/value 1.24 / train/rand/action 0.04 / replay/replay_ratio 264 / fps/policy 7.67 / fps/train 1962.31

Writing metrics: /data2/liguoqi/habmm/hab_z/btwm/runs/dreamerv3_atari_pong_seed0_v2_1m/scores.jsonl
Writing metrics: /data2/liguoqi/habmm/hab_z/btwm/runs/dreamerv3_atari_pong_seed0_v2_1m/metrics.jsonl

--------------------[Agent Step 916_080]--------------------
Metrics filtered by: 'score|length|fps|ratio|train/loss/|train/acc/|train/inv/|train/rand/'
train/acc/inv 0.12 / train/inv/ce 2.08 / train/inv/objective 1.16 / train/inv/valid_frac 1 / train/inv/weight 0 / train/loss/con 0.02 / train/loss/dyn 1.16 / train/loss/image 0.08 / train/loss/inv 0 / train/loss/policy 2.9e-4 / train/loss/rep 1.16 / train/loss/repval 1.53 / train/loss/rew 9e-3 / train/loss/value 1.22 / train/rand/action 0.04 / replay/replay_ratio 264 / fps/policy 7.71 / fps/train 1973.53

Writing metrics: /data2/liguoqi/habmm/hab_z/btwm/runs/dreamerv3_atari_pong_seed0_v2_1m/scores.jsonl
Writing metrics: /data2/liguoqi/habmm/hab_z/btwm/runs/dreamerv3_atari_pong_seed0_v2_1m/metrics.jsonl

--------------------[Agent Step 919_680]--------------------
Metrics filtered by: 'score|length|fps|ratio|train/loss/|train/acc/|train/inv/|train/rand/'
train/acc/inv 0.12 / train/inv/ce 2.08 / train/inv/objective 1.16 / train/inv/valid_frac 1 / train/inv/weight 0 / train/loss/con 0.02 / train/loss/dyn 1.12 / train/loss/image 0.07 / train/loss/inv 0 / train/loss/policy 2.3e-4 / train/loss/rep 1.12 / train/loss/repval 1.51 / train/loss/rew 9e-3 / train/loss/value 1.2 / train/rand/action 0.04 / replay/replay_ratio 264 / fps/policy 7.48 / fps/train 1914.74

Writing metrics: /data2/liguoqi/habmm/hab_z/btwm/runs/dreamerv3_atari_pong_seed0_v2_1m/metrics.jsonl
Writing metrics: /data2/liguoqi/habmm/hab_z/btwm/runs/dreamerv3_atari_pong_seed0_v2_1m/scores.jsonl

--------------------[Agent Step 923_400]--------------------
Metrics filtered by: 'score|length|fps|ratio|train/loss/|train/acc/|train/inv/|train/rand/'
train/acc/inv 0.11 / train/inv/ce 2.09 / train/inv/objective 1.17 / train/inv/valid_frac 1 / train/inv/weight 0 / train/loss/con 0.02 / train/loss/dyn 1.16 / train/loss/image 0.08 / train/loss/inv 0 / train/loss/policy 2.7e-4 / train/loss/rep 1.16 / train/loss/repval 1.6 / train/loss/rew 9.3e-3 / train/loss/value 1.25 / train/rand/action 0.04 / replay/replay_ratio 264 / fps/policy 7.73 / fps/train 1978.84

Writing metrics: /data2/liguoqi/habmm/hab_z/btwm/runs/dreamerv3_atari_pong_seed0_v2_1m/metrics.jsonl
Writing metrics: /data2/liguoqi/habmm/hab_z/btwm/runs/dreamerv3_atari_pong_seed0_v2_1m/scores.jsonl

--------------------[Agent Step 927_120]--------------------
Metrics filtered by: 'score|length|fps|ratio|train/loss/|train/acc/|train/inv/|train/rand/'
episode/score 4 / episode/length 3004 / train/acc/inv 0.12 / train/inv/ce 2.09 / train/inv/objective 1.17 / train/inv/valid_frac 1 / train/inv/weight 0 / train/loss/con 0.02 / train/loss/dyn 1.15 / train/loss/image 0.08 / train/loss/inv 0 / train/loss/policy 2.5e-4 / train/loss/rep 1.15 / train/loss/repval 1.54 / train/loss/rew 9.4e-3 / train/loss/value 1.22 / train/rand/action 0.04 / replay/replay_ratio 264 / fps/policy 7.68 / fps/train 1964.93

Writing metrics: /data2/liguoqi/habmm/hab_z/btwm/runs/dreamerv3_atari_pong_seed0_v2_1m/metrics.jsonl
Writing metrics: /data2/liguoqi/habmm/hab_z/btwm/runs/dreamerv3_atari_pong_seed0_v2_1m/scores.jsonl

--------------------[Agent Step 930_800]--------------------
Metrics filtered by: 'score|length|fps|ratio|train/loss/|train/acc/|train/inv/|train/rand/'
train/acc/inv 0.12 / train/inv/ce 2.09 / train/inv/objective 1.17 / train/inv/valid_frac 1 / train/inv/weight 0 / train/loss/con 0.02 / train/loss/dyn 1.13 / train/loss/image 0.08 / train/loss/inv 0 / train/loss/policy 2.2e-4 / train/loss/rep 1.13 / train/loss/repval 1.55 / train/loss/rew 9.2e-3 / train/loss/value 1.23 / train/rand/action 0.04 / replay/replay_ratio 264 / fps/policy 7.69 / fps/train 1967.62

Writing metrics: /data2/liguoqi/habmm/hab_z/btwm/runs/dreamerv3_atari_pong_seed0_v2_1m/metrics.jsonl
Writing metrics: /data2/liguoqi/habmm/hab_z/btwm/runs/dreamerv3_atari_pong_seed0_v2_1m/scores.jsonl

--------------------[Agent Step 934_480]--------------------
Metrics filtered by: 'score|length|fps|ratio|train/loss/|train/acc/|train/inv/|train/rand/'
episode/score 14 / episode/length 1957 / train/acc/inv 0.12 / train/inv/ce 2.09 / train/inv/objective 1.17 / train/inv/valid_frac 1 / train/inv/weight 0 / train/loss/con 0.02 / train/loss/dyn 1.14 / train/loss/image 0.08 / train/loss/inv 0 / train/loss/policy 1.7e-4 / train/loss/rep 1.14 / train/loss/repval 1.61 / train/loss/rew 8.9e-3 / train/loss/value 1.25 / train/rand/action 0.04 / replay/replay_ratio 264 / fps/policy 7.66 / fps/train 1962

Writing metrics: /data2/liguoqi/habmm/hab_z/btwm/runs/dreamerv3_atari_pong_seed0_v2_1m/metrics.jsonl
Writing metrics: /data2/liguoqi/habmm/hab_z/btwm/runs/dreamerv3_atari_pong_seed0_v2_1m/scores.jsonl

--------------------[Agent Step 938_200]--------------------
Metrics filtered by: 'score|length|fps|ratio|train/loss/|train/acc/|train/inv/|train/rand/'
train/acc/inv 0.13 / train/inv/ce 2.07 / train/inv/objective 1.15 / train/inv/valid_frac 1 / train/inv/weight 0 / train/loss/con 0.02 / train/loss/dyn 1.16 / train/loss/image 0.08 / train/loss/inv 0 / train/loss/policy 3.4e-4 / train/loss/rep 1.16 / train/loss/repval 1.57 / train/loss/rew 8.9e-3 / train/loss/value 1.24 / train/rand/action 0.04 / replay/replay_ratio 264 / fps/policy 7.71 / fps/train 1974.45

Writing metrics: /data2/liguoqi/habmm/hab_z/btwm/runs/dreamerv3_atari_pong_seed0_v2_1m/metrics.jsonl
Writing metrics: /data2/liguoqi/habmm/hab_z/btwm/runs/dreamerv3_atari_pong_seed0_v2_1m/scores.jsonl

--------------------[Agent Step 941_920]--------------------
Metrics filtered by: 'score|length|fps|ratio|train/loss/|train/acc/|train/inv/|train/rand/'
train/acc/inv 0.13 / train/inv/ce 2.07 / train/inv/objective 1.16 / train/inv/valid_frac 1 / train/inv/weight 0 / train/loss/con 0.02 / train/loss/dyn 1.15 / train/loss/image 0.08 / train/loss/inv 0 / train/loss/policy 2.1e-4 / train/loss/rep 1.15 / train/loss/repval 1.55 / train/loss/rew 9e-3 / train/loss/value 1.22 / train/rand/action 0.04 / replay/replay_ratio 264 / fps/policy 7.71 / fps/train 1974.8

Writing metrics: /data2/liguoqi/habmm/hab_z/btwm/runs/dreamerv3_atari_pong_seed0_v2_1m/metrics.jsonl
Writing metrics: /data2/liguoqi/habmm/hab_z/btwm/runs/dreamerv3_atari_pong_seed0_v2_1m/scores.jsonl

--------------------[Agent Step 945_640]--------------------
Metrics filtered by: 'score|length|fps|ratio|train/loss/|train/acc/|train/inv/|train/rand/'
episode/score 6 / episode/length 3062 / train/acc/inv 0.13 / train/inv/ce 2.07 / train/inv/objective 1.16 / train/inv/valid_frac 1 / train/inv/weight 0 / train/loss/con 0.02 / train/loss/dyn 1.14 / train/loss/image 0.07 / train/loss/inv 0 / train/loss/policy 2.7e-4 / train/loss/rep 1.14 / train/loss/repval 1.5 / train/loss/rew 8.8e-3 / train/loss/value 1.2 / train/rand/action 0.04 / replay/replay_ratio 264 / fps/policy 7.68 / fps/train 1964.94

Writing metrics: /data2/liguoqi/habmm/hab_z/btwm/runs/dreamerv3_atari_pong_seed0_v2_1m/metrics.jsonl
Writing metrics: /data2/liguoqi/habmm/hab_z/btwm/runs/dreamerv3_atari_pong_seed0_v2_1m/scores.jsonl

--------------------[Agent Step 949_320]--------------------
Metrics filtered by: 'score|length|fps|ratio|train/loss/|train/acc/|train/inv/|train/rand/'
train/acc/inv 0.13 / train/inv/ce 2.07 / train/inv/objective 1.15 / train/inv/valid_frac 1 / train/inv/weight 0 / train/loss/con 0.02 / train/loss/dyn 1.12 / train/loss/image 0.07 / train/loss/inv 0 / train/loss/policy 2.3e-4 / train/loss/rep 1.12 / train/loss/repval 1.56 / train/loss/rew 8.9e-3 / train/loss/value 1.23 / train/rand/action 0.04 / replay/replay_ratio 264 / fps/policy 7.64 / fps/train 1954.94

Writing metrics: /data2/liguoqi/habmm/hab_z/btwm/runs/dreamerv3_atari_pong_seed0_v2_1m/metrics.jsonl
Writing metrics: /data2/liguoqi/habmm/hab_z/btwm/runs/dreamerv3_atari_pong_seed0_v2_1m/scores.jsonl

--------------------[Agent Step 953_000]--------------------
Metrics filtered by: 'score|length|fps|ratio|train/loss/|train/acc/|train/inv/|train/rand/'
episode/score 14 / episode/length 1876 / train/acc/inv 0.13 / train/inv/ce 2.08 / train/inv/objective 1.16 / train/inv/valid_frac 1 / train/inv/weight 0 / train/loss/con 0.02 / train/loss/dyn 1.12 / train/loss/image 0.07 / train/loss/inv 0 / train/loss/policy 3.9e-4 / train/loss/rep 1.12 / train/loss/repval 1.52 / train/loss/rew 9e-3 / train/loss/value 1.21 / train/rand/action 0.04 / replay/replay_ratio 264 / fps/policy 7.62 / fps/train 1951.13

Writing metrics: /data2/liguoqi/habmm/hab_z/btwm/runs/dreamerv3_atari_pong_seed0_v2_1m/scores.jsonl
Writing metrics: /data2/liguoqi/habmm/hab_z/btwm/runs/dreamerv3_atari_pong_seed0_v2_1m/metrics.jsonl

--------------------[Agent Step 956_680]--------------------
Metrics filtered by: 'score|length|fps|ratio|train/loss/|train/acc/|train/inv/|train/rand/'
train/acc/inv 0.13 / train/inv/ce 2.08 / train/inv/objective 1.16 / train/inv/valid_frac 1 / train/inv/weight 0 / train/loss/con 0.02 / train/loss/dyn 1.14 / train/loss/image 0.07 / train/loss/inv 0 / train/loss/policy 1.3e-4 / train/loss/rep 1.14 / train/loss/repval 1.54 / train/loss/rew 8.9e-3 / train/loss/value 1.2 / train/rand/action 0.04 / replay/replay_ratio 264 / fps/policy 7.62 / fps/train 1951.88

Writing metrics: /data2/liguoqi/habmm/hab_z/btwm/runs/dreamerv3_atari_pong_seed0_v2_1m/scores.jsonl
Writing metrics: /data2/liguoqi/habmm/hab_z/btwm/runs/dreamerv3_atari_pong_seed0_v2_1m/metrics.jsonl

--------------------[Agent Step 960_320]--------------------
Metrics filtered by: 'score|length|fps|ratio|train/loss/|train/acc/|train/inv/|train/rand/'
train/acc/inv 0.12 / train/inv/ce 2.08 / train/inv/objective 1.16 / train/inv/valid_frac 1 / train/inv/weight 0 / train/loss/con 0.02 / train/loss/dyn 1.17 / train/loss/image 0.07 / train/loss/inv 0 / train/loss/policy 2.6e-4 / train/loss/rep 1.17 / train/loss/repval 1.57 / train/loss/rew 9.3e-3 / train/loss/value 1.23 / train/rand/action 0.04 / replay/replay_ratio 264 / fps/policy 7.55 / fps/train 1931.56

Writing metrics: /data2/liguoqi/habmm/hab_z/btwm/runs/dreamerv3_atari_pong_seed0_v2_1m/scores.jsonl
Writing metrics: /data2/liguoqi/habmm/hab_z/btwm/runs/dreamerv3_atari_pong_seed0_v2_1m/metrics.jsonl

--------------------[Agent Step 963_880]--------------------
Metrics filtered by: 'score|length|fps|ratio|train/loss/|train/acc/|train/inv/|train/rand/'
episode/score 9 / episode/length 2814 / train/acc/inv 0.12 / train/inv/ce 2.09 / train/inv/objective 1.16 / train/inv/valid_frac 1 / train/inv/weight 0 / train/loss/con 0.02 / train/loss/dyn 1.14 / train/loss/image 0.07 / train/loss/inv 0 / train/loss/policy 3.7e-4 / train/loss/rep 1.14 / train/loss/repval 1.57 / train/loss/rew 9.2e-3 / train/loss/value 1.24 / train/rand/action 0.04 / replay/replay_ratio 264 / fps/policy 7.36 / fps/train 1885.18

Writing metrics: /data2/liguoqi/habmm/hab_z/btwm/runs/dreamerv3_atari_pong_seed0_v2_1m/metrics.jsonl
Writing metrics: /data2/liguoqi/habmm/hab_z/btwm/runs/dreamerv3_atari_pong_seed0_v2_1m/scores.jsonl

--------------------[Agent Step 967_600]--------------------
Metrics filtered by: 'score|length|fps|ratio|train/loss/|train/acc/|train/inv/|train/rand/'
train/acc/inv 0.12 / train/inv/ce 2.08 / train/inv/objective 1.16 / train/inv/valid_frac 1 / train/inv/weight 0 / train/loss/con 0.02 / train/loss/dyn 1.14 / train/loss/image 0.07 / train/loss/inv 0 / train/loss/policy 3e-4 / train/loss/rep 1.14 / train/loss/repval 1.54 / train/loss/rew 9.2e-3 / train/loss/value 1.22 / train/rand/action 0.04 / replay/replay_ratio 264 / fps/policy 7.7 / fps/train 1971.86

Writing metrics: /data2/liguoqi/habmm/hab_z/btwm/runs/dreamerv3_atari_pong_seed0_v2_1m/metrics.jsonl
Writing metrics: /data2/liguoqi/habmm/hab_z/btwm/runs/dreamerv3_atari_pong_seed0_v2_1m/scores.jsonl

--------------------[Agent Step 971_320]--------------------
Metrics filtered by: 'score|length|fps|ratio|train/loss/|train/acc/|train/inv/|train/rand/'
train/acc/inv 0.12 / train/inv/ce 2.09 / train/inv/objective 1.17 / train/inv/valid_frac 1 / train/inv/weight 0 / train/loss/con 0.02 / train/loss/dyn 1.12 / train/loss/image 0.07 / train/loss/inv 0 / train/loss/policy 3.2e-4 / train/loss/rep 1.12 / train/loss/repval 1.51 / train/loss/rew 8.9e-3 / train/loss/value 1.2 / train/rand/action 0.04 / replay/replay_ratio 264 / fps/policy 7.7 / fps/train 1971.1

Writing metrics: /data2/liguoqi/habmm/hab_z/btwm/runs/dreamerv3_atari_pong_seed0_v2_1m/scores.jsonl
Writing metrics: /data2/liguoqi/habmm/hab_z/btwm/runs/dreamerv3_atari_pong_seed0_v2_1m/metrics.jsonl

--------------------[Agent Step 975_000]--------------------
Metrics filtered by: 'score|length|fps|ratio|train/loss/|train/acc/|train/inv/|train/rand/'
episode/score 12 / episode/length 2183 / train/acc/inv 0.12 / train/inv/ce 2.08 / train/inv/objective 1.16 / train/inv/valid_frac 1 / train/inv/weight 0 / train/loss/con 0.02 / train/loss/dyn 1.13 / train/loss/image 0.07 / train/loss/inv 0 / train/loss/policy 2e-4 / train/loss/rep 1.13 / train/loss/repval 1.52 / train/loss/rew 8.7e-3 / train/loss/value 1.19 / train/rand/action 0.04 / replay/replay_ratio 264 / fps/policy 7.63 / fps/train 1954.25

Writing metrics: /data2/liguoqi/habmm/hab_z/btwm/runs/dreamerv3_atari_pong_seed0_v2_1m/scores.jsonl
Writing metrics: /data2/liguoqi/habmm/hab_z/btwm/runs/dreamerv3_atari_pong_seed0_v2_1m/metrics.jsonl

--------------------[Agent Step 978_720]--------------------
Metrics filtered by: 'score|length|fps|ratio|train/loss/|train/acc/|train/inv/|train/rand/'
train/acc/inv 0.12 / train/inv/ce 2.08 / train/inv/objective 1.16 / train/inv/valid_frac 1 / train/inv/weight 0 / train/loss/con 0.02 / train/loss/dyn 1.14 / train/loss/image 0.08 / train/loss/inv 0 / train/loss/policy 2.2e-4 / train/loss/rep 1.14 / train/loss/repval 1.48 / train/loss/rew 9.1e-3 / train/loss/value 1.18 / train/rand/action 0.04 / replay/replay_ratio 264 / fps/policy 7.7 / fps/train 1970.7

Writing metrics: /data2/liguoqi/habmm/hab_z/btwm/runs/dreamerv3_atari_pong_seed0_v2_1m/scores.jsonl
Writing metrics: /data2/liguoqi/habmm/hab_z/btwm/runs/dreamerv3_atari_pong_seed0_v2_1m/metrics.jsonl
Saving checkpoint: /data2/liguoqi/habmm/hab_z/btwm/runs/dreamerv3_atari_pong_seed0_v2_1m/ckpt/20260614T033949F055971
Saved checkpoint.

--------------------[Agent Step 981_080]--------------------
Metrics filtered by: 'score|length|fps|ratio|train/loss/|train/acc/|train/inv/|train/rand/'
train/acc/inv 0.12 / train/inv/ce 2.08 / train/inv/objective 1.16 / train/inv/valid_frac 1 / train/inv/weight 0 / train/loss/con 0.02 / train/loss/dyn 1.12 / train/loss/image 0.07 / train/loss/inv 0 / train/loss/policy 3.5e-4 / train/loss/rep 1.12 / train/loss/repval 1.53 / train/loss/rew 9.2e-3 / train/loss/value 1.22 / train/rand/action 0.04 / replay/replay_ratio 264 / fps/policy 4.91 / fps/train 1256.3

Writing metrics: /data2/liguoqi/habmm/hab_z/btwm/runs/dreamerv3_atari_pong_seed0_v2_1m/metrics.jsonl
Writing metrics: /data2/liguoqi/habmm/hab_z/btwm/runs/dreamerv3_atari_pong_seed0_v2_1m/scores.jsonl

--------------------[Agent Step 984_760]--------------------
Metrics filtered by: 'score|length|fps|ratio|train/loss/|train/acc/|train/inv/|train/rand/'
episode/score 11 / episode/length 2629 / train/acc/inv 0.11 / train/inv/ce 2.09 / train/inv/objective 1.17 / train/inv/valid_frac 1 / train/inv/weight 0 / train/loss/con 0.02 / train/loss/dyn 1.13 / train/loss/image 0.07 / train/loss/inv 0 / train/loss/policy 2e-4 / train/loss/rep 1.13 / train/loss/repval 1.53 / train/loss/rew 8.9e-3 / train/loss/value 1.2 / train/rand/action 0.04 / replay/replay_ratio 264 / fps/policy 7.65 / fps/train 1959.13

Writing metrics: /data2/liguoqi/habmm/hab_z/btwm/runs/dreamerv3_atari_pong_seed0_v2_1m/metrics.jsonl
Writing metrics: /data2/liguoqi/habmm/hab_z/btwm/runs/dreamerv3_atari_pong_seed0_v2_1m/scores.jsonl

--------------------[Agent Step 988_480]--------------------
Metrics filtered by: 'score|length|fps|ratio|train/loss/|train/acc/|train/inv/|train/rand/'
train/acc/inv 0.12 / train/inv/ce 2.08 / train/inv/objective 1.16 / train/inv/valid_frac 1 / train/inv/weight 0 / train/loss/con 0.02 / train/loss/dyn 1.13 / train/loss/image 0.07 / train/loss/inv 0 / train/loss/policy 2.1e-4 / train/loss/rep 1.13 / train/loss/repval 1.55 / train/loss/rew 8.9e-3 / train/loss/value 1.22 / train/rand/action 0.04 / replay/replay_ratio 264 / fps/policy 7.7 / fps/train 1971.4

Writing metrics: /data2/liguoqi/habmm/hab_z/btwm/runs/dreamerv3_atari_pong_seed0_v2_1m/metrics.jsonl
Writing metrics: /data2/liguoqi/habmm/hab_z/btwm/runs/dreamerv3_atari_pong_seed0_v2_1m/scores.jsonl

--------------------[Agent Step 992_160]--------------------
Metrics filtered by: 'score|length|fps|ratio|train/loss/|train/acc/|train/inv/|train/rand/'
episode/score 15 / episode/length 1779 / train/acc/inv 0.12 / train/inv/ce 2.08 / train/inv/objective 1.16 / train/inv/valid_frac 1 / train/inv/weight 0 / train/loss/con 0.02 / train/loss/dyn 1.15 / train/loss/image 0.08 / train/loss/inv 0 / train/loss/policy 2.8e-4 / train/loss/rep 1.15 / train/loss/repval 1.53 / train/loss/rew 9e-3 / train/loss/value 1.2 / train/rand/action 0.04 / replay/replay_ratio 264 / fps/policy 7.64 / fps/train 1955.85

Writing metrics: /data2/liguoqi/habmm/hab_z/btwm/runs/dreamerv3_atari_pong_seed0_v2_1m/scores.jsonl
Writing metrics: /data2/liguoqi/habmm/hab_z/btwm/runs/dreamerv3_atari_pong_seed0_v2_1m/metrics.jsonl

--------------------[Agent Step 995_880]--------------------
Metrics filtered by: 'score|length|fps|ratio|train/loss/|train/acc/|train/inv/|train/rand/'
train/acc/inv 0.12 / train/inv/ce 2.08 / train/inv/objective 1.16 / train/inv/valid_frac 1 / train/inv/weight 0 / train/loss/con 0.02 / train/loss/dyn 1.14 / train/loss/image 0.07 / train/loss/inv 0 / train/loss/policy 2.6e-4 / train/loss/rep 1.14 / train/loss/repval 1.5 / train/loss/rew 9.2e-3 / train/loss/value 1.19 / train/rand/action 0.04 / replay/replay_ratio 264 / fps/policy 7.69 / fps/train 1967.74

Writing metrics: /data2/liguoqi/habmm/hab_z/btwm/runs/dreamerv3_atari_pong_seed0_v2_1m/metrics.jsonl
Writing metrics: /data2/liguoqi/habmm/hab_z/btwm/runs/dreamerv3_atari_pong_seed0_v2_1m/scores.jsonl

--------------------[Agent Step 999_560]--------------------
Metrics filtered by: 'score|length|fps|ratio|train/loss/|train/acc/|train/inv/|train/rand/'
episode/score 12 / episode/length 2551 / train/acc/inv 0.12 / train/inv/ce 2.08 / train/inv/objective 1.16 / train/inv/valid_frac 1 / train/inv/weight 0 / train/loss/con 0.02 / train/loss/dyn 1.13 / train/loss/image 0.07 / train/loss/inv 0 / train/loss/policy 2.9e-4 / train/loss/rep 1.13 / train/loss/repval 1.51 / train/loss/rew 8.8e-3 / train/loss/value 1.2 / train/rand/action 0.04 / replay/replay_ratio 264 / fps/policy 7.53 / fps/train 1928.56

Writing metrics: /data2/liguoqi/habmm/hab_z/btwm/runs/dreamerv3_atari_pong_seed0_v2_1m/metrics.jsonl
Writing metrics: /data2/liguoqi/habmm/hab_z/btwm/runs/dreamerv3_atari_pong_seed0_v2_1m/scores.jsonl

--------------------[Agent Step 1_003_200]--------------------
Metrics filtered by: 'score|length|fps|ratio|train/loss/|train/acc/|train/inv/|train/rand/'
train/acc/inv 0.13 / train/inv/ce 2.07 / train/inv/objective 1.16 / train/inv/valid_frac 1 / train/inv/weight 0 / train/loss/con 0.02 / train/loss/dyn 1.13 / train/loss/image 0.07 / train/loss/inv 0 / train/loss/policy 3.2e-4 / train/loss/rep 1.13 / train/loss/repval 1.48 / train/loss/rew 8.9e-3 / train/loss/value 1.18 / train/rand/action 0.04 / replay/replay_ratio 264 / fps/policy 7.69 / fps/train 1968.04

Writing metrics: /data2/liguoqi/habmm/hab_z/btwm/runs/dreamerv3_atari_pong_seed0_v2_1m/metrics.jsonl
Writing metrics: /data2/liguoqi/habmm/hab_z/btwm/runs/dreamerv3_atari_pong_seed0_v2_1m/scores.jsonl

--------------------[Agent Step 1_006_800]--------------------
Metrics filtered by: 'score|length|fps|ratio|train/loss/|train/acc/|train/inv/|train/rand/'
train/acc/inv 0.13 / train/inv/ce 2.07 / train/inv/objective 1.16 / train/inv/valid_frac 1 / train/inv/weight 0 / train/loss/con 0.02 / train/loss/dyn 1.13 / train/loss/image 0.07 / train/loss/inv 0 / train/loss/policy 2.6e-4 / train/loss/rep 1.13 / train/loss/repval 1.49 / train/loss/rew 9.3e-3 / train/loss/value 1.2 / train/rand/action 0.04 / replay/replay_ratio 264 / fps/policy 7.46 / fps/train 1910.2

Writing metrics: /data2/liguoqi/habmm/hab_z/btwm/runs/dreamerv3_atari_pong_seed0_v2_1m/metrics.jsonl
Writing metrics: /data2/liguoqi/habmm/hab_z/btwm/runs/dreamerv3_atari_pong_seed0_v2_1m/scores.jsonl

--------------------[Agent Step 1_010_480]--------------------
Metrics filtered by: 'score|length|fps|ratio|train/loss/|train/acc/|train/inv/|train/rand/'
train/acc/inv 0.12 / train/inv/ce 2.08 / train/inv/objective 1.16 / train/inv/valid_frac 1 / train/inv/weight 0 / train/loss/con 0.02 / train/loss/dyn 1.13 / train/loss/image 0.07 / train/loss/inv 0 / train/loss/policy 1.3e-4 / train/loss/rep 1.13 / train/loss/repval 1.53 / train/loss/rew 8.8e-3 / train/loss/value 1.2 / train/rand/action 0.04 / replay/replay_ratio 264 / fps/policy 7.6 / fps/train 1946.2

Writing metrics: /data2/liguoqi/habmm/hab_z/btwm/runs/dreamerv3_atari_pong_seed0_v2_1m/scores.jsonl
Writing metrics: /data2/liguoqi/habmm/hab_z/btwm/runs/dreamerv3_atari_pong_seed0_v2_1m/metrics.jsonl

--------------------[Agent Step 1_014_160]--------------------
Metrics filtered by: 'score|length|fps|ratio|train/loss/|train/acc/|train/inv/|train/rand/'
episode/score 8 / episode/length 2773 / train/acc/inv 0.12 / train/inv/ce 2.08 / train/inv/objective 1.16 / train/inv/valid_frac 1 / train/inv/weight 0 / train/loss/con 0.02 / train/loss/dyn 1.13 / train/loss/image 0.07 / train/loss/inv 0 / train/loss/policy 3.6e-4 / train/loss/rep 1.13 / train/loss/repval 1.52 / train/loss/rew 9.2e-3 / train/loss/value 1.2 / train/rand/action 0.04 / replay/replay_ratio 264 / fps/policy 7.64 / fps/train 1955.99

Writing metrics: /data2/liguoqi/habmm/hab_z/btwm/runs/dreamerv3_atari_pong_seed0_v2_1m/scores.jsonl
Writing metrics: /data2/liguoqi/habmm/hab_z/btwm/runs/dreamerv3_atari_pong_seed0_v2_1m/metrics.jsonl

--------------------[Agent Step 1_017_880]--------------------
Metrics filtered by: 'score|length|fps|ratio|train/loss/|train/acc/|train/inv/|train/rand/'
train/acc/inv 0.12 / train/inv/ce 2.08 / train/inv/objective 1.16 / train/inv/valid_frac 1 / train/inv/weight 0 / train/loss/con 0.02 / train/loss/dyn 1.14 / train/loss/image 0.07 / train/loss/inv 0 / train/loss/policy 3.5e-4 / train/loss/rep 1.14 / train/loss/repval 1.54 / train/loss/rew 8.9e-3 / train/loss/value 1.23 / train/rand/action 0.04 / replay/replay_ratio 264 / fps/policy 7.71 / fps/train 1972.84

Writing metrics: /data2/liguoqi/habmm/hab_z/btwm/runs/dreamerv3_atari_pong_seed0_v2_1m/metrics.jsonl
Writing metrics: /data2/liguoqi/habmm/hab_z/btwm/runs/dreamerv3_atari_pong_seed0_v2_1m/scores.jsonl

--------------------[Agent Step 1_021_600]--------------------
Metrics filtered by: 'score|length|fps|ratio|train/loss/|train/acc/|train/inv/|train/rand/'
episode/score 11 / episode/length 2159 / train/acc/inv 0.12 / train/inv/ce 2.09 / train/inv/objective 1.16 / train/inv/valid_frac 1 / train/inv/weight 0 / train/loss/con 0.02 / train/loss/dyn 1.13 / train/loss/image 0.07 / train/loss/inv 0 / train/loss/policy 2.5e-4 / train/loss/rep 1.13 / train/loss/repval 1.51 / train/loss/rew 9e-3 / train/loss/value 1.2 / train/rand/action 0.04 / replay/replay_ratio 264 / fps/policy 7.67 / fps/train 1963.06

Writing metrics: /data2/liguoqi/habmm/hab_z/btwm/runs/dreamerv3_atari_pong_seed0_v2_1m/scores.jsonl
Writing metrics: /data2/liguoqi/habmm/hab_z/btwm/runs/dreamerv3_atari_pong_seed0_v2_1m/metrics.jsonl

--------------------[Agent Step 1_025_320]--------------------
Metrics filtered by: 'score|length|fps|ratio|train/loss/|train/acc/|train/inv/|train/rand/'
train/acc/inv 0.11 / train/inv/ce 2.1 / train/inv/objective 1.17 / train/inv/valid_frac 1 / train/inv/weight 0 / train/loss/con 0.02 / train/loss/dyn 1.12 / train/loss/image 0.07 / train/loss/inv 0 / train/loss/policy 2.7e-4 / train/loss/rep 1.12 / train/loss/repval 1.45 / train/loss/rew 9.1e-3 / train/loss/value 1.16 / train/rand/action 0.04 / replay/replay_ratio 264 / fps/policy 7.69 / fps/train 1967.81

Writing metrics: /data2/liguoqi/habmm/hab_z/btwm/runs/dreamerv3_atari_pong_seed0_v2_1m/metrics.jsonl
Writing metrics: /data2/liguoqi/habmm/hab_z/btwm/runs/dreamerv3_atari_pong_seed0_v2_1m/scores.jsonl

--------------------[Agent Step 1_029_000]--------------------
Metrics filtered by: 'score|length|fps|ratio|train/loss/|train/acc/|train/inv/|train/rand/'
episode/score 19 / episode/length 1982 / train/acc/inv 0.12 / train/inv/ce 2.1 / train/inv/objective 1.17 / train/inv/valid_frac 1 / train/inv/weight 0 / train/loss/con 0.02 / train/loss/dyn 1.13 / train/loss/image 0.07 / train/loss/inv 0 / train/loss/policy 2.9e-4 / train/loss/rep 1.13 / train/loss/repval 1.5 / train/loss/rew 9.1e-3 / train/loss/value 1.19 / train/rand/action 0.04 / replay/replay_ratio 264 / fps/policy 7.65 / fps/train 1959.01

Writing metrics: /data2/liguoqi/habmm/hab_z/btwm/runs/dreamerv3_atari_pong_seed0_v2_1m/metrics.jsonl
Writing metrics: /data2/liguoqi/habmm/hab_z/btwm/runs/dreamerv3_atari_pong_seed0_v2_1m/scores.jsonl

--------------------[Agent Step 1_032_600]--------------------
Metrics filtered by: 'score|length|fps|ratio|train/loss/|train/acc/|train/inv/|train/rand/'
train/acc/inv 0.12 / train/inv/ce 2.1 / train/inv/objective 1.17 / train/inv/valid_frac 1 / train/inv/weight 0 / train/loss/con 0.02 / train/loss/dyn 1.15 / train/loss/image 0.07 / train/loss/inv 0 / train/loss/policy 4e-4 / train/loss/rep 1.15 / train/loss/repval 1.4 / train/loss/rew 9e-3 / train/loss/value 1.14 / train/rand/action 0.04 / replay/replay_ratio 264 / fps/policy 7.49 / fps/train 1916.52

Writing metrics: /data2/liguoqi/habmm/hab_z/btwm/runs/dreamerv3_atari_pong_seed0_v2_1m/metrics.jsonl
Writing metrics: /data2/liguoqi/habmm/hab_z/btwm/runs/dreamerv3_atari_pong_seed0_v2_1m/scores.jsonl

--------------------[Agent Step 1_036_320]--------------------
Metrics filtered by: 'score|length|fps|ratio|train/loss/|train/acc/|train/inv/|train/rand/'
episode/score 13 / episode/length 2278 / train/acc/inv 0.11 / train/inv/ce 2.11 / train/inv/objective 1.18 / train/inv/valid_frac 1 / train/inv/weight 0 / train/loss/con 0.02 / train/loss/dyn 1.12 / train/loss/image 0.07 / train/loss/inv 0 / train/loss/policy 1.4e-4 / train/loss/rep 1.12 / train/loss/repval 1.49 / train/loss/rew 8.7e-3 / train/loss/value 1.17 / train/rand/action 0.04 / replay/replay_ratio 264 / fps/policy 7.64 / fps/train 1956.2

Writing metrics: /data2/liguoqi/habmm/hab_z/btwm/runs/dreamerv3_atari_pong_seed0_v2_1m/scores.jsonl
Writing metrics: /data2/liguoqi/habmm/hab_z/btwm/runs/dreamerv3_atari_pong_seed0_v2_1m/metrics.jsonl

--------------------[Agent Step 1_040_000]--------------------
Metrics filtered by: 'score|length|fps|ratio|train/loss/|train/acc/|train/inv/|train/rand/'
train/acc/inv 0.11 / train/inv/ce 2.1 / train/inv/objective 1.17 / train/inv/valid_frac 1 / train/inv/weight 0 / train/loss/con 0.02 / train/loss/dyn 1.13 / train/loss/image 0.07 / train/loss/inv 0 / train/loss/policy 3e-4 / train/loss/rep 1.13 / train/loss/repval 1.48 / train/loss/rew 9e-3 / train/loss/value 1.18 / train/rand/action 0.04 / replay/replay_ratio 264 / fps/policy 7.69 / fps/train 1967.81

Writing metrics: /data2/liguoqi/habmm/hab_z/btwm/runs/dreamerv3_atari_pong_seed0_v2_1m/metrics.jsonl
Writing metrics: /data2/liguoqi/habmm/hab_z/btwm/runs/dreamerv3_atari_pong_seed0_v2_1m/scores.jsonl

--------------------[Agent Step 1_043_680]--------------------
Metrics filtered by: 'score|length|fps|ratio|train/loss/|train/acc/|train/inv/|train/rand/'
train/acc/inv 0.11 / train/inv/ce 2.1 / train/inv/objective 1.17 / train/inv/valid_frac 1 / train/inv/weight 0 / train/loss/con 0.02 / train/loss/dyn 1.15 / train/loss/image 0.07 / train/loss/inv 0 / train/loss/policy 3e-4 / train/loss/rep 1.15 / train/loss/repval 1.47 / train/loss/rew 9e-3 / train/loss/value 1.16 / train/rand/action 0.04 / replay/replay_ratio 264 / fps/policy 7.65 / fps/train 1959.16

Writing metrics: /data2/liguoqi/habmm/hab_z/btwm/runs/dreamerv3_atari_pong_seed0_v2_1m/scores.jsonl
Writing metrics: /data2/liguoqi/habmm/hab_z/btwm/runs/dreamerv3_atari_pong_seed0_v2_1m/metrics.jsonl

--------------------[Agent Step 1_047_360]--------------------
Metrics filtered by: 'score|length|fps|ratio|train/loss/|train/acc/|train/inv/|train/rand/'
episode/score 17 / episode/length 2219 / train/acc/inv 0.12 / train/inv/ce 2.09 / train/inv/objective 1.17 / train/inv/valid_frac 1 / train/inv/weight 0 / train/loss/con 0.02 / train/loss/dyn 1.12 / train/loss/image 0.07 / train/loss/inv 0 / train/loss/policy 3e-4 / train/loss/rep 1.12 / train/loss/repval 1.45 / train/loss/rew 8.9e-3 / train/loss/value 1.16 / train/rand/action 0.04 / replay/replay_ratio 264 / fps/policy 7.63 / fps/train 1953.53

Writing metrics: /data2/liguoqi/habmm/hab_z/btwm/runs/dreamerv3_atari_pong_seed0_v2_1m/metrics.jsonl
Writing metrics: /data2/liguoqi/habmm/hab_z/btwm/runs/dreamerv3_atari_pong_seed0_v2_1m/scores.jsonl

--------------------[Agent Step 1_050_960]--------------------
Metrics filtered by: 'score|length|fps|ratio|train/loss/|train/acc/|train/inv/|train/rand/'
train/acc/inv 0.12 / train/inv/ce 2.09 / train/inv/objective 1.16 / train/inv/valid_frac 1 / train/inv/weight 0 / train/loss/con 0.02 / train/loss/dyn 1.12 / train/loss/image 0.07 / train/loss/inv 0 / train/loss/policy 3.5e-4 / train/loss/rep 1.12 / train/loss/repval 1.45 / train/loss/rew 9e-3 / train/loss/value 1.17 / train/rand/action 0.04 / replay/replay_ratio 264 / fps/policy 7.45 / fps/train 1908.14

Writing metrics: /data2/liguoqi/habmm/hab_z/btwm/runs/dreamerv3_atari_pong_seed0_v2_1m/scores.jsonl
Writing metrics: /data2/liguoqi/habmm/hab_z/btwm/runs/dreamerv3_atari_pong_seed0_v2_1m/metrics.jsonl

--------------------[Agent Step 1_054_600]--------------------
Metrics filtered by: 'score|length|fps|ratio|train/loss/|train/acc/|train/inv/|train/rand/'
train/acc/inv 0.12 / train/inv/ce 2.08 / train/inv/objective 1.16 / train/inv/valid_frac 1 / train/inv/weight 0 / train/loss/con 0.02 / train/loss/dyn 1.13 / train/loss/image 0.07 / train/loss/inv 0 / train/loss/policy 2.9e-4 / train/loss/rep 1.13 / train/loss/repval 1.42 / train/loss/rew 9.2e-3 / train/loss/value 1.14 / train/rand/action 0.04 / replay/replay_ratio 264 / fps/policy 7.57 / fps/train 1937.01

Writing metrics: /data2/liguoqi/habmm/hab_z/btwm/runs/dreamerv3_atari_pong_seed0_v2_1m/metrics.jsonl
Writing metrics: /data2/liguoqi/habmm/hab_z/btwm/runs/dreamerv3_atari_pong_seed0_v2_1m/scores.jsonl

--------------------[Agent Step 1_058_280]--------------------
Metrics filtered by: 'score|length|fps|ratio|train/loss/|train/acc/|train/inv/|train/rand/'
episode/score 12 / episode/length 2390 / train/acc/inv 0.12 / train/inv/ce 2.09 / train/inv/objective 1.16 / train/inv/valid_frac 1 / train/inv/weight 0 / train/loss/con 0.02 / train/loss/dyn 1.12 / train/loss/image 0.06 / train/loss/inv 0 / train/loss/policy 3.4e-4 / train/loss/rep 1.12 / train/loss/repval 1.39 / train/loss/rew 9e-3 / train/loss/value 1.13 / train/rand/action 0.04 / replay/replay_ratio 264 / fps/policy 7.59 / fps/train 1942.5

Writing metrics: /data2/liguoqi/habmm/hab_z/btwm/runs/dreamerv3_atari_pong_seed0_v2_1m/metrics.jsonl
Writing metrics: /data2/liguoqi/habmm/hab_z/btwm/runs/dreamerv3_atari_pong_seed0_v2_1m/scores.jsonl

--------------------[Agent Step 1_062_000]--------------------
Metrics filtered by: 'score|length|fps|ratio|train/loss/|train/acc/|train/inv/|train/rand/'
train/acc/inv 0.11 / train/inv/ce 2.1 / train/inv/objective 1.17 / train/inv/valid_frac 1 / train/inv/weight 0 / train/loss/con 0.02 / train/loss/dyn 1.13 / train/loss/image 0.07 / train/loss/inv 0 / train/loss/policy 7.1e-5 / train/loss/rep 1.13 / train/loss/repval 1.49 / train/loss/rew 9e-3 / train/loss/value 1.17 / train/rand/action 0.04 / replay/replay_ratio 264 / fps/policy 7.71 / fps/train 1973.06

Writing metrics: /data2/liguoqi/habmm/hab_z/btwm/runs/dreamerv3_atari_pong_seed0_v2_1m/metrics.jsonl
Writing metrics: /data2/liguoqi/habmm/hab_z/btwm/runs/dreamerv3_atari_pong_seed0_v2_1m/scores.jsonl

--------------------[Agent Step 1_065_720]--------------------
Metrics filtered by: 'score|length|fps|ratio|train/loss/|train/acc/|train/inv/|train/rand/'
train/acc/inv 0.11 / train/inv/ce 2.11 / train/inv/objective 1.17 / train/inv/valid_frac 1 / train/inv/weight 0 / train/loss/con 0.02 / train/loss/dyn 1.14 / train/loss/image 0.07 / train/loss/inv 0 / train/loss/policy 3.1e-4 / train/loss/rep 1.14 / train/loss/repval 1.48 / train/loss/rew 9.2e-3 / train/loss/value 1.19 / train/rand/action 0.04 / replay/replay_ratio 264 / fps/policy 7.72 / fps/train 1975.15

Writing metrics: /data2/liguoqi/habmm/hab_z/btwm/runs/dreamerv3_atari_pong_seed0_v2_1m/scores.jsonl
Writing metrics: /data2/liguoqi/habmm/hab_z/btwm/runs/dreamerv3_atari_pong_seed0_v2_1m/metrics.jsonl

--------------------[Agent Step 1_069_400]--------------------
Metrics filtered by: 'score|length|fps|ratio|train/loss/|train/acc/|train/inv/|train/rand/'
episode/score -4 / episode/length 3169 / train/acc/inv 0.11 / train/inv/ce 2.11 / train/inv/objective 1.18 / train/inv/valid_frac 1 / train/inv/weight 0 / train/loss/con 0.02 / train/loss/dyn 1.14 / train/loss/image 0.07 / train/loss/inv 0 / train/loss/policy 2.7e-4 / train/loss/rep 1.14 / train/loss/repval 1.52 / train/loss/rew 9.1e-3 / train/loss/value 1.2 / train/rand/action 0.04 / replay/replay_ratio 264 / fps/policy 7.54 / fps/train 1931.35

Writing metrics: /data2/liguoqi/habmm/hab_z/btwm/runs/dreamerv3_atari_pong_seed0_v2_1m/metrics.jsonl
Writing metrics: /data2/liguoqi/habmm/hab_z/btwm/runs/dreamerv3_atari_pong_seed0_v2_1m/scores.jsonl

--------------------[Agent Step 1_073_040]--------------------
Metrics filtered by: 'score|length|fps|ratio|train/loss/|train/acc/|train/inv/|train/rand/'
train/acc/inv 0.11 / train/inv/ce 2.11 / train/inv/objective 1.18 / train/inv/valid_frac 1 / train/inv/weight 0 / train/loss/con 0.02 / train/loss/dyn 1.12 / train/loss/image 0.07 / train/loss/inv 0 / train/loss/policy 2.3e-4 / train/loss/rep 1.12 / train/loss/repval 1.56 / train/loss/rew 8.9e-3 / train/loss/value 1.23 / train/rand/action 0.04 / replay/replay_ratio 264 / fps/policy 7.67 / fps/train 1963.13

Writing metrics: /data2/liguoqi/habmm/hab_z/btwm/runs/dreamerv3_atari_pong_seed0_v2_1m/metrics.jsonl
Writing metrics: /data2/liguoqi/habmm/hab_z/btwm/runs/dreamerv3_atari_pong_seed0_v2_1m/scores.jsonl

--------------------[Agent Step 1_076_720]--------------------
Metrics filtered by: 'score|length|fps|ratio|train/loss/|train/acc/|train/inv/|train/rand/'
train/acc/inv 0.11 / train/inv/ce 2.1 / train/inv/objective 1.17 / train/inv/valid_frac 1 / train/inv/weight 0 / train/loss/con 0.02 / train/loss/dyn 1.14 / train/loss/image 0.07 / train/loss/inv 0 / train/loss/policy 2.9e-4 / train/loss/rep 1.14 / train/loss/repval 1.44 / train/loss/rew 9.2e-3 / train/loss/value 1.15 / train/rand/action 0.04 / replay/replay_ratio 264 / fps/policy 7.66 / fps/train 1960.4

Writing metrics: /data2/liguoqi/habmm/hab_z/btwm/runs/dreamerv3_atari_pong_seed0_v2_1m/metrics.jsonl
Writing metrics: /data2/liguoqi/habmm/hab_z/btwm/runs/dreamerv3_atari_pong_seed0_v2_1m/scores.jsonl

--------------------[Agent Step 1_080_440]--------------------
Metrics filtered by: 'score|length|fps|ratio|train/loss/|train/acc/|train/inv/|train/rand/'
episode/score 10 / episode/length 2528 / train/acc/inv 0.11 / train/inv/ce 2.1 / train/inv/objective 1.17 / train/inv/valid_frac 1 / train/inv/weight 0 / train/loss/con 0.02 / train/loss/dyn 1.14 / train/loss/image 0.07 / train/loss/inv 0 / train/loss/policy 2.6e-4 / train/loss/rep 1.14 / train/loss/repval 1.44 / train/loss/rew 9.1e-3 / train/loss/value 1.15 / train/rand/action 0.04 / replay/replay_ratio 264 / fps/policy 7.68 / fps/train 1967.23

Writing metrics: /data2/liguoqi/habmm/hab_z/btwm/runs/dreamerv3_atari_pong_seed0_v2_1m/metrics.jsonl
Writing metrics: /data2/liguoqi/habmm/hab_z/btwm/runs/dreamerv3_atari_pong_seed0_v2_1m/scores.jsonl

--------------------[Agent Step 1_084_160]--------------------
Metrics filtered by: 'score|length|fps|ratio|train/loss/|train/acc/|train/inv/|train/rand/'
train/acc/inv 0.11 / train/inv/ce 2.1 / train/inv/objective 1.17 / train/inv/valid_frac 1 / train/inv/weight 0 / train/loss/con 0.02 / train/loss/dyn 1.11 / train/loss/image 0.06 / train/loss/inv 0 / train/loss/policy 2.9e-4 / train/loss/rep 1.11 / train/loss/repval 1.41 / train/loss/rew 9.3e-3 / train/loss/value 1.14 / train/rand/action 0.04 / replay/replay_ratio 264 / fps/policy 7.72 / fps/train 1975.13

Writing metrics: /data2/liguoqi/habmm/hab_z/btwm/runs/dreamerv3_atari_pong_seed0_v2_1m/metrics.jsonl
Writing metrics: /data2/liguoqi/habmm/hab_z/btwm/runs/dreamerv3_atari_pong_seed0_v2_1m/scores.jsonl

--------------------[Agent Step 1_087_880]--------------------
Metrics filtered by: 'score|length|fps|ratio|train/loss/|train/acc/|train/inv/|train/rand/'
episode/score 6 / episode/length 2498 / train/acc/inv 0.12 / train/inv/ce 2.1 / train/inv/objective 1.17 / train/inv/valid_frac 1 / train/inv/weight 0 / train/loss/con 0.02 / train/loss/dyn 1.13 / train/loss/image 0.07 / train/loss/inv 0 / train/loss/policy 1.7e-4 / train/loss/rep 1.13 / train/loss/repval 1.47 / train/loss/rew 9.4e-3 / train/loss/value 1.17 / train/rand/action 0.04 / replay/replay_ratio 264 / fps/policy 7.63 / fps/train 1952.96

Writing metrics: /data2/liguoqi/habmm/hab_z/btwm/runs/dreamerv3_atari_pong_seed0_v2_1m/metrics.jsonl
Writing metrics: /data2/liguoqi/habmm/hab_z/btwm/runs/dreamerv3_atari_pong_seed0_v2_1m/scores.jsonl
Saving checkpoint: /data2/liguoqi/habmm/hab_z/btwm/runs/dreamerv3_atari_pong_seed0_v2_1m/ckpt/20260614T043949F503036
Saved checkpoint.

--------------------[Agent Step 1_090_080]--------------------
Metrics filtered by: 'score|length|fps|ratio|train/loss/|train/acc/|train/inv/|train/rand/'
train/acc/inv 0.11 / train/inv/ce 2.11 / train/inv/objective 1.18 / train/inv/valid_frac 1 / train/inv/weight 0 / train/loss/con 0.02 / train/loss/dyn 1.16 / train/loss/image 0.07 / train/loss/inv 0 / train/loss/policy 2.2e-4 / train/loss/rep 1.16 / train/loss/repval 1.52 / train/loss/rew 9e-3 / train/loss/value 1.21 / train/rand/action 0.04 / replay/replay_ratio 264 / fps/policy 4.58 / fps/train 1173.1

Writing metrics: /data2/liguoqi/habmm/hab_z/btwm/runs/dreamerv3_atari_pong_seed0_v2_1m/metrics.jsonl
Writing metrics: /data2/liguoqi/habmm/hab_z/btwm/runs/dreamerv3_atari_pong_seed0_v2_1m/scores.jsonl

--------------------[Agent Step 1_093_640]--------------------
Metrics filtered by: 'score|length|fps|ratio|train/loss/|train/acc/|train/inv/|train/rand/'
train/acc/inv 0.11 / train/inv/ce 2.11 / train/inv/objective 1.18 / train/inv/valid_frac 1 / train/inv/weight 0 / train/loss/con 0.02 / train/loss/dyn 1.11 / train/loss/image 0.07 / train/loss/inv 0 / train/loss/policy 3.3e-4 / train/loss/rep 1.11 / train/loss/repval 1.45 / train/loss/rew 8.9e-3 / train/loss/value 1.17 / train/rand/action 0.04 / replay/replay_ratio 264 / fps/policy 7.36 / fps/train 1884.81

Writing metrics: /data2/liguoqi/habmm/hab_z/btwm/runs/dreamerv3_atari_pong_seed0_v2_1m/scores.jsonl
Writing metrics: /data2/liguoqi/habmm/hab_z/btwm/runs/dreamerv3_atari_pong_seed0_v2_1m/metrics.jsonl

--------------------[Agent Step 1_097_360]--------------------
Metrics filtered by: 'score|length|fps|ratio|train/loss/|train/acc/|train/inv/|train/rand/'
episode/score 19 / episode/length 2094 / train/acc/inv 0.11 / train/inv/ce 2.12 / train/inv/objective 1.19 / train/inv/valid_frac 1 / train/inv/weight 0 / train/loss/con 0.02 / train/loss/dyn 1.13 / train/loss/image 0.07 / train/loss/inv 0 / train/loss/policy 3.7e-4 / train/loss/rep 1.13 / train/loss/repval 1.39 / train/loss/rew 9.2e-3 / train/loss/value 1.13 / train/rand/action 0.04 / replay/replay_ratio 264 / fps/policy 7.66 / fps/train 1961.37

Writing metrics: /data2/liguoqi/habmm/hab_z/btwm/runs/dreamerv3_atari_pong_seed0_v2_1m/metrics.jsonl
Writing metrics: /data2/liguoqi/habmm/hab_z/btwm/runs/dreamerv3_atari_pong_seed0_v2_1m/scores.jsonl

--------------------[Agent Step 1_101_080]--------------------
Metrics filtered by: 'score|length|fps|ratio|train/loss/|train/acc/|train/inv/|train/rand/'
train/acc/inv 0.11 / train/inv/ce 2.12 / train/inv/objective 1.18 / train/inv/valid_frac 1 / train/inv/weight 0 / train/loss/con 0.02 / train/loss/dyn 1.14 / train/loss/image 0.07 / train/loss/inv 0 / train/loss/policy 2.3e-4 / train/loss/rep 1.14 / train/loss/repval 1.4 / train/loss/rew 8.8e-3 / train/loss/value 1.13 / train/rand/action 0.04 / replay/replay_ratio 264 / fps/policy 7.71 / fps/train 1972.98

Writing metrics: /data2/liguoqi/habmm/hab_z/btwm/runs/dreamerv3_atari_pong_seed0_v2_1m/metrics.jsonl
Writing metrics: /data2/liguoqi/habmm/hab_z/btwm/runs/dreamerv3_atari_pong_seed0_v2_1m/scores.jsonl

--------------------[Agent Step 1_104_800]--------------------
Metrics filtered by: 'score|length|fps|ratio|train/loss/|train/acc/|train/inv/|train/rand/'
train/acc/inv 0.11 / train/inv/ce 2.11 / train/inv/objective 1.18 / train/inv/valid_frac 1 / train/inv/weight 0 / train/loss/con 0.02 / train/loss/dyn 1.12 / train/loss/image 0.07 / train/loss/inv 0 / train/loss/policy 2.2e-4 / train/loss/rep 1.12 / train/loss/repval 1.44 / train/loss/rew 9e-3 / train/loss/value 1.15 / train/rand/action 0.04 / replay/replay_ratio 264 / fps/policy 7.72 / fps/train 1976.41

Writing metrics: /data2/liguoqi/habmm/hab_z/btwm/runs/dreamerv3_atari_pong_seed0_v2_1m/metrics.jsonl
Writing metrics: /data2/liguoqi/habmm/hab_z/btwm/runs/dreamerv3_atari_pong_seed0_v2_1m/scores.jsonl

--------------------[Agent Step 1_108_520]--------------------
Metrics filtered by: 'score|length|fps|ratio|train/loss/|train/acc/|train/inv/|train/rand/'
episode/score 8 / episode/length 2656 / train/acc/inv 0.11 / train/inv/ce 2.11 / train/inv/objective 1.18 / train/inv/valid_frac 1 / train/inv/weight 0 / train/loss/con 0.02 / train/loss/dyn 1.13 / train/loss/image 0.07 / train/loss/inv 0 / train/loss/policy 2.6e-4 / train/loss/rep 1.13 / train/loss/repval 1.44 / train/loss/rew 8.8e-3 / train/loss/value 1.15 / train/rand/action 0.04 / replay/replay_ratio 264 / fps/policy 7.71 / fps/train 1973.47

Writing metrics: /data2/liguoqi/habmm/hab_z/btwm/runs/dreamerv3_atari_pong_seed0_v2_1m/metrics.jsonl
Writing metrics: /data2/liguoqi/habmm/hab_z/btwm/runs/dreamerv3_atari_pong_seed0_v2_1m/scores.jsonl

--------------------[Agent Step 1_112_240]--------------------
Metrics filtered by: 'score|length|fps|ratio|train/loss/|train/acc/|train/inv/|train/rand/'
train/acc/inv 0.11 / train/inv/ce 2.11 / train/inv/objective 1.18 / train/inv/valid_frac 1 / train/inv/weight 0 / train/loss/con 0.02 / train/loss/dyn 1.13 / train/loss/image 0.07 / train/loss/inv 0 / train/loss/policy 3.4e-4 / train/loss/rep 1.13 / train/loss/repval 1.42 / train/loss/rew 9.1e-3 / train/loss/value 1.13 / train/rand/action 0.04 / replay/replay_ratio 264 / fps/policy 7.72 / fps/train 1976.02

Writing metrics: /data2/liguoqi/habmm/hab_z/btwm/runs/dreamerv3_atari_pong_seed0_v2_1m/metrics.jsonl
Writing metrics: /data2/liguoqi/habmm/hab_z/btwm/runs/dreamerv3_atari_pong_seed0_v2_1m/scores.jsonl

--------------------[Agent Step 1_115_960]--------------------
Metrics filtered by: 'score|length|fps|ratio|train/loss/|train/acc/|train/inv/|train/rand/'
episode/score 13 / episode/length 2148 / train/acc/inv 0.12 / train/inv/ce 2.1 / train/inv/objective 1.17 / train/inv/valid_frac 1 / train/inv/weight 0 / train/loss/con 0.02 / train/loss/dyn 1.13 / train/loss/image 0.07 / train/loss/inv 0 / train/loss/policy 2.3e-4 / train/loss/rep 1.13 / train/loss/repval 1.4 / train/loss/rew 8.9e-3 / train/loss/value 1.12 / train/rand/action 0.04 / replay/replay_ratio 264 / fps/policy 7.72 / fps/train 1975.27

Writing metrics: /data2/liguoqi/habmm/hab_z/btwm/runs/dreamerv3_atari_pong_seed0_v2_1m/metrics.jsonl
Writing metrics: /data2/liguoqi/habmm/hab_z/btwm/runs/dreamerv3_atari_pong_seed0_v2_1m/scores.jsonl

--------------------[Agent Step 1_119_680]--------------------
Metrics filtered by: 'score|length|fps|ratio|train/loss/|train/acc/|train/inv/|train/rand/'
train/acc/inv 0.12 / train/inv/ce 2.1 / train/inv/objective 1.17 / train/inv/valid_frac 1 / train/inv/weight 0 / train/loss/con 0.02 / train/loss/dyn 1.13 / train/loss/image 0.06 / train/loss/inv 0 / train/loss/policy 2.4e-4 / train/loss/rep 1.13 / train/loss/repval 1.43 / train/loss/rew 9.2e-3 / train/loss/value 1.15 / train/rand/action 0.04 / replay/replay_ratio 264 / fps/policy 7.71 / fps/train 1974.1

Writing metrics: /data2/liguoqi/habmm/hab_z/btwm/runs/dreamerv3_atari_pong_seed0_v2_1m/metrics.jsonl
Writing metrics: /data2/liguoqi/habmm/hab_z/btwm/runs/dreamerv3_atari_pong_seed0_v2_1m/scores.jsonl

--------------------[Agent Step 1_123_400]--------------------
Metrics filtered by: 'score|length|fps|ratio|train/loss/|train/acc/|train/inv/|train/rand/'
train/acc/inv 0.11 / train/inv/ce 2.11 / train/inv/objective 1.18 / train/inv/valid_frac 1 / train/inv/weight 0 / train/loss/con 0.02 / train/loss/dyn 1.1 / train/loss/image 0.06 / train/loss/inv 0 / train/loss/policy 3.1e-4 / train/loss/rep 1.1 / train/loss/repval 1.4 / train/loss/rew 8.9e-3 / train/loss/value 1.13 / train/rand/action 0.04 / replay/replay_ratio 264 / fps/policy 7.69 / fps/train 1969.08

Writing metrics: /data2/liguoqi/habmm/hab_z/btwm/runs/dreamerv3_atari_pong_seed0_v2_1m/metrics.jsonl
Writing metrics: /data2/liguoqi/habmm/hab_z/btwm/runs/dreamerv3_atari_pong_seed0_v2_1m/scores.jsonl

--------------------[Agent Step 1_127_120]--------------------
Metrics filtered by: 'score|length|fps|ratio|train/loss/|train/acc/|train/inv/|train/rand/'
episode/score 12 / episode/length 2213 / train/acc/inv 0.11 / train/inv/ce 2.11 / train/inv/objective 1.18 / train/inv/valid_frac 1 / train/inv/weight 0 / train/loss/con 0.02 / train/loss/dyn 1.13 / train/loss/image 0.06 / train/loss/inv 0 / train/loss/policy 2.4e-4 / train/loss/rep 1.13 / train/loss/repval 1.37 / train/loss/rew 9.4e-3 / train/loss/value 1.11 / train/rand/action 0.04 / replay/replay_ratio 264 / fps/policy 7.7 / fps/train 1970.55

Writing metrics: /data2/liguoqi/habmm/hab_z/btwm/runs/dreamerv3_atari_pong_seed0_v2_1m/scores.jsonl
Writing metrics: /data2/liguoqi/habmm/hab_z/btwm/runs/dreamerv3_atari_pong_seed0_v2_1m/metrics.jsonl

--------------------[Agent Step 1_130_840]--------------------
Metrics filtered by: 'score|length|fps|ratio|train/loss/|train/acc/|train/inv/|train/rand/'
train/acc/inv 0.12 / train/inv/ce 2.1 / train/inv/objective 1.17 / train/inv/valid_frac 1 / train/inv/weight 0 / train/loss/con 0.02 / train/loss/dyn 1.14 / train/loss/image 0.07 / train/loss/inv 0 / train/loss/policy 2.5e-4 / train/loss/rep 1.14 / train/loss/repval 1.38 / train/loss/rew 8.9e-3 / train/loss/value 1.13 / train/rand/action 0.04 / replay/replay_ratio 264 / fps/policy 7.71 / fps/train 1973.96

Writing metrics: /data2/liguoqi/habmm/hab_z/btwm/runs/dreamerv3_atari_pong_seed0_v2_1m/scores.jsonl
Writing metrics: /data2/liguoqi/habmm/hab_z/btwm/runs/dreamerv3_atari_pong_seed0_v2_1m/metrics.jsonl

--------------------[Agent Step 1_134_520]--------------------
Metrics filtered by: 'score|length|fps|ratio|train/loss/|train/acc/|train/inv/|train/rand/'
episode/score 12 / episode/length 2065 / train/acc/inv 0.11 / train/inv/ce 2.1 / train/inv/objective 1.17 / train/inv/valid_frac 1 / train/inv/weight 0 / train/loss/con 0.02 / train/loss/dyn 1.11 / train/loss/image 0.06 / train/loss/inv 0 / train/loss/policy 2.2e-4 / train/loss/rep 1.11 / train/loss/repval 1.41 / train/loss/rew 8.8e-3 / train/loss/value 1.14 / train/rand/action 0.04 / replay/replay_ratio 264 / fps/policy 7.66 / fps/train 1960.65

Writing metrics: /data2/liguoqi/habmm/hab_z/btwm/runs/dreamerv3_atari_pong_seed0_v2_1m/scores.jsonl
Writing metrics: /data2/liguoqi/habmm/hab_z/btwm/runs/dreamerv3_atari_pong_seed0_v2_1m/metrics.jsonl

--------------------[Agent Step 1_138_160]--------------------
Metrics filtered by: 'score|length|fps|ratio|train/loss/|train/acc/|train/inv/|train/rand/'
train/acc/inv 0.11 / train/inv/ce 2.1 / train/inv/objective 1.17 / train/inv/valid_frac 1 / train/inv/weight 0 / train/loss/con 0.02 / train/loss/dyn 1.11 / train/loss/image 0.06 / train/loss/inv 0 / train/loss/policy 1.7e-4 / train/loss/rep 1.11 / train/loss/repval 1.4 / train/loss/rew 8.9e-3 / train/loss/value 1.12 / train/rand/action 0.04 / replay/replay_ratio 264 / fps/policy 7.54 / fps/train 1930.72

Writing metrics: /data2/liguoqi/habmm/hab_z/btwm/runs/dreamerv3_atari_pong_seed0_v2_1m/metrics.jsonl
Writing metrics: /data2/liguoqi/habmm/hab_z/btwm/runs/dreamerv3_atari_pong_seed0_v2_1m/scores.jsonl

--------------------[Agent Step 1_141_800]--------------------
Metrics filtered by: 'score|length|fps|ratio|train/loss/|train/acc/|train/inv/|train/rand/'
episode/score 18 / episode/length 2172 / train/acc/inv 0.11 / train/inv/ce 2.1 / train/inv/objective 1.17 / train/inv/valid_frac 1 / train/inv/weight 0 / train/loss/con 0.02 / train/loss/dyn 1.12 / train/loss/image 0.07 / train/loss/inv 0 / train/loss/policy 3.2e-4 / train/loss/rep 1.12 / train/loss/repval 1.4 / train/loss/rew 9.3e-3 / train/loss/value 1.14 / train/rand/action 0.04 / replay/replay_ratio 264 / fps/policy 7.57 / fps/train 1938.81

Writing metrics: /data2/liguoqi/habmm/hab_z/btwm/runs/dreamerv3_atari_pong_seed0_v2_1m/metrics.jsonl
Writing metrics: /data2/liguoqi/habmm/hab_z/btwm/runs/dreamerv3_atari_pong_seed0_v2_1m/scores.jsonl

--------------------[Agent Step 1_145_520]--------------------
Metrics filtered by: 'score|length|fps|ratio|train/loss/|train/acc/|train/inv/|train/rand/'
train/acc/inv 0.12 / train/inv/ce 2.1 / train/inv/objective 1.17 / train/inv/valid_frac 1 / train/inv/weight 0 / train/loss/con 0.02 / train/loss/dyn 1.12 / train/loss/image 0.06 / train/loss/inv 0 / train/loss/policy 2.5e-4 / train/loss/rep 1.12 / train/loss/repval 1.39 / train/loss/rew 8.9e-3 / train/loss/value 1.13 / train/rand/action 0.04 / replay/replay_ratio 264 / fps/policy 7.69 / fps/train 1969.81

Writing metrics: /data2/liguoqi/habmm/hab_z/btwm/runs/dreamerv3_atari_pong_seed0_v2_1m/metrics.jsonl
Writing metrics: /data2/liguoqi/habmm/hab_z/btwm/runs/dreamerv3_atari_pong_seed0_v2_1m/scores.jsonl

--------------------[Agent Step 1_149_240]--------------------
Metrics filtered by: 'score|length|fps|ratio|train/loss/|train/acc/|train/inv/|train/rand/'
episode/score 18 / episode/length 1922 / train/acc/inv 0.11 / train/inv/ce 2.11 / train/inv/objective 1.18 / train/inv/valid_frac 1 / train/inv/weight 0 / train/loss/con 0.02 / train/loss/dyn 1.14 / train/loss/image 0.07 / train/loss/inv 0 / train/loss/policy 2.8e-4 / train/loss/rep 1.14 / train/loss/repval 1.36 / train/loss/rew 8.9e-3 / train/loss/value 1.12 / train/rand/action 0.04 / replay/replay_ratio 264 / fps/policy 7.69 / fps/train 1968.59

Writing metrics: /data2/liguoqi/habmm/hab_z/btwm/runs/dreamerv3_atari_pong_seed0_v2_1m/metrics.jsonl
Writing metrics: /data2/liguoqi/habmm/hab_z/btwm/runs/dreamerv3_atari_pong_seed0_v2_1m/scores.jsonl

--------------------[Agent Step 1_152_960]--------------------
Metrics filtered by: 'score|length|fps|ratio|train/loss/|train/acc/|train/inv/|train/rand/'
train/acc/inv 0.12 / train/inv/ce 2.12 / train/inv/objective 1.19 / train/inv/valid_frac 1 / train/inv/weight 0 / train/loss/con 0.02 / train/loss/dyn 1.11 / train/loss/image 0.06 / train/loss/inv 0 / train/loss/policy 2.9e-4 / train/loss/rep 1.11 / train/loss/repval 1.36 / train/loss/rew 9e-3 / train/loss/value 1.11 / train/rand/action 0.04 / replay/replay_ratio 264 / fps/policy 7.73 / fps/train 1979.35

Writing metrics: /data2/liguoqi/habmm/hab_z/btwm/runs/dreamerv3_atari_pong_seed0_v2_1m/metrics.jsonl
Writing metrics: /data2/liguoqi/habmm/hab_z/btwm/runs/dreamerv3_atari_pong_seed0_v2_1m/scores.jsonl

--------------------[Agent Step 1_156_680]--------------------
Metrics filtered by: 'score|length|fps|ratio|train/loss/|train/acc/|train/inv/|train/rand/'
train/acc/inv 0.11 / train/inv/ce 2.13 / train/inv/objective 1.19 / train/inv/valid_frac 1 / train/inv/weight 0 / train/loss/con 0.02 / train/loss/dyn 1.12 / train/loss/image 0.06 / train/loss/inv 0 / train/loss/policy 1.8e-4 / train/loss/rep 1.12 / train/loss/repval 1.37 / train/loss/rew 8.7e-3 / train/loss/value 1.11 / train/rand/action 0.04 / replay/replay_ratio 264 / fps/policy 7.68 / fps/train 1966.28

Writing metrics: /data2/liguoqi/habmm/hab_z/btwm/runs/dreamerv3_atari_pong_seed0_v2_1m/metrics.jsonl
Writing metrics: /data2/liguoqi/habmm/hab_z/btwm/runs/dreamerv3_atari_pong_seed0_v2_1m/scores.jsonl

--------------------[Agent Step 1_160_360]--------------------
Metrics filtered by: 'score|length|fps|ratio|train/loss/|train/acc/|train/inv/|train/rand/'
episode/score 7 / episode/length 2844 / train/acc/inv 0.11 / train/inv/ce 2.12 / train/inv/objective 1.18 / train/inv/valid_frac 1 / train/inv/weight 0 / train/loss/con 0.02 / train/loss/dyn 1.12 / train/loss/image 0.07 / train/loss/inv 0 / train/loss/policy 1.4e-4 / train/loss/rep 1.12 / train/loss/repval 1.37 / train/loss/rew 8.9e-3 / train/loss/value 1.11 / train/rand/action 0.04 / replay/replay_ratio 264 / fps/policy 7.64 / fps/train 1957.11

Writing metrics: /data2/liguoqi/habmm/hab_z/btwm/runs/dreamerv3_atari_pong_seed0_v2_1m/metrics.jsonl
Writing metrics: /data2/liguoqi/habmm/hab_z/btwm/runs/dreamerv3_atari_pong_seed0_v2_1m/scores.jsonl

--------------------[Agent Step 1_164_080]--------------------
Metrics filtered by: 'score|length|fps|ratio|train/loss/|train/acc/|train/inv/|train/rand/'
train/acc/inv 0.11 / train/inv/ce 2.11 / train/inv/objective 1.18 / train/inv/valid_frac 1 / train/inv/weight 0 / train/loss/con 0.02 / train/loss/dyn 1.15 / train/loss/image 0.09 / train/loss/inv 0 / train/loss/policy 1.5e-4 / train/loss/rep 1.15 / train/loss/repval 1.48 / train/loss/rew 9e-3 / train/loss/value 1.18 / train/rand/action 0.04 / replay/replay_ratio 264 / fps/policy 7.72 / fps/train 1976.72

Writing metrics: /data2/liguoqi/habmm/hab_z/btwm/runs/dreamerv3_atari_pong_seed0_v2_1m/scores.jsonl
Writing metrics: /data2/liguoqi/habmm/hab_z/btwm/runs/dreamerv3_atari_pong_seed0_v2_1m/metrics.jsonl

--------------------[Agent Step 1_167_800]--------------------
Metrics filtered by: 'score|length|fps|ratio|train/loss/|train/acc/|train/inv/|train/rand/'
train/acc/inv 0.12 / train/inv/ce 2.11 / train/inv/objective 1.18 / train/inv/valid_frac 1 / train/inv/weight 0 / train/loss/con 0.02 / train/loss/dyn 1.12 / train/loss/image 0.08 / train/loss/inv 0 / train/loss/policy 1.5e-4 / train/loss/rep 1.12 / train/loss/repval 1.46 / train/loss/rew 9.1e-3 / train/loss/value 1.16 / train/rand/action 0.04 / replay/replay_ratio 264 / fps/policy 7.71 / fps/train 1974.82

Writing metrics: /data2/liguoqi/habmm/hab_z/btwm/runs/dreamerv3_atari_pong_seed0_v2_1m/scores.jsonl
Writing metrics: /data2/liguoqi/habmm/hab_z/btwm/runs/dreamerv3_atari_pong_seed0_v2_1m/metrics.jsonl

--------------------[Agent Step 1_171_520]--------------------
Metrics filtered by: 'score|length|fps|ratio|train/loss/|train/acc/|train/inv/|train/rand/'
episode/score 9 / episode/length 2514 / train/acc/inv 0.12 / train/inv/ce 2.11 / train/inv/objective 1.18 / train/inv/valid_frac 1 / train/inv/weight 0 / train/loss/con 0.02 / train/loss/dyn 1.13 / train/loss/image 0.08 / train/loss/inv 0 / train/loss/policy 3.3e-4 / train/loss/rep 1.13 / train/loss/repval 1.44 / train/loss/rew 9.3e-3 / train/loss/value 1.16 / train/rand/action 0.04 / replay/replay_ratio 264 / fps/policy 7.68 / fps/train 1967.24

Writing metrics: /data2/liguoqi/habmm/hab_z/btwm/runs/dreamerv3_atari_pong_seed0_v2_1m/scores.jsonl
Writing metrics: /data2/liguoqi/habmm/hab_z/btwm/runs/dreamerv3_atari_pong_seed0_v2_1m/metrics.jsonl

--------------------[Agent Step 1_175_240]--------------------
Metrics filtered by: 'score|length|fps|ratio|train/loss/|train/acc/|train/inv/|train/rand/'
train/acc/inv 0.12 / train/inv/ce 2.12 / train/inv/objective 1.18 / train/inv/valid_frac 1 / train/inv/weight 0 / train/loss/con 0.02 / train/loss/dyn 1.14 / train/loss/image 0.06 / train/loss/inv 0 / train/loss/policy 2.8e-4 / train/loss/rep 1.14 / train/loss/repval 1.41 / train/loss/rew 8.9e-3 / train/loss/value 1.13 / train/rand/action 0.04 / replay/replay_ratio 264 / fps/policy 7.67 / fps/train 1963.7

Writing metrics: /data2/liguoqi/habmm/hab_z/btwm/runs/dreamerv3_atari_pong_seed0_v2_1m/metrics.jsonl
Writing metrics: /data2/liguoqi/habmm/hab_z/btwm/runs/dreamerv3_atari_pong_seed0_v2_1m/scores.jsonl

--------------------[Agent Step 1_178_960]--------------------
Metrics filtered by: 'score|length|fps|ratio|train/loss/|train/acc/|train/inv/|train/rand/'
train/acc/inv 0.12 / train/inv/ce 2.1 / train/inv/objective 1.17 / train/inv/valid_frac 1 / train/inv/weight 0 / train/loss/con 0.02 / train/loss/dyn 1.14 / train/loss/image 0.07 / train/loss/inv 0 / train/loss/policy 1.4e-4 / train/loss/rep 1.14 / train/loss/repval 1.47 / train/loss/rew 9e-3 / train/loss/value 1.16 / train/rand/action 0.04 / replay/replay_ratio 264 / fps/policy 7.69 / fps/train 1968.37

Writing metrics: /data2/liguoqi/habmm/hab_z/btwm/runs/dreamerv3_atari_pong_seed0_v2_1m/metrics.jsonl
Writing metrics: /data2/liguoqi/habmm/hab_z/btwm/runs/dreamerv3_atari_pong_seed0_v2_1m/scores.jsonl

--------------------[Agent Step 1_182_600]--------------------
Metrics filtered by: 'score|length|fps|ratio|train/loss/|train/acc/|train/inv/|train/rand/'
train/acc/inv 0.12 / train/inv/ce 2.1 / train/inv/objective 1.17 / train/inv/valid_frac 1 / train/inv/weight 0 / train/loss/con 0.02 / train/loss/dyn 1.15 / train/loss/image 0.07 / train/loss/inv 0 / train/loss/policy 1.1e-4 / train/loss/rep 1.15 / train/loss/repval 1.5 / train/loss/rew 9.4e-3 / train/loss/value 1.18 / train/rand/action 0.04 / replay/replay_ratio 264 / fps/policy 7.46 / fps/train 1910.52

Writing metrics: /data2/liguoqi/habmm/hab_z/btwm/runs/dreamerv3_atari_pong_seed0_v2_1m/metrics.jsonl
Writing metrics: /data2/liguoqi/habmm/hab_z/btwm/runs/dreamerv3_atari_pong_seed0_v2_1m/scores.jsonl

--------------------[Agent Step 1_186_160]--------------------
Metrics filtered by: 'score|length|fps|ratio|train/loss/|train/acc/|train/inv/|train/rand/'
episode/score 1 / episode/length 3510 / train/acc/inv 0.12 / train/inv/ce 2.1 / train/inv/objective 1.17 / train/inv/valid_frac 1 / train/inv/weight 0 / train/loss/con 0.02 / train/loss/dyn 1.12 / train/loss/image 0.07 / train/loss/inv 0 / train/loss/policy 2.9e-4 / train/loss/rep 1.12 / train/loss/repval 1.47 / train/loss/rew 8.8e-3 / train/loss/value 1.18 / train/rand/action 0.04 / replay/replay_ratio 264 / fps/policy 7.36 / fps/train 1884.38

Writing metrics: /data2/liguoqi/habmm/hab_z/btwm/runs/dreamerv3_atari_pong_seed0_v2_1m/scores.jsonl
Writing metrics: /data2/liguoqi/habmm/hab_z/btwm/runs/dreamerv3_atari_pong_seed0_v2_1m/metrics.jsonl

--------------------[Agent Step 1_189_840]--------------------
Metrics filtered by: 'score|length|fps|ratio|train/loss/|train/acc/|train/inv/|train/rand/'
train/acc/inv 0.12 / train/inv/ce 2.12 / train/inv/objective 1.18 / train/inv/valid_frac 1 / train/inv/weight 0 / train/loss/con 0.02 / train/loss/dyn 1.15 / train/loss/image 0.07 / train/loss/inv 0 / train/loss/policy 2.8e-4 / train/loss/rep 1.15 / train/loss/repval 1.43 / train/loss/rew 9e-3 / train/loss/value 1.16 / train/rand/action 0.04 / replay/replay_ratio 264 / fps/policy 7.65 / fps/train 1958.72

Writing metrics: /data2/liguoqi/habmm/hab_z/btwm/runs/dreamerv3_atari_pong_seed0_v2_1m/metrics.jsonl
Writing metrics: /data2/liguoqi/habmm/hab_z/btwm/runs/dreamerv3_atari_pong_seed0_v2_1m/scores.jsonl

--------------------[Agent Step 1_193_520]--------------------
Metrics filtered by: 'score|length|fps|ratio|train/loss/|train/acc/|train/inv/|train/rand/'
episode/score 16 / episode/length 1938 / train/acc/inv 0.11 / train/inv/ce 2.13 / train/inv/objective 1.19 / train/inv/valid_frac 1 / train/inv/weight 0 / train/loss/con 0.02 / train/loss/dyn 1.11 / train/loss/image 0.06 / train/loss/inv 0 / train/loss/policy 2e-4 / train/loss/rep 1.11 / train/loss/repval 1.45 / train/loss/rew 8.9e-3 / train/loss/value 1.16 / train/rand/action 0.04 / replay/replay_ratio 264 / fps/policy 7.65 / fps/train 1958.67

Writing metrics: /data2/liguoqi/habmm/hab_z/btwm/runs/dreamerv3_atari_pong_seed0_v2_1m/metrics.jsonl
Writing metrics: /data2/liguoqi/habmm/hab_z/btwm/runs/dreamerv3_atari_pong_seed0_v2_1m/scores.jsonl
Saving checkpoint: /data2/liguoqi/habmm/hab_z/btwm/runs/dreamerv3_atari_pong_seed0_v2_1m/ckpt/20260614T053950F728621
Saved checkpoint.

--------------------[Agent Step 1_196_680]--------------------
Metrics filtered by: 'score|length|fps|ratio|train/loss/|train/acc/|train/inv/|train/rand/'
train/acc/inv 0.12 / train/inv/ce 2.12 / train/inv/objective 1.19 / train/inv/valid_frac 1 / train/inv/weight 0 / train/loss/con 0.02 / train/loss/dyn 1.14 / train/loss/image 0.07 / train/loss/inv 0 / train/loss/policy 3.3e-4 / train/loss/rep 1.14 / train/loss/repval 1.41 / train/loss/rew 8.8e-3 / train/loss/value 1.15 / train/rand/action 0.04 / replay/replay_ratio 264 / fps/policy 5.35 / fps/train 1370.54

Writing metrics: /data2/liguoqi/habmm/hab_z/btwm/runs/dreamerv3_atari_pong_seed0_v2_1m/metrics.jsonl
Writing metrics: /data2/liguoqi/habmm/hab_z/btwm/runs/dreamerv3_atari_pong_seed0_v2_1m/scores.jsonl

--------------------[Agent Step 1_200_360]--------------------
Metrics filtered by: 'score|length|fps|ratio|train/loss/|train/acc/|train/inv/|train/rand/'
train/acc/inv 0.12 / train/inv/ce 2.1 / train/inv/objective 1.17 / train/inv/valid_frac 1 / train/inv/weight 0 / train/loss/con 0.02 / train/loss/dyn 1.16 / train/loss/image 0.07 / train/loss/inv 0 / train/loss/policy 1.1e-4 / train/loss/rep 1.16 / train/loss/repval 1.44 / train/loss/rew 8.9e-3 / train/loss/value 1.14 / train/rand/action 0.04 / replay/replay_ratio 264 / fps/policy 7.62 / fps/train 1950.65

Writing metrics: /data2/liguoqi/habmm/hab_z/btwm/runs/dreamerv3_atari_pong_seed0_v2_1m/scores.jsonl
Writing metrics: /data2/liguoqi/habmm/hab_z/btwm/runs/dreamerv3_atari_pong_seed0_v2_1m/metrics.jsonl

--------------------[Agent Step 1_204_080]--------------------
Metrics filtered by: 'score|length|fps|ratio|train/loss/|train/acc/|train/inv/|train/rand/'
episode/score 10 / episode/length 2714 / train/acc/inv 0.12 / train/inv/ce 2.1 / train/inv/objective 1.17 / train/inv/valid_frac 1 / train/inv/weight 0 / train/loss/con 0.02 / train/loss/dyn 1.12 / train/loss/image 0.06 / train/loss/inv 0 / train/loss/policy 3e-4 / train/loss/rep 1.12 / train/loss/repval 1.39 / train/loss/rew 9.1e-3 / train/loss/value 1.13 / train/rand/action 0.04 / replay/replay_ratio 264 / fps/policy 7.68 / fps/train 1966.42

Writing metrics: /data2/liguoqi/habmm/hab_z/btwm/runs/dreamerv3_atari_pong_seed0_v2_1m/metrics.jsonl
Writing metrics: /data2/liguoqi/habmm/hab_z/btwm/runs/dreamerv3_atari_pong_seed0_v2_1m/scores.jsonl

--------------------[Agent Step 1_207_800]--------------------
Metrics filtered by: 'score|length|fps|ratio|train/loss/|train/acc/|train/inv/|train/rand/'
train/acc/inv 0.12 / train/inv/ce 2.09 / train/inv/objective 1.17 / train/inv/valid_frac 1 / train/inv/weight 0 / train/loss/con 0.02 / train/loss/dyn 1.11 / train/loss/image 0.06 / train/loss/inv 0 / train/loss/policy 2.4e-4 / train/loss/rep 1.11 / train/loss/repval 1.43 / train/loss/rew 9.1e-3 / train/loss/value 1.15 / train/rand/action 0.04 / replay/replay_ratio 264 / fps/policy 7.71 / fps/train 1972.94

Writing metrics: /data2/liguoqi/habmm/hab_z/btwm/runs/dreamerv3_atari_pong_seed0_v2_1m/metrics.jsonl
Writing metrics: /data2/liguoqi/habmm/hab_z/btwm/runs/dreamerv3_atari_pong_seed0_v2_1m/scores.jsonl

--------------------[Agent Step 1_211_520]--------------------
Metrics filtered by: 'score|length|fps|ratio|train/loss/|train/acc/|train/inv/|train/rand/'
train/acc/inv 0.12 / train/inv/ce 2.1 / train/inv/objective 1.17 / train/inv/valid_frac 1 / train/inv/weight 0 / train/loss/con 0.02 / train/loss/dyn 1.12 / train/loss/image 0.07 / train/loss/inv 0 / train/loss/policy 2.7e-4 / train/loss/rep 1.12 / train/loss/repval 1.38 / train/loss/rew 8.8e-3 / train/loss/value 1.12 / train/rand/action 0.04 / replay/replay_ratio 264 / fps/policy 7.7 / fps/train 1970.42

Writing metrics: /data2/liguoqi/habmm/hab_z/btwm/runs/dreamerv3_atari_pong_seed0_v2_1m/scores.jsonl
Writing metrics: /data2/liguoqi/habmm/hab_z/btwm/runs/dreamerv3_atari_pong_seed0_v2_1m/metrics.jsonl

--------------------[Agent Step 1_215_200]--------------------
Metrics filtered by: 'score|length|fps|ratio|train/loss/|train/acc/|train/inv/|train/rand/'
episode/score 14 / episode/length 2427 / train/acc/inv 0.12 / train/inv/ce 2.08 / train/inv/objective 1.16 / train/inv/valid_frac 1 / train/inv/weight 0 / train/loss/con 0.02 / train/loss/dyn 1.14 / train/loss/image 0.07 / train/loss/inv 0 / train/loss/policy 2.3e-4 / train/loss/rep 1.14 / train/loss/repval 1.4 / train/loss/rew 9.1e-3 / train/loss/value 1.13 / train/rand/action 0.04 / replay/replay_ratio 264 / fps/policy 7.66 / fps/train 1959.97

Writing metrics: /data2/liguoqi/habmm/hab_z/btwm/runs/dreamerv3_atari_pong_seed0_v2_1m/scores.jsonl
Writing metrics: /data2/liguoqi/habmm/hab_z/btwm/runs/dreamerv3_atari_pong_seed0_v2_1m/metrics.jsonl

--------------------[Agent Step 1_218_920]--------------------
Metrics filtered by: 'score|length|fps|ratio|train/loss/|train/acc/|train/inv/|train/rand/'
train/acc/inv 0.12 / train/inv/ce 2.09 / train/inv/objective 1.16 / train/inv/valid_frac 1 / train/inv/weight 0 / train/loss/con 0.02 / train/loss/dyn 1.12 / train/loss/image 0.07 / train/loss/inv 0 / train/loss/policy 2.1e-4 / train/loss/rep 1.12 / train/loss/repval 1.41 / train/loss/rew 8.7e-3 / train/loss/value 1.13 / train/rand/action 0.04 / replay/replay_ratio 264 / fps/policy 7.7 / fps/train 1971.76

Writing metrics: /data2/liguoqi/habmm/hab_z/btwm/runs/dreamerv3_atari_pong_seed0_v2_1m/metrics.jsonl
Writing metrics: /data2/liguoqi/habmm/hab_z/btwm/runs/dreamerv3_atari_pong_seed0_v2_1m/scores.jsonl

--------------------[Agent Step 1_222_640]--------------------
Metrics filtered by: 'score|length|fps|ratio|train/loss/|train/acc/|train/inv/|train/rand/'
episode/score 15 / episode/length 2171 / train/acc/inv 0.11 / train/inv/ce 2.1 / train/inv/objective 1.17 / train/inv/valid_frac 1 / train/inv/weight 0 / train/loss/con 0.02 / train/loss/dyn 1.11 / train/loss/image 0.06 / train/loss/inv 0 / train/loss/policy 2.6e-4 / train/loss/rep 1.11 / train/loss/repval 1.41 / train/loss/rew 8.8e-3 / train/loss/value 1.15 / train/rand/action 0.04 / replay/replay_ratio 264 / fps/policy 7.69 / fps/train 1969.24

Writing metrics: /data2/liguoqi/habmm/hab_z/btwm/runs/dreamerv3_atari_pong_seed0_v2_1m/metrics.jsonl
Writing metrics: /data2/liguoqi/habmm/hab_z/btwm/runs/dreamerv3_atari_pong_seed0_v2_1m/scores.jsonl

--------------------[Agent Step 1_226_200]--------------------
Metrics filtered by: 'score|length|fps|ratio|train/loss/|train/acc/|train/inv/|train/rand/'
train/acc/inv 0.11 / train/inv/ce 2.1 / train/inv/objective 1.17 / train/inv/valid_frac 1 / train/inv/weight 0 / train/loss/con 0.02 / train/loss/dyn 1.11 / train/loss/image 0.06 / train/loss/inv 0 / train/loss/policy 1.9e-4 / train/loss/rep 1.11 / train/loss/repval 1.36 / train/loss/rew 8.9e-3 / train/loss/value 1.12 / train/rand/action 0.04 / replay/replay_ratio 264 / fps/policy 7.42 / fps/train 1900.01

Writing metrics: /data2/liguoqi/habmm/hab_z/btwm/runs/dreamerv3_atari_pong_seed0_v2_1m/metrics.jsonl
Writing metrics: /data2/liguoqi/habmm/hab_z/btwm/runs/dreamerv3_atari_pong_seed0_v2_1m/scores.jsonl

--------------------[Agent Step 1_229_920]--------------------
Metrics filtered by: 'score|length|fps|ratio|train/loss/|train/acc/|train/inv/|train/rand/'
episode/score 18 / episode/length 2007 / train/acc/inv 0.12 / train/inv/ce 2.09 / train/inv/objective 1.17 / train/inv/valid_frac 1 / train/inv/weight 0 / train/loss/con 0.02 / train/loss/dyn 1.11 / train/loss/image 0.06 / train/loss/inv 0 / train/loss/policy 2.3e-4 / train/loss/rep 1.11 / train/loss/repval 1.41 / train/loss/rew 8.9e-3 / train/loss/value 1.14 / train/rand/action 0.04 / replay/replay_ratio 264 / fps/policy 7.68 / fps/train 1966.8

Writing metrics: /data2/liguoqi/habmm/hab_z/btwm/runs/dreamerv3_atari_pong_seed0_v2_1m/metrics.jsonl
Writing metrics: /data2/liguoqi/habmm/hab_z/btwm/runs/dreamerv3_atari_pong_seed0_v2_1m/scores.jsonl

--------------------[Agent Step 1_233_640]--------------------
Metrics filtered by: 'score|length|fps|ratio|train/loss/|train/acc/|train/inv/|train/rand/'
train/acc/inv 0.12 / train/inv/ce 2.09 / train/inv/objective 1.17 / train/inv/valid_frac 1 / train/inv/weight 0 / train/loss/con 0.02 / train/loss/dyn 1.12 / train/loss/image 0.07 / train/loss/inv 0 / train/loss/policy 2.4e-4 / train/loss/rep 1.12 / train/loss/repval 1.37 / train/loss/rew 9.1e-3 / train/loss/value 1.11 / train/rand/action 0.04 / replay/replay_ratio 264 / fps/policy 7.7 / fps/train 1971.36

Writing metrics: /data2/liguoqi/habmm/hab_z/btwm/runs/dreamerv3_atari_pong_seed0_v2_1m/scores.jsonl
Writing metrics: /data2/liguoqi/habmm/hab_z/btwm/runs/dreamerv3_atari_pong_seed0_v2_1m/metrics.jsonl

--------------------[Agent Step 1_237_360]--------------------
Metrics filtered by: 'score|length|fps|ratio|train/loss/|train/acc/|train/inv/|train/rand/'
episode/score 12 / episode/length 2066 / train/acc/inv 0.11 / train/inv/ce 2.09 / train/inv/objective 1.17 / train/inv/valid_frac 1 / train/inv/weight 0 / train/loss/con 0.02 / train/loss/dyn 1.11 / train/loss/image 0.06 / train/loss/inv 0 / train/loss/policy 1.9e-4 / train/loss/rep 1.11 / train/loss/repval 1.41 / train/loss/rew 8.7e-3 / train/loss/value 1.14 / train/rand/action 0.04 / replay/replay_ratio 264 / fps/policy 7.71 / fps/train 1972.7

Writing metrics: /data2/liguoqi/habmm/hab_z/btwm/runs/dreamerv3_atari_pong_seed0_v2_1m/scores.jsonl
Writing metrics: /data2/liguoqi/habmm/hab_z/btwm/runs/dreamerv3_atari_pong_seed0_v2_1m/metrics.jsonl

--------------------[Agent Step 1_241_080]--------------------
Metrics filtered by: 'score|length|fps|ratio|train/loss/|train/acc/|train/inv/|train/rand/'
train/acc/inv 0.11 / train/inv/ce 2.11 / train/inv/objective 1.18 / train/inv/valid_frac 1 / train/inv/weight 0 / train/loss/con 0.02 / train/loss/dyn 1.12 / train/loss/image 0.06 / train/loss/inv 0 / train/loss/policy 2.6e-4 / train/loss/rep 1.12 / train/loss/repval 1.36 / train/loss/rew 9.1e-3 / train/loss/value 1.11 / train/rand/action 0.04 / replay/replay_ratio 264 / fps/policy 7.72 / fps/train 1976.92

Writing metrics: /data2/liguoqi/habmm/hab_z/btwm/runs/dreamerv3_atari_pong_seed0_v2_1m/metrics.jsonl
Writing metrics: /data2/liguoqi/habmm/hab_z/btwm/runs/dreamerv3_atari_pong_seed0_v2_1m/scores.jsonl

--------------------[Agent Step 1_244_800]--------------------
Metrics filtered by: 'score|length|fps|ratio|train/loss/|train/acc/|train/inv/|train/rand/'
train/acc/inv 0.11 / train/inv/ce 2.11 / train/inv/objective 1.18 / train/inv/valid_frac 1 / train/inv/weight 0 / train/loss/con 0.02 / train/loss/dyn 1.11 / train/loss/image 0.06 / train/loss/inv 0 / train/loss/policy 2.4e-4 / train/loss/rep 1.11 / train/loss/repval 1.37 / train/loss/rew 9e-3 / train/loss/value 1.12 / train/rand/action 0.04 / replay/replay_ratio 264 / fps/policy 7.71 / fps/train 1973.31

Writing metrics: /data2/liguoqi/habmm/hab_z/btwm/runs/dreamerv3_atari_pong_seed0_v2_1m/scores.jsonl
Writing metrics: /data2/liguoqi/habmm/hab_z/btwm/runs/dreamerv3_atari_pong_seed0_v2_1m/metrics.jsonl

--------------------[Agent Step 1_248_520]--------------------
Metrics filtered by: 'score|length|fps|ratio|train/loss/|train/acc/|train/inv/|train/rand/'
train/acc/inv 0.11 / train/inv/ce 2.11 / train/inv/objective 1.18 / train/inv/valid_frac 1 / train/inv/weight 0 / train/loss/con 0.02 / train/loss/dyn 1.13 / train/loss/image 0.06 / train/loss/inv 0 / train/loss/policy 1.5e-4 / train/loss/rep 1.13 / train/loss/repval 1.41 / train/loss/rew 8.9e-3 / train/loss/value 1.13 / train/rand/action 0.04 / replay/replay_ratio 264 / fps/policy 7.72 / fps/train 1975.17

Writing metrics: /data2/liguoqi/habmm/hab_z/btwm/runs/dreamerv3_atari_pong_seed0_v2_1m/scores.jsonl
Writing metrics: /data2/liguoqi/habmm/hab_z/btwm/runs/dreamerv3_atari_pong_seed0_v2_1m/metrics.jsonl

--------------------[Agent Step 1_252_240]--------------------
Metrics filtered by: 'score|length|fps|ratio|train/loss/|train/acc/|train/inv/|train/rand/'
episode/score 1 / episode/length 3655 / train/acc/inv 0.11 / train/inv/ce 2.11 / train/inv/objective 1.18 / train/inv/valid_frac 1 / train/inv/weight 0 / train/loss/con 0.02 / train/loss/dyn 1.13 / train/loss/image 0.06 / train/loss/inv 0 / train/loss/policy 1.3e-4 / train/loss/rep 1.13 / train/loss/repval 1.43 / train/loss/rew 8.9e-3 / train/loss/value 1.15 / train/rand/action 0.04 / replay/replay_ratio 264 / fps/policy 7.67 / fps/train 1964.55

Writing metrics: /data2/liguoqi/habmm/hab_z/btwm/runs/dreamerv3_atari_pong_seed0_v2_1m/metrics.jsonl
Writing metrics: /data2/liguoqi/habmm/hab_z/btwm/runs/dreamerv3_atari_pong_seed0_v2_1m/scores.jsonl

--------------------[Agent Step 1_255_920]--------------------
Metrics filtered by: 'score|length|fps|ratio|train/loss/|train/acc/|train/inv/|train/rand/'
train/acc/inv 0.12 / train/inv/ce 2.1 / train/inv/objective 1.17 / train/inv/valid_frac 1 / train/inv/weight 0 / train/loss/con 0.02 / train/loss/dyn 1.11 / train/loss/image 0.06 / train/loss/inv 0 / train/loss/policy 2.4e-4 / train/loss/rep 1.11 / train/loss/repval 1.45 / train/loss/rew 9e-3 / train/loss/value 1.17 / train/rand/action 0.04 / replay/replay_ratio 264 / fps/policy 7.67 / fps/train 1962.41

Writing metrics: /data2/liguoqi/habmm/hab_z/btwm/runs/dreamerv3_atari_pong_seed0_v2_1m/metrics.jsonl
Writing metrics: /data2/liguoqi/habmm/hab_z/btwm/runs/dreamerv3_atari_pong_seed0_v2_1m/scores.jsonl

--------------------[Agent Step 1_259_640]--------------------
Metrics filtered by: 'score|length|fps|ratio|train/loss/|train/acc/|train/inv/|train/rand/'
train/acc/inv 0.11 / train/inv/ce 2.11 / train/inv/objective 1.18 / train/inv/valid_frac 1 / train/inv/weight 0 / train/loss/con 0.02 / train/loss/dyn 1.11 / train/loss/image 0.06 / train/loss/inv 0 / train/loss/policy 2.4e-4 / train/loss/rep 1.11 / train/loss/repval 1.42 / train/loss/rew 8.8e-3 / train/loss/value 1.15 / train/rand/action 0.04 / replay/replay_ratio 264 / fps/policy 7.71 / fps/train 1974.31

Writing metrics: /data2/liguoqi/habmm/hab_z/btwm/runs/dreamerv3_atari_pong_seed0_v2_1m/scores.jsonl
Writing metrics: /data2/liguoqi/habmm/hab_z/btwm/runs/dreamerv3_atari_pong_seed0_v2_1m/metrics.jsonl

--------------------[Agent Step 1_263_360]--------------------
Metrics filtered by: 'score|length|fps|ratio|train/loss/|train/acc/|train/inv/|train/rand/'
train/acc/inv 0.11 / train/inv/ce 2.12 / train/inv/objective 1.18 / train/inv/valid_frac 1 / train/inv/weight 0 / train/loss/con 0.02 / train/loss/dyn 1.12 / train/loss/image 0.06 / train/loss/inv 0 / train/loss/policy 2.3e-4 / train/loss/rep 1.12 / train/loss/repval 1.38 / train/loss/rew 9e-3 / train/loss/value 1.12 / train/rand/action 0.04 / replay/replay_ratio 264 / fps/policy 7.72 / fps/train 1977.47

Writing metrics: /data2/liguoqi/habmm/hab_z/btwm/runs/dreamerv3_atari_pong_seed0_v2_1m/metrics.jsonl
Writing metrics: /data2/liguoqi/habmm/hab_z/btwm/runs/dreamerv3_atari_pong_seed0_v2_1m/scores.jsonl

--------------------[Agent Step 1_267_040]--------------------
Metrics filtered by: 'score|length|fps|ratio|train/loss/|train/acc/|train/inv/|train/rand/'
episode/score -1 / episode/length 3317 / train/acc/inv 0.11 / train/inv/ce 2.11 / train/inv/objective 1.18 / train/inv/valid_frac 1 / train/inv/weight 0 / train/loss/con 0.02 / train/loss/dyn 1.11 / train/loss/image 0.06 / train/loss/inv 0 / train/loss/policy 2.8e-4 / train/loss/rep 1.11 / train/loss/repval 1.38 / train/loss/rew 8.8e-3 / train/loss/value 1.12 / train/rand/action 0.04 / replay/replay_ratio 264 / fps/policy 7.62 / fps/train 1949.79

Writing metrics: /data2/liguoqi/habmm/hab_z/btwm/runs/dreamerv3_atari_pong_seed0_v2_1m/scores.jsonl
Writing metrics: /data2/liguoqi/habmm/hab_z/btwm/runs/dreamerv3_atari_pong_seed0_v2_1m/metrics.jsonl

--------------------[Agent Step 1_270_760]--------------------
Metrics filtered by: 'score|length|fps|ratio|train/loss/|train/acc/|train/inv/|train/rand/'
train/acc/inv 0.11 / train/inv/ce 2.11 / train/inv/objective 1.18 / train/inv/valid_frac 1 / train/inv/weight 0 / train/loss/con 0.02 / train/loss/dyn 1.12 / train/loss/image 0.06 / train/loss/inv 0 / train/loss/policy 1.4e-4 / train/loss/rep 1.12 / train/loss/repval 1.39 / train/loss/rew 8.9e-3 / train/loss/value 1.12 / train/rand/action 0.04 / replay/replay_ratio 264 / fps/policy 7.71 / fps/train 1972.57

Writing metrics: /data2/liguoqi/habmm/hab_z/btwm/runs/dreamerv3_atari_pong_seed0_v2_1m/scores.jsonl
Writing metrics: /data2/liguoqi/habmm/hab_z/btwm/runs/dreamerv3_atari_pong_seed0_v2_1m/metrics.jsonl

--------------------[Agent Step 1_274_360]--------------------
Metrics filtered by: 'score|length|fps|ratio|train/loss/|train/acc/|train/inv/|train/rand/'
train/acc/inv 0.12 / train/inv/ce 2.11 / train/inv/objective 1.18 / train/inv/valid_frac 1 / train/inv/weight 0 / train/loss/con 0.02 / train/loss/dyn 1.11 / train/loss/image 0.06 / train/loss/inv 0 / train/loss/policy 2.9e-4 / train/loss/rep 1.11 / train/loss/repval 1.39 / train/loss/rew 8.9e-3 / train/loss/value 1.13 / train/rand/action 0.04 / replay/replay_ratio 264 / fps/policy 7.45 / fps/train 1907.22

Writing metrics: /data2/liguoqi/habmm/hab_z/btwm/runs/dreamerv3_atari_pong_seed0_v2_1m/metrics.jsonl
Writing metrics: /data2/liguoqi/habmm/hab_z/btwm/runs/dreamerv3_atari_pong_seed0_v2_1m/scores.jsonl

--------------------[Agent Step 1_278_080]--------------------
Metrics filtered by: 'score|length|fps|ratio|train/loss/|train/acc/|train/inv/|train/rand/'
episode/score 11 / episode/length 2460 / train/acc/inv 0.11 / train/inv/ce 2.11 / train/inv/objective 1.18 / train/inv/valid_frac 1 / train/inv/weight 0 / train/loss/con 0.02 / train/loss/dyn 1.13 / train/loss/image 0.06 / train/loss/inv 0 / train/loss/policy 1.9e-4 / train/loss/rep 1.13 / train/loss/repval 1.41 / train/loss/rew 8.8e-3 / train/loss/value 1.14 / train/rand/action 0.04 / replay/replay_ratio 264 / fps/policy 7.65 / fps/train 1959.58

Writing metrics: /data2/liguoqi/habmm/hab_z/btwm/runs/dreamerv3_atari_pong_seed0_v2_1m/scores.jsonl
Writing metrics: /data2/liguoqi/habmm/hab_z/btwm/runs/dreamerv3_atari_pong_seed0_v2_1m/metrics.jsonl

--------------------[Agent Step 1_281_800]--------------------
Metrics filtered by: 'score|length|fps|ratio|train/loss/|train/acc/|train/inv/|train/rand/'
train/acc/inv 0.11 / train/inv/ce 2.12 / train/inv/objective 1.18 / train/inv/valid_frac 1 / train/inv/weight 0 / train/loss/con 0.02 / train/loss/dyn 1.11 / train/loss/image 0.06 / train/loss/inv 0 / train/loss/policy 2.6e-4 / train/loss/rep 1.11 / train/loss/repval 1.38 / train/loss/rew 9.1e-3 / train/loss/value 1.13 / train/rand/action 0.04 / replay/replay_ratio 264 / fps/policy 7.71 / fps/train 1973.18

Writing metrics: /data2/liguoqi/habmm/hab_z/btwm/runs/dreamerv3_atari_pong_seed0_v2_1m/metrics.jsonl
Writing metrics: /data2/liguoqi/habmm/hab_z/btwm/runs/dreamerv3_atari_pong_seed0_v2_1m/scores.jsonl

--------------------[Agent Step 1_285_520]--------------------
Metrics filtered by: 'score|length|fps|ratio|train/loss/|train/acc/|train/inv/|train/rand/'
train/acc/inv 0.11 / train/inv/ce 2.1 / train/inv/objective 1.17 / train/inv/valid_frac 1 / train/inv/weight 0 / train/loss/con 0.02 / train/loss/dyn 1.13 / train/loss/image 0.07 / train/loss/inv 0 / train/loss/policy 1.2e-4 / train/loss/rep 1.13 / train/loss/repval 1.42 / train/loss/rew 8.8e-3 / train/loss/value 1.14 / train/rand/action 0.04 / replay/replay_ratio 264 / fps/policy 7.68 / fps/train 1966.59

Writing metrics: /data2/liguoqi/habmm/hab_z/btwm/runs/dreamerv3_atari_pong_seed0_v2_1m/metrics.jsonl
Writing metrics: /data2/liguoqi/habmm/hab_z/btwm/runs/dreamerv3_atari_pong_seed0_v2_1m/scores.jsonl

--------------------[Agent Step 1_289_160]--------------------
Metrics filtered by: 'score|length|fps|ratio|train/loss/|train/acc/|train/inv/|train/rand/'
episode/score 4 / episode/length 3131 / train/acc/inv 0.11 / train/inv/ce 2.11 / train/inv/objective 1.18 / train/inv/valid_frac 1 / train/inv/weight 0 / train/loss/con 0.02 / train/loss/dyn 1.11 / train/loss/image 0.06 / train/loss/inv 0 / train/loss/policy 2.5e-4 / train/loss/rep 1.11 / train/loss/repval 1.39 / train/loss/rew 9e-3 / train/loss/value 1.14 / train/rand/action 0.04 / replay/replay_ratio 264 / fps/policy 7.53 / fps/train 1928.89

Writing metrics: /data2/liguoqi/habmm/hab_z/btwm/runs/dreamerv3_atari_pong_seed0_v2_1m/scores.jsonl
Writing metrics: /data2/liguoqi/habmm/hab_z/btwm/runs/dreamerv3_atari_pong_seed0_v2_1m/metrics.jsonl

--------------------[Agent Step 1_292_880]--------------------
Metrics filtered by: 'score|length|fps|ratio|train/loss/|train/acc/|train/inv/|train/rand/'
train/acc/inv 0.11 / train/inv/ce 2.11 / train/inv/objective 1.18 / train/inv/valid_frac 1 / train/inv/weight 0 / train/loss/con 0.02 / train/loss/dyn 1.11 / train/loss/image 0.06 / train/loss/inv 0 / train/loss/policy 2.5e-4 / train/loss/rep 1.11 / train/loss/repval 1.39 / train/loss/rew 8.8e-3 / train/loss/value 1.13 / train/rand/action 0.04 / replay/replay_ratio 264 / fps/policy 7.68 / fps/train 1967.15

Writing metrics: /data2/liguoqi/habmm/hab_z/btwm/runs/dreamerv3_atari_pong_seed0_v2_1m/scores.jsonl
Writing metrics: /data2/liguoqi/habmm/hab_z/btwm/runs/dreamerv3_atari_pong_seed0_v2_1m/metrics.jsonl

--------------------[Agent Step 1_296_600]--------------------
Metrics filtered by: 'score|length|fps|ratio|train/loss/|train/acc/|train/inv/|train/rand/'
train/acc/inv 0.11 / train/inv/ce 2.11 / train/inv/objective 1.18 / train/inv/valid_frac 1 / train/inv/weight 0 / train/loss/con 0.02 / train/loss/dyn 1.13 / train/loss/image 0.06 / train/loss/inv 0 / train/loss/policy 2.4e-4 / train/loss/rep 1.13 / train/loss/repval 1.38 / train/loss/rew 9e-3 / train/loss/value 1.12 / train/rand/action 0.04 / replay/replay_ratio 264 / fps/policy 7.71 / fps/train 1972.49

Writing metrics: /data2/liguoqi/habmm/hab_z/btwm/runs/dreamerv3_atari_pong_seed0_v2_1m/scores.jsonl
Writing metrics: /data2/liguoqi/habmm/hab_z/btwm/runs/dreamerv3_atari_pong_seed0_v2_1m/metrics.jsonl

--------------------[Agent Step 1_300_320]--------------------
Metrics filtered by: 'score|length|fps|ratio|train/loss/|train/acc/|train/inv/|train/rand/'
episode/score 4 / episode/length 2962 / train/acc/inv 0.11 / train/inv/ce 2.12 / train/inv/objective 1.18 / train/inv/valid_frac 1 / train/inv/weight 0 / train/loss/con 0.02 / train/loss/dyn 1.11 / train/loss/image 0.06 / train/loss/inv 0 / train/loss/policy 2.1e-4 / train/loss/rep 1.11 / train/loss/repval 1.36 / train/loss/rew 8.7e-3 / train/loss/value 1.13 / train/rand/action 0.04 / replay/replay_ratio 264 / fps/policy 7.7 / fps/train 1970.15

Writing metrics: /data2/liguoqi/habmm/hab_z/btwm/runs/dreamerv3_atari_pong_seed0_v2_1m/scores.jsonl
Writing metrics: /data2/liguoqi/habmm/hab_z/btwm/runs/dreamerv3_atari_pong_seed0_v2_1m/metrics.jsonl

--------------------[Agent Step 1_304_040]--------------------
Metrics filtered by: 'score|length|fps|ratio|train/loss/|train/acc/|train/inv/|train/rand/'
train/acc/inv 0.11 / train/inv/ce 2.11 / train/inv/objective 1.18 / train/inv/valid_frac 1 / train/inv/weight 0 / train/loss/con 0.02 / train/loss/dyn 1.12 / train/loss/image 0.06 / train/loss/inv 0 / train/loss/policy 6e-5 / train/loss/rep 1.12 / train/loss/repval 1.37 / train/loss/rew 8.6e-3 / train/loss/value 1.12 / train/rand/action 0.04 / replay/replay_ratio 264 / fps/policy 7.69 / fps/train 1969.35

Writing metrics: /data2/liguoqi/habmm/hab_z/btwm/runs/dreamerv3_atari_pong_seed0_v2_1m/metrics.jsonl
Writing metrics: /data2/liguoqi/habmm/hab_z/btwm/runs/dreamerv3_atari_pong_seed0_v2_1m/scores.jsonl
Saving checkpoint: /data2/liguoqi/habmm/hab_z/btwm/runs/dreamerv3_atari_pong_seed0_v2_1m/ckpt/20260614T063951F444710
Saved checkpoint.

--------------------[Agent Step 1_306_800]--------------------
Metrics filtered by: 'score|length|fps|ratio|train/loss/|train/acc/|train/inv/|train/rand/'
train/acc/inv 0.11 / train/inv/ce 2.11 / train/inv/objective 1.18 / train/inv/valid_frac 1 / train/inv/weight 0 / train/loss/con 0.02 / train/loss/dyn 1.11 / train/loss/image 0.06 / train/loss/inv 0 / train/loss/policy 3e-4 / train/loss/rep 1.11 / train/loss/repval 1.38 / train/loss/rew 9.2e-3 / train/loss/value 1.15 / train/rand/action 0.04 / replay/replay_ratio 264 / fps/policy 5.7 / fps/train 1460.32

Writing metrics: /data2/liguoqi/habmm/hab_z/btwm/runs/dreamerv3_atari_pong_seed0_v2_1m/metrics.jsonl
Writing metrics: /data2/liguoqi/habmm/hab_z/btwm/runs/dreamerv3_atari_pong_seed0_v2_1m/scores.jsonl

--------------------[Agent Step 1_310_480]--------------------
Metrics filtered by: 'score|length|fps|ratio|train/loss/|train/acc/|train/inv/|train/rand/'
episode/score 15 / episode/length 2061 / train/acc/inv 0.11 / train/inv/ce 2.12 / train/inv/objective 1.18 / train/inv/valid_frac 1 / train/inv/weight 0 / train/loss/con 0.02 / train/loss/dyn 1.11 / train/loss/image 0.06 / train/loss/inv 0 / train/loss/policy 1.7e-4 / train/loss/rep 1.11 / train/loss/repval 1.37 / train/loss/rew 8.8e-3 / train/loss/value 1.12 / train/rand/action 0.04 / replay/replay_ratio 264 / fps/policy 7.63 / fps/train 1952.74

Writing metrics: /data2/liguoqi/habmm/hab_z/btwm/runs/dreamerv3_atari_pong_seed0_v2_1m/scores.jsonl
Writing metrics: /data2/liguoqi/habmm/hab_z/btwm/runs/dreamerv3_atari_pong_seed0_v2_1m/metrics.jsonl

--------------------[Agent Step 1_314_200]--------------------
Metrics filtered by: 'score|length|fps|ratio|train/loss/|train/acc/|train/inv/|train/rand/'
train/acc/inv 0.11 / train/inv/ce 2.11 / train/inv/objective 1.18 / train/inv/valid_frac 1 / train/inv/weight 0 / train/loss/con 0.02 / train/loss/dyn 1.14 / train/loss/image 0.07 / train/loss/inv 0 / train/loss/policy 1.5e-4 / train/loss/rep 1.14 / train/loss/repval 1.45 / train/loss/rew 9.1e-3 / train/loss/value 1.16 / train/rand/action 0.04 / replay/replay_ratio 264 / fps/policy 7.68 / fps/train 1965.97

Writing metrics: /data2/liguoqi/habmm/hab_z/btwm/runs/dreamerv3_atari_pong_seed0_v2_1m/metrics.jsonl
Writing metrics: /data2/liguoqi/habmm/hab_z/btwm/runs/dreamerv3_atari_pong_seed0_v2_1m/scores.jsonl

--------------------[Agent Step 1_317_800]--------------------
Metrics filtered by: 'score|length|fps|ratio|train/loss/|train/acc/|train/inv/|train/rand/'
train/acc/inv 0.1 / train/inv/ce 2.12 / train/inv/objective 1.18 / train/inv/valid_frac 1 / train/inv/weight 0 / train/loss/con 0.02 / train/loss/dyn 1.11 / train/loss/image 0.06 / train/loss/inv 0 / train/loss/policy 2.3e-4 / train/loss/rep 1.11 / train/loss/repval 1.39 / train/loss/rew 8.7e-3 / train/loss/value 1.14 / train/rand/action 0.04 / replay/replay_ratio 264 / fps/policy 7.47 / fps/train 1912.66

Writing metrics: /data2/liguoqi/habmm/hab_z/btwm/runs/dreamerv3_atari_pong_seed0_v2_1m/scores.jsonl
Writing metrics: /data2/liguoqi/habmm/hab_z/btwm/runs/dreamerv3_atari_pong_seed0_v2_1m/metrics.jsonl

--------------------[Agent Step 1_321_480]--------------------
Metrics filtered by: 'score|length|fps|ratio|train/loss/|train/acc/|train/inv/|train/rand/'
episode/score 5 / episode/length 3131 / train/acc/inv 0.11 / train/inv/ce 2.12 / train/inv/objective 1.18 / train/inv/valid_frac 1 / train/inv/weight 0 / train/loss/con 0.02 / train/loss/dyn 1.11 / train/loss/image 0.06 / train/loss/inv 0 / train/loss/policy 2.5e-4 / train/loss/rep 1.11 / train/loss/repval 1.4 / train/loss/rew 9e-3 / train/loss/value 1.14 / train/rand/action 0.04 / replay/replay_ratio 264 / fps/policy 7.62 / fps/train 1949.74

Writing metrics: /data2/liguoqi/habmm/hab_z/btwm/runs/dreamerv3_atari_pong_seed0_v2_1m/scores.jsonl
Writing metrics: /data2/liguoqi/habmm/hab_z/btwm/runs/dreamerv3_atari_pong_seed0_v2_1m/metrics.jsonl

--------------------[Agent Step 1_325_160]--------------------
Metrics filtered by: 'score|length|fps|ratio|train/loss/|train/acc/|train/inv/|train/rand/'
train/acc/inv 0.1 / train/inv/ce 2.12 / train/inv/objective 1.18 / train/inv/valid_frac 1 / train/inv/weight 0 / train/loss/con 0.02 / train/loss/dyn 1.11 / train/loss/image 0.06 / train/loss/inv 0 / train/loss/policy 1.5e-4 / train/loss/rep 1.11 / train/loss/repval 1.41 / train/loss/rew 8.9e-3 / train/loss/value 1.14 / train/rand/action 0.04 / replay/replay_ratio 264 / fps/policy 7.7 / fps/train 1972.23

Writing metrics: /data2/liguoqi/habmm/hab_z/btwm/runs/dreamerv3_atari_pong_seed0_v2_1m/scores.jsonl
Writing metrics: /data2/liguoqi/habmm/hab_z/btwm/runs/dreamerv3_atari_pong_seed0_v2_1m/metrics.jsonl

--------------------[Agent Step 1_328_880]--------------------
Metrics filtered by: 'score|length|fps|ratio|train/loss/|train/acc/|train/inv/|train/rand/'
train/acc/inv 0.1 / train/inv/ce 2.12 / train/inv/objective 1.18 / train/inv/valid_frac 1 / train/inv/weight 0 / train/loss/con 0.02 / train/loss/dyn 1.1 / train/loss/image 0.06 / train/loss/inv 0 / train/loss/policy 2.6e-4 / train/loss/rep 1.1 / train/loss/repval 1.37 / train/loss/rew 8.7e-3 / train/loss/value 1.13 / train/rand/action 0.04 / replay/replay_ratio 264 / fps/policy 7.73 / fps/train 1980.15

Writing metrics: /data2/liguoqi/habmm/hab_z/btwm/runs/dreamerv3_atari_pong_seed0_v2_1m/metrics.jsonl
Writing metrics: /data2/liguoqi/habmm/hab_z/btwm/runs/dreamerv3_atari_pong_seed0_v2_1m/scores.jsonl

--------------------[Agent Step 1_332_600]--------------------
Metrics filtered by: 'score|length|fps|ratio|train/loss/|train/acc/|train/inv/|train/rand/'
episode/score 9 / episode/length 2692 / train/acc/inv 0.11 / train/inv/ce 2.1 / train/inv/objective 1.17 / train/inv/valid_frac 1 / train/inv/weight 0 / train/loss/con 0.02 / train/loss/dyn 1.12 / train/loss/image 0.06 / train/loss/inv 0 / train/loss/policy 1.4e-4 / train/loss/rep 1.12 / train/loss/repval 1.39 / train/loss/rew 8.7e-3 / train/loss/value 1.13 / train/rand/action 0.04 / replay/replay_ratio 264 / fps/policy 7.56 / fps/train 1934.96

Writing metrics: /data2/liguoqi/habmm/hab_z/btwm/runs/dreamerv3_atari_pong_seed0_v2_1m/scores.jsonl
Writing metrics: /data2/liguoqi/habmm/hab_z/btwm/runs/dreamerv3_atari_pong_seed0_v2_1m/metrics.jsonl

--------------------[Agent Step 1_336_280]--------------------
Metrics filtered by: 'score|length|fps|ratio|train/loss/|train/acc/|train/inv/|train/rand/'
train/acc/inv 0.11 / train/inv/ce 2.12 / train/inv/objective 1.18 / train/inv/valid_frac 1 / train/inv/weight 0 / train/loss/con 0.02 / train/loss/dyn 1.12 / train/loss/image 0.06 / train/loss/inv 0 / train/loss/policy 2.6e-4 / train/loss/rep 1.12 / train/loss/repval 1.4 / train/loss/rew 9.1e-3 / train/loss/value 1.14 / train/rand/action 0.04 / replay/replay_ratio 264 / fps/policy 7.71 / fps/train 1973.98

Writing metrics: /data2/liguoqi/habmm/hab_z/btwm/runs/dreamerv3_atari_pong_seed0_v2_1m/metrics.jsonl
Writing metrics: /data2/liguoqi/habmm/hab_z/btwm/runs/dreamerv3_atari_pong_seed0_v2_1m/scores.jsonl

--------------------[Agent Step 1_339_960]--------------------
Metrics filtered by: 'score|length|fps|ratio|train/loss/|train/acc/|train/inv/|train/rand/'
episode/score 12 / episode/length 2059 / train/acc/inv 0.1 / train/inv/ce 2.12 / train/inv/objective 1.19 / train/inv/valid_frac 1 / train/inv/weight 0 / train/loss/con 0.02 / train/loss/dyn 1.11 / train/loss/image 0.06 / train/loss/inv 0 / train/loss/policy 2.2e-4 / train/loss/rep 1.11 / train/loss/repval 1.37 / train/loss/rew 9.1e-3 / train/loss/value 1.12 / train/rand/action 0.04 / replay/replay_ratio 264 / fps/policy 7.63 / fps/train 1952.41

Writing metrics: /data2/liguoqi/habmm/hab_z/btwm/runs/dreamerv3_atari_pong_seed0_v2_1m/metrics.jsonl
Writing metrics: /data2/liguoqi/habmm/hab_z/btwm/runs/dreamerv3_atari_pong_seed0_v2_1m/scores.jsonl

--------------------[Agent Step 1_343_640]--------------------
Metrics filtered by: 'score|length|fps|ratio|train/loss/|train/acc/|train/inv/|train/rand/'
train/acc/inv 0.11 / train/inv/ce 2.11 / train/inv/objective 1.18 / train/inv/valid_frac 1 / train/inv/weight 0 / train/loss/con 0.02 / train/loss/dyn 1.12 / train/loss/image 0.06 / train/loss/inv 0 / train/loss/policy 1.8e-4 / train/loss/rep 1.12 / train/loss/repval 1.41 / train/loss/rew 9e-3 / train/loss/value 1.15 / train/rand/action 0.04 / replay/replay_ratio 264 / fps/policy 7.66 / fps/train 1960.76

Writing metrics: /data2/liguoqi/habmm/hab_z/btwm/runs/dreamerv3_atari_pong_seed0_v2_1m/metrics.jsonl
Writing metrics: /data2/liguoqi/habmm/hab_z/btwm/runs/dreamerv3_atari_pong_seed0_v2_1m/scores.jsonl

--------------------[Agent Step 1_347_360]--------------------
Metrics filtered by: 'score|length|fps|ratio|train/loss/|train/acc/|train/inv/|train/rand/'
train/acc/inv 0.11 / train/inv/ce 2.11 / train/inv/objective 1.18 / train/inv/valid_frac 1 / train/inv/weight 0 / train/loss/con 0.02 / train/loss/dyn 1.11 / train/loss/image 0.06 / train/loss/inv 0 / train/loss/policy 1.3e-4 / train/loss/rep 1.11 / train/loss/repval 1.43 / train/loss/rew 9e-3 / train/loss/value 1.16 / train/rand/action 0.04 / replay/replay_ratio 264 / fps/policy 7.71 / fps/train 1973.04

Writing metrics: /data2/liguoqi/habmm/hab_z/btwm/runs/dreamerv3_atari_pong_seed0_v2_1m/scores.jsonl
Writing metrics: /data2/liguoqi/habmm/hab_z/btwm/runs/dreamerv3_atari_pong_seed0_v2_1m/metrics.jsonl

--------------------[Agent Step 1_351_080]--------------------
Metrics filtered by: 'score|length|fps|ratio|train/loss/|train/acc/|train/inv/|train/rand/'
train/acc/inv 0.11 / train/inv/ce 2.12 / train/inv/objective 1.18 / train/inv/valid_frac 1 / train/inv/weight 0 / train/loss/con 0.02 / train/loss/dyn 1.12 / train/loss/image 0.06 / train/loss/inv 0 / train/loss/policy 9e-5 / train/loss/rep 1.12 / train/loss/repval 1.5 / train/loss/rew 8.8e-3 / train/loss/value 1.19 / train/rand/action 0.04 / replay/replay_ratio 264 / fps/policy 7.69 / fps/train 1968.48

Writing metrics: /data2/liguoqi/habmm/hab_z/btwm/runs/dreamerv3_atari_pong_seed0_v2_1m/metrics.jsonl
Writing metrics: /data2/liguoqi/habmm/hab_z/btwm/runs/dreamerv3_atari_pong_seed0_v2_1m/scores.jsonl

--------------------[Agent Step 1_354_800]--------------------
Metrics filtered by: 'score|length|fps|ratio|train/loss/|train/acc/|train/inv/|train/rand/'
episode/score 3 / episode/length 3117 / train/acc/inv 0.11 / train/inv/ce 2.11 / train/inv/objective 1.18 / train/inv/valid_frac 1 / train/inv/weight 0 / train/loss/con 0.02 / train/loss/dyn 1.11 / train/loss/image 0.06 / train/loss/inv 0 / train/loss/policy 3.6e-4 / train/loss/rep 1.11 / train/loss/repval 1.39 / train/loss/rew 9.1e-3 / train/loss/value 1.14 / train/rand/action 0.04 / replay/replay_ratio 264 / fps/policy 7.69 / fps/train 1967.37

Writing metrics: /data2/liguoqi/habmm/hab_z/btwm/runs/dreamerv3_atari_pong_seed0_v2_1m/metrics.jsonl
Writing metrics: /data2/liguoqi/habmm/hab_z/btwm/runs/dreamerv3_atari_pong_seed0_v2_1m/scores.jsonl

--------------------[Agent Step 1_358_480]--------------------
Metrics filtered by: 'score|length|fps|ratio|train/loss/|train/acc/|train/inv/|train/rand/'
train/acc/inv 0.11 / train/inv/ce 2.11 / train/inv/objective 1.18 / train/inv/valid_frac 1 / train/inv/weight 0 / train/loss/con 0.02 / train/loss/dyn 1.12 / train/loss/image 0.06 / train/loss/inv 0 / train/loss/policy 2.9e-4 / train/loss/rep 1.12 / train/loss/repval 1.44 / train/loss/rew 9e-3 / train/loss/value 1.17 / train/rand/action 0.04 / replay/replay_ratio 264 / fps/policy 7.6 / fps/train 1944.59

Writing metrics: /data2/liguoqi/habmm/hab_z/btwm/runs/dreamerv3_atari_pong_seed0_v2_1m/metrics.jsonl
Writing metrics: /data2/liguoqi/habmm/hab_z/btwm/runs/dreamerv3_atari_pong_seed0_v2_1m/scores.jsonl

--------------------[Agent Step 1_362_200]--------------------
Metrics filtered by: 'score|length|fps|ratio|train/loss/|train/acc/|train/inv/|train/rand/'
episode/score 13 / episode/length 2505 / train/acc/inv 0.11 / train/inv/ce 2.11 / train/inv/objective 1.18 / train/inv/valid_frac 1 / train/inv/weight 0 / train/loss/con 0.02 / train/loss/dyn 1.11 / train/loss/image 0.06 / train/loss/inv 0 / train/loss/policy 9.7e-5 / train/loss/rep 1.11 / train/loss/repval 1.56 / train/loss/rew 8.8e-3 / train/loss/value 1.23 / train/rand/action 0.04 / replay/replay_ratio 264 / fps/policy 7.69 / fps/train 1968.22

Writing metrics: /data2/liguoqi/habmm/hab_z/btwm/runs/dreamerv3_atari_pong_seed0_v2_1m/metrics.jsonl
Writing metrics: /data2/liguoqi/habmm/hab_z/btwm/runs/dreamerv3_atari_pong_seed0_v2_1m/scores.jsonl

--------------------[Agent Step 1_365_800]--------------------
Metrics filtered by: 'score|length|fps|ratio|train/loss/|train/acc/|train/inv/|train/rand/'
train/acc/inv 0.11 / train/inv/ce 2.11 / train/inv/objective 1.18 / train/inv/valid_frac 1 / train/inv/weight 0 / train/loss/con 0.02 / train/loss/dyn 1.12 / train/loss/image 0.06 / train/loss/inv 0 / train/loss/policy 2.2e-4 / train/loss/rep 1.12 / train/loss/repval 1.42 / train/loss/rew 8.9e-3 / train/loss/value 1.15 / train/rand/action 0.04 / replay/replay_ratio 264 / fps/policy 7.47 / fps/train 1912.07

Writing metrics: /data2/liguoqi/habmm/hab_z/btwm/runs/dreamerv3_atari_pong_seed0_v2_1m/metrics.jsonl
Writing metrics: /data2/liguoqi/habmm/hab_z/btwm/runs/dreamerv3_atari_pong_seed0_v2_1m/scores.jsonl

--------------------[Agent Step 1_369_520]--------------------
Metrics filtered by: 'score|length|fps|ratio|train/loss/|train/acc/|train/inv/|train/rand/'
train/acc/inv 0.11 / train/inv/ce 2.11 / train/inv/objective 1.18 / train/inv/valid_frac 1 / train/inv/weight 0 / train/loss/con 0.02 / train/loss/dyn 1.11 / train/loss/image 0.06 / train/loss/inv 0 / train/loss/policy 1.8e-4 / train/loss/rep 1.11 / train/loss/repval 1.44 / train/loss/rew 8.8e-3 / train/loss/value 1.16 / train/rand/action 0.04 / replay/replay_ratio 264 / fps/policy 7.68 / fps/train 1965.82

Writing metrics: /data2/liguoqi/habmm/hab_z/btwm/runs/dreamerv3_atari_pong_seed0_v2_1m/metrics.jsonl
Writing metrics: /data2/liguoqi/habmm/hab_z/btwm/runs/dreamerv3_atari_pong_seed0_v2_1m/scores.jsonl

--------------------[Agent Step 1_373_240]--------------------
Metrics filtered by: 'score|length|fps|ratio|train/loss/|train/acc/|train/inv/|train/rand/'
train/acc/inv 0.11 / train/inv/ce 2.1 / train/inv/objective 1.17 / train/inv/valid_frac 1 / train/inv/weight 0 / train/loss/con 0.02 / train/loss/dyn 1.12 / train/loss/image 0.06 / train/loss/inv 0 / train/loss/policy 2.6e-4 / train/loss/rep 1.12 / train/loss/repval 1.38 / train/loss/rew 8.8e-3 / train/loss/value 1.14 / train/rand/action 0.04 / replay/replay_ratio 264 / fps/policy 7.7 / fps/train 1971.96

Writing metrics: /data2/liguoqi/habmm/hab_z/btwm/runs/dreamerv3_atari_pong_seed0_v2_1m/metrics.jsonl
Writing metrics: /data2/liguoqi/habmm/hab_z/btwm/runs/dreamerv3_atari_pong_seed0_v2_1m/scores.jsonl

--------------------[Agent Step 1_376_960]--------------------
Metrics filtered by: 'score|length|fps|ratio|train/loss/|train/acc/|train/inv/|train/rand/'
episode/score 7 / episode/length 2904 / train/acc/inv 0.11 / train/inv/ce 2.11 / train/inv/objective 1.18 / train/inv/valid_frac 1 / train/inv/weight 0 / train/loss/con 0.02 / train/loss/dyn 1.12 / train/loss/image 0.06 / train/loss/inv 0 / train/loss/policy 1.9e-4 / train/loss/rep 1.12 / train/loss/repval 1.41 / train/loss/rew 9e-3 / train/loss/value 1.14 / train/rand/action 0.04 / replay/replay_ratio 264 / fps/policy 7.69 / fps/train 1968.16

Writing metrics: /data2/liguoqi/habmm/hab_z/btwm/runs/dreamerv3_atari_pong_seed0_v2_1m/metrics.jsonl
Writing metrics: /data2/liguoqi/habmm/hab_z/btwm/runs/dreamerv3_atari_pong_seed0_v2_1m/scores.jsonl

--------------------[Agent Step 1_380_640]--------------------
Metrics filtered by: 'score|length|fps|ratio|train/loss/|train/acc/|train/inv/|train/rand/'
train/acc/inv 0.11 / train/inv/ce 2.11 / train/inv/objective 1.18 / train/inv/valid_frac 1 / train/inv/weight 0 / train/loss/con 0.02 / train/loss/dyn 1.14 / train/loss/image 0.06 / train/loss/inv 0 / train/loss/policy 2.1e-4 / train/loss/rep 1.14 / train/loss/repval 1.4 / train/loss/rew 8.8e-3 / train/loss/value 1.14 / train/rand/action 0.04 / replay/replay_ratio 264 / fps/policy 7.65 / fps/train 1957.48

Writing metrics: /data2/liguoqi/habmm/hab_z/btwm/runs/dreamerv3_atari_pong_seed0_v2_1m/metrics.jsonl
Writing metrics: /data2/liguoqi/habmm/hab_z/btwm/runs/dreamerv3_atari_pong_seed0_v2_1m/scores.jsonl

--------------------[Agent Step 1_384_200]--------------------
Metrics filtered by: 'score|length|fps|ratio|train/loss/|train/acc/|train/inv/|train/rand/'
episode/score 13 / episode/length 2417 / train/acc/inv 0.12 / train/inv/ce 2.09 / train/inv/objective 1.17 / train/inv/valid_frac 1 / train/inv/weight 0 / train/loss/con 0.02 / train/loss/dyn 1.12 / train/loss/image 0.06 / train/loss/inv 0 / train/loss/policy 1.4e-4 / train/loss/rep 1.12 / train/loss/repval 1.4 / train/loss/rew 8.7e-3 / train/loss/value 1.14 / train/rand/action 0.04 / replay/replay_ratio 264 / fps/policy 7.41 / fps/train 1898.17

Writing metrics: /data2/liguoqi/habmm/hab_z/btwm/runs/dreamerv3_atari_pong_seed0_v2_1m/metrics.jsonl
Writing metrics: /data2/liguoqi/habmm/hab_z/btwm/runs/dreamerv3_atari_pong_seed0_v2_1m/scores.jsonl

--------------------[Agent Step 1_387_920]--------------------
Metrics filtered by: 'score|length|fps|ratio|train/loss/|train/acc/|train/inv/|train/rand/'
train/acc/inv 0.12 / train/inv/ce 2.08 / train/inv/objective 1.16 / train/inv/valid_frac 1 / train/inv/weight 0 / train/loss/con 0.02 / train/loss/dyn 1.11 / train/loss/image 0.06 / train/loss/inv 0 / train/loss/policy 1.5e-4 / train/loss/rep 1.11 / train/loss/repval 1.39 / train/loss/rew 8.8e-3 / train/loss/value 1.14 / train/rand/action 0.04 / replay/replay_ratio 264 / fps/policy 7.71 / fps/train 1972.71

Writing metrics: /data2/liguoqi/habmm/hab_z/btwm/runs/dreamerv3_atari_pong_seed0_v2_1m/scores.jsonl
Writing metrics: /data2/liguoqi/habmm/hab_z/btwm/runs/dreamerv3_atari_pong_seed0_v2_1m/metrics.jsonl

--------------------[Agent Step 1_391_640]--------------------
Metrics filtered by: 'score|length|fps|ratio|train/loss/|train/acc/|train/inv/|train/rand/'
train/acc/inv 0.12 / train/inv/ce 2.08 / train/inv/objective 1.16 / train/inv/valid_frac 1 / train/inv/weight 0 / train/loss/con 0.02 / train/loss/dyn 1.1 / train/loss/image 0.06 / train/loss/inv 0 / train/loss/policy 2.1e-4 / train/loss/rep 1.1 / train/loss/repval 1.41 / train/loss/rew 8.9e-3 / train/loss/value 1.14 / train/rand/action 0.04 / replay/replay_ratio 264 / fps/policy 7.7 / fps/train 1972.09

Writing metrics: /data2/liguoqi/habmm/hab_z/btwm/runs/dreamerv3_atari_pong_seed0_v2_1m/scores.jsonl
Writing metrics: /data2/liguoqi/habmm/hab_z/btwm/runs/dreamerv3_atari_pong_seed0_v2_1m/metrics.jsonl

--------------------[Agent Step 1_395_360]--------------------
Metrics filtered by: 'score|length|fps|ratio|train/loss/|train/acc/|train/inv/|train/rand/'
episode/score 16 / episode/length 2317 / train/acc/inv 0.12 / train/inv/ce 2.11 / train/inv/objective 1.17 / train/inv/valid_frac 1 / train/inv/weight 0 / train/loss/con 0.02 / train/loss/dyn 1.13 / train/loss/image 0.06 / train/loss/inv 0 / train/loss/policy 2.4e-4 / train/loss/rep 1.13 / train/loss/repval 1.38 / train/loss/rew 9e-3 / train/loss/value 1.13 / train/rand/action 0.04 / replay/replay_ratio 264 / fps/policy 7.68 / fps/train 1965.83

Writing metrics: /data2/liguoqi/habmm/hab_z/btwm/runs/dreamerv3_atari_pong_seed0_v2_1m/metrics.jsonl
Writing metrics: /data2/liguoqi/habmm/hab_z/btwm/runs/dreamerv3_atari_pong_seed0_v2_1m/scores.jsonl

--------------------[Agent Step 1_399_080]--------------------
Metrics filtered by: 'score|length|fps|ratio|train/loss/|train/acc/|train/inv/|train/rand/'
train/acc/inv 0.11 / train/inv/ce 2.12 / train/inv/objective 1.18 / train/inv/valid_frac 1 / train/inv/weight 0 / train/loss/con 0.02 / train/loss/dyn 1.11 / train/loss/image 0.06 / train/loss/inv 0 / train/loss/policy 1.7e-4 / train/loss/rep 1.11 / train/loss/repval 1.38 / train/loss/rew 8.7e-3 / train/loss/value 1.12 / train/rand/action 0.04 / replay/replay_ratio 264 / fps/policy 7.7 / fps/train 1970.29

Writing metrics: /data2/liguoqi/habmm/hab_z/btwm/runs/dreamerv3_atari_pong_seed0_v2_1m/scores.jsonl
Writing metrics: /data2/liguoqi/habmm/hab_z/btwm/runs/dreamerv3_atari_pong_seed0_v2_1m/metrics.jsonl

--------------------[Agent Step 1_402_800]--------------------
Metrics filtered by: 'score|length|fps|ratio|train/loss/|train/acc/|train/inv/|train/rand/'
episode/score 18 / episode/length 2081 / train/acc/inv 0.11 / train/inv/ce 2.11 / train/inv/objective 1.18 / train/inv/valid_frac 1 / train/inv/weight 0 / train/loss/con 0.02 / train/loss/dyn 1.1 / train/loss/image 0.06 / train/loss/inv 0 / train/loss/policy 2.9e-4 / train/loss/rep 1.1 / train/loss/repval 1.37 / train/loss/rew 8.7e-3 / train/loss/value 1.13 / train/rand/action 0.04 / replay/replay_ratio 264 / fps/policy 7.68 / fps/train 1966.92

Writing metrics: /data2/liguoqi/habmm/hab_z/btwm/runs/dreamerv3_atari_pong_seed0_v2_1m/scores.jsonl
Writing metrics: /data2/liguoqi/habmm/hab_z/btwm/runs/dreamerv3_atari_pong_seed0_v2_1m/metrics.jsonl

--------------------[Agent Step 1_406_520]--------------------
Metrics filtered by: 'score|length|fps|ratio|train/loss/|train/acc/|train/inv/|train/rand/'
train/acc/inv 0.11 / train/inv/ce 2.13 / train/inv/objective 1.19 / train/inv/valid_frac 1 / train/inv/weight 0 / train/loss/con 0.02 / train/loss/dyn 1.1 / train/loss/image 0.06 / train/loss/inv 0 / train/loss/policy 1e-4 / train/loss/rep 1.1 / train/loss/repval 1.41 / train/loss/rew 8.6e-3 / train/loss/value 1.15 / train/rand/action 0.04 / replay/replay_ratio 264 / fps/policy 7.67 / fps/train 1964.29

Writing metrics: /data2/liguoqi/habmm/hab_z/btwm/runs/dreamerv3_atari_pong_seed0_v2_1m/scores.jsonl
Writing metrics: /data2/liguoqi/habmm/hab_z/btwm/runs/dreamerv3_atari_pong_seed0_v2_1m/metrics.jsonl

--------------------[Agent Step 1_410_120]--------------------
Metrics filtered by: 'score|length|fps|ratio|train/loss/|train/acc/|train/inv/|train/rand/'
episode/score 12 / episode/length 2112 / train/acc/inv 0.11 / train/inv/ce 2.12 / train/inv/objective 1.18 / train/inv/valid_frac 1 / train/inv/weight 0 / train/loss/con 0.02 / train/loss/dyn 1.1 / train/loss/image 0.06 / train/loss/inv 0 / train/loss/policy 2.9e-4 / train/loss/rep 1.1 / train/loss/repval 1.36 / train/loss/rew 8.7e-3 / train/loss/value 1.12 / train/rand/action 0.04 / replay/replay_ratio 264 / fps/policy 7.43 / fps/train 1901.97

Writing metrics: /data2/liguoqi/habmm/hab_z/btwm/runs/dreamerv3_atari_pong_seed0_v2_1m/scores.jsonl
Writing metrics: /data2/liguoqi/habmm/hab_z/btwm/runs/dreamerv3_atari_pong_seed0_v2_1m/metrics.jsonl

--------------------[Agent Step 1_413_840]--------------------
Metrics filtered by: 'score|length|fps|ratio|train/loss/|train/acc/|train/inv/|train/rand/'
train/acc/inv 0.11 / train/inv/ce 2.12 / train/inv/objective 1.18 / train/inv/valid_frac 1 / train/inv/weight 0 / train/loss/con 0.02 / train/loss/dyn 1.11 / train/loss/image 0.06 / train/loss/inv 0 / train/loss/policy 2.1e-4 / train/loss/rep 1.11 / train/loss/repval 1.33 / train/loss/rew 8.8e-3 / train/loss/value 1.1 / train/rand/action 0.04 / replay/replay_ratio 264 / fps/policy 7.68 / fps/train 1966.23

Writing metrics: /data2/liguoqi/habmm/hab_z/btwm/runs/dreamerv3_atari_pong_seed0_v2_1m/metrics.jsonl
Writing metrics: /data2/liguoqi/habmm/hab_z/btwm/runs/dreamerv3_atari_pong_seed0_v2_1m/scores.jsonl
Saving checkpoint: /data2/liguoqi/habmm/hab_z/btwm/runs/dreamerv3_atari_pong_seed0_v2_1m/ckpt/20260614T073952F070713
Saved checkpoint.

--------------------[Agent Step 1_415_920]--------------------
Metrics filtered by: 'score|length|fps|ratio|train/loss/|train/acc/|train/inv/|train/rand/'
train/acc/inv 0.1 / train/inv/ce 2.13 / train/inv/objective 1.19 / train/inv/valid_frac 1 / train/inv/weight 0 / train/loss/con 0.02 / train/loss/dyn 1.1 / train/loss/image 0.06 / train/loss/inv 0 / train/loss/policy 1.6e-4 / train/loss/rep 1.1 / train/loss/repval 1.32 / train/loss/rew 8.6e-3 / train/loss/value 1.09 / train/rand/action 0.04 / replay/replay_ratio 264 / fps/policy 4.29 / fps/train 1098.14

Writing metrics: /data2/liguoqi/habmm/hab_z/btwm/runs/dreamerv3_atari_pong_seed0_v2_1m/scores.jsonl
Writing metrics: /data2/liguoqi/habmm/hab_z/btwm/runs/dreamerv3_atari_pong_seed0_v2_1m/metrics.jsonl

--------------------[Agent Step 1_419_640]--------------------
Metrics filtered by: 'score|length|fps|ratio|train/loss/|train/acc/|train/inv/|train/rand/'
episode/score 13 / episode/length 2629 / train/acc/inv 0.1 / train/inv/ce 2.12 / train/inv/objective 1.19 / train/inv/valid_frac 1 / train/inv/weight 0 / train/loss/con 0.02 / train/loss/dyn 1.1 / train/loss/image 0.06 / train/loss/inv 0 / train/loss/policy 2.3e-4 / train/loss/rep 1.1 / train/loss/repval 1.33 / train/loss/rew 8.9e-3 / train/loss/value 1.11 / train/rand/action 0.04 / replay/replay_ratio 264 / fps/policy 7.69 / fps/train 1969.36

Writing metrics: /data2/liguoqi/habmm/hab_z/btwm/runs/dreamerv3_atari_pong_seed0_v2_1m/scores.jsonl
Writing metrics: /data2/liguoqi/habmm/hab_z/btwm/runs/dreamerv3_atari_pong_seed0_v2_1m/metrics.jsonl

--------------------[Agent Step 1_423_320]--------------------
Metrics filtered by: 'score|length|fps|ratio|train/loss/|train/acc/|train/inv/|train/rand/'
train/acc/inv 0.1 / train/inv/ce 2.12 / train/inv/objective 1.18 / train/inv/valid_frac 1 / train/inv/weight 0 / train/loss/con 0.02 / train/loss/dyn 1.12 / train/loss/image 0.06 / train/loss/inv 0 / train/loss/policy 1e-4 / train/loss/rep 1.12 / train/loss/repval 1.35 / train/loss/rew 9.1e-3 / train/loss/value 1.11 / train/rand/action 0.04 / replay/replay_ratio 264 / fps/policy 7.62 / fps/train 1949.94

Writing metrics: /data2/liguoqi/habmm/hab_z/btwm/runs/dreamerv3_atari_pong_seed0_v2_1m/scores.jsonl
Writing metrics: /data2/liguoqi/habmm/hab_z/btwm/runs/dreamerv3_atari_pong_seed0_v2_1m/metrics.jsonl

--------------------[Agent Step 1_427_040]--------------------
Metrics filtered by: 'score|length|fps|ratio|train/loss/|train/acc/|train/inv/|train/rand/'
train/acc/inv 0.1 / train/inv/ce 2.11 / train/inv/objective 1.18 / train/inv/valid_frac 1 / train/inv/weight 0 / train/loss/con 0.02 / train/loss/dyn 1.11 / train/loss/image 0.06 / train/loss/inv 0 / train/loss/policy 2.4e-4 / train/loss/rep 1.11 / train/loss/repval 1.38 / train/loss/rew 9.3e-3 / train/loss/value 1.13 / train/rand/action 0.04 / replay/replay_ratio 264 / fps/policy 7.68 / fps/train 1967.11

Writing metrics: /data2/liguoqi/habmm/hab_z/btwm/runs/dreamerv3_atari_pong_seed0_v2_1m/scores.jsonl
Writing metrics: /data2/liguoqi/habmm/hab_z/btwm/runs/dreamerv3_atari_pong_seed0_v2_1m/metrics.jsonl

--------------------[Agent Step 1_430_720]--------------------
Metrics filtered by: 'score|length|fps|ratio|train/loss/|train/acc/|train/inv/|train/rand/'
episode/score 9 / episode/length 2428 / train/acc/inv 0.11 / train/inv/ce 2.12 / train/inv/objective 1.18 / train/inv/valid_frac 1 / train/inv/weight 0 / train/loss/con 0.02 / train/loss/dyn 1.1 / train/loss/image 0.06 / train/loss/inv 0 / train/loss/policy 1.8e-4 / train/loss/rep 1.1 / train/loss/repval 1.36 / train/loss/rew 8.8e-3 / train/loss/value 1.11 / train/rand/action 0.04 / replay/replay_ratio 264 / fps/policy 7.64 / fps/train 1955.73

Writing metrics: /data2/liguoqi/habmm/hab_z/btwm/runs/dreamerv3_atari_pong_seed0_v2_1m/metrics.jsonl
Writing metrics: /data2/liguoqi/habmm/hab_z/btwm/runs/dreamerv3_atari_pong_seed0_v2_1m/scores.jsonl

--------------------[Agent Step 1_434_400]--------------------
Metrics filtered by: 'score|length|fps|ratio|train/loss/|train/acc/|train/inv/|train/rand/'
train/acc/inv 0.11 / train/inv/ce 2.1 / train/inv/objective 1.17 / train/inv/valid_frac 1 / train/inv/weight 0 / train/loss/con 0.02 / train/loss/dyn 1.12 / train/loss/image 0.06 / train/loss/inv 0 / train/loss/policy 1.9e-4 / train/loss/rep 1.12 / train/loss/repval 1.41 / train/loss/rew 8.9e-3 / train/loss/value 1.14 / train/rand/action 0.04 / replay/replay_ratio 264 / fps/policy 7.66 / fps/train 1961.93

Writing metrics: /data2/liguoqi/habmm/hab_z/btwm/runs/dreamerv3_atari_pong_seed0_v2_1m/metrics.jsonl
Writing metrics: /data2/liguoqi/habmm/hab_z/btwm/runs/dreamerv3_atari_pong_seed0_v2_1m/scores.jsonl

--------------------[Agent Step 1_438_080]--------------------
Metrics filtered by: 'score|length|fps|ratio|train/loss/|train/acc/|train/inv/|train/rand/'
train/acc/inv 0.11 / train/inv/ce 2.1 / train/inv/objective 1.17 / train/inv/valid_frac 1 / train/inv/weight 0 / train/loss/con 0.02 / train/loss/dyn 1.11 / train/loss/image 0.06 / train/loss/inv 0 / train/loss/policy 2.3e-4 / train/loss/rep 1.11 / train/loss/repval 1.42 / train/loss/rew 8.6e-3 / train/loss/value 1.15 / train/rand/action 0.04 / replay/replay_ratio 264 / fps/policy 7.64 / fps/train 1956.11

Writing metrics: /data2/liguoqi/habmm/hab_z/btwm/runs/dreamerv3_atari_pong_seed0_v2_1m/metrics.jsonl
Writing metrics: /data2/liguoqi/habmm/hab_z/btwm/runs/dreamerv3_atari_pong_seed0_v2_1m/scores.jsonl

--------------------[Agent Step 1_441_720]--------------------
Metrics filtered by: 'score|length|fps|ratio|train/loss/|train/acc/|train/inv/|train/rand/'
episode/score 8 / episode/length 2809 / train/acc/inv 0.11 / train/inv/ce 2.1 / train/inv/objective 1.17 / train/inv/valid_frac 1 / train/inv/weight 0 / train/loss/con 0.02 / train/loss/dyn 1.1 / train/loss/image 0.06 / train/loss/inv 0 / train/loss/policy 2.2e-4 / train/loss/rep 1.1 / train/loss/repval 1.35 / train/loss/rew 9e-3 / train/loss/value 1.11 / train/rand/action 0.04 / replay/replay_ratio 264 / fps/policy 7.52 / fps/train 1924.29

Writing metrics: /data2/liguoqi/habmm/hab_z/btwm/runs/dreamerv3_atari_pong_seed0_v2_1m/metrics.jsonl
Writing metrics: /data2/liguoqi/habmm/hab_z/btwm/runs/dreamerv3_atari_pong_seed0_v2_1m/scores.jsonl

--------------------[Agent Step 1_445_440]--------------------
Metrics filtered by: 'score|length|fps|ratio|train/loss/|train/acc/|train/inv/|train/rand/'
train/acc/inv 0.11 / train/inv/ce 2.1 / train/inv/objective 1.17 / train/inv/valid_frac 1 / train/inv/weight 0 / train/loss/con 0.02 / train/loss/dyn 1.11 / train/loss/image 0.06 / train/loss/inv 0 / train/loss/policy 1.4e-4 / train/loss/rep 1.11 / train/loss/repval 1.39 / train/loss/rew 8.7e-3 / train/loss/value 1.14 / train/rand/action 0.04 / replay/replay_ratio 264 / fps/policy 7.7 / fps/train 1972.12

Writing metrics: /data2/liguoqi/habmm/hab_z/btwm/runs/dreamerv3_atari_pong_seed0_v2_1m/metrics.jsonl
Writing metrics: /data2/liguoqi/habmm/hab_z/btwm/runs/dreamerv3_atari_pong_seed0_v2_1m/scores.jsonl

--------------------[Agent Step 1_449_000]--------------------
Metrics filtered by: 'score|length|fps|ratio|train/loss/|train/acc/|train/inv/|train/rand/'
train/acc/inv 0.11 / train/inv/ce 2.11 / train/inv/objective 1.18 / train/inv/valid_frac 1 / train/inv/weight 0 / train/loss/con 0.02 / train/loss/dyn 1.14 / train/loss/image 0.06 / train/loss/inv 0 / train/loss/policy 1.9e-4 / train/loss/rep 1.14 / train/loss/repval 1.35 / train/loss/rew 9e-3 / train/loss/value 1.11 / train/rand/action 0.04 / replay/replay_ratio 264 / fps/policy 7.37 / fps/train 1887.11

Writing metrics: /data2/liguoqi/habmm/hab_z/btwm/runs/dreamerv3_atari_pong_seed0_v2_1m/metrics.jsonl
Writing metrics: /data2/liguoqi/habmm/hab_z/btwm/runs/dreamerv3_atari_pong_seed0_v2_1m/scores.jsonl

--------------------[Agent Step 1_452_720]--------------------
Metrics filtered by: 'score|length|fps|ratio|train/loss/|train/acc/|train/inv/|train/rand/'
episode/score 10 / episode/length 2248 / train/acc/inv 0.1 / train/inv/ce 2.11 / train/inv/objective 1.18 / train/inv/valid_frac 1 / train/inv/weight 0 / train/loss/con 0.02 / train/loss/dyn 1.1 / train/loss/image 0.06 / train/loss/inv 0 / train/loss/policy 2.8e-4 / train/loss/rep 1.1 / train/loss/repval 1.32 / train/loss/rew 8.7e-3 / train/loss/value 1.1 / train/rand/action 0.04 / replay/replay_ratio 264 / fps/policy 7.68 / fps/train 1967.35

Writing metrics: /data2/liguoqi/habmm/hab_z/btwm/runs/dreamerv3_atari_pong_seed0_v2_1m/scores.jsonl
Writing metrics: /data2/liguoqi/habmm/hab_z/btwm/runs/dreamerv3_atari_pong_seed0_v2_1m/metrics.jsonl

--------------------[Agent Step 1_456_400]--------------------
Metrics filtered by: 'score|length|fps|ratio|train/loss/|train/acc/|train/inv/|train/rand/'
train/acc/inv 0.1 / train/inv/ce 2.11 / train/inv/objective 1.18 / train/inv/valid_frac 1 / train/inv/weight 0 / train/loss/con 0.02 / train/loss/dyn 1.11 / train/loss/image 0.06 / train/loss/inv 0 / train/loss/policy 1.4e-4 / train/loss/rep 1.11 / train/loss/repval 1.36 / train/loss/rew 8.9e-3 / train/loss/value 1.12 / train/rand/action 0.04 / replay/replay_ratio 264 / fps/policy 7.64 / fps/train 1955.07

Writing metrics: /data2/liguoqi/habmm/hab_z/btwm/runs/dreamerv3_atari_pong_seed0_v2_1m/metrics.jsonl
Writing metrics: /data2/liguoqi/habmm/hab_z/btwm/runs/dreamerv3_atari_pong_seed0_v2_1m/scores.jsonl

--------------------[Agent Step 1_460_120]--------------------
Metrics filtered by: 'score|length|fps|ratio|train/loss/|train/acc/|train/inv/|train/rand/'
train/acc/inv 0.1 / train/inv/ce 2.11 / train/inv/objective 1.18 / train/inv/valid_frac 1 / train/inv/weight 0 / train/loss/con 0.02 / train/loss/dyn 1.1 / train/loss/image 0.06 / train/loss/inv 0 / train/loss/policy 2.2e-4 / train/loss/rep 1.1 / train/loss/repval 1.38 / train/loss/rew 8.7e-3 / train/loss/value 1.14 / train/rand/action 0.04 / replay/replay_ratio 264 / fps/policy 7.73 / fps/train 1979.08

Writing metrics: /data2/liguoqi/habmm/hab_z/btwm/runs/dreamerv3_atari_pong_seed0_v2_1m/scores.jsonl
Writing metrics: /data2/liguoqi/habmm/hab_z/btwm/runs/dreamerv3_atari_pong_seed0_v2_1m/metrics.jsonl

--------------------[Agent Step 1_463_800]--------------------
Metrics filtered by: 'score|length|fps|ratio|train/loss/|train/acc/|train/inv/|train/rand/'
episode/score -12 / episode/length 2902 / train/acc/inv 0.11 / train/inv/ce 2.1 / train/inv/objective 1.17 / train/inv/valid_frac 1 / train/inv/weight 0 / train/loss/con 0.02 / train/loss/dyn 1.13 / train/loss/image 0.06 / train/loss/inv 0 / train/loss/policy 1.3e-4 / train/loss/rep 1.13 / train/loss/repval 1.39 / train/loss/rew 9.2e-3 / train/loss/value 1.13 / train/rand/action 0.04 / replay/replay_ratio 264 / fps/policy 7.63 / fps/train 1952.12

Writing metrics: /data2/liguoqi/habmm/hab_z/btwm/runs/dreamerv3_atari_pong_seed0_v2_1m/metrics.jsonl
Writing metrics: /data2/liguoqi/habmm/hab_z/btwm/runs/dreamerv3_atari_pong_seed0_v2_1m/scores.jsonl

--------------------[Agent Step 1_467_520]--------------------
Metrics filtered by: 'score|length|fps|ratio|train/loss/|train/acc/|train/inv/|train/rand/'
train/acc/inv 0.11 / train/inv/ce 2.09 / train/inv/objective 1.17 / train/inv/valid_frac 1 / train/inv/weight 0 / train/loss/con 0.02 / train/loss/dyn 1.11 / train/loss/image 0.06 / train/loss/inv 0 / train/loss/policy 2.6e-4 / train/loss/rep 1.11 / train/loss/repval 1.4 / train/loss/rew 8.5e-3 / train/loss/value 1.14 / train/rand/action 0.04 / replay/replay_ratio 264 / fps/policy 7.72 / fps/train 1977.2

Writing metrics: /data2/liguoqi/habmm/hab_z/btwm/runs/dreamerv3_atari_pong_seed0_v2_1m/metrics.jsonl
Writing metrics: /data2/liguoqi/habmm/hab_z/btwm/runs/dreamerv3_atari_pong_seed0_v2_1m/scores.jsonl

--------------------[Agent Step 1_471_240]--------------------
Metrics filtered by: 'score|length|fps|ratio|train/loss/|train/acc/|train/inv/|train/rand/'
episode/score 11 / episode/length 2444 / train/acc/inv 0.11 / train/inv/ce 2.09 / train/inv/objective 1.17 / train/inv/valid_frac 1 / train/inv/weight 0 / train/loss/con 0.02 / train/loss/dyn 1.11 / train/loss/image 0.06 / train/loss/inv 0 / train/loss/policy 1.9e-4 / train/loss/rep 1.11 / train/loss/repval 1.35 / train/loss/rew 8.7e-3 / train/loss/value 1.11 / train/rand/action 0.04 / replay/replay_ratio 264 / fps/policy 7.68 / fps/train 1967.29

Writing metrics: /data2/liguoqi/habmm/hab_z/btwm/runs/dreamerv3_atari_pong_seed0_v2_1m/metrics.jsonl
Writing metrics: /data2/liguoqi/habmm/hab_z/btwm/runs/dreamerv3_atari_pong_seed0_v2_1m/scores.jsonl

--------------------[Agent Step 1_474_960]--------------------
Metrics filtered by: 'score|length|fps|ratio|train/loss/|train/acc/|train/inv/|train/rand/'
train/acc/inv 0.12 / train/inv/ce 2.09 / train/inv/objective 1.16 / train/inv/valid_frac 1 / train/inv/weight 0 / train/loss/con 0.02 / train/loss/dyn 1.11 / train/loss/image 0.06 / train/loss/inv 0 / train/loss/policy 2.7e-4 / train/loss/rep 1.11 / train/loss/repval 1.38 / train/loss/rew 8.8e-3 / train/loss/value 1.13 / train/rand/action 0.04 / replay/replay_ratio 264 / fps/policy 7.71 / fps/train 1974.85

Writing metrics: /data2/liguoqi/habmm/hab_z/btwm/runs/dreamerv3_atari_pong_seed0_v2_1m/metrics.jsonl
Writing metrics: /data2/liguoqi/habmm/hab_z/btwm/runs/dreamerv3_atari_pong_seed0_v2_1m/scores.jsonl

--------------------[Agent Step 1_478_640]--------------------
Metrics filtered by: 'score|length|fps|ratio|train/loss/|train/acc/|train/inv/|train/rand/'
train/acc/inv 0.11 / train/inv/ce 2.1 / train/inv/objective 1.17 / train/inv/valid_frac 1 / train/inv/weight 0 / train/loss/con 0.02 / train/loss/dyn 1.1 / train/loss/image 0.06 / train/loss/inv 0 / train/loss/policy 1.3e-4 / train/loss/rep 1.1 / train/loss/repval 1.37 / train/loss/rew 8.7e-3 / train/loss/value 1.12 / train/rand/action 0.04 / replay/replay_ratio 264 / fps/policy 7.63 / fps/train 1952.67

Writing metrics: /data2/liguoqi/habmm/hab_z/btwm/runs/dreamerv3_atari_pong_seed0_v2_1m/metrics.jsonl
Writing metrics: /data2/liguoqi/habmm/hab_z/btwm/runs/dreamerv3_atari_pong_seed0_v2_1m/scores.jsonl

--------------------[Agent Step 1_482_320]--------------------
Metrics filtered by: 'score|length|fps|ratio|train/loss/|train/acc/|train/inv/|train/rand/'
episode/score 14 / episode/length 2183 / train/acc/inv 0.11 / train/inv/ce 2.11 / train/inv/objective 1.18 / train/inv/valid_frac 1 / train/inv/weight 0 / train/loss/con 0.02 / train/loss/dyn 1.11 / train/loss/image 0.06 / train/loss/inv 0 / train/loss/policy 9.1e-5 / train/loss/rep 1.11 / train/loss/repval 1.36 / train/loss/rew 8.8e-3 / train/loss/value 1.11 / train/rand/action 0.04 / replay/replay_ratio 264 / fps/policy 7.62 / fps/train 1951.52

Writing metrics: /data2/liguoqi/habmm/hab_z/btwm/runs/dreamerv3_atari_pong_seed0_v2_1m/metrics.jsonl
Writing metrics: /data2/liguoqi/habmm/hab_z/btwm/runs/dreamerv3_atari_pong_seed0_v2_1m/scores.jsonl

--------------------[Agent Step 1_486_040]--------------------
Metrics filtered by: 'score|length|fps|ratio|train/loss/|train/acc/|train/inv/|train/rand/'
train/acc/inv 0.11 / train/inv/ce 2.13 / train/inv/objective 1.19 / train/inv/valid_frac 1 / train/inv/weight 0 / train/loss/con 0.02 / train/loss/dyn 1.1 / train/loss/image 0.06 / train/loss/inv 0 / train/loss/policy 2e-4 / train/loss/rep 1.1 / train/loss/repval 1.35 / train/loss/rew 8.8e-3 / train/loss/value 1.12 / train/rand/action 0.04 / replay/replay_ratio 264 / fps/policy 7.72 / fps/train 1976.74

Writing metrics: /data2/liguoqi/habmm/hab_z/btwm/runs/dreamerv3_atari_pong_seed0_v2_1m/scores.jsonl
Writing metrics: /data2/liguoqi/habmm/hab_z/btwm/runs/dreamerv3_atari_pong_seed0_v2_1m/metrics.jsonl

--------------------[Agent Step 1_489_760]--------------------
Metrics filtered by: 'score|length|fps|ratio|train/loss/|train/acc/|train/inv/|train/rand/'
episode/score 8 / episode/length 2539 / train/acc/inv 0.11 / train/inv/ce 2.11 / train/inv/objective 1.18 / train/inv/valid_frac 1 / train/inv/weight 0 / train/loss/con 0.02 / train/loss/dyn 1.11 / train/loss/image 0.06 / train/loss/inv 0 / train/loss/policy 1.7e-4 / train/loss/rep 1.11 / train/loss/repval 1.38 / train/loss/rew 8.9e-3 / train/loss/value 1.13 / train/rand/action 0.04 / replay/replay_ratio 264 / fps/policy 7.41 / fps/train 1896.11

Writing metrics: /data2/liguoqi/habmm/hab_z/btwm/runs/dreamerv3_atari_pong_seed0_v2_1m/metrics.jsonl
Writing metrics: /data2/liguoqi/habmm/hab_z/btwm/runs/dreamerv3_atari_pong_seed0_v2_1m/scores.jsonl

--------------------[Agent Step 1_493_360]--------------------
Metrics filtered by: 'score|length|fps|ratio|train/loss/|train/acc/|train/inv/|train/rand/'
train/acc/inv 0.11 / train/inv/ce 2.11 / train/inv/objective 1.18 / train/inv/valid_frac 1 / train/inv/weight 0 / train/loss/con 0.02 / train/loss/dyn 1.09 / train/loss/image 0.06 / train/loss/inv 0 / train/loss/policy 2.5e-4 / train/loss/rep 1.09 / train/loss/repval 1.36 / train/loss/rew 8.9e-3 / train/loss/value 1.12 / train/rand/action 0.04 / replay/replay_ratio 264 / fps/policy 7.73 / fps/train 1979.83

Writing metrics: /data2/liguoqi/habmm/hab_z/btwm/runs/dreamerv3_atari_pong_seed0_v2_1m/metrics.jsonl
Writing metrics: /data2/liguoqi/habmm/hab_z/btwm/runs/dreamerv3_atari_pong_seed0_v2_1m/scores.jsonl

--------------------[Agent Step 1_496_960]--------------------
Metrics filtered by: 'score|length|fps|ratio|train/loss/|train/acc/|train/inv/|train/rand/'
train/acc/inv 0.11 / train/inv/ce 2.11 / train/inv/objective 1.18 / train/inv/valid_frac 1 / train/inv/weight 0 / train/loss/con 0.02 / train/loss/dyn 1.1 / train/loss/image 0.06 / train/loss/inv 0 / train/loss/policy 1.6e-4 / train/loss/rep 1.1 / train/loss/repval 1.37 / train/loss/rew 9e-3 / train/loss/value 1.12 / train/rand/action 0.04 / replay/replay_ratio 264 / fps/policy 7.46 / fps/train 1909.14

Writing metrics: /data2/liguoqi/habmm/hab_z/btwm/runs/dreamerv3_atari_pong_seed0_v2_1m/metrics.jsonl
Writing metrics: /data2/liguoqi/habmm/hab_z/btwm/runs/dreamerv3_atari_pong_seed0_v2_1m/scores.jsonl

--------------------[Agent Step 1_500_680]--------------------
Metrics filtered by: 'score|length|fps|ratio|train/loss/|train/acc/|train/inv/|train/rand/'
episode/score 9 / episode/length 2710 / train/acc/inv 0.12 / train/inv/ce 2.11 / train/inv/objective 1.17 / train/inv/valid_frac 1 / train/inv/weight 0 / train/loss/con 0.02 / train/loss/dyn 1.11 / train/loss/image 0.06 / train/loss/inv 0 / train/loss/policy 2.4e-4 / train/loss/rep 1.11 / train/loss/repval 1.35 / train/loss/rew 8.9e-3 / train/loss/value 1.12 / train/rand/action 0.04 / replay/replay_ratio 264 / fps/policy 7.69 / fps/train 1969.79

Writing metrics: /data2/liguoqi/habmm/hab_z/btwm/runs/dreamerv3_atari_pong_seed0_v2_1m/metrics.jsonl
Writing metrics: /data2/liguoqi/habmm/hab_z/btwm/runs/dreamerv3_atari_pong_seed0_v2_1m/scores.jsonl

--------------------[Agent Step 1_504_400]--------------------
Metrics filtered by: 'score|length|fps|ratio|train/loss/|train/acc/|train/inv/|train/rand/'
train/acc/inv 0.11 / train/inv/ce 2.11 / train/inv/objective 1.18 / train/inv/valid_frac 1 / train/inv/weight 0 / train/loss/con 0.02 / train/loss/dyn 1.11 / train/loss/image 0.06 / train/loss/inv 0 / train/loss/policy 1e-4 / train/loss/rep 1.11 / train/loss/repval 1.35 / train/loss/rew 8.9e-3 / train/loss/value 1.11 / train/rand/action 0.04 / replay/replay_ratio 264 / fps/policy 7.7 / fps/train 1971.41

Writing metrics: /data2/liguoqi/habmm/hab_z/btwm/runs/dreamerv3_atari_pong_seed0_v2_1m/metrics.jsonl
Writing metrics: /data2/liguoqi/habmm/hab_z/btwm/runs/dreamerv3_atari_pong_seed0_v2_1m/scores.jsonl

--------------------[Agent Step 1_508_000]--------------------
Metrics filtered by: 'score|length|fps|ratio|train/loss/|train/acc/|train/inv/|train/rand/'
train/acc/inv 0.12 / train/inv/ce 2.11 / train/inv/objective 1.18 / train/inv/valid_frac 1 / train/inv/weight 0 / train/loss/con 0.02 / train/loss/dyn 1.12 / train/loss/image 0.06 / train/loss/inv 0 / train/loss/policy 2e-4 / train/loss/rep 1.12 / train/loss/repval 1.37 / train/loss/rew 8.9e-3 / train/loss/value 1.14 / train/rand/action 0.04 / replay/replay_ratio 264 / fps/policy 7.46 / fps/train 1910.72

Writing metrics: /data2/liguoqi/habmm/hab_z/btwm/runs/dreamerv3_atari_pong_seed0_v2_1m/metrics.jsonl
Writing metrics: /data2/liguoqi/habmm/hab_z/btwm/runs/dreamerv3_atari_pong_seed0_v2_1m/scores.jsonl

--------------------[Agent Step 1_511_720]--------------------
Metrics filtered by: 'score|length|fps|ratio|train/loss/|train/acc/|train/inv/|train/rand/'
train/acc/inv 0.12 / train/inv/ce 2.11 / train/inv/objective 1.18 / train/inv/valid_frac 1 / train/inv/weight 0 / train/loss/con 0.02 / train/loss/dyn 1.12 / train/loss/image 0.06 / train/loss/inv 0 / train/loss/policy 2e-4 / train/loss/rep 1.12 / train/loss/repval 1.37 / train/loss/rew 9.1e-3 / train/loss/value 1.14 / train/rand/action 0.04 / replay/replay_ratio 264 / fps/policy 7.69 / fps/train 1969.83

Writing metrics: /data2/liguoqi/habmm/hab_z/btwm/runs/dreamerv3_atari_pong_seed0_v2_1m/metrics.jsonl
Writing metrics: /data2/liguoqi/habmm/hab_z/btwm/runs/dreamerv3_atari_pong_seed0_v2_1m/scores.jsonl

--------------------[Agent Step 1_515_440]--------------------
Metrics filtered by: 'score|length|fps|ratio|train/loss/|train/acc/|train/inv/|train/rand/'
episode/score 6 / episode/length 3363 / train/acc/inv 0.12 / train/inv/ce 2.12 / train/inv/objective 1.19 / train/inv/valid_frac 1 / train/inv/weight 0 / train/loss/con 0.02 / train/loss/dyn 1.1 / train/loss/image 0.06 / train/loss/inv 0 / train/loss/policy 1.3e-4 / train/loss/rep 1.1 / train/loss/repval 1.37 / train/loss/rew 8.6e-3 / train/loss/value 1.13 / train/rand/action 0.04 / replay/replay_ratio 264 / fps/policy 7.67 / fps/train 1962.35

Writing metrics: /data2/liguoqi/habmm/hab_z/btwm/runs/dreamerv3_atari_pong_seed0_v2_1m/metrics.jsonl
Writing metrics: /data2/liguoqi/habmm/hab_z/btwm/runs/dreamerv3_atari_pong_seed0_v2_1m/scores.jsonl

--------------------[Agent Step 1_519_120]--------------------
Metrics filtered by: 'score|length|fps|ratio|train/loss/|train/acc/|train/inv/|train/rand/'
train/acc/inv 0.12 / train/inv/ce 2.12 / train/inv/objective 1.19 / train/inv/valid_frac 1 / train/inv/weight 0 / train/loss/con 0.02 / train/loss/dyn 1.11 / train/loss/image 0.06 / train/loss/inv 0 / train/loss/policy 2e-4 / train/loss/rep 1.11 / train/loss/repval 1.36 / train/loss/rew 9e-3 / train/loss/value 1.11 / train/rand/action 0.04 / replay/replay_ratio 264 / fps/policy 7.66 / fps/train 1961.53

Writing metrics: /data2/liguoqi/habmm/hab_z/btwm/runs/dreamerv3_atari_pong_seed0_v2_1m/metrics.jsonl
Writing metrics: /data2/liguoqi/habmm/hab_z/btwm/runs/dreamerv3_atari_pong_seed0_v2_1m/scores.jsonl

--------------------[Agent Step 1_522_800]--------------------
Metrics filtered by: 'score|length|fps|ratio|train/loss/|train/acc/|train/inv/|train/rand/'
episode/score 15 / episode/length 2035 / train/acc/inv 0.12 / train/inv/ce 2.11 / train/inv/objective 1.18 / train/inv/valid_frac 1 / train/inv/weight 0 / train/loss/con 0.02 / train/loss/dyn 1.1 / train/loss/image 0.06 / train/loss/inv 0 / train/loss/policy 2.9e-4 / train/loss/rep 1.1 / train/loss/repval 1.34 / train/loss/rew 8.6e-3 / train/loss/value 1.11 / train/rand/action 0.04 / replay/replay_ratio 264 / fps/policy 7.61 / fps/train 1947.34

Writing metrics: /data2/liguoqi/habmm/hab_z/btwm/runs/dreamerv3_atari_pong_seed0_v2_1m/metrics.jsonl
Writing metrics: /data2/liguoqi/habmm/hab_z/btwm/runs/dreamerv3_atari_pong_seed0_v2_1m/scores.jsonl
Saving checkpoint: /data2/liguoqi/habmm/hab_z/btwm/runs/dreamerv3_atari_pong_seed0_v2_1m/ckpt/20260614T083952F133810
Saved checkpoint.

--------------------[Agent Step 1_524_800]--------------------
Metrics filtered by: 'score|length|fps|ratio|train/loss/|train/acc/|train/inv/|train/rand/'
train/acc/inv 0.12 / train/inv/ce 2.12 / train/inv/objective 1.18 / train/inv/valid_frac 1 / train/inv/weight 0 / train/loss/con 0.02 / train/loss/dyn 1.12 / train/loss/image 0.06 / train/loss/inv 0 / train/loss/policy -6.1e-5 / train/loss/rep 1.12 / train/loss/repval 1.39 / train/loss/rew 8.7e-3 / train/loss/value 1.12 / train/rand/action 0.04 / replay/replay_ratio 264 / fps/policy 4.13 / fps/train 1057.15

Writing metrics: /data2/liguoqi/habmm/hab_z/btwm/runs/dreamerv3_atari_pong_seed0_v2_1m/metrics.jsonl
Writing metrics: /data2/liguoqi/habmm/hab_z/btwm/runs/dreamerv3_atari_pong_seed0_v2_1m/scores.jsonl

--------------------[Agent Step 1_528_520]--------------------
Metrics filtered by: 'score|length|fps|ratio|train/loss/|train/acc/|train/inv/|train/rand/'
train/acc/inv 0.12 / train/inv/ce 2.12 / train/inv/objective 1.18 / train/inv/valid_frac 1 / train/inv/weight 0 / train/loss/con 0.02 / train/loss/dyn 1.12 / train/loss/image 0.06 / train/loss/inv 0 / train/loss/policy 2.3e-4 / train/loss/rep 1.12 / train/loss/repval 1.51 / train/loss/rew 8.9e-3 / train/loss/value 1.21 / train/rand/action 0.04 / replay/replay_ratio 264 / fps/policy 7.71 / fps/train 1972.7

Writing metrics: /data2/liguoqi/habmm/hab_z/btwm/runs/dreamerv3_atari_pong_seed0_v2_1m/scores.jsonl
Writing metrics: /data2/liguoqi/habmm/hab_z/btwm/runs/dreamerv3_atari_pong_seed0_v2_1m/metrics.jsonl

--------------------[Agent Step 1_532_240]--------------------
Metrics filtered by: 'score|length|fps|ratio|train/loss/|train/acc/|train/inv/|train/rand/'
train/acc/inv 0.12 / train/inv/ce 2.12 / train/inv/objective 1.18 / train/inv/valid_frac 1 / train/inv/weight 0 / train/loss/con 0.02 / train/loss/dyn 1.11 / train/loss/image 0.06 / train/loss/inv 0 / train/loss/policy 1.9e-4 / train/loss/rep 1.11 / train/loss/repval 1.4 / train/loss/rew 8.9e-3 / train/loss/value 1.14 / train/rand/action 0.04 / replay/replay_ratio 264 / fps/policy 7.72 / fps/train 1975.99

Writing metrics: /data2/liguoqi/habmm/hab_z/btwm/runs/dreamerv3_atari_pong_seed0_v2_1m/metrics.jsonl
Writing metrics: /data2/liguoqi/habmm/hab_z/btwm/runs/dreamerv3_atari_pong_seed0_v2_1m/scores.jsonl

--------------------[Agent Step 1_535_840]--------------------
Metrics filtered by: 'score|length|fps|ratio|train/loss/|train/acc/|train/inv/|train/rand/'
train/acc/inv 0.12 / train/inv/ce 2.1 / train/inv/objective 1.17 / train/inv/valid_frac 1 / train/inv/weight 0 / train/loss/con 0.02 / train/loss/dyn 1.11 / train/loss/image 0.06 / train/loss/inv 0 / train/loss/policy 1.2e-4 / train/loss/rep 1.11 / train/loss/repval 1.43 / train/loss/rew 8.6e-3 / train/loss/value 1.15 / train/rand/action 0.04 / replay/replay_ratio 264 / fps/policy 7.46 / fps/train 1908.5

Writing metrics: /data2/liguoqi/habmm/hab_z/btwm/runs/dreamerv3_atari_pong_seed0_v2_1m/metrics.jsonl
Writing metrics: /data2/liguoqi/habmm/hab_z/btwm/runs/dreamerv3_atari_pong_seed0_v2_1m/scores.jsonl

--------------------[Agent Step 1_539_520]--------------------
Metrics filtered by: 'score|length|fps|ratio|train/loss/|train/acc/|train/inv/|train/rand/'
episode/score -1 / episode/length 3632 / train/acc/inv 0.12 / train/inv/ce 2.1 / train/inv/objective 1.17 / train/inv/valid_frac 1 / train/inv/weight 0 / train/loss/con 0.02 / train/loss/dyn 1.12 / train/loss/image 0.06 / train/loss/inv 0 / train/loss/policy 1.8e-4 / train/loss/rep 1.12 / train/loss/repval 1.45 / train/loss/rew 8.8e-3 / train/loss/value 1.16 / train/rand/action 0.04 / replay/replay_ratio 264 / fps/policy 7.58 / fps/train 1939.79

Writing metrics: /data2/liguoqi/habmm/hab_z/btwm/runs/dreamerv3_atari_pong_seed0_v2_1m/metrics.jsonl
Writing metrics: /data2/liguoqi/habmm/hab_z/btwm/runs/dreamerv3_atari_pong_seed0_v2_1m/scores.jsonl

--------------------[Agent Step 1_543_200]--------------------
Metrics filtered by: 'score|length|fps|ratio|train/loss/|train/acc/|train/inv/|train/rand/'
train/acc/inv 0.12 / train/inv/ce 2.1 / train/inv/objective 1.17 / train/inv/valid_frac 1 / train/inv/weight 0 / train/loss/con 0.02 / train/loss/dyn 1.11 / train/loss/image 0.06 / train/loss/inv 0 / train/loss/policy 1.6e-4 / train/loss/rep 1.11 / train/loss/repval 1.43 / train/loss/rew 8.8e-3 / train/loss/value 1.16 / train/rand/action 0.04 / replay/replay_ratio 264 / fps/policy 7.65 / fps/train 1959.13

Writing metrics: /data2/liguoqi/habmm/hab_z/btwm/runs/dreamerv3_atari_pong_seed0_v2_1m/metrics.jsonl
Writing metrics: /data2/liguoqi/habmm/hab_z/btwm/runs/dreamerv3_atari_pong_seed0_v2_1m/scores.jsonl

--------------------[Agent Step 1_546_920]--------------------
Metrics filtered by: 'score|length|fps|ratio|train/loss/|train/acc/|train/inv/|train/rand/'
train/acc/inv 0.12 / train/inv/ce 2.11 / train/inv/objective 1.18 / train/inv/valid_frac 1 / train/inv/weight 0 / train/loss/con 0.02 / train/loss/dyn 1.1 / train/loss/image 0.06 / train/loss/inv 0 / train/loss/policy 2.8e-4 / train/loss/rep 1.1 / train/loss/repval 1.43 / train/loss/rew 8.8e-3 / train/loss/value 1.18 / train/rand/action 0.04 / replay/replay_ratio 264 / fps/policy 7.72 / fps/train 1976.44

Writing metrics: /data2/liguoqi/habmm/hab_z/btwm/runs/dreamerv3_atari_pong_seed0_v2_1m/scores.jsonl
Writing metrics: /data2/liguoqi/habmm/hab_z/btwm/runs/dreamerv3_atari_pong_seed0_v2_1m/metrics.jsonl

--------------------[Agent Step 1_550_640]--------------------
Metrics filtered by: 'score|length|fps|ratio|train/loss/|train/acc/|train/inv/|train/rand/'
episode/score 8 / episode/length 2866 / train/acc/inv 0.12 / train/inv/ce 2.1 / train/inv/objective 1.17 / train/inv/valid_frac 1 / train/inv/weight 0 / train/loss/con 0.02 / train/loss/dyn 1.11 / train/loss/image 0.06 / train/loss/inv 0 / train/loss/policy 9.5e-5 / train/loss/rep 1.11 / train/loss/repval 1.48 / train/loss/rew 8.8e-3 / train/loss/value 1.18 / train/rand/action 0.04 / replay/replay_ratio 264 / fps/policy 7.71 / fps/train 1973.49

Writing metrics: /data2/liguoqi/habmm/hab_z/btwm/runs/dreamerv3_atari_pong_seed0_v2_1m/metrics.jsonl
Writing metrics: /data2/liguoqi/habmm/hab_z/btwm/runs/dreamerv3_atari_pong_seed0_v2_1m/scores.jsonl

--------------------[Agent Step 1_554_360]--------------------
Metrics filtered by: 'score|length|fps|ratio|train/loss/|train/acc/|train/inv/|train/rand/'
train/acc/inv 0.12 / train/inv/ce 2.1 / train/inv/objective 1.17 / train/inv/valid_frac 1 / train/inv/weight 0 / train/loss/con 0.02 / train/loss/dyn 1.12 / train/loss/image 0.07 / train/loss/inv 0 / train/loss/policy 3.4e-4 / train/loss/rep 1.12 / train/loss/repval 1.44 / train/loss/rew 9.1e-3 / train/loss/value 1.17 / train/rand/action 0.04 / replay/replay_ratio 264 / fps/policy 7.73 / fps/train 1977.66

Writing metrics: /data2/liguoqi/habmm/hab_z/btwm/runs/dreamerv3_atari_pong_seed0_v2_1m/metrics.jsonl
Writing metrics: /data2/liguoqi/habmm/hab_z/btwm/runs/dreamerv3_atari_pong_seed0_v2_1m/scores.jsonl

--------------------[Agent Step 1_558_080]--------------------
Metrics filtered by: 'score|length|fps|ratio|train/loss/|train/acc/|train/inv/|train/rand/'
train/acc/inv 0.12 / train/inv/ce 2.1 / train/inv/objective 1.17 / train/inv/valid_frac 1 / train/inv/weight 0 / train/loss/con 0.02 / train/loss/dyn 1.1 / train/loss/image 0.07 / train/loss/inv 0 / train/loss/policy 2e-4 / train/loss/rep 1.1 / train/loss/repval 1.4 / train/loss/rew 8.7e-3 / train/loss/value 1.15 / train/rand/action 0.04 / replay/replay_ratio 264 / fps/policy 7.71 / fps/train 1974.33

Writing metrics: /data2/liguoqi/habmm/hab_z/btwm/runs/dreamerv3_atari_pong_seed0_v2_1m/metrics.jsonl
Writing metrics: /data2/liguoqi/habmm/hab_z/btwm/runs/dreamerv3_atari_pong_seed0_v2_1m/scores.jsonl

--------------------[Agent Step 1_561_800]--------------------
Metrics filtered by: 'score|length|fps|ratio|train/loss/|train/acc/|train/inv/|train/rand/'
episode/score 3 / episode/length 3245 / train/acc/inv 0.12 / train/inv/ce 2.11 / train/inv/objective 1.18 / train/inv/valid_frac 1 / train/inv/weight 0 / train/loss/con 0.02 / train/loss/dyn 1.1 / train/loss/image 0.06 / train/loss/inv 0 / train/loss/policy 1.4e-4 / train/loss/rep 1.1 / train/loss/repval 1.39 / train/loss/rew 9e-3 / train/loss/value 1.13 / train/rand/action 0.04 / replay/replay_ratio 264 / fps/policy 7.69 / fps/train 1967.91

Writing metrics: /data2/liguoqi/habmm/hab_z/btwm/runs/dreamerv3_atari_pong_seed0_v2_1m/metrics.jsonl
Writing metrics: /data2/liguoqi/habmm/hab_z/btwm/runs/dreamerv3_atari_pong_seed0_v2_1m/scores.jsonl

--------------------[Agent Step 1_565_520]--------------------
Metrics filtered by: 'score|length|fps|ratio|train/loss/|train/acc/|train/inv/|train/rand/'
train/acc/inv 0.12 / train/inv/ce 2.1 / train/inv/objective 1.17 / train/inv/valid_frac 1 / train/inv/weight 0 / train/loss/con 0.02 / train/loss/dyn 1.11 / train/loss/image 0.06 / train/loss/inv 0 / train/loss/policy 9.3e-5 / train/loss/rep 1.11 / train/loss/repval 1.43 / train/loss/rew 9.2e-3 / train/loss/value 1.14 / train/rand/action 0.04 / replay/replay_ratio 264 / fps/policy 7.69 / fps/train 1969.32

Writing metrics: /data2/liguoqi/habmm/hab_z/btwm/runs/dreamerv3_atari_pong_seed0_v2_1m/metrics.jsonl
Writing metrics: /data2/liguoqi/habmm/hab_z/btwm/runs/dreamerv3_atari_pong_seed0_v2_1m/scores.jsonl

--------------------[Agent Step 1_569_160]--------------------
Metrics filtered by: 'score|length|fps|ratio|train/loss/|train/acc/|train/inv/|train/rand/'
episode/score 15 / episode/length 1932 / train/acc/inv 0.11 / train/inv/ce 2.11 / train/inv/objective 1.18 / train/inv/valid_frac 1 / train/inv/weight 0 / train/loss/con 0.02 / train/loss/dyn 1.12 / train/loss/image 0.06 / train/loss/inv 0 / train/loss/policy 3.1e-4 / train/loss/rep 1.12 / train/loss/repval 1.67 / train/loss/rew 8.8e-3 / train/loss/value 1.3 / train/rand/action 0.04 / replay/replay_ratio 264 / fps/policy 7.51 / fps/train 1921.8

Writing metrics: /data2/liguoqi/habmm/hab_z/btwm/runs/dreamerv3_atari_pong_seed0_v2_1m/scores.jsonl
Writing metrics: /data2/liguoqi/habmm/hab_z/btwm/runs/dreamerv3_atari_pong_seed0_v2_1m/metrics.jsonl

--------------------[Agent Step 1_572_880]--------------------
Metrics filtered by: 'score|length|fps|ratio|train/loss/|train/acc/|train/inv/|train/rand/'
train/acc/inv 0.12 / train/inv/ce 2.1 / train/inv/objective 1.17 / train/inv/valid_frac 1 / train/inv/weight 0 / train/loss/con 0.02 / train/loss/dyn 1.12 / train/loss/image 0.06 / train/loss/inv 0 / train/loss/policy 2.3e-4 / train/loss/rep 1.12 / train/loss/repval 1.43 / train/loss/rew 8.8e-3 / train/loss/value 1.15 / train/rand/action 0.04 / replay/replay_ratio 264 / fps/policy 7.69 / fps/train 1969.69

Writing metrics: /data2/liguoqi/habmm/hab_z/btwm/runs/dreamerv3_atari_pong_seed0_v2_1m/metrics.jsonl
Writing metrics: /data2/liguoqi/habmm/hab_z/btwm/runs/dreamerv3_atari_pong_seed0_v2_1m/scores.jsonl

--------------------[Agent Step 1_576_600]--------------------
Metrics filtered by: 'score|length|fps|ratio|train/loss/|train/acc/|train/inv/|train/rand/'
train/acc/inv 0.12 / train/inv/ce 2.09 / train/inv/objective 1.17 / train/inv/valid_frac 1 / train/inv/weight 0 / train/loss/con 0.02 / train/loss/dyn 1.1 / train/loss/image 0.06 / train/loss/inv 0 / train/loss/policy 2.2e-4 / train/loss/rep 1.1 / train/loss/repval 1.4 / train/loss/rew 8.7e-3 / train/loss/value 1.15 / train/rand/action 0.04 / replay/replay_ratio 264 / fps/policy 7.74 / fps/train 1982.13

Writing metrics: /data2/liguoqi/habmm/hab_z/btwm/runs/dreamerv3_atari_pong_seed0_v2_1m/scores.jsonl
Writing metrics: /data2/liguoqi/habmm/hab_z/btwm/runs/dreamerv3_atari_pong_seed0_v2_1m/metrics.jsonl

--------------------[Agent Step 1_580_280]--------------------
Metrics filtered by: 'score|length|fps|ratio|train/loss/|train/acc/|train/inv/|train/rand/'
episode/score 12 / episode/length 2441 / train/acc/inv 0.12 / train/inv/ce 2.09 / train/inv/objective 1.17 / train/inv/valid_frac 1 / train/inv/weight 0 / train/loss/con 0.02 / train/loss/dyn 1.1 / train/loss/image 0.06 / train/loss/inv 0 / train/loss/policy 2.1e-4 / train/loss/rep 1.1 / train/loss/repval 1.38 / train/loss/rew 8.7e-3 / train/loss/value 1.14 / train/rand/action 0.04 / replay/replay_ratio 264 / fps/policy 7.62 / fps/train 1951.75

Writing metrics: /data2/liguoqi/habmm/hab_z/btwm/runs/dreamerv3_atari_pong_seed0_v2_1m/metrics.jsonl
Writing metrics: /data2/liguoqi/habmm/hab_z/btwm/runs/dreamerv3_atari_pong_seed0_v2_1m/scores.jsonl

--------------------[Agent Step 1_583_880]--------------------
Metrics filtered by: 'score|length|fps|ratio|train/loss/|train/acc/|train/inv/|train/rand/'
train/acc/inv 0.12 / train/inv/ce 2.09 / train/inv/objective 1.17 / train/inv/valid_frac 1 / train/inv/weight 0 / train/loss/con 0.02 / train/loss/dyn 1.11 / train/loss/image 0.06 / train/loss/inv 0 / train/loss/policy 2.1e-4 / train/loss/rep 1.11 / train/loss/repval 1.35 / train/loss/rew 8.9e-3 / train/loss/value 1.12 / train/rand/action 0.04 / replay/replay_ratio 264 / fps/policy 7.48 / fps/train 1914.27

Writing metrics: /data2/liguoqi/habmm/hab_z/btwm/runs/dreamerv3_atari_pong_seed0_v2_1m/metrics.jsonl
Writing metrics: /data2/liguoqi/habmm/hab_z/btwm/runs/dreamerv3_atari_pong_seed0_v2_1m/scores.jsonl

--------------------[Agent Step 1_587_600]--------------------
Metrics filtered by: 'score|length|fps|ratio|train/loss/|train/acc/|train/inv/|train/rand/'
train/acc/inv 0.12 / train/inv/ce 2.09 / train/inv/objective 1.17 / train/inv/valid_frac 1 / train/inv/weight 0 / train/loss/con 0.02 / train/loss/dyn 1.12 / train/loss/image 0.07 / train/loss/inv 0 / train/loss/policy 6.9e-5 / train/loss/rep 1.12 / train/loss/repval 1.45 / train/loss/rew 8.9e-3 / train/loss/value 1.17 / train/rand/action 0.04 / replay/replay_ratio 264 / fps/policy 7.71 / fps/train 1974.94

Writing metrics: /data2/liguoqi/habmm/hab_z/btwm/runs/dreamerv3_atari_pong_seed0_v2_1m/metrics.jsonl
Writing metrics: /data2/liguoqi/habmm/hab_z/btwm/runs/dreamerv3_atari_pong_seed0_v2_1m/scores.jsonl

--------------------[Agent Step 1_591_320]--------------------
Metrics filtered by: 'score|length|fps|ratio|train/loss/|train/acc/|train/inv/|train/rand/'
train/acc/inv 0.13 / train/inv/ce 2.08 / train/inv/objective 1.16 / train/inv/valid_frac 1 / train/inv/weight 0 / train/loss/con 0.02 / train/loss/dyn 1.12 / train/loss/image 0.06 / train/loss/inv 0 / train/loss/policy 2.3e-4 / train/loss/rep 1.12 / train/loss/repval 1.45 / train/loss/rew 8.9e-3 / train/loss/value 1.16 / train/rand/action 0.04 / replay/replay_ratio 264 / fps/policy 7.68 / fps/train 1965.28

Writing metrics: /data2/liguoqi/habmm/hab_z/btwm/runs/dreamerv3_atari_pong_seed0_v2_1m/scores.jsonl
Writing metrics: /data2/liguoqi/habmm/hab_z/btwm/runs/dreamerv3_atari_pong_seed0_v2_1m/metrics.jsonl

--------------------[Agent Step 1_595_000]--------------------
Metrics filtered by: 'score|length|fps|ratio|train/loss/|train/acc/|train/inv/|train/rand/'
episode/score 1 / episode/length 3537 / train/acc/inv 0.13 / train/inv/ce 2.07 / train/inv/objective 1.16 / train/inv/valid_frac 1 / train/inv/weight 0 / train/loss/con 0.02 / train/loss/dyn 1.13 / train/loss/image 0.06 / train/loss/inv 0 / train/loss/policy 2.4e-4 / train/loss/rep 1.13 / train/loss/repval 1.37 / train/loss/rew 8.7e-3 / train/loss/value 1.13 / train/rand/action 0.04 / replay/replay_ratio 264 / fps/policy 7.43 / fps/train 1902.73

Writing metrics: /data2/liguoqi/habmm/hab_z/btwm/runs/dreamerv3_atari_pong_seed0_v2_1m/scores.jsonl
Writing metrics: /data2/liguoqi/habmm/hab_z/btwm/runs/dreamerv3_atari_pong_seed0_v2_1m/metrics.jsonl

--------------------[Agent Step 1_598_600]--------------------
Metrics filtered by: 'score|length|fps|ratio|train/loss/|train/acc/|train/inv/|train/rand/'
train/acc/inv 0.13 / train/inv/ce 2.06 / train/inv/objective 1.15 / train/inv/valid_frac 1 / train/inv/weight 0 / train/loss/con 0.02 / train/loss/dyn 1.1 / train/loss/image 0.06 / train/loss/inv 0 / train/loss/policy 1.4e-4 / train/loss/rep 1.1 / train/loss/repval 1.38 / train/loss/rew 8.7e-3 / train/loss/value 1.13 / train/rand/action 0.04 / replay/replay_ratio 264 / fps/policy 7.68 / fps/train 1966.67

Writing metrics: /data2/liguoqi/habmm/hab_z/btwm/runs/dreamerv3_atari_pong_seed0_v2_1m/metrics.jsonl
Writing metrics: /data2/liguoqi/habmm/hab_z/btwm/runs/dreamerv3_atari_pong_seed0_v2_1m/scores.jsonl

--------------------[Agent Step 1_602_280]--------------------
Metrics filtered by: 'score|length|fps|ratio|train/loss/|train/acc/|train/inv/|train/rand/'
episode/score 15 / episode/length 2258 / train/acc/inv 0.13 / train/inv/ce 2.07 / train/inv/objective 1.15 / train/inv/valid_frac 1 / train/inv/weight 0 / train/loss/con 0.02 / train/loss/dyn 1.1 / train/loss/image 0.06 / train/loss/inv 0 / train/loss/policy 2.2e-4 / train/loss/rep 1.1 / train/loss/repval 1.39 / train/loss/rew 8.8e-3 / train/loss/value 1.14 / train/rand/action 0.04 / replay/replay_ratio 264 / fps/policy 7.66 / fps/train 1961.06

Writing metrics: /data2/liguoqi/habmm/hab_z/btwm/runs/dreamerv3_atari_pong_seed0_v2_1m/metrics.jsonl
Writing metrics: /data2/liguoqi/habmm/hab_z/btwm/runs/dreamerv3_atari_pong_seed0_v2_1m/scores.jsonl

--------------------[Agent Step 1_606_000]--------------------
Metrics filtered by: 'score|length|fps|ratio|train/loss/|train/acc/|train/inv/|train/rand/'
train/acc/inv 0.13 / train/inv/ce 2.07 / train/inv/objective 1.16 / train/inv/valid_frac 1 / train/inv/weight 0 / train/loss/con 0.02 / train/loss/dyn 1.11 / train/loss/image 0.06 / train/loss/inv 0 / train/loss/policy 1.3e-4 / train/loss/rep 1.11 / train/loss/repval 1.41 / train/loss/rew 8.7e-3 / train/loss/value 1.15 / train/rand/action 0.04 / replay/replay_ratio 264 / fps/policy 7.68 / fps/train 1966.65

Writing metrics: /data2/liguoqi/habmm/hab_z/btwm/runs/dreamerv3_atari_pong_seed0_v2_1m/metrics.jsonl
Writing metrics: /data2/liguoqi/habmm/hab_z/btwm/runs/dreamerv3_atari_pong_seed0_v2_1m/scores.jsonl

--------------------[Agent Step 1_609_720]--------------------
Metrics filtered by: 'score|length|fps|ratio|train/loss/|train/acc/|train/inv/|train/rand/'
train/acc/inv 0.13 / train/inv/ce 2.08 / train/inv/objective 1.16 / train/inv/valid_frac 1 / train/inv/weight 0 / train/loss/con 0.02 / train/loss/dyn 1.11 / train/loss/image 0.06 / train/loss/inv 0 / train/loss/policy 2.7e-4 / train/loss/rep 1.11 / train/loss/repval 1.4 / train/loss/rew 8.9e-3 / train/loss/value 1.16 / train/rand/action 0.04 / replay/replay_ratio 264 / fps/policy 7.71 / fps/train 1974.96

Writing metrics: /data2/liguoqi/habmm/hab_z/btwm/runs/dreamerv3_atari_pong_seed0_v2_1m/metrics.jsonl
Writing metrics: /data2/liguoqi/habmm/hab_z/btwm/runs/dreamerv3_atari_pong_seed0_v2_1m/scores.jsonl

--------------------[Agent Step 1_613_360]--------------------
Metrics filtered by: 'score|length|fps|ratio|train/loss/|train/acc/|train/inv/|train/rand/'
episode/score 5 / episode/length 2669 / train/acc/inv 0.12 / train/inv/ce 2.08 / train/inv/objective 1.16 / train/inv/valid_frac 1 / train/inv/weight 0 / train/loss/con 0.02 / train/loss/dyn 1.1 / train/loss/image 0.06 / train/loss/inv 0 / train/loss/policy 1.3e-4 / train/loss/rep 1.1 / train/loss/repval 1.37 / train/loss/rew 8.7e-3 / train/loss/value 1.13 / train/rand/action 0.04 / replay/replay_ratio 264 / fps/policy 7.53 / fps/train 1926.79

Writing metrics: /data2/liguoqi/habmm/hab_z/btwm/runs/dreamerv3_atari_pong_seed0_v2_1m/scores.jsonl
Writing metrics: /data2/liguoqi/habmm/hab_z/btwm/runs/dreamerv3_atari_pong_seed0_v2_1m/metrics.jsonl

--------------------[Agent Step 1_617_080]--------------------
Metrics filtered by: 'score|length|fps|ratio|train/loss/|train/acc/|train/inv/|train/rand/'
train/acc/inv 0.13 / train/inv/ce 2.07 / train/inv/objective 1.16 / train/inv/valid_frac 1 / train/inv/weight 0 / train/loss/con 0.02 / train/loss/dyn 1.1 / train/loss/image 0.06 / train/loss/inv 0 / train/loss/policy 1.5e-4 / train/loss/rep 1.1 / train/loss/repval 1.38 / train/loss/rew 8.7e-3 / train/loss/value 1.13 / train/rand/action 0.04 / replay/replay_ratio 264 / fps/policy 7.73 / fps/train 1978.5

Writing metrics: /data2/liguoqi/habmm/hab_z/btwm/runs/dreamerv3_atari_pong_seed0_v2_1m/metrics.jsonl
Writing metrics: /data2/liguoqi/habmm/hab_z/btwm/runs/dreamerv3_atari_pong_seed0_v2_1m/scores.jsonl

--------------------[Agent Step 1_620_800]--------------------
Metrics filtered by: 'score|length|fps|ratio|train/loss/|train/acc/|train/inv/|train/rand/'
train/acc/inv 0.12 / train/inv/ce 2.08 / train/inv/objective 1.16 / train/inv/valid_frac 1 / train/inv/weight 0 / train/loss/con 0.02 / train/loss/dyn 1.11 / train/loss/image 0.06 / train/loss/inv 0 / train/loss/policy 2.3e-4 / train/loss/rep 1.11 / train/loss/repval 1.34 / train/loss/rew 8.8e-3 / train/loss/value 1.12 / train/rand/action 0.04 / replay/replay_ratio 264 / fps/policy 7.72 / fps/train 1976.45

Writing metrics: /data2/liguoqi/habmm/hab_z/btwm/runs/dreamerv3_atari_pong_seed0_v2_1m/metrics.jsonl
Writing metrics: /data2/liguoqi/habmm/hab_z/btwm/runs/dreamerv3_atari_pong_seed0_v2_1m/scores.jsonl

--------------------[Agent Step 1_624_520]--------------------
Metrics filtered by: 'score|length|fps|ratio|train/loss/|train/acc/|train/inv/|train/rand/'
train/acc/inv 0.12 / train/inv/ce 2.08 / train/inv/objective 1.16 / train/inv/valid_frac 1 / train/inv/weight 0 / train/loss/con 0.02 / train/loss/dyn 1.1 / train/loss/image 0.06 / train/loss/inv 0 / train/loss/policy 1.1e-4 / train/loss/rep 1.1 / train/loss/repval 1.37 / train/loss/rew 8.5e-3 / train/loss/value 1.13 / train/rand/action 0.04 / replay/replay_ratio 264 / fps/policy 7.74 / fps/train 1980.48

Writing metrics: /data2/liguoqi/habmm/hab_z/btwm/runs/dreamerv3_atari_pong_seed0_v2_1m/metrics.jsonl
Writing metrics: /data2/liguoqi/habmm/hab_z/btwm/runs/dreamerv3_atari_pong_seed0_v2_1m/scores.jsonl

--------------------[Agent Step 1_628_080]--------------------
Metrics filtered by: 'score|length|fps|ratio|train/loss/|train/acc/|train/inv/|train/rand/'
episode/score 5 / episode/length 3151 / train/acc/inv 0.13 / train/inv/ce 2.08 / train/inv/objective 1.16 / train/inv/valid_frac 1 / train/inv/weight 0 / train/loss/con 0.02 / train/loss/dyn 1.1 / train/loss/image 0.06 / train/loss/inv 0 / train/loss/policy 1.7e-4 / train/loss/rep 1.1 / train/loss/repval 1.39 / train/loss/rew 8.9e-3 / train/loss/value 1.14 / train/rand/action 0.04 / replay/replay_ratio 264 / fps/policy 7.4 / fps/train 1895.24

Writing metrics: /data2/liguoqi/habmm/hab_z/btwm/runs/dreamerv3_atari_pong_seed0_v2_1m/metrics.jsonl
Writing metrics: /data2/liguoqi/habmm/hab_z/btwm/runs/dreamerv3_atari_pong_seed0_v2_1m/scores.jsonl
Saving checkpoint: /data2/liguoqi/habmm/hab_z/btwm/runs/dreamerv3_atari_pong_seed0_v2_1m/ckpt/20260614T093953F224018
Saved checkpoint.

--------------------[Agent Step 1_631_520]--------------------
Metrics filtered by: 'score|length|fps|ratio|train/loss/|train/acc/|train/inv/|train/rand/'
train/acc/inv 0.12 / train/inv/ce 2.09 / train/inv/objective 1.17 / train/inv/valid_frac 1 / train/inv/weight 0 / train/loss/con 0.02 / train/loss/dyn 1.12 / train/loss/image 0.06 / train/loss/inv 0 / train/loss/policy 1.8e-4 / train/loss/rep 1.12 / train/loss/repval 1.38 / train/loss/rew 8.5e-3 / train/loss/value 1.14 / train/rand/action 0.04 / replay/replay_ratio 264 / fps/policy 5.54 / fps/train 1418.73

Writing metrics: /data2/liguoqi/habmm/hab_z/btwm/runs/dreamerv3_atari_pong_seed0_v2_1m/scores.jsonl
Writing metrics: /data2/liguoqi/habmm/hab_z/btwm/runs/dreamerv3_atari_pong_seed0_v2_1m/metrics.jsonl

--------------------[Agent Step 1_635_200]--------------------
Metrics filtered by: 'score|length|fps|ratio|train/loss/|train/acc/|train/inv/|train/rand/'
train/acc/inv 0.12 / train/inv/ce 2.08 / train/inv/objective 1.16 / train/inv/valid_frac 1 / train/inv/weight 0 / train/loss/con 0.02 / train/loss/dyn 1.1 / train/loss/image 0.06 / train/loss/inv 0 / train/loss/policy 2.1e-4 / train/loss/rep 1.1 / train/loss/repval 1.39 / train/loss/rew 8.9e-3 / train/loss/value 1.16 / train/rand/action 0.04 / replay/replay_ratio 264 / fps/policy 7.65 / fps/train 1958.37

Writing metrics: /data2/liguoqi/habmm/hab_z/btwm/runs/dreamerv3_atari_pong_seed0_v2_1m/scores.jsonl
Writing metrics: /data2/liguoqi/habmm/hab_z/btwm/runs/dreamerv3_atari_pong_seed0_v2_1m/metrics.jsonl

--------------------[Agent Step 1_638_880]--------------------
Metrics filtered by: 'score|length|fps|ratio|train/loss/|train/acc/|train/inv/|train/rand/'
episode/score -6 / episode/length 3193 / train/acc/inv 0.12 / train/inv/ce 2.08 / train/inv/objective 1.16 / train/inv/valid_frac 1 / train/inv/weight 0 / train/loss/con 0.02 / train/loss/dyn 1.11 / train/loss/image 0.06 / train/loss/inv 0 / train/loss/policy 1.6e-4 / train/loss/rep 1.11 / train/loss/repval 1.37 / train/loss/rew 8.9e-3 / train/loss/value 1.14 / train/rand/action 0.04 / replay/replay_ratio 264 / fps/policy 7.66 / fps/train 1960.28

Writing metrics: /data2/liguoqi/habmm/hab_z/btwm/runs/dreamerv3_atari_pong_seed0_v2_1m/metrics.jsonl
Writing metrics: /data2/liguoqi/habmm/hab_z/btwm/runs/dreamerv3_atari_pong_seed0_v2_1m/scores.jsonl

--------------------[Agent Step 1_642_600]--------------------
Metrics filtered by: 'score|length|fps|ratio|train/loss/|train/acc/|train/inv/|train/rand/'
train/acc/inv 0.12 / train/inv/ce 2.08 / train/inv/objective 1.16 / train/inv/valid_frac 1 / train/inv/weight 0 / train/loss/con 0.02 / train/loss/dyn 1.1 / train/loss/image 0.06 / train/loss/inv 0 / train/loss/policy 1.4e-4 / train/loss/rep 1.1 / train/loss/repval 1.34 / train/loss/rew 8.5e-3 / train/loss/value 1.11 / train/rand/action 0.04 / replay/replay_ratio 264 / fps/policy 7.7 / fps/train 1972.24

Writing metrics: /data2/liguoqi/habmm/hab_z/btwm/runs/dreamerv3_atari_pong_seed0_v2_1m/scores.jsonl
Writing metrics: /data2/liguoqi/habmm/hab_z/btwm/runs/dreamerv3_atari_pong_seed0_v2_1m/metrics.jsonl

--------------------[Agent Step 1_646_280]--------------------
Metrics filtered by: 'score|length|fps|ratio|train/loss/|train/acc/|train/inv/|train/rand/'
train/acc/inv 0.12 / train/inv/ce 2.08 / train/inv/objective 1.16 / train/inv/valid_frac 1 / train/inv/weight 0 / train/loss/con 0.02 / train/loss/dyn 1.11 / train/loss/image 0.06 / train/loss/inv 0 / train/loss/policy 1.7e-4 / train/loss/rep 1.11 / train/loss/repval 1.38 / train/loss/rew 8.7e-3 / train/loss/value 1.14 / train/rand/action 0.04 / replay/replay_ratio 264 / fps/policy 7.65 / fps/train 1957.7

Writing metrics: /data2/liguoqi/habmm/hab_z/btwm/runs/dreamerv3_atari_pong_seed0_v2_1m/metrics.jsonl
Writing metrics: /data2/liguoqi/habmm/hab_z/btwm/runs/dreamerv3_atari_pong_seed0_v2_1m/scores.jsonl

--------------------[Agent Step 1_649_960]--------------------
Metrics filtered by: 'score|length|fps|ratio|train/loss/|train/acc/|train/inv/|train/rand/'
episode/score 13 / episode/length 2436 / train/acc/inv 0.12 / train/inv/ce 2.09 / train/inv/objective 1.17 / train/inv/valid_frac 1 / train/inv/weight 0 / train/loss/con 0.02 / train/loss/dyn 1.11 / train/loss/image 0.06 / train/loss/inv 0 / train/loss/policy 2e-4 / train/loss/rep 1.11 / train/loss/repval 1.38 / train/loss/rew 8.7e-3 / train/loss/value 1.14 / train/rand/action 0.04 / replay/replay_ratio 264 / fps/policy 7.65 / fps/train 1959.61

Writing metrics: /data2/liguoqi/habmm/hab_z/btwm/runs/dreamerv3_atari_pong_seed0_v2_1m/metrics.jsonl
Writing metrics: /data2/liguoqi/habmm/hab_z/btwm/runs/dreamerv3_atari_pong_seed0_v2_1m/scores.jsonl

--------------------[Agent Step 1_653_680]--------------------
Metrics filtered by: 'score|length|fps|ratio|train/loss/|train/acc/|train/inv/|train/rand/'
train/acc/inv 0.12 / train/inv/ce 2.09 / train/inv/objective 1.17 / train/inv/valid_frac 1 / train/inv/weight 0 / train/loss/con 0.02 / train/loss/dyn 1.1 / train/loss/image 0.06 / train/loss/inv 0 / train/loss/policy 1.3e-4 / train/loss/rep 1.1 / train/loss/repval 1.41 / train/loss/rew 8.7e-3 / train/loss/value 1.15 / train/rand/action 0.04 / replay/replay_ratio 264 / fps/policy 7.7 / fps/train 1972.18

Writing metrics: /data2/liguoqi/habmm/hab_z/btwm/runs/dreamerv3_atari_pong_seed0_v2_1m/metrics.jsonl
Writing metrics: /data2/liguoqi/habmm/hab_z/btwm/runs/dreamerv3_atari_pong_seed0_v2_1m/scores.jsonl

--------------------[Agent Step 1_657_400]--------------------
Metrics filtered by: 'score|length|fps|ratio|train/loss/|train/acc/|train/inv/|train/rand/'
episode/score 16 / episode/length 1875 / train/acc/inv 0.12 / train/inv/ce 2.09 / train/inv/objective 1.17 / train/inv/valid_frac 1 / train/inv/weight 0 / train/loss/con 0.02 / train/loss/dyn 1.09 / train/loss/image 0.06 / train/loss/inv 0 / train/loss/policy 2.3e-4 / train/loss/rep 1.09 / train/loss/repval 1.34 / train/loss/rew 8.8e-3 / train/loss/value 1.12 / train/rand/action 0.04 / replay/replay_ratio 264 / fps/policy 7.7 / fps/train 1972.47

Writing metrics: /data2/liguoqi/habmm/hab_z/btwm/runs/dreamerv3_atari_pong_seed0_v2_1m/metrics.jsonl
Writing metrics: /data2/liguoqi/habmm/hab_z/btwm/runs/dreamerv3_atari_pong_seed0_v2_1m/scores.jsonl

--------------------[Agent Step 1_661_000]--------------------
Metrics filtered by: 'score|length|fps|ratio|train/loss/|train/acc/|train/inv/|train/rand/'
train/acc/inv 0.12 / train/inv/ce 2.09 / train/inv/objective 1.17 / train/inv/valid_frac 1 / train/inv/weight 0 / train/loss/con 0.02 / train/loss/dyn 1.1 / train/loss/image 0.06 / train/loss/inv 0 / train/loss/policy 8.8e-5 / train/loss/rep 1.1 / train/loss/repval 1.37 / train/loss/rew 8.8e-3 / train/loss/value 1.13 / train/rand/action 0.04 / replay/replay_ratio 264 / fps/policy 7.45 / fps/train 1908.41

Writing metrics: /data2/liguoqi/habmm/hab_z/btwm/runs/dreamerv3_atari_pong_seed0_v2_1m/scores.jsonl
Writing metrics: /data2/liguoqi/habmm/hab_z/btwm/runs/dreamerv3_atari_pong_seed0_v2_1m/metrics.jsonl

--------------------[Agent Step 1_664_720]--------------------
Metrics filtered by: 'score|length|fps|ratio|train/loss/|train/acc/|train/inv/|train/rand/'
train/acc/inv 0.12 / train/inv/ce 2.1 / train/inv/objective 1.17 / train/inv/valid_frac 1 / train/inv/weight 0 / train/loss/con 0.02 / train/loss/dyn 1.11 / train/loss/image 0.06 / train/loss/inv 0 / train/loss/policy 1.5e-4 / train/loss/rep 1.11 / train/loss/repval 1.39 / train/loss/rew 8.7e-3 / train/loss/value 1.15 / train/rand/action 0.04 / replay/replay_ratio 264 / fps/policy 7.75 / fps/train 1983.32

Writing metrics: /data2/liguoqi/habmm/hab_z/btwm/runs/dreamerv3_atari_pong_seed0_v2_1m/metrics.jsonl
Writing metrics: /data2/liguoqi/habmm/hab_z/btwm/runs/dreamerv3_atari_pong_seed0_v2_1m/scores.jsonl

--------------------[Agent Step 1_668_440]--------------------
Metrics filtered by: 'score|length|fps|ratio|train/loss/|train/acc/|train/inv/|train/rand/'
episode/score 8 / episode/length 2478 / train/acc/inv 0.12 / train/inv/ce 2.1 / train/inv/objective 1.17 / train/inv/valid_frac 1 / train/inv/weight 0 / train/loss/con 0.02 / train/loss/dyn 1.13 / train/loss/image 0.06 / train/loss/inv 0 / train/loss/policy 9.4e-5 / train/loss/rep 1.13 / train/loss/repval 1.4 / train/loss/rew 8.9e-3 / train/loss/value 1.14 / train/rand/action 0.04 / replay/replay_ratio 264 / fps/policy 7.73 / fps/train 1978.01

Writing metrics: /data2/liguoqi/habmm/hab_z/btwm/runs/dreamerv3_atari_pong_seed0_v2_1m/metrics.jsonl
Writing metrics: /data2/liguoqi/habmm/hab_z/btwm/runs/dreamerv3_atari_pong_seed0_v2_1m/scores.jsonl

--------------------[Agent Step 1_672_040]--------------------
Metrics filtered by: 'score|length|fps|ratio|train/loss/|train/acc/|train/inv/|train/rand/'
train/acc/inv 0.13 / train/inv/ce 2.08 / train/inv/objective 1.16 / train/inv/valid_frac 1 / train/inv/weight 0 / train/loss/con 0.02 / train/loss/dyn 1.09 / train/loss/image 0.06 / train/loss/inv 0 / train/loss/policy 1.5e-4 / train/loss/rep 1.09 / train/loss/repval 1.36 / train/loss/rew 8.9e-3 / train/loss/value 1.11 / train/rand/action 0.04 / replay/replay_ratio 264 / fps/policy 7.48 / fps/train 1914.99

Writing metrics: /data2/liguoqi/habmm/hab_z/btwm/runs/dreamerv3_atari_pong_seed0_v2_1m/metrics.jsonl
Writing metrics: /data2/liguoqi/habmm/hab_z/btwm/runs/dreamerv3_atari_pong_seed0_v2_1m/scores.jsonl

--------------------[Agent Step 1_675_760]--------------------
Metrics filtered by: 'score|length|fps|ratio|train/loss/|train/acc/|train/inv/|train/rand/'
episode/score 12 / episode/length 2076 / train/acc/inv 0.12 / train/inv/ce 2.1 / train/inv/objective 1.17 / train/inv/valid_frac 1 / train/inv/weight 0 / train/loss/con 0.02 / train/loss/dyn 1.11 / train/loss/image 0.06 / train/loss/inv 0 / train/loss/policy 1.9e-4 / train/loss/rep 1.11 / train/loss/repval 1.68 / train/loss/rew 8.7e-3 / train/loss/value 1.32 / train/rand/action 0.04 / replay/replay_ratio 264 / fps/policy 7.72 / fps/train 1975.06

Writing metrics: /data2/liguoqi/habmm/hab_z/btwm/runs/dreamerv3_atari_pong_seed0_v2_1m/scores.jsonl
Writing metrics: /data2/liguoqi/habmm/hab_z/btwm/runs/dreamerv3_atari_pong_seed0_v2_1m/metrics.jsonl

--------------------[Agent Step 1_679_480]--------------------
Metrics filtered by: 'score|length|fps|ratio|train/loss/|train/acc/|train/inv/|train/rand/'
train/acc/inv 0.12 / train/inv/ce 2.09 / train/inv/objective 1.16 / train/inv/valid_frac 1 / train/inv/weight 0 / train/loss/con 0.02 / train/loss/dyn 1.12 / train/loss/image 0.06 / train/loss/inv 0 / train/loss/policy 4.5e-4 / train/loss/rep 1.12 / train/loss/repval 1.54 / train/loss/rew 8.8e-3 / train/loss/value 1.25 / train/rand/action 0.04 / replay/replay_ratio 264 / fps/policy 7.71 / fps/train 1973.27

Writing metrics: /data2/liguoqi/habmm/hab_z/btwm/runs/dreamerv3_atari_pong_seed0_v2_1m/metrics.jsonl
Writing metrics: /data2/liguoqi/habmm/hab_z/btwm/runs/dreamerv3_atari_pong_seed0_v2_1m/scores.jsonl

--------------------[Agent Step 1_683_160]--------------------
Metrics filtered by: 'score|length|fps|ratio|train/loss/|train/acc/|train/inv/|train/rand/'
episode/score 12 / episode/length 2241 / train/acc/inv 0.12 / train/inv/ce 2.1 / train/inv/objective 1.17 / train/inv/valid_frac 1 / train/inv/weight 0 / train/loss/con 0.02 / train/loss/dyn 1.1 / train/loss/image 0.06 / train/loss/inv 0 / train/loss/policy 1.5e-4 / train/loss/rep 1.1 / train/loss/repval 1.48 / train/loss/rew 8.8e-3 / train/loss/value 1.19 / train/rand/action 0.04 / replay/replay_ratio 264 / fps/policy 7.62 / fps/train 1951.2

Writing metrics: /data2/liguoqi/habmm/hab_z/btwm/runs/dreamerv3_atari_pong_seed0_v2_1m/metrics.jsonl
Writing metrics: /data2/liguoqi/habmm/hab_z/btwm/runs/dreamerv3_atari_pong_seed0_v2_1m/scores.jsonl

--------------------[Agent Step 1_686_840]--------------------
Metrics filtered by: 'score|length|fps|ratio|train/loss/|train/acc/|train/inv/|train/rand/'
train/acc/inv 0.12 / train/inv/ce 2.11 / train/inv/objective 1.18 / train/inv/valid_frac 1 / train/inv/weight 0 / train/loss/con 0.02 / train/loss/dyn 1.11 / train/loss/image 0.06 / train/loss/inv 0 / train/loss/policy 2.7e-4 / train/loss/rep 1.11 / train/loss/repval 1.48 / train/loss/rew 8.9e-3 / train/loss/value 1.19 / train/rand/action 0.04 / replay/replay_ratio 264 / fps/policy 7.65 / fps/train 1958.83

Writing metrics: /data2/liguoqi/habmm/hab_z/btwm/runs/dreamerv3_atari_pong_seed0_v2_1m/metrics.jsonl
Writing metrics: /data2/liguoqi/habmm/hab_z/btwm/runs/dreamerv3_atari_pong_seed0_v2_1m/scores.jsonl

--------------------[Agent Step 1_690_520]--------------------
Metrics filtered by: 'score|length|fps|ratio|train/loss/|train/acc/|train/inv/|train/rand/'
train/acc/inv 0.12 / train/inv/ce 2.11 / train/inv/objective 1.18 / train/inv/valid_frac 1 / train/inv/weight 0 / train/loss/con 0.02 / train/loss/dyn 1.11 / train/loss/image 0.06 / train/loss/inv 0 / train/loss/policy 1.7e-4 / train/loss/rep 1.11 / train/loss/repval 1.45 / train/loss/rew 8.6e-3 / train/loss/value 1.18 / train/rand/action 0.04 / replay/replay_ratio 264 / fps/policy 7.66 / fps/train 1960.48

Writing metrics: /data2/liguoqi/habmm/hab_z/btwm/runs/dreamerv3_atari_pong_seed0_v2_1m/scores.jsonl
Writing metrics: /data2/liguoqi/habmm/hab_z/btwm/runs/dreamerv3_atari_pong_seed0_v2_1m/metrics.jsonl

--------------------[Agent Step 1_694_200]--------------------
Metrics filtered by: 'score|length|fps|ratio|train/loss/|train/acc/|train/inv/|train/rand/'
episode/score 9 / episode/length 2935 / train/acc/inv 0.12 / train/inv/ce 2.11 / train/inv/objective 1.18 / train/inv/valid_frac 1 / train/inv/weight 0 / train/loss/con 0.02 / train/loss/dyn 1.11 / train/loss/image 0.06 / train/loss/inv 0 / train/loss/policy 2.5e-4 / train/loss/rep 1.11 / train/loss/repval 1.42 / train/loss/rew 8.5e-3 / train/loss/value 1.17 / train/rand/action 0.04 / replay/replay_ratio 264 / fps/policy 7.6 / fps/train 1945.52

Writing metrics: /data2/liguoqi/habmm/hab_z/btwm/runs/dreamerv3_atari_pong_seed0_v2_1m/scores.jsonl
Writing metrics: /data2/liguoqi/habmm/hab_z/btwm/runs/dreamerv3_atari_pong_seed0_v2_1m/metrics.jsonl

--------------------[Agent Step 1_697_920]--------------------
Metrics filtered by: 'score|length|fps|ratio|train/loss/|train/acc/|train/inv/|train/rand/'
train/acc/inv 0.11 / train/inv/ce 2.11 / train/inv/objective 1.18 / train/inv/valid_frac 1 / train/inv/weight 0 / train/loss/con 0.02 / train/loss/dyn 1.11 / train/loss/image 0.06 / train/loss/inv 0 / train/loss/policy 1.3e-4 / train/loss/rep 1.11 / train/loss/repval 1.37 / train/loss/rew 8.5e-3 / train/loss/value 1.12 / train/rand/action 0.04 / replay/replay_ratio 264 / fps/policy 7.73 / fps/train 1979.86

Writing metrics: /data2/liguoqi/habmm/hab_z/btwm/runs/dreamerv3_atari_pong_seed0_v2_1m/metrics.jsonl
Writing metrics: /data2/liguoqi/habmm/hab_z/btwm/runs/dreamerv3_atari_pong_seed0_v2_1m/scores.jsonl

--------------------[Agent Step 1_701_640]--------------------
Metrics filtered by: 'score|length|fps|ratio|train/loss/|train/acc/|train/inv/|train/rand/'
train/acc/inv 0.11 / train/inv/ce 2.12 / train/inv/objective 1.18 / train/inv/valid_frac 1 / train/inv/weight 0 / train/loss/con 0.02 / train/loss/dyn 1.09 / train/loss/image 0.05 / train/loss/inv 0 / train/loss/policy 1.5e-4 / train/loss/rep 1.09 / train/loss/repval 1.37 / train/loss/rew 8.5e-3 / train/loss/value 1.13 / train/rand/action 0.04 / replay/replay_ratio 264 / fps/policy 7.72 / fps/train 1977.1

Writing metrics: /data2/liguoqi/habmm/hab_z/btwm/runs/dreamerv3_atari_pong_seed0_v2_1m/scores.jsonl
Writing metrics: /data2/liguoqi/habmm/hab_z/btwm/runs/dreamerv3_atari_pong_seed0_v2_1m/metrics.jsonl

--------------------[Agent Step 1_705_360]--------------------
Metrics filtered by: 'score|length|fps|ratio|train/loss/|train/acc/|train/inv/|train/rand/'
train/acc/inv 0.11 / train/inv/ce 2.11 / train/inv/objective 1.18 / train/inv/valid_frac 1 / train/inv/weight 0 / train/loss/con 0.02 / train/loss/dyn 1.11 / train/loss/image 0.06 / train/loss/inv 0 / train/loss/policy 1.3e-4 / train/loss/rep 1.11 / train/loss/repval 1.36 / train/loss/rew 8.7e-3 / train/loss/value 1.12 / train/rand/action 0.04 / replay/replay_ratio 264 / fps/policy 7.68 / fps/train 1964.83

Writing metrics: /data2/liguoqi/habmm/hab_z/btwm/runs/dreamerv3_atari_pong_seed0_v2_1m/metrics.jsonl
Writing metrics: /data2/liguoqi/habmm/hab_z/btwm/runs/dreamerv3_atari_pong_seed0_v2_1m/scores.jsonl

--------------------[Agent Step 1_709_000]--------------------
Metrics filtered by: 'score|length|fps|ratio|train/loss/|train/acc/|train/inv/|train/rand/'
episode/score 7 / episode/length 3475 / train/acc/inv 0.12 / train/inv/ce 2.09 / train/inv/objective 1.17 / train/inv/valid_frac 1 / train/inv/weight 0 / train/loss/con 0.02 / train/loss/dyn 1.11 / train/loss/image 0.06 / train/loss/inv 0 / train/loss/policy 8.2e-5 / train/loss/rep 1.11 / train/loss/repval 1.43 / train/loss/rew 8.5e-3 / train/loss/value 1.16 / train/rand/action 0.04 / replay/replay_ratio 264 / fps/policy 7.48 / fps/train 1916.06

Writing metrics: /data2/liguoqi/habmm/hab_z/btwm/runs/dreamerv3_atari_pong_seed0_v2_1m/metrics.jsonl
Writing metrics: /data2/liguoqi/habmm/hab_z/btwm/runs/dreamerv3_atari_pong_seed0_v2_1m/scores.jsonl

--------------------[Agent Step 1_712_640]--------------------
Metrics filtered by: 'score|length|fps|ratio|train/loss/|train/acc/|train/inv/|train/rand/'
train/acc/inv 0.12 / train/inv/ce 2.1 / train/inv/objective 1.17 / train/inv/valid_frac 1 / train/inv/weight 0 / train/loss/con 0.02 / train/loss/dyn 1.12 / train/loss/image 0.06 / train/loss/inv 0 / train/loss/policy 2.1e-4 / train/loss/rep 1.12 / train/loss/repval 1.46 / train/loss/rew 8.5e-3 / train/loss/value 1.19 / train/rand/action 0.04 / replay/replay_ratio 264 / fps/policy 7.61 / fps/train 1946.99

Writing metrics: /data2/liguoqi/habmm/hab_z/btwm/runs/dreamerv3_atari_pong_seed0_v2_1m/metrics.jsonl
Writing metrics: /data2/liguoqi/habmm/hab_z/btwm/runs/dreamerv3_atari_pong_seed0_v2_1m/scores.jsonl

--------------------[Agent Step 1_716_320]--------------------
Metrics filtered by: 'score|length|fps|ratio|train/loss/|train/acc/|train/inv/|train/rand/'
train/acc/inv 0.12 / train/inv/ce 2.1 / train/inv/objective 1.17 / train/inv/valid_frac 1 / train/inv/weight 0 / train/loss/con 0.02 / train/loss/dyn 1.12 / train/loss/image 0.06 / train/loss/inv 0 / train/loss/policy 1.9e-4 / train/loss/rep 1.12 / train/loss/repval 1.39 / train/loss/rew 8.9e-3 / train/loss/value 1.14 / train/rand/action 0.04 / replay/replay_ratio 264 / fps/policy 7.64 / fps/train 1955.13

Writing metrics: /data2/liguoqi/habmm/hab_z/btwm/runs/dreamerv3_atari_pong_seed0_v2_1m/metrics.jsonl
Writing metrics: /data2/liguoqi/habmm/hab_z/btwm/runs/dreamerv3_atari_pong_seed0_v2_1m/scores.jsonl

--------------------[Agent Step 1_719_960]--------------------
Metrics filtered by: 'score|length|fps|ratio|train/loss/|train/acc/|train/inv/|train/rand/'
episode/score 9 / episode/length 2807 / train/acc/inv 0.12 / train/inv/ce 2.11 / train/inv/objective 1.17 / train/inv/valid_frac 1 / train/inv/weight 0 / train/loss/con 0.02 / train/loss/dyn 1.1 / train/loss/image 0.06 / train/loss/inv 0 / train/loss/policy 1.9e-4 / train/loss/rep 1.1 / train/loss/repval 1.37 / train/loss/rew 8.9e-3 / train/loss/value 1.13 / train/rand/action 0.04 / replay/replay_ratio 264 / fps/policy 7.52 / fps/train 1925.53

Writing metrics: /data2/liguoqi/habmm/hab_z/btwm/runs/dreamerv3_atari_pong_seed0_v2_1m/metrics.jsonl
Writing metrics: /data2/liguoqi/habmm/hab_z/btwm/runs/dreamerv3_atari_pong_seed0_v2_1m/scores.jsonl

--------------------[Agent Step 1_723_600]--------------------
Metrics filtered by: 'score|length|fps|ratio|train/loss/|train/acc/|train/inv/|train/rand/'
train/acc/inv 0.12 / train/inv/ce 2.11 / train/inv/objective 1.18 / train/inv/valid_frac 1 / train/inv/weight 0 / train/loss/con 0.02 / train/loss/dyn 1.1 / train/loss/image 0.05 / train/loss/inv 0 / train/loss/policy 1.6e-4 / train/loss/rep 1.1 / train/loss/repval 1.36 / train/loss/rew 8.6e-3 / train/loss/value 1.12 / train/rand/action 0.04 / replay/replay_ratio 264 / fps/policy 7.54 / fps/train 1930.16

Writing metrics: /data2/liguoqi/habmm/hab_z/btwm/runs/dreamerv3_atari_pong_seed0_v2_1m/metrics.jsonl
Writing metrics: /data2/liguoqi/habmm/hab_z/btwm/runs/dreamerv3_atari_pong_seed0_v2_1m/scores.jsonl

--------------------[Agent Step 1_727_280]--------------------
Metrics filtered by: 'score|length|fps|ratio|train/loss/|train/acc/|train/inv/|train/rand/'
train/acc/inv 0.12 / train/inv/ce 2.1 / train/inv/objective 1.17 / train/inv/valid_frac 1 / train/inv/weight 0 / train/loss/con 0.02 / train/loss/dyn 1.11 / train/loss/image 0.06 / train/loss/inv 0 / train/loss/policy 1e-4 / train/loss/rep 1.11 / train/loss/repval 1.39 / train/loss/rew 8.6e-3 / train/loss/value 1.13 / train/rand/action 0.04 / replay/replay_ratio 264 / fps/policy 7.62 / fps/train 1949.67

Writing metrics: /data2/liguoqi/habmm/hab_z/btwm/runs/dreamerv3_atari_pong_seed0_v2_1m/metrics.jsonl
Writing metrics: /data2/liguoqi/habmm/hab_z/btwm/runs/dreamerv3_atari_pong_seed0_v2_1m/scores.jsonl

--------------------[Agent Step 1_731_000]--------------------
Metrics filtered by: 'score|length|fps|ratio|train/loss/|train/acc/|train/inv/|train/rand/'
episode/score 11 / episode/length 2681 / train/acc/inv 0.12 / train/inv/ce 2.1 / train/inv/objective 1.17 / train/inv/valid_frac 1 / train/inv/weight 0 / train/loss/con 0.02 / train/loss/dyn 1.12 / train/loss/image 0.06 / train/loss/inv 0 / train/loss/policy 2.6e-4 / train/loss/rep 1.12 / train/loss/repval 1.34 / train/loss/rew 8.5e-3 / train/loss/value 1.13 / train/rand/action 0.04 / replay/replay_ratio 264 / fps/policy 7.71 / fps/train 1974.5

Writing metrics: /data2/liguoqi/habmm/hab_z/btwm/runs/dreamerv3_atari_pong_seed0_v2_1m/scores.jsonl
Writing metrics: /data2/liguoqi/habmm/hab_z/btwm/runs/dreamerv3_atari_pong_seed0_v2_1m/metrics.jsonl

--------------------[Agent Step 1_734_720]--------------------
Metrics filtered by: 'score|length|fps|ratio|train/loss/|train/acc/|train/inv/|train/rand/'
train/acc/inv 0.11 / train/inv/ce 2.1 / train/inv/objective 1.17 / train/inv/valid_frac 1 / train/inv/weight 0 / train/loss/con 0.02 / train/loss/dyn 1.09 / train/loss/image 0.05 / train/loss/inv 0 / train/loss/policy 1.3e-4 / train/loss/rep 1.09 / train/loss/repval 1.37 / train/loss/rew 8.6e-3 / train/loss/value 1.12 / train/rand/action 0.04 / replay/replay_ratio 264 / fps/policy 7.73 / fps/train 1977.89

Writing metrics: /data2/liguoqi/habmm/hab_z/btwm/runs/dreamerv3_atari_pong_seed0_v2_1m/metrics.jsonl
Writing metrics: /data2/liguoqi/habmm/hab_z/btwm/runs/dreamerv3_atari_pong_seed0_v2_1m/scores.jsonl

--------------------[Agent Step 1_738_440]--------------------
Metrics filtered by: 'score|length|fps|ratio|train/loss/|train/acc/|train/inv/|train/rand/'
episode/score 13 / episode/length 2028 / train/acc/inv 0.11 / train/inv/ce 2.11 / train/inv/objective 1.17 / train/inv/valid_frac 1 / train/inv/weight 0 / train/loss/con 0.02 / train/loss/dyn 1.1 / train/loss/image 0.05 / train/loss/inv 0 / train/loss/policy 1.9e-4 / train/loss/rep 1.1 / train/loss/repval 1.34 / train/loss/rew 8.6e-3 / train/loss/value 1.12 / train/rand/action 0.04 / replay/replay_ratio 264 / fps/policy 7.73 / fps/train 1978.45

Writing metrics: /data2/liguoqi/habmm/hab_z/btwm/runs/dreamerv3_atari_pong_seed0_v2_1m/metrics.jsonl
Writing metrics: /data2/liguoqi/habmm/hab_z/btwm/runs/dreamerv3_atari_pong_seed0_v2_1m/scores.jsonl
Saving checkpoint: /data2/liguoqi/habmm/hab_z/btwm/runs/dreamerv3_atari_pong_seed0_v2_1m/ckpt/20260614T103953F646128
Saved checkpoint.

--------------------[Agent Step 1_740_400]--------------------
Metrics filtered by: 'score|length|fps|ratio|train/loss/|train/acc/|train/inv/|train/rand/'
train/acc/inv 0.11 / train/inv/ce 2.12 / train/inv/objective 1.18 / train/inv/valid_frac 1 / train/inv/weight 0 / train/loss/con 0.02 / train/loss/dyn 1.1 / train/loss/image 0.06 / train/loss/inv 0 / train/loss/policy 1.7e-4 / train/loss/rep 1.1 / train/loss/repval 1.3 / train/loss/rew 8.7e-3 / train/loss/value 1.1 / train/rand/action 0.04 / replay/replay_ratio 264 / fps/policy 3.14 / fps/train 805.11

Writing metrics: /data2/liguoqi/habmm/hab_z/btwm/runs/dreamerv3_atari_pong_seed0_v2_1m/metrics.jsonl
Writing metrics: /data2/liguoqi/habmm/hab_z/btwm/runs/dreamerv3_atari_pong_seed0_v2_1m/scores.jsonl

--------------------[Agent Step 1_744_080]--------------------
Metrics filtered by: 'score|length|fps|ratio|train/loss/|train/acc/|train/inv/|train/rand/'
train/acc/inv 0.11 / train/inv/ce 2.11 / train/inv/objective 1.18 / train/inv/valid_frac 1 / train/inv/weight 0 / train/loss/con 0.02 / train/loss/dyn 1.11 / train/loss/image 0.06 / train/loss/inv 0 / train/loss/policy 7.3e-5 / train/loss/rep 1.11 / train/loss/repval 1.35 / train/loss/rew 8.8e-3 / train/loss/value 1.11 / train/rand/action 0.04 / replay/replay_ratio 264 / fps/policy 7.62 / fps/train 1949.65

Writing metrics: /data2/liguoqi/habmm/hab_z/btwm/runs/dreamerv3_atari_pong_seed0_v2_1m/metrics.jsonl
Writing metrics: /data2/liguoqi/habmm/hab_z/btwm/runs/dreamerv3_atari_pong_seed0_v2_1m/scores.jsonl

--------------------[Agent Step 1_747_800]--------------------
Metrics filtered by: 'score|length|fps|ratio|train/loss/|train/acc/|train/inv/|train/rand/'
episode/score 16 / episode/length 2312 / train/acc/inv 0.11 / train/inv/ce 2.09 / train/inv/objective 1.17 / train/inv/valid_frac 1 / train/inv/weight 0 / train/loss/con 0.02 / train/loss/dyn 1.13 / train/loss/image 0.06 / train/loss/inv 0 / train/loss/policy 1.4e-4 / train/loss/rep 1.13 / train/loss/repval 1.35 / train/loss/rew 8.8e-3 / train/loss/value 1.13 / train/rand/action 0.04 / replay/replay_ratio 264 / fps/policy 7.71 / fps/train 1974.89

Writing metrics: /data2/liguoqi/habmm/hab_z/btwm/runs/dreamerv3_atari_pong_seed0_v2_1m/metrics.jsonl
Writing metrics: /data2/liguoqi/habmm/hab_z/btwm/runs/dreamerv3_atari_pong_seed0_v2_1m/scores.jsonl

--------------------[Agent Step 1_751_520]--------------------
Metrics filtered by: 'score|length|fps|ratio|train/loss/|train/acc/|train/inv/|train/rand/'
train/acc/inv 0.11 / train/inv/ce 2.08 / train/inv/objective 1.16 / train/inv/valid_frac 1 / train/inv/weight 0 / train/loss/con 0.02 / train/loss/dyn 1.1 / train/loss/image 0.06 / train/loss/inv 0 / train/loss/policy 2.1e-4 / train/loss/rep 1.1 / train/loss/repval 1.34 / train/loss/rew 8.7e-3 / train/loss/value 1.11 / train/rand/action 0.04 / replay/replay_ratio 264 / fps/policy 7.72 / fps/train 1975.44

Writing metrics: /data2/liguoqi/habmm/hab_z/btwm/runs/dreamerv3_atari_pong_seed0_v2_1m/metrics.jsonl
Writing metrics: /data2/liguoqi/habmm/hab_z/btwm/runs/dreamerv3_atari_pong_seed0_v2_1m/scores.jsonl

--------------------[Agent Step 1_755_120]--------------------
Metrics filtered by: 'score|length|fps|ratio|train/loss/|train/acc/|train/inv/|train/rand/'
train/acc/inv 0.11 / train/inv/ce 2.09 / train/inv/objective 1.17 / train/inv/valid_frac 1 / train/inv/weight 0 / train/loss/con 0.02 / train/loss/dyn 1.1 / train/loss/image 0.05 / train/loss/inv 0 / train/loss/policy 1.1e-4 / train/loss/rep 1.1 / train/loss/repval 1.32 / train/loss/rew 8.8e-3 / train/loss/value 1.1 / train/rand/action 0.04 / replay/replay_ratio 264 / fps/policy 7.49 / fps/train 1918.5

Writing metrics: /data2/liguoqi/habmm/hab_z/btwm/runs/dreamerv3_atari_pong_seed0_v2_1m/metrics.jsonl
Writing metrics: /data2/liguoqi/habmm/hab_z/btwm/runs/dreamerv3_atari_pong_seed0_v2_1m/scores.jsonl

--------------------[Agent Step 1_758_840]--------------------
Metrics filtered by: 'score|length|fps|ratio|train/loss/|train/acc/|train/inv/|train/rand/'
train/acc/inv 0.12 / train/inv/ce 2.08 / train/inv/objective 1.16 / train/inv/valid_frac 1 / train/inv/weight 0 / train/loss/con 0.02 / train/loss/dyn 1.12 / train/loss/image 0.06 / train/loss/inv 0 / train/loss/policy 3e-4 / train/loss/rep 1.12 / train/loss/repval 1.3 / train/loss/rew 8.8e-3 / train/loss/value 1.11 / train/rand/action 0.04 / replay/replay_ratio 264 / fps/policy 7.73 / fps/train 1978.38

Writing metrics: /data2/liguoqi/habmm/hab_z/btwm/runs/dreamerv3_atari_pong_seed0_v2_1m/scores.jsonl
Writing metrics: /data2/liguoqi/habmm/hab_z/btwm/runs/dreamerv3_atari_pong_seed0_v2_1m/metrics.jsonl

--------------------[Agent Step 1_762_520]--------------------
Metrics filtered by: 'score|length|fps|ratio|train/loss/|train/acc/|train/inv/|train/rand/'
episode/score 4 / episode/length 3260 / train/acc/inv 0.11 / train/inv/ce 2.1 / train/inv/objective 1.17 / train/inv/valid_frac 1 / train/inv/weight 0 / train/loss/con 0.02 / train/loss/dyn 1.11 / train/loss/image 0.06 / train/loss/inv 0 / train/loss/policy 7.4e-5 / train/loss/rep 1.11 / train/loss/repval 1.31 / train/loss/rew 9e-3 / train/loss/value 1.09 / train/rand/action 0.04 / replay/replay_ratio 264 / fps/policy 7.63 / fps/train 1953.62

Writing metrics: /data2/liguoqi/habmm/hab_z/btwm/runs/dreamerv3_atari_pong_seed0_v2_1m/scores.jsonl
Writing metrics: /data2/liguoqi/habmm/hab_z/btwm/runs/dreamerv3_atari_pong_seed0_v2_1m/metrics.jsonl

--------------------[Agent Step 1_766_240]--------------------
Metrics filtered by: 'score|length|fps|ratio|train/loss/|train/acc/|train/inv/|train/rand/'
train/acc/inv 0.1 / train/inv/ce 2.11 / train/inv/objective 1.18 / train/inv/valid_frac 1 / train/inv/weight 0 / train/loss/con 0.02 / train/loss/dyn 1.1 / train/loss/image 0.05 / train/loss/inv 0 / train/loss/policy 1.3e-4 / train/loss/rep 1.1 / train/loss/repval 1.33 / train/loss/rew 8.6e-3 / train/loss/value 1.1 / train/rand/action 0.04 / replay/replay_ratio 264 / fps/policy 7.72 / fps/train 1976.84

Writing metrics: /data2/liguoqi/habmm/hab_z/btwm/runs/dreamerv3_atari_pong_seed0_v2_1m/scores.jsonl
Writing metrics: /data2/liguoqi/habmm/hab_z/btwm/runs/dreamerv3_atari_pong_seed0_v2_1m/metrics.jsonl

--------------------[Agent Step 1_769_960]--------------------
Metrics filtered by: 'score|length|fps|ratio|train/loss/|train/acc/|train/inv/|train/rand/'
train/acc/inv 0.11 / train/inv/ce 2.11 / train/inv/objective 1.17 / train/inv/valid_frac 1 / train/inv/weight 0 / train/loss/con 0.02 / train/loss/dyn 1.12 / train/loss/image 0.06 / train/loss/inv 0 / train/loss/policy 1.9e-4 / train/loss/rep 1.12 / train/loss/repval 1.4 / train/loss/rew 8.8e-3 / train/loss/value 1.14 / train/rand/action 0.04 / replay/replay_ratio 264 / fps/policy 7.74 / fps/train 1980.82

Writing metrics: /data2/liguoqi/habmm/hab_z/btwm/runs/dreamerv3_atari_pong_seed0_v2_1m/scores.jsonl
Writing metrics: /data2/liguoqi/habmm/hab_z/btwm/runs/dreamerv3_atari_pong_seed0_v2_1m/metrics.jsonl

--------------------[Agent Step 1_773_680]--------------------
Metrics filtered by: 'score|length|fps|ratio|train/loss/|train/acc/|train/inv/|train/rand/'
episode/score 8 / episode/length 2743 / train/acc/inv 0.12 / train/inv/ce 2.11 / train/inv/objective 1.18 / train/inv/valid_frac 1 / train/inv/weight 0 / train/loss/con 0.02 / train/loss/dyn 1.12 / train/loss/image 0.06 / train/loss/inv 0 / train/loss/policy 2.1e-4 / train/loss/rep 1.12 / train/loss/repval 1.33 / train/loss/rew 8.8e-3 / train/loss/value 1.11 / train/rand/action 0.04 / replay/replay_ratio 264 / fps/policy 7.72 / fps/train 1976.43

Writing metrics: /data2/liguoqi/habmm/hab_z/btwm/runs/dreamerv3_atari_pong_seed0_v2_1m/metrics.jsonl
Writing metrics: /data2/liguoqi/habmm/hab_z/btwm/runs/dreamerv3_atari_pong_seed0_v2_1m/scores.jsonl

--------------------[Agent Step 1_777_400]--------------------
Metrics filtered by: 'score|length|fps|ratio|train/loss/|train/acc/|train/inv/|train/rand/'
train/acc/inv 0.12 / train/inv/ce 2.11 / train/inv/objective 1.18 / train/inv/valid_frac 1 / train/inv/weight 0 / train/loss/con 0.02 / train/loss/dyn 1.1 / train/loss/image 0.06 / train/loss/inv 0 / train/loss/policy 1.7e-4 / train/loss/rep 1.1 / train/loss/repval 1.31 / train/loss/rew 8.7e-3 / train/loss/value 1.09 / train/rand/action 0.04 / replay/replay_ratio 264 / fps/policy 7.74 / fps/train 1981.18

Writing metrics: /data2/liguoqi/habmm/hab_z/btwm/runs/dreamerv3_atari_pong_seed0_v2_1m/metrics.jsonl
Writing metrics: /data2/liguoqi/habmm/hab_z/btwm/runs/dreamerv3_atari_pong_seed0_v2_1m/scores.jsonl

--------------------[Agent Step 1_781_120]--------------------
Metrics filtered by: 'score|length|fps|ratio|train/loss/|train/acc/|train/inv/|train/rand/'
episode/score 14 / episode/length 1928 / train/acc/inv 0.11 / train/inv/ce 2.11 / train/inv/objective 1.18 / train/inv/valid_frac 1 / train/inv/weight 0 / train/loss/con 0.02 / train/loss/dyn 1.1 / train/loss/image 0.06 / train/loss/inv 0 / train/loss/policy 1.6e-4 / train/loss/rep 1.1 / train/loss/repval 1.32 / train/loss/rew 8.7e-3 / train/loss/value 1.1 / train/rand/action 0.04 / replay/replay_ratio 264 / fps/policy 7.7 / fps/train 1970.14

Writing metrics: /data2/liguoqi/habmm/hab_z/btwm/runs/dreamerv3_atari_pong_seed0_v2_1m/metrics.jsonl
Writing metrics: /data2/liguoqi/habmm/hab_z/btwm/runs/dreamerv3_atari_pong_seed0_v2_1m/scores.jsonl

--------------------[Agent Step 1_784_840]--------------------
Metrics filtered by: 'score|length|fps|ratio|train/loss/|train/acc/|train/inv/|train/rand/'
train/acc/inv 0.11 / train/inv/ce 2.11 / train/inv/objective 1.18 / train/inv/valid_frac 1 / train/inv/weight 0 / train/loss/con 0.02 / train/loss/dyn 1.1 / train/loss/image 0.05 / train/loss/inv 0 / train/loss/policy 1.8e-4 / train/loss/rep 1.1 / train/loss/repval 1.3 / train/loss/rew 8.5e-3 / train/loss/value 1.1 / train/rand/action 0.04 / replay/replay_ratio 264 / fps/policy 7.72 / fps/train 1975.26

Writing metrics: /data2/liguoqi/habmm/hab_z/btwm/runs/dreamerv3_atari_pong_seed0_v2_1m/metrics.jsonl
Writing metrics: /data2/liguoqi/habmm/hab_z/btwm/runs/dreamerv3_atari_pong_seed0_v2_1m/scores.jsonl

--------------------[Agent Step 1_788_560]--------------------
Metrics filtered by: 'score|length|fps|ratio|train/loss/|train/acc/|train/inv/|train/rand/'
train/acc/inv 0.11 / train/inv/ce 2.11 / train/inv/objective 1.18 / train/inv/valid_frac 1 / train/inv/weight 0 / train/loss/con 0.02 / train/loss/dyn 1.11 / train/loss/image 0.06 / train/loss/inv 0 / train/loss/policy 6.7e-5 / train/loss/rep 1.11 / train/loss/repval 1.32 / train/loss/rew 8.7e-3 / train/loss/value 1.1 / train/rand/action 0.04 / replay/replay_ratio 264 / fps/policy 7.72 / fps/train 1976.25

Writing metrics: /data2/liguoqi/habmm/hab_z/btwm/runs/dreamerv3_atari_pong_seed0_v2_1m/metrics.jsonl
Writing metrics: /data2/liguoqi/habmm/hab_z/btwm/runs/dreamerv3_atari_pong_seed0_v2_1m/scores.jsonl

--------------------[Agent Step 1_792_240]--------------------
Metrics filtered by: 'score|length|fps|ratio|train/loss/|train/acc/|train/inv/|train/rand/'
episode/score 9 / episode/length 2807 / train/acc/inv 0.12 / train/inv/ce 2.1 / train/inv/objective 1.17 / train/inv/valid_frac 1 / train/inv/weight 0 / train/loss/con 0.02 / train/loss/dyn 1.1 / train/loss/image 0.05 / train/loss/inv 0 / train/loss/policy 1.5e-4 / train/loss/rep 1.1 / train/loss/repval 1.32 / train/loss/rew 8.3e-3 / train/loss/value 1.1 / train/rand/action 0.04 / replay/replay_ratio 264 / fps/policy 7.66 / fps/train 1960.8

Writing metrics: /data2/liguoqi/habmm/hab_z/btwm/runs/dreamerv3_atari_pong_seed0_v2_1m/scores.jsonl
Writing metrics: /data2/liguoqi/habmm/hab_z/btwm/runs/dreamerv3_atari_pong_seed0_v2_1m/metrics.jsonl

--------------------[Agent Step 1_795_960]--------------------
Metrics filtered by: 'score|length|fps|ratio|train/loss/|train/acc/|train/inv/|train/rand/'
train/acc/inv 0.12 / train/inv/ce 2.1 / train/inv/objective 1.17 / train/inv/valid_frac 1 / train/inv/weight 0 / train/loss/con 0.02 / train/loss/dyn 1.1 / train/loss/image 0.05 / train/loss/inv 0 / train/loss/policy 1.8e-4 / train/loss/rep 1.1 / train/loss/repval 1.34 / train/loss/rew 8.6e-3 / train/loss/value 1.11 / train/rand/action 0.04 / replay/replay_ratio 264 / fps/policy 7.71 / fps/train 1973.32

Writing metrics: /data2/liguoqi/habmm/hab_z/btwm/runs/dreamerv3_atari_pong_seed0_v2_1m/scores.jsonl
Writing metrics: /data2/liguoqi/habmm/hab_z/btwm/runs/dreamerv3_atari_pong_seed0_v2_1m/metrics.jsonl

--------------------[Agent Step 1_799_640]--------------------
Metrics filtered by: 'score|length|fps|ratio|train/loss/|train/acc/|train/inv/|train/rand/'
episode/score 10 / episode/length 2274 / train/acc/inv 0.12 / train/inv/ce 2.11 / train/inv/objective 1.18 / train/inv/valid_frac 1 / train/inv/weight 0 / train/loss/con 0.02 / train/loss/dyn 1.1 / train/loss/image 0.05 / train/loss/inv 0 / train/loss/policy 1.8e-4 / train/loss/rep 1.1 / train/loss/repval 1.37 / train/loss/rew 8.7e-3 / train/loss/value 1.14 / train/rand/action 0.04 / replay/replay_ratio 264 / fps/policy 7.63 / fps/train 1952.19

Writing metrics: /data2/liguoqi/habmm/hab_z/btwm/runs/dreamerv3_atari_pong_seed0_v2_1m/metrics.jsonl
Writing metrics: /data2/liguoqi/habmm/hab_z/btwm/runs/dreamerv3_atari_pong_seed0_v2_1m/scores.jsonl

--------------------[Agent Step 1_803_280]--------------------
Metrics filtered by: 'score|length|fps|ratio|train/loss/|train/acc/|train/inv/|train/rand/'
train/acc/inv 0.12 / train/inv/ce 2.11 / train/inv/objective 1.18 / train/inv/valid_frac 1 / train/inv/weight 0 / train/loss/con 0.02 / train/loss/dyn 1.1 / train/loss/image 0.06 / train/loss/inv 0 / train/loss/policy 2.3e-4 / train/loss/rep 1.1 / train/loss/repval 1.45 / train/loss/rew 9e-3 / train/loss/value 1.18 / train/rand/action 0.04 / replay/replay_ratio 264 / fps/policy 7.57 / fps/train 1939.15

Writing metrics: /data2/liguoqi/habmm/hab_z/btwm/runs/dreamerv3_atari_pong_seed0_v2_1m/scores.jsonl
Writing metrics: /data2/liguoqi/habmm/hab_z/btwm/runs/dreamerv3_atari_pong_seed0_v2_1m/metrics.jsonl

--------------------[Agent Step 1_807_000]--------------------
Metrics filtered by: 'score|length|fps|ratio|train/loss/|train/acc/|train/inv/|train/rand/'
episode/score 19 / episode/length 1759 / train/acc/inv 0.12 / train/inv/ce 2.1 / train/inv/objective 1.17 / train/inv/valid_frac 1 / train/inv/weight 0 / train/loss/con 0.02 / train/loss/dyn 1.09 / train/loss/image 0.05 / train/loss/inv 0 / train/loss/policy 1e-4 / train/loss/rep 1.09 / train/loss/repval 1.33 / train/loss/rew 8.6e-3 / train/loss/value 1.09 / train/rand/action 0.04 / replay/replay_ratio 264 / fps/policy 7.71 / fps/train 1972.99

Writing metrics: /data2/liguoqi/habmm/hab_z/btwm/runs/dreamerv3_atari_pong_seed0_v2_1m/metrics.jsonl
Writing metrics: /data2/liguoqi/habmm/hab_z/btwm/runs/dreamerv3_atari_pong_seed0_v2_1m/scores.jsonl

--------------------[Agent Step 1_810_720]--------------------
Metrics filtered by: 'score|length|fps|ratio|train/loss/|train/acc/|train/inv/|train/rand/'
train/acc/inv 0.12 / train/inv/ce 2.1 / train/inv/objective 1.17 / train/inv/valid_frac 1 / train/inv/weight 0 / train/loss/con 0.02 / train/loss/dyn 1.1 / train/loss/image 0.05 / train/loss/inv 0 / train/loss/policy 1.8e-4 / train/loss/rep 1.1 / train/loss/repval 1.31 / train/loss/rew 8.7e-3 / train/loss/value 1.09 / train/rand/action 0.04 / replay/replay_ratio 264 / fps/policy 7.71 / fps/train 1973.25

Writing metrics: /data2/liguoqi/habmm/hab_z/btwm/runs/dreamerv3_atari_pong_seed0_v2_1m/metrics.jsonl
Writing metrics: /data2/liguoqi/habmm/hab_z/btwm/runs/dreamerv3_atari_pong_seed0_v2_1m/scores.jsonl

--------------------[Agent Step 1_814_440]--------------------
Metrics filtered by: 'score|length|fps|ratio|train/loss/|train/acc/|train/inv/|train/rand/'
train/acc/inv 0.12 / train/inv/ce 2.1 / train/inv/objective 1.17 / train/inv/valid_frac 1 / train/inv/weight 0 / train/loss/con 0.02 / train/loss/dyn 1.11 / train/loss/image 0.06 / train/loss/inv 0 / train/loss/policy 2.2e-4 / train/loss/rep 1.11 / train/loss/repval 1.35 / train/loss/rew 8.5e-3 / train/loss/value 1.11 / train/rand/action 0.04 / replay/replay_ratio 264 / fps/policy 7.74 / fps/train 1981.46

Writing metrics: /data2/liguoqi/habmm/hab_z/btwm/runs/dreamerv3_atari_pong_seed0_v2_1m/metrics.jsonl
Writing metrics: /data2/liguoqi/habmm/hab_z/btwm/runs/dreamerv3_atari_pong_seed0_v2_1m/scores.jsonl

--------------------[Agent Step 1_818_160]--------------------
Metrics filtered by: 'score|length|fps|ratio|train/loss/|train/acc/|train/inv/|train/rand/'
episode/score 11 / episode/length 2570 / train/acc/inv 0.12 / train/inv/ce 2.1 / train/inv/objective 1.17 / train/inv/valid_frac 1 / train/inv/weight 0 / train/loss/con 0.02 / train/loss/dyn 1.1 / train/loss/image 0.06 / train/loss/inv 0 / train/loss/policy 9.6e-5 / train/loss/rep 1.1 / train/loss/repval 1.31 / train/loss/rew 8.8e-3 / train/loss/value 1.09 / train/rand/action 0.04 / replay/replay_ratio 264 / fps/policy 7.69 / fps/train 1968.47

Writing metrics: /data2/liguoqi/habmm/hab_z/btwm/runs/dreamerv3_atari_pong_seed0_v2_1m/metrics.jsonl
Writing metrics: /data2/liguoqi/habmm/hab_z/btwm/runs/dreamerv3_atari_pong_seed0_v2_1m/scores.jsonl

--------------------[Agent Step 1_821_880]--------------------
Metrics filtered by: 'score|length|fps|ratio|train/loss/|train/acc/|train/inv/|train/rand/'
train/acc/inv 0.12 / train/inv/ce 2.11 / train/inv/objective 1.18 / train/inv/valid_frac 1 / train/inv/weight 0 / train/loss/con 0.02 / train/loss/dyn 1.1 / train/loss/image 0.06 / train/loss/inv 0 / train/loss/policy 1.3e-4 / train/loss/rep 1.1 / train/loss/repval 1.32 / train/loss/rew 8.6e-3 / train/loss/value 1.11 / train/rand/action 0.04 / replay/replay_ratio 264 / fps/policy 7.72 / fps/train 1977.59

Writing metrics: /data2/liguoqi/habmm/hab_z/btwm/runs/dreamerv3_atari_pong_seed0_v2_1m/scores.jsonl
Writing metrics: /data2/liguoqi/habmm/hab_z/btwm/runs/dreamerv3_atari_pong_seed0_v2_1m/metrics.jsonl

--------------------[Agent Step 1_825_600]--------------------
Metrics filtered by: 'score|length|fps|ratio|train/loss/|train/acc/|train/inv/|train/rand/'
episode/score 15 / episode/length 2165 / train/acc/inv 0.12 / train/inv/ce 2.11 / train/inv/objective 1.18 / train/inv/valid_frac 1 / train/inv/weight 0 / train/loss/con 0.02 / train/loss/dyn 1.11 / train/loss/image 0.06 / train/loss/inv 0 / train/loss/policy 2.3e-4 / train/loss/rep 1.11 / train/loss/repval 1.35 / train/loss/rew 8.6e-3 / train/loss/value 1.13 / train/rand/action 0.04 / replay/replay_ratio 264 / fps/policy 7.72 / fps/train 1975.29

Writing metrics: /data2/liguoqi/habmm/hab_z/btwm/runs/dreamerv3_atari_pong_seed0_v2_1m/metrics.jsonl
Writing metrics: /data2/liguoqi/habmm/hab_z/btwm/runs/dreamerv3_atari_pong_seed0_v2_1m/scores.jsonl

--------------------[Agent Step 1_829_280]--------------------
Metrics filtered by: 'score|length|fps|ratio|train/loss/|train/acc/|train/inv/|train/rand/'
train/acc/inv 0.12 / train/inv/ce 2.11 / train/inv/objective 1.18 / train/inv/valid_frac 1 / train/inv/weight 0 / train/loss/con 0.02 / train/loss/dyn 1.1 / train/loss/image 0.05 / train/loss/inv 0 / train/loss/policy 2.2e-4 / train/loss/rep 1.1 / train/loss/repval 1.3 / train/loss/rew 8.8e-3 / train/loss/value 1.09 / train/rand/action 0.04 / replay/replay_ratio 264 / fps/policy 7.64 / fps/train 1956.61

Writing metrics: /data2/liguoqi/habmm/hab_z/btwm/runs/dreamerv3_atari_pong_seed0_v2_1m/metrics.jsonl
Writing metrics: /data2/liguoqi/habmm/hab_z/btwm/runs/dreamerv3_atari_pong_seed0_v2_1m/scores.jsonl

--------------------[Agent Step 1_832_920]--------------------
Metrics filtered by: 'score|length|fps|ratio|train/loss/|train/acc/|train/inv/|train/rand/'
train/acc/inv 0.12 / train/inv/ce 2.11 / train/inv/objective 1.18 / train/inv/valid_frac 1 / train/inv/weight 0 / train/loss/con 0.02 / train/loss/dyn 1.1 / train/loss/image 0.06 / train/loss/inv 0 / train/loss/policy 1.7e-4 / train/loss/rep 1.1 / train/loss/repval 1.31 / train/loss/rew 8.5e-3 / train/loss/value 1.09 / train/rand/action 0.04 / replay/replay_ratio 264 / fps/policy 7.54 / fps/train 1931.31

Writing metrics: /data2/liguoqi/habmm/hab_z/btwm/runs/dreamerv3_atari_pong_seed0_v2_1m/metrics.jsonl
Writing metrics: /data2/liguoqi/habmm/hab_z/btwm/runs/dreamerv3_atari_pong_seed0_v2_1m/scores.jsonl

--------------------[Agent Step 1_836_640]--------------------
Metrics filtered by: 'score|length|fps|ratio|train/loss/|train/acc/|train/inv/|train/rand/'
episode/score 10 / episode/length 2432 / train/acc/inv 0.12 / train/inv/ce 2.11 / train/inv/objective 1.18 / train/inv/valid_frac 1 / train/inv/weight 0 / train/loss/con 0.02 / train/loss/dyn 1.1 / train/loss/image 0.06 / train/loss/inv 0 / train/loss/policy 1.5e-4 / train/loss/rep 1.1 / train/loss/repval 1.31 / train/loss/rew 8.8e-3 / train/loss/value 1.09 / train/rand/action 0.04 / replay/replay_ratio 264 / fps/policy 7.72 / fps/train 1976.87

Writing metrics: /data2/liguoqi/habmm/hab_z/btwm/runs/dreamerv3_atari_pong_seed0_v2_1m/metrics.jsonl
Writing metrics: /data2/liguoqi/habmm/hab_z/btwm/runs/dreamerv3_atari_pong_seed0_v2_1m/scores.jsonl

--------------------[Agent Step 1_840_360]--------------------
Metrics filtered by: 'score|length|fps|ratio|train/loss/|train/acc/|train/inv/|train/rand/'
train/acc/inv 0.12 / train/inv/ce 2.11 / train/inv/objective 1.18 / train/inv/valid_frac 1 / train/inv/weight 0 / train/loss/con 0.02 / train/loss/dyn 1.09 / train/loss/image 0.05 / train/loss/inv 0 / train/loss/policy 1.1e-4 / train/loss/rep 1.09 / train/loss/repval 1.35 / train/loss/rew 8.7e-3 / train/loss/value 1.11 / train/rand/action 0.04 / replay/replay_ratio 264 / fps/policy 7.73 / fps/train 1979.78

Writing metrics: /data2/liguoqi/habmm/hab_z/btwm/runs/dreamerv3_atari_pong_seed0_v2_1m/metrics.jsonl
Writing metrics: /data2/liguoqi/habmm/hab_z/btwm/runs/dreamerv3_atari_pong_seed0_v2_1m/scores.jsonl

--------------------[Agent Step 1_844_080]--------------------
Metrics filtered by: 'score|length|fps|ratio|train/loss/|train/acc/|train/inv/|train/rand/'
train/acc/inv 0.12 / train/inv/ce 2.12 / train/inv/objective 1.18 / train/inv/valid_frac 1 / train/inv/weight 0 / train/loss/con 0.02 / train/loss/dyn 1.1 / train/loss/image 0.06 / train/loss/inv 0 / train/loss/policy 1.8e-4 / train/loss/rep 1.1 / train/loss/repval 1.35 / train/loss/rew 8.6e-3 / train/loss/value 1.12 / train/rand/action 0.04 / replay/replay_ratio 264 / fps/policy 7.69 / fps/train 1967.39

Writing metrics: /data2/liguoqi/habmm/hab_z/btwm/runs/dreamerv3_atari_pong_seed0_v2_1m/metrics.jsonl
Writing metrics: /data2/liguoqi/habmm/hab_z/btwm/runs/dreamerv3_atari_pong_seed0_v2_1m/scores.jsonl

--------------------[Agent Step 1_847_720]--------------------
Metrics filtered by: 'score|length|fps|ratio|train/loss/|train/acc/|train/inv/|train/rand/'
episode/score 9 / episode/length 2784 / train/acc/inv 0.12 / train/inv/ce 2.12 / train/inv/objective 1.18 / train/inv/valid_frac 1 / train/inv/weight 0 / train/loss/con 0.02 / train/loss/dyn 1.1 / train/loss/image 0.06 / train/loss/inv 0 / train/loss/policy 2.6e-4 / train/loss/rep 1.1 / train/loss/repval 1.36 / train/loss/rew 8.6e-3 / train/loss/value 1.13 / train/rand/action 0.04 / replay/replay_ratio 264 / fps/policy 7.5 / fps/train 1921.15

Writing metrics: /data2/liguoqi/habmm/hab_z/btwm/runs/dreamerv3_atari_pong_seed0_v2_1m/metrics.jsonl
Writing metrics: /data2/liguoqi/habmm/hab_z/btwm/runs/dreamerv3_atari_pong_seed0_v2_1m/scores.jsonl
Saving checkpoint: /data2/liguoqi/habmm/hab_z/btwm/runs/dreamerv3_atari_pong_seed0_v2_1m/ckpt/20260614T113954F610881
Saved checkpoint.

--------------------[Agent Step 1_849_920]--------------------
Metrics filtered by: 'score|length|fps|ratio|train/loss/|train/acc/|train/inv/|train/rand/'
train/acc/inv 0.11 / train/inv/ce 2.12 / train/inv/objective 1.18 / train/inv/valid_frac 1 / train/inv/weight 0 / train/loss/con 0.02 / train/loss/dyn 1.1 / train/loss/image 0.05 / train/loss/inv 0 / train/loss/policy 1.3e-4 / train/loss/rep 1.1 / train/loss/repval 1.33 / train/loss/rew 8.4e-3 / train/loss/value 1.11 / train/rand/action 0.04 / replay/replay_ratio 264 / fps/policy 4.57 / fps/train 1168.75

Writing metrics: /data2/liguoqi/habmm/hab_z/btwm/runs/dreamerv3_atari_pong_seed0_v2_1m/scores.jsonl
Writing metrics: /data2/liguoqi/habmm/hab_z/btwm/runs/dreamerv3_atari_pong_seed0_v2_1m/metrics.jsonl

--------------------[Agent Step 1_853_600]--------------------
Metrics filtered by: 'score|length|fps|ratio|train/loss/|train/acc/|train/inv/|train/rand/'
train/acc/inv 0.12 / train/inv/ce 2.11 / train/inv/objective 1.18 / train/inv/valid_frac 1 / train/inv/weight 0 / train/loss/con 0.02 / train/loss/dyn 1.1 / train/loss/image 0.06 / train/loss/inv 0 / train/loss/policy 1.9e-4 / train/loss/rep 1.1 / train/loss/repval 1.31 / train/loss/rew 8.7e-3 / train/loss/value 1.11 / train/rand/action 0.04 / replay/replay_ratio 264 / fps/policy 7.63 / fps/train 1953.73

Writing metrics: /data2/liguoqi/habmm/hab_z/btwm/runs/dreamerv3_atari_pong_seed0_v2_1m/metrics.jsonl
Writing metrics: /data2/liguoqi/habmm/hab_z/btwm/runs/dreamerv3_atari_pong_seed0_v2_1m/scores.jsonl

--------------------[Agent Step 1_857_320]--------------------
Metrics filtered by: 'score|length|fps|ratio|train/loss/|train/acc/|train/inv/|train/rand/'
episode/score 16 / episode/length 2291 / train/acc/inv 0.12 / train/inv/ce 2.11 / train/inv/objective 1.18 / train/inv/valid_frac 1 / train/inv/weight 0 / train/loss/con 0.02 / train/loss/dyn 1.11 / train/loss/image 0.06 / train/loss/inv 0 / train/loss/policy 1.8e-4 / train/loss/rep 1.11 / train/loss/repval 1.35 / train/loss/rew 8.5e-3 / train/loss/value 1.12 / train/rand/action 0.04 / replay/replay_ratio 264 / fps/policy 7.66 / fps/train 1961.85

Writing metrics: /data2/liguoqi/habmm/hab_z/btwm/runs/dreamerv3_atari_pong_seed0_v2_1m/scores.jsonl
Writing metrics: /data2/liguoqi/habmm/hab_z/btwm/runs/dreamerv3_atari_pong_seed0_v2_1m/metrics.jsonl

--------------------[Agent Step 1_861_000]--------------------
Metrics filtered by: 'score|length|fps|ratio|train/loss/|train/acc/|train/inv/|train/rand/'
train/acc/inv 0.11 / train/inv/ce 2.11 / train/inv/objective 1.18 / train/inv/valid_frac 1 / train/inv/weight 0 / train/loss/con 0.02 / train/loss/dyn 1.1 / train/loss/image 0.05 / train/loss/inv 0 / train/loss/policy 1.7e-4 / train/loss/rep 1.1 / train/loss/repval 1.31 / train/loss/rew 9e-3 / train/loss/value 1.1 / train/rand/action 0.04 / replay/replay_ratio 264 / fps/policy 7.69 / fps/train 1967.97

Writing metrics: /data2/liguoqi/habmm/hab_z/btwm/runs/dreamerv3_atari_pong_seed0_v2_1m/metrics.jsonl
Writing metrics: /data2/liguoqi/habmm/hab_z/btwm/runs/dreamerv3_atari_pong_seed0_v2_1m/scores.jsonl

--------------------[Agent Step 1_864_680]--------------------
Metrics filtered by: 'score|length|fps|ratio|train/loss/|train/acc/|train/inv/|train/rand/'
episode/score 8 / episode/length 2243 / train/acc/inv 0.11 / train/inv/ce 2.13 / train/inv/objective 1.19 / train/inv/valid_frac 1 / train/inv/weight 0 / train/loss/con 0.02 / train/loss/dyn 1.11 / train/loss/image 0.06 / train/loss/inv 0 / train/loss/policy 1.5e-4 / train/loss/rep 1.11 / train/loss/repval 1.32 / train/loss/rew 8.6e-3 / train/loss/value 1.11 / train/rand/action 0.04 / replay/replay_ratio 264 / fps/policy 7.65 / fps/train 1958.14

Writing metrics: /data2/liguoqi/habmm/hab_z/btwm/runs/dreamerv3_atari_pong_seed0_v2_1m/metrics.jsonl
Writing metrics: /data2/liguoqi/habmm/hab_z/btwm/runs/dreamerv3_atari_pong_seed0_v2_1m/scores.jsonl

--------------------[Agent Step 1_868_400]--------------------
Metrics filtered by: 'score|length|fps|ratio|train/loss/|train/acc/|train/inv/|train/rand/'
train/acc/inv 0.11 / train/inv/ce 2.13 / train/inv/objective 1.19 / train/inv/valid_frac 1 / train/inv/weight 0 / train/loss/con 0.02 / train/loss/dyn 1.09 / train/loss/image 0.05 / train/loss/inv 0 / train/loss/policy 1.7e-4 / train/loss/rep 1.09 / train/loss/repval 1.3 / train/loss/rew 8.8e-3 / train/loss/value 1.1 / train/rand/action 0.04 / replay/replay_ratio 264 / fps/policy 7.71 / fps/train 1972.5

Writing metrics: /data2/liguoqi/habmm/hab_z/btwm/runs/dreamerv3_atari_pong_seed0_v2_1m/metrics.jsonl
Writing metrics: /data2/liguoqi/habmm/hab_z/btwm/runs/dreamerv3_atari_pong_seed0_v2_1m/scores.jsonl

--------------------[Agent Step 1_872_120]--------------------
Metrics filtered by: 'score|length|fps|ratio|train/loss/|train/acc/|train/inv/|train/rand/'
train/acc/inv 0.12 / train/inv/ce 2.12 / train/inv/objective 1.19 / train/inv/valid_frac 1 / train/inv/weight 0 / train/loss/con 0.02 / train/loss/dyn 1.1 / train/loss/image 0.05 / train/loss/inv 0 / train/loss/policy 1.3e-4 / train/loss/rep 1.1 / train/loss/repval 1.29 / train/loss/rew 8.6e-3 / train/loss/value 1.09 / train/rand/action 0.04 / replay/replay_ratio 264 / fps/policy 7.71 / fps/train 1973.43

Writing metrics: /data2/liguoqi/habmm/hab_z/btwm/runs/dreamerv3_atari_pong_seed0_v2_1m/metrics.jsonl
Writing metrics: /data2/liguoqi/habmm/hab_z/btwm/runs/dreamerv3_atari_pong_seed0_v2_1m/scores.jsonl

--------------------[Agent Step 1_875_840]--------------------
Metrics filtered by: 'score|length|fps|ratio|train/loss/|train/acc/|train/inv/|train/rand/'
episode/score 9 / episode/length 2433 / train/acc/inv 0.12 / train/inv/ce 2.13 / train/inv/objective 1.19 / train/inv/valid_frac 1 / train/inv/weight 0 / train/loss/con 0.02 / train/loss/dyn 1.09 / train/loss/image 0.05 / train/loss/inv 0 / train/loss/policy 2.3e-4 / train/loss/rep 1.09 / train/loss/repval 1.3 / train/loss/rew 8.7e-3 / train/loss/value 1.1 / train/rand/action 0.04 / replay/replay_ratio 264 / fps/policy 7.7 / fps/train 1970.34

Writing metrics: /data2/liguoqi/habmm/hab_z/btwm/runs/dreamerv3_atari_pong_seed0_v2_1m/metrics.jsonl
Writing metrics: /data2/liguoqi/habmm/hab_z/btwm/runs/dreamerv3_atari_pong_seed0_v2_1m/scores.jsonl

--------------------[Agent Step 1_879_560]--------------------
Metrics filtered by: 'score|length|fps|ratio|train/loss/|train/acc/|train/inv/|train/rand/'
train/acc/inv 0.12 / train/inv/ce 2.13 / train/inv/objective 1.19 / train/inv/valid_frac 1 / train/inv/weight 0 / train/loss/con 0.02 / train/loss/dyn 1.1 / train/loss/image 0.05 / train/loss/inv 0 / train/loss/policy 1.7e-4 / train/loss/rep 1.1 / train/loss/repval 1.31 / train/loss/rew 8.6e-3 / train/loss/value 1.1 / train/rand/action 0.04 / replay/replay_ratio 264 / fps/policy 7.73 / fps/train 1978.44

Writing metrics: /data2/liguoqi/habmm/hab_z/btwm/runs/dreamerv3_atari_pong_seed0_v2_1m/metrics.jsonl
Writing metrics: /data2/liguoqi/habmm/hab_z/btwm/runs/dreamerv3_atari_pong_seed0_v2_1m/scores.jsonl

--------------------[Agent Step 1_883_280]--------------------
Metrics filtered by: 'score|length|fps|ratio|train/loss/|train/acc/|train/inv/|train/rand/'
episode/score 19 / episode/length 2042 / train/acc/inv 0.12 / train/inv/ce 2.12 / train/inv/objective 1.18 / train/inv/valid_frac 1 / train/inv/weight 0 / train/loss/con 0.02 / train/loss/dyn 1.1 / train/loss/image 0.06 / train/loss/inv 0 / train/loss/policy 1.3e-4 / train/loss/rep 1.1 / train/loss/repval 1.35 / train/loss/rew 8.6e-3 / train/loss/value 1.12 / train/rand/action 0.04 / replay/replay_ratio 264 / fps/policy 7.7 / fps/train 1970.7

Writing metrics: /data2/liguoqi/habmm/hab_z/btwm/runs/dreamerv3_atari_pong_seed0_v2_1m/scores.jsonl
Writing metrics: /data2/liguoqi/habmm/hab_z/btwm/runs/dreamerv3_atari_pong_seed0_v2_1m/metrics.jsonl

--------------------[Agent Step 1_886_840]--------------------
Metrics filtered by: 'score|length|fps|ratio|train/loss/|train/acc/|train/inv/|train/rand/'
train/acc/inv 0.13 / train/inv/ce 2.11 / train/inv/objective 1.18 / train/inv/valid_frac 1 / train/inv/weight 0 / train/loss/con 0.02 / train/loss/dyn 1.1 / train/loss/image 0.05 / train/loss/inv 0 / train/loss/policy 1.6e-4 / train/loss/rep 1.1 / train/loss/repval 1.3 / train/loss/rew 8.5e-3 / train/loss/value 1.09 / train/rand/action 0.04 / replay/replay_ratio 264 / fps/policy 7.4 / fps/train 1893.95

Writing metrics: /data2/liguoqi/habmm/hab_z/btwm/runs/dreamerv3_atari_pong_seed0_v2_1m/metrics.jsonl
Writing metrics: /data2/liguoqi/habmm/hab_z/btwm/runs/dreamerv3_atari_pong_seed0_v2_1m/scores.jsonl

--------------------[Agent Step 1_890_480]--------------------
Metrics filtered by: 'score|length|fps|ratio|train/loss/|train/acc/|train/inv/|train/rand/'
train/acc/inv 0.12 / train/inv/ce 2.11 / train/inv/objective 1.18 / train/inv/valid_frac 1 / train/inv/weight 0 / train/loss/con 0.02 / train/loss/dyn 1.1 / train/loss/image 0.05 / train/loss/inv 0 / train/loss/policy 1.3e-4 / train/loss/rep 1.1 / train/loss/repval 1.31 / train/loss/rew 8.6e-3 / train/loss/value 1.1 / train/rand/action 0.04 / replay/replay_ratio 264 / fps/policy 7.5 / fps/train 1921.27

Writing metrics: /data2/liguoqi/habmm/hab_z/btwm/runs/dreamerv3_atari_pong_seed0_v2_1m/metrics.jsonl
Writing metrics: /data2/liguoqi/habmm/hab_z/btwm/runs/dreamerv3_atari_pong_seed0_v2_1m/scores.jsonl

--------------------[Agent Step 1_894_200]--------------------
Metrics filtered by: 'score|length|fps|ratio|train/loss/|train/acc/|train/inv/|train/rand/'
episode/score 16 / episode/length 2361 / train/acc/inv 0.12 / train/inv/ce 2.11 / train/inv/objective 1.18 / train/inv/valid_frac 1 / train/inv/weight 0 / train/loss/con 0.02 / train/loss/dyn 1.09 / train/loss/image 0.05 / train/loss/inv 0 / train/loss/policy 8.8e-5 / train/loss/rep 1.09 / train/loss/repval 1.33 / train/loss/rew 8.4e-3 / train/loss/value 1.11 / train/rand/action 0.04 / replay/replay_ratio 264 / fps/policy 7.74 / fps/train 1980.96

Writing metrics: /data2/liguoqi/habmm/hab_z/btwm/runs/dreamerv3_atari_pong_seed0_v2_1m/metrics.jsonl
Writing metrics: /data2/liguoqi/habmm/hab_z/btwm/runs/dreamerv3_atari_pong_seed0_v2_1m/scores.jsonl

--------------------[Agent Step 1_897_920]--------------------
Metrics filtered by: 'score|length|fps|ratio|train/loss/|train/acc/|train/inv/|train/rand/'
train/acc/inv 0.13 / train/inv/ce 2.1 / train/inv/objective 1.17 / train/inv/valid_frac 1 / train/inv/weight 0 / train/loss/con 0.02 / train/loss/dyn 1.1 / train/loss/image 0.06 / train/loss/inv 0 / train/loss/policy 1.5e-4 / train/loss/rep 1.1 / train/loss/repval 1.31 / train/loss/rew 8.9e-3 / train/loss/value 1.09 / train/rand/action 0.04 / replay/replay_ratio 264 / fps/policy 7.73 / fps/train 1978.65

Writing metrics: /data2/liguoqi/habmm/hab_z/btwm/runs/dreamerv3_atari_pong_seed0_v2_1m/scores.jsonl
Writing metrics: /data2/liguoqi/habmm/hab_z/btwm/runs/dreamerv3_atari_pong_seed0_v2_1m/metrics.jsonl

--------------------[Agent Step 1_901_640]--------------------
Metrics filtered by: 'score|length|fps|ratio|train/loss/|train/acc/|train/inv/|train/rand/'
episode/score 12 / episode/length 2375 / train/acc/inv 0.13 / train/inv/ce 2.1 / train/inv/objective 1.17 / train/inv/valid_frac 1 / train/inv/weight 0 / train/loss/con 0.02 / train/loss/dyn 1.1 / train/loss/image 0.06 / train/loss/inv 0 / train/loss/policy 1.1e-4 / train/loss/rep 1.1 / train/loss/repval 1.32 / train/loss/rew 8.7e-3 / train/loss/value 1.1 / train/rand/action 0.04 / replay/replay_ratio 264 / fps/policy 7.69 / fps/train 1967.59

Writing metrics: /data2/liguoqi/habmm/hab_z/btwm/runs/dreamerv3_atari_pong_seed0_v2_1m/scores.jsonl
Writing metrics: /data2/liguoqi/habmm/hab_z/btwm/runs/dreamerv3_atari_pong_seed0_v2_1m/metrics.jsonl

--------------------[Agent Step 1_905_360]--------------------
Metrics filtered by: 'score|length|fps|ratio|train/loss/|train/acc/|train/inv/|train/rand/'
train/acc/inv 0.13 / train/inv/ce 2.1 / train/inv/objective 1.17 / train/inv/valid_frac 1 / train/inv/weight 0 / train/loss/con 0.02 / train/loss/dyn 1.11 / train/loss/image 0.06 / train/loss/inv 0 / train/loss/policy 3.4e-5 / train/loss/rep 1.11 / train/loss/repval 1.39 / train/loss/rew 8.7e-3 / train/loss/value 1.13 / train/rand/action 0.04 / replay/replay_ratio 264 / fps/policy 7.7 / fps/train 1971.61

Writing metrics: /data2/liguoqi/habmm/hab_z/btwm/runs/dreamerv3_atari_pong_seed0_v2_1m/metrics.jsonl
Writing metrics: /data2/liguoqi/habmm/hab_z/btwm/runs/dreamerv3_atari_pong_seed0_v2_1m/scores.jsonl

--------------------[Agent Step 1_909_080]--------------------
Metrics filtered by: 'score|length|fps|ratio|train/loss/|train/acc/|train/inv/|train/rand/'
train/acc/inv 0.13 / train/inv/ce 2.1 / train/inv/objective 1.17 / train/inv/valid_frac 1 / train/inv/weight 0 / train/loss/con 0.02 / train/loss/dyn 1.1 / train/loss/image 0.06 / train/loss/inv 0 / train/loss/policy 2.5e-4 / train/loss/rep 1.1 / train/loss/repval 1.32 / train/loss/rew 8.5e-3 / train/loss/value 1.11 / train/rand/action 0.04 / replay/replay_ratio 264 / fps/policy 7.69 / fps/train 1967.63

Writing metrics: /data2/liguoqi/habmm/hab_z/btwm/runs/dreamerv3_atari_pong_seed0_v2_1m/metrics.jsonl
Writing metrics: /data2/liguoqi/habmm/hab_z/btwm/runs/dreamerv3_atari_pong_seed0_v2_1m/scores.jsonl

--------------------[Agent Step 1_912_800]--------------------
Metrics filtered by: 'score|length|fps|ratio|train/loss/|train/acc/|train/inv/|train/rand/'
episode/score -7 / episode/length 2583 / train/acc/inv 0.13 / train/inv/ce 2.12 / train/inv/objective 1.18 / train/inv/valid_frac 1 / train/inv/weight 0 / train/loss/con 0.02 / train/loss/dyn 1.12 / train/loss/image 0.06 / train/loss/inv 0 / train/loss/policy 1.7e-4 / train/loss/rep 1.12 / train/loss/repval 1.32 / train/loss/rew 8.8e-3 / train/loss/value 1.1 / train/rand/action 0.04 / replay/replay_ratio 264 / fps/policy 7.66 / fps/train 1961.44

Writing metrics: /data2/liguoqi/habmm/hab_z/btwm/runs/dreamerv3_atari_pong_seed0_v2_1m/scores.jsonl
Writing metrics: /data2/liguoqi/habmm/hab_z/btwm/runs/dreamerv3_atari_pong_seed0_v2_1m/metrics.jsonl

--------------------[Agent Step 1_916_480]--------------------
Metrics filtered by: 'score|length|fps|ratio|train/loss/|train/acc/|train/inv/|train/rand/'
train/acc/inv 0.13 / train/inv/ce 2.11 / train/inv/objective 1.18 / train/inv/valid_frac 1 / train/inv/weight 0 / train/loss/con 0.02 / train/loss/dyn 1.1 / train/loss/image 0.05 / train/loss/inv 0 / train/loss/policy 2.1e-4 / train/loss/rep 1.1 / train/loss/repval 1.33 / train/loss/rew 8.8e-3 / train/loss/value 1.12 / train/rand/action 0.04 / replay/replay_ratio 264 / fps/policy 7.72 / fps/train 1977.48

Writing metrics: /data2/liguoqi/habmm/hab_z/btwm/runs/dreamerv3_atari_pong_seed0_v2_1m/metrics.jsonl
Writing metrics: /data2/liguoqi/habmm/hab_z/btwm/runs/dreamerv3_atari_pong_seed0_v2_1m/scores.jsonl

--------------------[Agent Step 1_920_200]--------------------
Metrics filtered by: 'score|length|fps|ratio|train/loss/|train/acc/|train/inv/|train/rand/'
train/acc/inv 0.13 / train/inv/ce 2.11 / train/inv/objective 1.18 / train/inv/valid_frac 1 / train/inv/weight 0 / train/loss/con 0.02 / train/loss/dyn 1.1 / train/loss/image 0.05 / train/loss/inv 0 / train/loss/policy 1.4e-4 / train/loss/rep 1.1 / train/loss/repval 1.31 / train/loss/rew 8.5e-3 / train/loss/value 1.11 / train/rand/action 0.04 / replay/replay_ratio 264 / fps/policy 7.72 / fps/train 1975.18

Writing metrics: /data2/liguoqi/habmm/hab_z/btwm/runs/dreamerv3_atari_pong_seed0_v2_1m/scores.jsonl
Writing metrics: /data2/liguoqi/habmm/hab_z/btwm/runs/dreamerv3_atari_pong_seed0_v2_1m/metrics.jsonl

--------------------[Agent Step 1_923_920]--------------------
Metrics filtered by: 'score|length|fps|ratio|train/loss/|train/acc/|train/inv/|train/rand/'
episode/score 18 / episode/length 2257 / train/acc/inv 0.13 / train/inv/ce 2.1 / train/inv/objective 1.17 / train/inv/valid_frac 1 / train/inv/weight 0 / train/loss/con 0.02 / train/loss/dyn 1.1 / train/loss/image 0.06 / train/loss/inv 0 / train/loss/policy 1.4e-4 / train/loss/rep 1.1 / train/loss/repval 1.3 / train/loss/rew 8.8e-3 / train/loss/value 1.1 / train/rand/action 0.04 / replay/replay_ratio 264 / fps/policy 7.7 / fps/train 1970.92

Writing metrics: /data2/liguoqi/habmm/hab_z/btwm/runs/dreamerv3_atari_pong_seed0_v2_1m/metrics.jsonl
Writing metrics: /data2/liguoqi/habmm/hab_z/btwm/runs/dreamerv3_atari_pong_seed0_v2_1m/scores.jsonl

--------------------[Agent Step 1_927_640]--------------------
Metrics filtered by: 'score|length|fps|ratio|train/loss/|train/acc/|train/inv/|train/rand/'
train/acc/inv 0.13 / train/inv/ce 2.1 / train/inv/objective 1.17 / train/inv/valid_frac 1 / train/inv/weight 0 / train/loss/con 0.02 / train/loss/dyn 1.09 / train/loss/image 0.05 / train/loss/inv 0 / train/loss/policy 1.7e-4 / train/loss/rep 1.09 / train/loss/repval 1.29 / train/loss/rew 8.6e-3 / train/loss/value 1.09 / train/rand/action 0.04 / replay/replay_ratio 264 / fps/policy 7.72 / fps/train 1975.37

Writing metrics: /data2/liguoqi/habmm/hab_z/btwm/runs/dreamerv3_atari_pong_seed0_v2_1m/metrics.jsonl
Writing metrics: /data2/liguoqi/habmm/hab_z/btwm/runs/dreamerv3_atari_pong_seed0_v2_1m/scores.jsonl

--------------------[Agent Step 1_931_320]--------------------
Metrics filtered by: 'score|length|fps|ratio|train/loss/|train/acc/|train/inv/|train/rand/'
episode/score 13 / episode/length 2002 / train/acc/inv 0.12 / train/inv/ce 2.1 / train/inv/objective 1.17 / train/inv/valid_frac 1 / train/inv/weight 0 / train/loss/con 0.02 / train/loss/dyn 1.09 / train/loss/image 0.05 / train/loss/inv 0 / train/loss/policy 1.5e-4 / train/loss/rep 1.09 / train/loss/repval 1.3 / train/loss/rew 8.7e-3 / train/loss/value 1.09 / train/rand/action 0.04 / replay/replay_ratio 264 / fps/policy 7.66 / fps/train 1960.86

Writing metrics: /data2/liguoqi/habmm/hab_z/btwm/runs/dreamerv3_atari_pong_seed0_v2_1m/scores.jsonl
Writing metrics: /data2/liguoqi/habmm/hab_z/btwm/runs/dreamerv3_atari_pong_seed0_v2_1m/metrics.jsonl

--------------------[Agent Step 1_935_000]--------------------
Metrics filtered by: 'score|length|fps|ratio|train/loss/|train/acc/|train/inv/|train/rand/'
train/acc/inv 0.13 / train/inv/ce 2.11 / train/inv/objective 1.18 / train/inv/valid_frac 1 / train/inv/weight 0 / train/loss/con 0.02 / train/loss/dyn 1.09 / train/loss/image 0.05 / train/loss/inv 0 / train/loss/policy 1.9e-4 / train/loss/rep 1.09 / train/loss/repval 1.33 / train/loss/rew 8.5e-3 / train/loss/value 1.11 / train/rand/action 0.04 / replay/replay_ratio 264 / fps/policy 7.65 / fps/train 1958.72

Writing metrics: /data2/liguoqi/habmm/hab_z/btwm/runs/dreamerv3_atari_pong_seed0_v2_1m/scores.jsonl
Writing metrics: /data2/liguoqi/habmm/hab_z/btwm/runs/dreamerv3_atari_pong_seed0_v2_1m/metrics.jsonl

--------------------[Agent Step 1_938_360]--------------------
Metrics filtered by: 'score|length|fps|ratio|train/loss/|train/acc/|train/inv/|train/rand/'
train/acc/inv 0.13 / train/inv/ce 2.1 / train/inv/objective 1.17 / train/inv/valid_frac 1 / train/inv/weight 0 / train/loss/con 0.02 / train/loss/dyn 1.1 / train/loss/image 0.05 / train/loss/inv 0 / train/loss/policy 9.4e-5 / train/loss/rep 1.1 / train/loss/repval 1.3 / train/loss/rew 8.5e-3 / train/loss/value 1.09 / train/rand/action 0.04 / replay/replay_ratio 264 / fps/policy 6.99 / fps/train 1790.33

Writing metrics: /data2/liguoqi/habmm/hab_z/btwm/runs/dreamerv3_atari_pong_seed0_v2_1m/scores.jsonl
Writing metrics: /data2/liguoqi/habmm/hab_z/btwm/runs/dreamerv3_atari_pong_seed0_v2_1m/metrics.jsonl

--------------------[Agent Step 1_942_000]--------------------
Metrics filtered by: 'score|length|fps|ratio|train/loss/|train/acc/|train/inv/|train/rand/'
train/acc/inv 0.13 / train/inv/ce 2.1 / train/inv/objective 1.17 / train/inv/valid_frac 1 / train/inv/weight 0 / train/loss/con 0.02 / train/loss/dyn 1.1 / train/loss/image 0.05 / train/loss/inv 0 / train/loss/policy 1.8e-4 / train/loss/rep 1.1 / train/loss/repval 1.27 / train/loss/rew 8.7e-3 / train/loss/value 1.08 / train/rand/action 0.04 / replay/replay_ratio 264 / fps/policy 7.54 / fps/train 1930.81

Writing metrics: /data2/liguoqi/habmm/hab_z/btwm/runs/dreamerv3_atari_pong_seed0_v2_1m/metrics.jsonl
Writing metrics: /data2/liguoqi/habmm/hab_z/btwm/runs/dreamerv3_atari_pong_seed0_v2_1m/scores.jsonl

--------------------[Agent Step 1_945_720]--------------------
Metrics filtered by: 'score|length|fps|ratio|train/loss/|train/acc/|train/inv/|train/rand/'
episode/score 2 / episode/length 3579 / train/acc/inv 0.13 / train/inv/ce 2.1 / train/inv/objective 1.17 / train/inv/valid_frac 1 / train/inv/weight 0 / train/loss/con 0.02 / train/loss/dyn 1.11 / train/loss/image 0.06 / train/loss/inv 0 / train/loss/policy 1.1e-4 / train/loss/rep 1.11 / train/loss/repval 1.32 / train/loss/rew 8.9e-3 / train/loss/value 1.11 / train/rand/action 0.04 / replay/replay_ratio 264 / fps/policy 7.31 / fps/train 1872.6

Writing metrics: /data2/liguoqi/habmm/hab_z/btwm/runs/dreamerv3_atari_pong_seed0_v2_1m/metrics.jsonl
Writing metrics: /data2/liguoqi/habmm/hab_z/btwm/runs/dreamerv3_atari_pong_seed0_v2_1m/scores.jsonl

--------------------[Agent Step 1_949_440]--------------------
Metrics filtered by: 'score|length|fps|ratio|train/loss/|train/acc/|train/inv/|train/rand/'
train/acc/inv 0.13 / train/inv/ce 2.1 / train/inv/objective 1.17 / train/inv/valid_frac 1 / train/inv/weight 0 / train/loss/con 0.02 / train/loss/dyn 1.09 / train/loss/image 0.06 / train/loss/inv 0 / train/loss/policy 1e-4 / train/loss/rep 1.09 / train/loss/repval 1.37 / train/loss/rew 8.6e-3 / train/loss/value 1.13 / train/rand/action 0.04 / replay/replay_ratio 264 / fps/policy 7.7 / fps/train 1971.1

Writing metrics: /data2/liguoqi/habmm/hab_z/btwm/runs/dreamerv3_atari_pong_seed0_v2_1m/metrics.jsonl
Writing metrics: /data2/liguoqi/habmm/hab_z/btwm/runs/dreamerv3_atari_pong_seed0_v2_1m/scores.jsonl

--------------------[Agent Step 1_953_160]--------------------
Metrics filtered by: 'score|length|fps|ratio|train/loss/|train/acc/|train/inv/|train/rand/'
train/acc/inv 0.12 / train/inv/ce 2.1 / train/inv/objective 1.17 / train/inv/valid_frac 1 / train/inv/weight 0 / train/loss/con 0.02 / train/loss/dyn 1.1 / train/loss/image 0.06 / train/loss/inv 0 / train/loss/policy 1.9e-4 / train/loss/rep 1.1 / train/loss/repval 1.31 / train/loss/rew 8.6e-3 / train/loss/value 1.1 / train/rand/action 0.04 / replay/replay_ratio 264 / fps/policy 7.74 / fps/train 1981.18

Writing metrics: /data2/liguoqi/habmm/hab_z/btwm/runs/dreamerv3_atari_pong_seed0_v2_1m/metrics.jsonl
Writing metrics: /data2/liguoqi/habmm/hab_z/btwm/runs/dreamerv3_atari_pong_seed0_v2_1m/scores.jsonl
Saving checkpoint: /data2/liguoqi/habmm/hab_z/btwm/runs/dreamerv3_atari_pong_seed0_v2_1m/ckpt/20260614T123955F033505
Saved checkpoint.

--------------------[Agent Step 1_956_640]--------------------
Metrics filtered by: 'score|length|fps|ratio|train/loss/|train/acc/|train/inv/|train/rand/'
episode/score 8 / episode/length 2801 / train/acc/inv 0.12 / train/inv/ce 2.1 / train/inv/objective 1.17 / train/inv/valid_frac 1 / train/inv/weight 0 / train/loss/con 0.02 / train/loss/dyn 1.11 / train/loss/image 0.06 / train/loss/inv 0 / train/loss/policy 1e-4 / train/loss/rep 1.11 / train/loss/repval 1.34 / train/loss/rew 8.7e-3 / train/loss/value 1.11 / train/rand/action 0.04 / replay/replay_ratio 264 / fps/policy 6.08 / fps/train 1555.9

Writing metrics: /data2/liguoqi/habmm/hab_z/btwm/runs/dreamerv3_atari_pong_seed0_v2_1m/metrics.jsonl
Writing metrics: /data2/liguoqi/habmm/hab_z/btwm/runs/dreamerv3_atari_pong_seed0_v2_1m/scores.jsonl

--------------------[Agent Step 1_960_000]--------------------
Metrics filtered by: 'score|length|fps|ratio|train/loss/|train/acc/|train/inv/|train/rand/'
train/acc/inv 0.13 / train/inv/ce 2.1 / train/inv/objective 1.17 / train/inv/valid_frac 1 / train/inv/weight 0 / train/loss/con 0.02 / train/loss/dyn 1.1 / train/loss/image 0.06 / train/loss/inv 0 / train/loss/policy 1.7e-4 / train/loss/rep 1.1 / train/loss/repval 1.32 / train/loss/rew 8.6e-3 / train/loss/value 1.1 / train/rand/action 0.04 / replay/replay_ratio 264 / fps/policy 6.95 / fps/train 1778.47

Writing metrics: /data2/liguoqi/habmm/hab_z/btwm/runs/dreamerv3_atari_pong_seed0_v2_1m/metrics.jsonl
Writing metrics: /data2/liguoqi/habmm/hab_z/btwm/runs/dreamerv3_atari_pong_seed0_v2_1m/scores.jsonl

--------------------[Agent Step 1_963_720]--------------------
Metrics filtered by: 'score|length|fps|ratio|train/loss/|train/acc/|train/inv/|train/rand/'
train/acc/inv 0.12 / train/inv/ce 2.11 / train/inv/objective 1.18 / train/inv/valid_frac 1 / train/inv/weight 0 / train/loss/con 0.02 / train/loss/dyn 1.09 / train/loss/image 0.06 / train/loss/inv 0 / train/loss/policy 2e-4 / train/loss/rep 1.09 / train/loss/repval 1.29 / train/loss/rew 8.7e-3 / train/loss/value 1.1 / train/rand/action 0.04 / replay/replay_ratio 264 / fps/policy 7.7 / fps/train 1971.09

Writing metrics: /data2/liguoqi/habmm/hab_z/btwm/runs/dreamerv3_atari_pong_seed0_v2_1m/scores.jsonl
Writing metrics: /data2/liguoqi/habmm/hab_z/btwm/runs/dreamerv3_atari_pong_seed0_v2_1m/metrics.jsonl

--------------------[Agent Step 1_967_440]--------------------
Metrics filtered by: 'score|length|fps|ratio|train/loss/|train/acc/|train/inv/|train/rand/'
episode/score 8 / episode/length 2587 / train/acc/inv 0.13 / train/inv/ce 2.1 / train/inv/objective 1.17 / train/inv/valid_frac 1 / train/inv/weight 0 / train/loss/con 0.02 / train/loss/dyn 1.1 / train/loss/image 0.06 / train/loss/inv 0 / train/loss/policy 1.5e-4 / train/loss/rep 1.1 / train/loss/repval 1.29 / train/loss/rew 8.7e-3 / train/loss/value 1.09 / train/rand/action 0.04 / replay/replay_ratio 264 / fps/policy 7.67 / fps/train 1962.85

Writing metrics: /data2/liguoqi/habmm/hab_z/btwm/runs/dreamerv3_atari_pong_seed0_v2_1m/metrics.jsonl
Writing metrics: /data2/liguoqi/habmm/hab_z/btwm/runs/dreamerv3_atari_pong_seed0_v2_1m/scores.jsonl

--------------------[Agent Step 1_971_160]--------------------
Metrics filtered by: 'score|length|fps|ratio|train/loss/|train/acc/|train/inv/|train/rand/'
train/acc/inv 0.13 / train/inv/ce 2.1 / train/inv/objective 1.17 / train/inv/valid_frac 1 / train/inv/weight 0 / train/loss/con 0.02 / train/loss/dyn 1.11 / train/loss/image 0.06 / train/loss/inv 0 / train/loss/policy 6.6e-5 / train/loss/rep 1.11 / train/loss/repval 1.3 / train/loss/rew 8.5e-3 / train/loss/value 1.09 / train/rand/action 0.04 / replay/replay_ratio 264 / fps/policy 7.71 / fps/train 1974.56

Writing metrics: /data2/liguoqi/habmm/hab_z/btwm/runs/dreamerv3_atari_pong_seed0_v2_1m/scores.jsonl
Writing metrics: /data2/liguoqi/habmm/hab_z/btwm/runs/dreamerv3_atari_pong_seed0_v2_1m/metrics.jsonl

--------------------[Agent Step 1_974_880]--------------------
Metrics filtered by: 'score|length|fps|ratio|train/loss/|train/acc/|train/inv/|train/rand/'
train/acc/inv 0.13 / train/inv/ce 2.09 / train/inv/objective 1.17 / train/inv/valid_frac 1 / train/inv/weight 0 / train/loss/con 0.02 / train/loss/dyn 1.1 / train/loss/image 0.06 / train/loss/inv 0 / train/loss/policy 1.2e-4 / train/loss/rep 1.1 / train/loss/repval 1.31 / train/loss/rew 8.5e-3 / train/loss/value 1.09 / train/rand/action 0.04 / replay/replay_ratio 264 / fps/policy 7.74 / fps/train 1980.94

Writing metrics: /data2/liguoqi/habmm/hab_z/btwm/runs/dreamerv3_atari_pong_seed0_v2_1m/scores.jsonl
Writing metrics: /data2/liguoqi/habmm/hab_z/btwm/runs/dreamerv3_atari_pong_seed0_v2_1m/metrics.jsonl

--------------------[Agent Step 1_978_480]--------------------
Metrics filtered by: 'score|length|fps|ratio|train/loss/|train/acc/|train/inv/|train/rand/'
episode/score 5 / episode/length 2989 / train/acc/inv 0.12 / train/inv/ce 2.11 / train/inv/objective 1.17 / train/inv/valid_frac 1 / train/inv/weight 0 / train/loss/con 0.02 / train/loss/dyn 1.12 / train/loss/image 0.06 / train/loss/inv 0 / train/loss/policy 2.5e-4 / train/loss/rep 1.12 / train/loss/repval 1.3 / train/loss/rew 9e-3 / train/loss/value 1.1 / train/rand/action 0.04 / replay/replay_ratio 264 / fps/policy 7.43 / fps/train 1901.71

Writing metrics: /data2/liguoqi/habmm/hab_z/btwm/runs/dreamerv3_atari_pong_seed0_v2_1m/metrics.jsonl
Writing metrics: /data2/liguoqi/habmm/hab_z/btwm/runs/dreamerv3_atari_pong_seed0_v2_1m/scores.jsonl

--------------------[Agent Step 1_982_160]--------------------
Metrics filtered by: 'score|length|fps|ratio|train/loss/|train/acc/|train/inv/|train/rand/'
train/acc/inv 0.13 / train/inv/ce 2.1 / train/inv/objective 1.17 / train/inv/valid_frac 1 / train/inv/weight 0 / train/loss/con 0.02 / train/loss/dyn 1.11 / train/loss/image 0.06 / train/loss/inv 0 / train/loss/policy 3.6e-5 / train/loss/rep 1.11 / train/loss/repval 1.36 / train/loss/rew 8.5e-3 / train/loss/value 1.11 / train/rand/action 0.04 / replay/replay_ratio 264 / fps/policy 7.69 / fps/train 1968.46

Writing metrics: /data2/liguoqi/habmm/hab_z/btwm/runs/dreamerv3_atari_pong_seed0_v2_1m/metrics.jsonl
Writing metrics: /data2/liguoqi/habmm/hab_z/btwm/runs/dreamerv3_atari_pong_seed0_v2_1m/scores.jsonl

--------------------[Agent Step 1_985_680]--------------------
Metrics filtered by: 'score|length|fps|ratio|train/loss/|train/acc/|train/inv/|train/rand/'
episode/score 18 / episode/length 2229 / train/acc/inv 0.13 / train/inv/ce 2.09 / train/inv/objective 1.17 / train/inv/valid_frac 1 / train/inv/weight 0 / train/loss/con 0.02 / train/loss/dyn 1.09 / train/loss/image 0.06 / train/loss/inv 0 / train/loss/policy 2.1e-4 / train/loss/rep 1.09 / train/loss/repval 1.3 / train/loss/rew 8.6e-3 / train/loss/value 1.09 / train/rand/action 0.04 / replay/replay_ratio 264 / fps/policy 7.32 / fps/train 1873.26

Writing metrics: /data2/liguoqi/habmm/hab_z/btwm/runs/dreamerv3_atari_pong_seed0_v2_1m/scores.jsonl
Writing metrics: /data2/liguoqi/habmm/hab_z/btwm/runs/dreamerv3_atari_pong_seed0_v2_1m/metrics.jsonl

--------------------[Agent Step 1_989_400]--------------------
Metrics filtered by: 'score|length|fps|ratio|train/loss/|train/acc/|train/inv/|train/rand/'
train/acc/inv 0.13 / train/inv/ce 2.09 / train/inv/objective 1.17 / train/inv/valid_frac 1 / train/inv/weight 0 / train/loss/con 0.02 / train/loss/dyn 1.09 / train/loss/image 0.06 / train/loss/inv 0 / train/loss/policy 1.3e-4 / train/loss/rep 1.09 / train/loss/repval 1.33 / train/loss/rew 8.7e-3 / train/loss/value 1.1 / train/rand/action 0.04 / replay/replay_ratio 264 / fps/policy 7.72 / fps/train 1977.07

Writing metrics: /data2/liguoqi/habmm/hab_z/btwm/runs/dreamerv3_atari_pong_seed0_v2_1m/scores.jsonl
Writing metrics: /data2/liguoqi/habmm/hab_z/btwm/runs/dreamerv3_atari_pong_seed0_v2_1m/metrics.jsonl

--------------------[Agent Step 1_993_120]--------------------
Metrics filtered by: 'score|length|fps|ratio|train/loss/|train/acc/|train/inv/|train/rand/'
train/acc/inv 0.12 / train/inv/ce 2.11 / train/inv/objective 1.18 / train/inv/valid_frac 1 / train/inv/weight 0 / train/loss/con 0.02 / train/loss/dyn 1.11 / train/loss/image 0.06 / train/loss/inv 0 / train/loss/policy 1.7e-4 / train/loss/rep 1.11 / train/loss/repval 1.32 / train/loss/rew 8.8e-3 / train/loss/value 1.1 / train/rand/action 0.04 / replay/replay_ratio 264 / fps/policy 7.72 / fps/train 1975.9

Writing metrics: /data2/liguoqi/habmm/hab_z/btwm/runs/dreamerv3_atari_pong_seed0_v2_1m/scores.jsonl
Writing metrics: /data2/liguoqi/habmm/hab_z/btwm/runs/dreamerv3_atari_pong_seed0_v2_1m/metrics.jsonl

--------------------[Agent Step 1_996_840]--------------------
Metrics filtered by: 'score|length|fps|ratio|train/loss/|train/acc/|train/inv/|train/rand/'
train/acc/inv 0.12 / train/inv/ce 2.11 / train/inv/objective 1.17 / train/inv/valid_frac 1 / train/inv/weight 0 / train/loss/con 0.02 / train/loss/dyn 1.09 / train/loss/image 0.06 / train/loss/inv 0 / train/loss/policy 1.3e-4 / train/loss/rep 1.09 / train/loss/repval 1.3 / train/loss/rew 8.7e-3 / train/loss/value 1.09 / train/rand/action 0.04 / replay/replay_ratio 264 / fps/policy 7.73 / fps/train 1979.56

Writing metrics: /data2/liguoqi/habmm/hab_z/btwm/runs/dreamerv3_atari_pong_seed0_v2_1m/metrics.jsonl
Writing metrics: /data2/liguoqi/habmm/hab_z/btwm/runs/dreamerv3_atari_pong_seed0_v2_1m/scores.jsonl

--------------------[Agent Step 2_000_520]--------------------
Metrics filtered by: 'score|length|fps|ratio|train/loss/|train/acc/|train/inv/|train/rand/'
episode/score 8 / episode/length 3044 / train/acc/inv 0.13 / train/inv/ce 2.11 / train/inv/objective 1.18 / train/inv/valid_frac 1 / train/inv/weight 0 / train/loss/con 0.02 / train/loss/dyn 1.09 / train/loss/image 0.05 / train/loss/inv 0 / train/loss/policy 1e-4 / train/loss/rep 1.09 / train/loss/repval 1.31 / train/loss/rew 8.6e-3 / train/loss/value 1.09 / train/rand/action 0.04 / replay/replay_ratio 264 / fps/policy 7.59 / fps/train 1943.49

Writing metrics: /data2/liguoqi/habmm/hab_z/btwm/runs/dreamerv3_atari_pong_seed0_v2_1m/scores.jsonl
Writing metrics: /data2/liguoqi/habmm/hab_z/btwm/runs/dreamerv3_atari_pong_seed0_v2_1m/metrics.jsonl

--------------------[Agent Step 2_004_240]--------------------
Metrics filtered by: 'score|length|fps|ratio|train/loss/|train/acc/|train/inv/|train/rand/'
train/acc/inv 0.12 / train/inv/ce 2.12 / train/inv/objective 1.18 / train/inv/valid_frac 1 / train/inv/weight 0 / train/loss/con 0.02 / train/loss/dyn 1.08 / train/loss/image 0.05 / train/loss/inv 0 / train/loss/policy 2.3e-4 / train/loss/rep 1.08 / train/loss/repval 1.3 / train/loss/rew 8.5e-3 / train/loss/value 1.09 / train/rand/action 0.04 / replay/replay_ratio 264 / fps/policy 7.71 / fps/train 1974.72

Writing metrics: /data2/liguoqi/habmm/hab_z/btwm/runs/dreamerv3_atari_pong_seed0_v2_1m/metrics.jsonl
Writing metrics: /data2/liguoqi/habmm/hab_z/btwm/runs/dreamerv3_atari_pong_seed0_v2_1m/scores.jsonl

--------------------[Agent Step 2_007_960]--------------------
Metrics filtered by: 'score|length|fps|ratio|train/loss/|train/acc/|train/inv/|train/rand/'
episode/score 15 / episode/length 1873 / train/acc/inv 0.12 / train/inv/ce 2.11 / train/inv/objective 1.18 / train/inv/valid_frac 1 / train/inv/weight 0 / train/loss/con 0.02 / train/loss/dyn 1.1 / train/loss/image 0.06 / train/loss/inv 0 / train/loss/policy 1.1e-4 / train/loss/rep 1.1 / train/loss/repval 1.3 / train/loss/rew 8.4e-3 / train/loss/value 1.1 / train/rand/action 0.04 / replay/replay_ratio 264 / fps/policy 7.7 / fps/train 1970.32

Writing metrics: /data2/liguoqi/habmm/hab_z/btwm/runs/dreamerv3_atari_pong_seed0_v2_1m/metrics.jsonl
Writing metrics: /data2/liguoqi/habmm/hab_z/btwm/runs/dreamerv3_atari_pong_seed0_v2_1m/scores.jsonl

--------------------[Agent Step 2_011_680]--------------------
Metrics filtered by: 'score|length|fps|ratio|train/loss/|train/acc/|train/inv/|train/rand/'
train/acc/inv 0.12 / train/inv/ce 2.12 / train/inv/objective 1.18 / train/inv/valid_frac 1 / train/inv/weight 0 / train/loss/con 0.02 / train/loss/dyn 1.09 / train/loss/image 0.05 / train/loss/inv 0 / train/loss/policy 1.2e-4 / train/loss/rep 1.09 / train/loss/repval 1.32 / train/loss/rew 8.4e-3 / train/loss/value 1.1 / train/rand/action 0.04 / replay/replay_ratio 264 / fps/policy 7.69 / fps/train 1969.8

Writing metrics: /data2/liguoqi/habmm/hab_z/btwm/runs/dreamerv3_atari_pong_seed0_v2_1m/metrics.jsonl
Writing metrics: /data2/liguoqi/habmm/hab_z/btwm/runs/dreamerv3_atari_pong_seed0_v2_1m/scores.jsonl

--------------------[Agent Step 2_015_400]--------------------
Metrics filtered by: 'score|length|fps|ratio|train/loss/|train/acc/|train/inv/|train/rand/'
train/acc/inv 0.12 / train/inv/ce 2.11 / train/inv/objective 1.18 / train/inv/valid_frac 1 / train/inv/weight 0 / train/loss/con 0.02 / train/loss/dyn 1.1 / train/loss/image 0.06 / train/loss/inv 0 / train/loss/policy 1.3e-4 / train/loss/rep 1.1 / train/loss/repval 1.31 / train/loss/rew 8.5e-3 / train/loss/value 1.1 / train/rand/action 0.04 / replay/replay_ratio 264 / fps/policy 7.73 / fps/train 1979.69

Writing metrics: /data2/liguoqi/habmm/hab_z/btwm/runs/dreamerv3_atari_pong_seed0_v2_1m/scores.jsonl
Writing metrics: /data2/liguoqi/habmm/hab_z/btwm/runs/dreamerv3_atari_pong_seed0_v2_1m/metrics.jsonl

--------------------[Agent Step 2_019_120]--------------------
Metrics filtered by: 'score|length|fps|ratio|train/loss/|train/acc/|train/inv/|train/rand/'
episode/score 11 / episode/length 2683 / train/acc/inv 0.13 / train/inv/ce 2.11 / train/inv/objective 1.18 / train/inv/valid_frac 1 / train/inv/weight 0 / train/loss/con 0.02 / train/loss/dyn 1.09 / train/loss/image 0.05 / train/loss/inv 0 / train/loss/policy 2e-4 / train/loss/rep 1.09 / train/loss/repval 1.31 / train/loss/rew 8.5e-3 / train/loss/value 1.09 / train/rand/action 0.04 / replay/replay_ratio 264 / fps/policy 7.71 / fps/train 1972.74

Writing metrics: /data2/liguoqi/habmm/hab_z/btwm/runs/dreamerv3_atari_pong_seed0_v2_1m/metrics.jsonl
Writing metrics: /data2/liguoqi/habmm/hab_z/btwm/runs/dreamerv3_atari_pong_seed0_v2_1m/scores.jsonl

--------------------[Agent Step 2_022_720]--------------------
Metrics filtered by: 'score|length|fps|ratio|train/loss/|train/acc/|train/inv/|train/rand/'
train/acc/inv 0.13 / train/inv/ce 2.1 / train/inv/objective 1.17 / train/inv/valid_frac 1 / train/inv/weight 0 / train/loss/con 0.02 / train/loss/dyn 1.1 / train/loss/image 0.06 / train/loss/inv 0 / train/loss/policy -2.7e-5 / train/loss/rep 1.1 / train/loss/repval 1.53 / train/loss/rew 8.7e-3 / train/loss/value 1.22 / train/rand/action 0.04 / replay/replay_ratio 264 / fps/policy 7.5 / fps/train 1920.56

Writing metrics: /data2/liguoqi/habmm/hab_z/btwm/runs/dreamerv3_atari_pong_seed0_v2_1m/scores.jsonl
Writing metrics: /data2/liguoqi/habmm/hab_z/btwm/runs/dreamerv3_atari_pong_seed0_v2_1m/metrics.jsonl

--------------------[Agent Step 2_026_440]--------------------
Metrics filtered by: 'score|length|fps|ratio|train/loss/|train/acc/|train/inv/|train/rand/'
episode/score 20 / episode/length 2090 / train/acc/inv 0.12 / train/inv/ce 2.12 / train/inv/objective 1.18 / train/inv/valid_frac 1 / train/inv/weight 0 / train/loss/con 0.02 / train/loss/dyn 1.09 / train/loss/image 0.05 / train/loss/inv 0 / train/loss/policy 4e-4 / train/loss/rep 1.09 / train/loss/repval 1.44 / train/loss/rew 8.6e-3 / train/loss/value 1.17 / train/rand/action 0.04 / replay/replay_ratio 264 / fps/policy 7.71 / fps/train 1974.15

Writing metrics: /data2/liguoqi/habmm/hab_z/btwm/runs/dreamerv3_atari_pong_seed0_v2_1m/metrics.jsonl
Writing metrics: /data2/liguoqi/habmm/hab_z/btwm/runs/dreamerv3_atari_pong_seed0_v2_1m/scores.jsonl

--------------------[Agent Step 2_030_160]--------------------
Metrics filtered by: 'score|length|fps|ratio|train/loss/|train/acc/|train/inv/|train/rand/'
train/acc/inv 0.12 / train/inv/ce 2.12 / train/inv/objective 1.18 / train/inv/valid_frac 1 / train/inv/weight 0 / train/loss/con 0.02 / train/loss/dyn 1.1 / train/loss/image 0.06 / train/loss/inv 0 / train/loss/policy 2.2e-4 / train/loss/rep 1.1 / train/loss/repval 1.34 / train/loss/rew 8.4e-3 / train/loss/value 1.12 / train/rand/action 0.04 / replay/replay_ratio 264 / fps/policy 7.71 / fps/train 1972.95

Writing metrics: /data2/liguoqi/habmm/hab_z/btwm/runs/dreamerv3_atari_pong_seed0_v2_1m/metrics.jsonl
Writing metrics: /data2/liguoqi/habmm/hab_z/btwm/runs/dreamerv3_atari_pong_seed0_v2_1m/scores.jsonl

--------------------[Agent Step 2_033_880]--------------------
Metrics filtered by: 'score|length|fps|ratio|train/loss/|train/acc/|train/inv/|train/rand/'
train/acc/inv 0.12 / train/inv/ce 2.12 / train/inv/objective 1.18 / train/inv/valid_frac 1 / train/inv/weight 0 / train/loss/con 0.02 / train/loss/dyn 1.11 / train/loss/image 0.06 / train/loss/inv 0 / train/loss/policy 1.5e-4 / train/loss/rep 1.11 / train/loss/repval 1.33 / train/loss/rew 8.4e-3 / train/loss/value 1.11 / train/rand/action 0.04 / replay/replay_ratio 264 / fps/policy 7.71 / fps/train 1974.47

Writing metrics: /data2/liguoqi/habmm/hab_z/btwm/runs/dreamerv3_atari_pong_seed0_v2_1m/metrics.jsonl
Writing metrics: /data2/liguoqi/habmm/hab_z/btwm/runs/dreamerv3_atari_pong_seed0_v2_1m/scores.jsonl

--------------------[Agent Step 2_037_600]--------------------
Metrics filtered by: 'score|length|fps|ratio|train/loss/|train/acc/|train/inv/|train/rand/'
episode/score 5 / episode/length 3348 / train/acc/inv 0.12 / train/inv/ce 2.11 / train/inv/objective 1.18 / train/inv/valid_frac 1 / train/inv/weight 0 / train/loss/con 0.02 / train/loss/dyn 1.1 / train/loss/image 0.06 / train/loss/inv 0 / train/loss/policy 1.8e-4 / train/loss/rep 1.1 / train/loss/repval 1.33 / train/loss/rew 8.6e-3 / train/loss/value 1.1 / train/rand/action 0.04 / replay/replay_ratio 264 / fps/policy 7.67 / fps/train 1963.98

Writing metrics: /data2/liguoqi/habmm/hab_z/btwm/runs/dreamerv3_atari_pong_seed0_v2_1m/metrics.jsonl
Writing metrics: /data2/liguoqi/habmm/hab_z/btwm/runs/dreamerv3_atari_pong_seed0_v2_1m/scores.jsonl

--------------------[Agent Step 2_041_280]--------------------
Metrics filtered by: 'score|length|fps|ratio|train/loss/|train/acc/|train/inv/|train/rand/'
train/acc/inv 0.12 / train/inv/ce 2.11 / train/inv/objective 1.18 / train/inv/valid_frac 1 / train/inv/weight 0 / train/loss/con 0.02 / train/loss/dyn 1.1 / train/loss/image 0.05 / train/loss/inv 0 / train/loss/policy 1.4e-4 / train/loss/rep 1.1 / train/loss/repval 1.3 / train/loss/rew 8.4e-3 / train/loss/value 1.09 / train/rand/action 0.04 / replay/replay_ratio 264 / fps/policy 7.71 / fps/train 1973.87

Writing metrics: /data2/liguoqi/habmm/hab_z/btwm/runs/dreamerv3_atari_pong_seed0_v2_1m/metrics.jsonl
Writing metrics: /data2/liguoqi/habmm/hab_z/btwm/runs/dreamerv3_atari_pong_seed0_v2_1m/scores.jsonl

--------------------[Agent Step 2_045_000]--------------------
Metrics filtered by: 'score|length|fps|ratio|train/loss/|train/acc/|train/inv/|train/rand/'
train/acc/inv 0.12 / train/inv/ce 2.12 / train/inv/objective 1.18 / train/inv/valid_frac 1 / train/inv/weight 0 / train/loss/con 0.02 / train/loss/dyn 1.09 / train/loss/image 0.05 / train/loss/inv 0 / train/loss/policy 1.4e-4 / train/loss/rep 1.09 / train/loss/repval 1.29 / train/loss/rew 8.4e-3 / train/loss/value 1.09 / train/rand/action 0.04 / replay/replay_ratio 264 / fps/policy 7.71 / fps/train 1973.34

Writing metrics: /data2/liguoqi/habmm/hab_z/btwm/runs/dreamerv3_atari_pong_seed0_v2_1m/metrics.jsonl
Writing metrics: /data2/liguoqi/habmm/hab_z/btwm/runs/dreamerv3_atari_pong_seed0_v2_1m/scores.jsonl

--------------------[Agent Step 2_048_680]--------------------
Metrics filtered by: 'score|length|fps|ratio|train/loss/|train/acc/|train/inv/|train/rand/'
train/acc/inv 0.12 / train/inv/ce 2.12 / train/inv/objective 1.18 / train/inv/valid_frac 1 / train/inv/weight 0 / train/loss/con 0.02 / train/loss/dyn 1.11 / train/loss/image 0.06 / train/loss/inv 0 / train/loss/policy 2.2e-4 / train/loss/rep 1.11 / train/loss/repval 1.33 / train/loss/rew 8.5e-3 / train/loss/value 1.12 / train/rand/action 0.04 / replay/replay_ratio 264 / fps/policy 7.59 / fps/train 1942.08

Writing metrics: /data2/liguoqi/habmm/hab_z/btwm/runs/dreamerv3_atari_pong_seed0_v2_1m/metrics.jsonl
Writing metrics: /data2/liguoqi/habmm/hab_z/btwm/runs/dreamerv3_atari_pong_seed0_v2_1m/scores.jsonl

--------------------[Agent Step 2_052_400]--------------------
Metrics filtered by: 'score|length|fps|ratio|train/loss/|train/acc/|train/inv/|train/rand/'
episode/score -3 / episode/length 3415 / train/acc/inv 0.12 / train/inv/ce 2.12 / train/inv/objective 1.18 / train/inv/valid_frac 1 / train/inv/weight 0 / train/loss/con 0.02 / train/loss/dyn 1.1 / train/loss/image 0.06 / train/loss/inv 0 / train/loss/policy 5.8e-5 / train/loss/rep 1.1 / train/loss/repval 1.35 / train/loss/rew 8.4e-3 / train/loss/value 1.11 / train/rand/action 0.04 / replay/replay_ratio 264 / fps/policy 7.67 / fps/train 1963.21

Writing metrics: /data2/liguoqi/habmm/hab_z/btwm/runs/dreamerv3_atari_pong_seed0_v2_1m/metrics.jsonl
Writing metrics: /data2/liguoqi/habmm/hab_z/btwm/runs/dreamerv3_atari_pong_seed0_v2_1m/scores.jsonl

--------------------[Agent Step 2_056_120]--------------------
Metrics filtered by: 'score|length|fps|ratio|train/loss/|train/acc/|train/inv/|train/rand/'
train/acc/inv 0.12 / train/inv/ce 2.12 / train/inv/objective 1.18 / train/inv/valid_frac 1 / train/inv/weight 0 / train/loss/con 0.02 / train/loss/dyn 1.09 / train/loss/image 0.05 / train/loss/inv 0 / train/loss/policy 1.1e-4 / train/loss/rep 1.09 / train/loss/repval 1.31 / train/loss/rew 8.2e-3 / train/loss/value 1.1 / train/rand/action 0.04 / replay/replay_ratio 264 / fps/policy 7.72 / fps/train 1977.24

Writing metrics: /data2/liguoqi/habmm/hab_z/btwm/runs/dreamerv3_atari_pong_seed0_v2_1m/metrics.jsonl
Writing metrics: /data2/liguoqi/habmm/hab_z/btwm/runs/dreamerv3_atari_pong_seed0_v2_1m/scores.jsonl

--------------------[Agent Step 2_059_840]--------------------
Metrics filtered by: 'score|length|fps|ratio|train/loss/|train/acc/|train/inv/|train/rand/'
episode/score 15 / episode/length 1916 / train/acc/inv 0.12 / train/inv/ce 2.12 / train/inv/objective 1.18 / train/inv/valid_frac 1 / train/inv/weight 0 / train/loss/con 0.02 / train/loss/dyn 1.09 / train/loss/image 0.05 / train/loss/inv 0 / train/loss/policy 1.6e-4 / train/loss/rep 1.09 / train/loss/repval 1.31 / train/loss/rew 8.4e-3 / train/loss/value 1.1 / train/rand/action 0.04 / replay/replay_ratio 264 / fps/policy 7.69 / fps/train 1968.3

Writing metrics: /data2/liguoqi/habmm/hab_z/btwm/runs/dreamerv3_atari_pong_seed0_v2_1m/scores.jsonl
Writing metrics: /data2/liguoqi/habmm/hab_z/btwm/runs/dreamerv3_atari_pong_seed0_v2_1m/metrics.jsonl

--------------------[Agent Step 2_063_560]--------------------
Metrics filtered by: 'score|length|fps|ratio|train/loss/|train/acc/|train/inv/|train/rand/'
train/acc/inv 0.12 / train/inv/ce 2.12 / train/inv/objective 1.18 / train/inv/valid_frac 1 / train/inv/weight 0 / train/loss/con 0.02 / train/loss/dyn 1.1 / train/loss/image 0.05 / train/loss/inv 0 / train/loss/policy 6.1e-5 / train/loss/rep 1.1 / train/loss/repval 1.34 / train/loss/rew 8.4e-3 / train/loss/value 1.12 / train/rand/action 0.04 / replay/replay_ratio 264 / fps/policy 7.72 / fps/train 1976.12

Writing metrics: /data2/liguoqi/habmm/hab_z/btwm/runs/dreamerv3_atari_pong_seed0_v2_1m/scores.jsonl
Writing metrics: /data2/liguoqi/habmm/hab_z/btwm/runs/dreamerv3_atari_pong_seed0_v2_1m/metrics.jsonl
Saving checkpoint: /data2/liguoqi/habmm/hab_z/btwm/runs/dreamerv3_atari_pong_seed0_v2_1m/ckpt/20260614T133955F627851
Saved checkpoint.

--------------------[Agent Step 2_066_040]--------------------
Metrics filtered by: 'score|length|fps|ratio|train/loss/|train/acc/|train/inv/|train/rand/'
train/acc/inv 0.12 / train/inv/ce 2.12 / train/inv/objective 1.18 / train/inv/valid_frac 1 / train/inv/weight 0 / train/loss/con 0.02 / train/loss/dyn 1.1 / train/loss/image 0.05 / train/loss/inv 0 / train/loss/policy 1.3e-4 / train/loss/rep 1.1 / train/loss/repval 1.31 / train/loss/rew 8.6e-3 / train/loss/value 1.1 / train/rand/action 0.04 / replay/replay_ratio 264 / fps/policy 5.17 / fps/train 1322.27

Writing metrics: /data2/liguoqi/habmm/hab_z/btwm/runs/dreamerv3_atari_pong_seed0_v2_1m/scores.jsonl
Writing metrics: /data2/liguoqi/habmm/hab_z/btwm/runs/dreamerv3_atari_pong_seed0_v2_1m/metrics.jsonl

--------------------[Agent Step 2_069_760]--------------------
Metrics filtered by: 'score|length|fps|ratio|train/loss/|train/acc/|train/inv/|train/rand/'
episode/score 7 / episode/length 2607 / train/acc/inv 0.12 / train/inv/ce 2.12 / train/inv/objective 1.18 / train/inv/valid_frac 1 / train/inv/weight 0 / train/loss/con 0.02 / train/loss/dyn 1.1 / train/loss/image 0.05 / train/loss/inv 0 / train/loss/policy 1.3e-4 / train/loss/rep 1.1 / train/loss/repval 1.33 / train/loss/rew 8.6e-3 / train/loss/value 1.11 / train/rand/action 0.04 / replay/replay_ratio 264 / fps/policy 7.7 / fps/train 1970.68

Writing metrics: /data2/liguoqi/habmm/hab_z/btwm/runs/dreamerv3_atari_pong_seed0_v2_1m/metrics.jsonl
Writing metrics: /data2/liguoqi/habmm/hab_z/btwm/runs/dreamerv3_atari_pong_seed0_v2_1m/scores.jsonl

--------------------[Agent Step 2_073_480]--------------------
Metrics filtered by: 'score|length|fps|ratio|train/loss/|train/acc/|train/inv/|train/rand/'
train/acc/inv 0.11 / train/inv/ce 2.13 / train/inv/objective 1.19 / train/inv/valid_frac 1 / train/inv/weight 0 / train/loss/con 0.02 / train/loss/dyn 1.1 / train/loss/image 0.05 / train/loss/inv 0 / train/loss/policy 8.9e-5 / train/loss/rep 1.1 / train/loss/repval 1.34 / train/loss/rew 8.4e-3 / train/loss/value 1.11 / train/rand/action 0.04 / replay/replay_ratio 264 / fps/policy 7.71 / fps/train 1974.08

Writing metrics: /data2/liguoqi/habmm/hab_z/btwm/runs/dreamerv3_atari_pong_seed0_v2_1m/metrics.jsonl
Writing metrics: /data2/liguoqi/habmm/hab_z/btwm/runs/dreamerv3_atari_pong_seed0_v2_1m/scores.jsonl

--------------------[Agent Step 2_077_200]--------------------
Metrics filtered by: 'score|length|fps|ratio|train/loss/|train/acc/|train/inv/|train/rand/'
train/acc/inv 0.12 / train/inv/ce 2.13 / train/inv/objective 1.19 / train/inv/valid_frac 1 / train/inv/weight 0 / train/loss/con 0.02 / train/loss/dyn 1.09 / train/loss/image 0.05 / train/loss/inv 0 / train/loss/policy 1.5e-4 / train/loss/rep 1.09 / train/loss/repval 1.39 / train/loss/rew 8.4e-3 / train/loss/value 1.15 / train/rand/action 0.04 / replay/replay_ratio 264 / fps/policy 7.68 / fps/train 1965.68

Writing metrics: /data2/liguoqi/habmm/hab_z/btwm/runs/dreamerv3_atari_pong_seed0_v2_1m/scores.jsonl
Writing metrics: /data2/liguoqi/habmm/hab_z/btwm/runs/dreamerv3_atari_pong_seed0_v2_1m/metrics.jsonl

--------------------[Agent Step 2_080_920]--------------------
Metrics filtered by: 'score|length|fps|ratio|train/loss/|train/acc/|train/inv/|train/rand/'
episode/score 13 / episode/length 2234 / train/acc/inv 0.11 / train/inv/ce 2.12 / train/inv/objective 1.18 / train/inv/valid_frac 1 / train/inv/weight 0 / train/loss/con 0.02 / train/loss/dyn 1.1 / train/loss/image 0.05 / train/loss/inv 0 / train/loss/policy 1.8e-4 / train/loss/rep 1.1 / train/loss/repval 1.36 / train/loss/rew 8.5e-3 / train/loss/value 1.13 / train/rand/action 0.04 / replay/replay_ratio 264 / fps/policy 7.69 / fps/train 1967.36

Writing metrics: /data2/liguoqi/habmm/hab_z/btwm/runs/dreamerv3_atari_pong_seed0_v2_1m/metrics.jsonl
Writing metrics: /data2/liguoqi/habmm/hab_z/btwm/runs/dreamerv3_atari_pong_seed0_v2_1m/scores.jsonl

--------------------[Agent Step 2_084_640]--------------------
Metrics filtered by: 'score|length|fps|ratio|train/loss/|train/acc/|train/inv/|train/rand/'
train/acc/inv 0.11 / train/inv/ce 2.12 / train/inv/objective 1.18 / train/inv/valid_frac 1 / train/inv/weight 0 / train/loss/con 0.02 / train/loss/dyn 1.1 / train/loss/image 0.05 / train/loss/inv 0 / train/loss/policy 1.3e-4 / train/loss/rep 1.1 / train/loss/repval 1.32 / train/loss/rew 8.2e-3 / train/loss/value 1.11 / train/rand/action 0.04 / replay/replay_ratio 264 / fps/policy 7.69 / fps/train 1967.57

Writing metrics: /data2/liguoqi/habmm/hab_z/btwm/runs/dreamerv3_atari_pong_seed0_v2_1m/scores.jsonl
Writing metrics: /data2/liguoqi/habmm/hab_z/btwm/runs/dreamerv3_atari_pong_seed0_v2_1m/metrics.jsonl

--------------------[Agent Step 2_088_360]--------------------
Metrics filtered by: 'score|length|fps|ratio|train/loss/|train/acc/|train/inv/|train/rand/'
episode/score 17 / episode/length 2411 / train/acc/inv 0.11 / train/inv/ce 2.12 / train/inv/objective 1.19 / train/inv/valid_frac 1 / train/inv/weight 0 / train/loss/con 0.02 / train/loss/dyn 1.09 / train/loss/image 0.05 / train/loss/inv 0 / train/loss/policy 1.6e-4 / train/loss/rep 1.09 / train/loss/repval 1.34 / train/loss/rew 8.3e-3 / train/loss/value 1.12 / train/rand/action 0.04 / replay/replay_ratio 264 / fps/policy 7.71 / fps/train 1974.17

Writing metrics: /data2/liguoqi/habmm/hab_z/btwm/runs/dreamerv3_atari_pong_seed0_v2_1m/metrics.jsonl
Writing metrics: /data2/liguoqi/habmm/hab_z/btwm/runs/dreamerv3_atari_pong_seed0_v2_1m/scores.jsonl

--------------------[Agent Step 2_092_080]--------------------
Metrics filtered by: 'score|length|fps|ratio|train/loss/|train/acc/|train/inv/|train/rand/'
train/acc/inv 0.11 / train/inv/ce 2.13 / train/inv/objective 1.19 / train/inv/valid_frac 1 / train/inv/weight 0 / train/loss/con 0.02 / train/loss/dyn 1.09 / train/loss/image 0.05 / train/loss/inv 0 / train/loss/policy 1.4e-4 / train/loss/rep 1.09 / train/loss/repval 1.33 / train/loss/rew 8.3e-3 / train/loss/value 1.11 / train/rand/action 0.04 / replay/replay_ratio 264 / fps/policy 7.71 / fps/train 1973.82

Writing metrics: /data2/liguoqi/habmm/hab_z/btwm/runs/dreamerv3_atari_pong_seed0_v2_1m/scores.jsonl
Writing metrics: /data2/liguoqi/habmm/hab_z/btwm/runs/dreamerv3_atari_pong_seed0_v2_1m/metrics.jsonl

--------------------[Agent Step 2_095_800]--------------------
Metrics filtered by: 'score|length|fps|ratio|train/loss/|train/acc/|train/inv/|train/rand/'
train/acc/inv 0.12 / train/inv/ce 2.12 / train/inv/objective 1.18 / train/inv/valid_frac 1 / train/inv/weight 0 / train/loss/con 0.02 / train/loss/dyn 1.09 / train/loss/image 0.05 / train/loss/inv 0 / train/loss/policy 2e-4 / train/loss/rep 1.09 / train/loss/repval 1.3 / train/loss/rew 8.4e-3 / train/loss/value 1.1 / train/rand/action 0.04 / replay/replay_ratio 264 / fps/policy 7.72 / fps/train 1977.19

Writing metrics: /data2/liguoqi/habmm/hab_z/btwm/runs/dreamerv3_atari_pong_seed0_v2_1m/scores.jsonl
Writing metrics: /data2/liguoqi/habmm/hab_z/btwm/runs/dreamerv3_atari_pong_seed0_v2_1m/metrics.jsonl

--------------------[Agent Step 2_099_520]--------------------
Metrics filtered by: 'score|length|fps|ratio|train/loss/|train/acc/|train/inv/|train/rand/'
episode/score 12 / episode/length 2397 / train/acc/inv 0.12 / train/inv/ce 2.11 / train/inv/objective 1.18 / train/inv/valid_frac 1 / train/inv/weight 0 / train/loss/con 0.02 / train/loss/dyn 1.09 / train/loss/image 0.05 / train/loss/inv 0 / train/loss/policy 1.7e-4 / train/loss/rep 1.09 / train/loss/repval 1.29 / train/loss/rew 8.3e-3 / train/loss/value 1.09 / train/rand/action 0.04 / replay/replay_ratio 264 / fps/policy 7.71 / fps/train 1973.21

Writing metrics: /data2/liguoqi/habmm/hab_z/btwm/runs/dreamerv3_atari_pong_seed0_v2_1m/metrics.jsonl
Writing metrics: /data2/liguoqi/habmm/hab_z/btwm/runs/dreamerv3_atari_pong_seed0_v2_1m/scores.jsonl

--------------------[Agent Step 2_103_240]--------------------
Metrics filtered by: 'score|length|fps|ratio|train/loss/|train/acc/|train/inv/|train/rand/'
train/acc/inv 0.12 / train/inv/ce 2.13 / train/inv/objective 1.19 / train/inv/valid_frac 1 / train/inv/weight 0 / train/loss/con 0.02 / train/loss/dyn 1.1 / train/loss/image 0.05 / train/loss/inv 0 / train/loss/policy 6e-5 / train/loss/rep 1.1 / train/loss/repval 1.29 / train/loss/rew 8.6e-3 / train/loss/value 1.08 / train/rand/action 0.04 / replay/replay_ratio 264 / fps/policy 7.69 / fps/train 1969.43

Writing metrics: /data2/liguoqi/habmm/hab_z/btwm/runs/dreamerv3_atari_pong_seed0_v2_1m/scores.jsonl
Writing metrics: /data2/liguoqi/habmm/hab_z/btwm/runs/dreamerv3_atari_pong_seed0_v2_1m/metrics.jsonl

--------------------[Agent Step 2_106_960]--------------------
Metrics filtered by: 'score|length|fps|ratio|train/loss/|train/acc/|train/inv/|train/rand/'
train/acc/inv 0.11 / train/inv/ce 2.13 / train/inv/objective 1.19 / train/inv/valid_frac 1 / train/inv/weight 0 / train/loss/con 0.02 / train/loss/dyn 1.09 / train/loss/image 0.05 / train/loss/inv 0 / train/loss/policy 1.4e-4 / train/loss/rep 1.09 / train/loss/repval 1.28 / train/loss/rew 8.3e-3 / train/loss/value 1.09 / train/rand/action 0.04 / replay/replay_ratio 264 / fps/policy 7.72 / fps/train 1976.93

Writing metrics: /data2/liguoqi/habmm/hab_z/btwm/runs/dreamerv3_atari_pong_seed0_v2_1m/metrics.jsonl
Writing metrics: /data2/liguoqi/habmm/hab_z/btwm/runs/dreamerv3_atari_pong_seed0_v2_1m/scores.jsonl

--------------------[Agent Step 2_110_680]--------------------
Metrics filtered by: 'score|length|fps|ratio|train/loss/|train/acc/|train/inv/|train/rand/'
episode/score 16 / episode/length 2471 / train/acc/inv 0.12 / train/inv/ce 2.12 / train/inv/objective 1.18 / train/inv/valid_frac 1 / train/inv/weight 0 / train/loss/con 0.02 / train/loss/dyn 1.09 / train/loss/image 0.05 / train/loss/inv 0 / train/loss/policy 1.4e-4 / train/loss/rep 1.09 / train/loss/repval 1.29 / train/loss/rew 8.4e-3 / train/loss/value 1.09 / train/rand/action 0.04 / replay/replay_ratio 264 / fps/policy 7.69 / fps/train 1969.16

Writing metrics: /data2/liguoqi/habmm/hab_z/btwm/runs/dreamerv3_atari_pong_seed0_v2_1m/scores.jsonl
Writing metrics: /data2/liguoqi/habmm/hab_z/btwm/runs/dreamerv3_atari_pong_seed0_v2_1m/metrics.jsonl

--------------------[Agent Step 2_114_280]--------------------
Metrics filtered by: 'score|length|fps|ratio|train/loss/|train/acc/|train/inv/|train/rand/'
train/acc/inv 0.12 / train/inv/ce 2.11 / train/inv/objective 1.18 / train/inv/valid_frac 1 / train/inv/weight 0 / train/loss/con 0.02 / train/loss/dyn 1.1 / train/loss/image 0.06 / train/loss/inv 0 / train/loss/policy 2.3e-4 / train/loss/rep 1.1 / train/loss/repval 1.32 / train/loss/rew 8.3e-3 / train/loss/value 1.11 / train/rand/action 0.04 / replay/replay_ratio 264 / fps/policy 7.48 / fps/train 1914.72

Writing metrics: /data2/liguoqi/habmm/hab_z/btwm/runs/dreamerv3_atari_pong_seed0_v2_1m/metrics.jsonl
Writing metrics: /data2/liguoqi/habmm/hab_z/btwm/runs/dreamerv3_atari_pong_seed0_v2_1m/scores.jsonl

--------------------[Agent Step 2_118_000]--------------------
Metrics filtered by: 'score|length|fps|ratio|train/loss/|train/acc/|train/inv/|train/rand/'
train/acc/inv 0.12 / train/inv/ce 2.12 / train/inv/objective 1.18 / train/inv/valid_frac 1 / train/inv/weight 0 / train/loss/con 0.02 / train/loss/dyn 1.09 / train/loss/image 0.05 / train/loss/inv 0 / train/loss/policy 1.7e-4 / train/loss/rep 1.09 / train/loss/repval 1.28 / train/loss/rew 8.3e-3 / train/loss/value 1.08 / train/rand/action 0.04 / replay/replay_ratio 264 / fps/policy 7.72 / fps/train 1977.11

Writing metrics: /data2/liguoqi/habmm/hab_z/btwm/runs/dreamerv3_atari_pong_seed0_v2_1m/scores.jsonl
Writing metrics: /data2/liguoqi/habmm/hab_z/btwm/runs/dreamerv3_atari_pong_seed0_v2_1m/metrics.jsonl

--------------------[Agent Step 2_121_720]--------------------
Metrics filtered by: 'score|length|fps|ratio|train/loss/|train/acc/|train/inv/|train/rand/'
episode/score 9 / episode/length 3191 / train/acc/inv 0.12 / train/inv/ce 2.12 / train/inv/objective 1.18 / train/inv/valid_frac 1 / train/inv/weight 0 / train/loss/con 0.02 / train/loss/dyn 1.08 / train/loss/image 0.06 / train/loss/inv 0 / train/loss/policy 1.3e-4 / train/loss/rep 1.08 / train/loss/repval 1.27 / train/loss/rew 8.4e-3 / train/loss/value 1.08 / train/rand/action 0.05 / replay/replay_ratio 264 / fps/policy 7.67 / fps/train 1962.76

Writing metrics: /data2/liguoqi/habmm/hab_z/btwm/runs/dreamerv3_atari_pong_seed0_v2_1m/metrics.jsonl
Writing metrics: /data2/liguoqi/habmm/hab_z/btwm/runs/dreamerv3_atari_pong_seed0_v2_1m/scores.jsonl

--------------------[Agent Step 2_125_400]--------------------
Metrics filtered by: 'score|length|fps|ratio|train/loss/|train/acc/|train/inv/|train/rand/'
train/acc/inv 0.12 / train/inv/ce 2.12 / train/inv/objective 1.18 / train/inv/valid_frac 1 / train/inv/weight 0 / train/loss/con 0.02 / train/loss/dyn 1.09 / train/loss/image 0.05 / train/loss/inv 0 / train/loss/policy 8.1e-5 / train/loss/rep 1.09 / train/loss/repval 1.3 / train/loss/rew 8.4e-3 / train/loss/value 1.09 / train/rand/action 0.04 / replay/replay_ratio 264 / fps/policy 7.68 / fps/train 1966.53

Writing metrics: /data2/liguoqi/habmm/hab_z/btwm/runs/dreamerv3_atari_pong_seed0_v2_1m/metrics.jsonl
Writing metrics: /data2/liguoqi/habmm/hab_z/btwm/runs/dreamerv3_atari_pong_seed0_v2_1m/scores.jsonl

--------------------[Agent Step 2_129_120]--------------------
Metrics filtered by: 'score|length|fps|ratio|train/loss/|train/acc/|train/inv/|train/rand/'
train/acc/inv 0.12 / train/inv/ce 2.12 / train/inv/objective 1.18 / train/inv/valid_frac 1 / train/inv/weight 0 / train/loss/con 0.02 / train/loss/dyn 1.09 / train/loss/image 0.05 / train/loss/inv 0 / train/loss/policy 1.1e-4 / train/loss/rep 1.09 / train/loss/repval 1.28 / train/loss/rew 8.4e-3 / train/loss/value 1.08 / train/rand/action 0.04 / replay/replay_ratio 264 / fps/policy 7.71 / fps/train 1972.94

Writing metrics: /data2/liguoqi/habmm/hab_z/btwm/runs/dreamerv3_atari_pong_seed0_v2_1m/metrics.jsonl
Writing metrics: /data2/liguoqi/habmm/hab_z/btwm/runs/dreamerv3_atari_pong_seed0_v2_1m/scores.jsonl

--------------------[Agent Step 2_132_840]--------------------
Metrics filtered by: 'score|length|fps|ratio|train/loss/|train/acc/|train/inv/|train/rand/'
episode/score 9 / episode/length 2575 / train/acc/inv 0.12 / train/inv/ce 2.12 / train/inv/objective 1.18 / train/inv/valid_frac 1 / train/inv/weight 0 / train/loss/con 0.02 / train/loss/dyn 1.09 / train/loss/image 0.05 / train/loss/inv 0 / train/loss/policy 9.6e-5 / train/loss/rep 1.09 / train/loss/repval 1.31 / train/loss/rew 8.3e-3 / train/loss/value 1.1 / train/rand/action 0.04 / replay/replay_ratio 264 / fps/policy 7.7 / fps/train 1971.48

Writing metrics: /data2/liguoqi/habmm/hab_z/btwm/runs/dreamerv3_atari_pong_seed0_v2_1m/scores.jsonl
Writing metrics: /data2/liguoqi/habmm/hab_z/btwm/runs/dreamerv3_atari_pong_seed0_v2_1m/metrics.jsonl

--------------------[Agent Step 2_136_560]--------------------
Metrics filtered by: 'score|length|fps|ratio|train/loss/|train/acc/|train/inv/|train/rand/'
train/acc/inv 0.12 / train/inv/ce 2.12 / train/inv/objective 1.18 / train/inv/valid_frac 1 / train/inv/weight 0 / train/loss/con 0.02 / train/loss/dyn 1.1 / train/loss/image 0.05 / train/loss/inv 0 / train/loss/policy 1.6e-4 / train/loss/rep 1.1 / train/loss/repval 1.36 / train/loss/rew 8.1e-3 / train/loss/value 1.14 / train/rand/action 0.04 / replay/replay_ratio 264 / fps/policy 7.72 / fps/train 1976.4

Writing metrics: /data2/liguoqi/habmm/hab_z/btwm/runs/dreamerv3_atari_pong_seed0_v2_1m/metrics.jsonl
Writing metrics: /data2/liguoqi/habmm/hab_z/btwm/runs/dreamerv3_atari_pong_seed0_v2_1m/scores.jsonl

--------------------[Agent Step 2_140_280]--------------------
Metrics filtered by: 'score|length|fps|ratio|train/loss/|train/acc/|train/inv/|train/rand/'
train/acc/inv 0.12 / train/inv/ce 2.11 / train/inv/objective 1.18 / train/inv/valid_frac 1 / train/inv/weight 0 / train/loss/con 0.02 / train/loss/dyn 1.09 / train/loss/image 0.05 / train/loss/inv 0 / train/loss/policy 2.2e-4 / train/loss/rep 1.09 / train/loss/repval 1.27 / train/loss/rew 8.5e-3 / train/loss/value 1.09 / train/rand/action 0.04 / replay/replay_ratio 264 / fps/policy 7.74 / fps/train 1981.74

Writing metrics: /data2/liguoqi/habmm/hab_z/btwm/runs/dreamerv3_atari_pong_seed0_v2_1m/metrics.jsonl
Writing metrics: /data2/liguoqi/habmm/hab_z/btwm/runs/dreamerv3_atari_pong_seed0_v2_1m/scores.jsonl

--------------------[Agent Step 2_144_000]--------------------
Metrics filtered by: 'score|length|fps|ratio|train/loss/|train/acc/|train/inv/|train/rand/'
episode/score 11 / episode/length 2689 / train/acc/inv 0.11 / train/inv/ce 2.14 / train/inv/objective 1.19 / train/inv/valid_frac 1 / train/inv/weight 0 / train/loss/con 0.02 / train/loss/dyn 1.09 / train/loss/image 0.05 / train/loss/inv 0 / train/loss/policy 4.9e-5 / train/loss/rep 1.09 / train/loss/repval 1.31 / train/loss/rew 8.3e-3 / train/loss/value 1.1 / train/rand/action 0.04 / replay/replay_ratio 264 / fps/policy 7.7 / fps/train 1971.18

Writing metrics: /data2/liguoqi/habmm/hab_z/btwm/runs/dreamerv3_atari_pong_seed0_v2_1m/metrics.jsonl
Writing metrics: /data2/liguoqi/habmm/hab_z/btwm/runs/dreamerv3_atari_pong_seed0_v2_1m/scores.jsonl

--------------------[Agent Step 2_147_720]--------------------
Metrics filtered by: 'score|length|fps|ratio|train/loss/|train/acc/|train/inv/|train/rand/'
train/acc/inv 0.11 / train/inv/ce 2.13 / train/inv/objective 1.19 / train/inv/valid_frac 1 / train/inv/weight 0 / train/loss/con 0.02 / train/loss/dyn 1.09 / train/loss/image 0.06 / train/loss/inv 0 / train/loss/policy 7.1e-5 / train/loss/rep 1.09 / train/loss/repval 1.31 / train/loss/rew 8.4e-3 / train/loss/value 1.1 / train/rand/action 0.04 / replay/replay_ratio 264 / fps/policy 7.68 / fps/train 1966.01

Writing metrics: /data2/liguoqi/habmm/hab_z/btwm/runs/dreamerv3_atari_pong_seed0_v2_1m/metrics.jsonl
Writing metrics: /data2/liguoqi/habmm/hab_z/btwm/runs/dreamerv3_atari_pong_seed0_v2_1m/scores.jsonl

--------------------[Agent Step 2_151_440]--------------------
Metrics filtered by: 'score|length|fps|ratio|train/loss/|train/acc/|train/inv/|train/rand/'
episode/score 9 / episode/length 2541 / train/acc/inv 0.11 / train/inv/ce 2.12 / train/inv/objective 1.19 / train/inv/valid_frac 1 / train/inv/weight 0 / train/loss/con 0.02 / train/loss/dyn 1.1 / train/loss/image 0.06 / train/loss/inv 0 / train/loss/policy 1.6e-4 / train/loss/rep 1.1 / train/loss/repval 1.3 / train/loss/rew 8.3e-3 / train/loss/value 1.1 / train/rand/action 0.04 / replay/replay_ratio 264 / fps/policy 7.7 / fps/train 1970.87

Writing metrics: /data2/liguoqi/habmm/hab_z/btwm/runs/dreamerv3_atari_pong_seed0_v2_1m/metrics.jsonl
Writing metrics: /data2/liguoqi/habmm/hab_z/btwm/runs/dreamerv3_atari_pong_seed0_v2_1m/scores.jsonl

--------------------[Agent Step 2_155_160]--------------------
Metrics filtered by: 'score|length|fps|ratio|train/loss/|train/acc/|train/inv/|train/rand/'
train/acc/inv 0.11 / train/inv/ce 2.13 / train/inv/objective 1.19 / train/inv/valid_frac 1 / train/inv/weight 0 / train/loss/con 0.02 / train/loss/dyn 1.1 / train/loss/image 0.05 / train/loss/inv 0 / train/loss/policy 1.9e-4 / train/loss/rep 1.1 / train/loss/repval 1.27 / train/loss/rew 8.5e-3 / train/loss/value 1.08 / train/rand/action 0.04 / replay/replay_ratio 264 / fps/policy 7.7 / fps/train 1970.92

Writing metrics: /data2/liguoqi/habmm/hab_z/btwm/runs/dreamerv3_atari_pong_seed0_v2_1m/metrics.jsonl
Writing metrics: /data2/liguoqi/habmm/hab_z/btwm/runs/dreamerv3_atari_pong_seed0_v2_1m/scores.jsonl

--------------------[Agent Step 2_158_840]--------------------
Metrics filtered by: 'score|length|fps|ratio|train/loss/|train/acc/|train/inv/|train/rand/'
train/acc/inv 0.11 / train/inv/ce 2.13 / train/inv/objective 1.19 / train/inv/valid_frac 1 / train/inv/weight 0 / train/loss/con 0.02 / train/loss/dyn 1.1 / train/loss/image 0.05 / train/loss/inv 0 / train/loss/policy 6.9e-5 / train/loss/rep 1.1 / train/loss/repval 1.3 / train/loss/rew 8.4e-3 / train/loss/value 1.09 / train/rand/action 0.04 / replay/replay_ratio 264 / fps/policy 7.63 / fps/train 1954.4

Writing metrics: /data2/liguoqi/habmm/hab_z/btwm/runs/dreamerv3_atari_pong_seed0_v2_1m/scores.jsonl
Writing metrics: /data2/liguoqi/habmm/hab_z/btwm/runs/dreamerv3_atari_pong_seed0_v2_1m/metrics.jsonl

--------------------[Agent Step 2_162_440]--------------------
Metrics filtered by: 'score|length|fps|ratio|train/loss/|train/acc/|train/inv/|train/rand/'
train/acc/inv 0.11 / train/inv/ce 2.13 / train/inv/objective 1.19 / train/inv/valid_frac 1 / train/inv/weight 0 / train/loss/con 0.02 / train/loss/dyn 1.09 / train/loss/image 0.05 / train/loss/inv 0 / train/loss/policy 1.7e-4 / train/loss/rep 1.09 / train/loss/repval 1.28 / train/loss/rew 8.4e-3 / train/loss/value 1.08 / train/rand/action 0.05 / replay/replay_ratio 264 / fps/policy 7.48 / fps/train 1914.31

Writing metrics: /data2/liguoqi/habmm/hab_z/btwm/runs/dreamerv3_atari_pong_seed0_v2_1m/metrics.jsonl
Writing metrics: /data2/liguoqi/habmm/hab_z/btwm/runs/dreamerv3_atari_pong_seed0_v2_1m/scores.jsonl

--------------------[Agent Step 2_166_160]--------------------
Metrics filtered by: 'score|length|fps|ratio|train/loss/|train/acc/|train/inv/|train/rand/'
episode/score 11 / episode/length 2928 / train/acc/inv 0.11 / train/inv/ce 2.12 / train/inv/objective 1.19 / train/inv/valid_frac 1 / train/inv/weight 0 / train/loss/con 0.02 / train/loss/dyn 1.09 / train/loss/image 0.05 / train/loss/inv 0 / train/loss/policy 8.7e-5 / train/loss/rep 1.09 / train/loss/repval 1.32 / train/loss/rew 8.4e-3 / train/loss/value 1.11 / train/rand/action 0.05 / replay/replay_ratio 264 / fps/policy 7.65 / fps/train 1958.47

Writing metrics: /data2/liguoqi/habmm/hab_z/btwm/runs/dreamerv3_atari_pong_seed0_v2_1m/metrics.jsonl
Writing metrics: /data2/liguoqi/habmm/hab_z/btwm/runs/dreamerv3_atari_pong_seed0_v2_1m/scores.jsonl

--------------------[Agent Step 2_169_880]--------------------
Metrics filtered by: 'score|length|fps|ratio|train/loss/|train/acc/|train/inv/|train/rand/'
train/acc/inv 0.11 / train/inv/ce 2.13 / train/inv/objective 1.19 / train/inv/valid_frac 1 / train/inv/weight 0 / train/loss/con 0.02 / train/loss/dyn 1.1 / train/loss/image 0.05 / train/loss/inv 0 / train/loss/policy 1.3e-4 / train/loss/rep 1.1 / train/loss/repval 1.34 / train/loss/rew 8.2e-3 / train/loss/value 1.12 / train/rand/action 0.05 / replay/replay_ratio 264 / fps/policy 7.71 / fps/train 1973.76

Writing metrics: /data2/liguoqi/habmm/hab_z/btwm/runs/dreamerv3_atari_pong_seed0_v2_1m/metrics.jsonl
Writing metrics: /data2/liguoqi/habmm/hab_z/btwm/runs/dreamerv3_atari_pong_seed0_v2_1m/scores.jsonl

--------------------[Agent Step 2_173_600]--------------------
Metrics filtered by: 'score|length|fps|ratio|train/loss/|train/acc/|train/inv/|train/rand/'
train/acc/inv 0.11 / train/inv/ce 2.13 / train/inv/objective 1.19 / train/inv/valid_frac 1 / train/inv/weight 0 / train/loss/con 0.02 / train/loss/dyn 1.09 / train/loss/image 0.05 / train/loss/inv 0 / train/loss/policy 1.3e-5 / train/loss/rep 1.09 / train/loss/repval 1.33 / train/loss/rew 8.3e-3 / train/loss/value 1.11 / train/rand/action 0.04 / replay/replay_ratio 264 / fps/policy 7.7 / fps/train 1972

Writing metrics: /data2/liguoqi/habmm/hab_z/btwm/runs/dreamerv3_atari_pong_seed0_v2_1m/scores.jsonl
Writing metrics: /data2/liguoqi/habmm/hab_z/btwm/runs/dreamerv3_atari_pong_seed0_v2_1m/metrics.jsonl
Saving checkpoint: /data2/liguoqi/habmm/hab_z/btwm/runs/dreamerv3_atari_pong_seed0_v2_1m/ckpt/20260614T143956F613861
Saved checkpoint.

--------------------[Agent Step 2_176_360]--------------------
Metrics filtered by: 'score|length|fps|ratio|train/loss/|train/acc/|train/inv/|train/rand/'
episode/score 6 / episode/length 3129 / train/acc/inv 0.11 / train/inv/ce 2.13 / train/inv/objective 1.19 / train/inv/valid_frac 1 / train/inv/weight 0 / train/loss/con 0.02 / train/loss/dyn 1.09 / train/loss/image 0.05 / train/loss/inv 0 / train/loss/policy 1.5e-4 / train/loss/rep 1.09 / train/loss/repval 1.3 / train/loss/rew 8.4e-3 / train/loss/value 1.1 / train/rand/action 0.04 / replay/replay_ratio 264 / fps/policy 5.66 / fps/train 1449.06

Writing metrics: /data2/liguoqi/habmm/hab_z/btwm/runs/dreamerv3_atari_pong_seed0_v2_1m/metrics.jsonl
Writing metrics: /data2/liguoqi/habmm/hab_z/btwm/runs/dreamerv3_atari_pong_seed0_v2_1m/scores.jsonl

--------------------[Agent Step 2_180_040]--------------------
Metrics filtered by: 'score|length|fps|ratio|train/loss/|train/acc/|train/inv/|train/rand/'
train/acc/inv 0.11 / train/inv/ce 2.12 / train/inv/objective 1.18 / train/inv/valid_frac 1 / train/inv/weight 0 / train/loss/con 0.02 / train/loss/dyn 1.09 / train/loss/image 0.05 / train/loss/inv 0 / train/loss/policy 1.2e-4 / train/loss/rep 1.09 / train/loss/repval 1.3 / train/loss/rew 8.6e-3 / train/loss/value 1.1 / train/rand/action 0.04 / replay/replay_ratio 264 / fps/policy 7.64 / fps/train 1955.11

Writing metrics: /data2/liguoqi/habmm/hab_z/btwm/runs/dreamerv3_atari_pong_seed0_v2_1m/scores.jsonl
Writing metrics: /data2/liguoqi/habmm/hab_z/btwm/runs/dreamerv3_atari_pong_seed0_v2_1m/metrics.jsonl

--------------------[Agent Step 2_183_720]--------------------
Metrics filtered by: 'score|length|fps|ratio|train/loss/|train/acc/|train/inv/|train/rand/'
train/acc/inv 0.11 / train/inv/ce 2.12 / train/inv/objective 1.18 / train/inv/valid_frac 1 / train/inv/weight 0 / train/loss/con 0.02 / train/loss/dyn 1.09 / train/loss/image 0.05 / train/loss/inv 0 / train/loss/policy 1.9e-4 / train/loss/rep 1.09 / train/loss/repval 1.26 / train/loss/rew 8.1e-3 / train/loss/value 1.08 / train/rand/action 0.05 / replay/replay_ratio 264 / fps/policy 7.63 / fps/train 1953.87

Writing metrics: /data2/liguoqi/habmm/hab_z/btwm/runs/dreamerv3_atari_pong_seed0_v2_1m/metrics.jsonl
Writing metrics: /data2/liguoqi/habmm/hab_z/btwm/runs/dreamerv3_atari_pong_seed0_v2_1m/scores.jsonl

--------------------[Agent Step 2_187_400]--------------------
Metrics filtered by: 'score|length|fps|ratio|train/loss/|train/acc/|train/inv/|train/rand/'
episode/score 11 / episode/length 2183 / train/acc/inv 0.11 / train/inv/ce 2.12 / train/inv/objective 1.18 / train/inv/valid_frac 1 / train/inv/weight 0 / train/loss/con 0.02 / train/loss/dyn 1.1 / train/loss/image 0.05 / train/loss/inv 0 / train/loss/policy 7.3e-5 / train/loss/rep 1.1 / train/loss/repval 1.27 / train/loss/rew 8.3e-3 / train/loss/value 1.08 / train/rand/action 0.05 / replay/replay_ratio 264 / fps/policy 7.59 / fps/train 1942.46

Writing metrics: /data2/liguoqi/habmm/hab_z/btwm/runs/dreamerv3_atari_pong_seed0_v2_1m/scores.jsonl
Writing metrics: /data2/liguoqi/habmm/hab_z/btwm/runs/dreamerv3_atari_pong_seed0_v2_1m/metrics.jsonl

--------------------[Agent Step 2_191_120]--------------------
Metrics filtered by: 'score|length|fps|ratio|train/loss/|train/acc/|train/inv/|train/rand/'
train/acc/inv 0.11 / train/inv/ce 2.11 / train/inv/objective 1.18 / train/inv/valid_frac 1 / train/inv/weight 0 / train/loss/con 0.02 / train/loss/dyn 1.09 / train/loss/image 0.05 / train/loss/inv 0 / train/loss/policy 9.8e-5 / train/loss/rep 1.09 / train/loss/repval 1.28 / train/loss/rew 8.7e-3 / train/loss/value 1.09 / train/rand/action 0.05 / replay/replay_ratio 264 / fps/policy 7.67 / fps/train 1963.46

Writing metrics: /data2/liguoqi/habmm/hab_z/btwm/runs/dreamerv3_atari_pong_seed0_v2_1m/scores.jsonl
Writing metrics: /data2/liguoqi/habmm/hab_z/btwm/runs/dreamerv3_atari_pong_seed0_v2_1m/metrics.jsonl

--------------------[Agent Step 2_194_800]--------------------
Metrics filtered by: 'score|length|fps|ratio|train/loss/|train/acc/|train/inv/|train/rand/'
episode/score 15 / episode/length 1939 / train/acc/inv 0.11 / train/inv/ce 2.11 / train/inv/objective 1.18 / train/inv/valid_frac 1 / train/inv/weight 0 / train/loss/con 0.02 / train/loss/dyn 1.09 / train/loss/image 0.05 / train/loss/inv 0 / train/loss/policy 1.7e-4 / train/loss/rep 1.09 / train/loss/repval 1.28 / train/loss/rew 8.4e-3 / train/loss/value 1.09 / train/rand/action 0.04 / replay/replay_ratio 264 / fps/policy 7.63 / fps/train 1952.44

Writing metrics: /data2/liguoqi/habmm/hab_z/btwm/runs/dreamerv3_atari_pong_seed0_v2_1m/metrics.jsonl
Writing metrics: /data2/liguoqi/habmm/hab_z/btwm/runs/dreamerv3_atari_pong_seed0_v2_1m/scores.jsonl

--------------------[Agent Step 2_198_520]--------------------
Metrics filtered by: 'score|length|fps|ratio|train/loss/|train/acc/|train/inv/|train/rand/'
train/acc/inv 0.12 / train/inv/ce 2.1 / train/inv/objective 1.17 / train/inv/valid_frac 1 / train/inv/weight 0 / train/loss/con 0.02 / train/loss/dyn 1.09 / train/loss/image 0.05 / train/loss/inv 0 / train/loss/policy 1.7e-4 / train/loss/rep 1.09 / train/loss/repval 1.27 / train/loss/rew 8.4e-3 / train/loss/value 1.08 / train/rand/action 0.04 / replay/replay_ratio 264 / fps/policy 7.69 / fps/train 1968.87

Writing metrics: /data2/liguoqi/habmm/hab_z/btwm/runs/dreamerv3_atari_pong_seed0_v2_1m/scores.jsonl
Writing metrics: /data2/liguoqi/habmm/hab_z/btwm/runs/dreamerv3_atari_pong_seed0_v2_1m/metrics.jsonl

--------------------[Agent Step 2_202_240]--------------------
Metrics filtered by: 'score|length|fps|ratio|train/loss/|train/acc/|train/inv/|train/rand/'
train/acc/inv 0.11 / train/inv/ce 2.11 / train/inv/objective 1.18 / train/inv/valid_frac 1 / train/inv/weight 0 / train/loss/con 0.02 / train/loss/dyn 1.1 / train/loss/image 0.05 / train/loss/inv 0 / train/loss/policy 8.3e-5 / train/loss/rep 1.1 / train/loss/repval 1.29 / train/loss/rew 8.7e-3 / train/loss/value 1.09 / train/rand/action 0.05 / replay/replay_ratio 264 / fps/policy 7.69 / fps/train 1967.72

Writing metrics: /data2/liguoqi/habmm/hab_z/btwm/runs/dreamerv3_atari_pong_seed0_v2_1m/metrics.jsonl
Writing metrics: /data2/liguoqi/habmm/hab_z/btwm/runs/dreamerv3_atari_pong_seed0_v2_1m/scores.jsonl

--------------------[Agent Step 2_205_840]--------------------
Metrics filtered by: 'score|length|fps|ratio|train/loss/|train/acc/|train/inv/|train/rand/'
episode/score 9 / episode/length 2669 / train/acc/inv 0.11 / train/inv/ce 2.12 / train/inv/objective 1.18 / train/inv/valid_frac 1 / train/inv/weight 0 / train/loss/con 0.02 / train/loss/dyn 1.09 / train/loss/image 0.05 / train/loss/inv 0 / train/loss/policy 2.8e-5 / train/loss/rep 1.09 / train/loss/repval 1.31 / train/loss/rew 8.4e-3 / train/loss/value 1.1 / train/rand/action 0.05 / replay/replay_ratio 264 / fps/policy 7.45 / fps/train 1906.95

Writing metrics: /data2/liguoqi/habmm/hab_z/btwm/runs/dreamerv3_atari_pong_seed0_v2_1m/scores.jsonl
Writing metrics: /data2/liguoqi/habmm/hab_z/btwm/runs/dreamerv3_atari_pong_seed0_v2_1m/metrics.jsonl

--------------------[Agent Step 2_209_520]--------------------
Metrics filtered by: 'score|length|fps|ratio|train/loss/|train/acc/|train/inv/|train/rand/'
train/acc/inv 0.11 / train/inv/ce 2.12 / train/inv/objective 1.18 / train/inv/valid_frac 1 / train/inv/weight 0 / train/loss/con 0.02 / train/loss/dyn 1.09 / train/loss/image 0.05 / train/loss/inv 0 / train/loss/policy 2.4e-4 / train/loss/rep 1.09 / train/loss/repval 1.26 / train/loss/rew 8.3e-3 / train/loss/value 1.08 / train/rand/action 0.05 / replay/replay_ratio 264 / fps/policy 7.67 / fps/train 1962.92

Writing metrics: /data2/liguoqi/habmm/hab_z/btwm/runs/dreamerv3_atari_pong_seed0_v2_1m/scores.jsonl
Writing metrics: /data2/liguoqi/habmm/hab_z/btwm/runs/dreamerv3_atari_pong_seed0_v2_1m/metrics.jsonl

--------------------[Agent Step 2_213_240]--------------------
Metrics filtered by: 'score|length|fps|ratio|train/loss/|train/acc/|train/inv/|train/rand/'
episode/score 14 / episode/length 2274 / train/acc/inv 0.11 / train/inv/ce 2.12 / train/inv/objective 1.18 / train/inv/valid_frac 1 / train/inv/weight 0 / train/loss/con 0.02 / train/loss/dyn 1.09 / train/loss/image 0.05 / train/loss/inv 0 / train/loss/policy 1.2e-4 / train/loss/rep 1.09 / train/loss/repval 1.27 / train/loss/rew 8.5e-3 / train/loss/value 1.08 / train/rand/action 0.05 / replay/replay_ratio 264 / fps/policy 7.62 / fps/train 1951.39

Writing metrics: /data2/liguoqi/habmm/hab_z/btwm/runs/dreamerv3_atari_pong_seed0_v2_1m/scores.jsonl
Writing metrics: /data2/liguoqi/habmm/hab_z/btwm/runs/dreamerv3_atari_pong_seed0_v2_1m/metrics.jsonl

--------------------[Agent Step 2_216_880]--------------------
Metrics filtered by: 'score|length|fps|ratio|train/loss/|train/acc/|train/inv/|train/rand/'
train/acc/inv 0.11 / train/inv/ce 2.12 / train/inv/objective 1.18 / train/inv/valid_frac 1 / train/inv/weight 0 / train/loss/con 0.02 / train/loss/dyn 1.11 / train/loss/image 0.05 / train/loss/inv 0 / train/loss/policy 1.1e-4 / train/loss/rep 1.11 / train/loss/repval 1.26 / train/loss/rew 8.5e-3 / train/loss/value 1.07 / train/rand/action 0.05 / replay/replay_ratio 264 / fps/policy 7.65 / fps/train 1958.39

Writing metrics: /data2/liguoqi/habmm/hab_z/btwm/runs/dreamerv3_atari_pong_seed0_v2_1m/scores.jsonl
Writing metrics: /data2/liguoqi/habmm/hab_z/btwm/runs/dreamerv3_atari_pong_seed0_v2_1m/metrics.jsonl

--------------------[Agent Step 2_220_600]--------------------
Metrics filtered by: 'score|length|fps|ratio|train/loss/|train/acc/|train/inv/|train/rand/'
train/acc/inv 0.12 / train/inv/ce 2.11 / train/inv/objective 1.18 / train/inv/valid_frac 1 / train/inv/weight 0 / train/loss/con 0.02 / train/loss/dyn 1.11 / train/loss/image 0.05 / train/loss/inv 0 / train/loss/policy 2.2e-5 / train/loss/rep 1.11 / train/loss/repval 1.3 / train/loss/rew 8.6e-3 / train/loss/value 1.09 / train/rand/action 0.05 / replay/replay_ratio 264 / fps/policy 7.69 / fps/train 1969.23

Writing metrics: /data2/liguoqi/habmm/hab_z/btwm/runs/dreamerv3_atari_pong_seed0_v2_1m/scores.jsonl
Writing metrics: /data2/liguoqi/habmm/hab_z/btwm/runs/dreamerv3_atari_pong_seed0_v2_1m/metrics.jsonl

--------------------[Agent Step 2_224_280]--------------------
Metrics filtered by: 'score|length|fps|ratio|train/loss/|train/acc/|train/inv/|train/rand/'
episode/score 9 / episode/length 2844 / train/acc/inv 0.12 / train/inv/ce 2.11 / train/inv/objective 1.18 / train/inv/valid_frac 1 / train/inv/weight 0 / train/loss/con 0.02 / train/loss/dyn 1.09 / train/loss/image 0.05 / train/loss/inv 0 / train/loss/policy 1.2e-4 / train/loss/rep 1.09 / train/loss/repval 1.32 / train/loss/rew 8.4e-3 / train/loss/value 1.1 / train/rand/action 0.05 / replay/replay_ratio 264 / fps/policy 7.67 / fps/train 1962.81

Writing metrics: /data2/liguoqi/habmm/hab_z/btwm/runs/dreamerv3_atari_pong_seed0_v2_1m/metrics.jsonl
Writing metrics: /data2/liguoqi/habmm/hab_z/btwm/runs/dreamerv3_atari_pong_seed0_v2_1m/scores.jsonl

--------------------[Agent Step 2_227_960]--------------------
Metrics filtered by: 'score|length|fps|ratio|train/loss/|train/acc/|train/inv/|train/rand/'
train/acc/inv 0.12 / train/inv/ce 2.12 / train/inv/objective 1.18 / train/inv/valid_frac 1 / train/inv/weight 0 / train/loss/con 0.02 / train/loss/dyn 1.1 / train/loss/image 0.05 / train/loss/inv 0 / train/loss/policy 1.1e-4 / train/loss/rep 1.1 / train/loss/repval 1.29 / train/loss/rew 8.6e-3 / train/loss/value 1.09 / train/rand/action 0.04 / replay/replay_ratio 264 / fps/policy 7.66 / fps/train 1960.83

Writing metrics: /data2/liguoqi/habmm/hab_z/btwm/runs/dreamerv3_atari_pong_seed0_v2_1m/scores.jsonl
Writing metrics: /data2/liguoqi/habmm/hab_z/btwm/runs/dreamerv3_atari_pong_seed0_v2_1m/metrics.jsonl

--------------------[Agent Step 2_231_680]--------------------
Metrics filtered by: 'score|length|fps|ratio|train/loss/|train/acc/|train/inv/|train/rand/'
train/acc/inv 0.11 / train/inv/ce 2.11 / train/inv/objective 1.18 / train/inv/valid_frac 1 / train/inv/weight 0 / train/loss/con 0.02 / train/loss/dyn 1.1 / train/loss/image 0.05 / train/loss/inv 0 / train/loss/policy 1.9e-4 / train/loss/rep 1.1 / train/loss/repval 1.27 / train/loss/rew 8.2e-3 / train/loss/value 1.08 / train/rand/action 0.05 / replay/replay_ratio 264 / fps/policy 7.7 / fps/train 1970.29

Writing metrics: /data2/liguoqi/habmm/hab_z/btwm/runs/dreamerv3_atari_pong_seed0_v2_1m/scores.jsonl
Writing metrics: /data2/liguoqi/habmm/hab_z/btwm/runs/dreamerv3_atari_pong_seed0_v2_1m/metrics.jsonl

--------------------[Agent Step 2_235_400]--------------------
Metrics filtered by: 'score|length|fps|ratio|train/loss/|train/acc/|train/inv/|train/rand/'
train/acc/inv 0.12 / train/inv/ce 2.11 / train/inv/objective 1.18 / train/inv/valid_frac 1 / train/inv/weight 0 / train/loss/con 0.02 / train/loss/dyn 1.11 / train/loss/image 0.05 / train/loss/inv 0 / train/loss/policy 7e-5 / train/loss/rep 1.11 / train/loss/repval 1.28 / train/loss/rew 8.7e-3 / train/loss/value 1.08 / train/rand/action 0.05 / replay/replay_ratio 264 / fps/policy 7.67 / fps/train 1963.94

Writing metrics: /data2/liguoqi/habmm/hab_z/btwm/runs/dreamerv3_atari_pong_seed0_v2_1m/scores.jsonl
Writing metrics: /data2/liguoqi/habmm/hab_z/btwm/runs/dreamerv3_atari_pong_seed0_v2_1m/metrics.jsonl

--------------------[Agent Step 2_239_120]--------------------
Metrics filtered by: 'score|length|fps|ratio|train/loss/|train/acc/|train/inv/|train/rand/'
episode/score -6 / episode/length 3157 / train/acc/inv 0.12 / train/inv/ce 2.11 / train/inv/objective 1.18 / train/inv/valid_frac 1 / train/inv/weight 0 / train/loss/con 0.02 / train/loss/dyn 1.1 / train/loss/image 0.05 / train/loss/inv 0 / train/loss/policy 1.3e-4 / train/loss/rep 1.1 / train/loss/repval 1.32 / train/loss/rew 8.3e-3 / train/loss/value 1.1 / train/rand/action 0.05 / replay/replay_ratio 264 / fps/policy 7.63 / fps/train 1952.07

Writing metrics: /data2/liguoqi/habmm/hab_z/btwm/runs/dreamerv3_atari_pong_seed0_v2_1m/scores.jsonl
Writing metrics: /data2/liguoqi/habmm/hab_z/btwm/runs/dreamerv3_atari_pong_seed0_v2_1m/metrics.jsonl

--------------------[Agent Step 2_242_800]--------------------
Metrics filtered by: 'score|length|fps|ratio|train/loss/|train/acc/|train/inv/|train/rand/'
train/acc/inv 0.12 / train/inv/ce 2.1 / train/inv/objective 1.17 / train/inv/valid_frac 1 / train/inv/weight 0 / train/loss/con 0.02 / train/loss/dyn 1.1 / train/loss/image 0.05 / train/loss/inv 0 / train/loss/policy 1e-4 / train/loss/rep 1.1 / train/loss/repval 1.28 / train/loss/rew 8.5e-3 / train/loss/value 1.08 / train/rand/action 0.05 / replay/replay_ratio 264 / fps/policy 7.69 / fps/train 1969.46

Writing metrics: /data2/liguoqi/habmm/hab_z/btwm/runs/dreamerv3_atari_pong_seed0_v2_1m/scores.jsonl
Writing metrics: /data2/liguoqi/habmm/hab_z/btwm/runs/dreamerv3_atari_pong_seed0_v2_1m/metrics.jsonl

--------------------[Agent Step 2_246_520]--------------------
Metrics filtered by: 'score|length|fps|ratio|train/loss/|train/acc/|train/inv/|train/rand/'
episode/score 12 / episode/length 2636 / train/acc/inv 0.12 / train/inv/ce 2.1 / train/inv/objective 1.17 / train/inv/valid_frac 1 / train/inv/weight 0 / train/loss/con 0.02 / train/loss/dyn 1.1 / train/loss/image 0.05 / train/loss/inv 0 / train/loss/policy 1.2e-4 / train/loss/rep 1.1 / train/loss/repval 1.28 / train/loss/rew 8.2e-3 / train/loss/value 1.09 / train/rand/action 0.05 / replay/replay_ratio 264 / fps/policy 7.66 / fps/train 1961.73

Writing metrics: /data2/liguoqi/habmm/hab_z/btwm/runs/dreamerv3_atari_pong_seed0_v2_1m/metrics.jsonl
Writing metrics: /data2/liguoqi/habmm/hab_z/btwm/runs/dreamerv3_atari_pong_seed0_v2_1m/scores.jsonl

--------------------[Agent Step 2_250_240]--------------------
Metrics filtered by: 'score|length|fps|ratio|train/loss/|train/acc/|train/inv/|train/rand/'
train/acc/inv 0.12 / train/inv/ce 2.08 / train/inv/objective 1.16 / train/inv/valid_frac 1 / train/inv/weight 0 / train/loss/con 0.02 / train/loss/dyn 1.1 / train/loss/image 0.05 / train/loss/inv 0 / train/loss/policy 1.7e-4 / train/loss/rep 1.1 / train/loss/repval 1.26 / train/loss/rew 8.5e-3 / train/loss/value 1.08 / train/rand/action 0.05 / replay/replay_ratio 264 / fps/policy 7.68 / fps/train 1966.69

Writing metrics: /data2/liguoqi/habmm/hab_z/btwm/runs/dreamerv3_atari_pong_seed0_v2_1m/metrics.jsonl
Writing metrics: /data2/liguoqi/habmm/hab_z/btwm/runs/dreamerv3_atari_pong_seed0_v2_1m/scores.jsonl

--------------------[Agent Step 2_253_840]--------------------
Metrics filtered by: 'score|length|fps|ratio|train/loss/|train/acc/|train/inv/|train/rand/'
train/acc/inv 0.11 / train/inv/ce 2.1 / train/inv/objective 1.17 / train/inv/valid_frac 1 / train/inv/weight 0 / train/loss/con 0.02 / train/loss/dyn 1.09 / train/loss/image 0.05 / train/loss/inv 0 / train/loss/policy 1.1e-4 / train/loss/rep 1.09 / train/loss/repval 1.25 / train/loss/rew 8.2e-3 / train/loss/value 1.07 / train/rand/action 0.05 / replay/replay_ratio 264 / fps/policy 7.46 / fps/train 1908.94

Writing metrics: /data2/liguoqi/habmm/hab_z/btwm/runs/dreamerv3_atari_pong_seed0_v2_1m/metrics.jsonl
Writing metrics: /data2/liguoqi/habmm/hab_z/btwm/runs/dreamerv3_atari_pong_seed0_v2_1m/scores.jsonl

--------------------[Agent Step 2_257_520]--------------------
Metrics filtered by: 'score|length|fps|ratio|train/loss/|train/acc/|train/inv/|train/rand/'
train/acc/inv 0.11 / train/inv/ce 2.1 / train/inv/objective 1.17 / train/inv/valid_frac 1 / train/inv/weight 0 / train/loss/con 0.02 / train/loss/dyn 1.09 / train/loss/image 0.05 / train/loss/inv 0 / train/loss/policy 7.8e-5 / train/loss/rep 1.09 / train/loss/repval 1.27 / train/loss/rew 8.2e-3 / train/loss/value 1.08 / train/rand/action 0.05 / replay/replay_ratio 264 / fps/policy 7.64 / fps/train 1955.31

Writing metrics: /data2/liguoqi/habmm/hab_z/btwm/runs/dreamerv3_atari_pong_seed0_v2_1m/metrics.jsonl
Writing metrics: /data2/liguoqi/habmm/hab_z/btwm/runs/dreamerv3_atari_pong_seed0_v2_1m/scores.jsonl

--------------------[Agent Step 2_261_240]--------------------
Metrics filtered by: 'score|length|fps|ratio|train/loss/|train/acc/|train/inv/|train/rand/'
episode/score 9 / episode/length 2975 / train/acc/inv 0.11 / train/inv/ce 2.1 / train/inv/objective 1.17 / train/inv/valid_frac 1 / train/inv/weight 0 / train/loss/con 0.02 / train/loss/dyn 1.1 / train/loss/image 0.05 / train/loss/inv 0 / train/loss/policy 6.8e-5 / train/loss/rep 1.1 / train/loss/repval 1.28 / train/loss/rew 8.3e-3 / train/loss/value 1.08 / train/rand/action 0.05 / replay/replay_ratio 264 / fps/policy 7.63 / fps/train 1952.36

Writing metrics: /data2/liguoqi/habmm/hab_z/btwm/runs/dreamerv3_atari_pong_seed0_v2_1m/metrics.jsonl
Writing metrics: /data2/liguoqi/habmm/hab_z/btwm/runs/dreamerv3_atari_pong_seed0_v2_1m/scores.jsonl

--------------------[Agent Step 2_264_880]--------------------
Metrics filtered by: 'score|length|fps|ratio|train/loss/|train/acc/|train/inv/|train/rand/'
train/acc/inv 0.12 / train/inv/ce 2.1 / train/inv/objective 1.17 / train/inv/valid_frac 1 / train/inv/weight 0 / train/loss/con 0.02 / train/loss/dyn 1.1 / train/loss/image 0.06 / train/loss/inv 0 / train/loss/policy 1e-4 / train/loss/rep 1.1 / train/loss/repval 1.29 / train/loss/rew 8.4e-3 / train/loss/value 1.1 / train/rand/action 0.05 / replay/replay_ratio 264 / fps/policy 7.62 / fps/train 1951.57

Writing metrics: /data2/liguoqi/habmm/hab_z/btwm/runs/dreamerv3_atari_pong_seed0_v2_1m/metrics.jsonl
Writing metrics: /data2/liguoqi/habmm/hab_z/btwm/runs/dreamerv3_atari_pong_seed0_v2_1m/scores.jsonl

--------------------[Agent Step 2_268_600]--------------------
Metrics filtered by: 'score|length|fps|ratio|train/loss/|train/acc/|train/inv/|train/rand/'
train/acc/inv 0.11 / train/inv/ce 2.1 / train/inv/objective 1.17 / train/inv/valid_frac 1 / train/inv/weight 0 / train/loss/con 0.02 / train/loss/dyn 1.09 / train/loss/image 0.05 / train/loss/inv 0 / train/loss/policy 4.2e-5 / train/loss/rep 1.09 / train/loss/repval 1.34 / train/loss/rew 8.5e-3 / train/loss/value 1.11 / train/rand/action 0.05 / replay/replay_ratio 264 / fps/policy 7.7 / fps/train 1972.02

Writing metrics: /data2/liguoqi/habmm/hab_z/btwm/runs/dreamerv3_atari_pong_seed0_v2_1m/scores.jsonl
Writing metrics: /data2/liguoqi/habmm/hab_z/btwm/runs/dreamerv3_atari_pong_seed0_v2_1m/metrics.jsonl

--------------------[Agent Step 2_272_280]--------------------
Metrics filtered by: 'score|length|fps|ratio|train/loss/|train/acc/|train/inv/|train/rand/'
episode/score 10 / episode/length 3416 / train/acc/inv 0.11 / train/inv/ce 2.1 / train/inv/objective 1.17 / train/inv/valid_frac 1 / train/inv/weight 0 / train/loss/con 0.02 / train/loss/dyn 1.09 / train/loss/image 0.05 / train/loss/inv 0 / train/loss/policy 6.9e-5 / train/loss/rep 1.09 / train/loss/repval 1.32 / train/loss/rew 8.4e-3 / train/loss/value 1.11 / train/rand/action 0.05 / replay/replay_ratio 264 / fps/policy 7.66 / fps/train 1961.78

Writing metrics: /data2/liguoqi/habmm/hab_z/btwm/runs/dreamerv3_atari_pong_seed0_v2_1m/scores.jsonl
Writing metrics: /data2/liguoqi/habmm/hab_z/btwm/runs/dreamerv3_atari_pong_seed0_v2_1m/metrics.jsonl

--------------------[Agent Step 2_276_000]--------------------
Metrics filtered by: 'score|length|fps|ratio|train/loss/|train/acc/|train/inv/|train/rand/'
train/acc/inv 0.11 / train/inv/ce 2.11 / train/inv/objective 1.18 / train/inv/valid_frac 1 / train/inv/weight 0 / train/loss/con 0.02 / train/loss/dyn 1.09 / train/loss/image 0.05 / train/loss/inv 0 / train/loss/policy 1.8e-4 / train/loss/rep 1.09 / train/loss/repval 1.27 / train/loss/rew 8.4e-3 / train/loss/value 1.08 / train/rand/action 0.05 / replay/replay_ratio 264 / fps/policy 7.68 / fps/train 1965.41

Writing metrics: /data2/liguoqi/habmm/hab_z/btwm/runs/dreamerv3_atari_pong_seed0_v2_1m/metrics.jsonl
Writing metrics: /data2/liguoqi/habmm/hab_z/btwm/runs/dreamerv3_atari_pong_seed0_v2_1m/scores.jsonl

--------------------[Agent Step 2_279_720]--------------------
Metrics filtered by: 'score|length|fps|ratio|train/loss/|train/acc/|train/inv/|train/rand/'
train/acc/inv 0.11 / train/inv/ce 2.11 / train/inv/objective 1.18 / train/inv/valid_frac 1 / train/inv/weight 0 / train/loss/con 0.02 / train/loss/dyn 1.09 / train/loss/image 0.05 / train/loss/inv 0 / train/loss/policy 1.3e-4 / train/loss/rep 1.09 / train/loss/repval 1.25 / train/loss/rew 8.6e-3 / train/loss/value 1.08 / train/rand/action 0.05 / replay/replay_ratio 264 / fps/policy 7.71 / fps/train 1972.84

Writing metrics: /data2/liguoqi/habmm/hab_z/btwm/runs/dreamerv3_atari_pong_seed0_v2_1m/metrics.jsonl
Writing metrics: /data2/liguoqi/habmm/hab_z/btwm/runs/dreamerv3_atari_pong_seed0_v2_1m/scores.jsonl

--------------------[Agent Step 2_283_440]--------------------
Metrics filtered by: 'score|length|fps|ratio|train/loss/|train/acc/|train/inv/|train/rand/'
episode/score 17 / episode/length 2247 / train/acc/inv 0.11 / train/inv/ce 2.12 / train/inv/objective 1.18 / train/inv/valid_frac 1 / train/inv/weight 0 / train/loss/con 0.02 / train/loss/dyn 1.08 / train/loss/image 0.05 / train/loss/inv 0 / train/loss/policy 1e-4 / train/loss/rep 1.08 / train/loss/repval 1.28 / train/loss/rew 8.2e-3 / train/loss/value 1.09 / train/rand/action 0.05 / replay/replay_ratio 264 / fps/policy 7.69 / fps/train 1969.65

Writing metrics: /data2/liguoqi/habmm/hab_z/btwm/runs/dreamerv3_atari_pong_seed0_v2_1m/metrics.jsonl
Writing metrics: /data2/liguoqi/habmm/hab_z/btwm/runs/dreamerv3_atari_pong_seed0_v2_1m/scores.jsonl
Saving checkpoint: /data2/liguoqi/habmm/hab_z/btwm/runs/dreamerv3_atari_pong_seed0_v2_1m/ckpt/20260614T153957F422286
Saved checkpoint.

--------------------[Agent Step 2_286_360]--------------------
Metrics filtered by: 'score|length|fps|ratio|train/loss/|train/acc/|train/inv/|train/rand/'
train/acc/inv 0.11 / train/inv/ce 2.1 / train/inv/objective 1.17 / train/inv/valid_frac 1 / train/inv/weight 0 / train/loss/con 0.02 / train/loss/dyn 1.1 / train/loss/image 0.05 / train/loss/inv 0 / train/loss/policy 1e-4 / train/loss/rep 1.1 / train/loss/repval 1.31 / train/loss/rew 8.1e-3 / train/loss/value 1.1 / train/rand/action 0.05 / replay/replay_ratio 264 / fps/policy 6.06 / fps/train 1550.85

Writing metrics: /data2/liguoqi/habmm/hab_z/btwm/runs/dreamerv3_atari_pong_seed0_v2_1m/scores.jsonl
Writing metrics: /data2/liguoqi/habmm/hab_z/btwm/runs/dreamerv3_atari_pong_seed0_v2_1m/metrics.jsonl

--------------------[Agent Step 2_290_080]--------------------
Metrics filtered by: 'score|length|fps|ratio|train/loss/|train/acc/|train/inv/|train/rand/'
train/acc/inv 0.11 / train/inv/ce 2.1 / train/inv/objective 1.17 / train/inv/valid_frac 1 / train/inv/weight 0 / train/loss/con 0.02 / train/loss/dyn 1.09 / train/loss/image 0.05 / train/loss/inv 0 / train/loss/policy 1.3e-4 / train/loss/rep 1.09 / train/loss/repval 1.27 / train/loss/rew 8.3e-3 / train/loss/value 1.08 / train/rand/action 0.05 / replay/replay_ratio 264 / fps/policy 7.69 / fps/train 1968.12

Writing metrics: /data2/liguoqi/habmm/hab_z/btwm/runs/dreamerv3_atari_pong_seed0_v2_1m/scores.jsonl
Writing metrics: /data2/liguoqi/habmm/hab_z/btwm/runs/dreamerv3_atari_pong_seed0_v2_1m/metrics.jsonl

--------------------[Agent Step 2_293_800]--------------------
Metrics filtered by: 'score|length|fps|ratio|train/loss/|train/acc/|train/inv/|train/rand/'
episode/score 10 / episode/length 2769 / train/acc/inv 0.11 / train/inv/ce 2.1 / train/inv/objective 1.17 / train/inv/valid_frac 1 / train/inv/weight 0 / train/loss/con 0.02 / train/loss/dyn 1.1 / train/loss/image 0.05 / train/loss/inv 0 / train/loss/policy 1.2e-4 / train/loss/rep 1.1 / train/loss/repval 1.28 / train/loss/rew 8.4e-3 / train/loss/value 1.09 / train/rand/action 0.05 / replay/replay_ratio 264 / fps/policy 7.64 / fps/train 1956.11

Writing metrics: /data2/liguoqi/habmm/hab_z/btwm/runs/dreamerv3_atari_pong_seed0_v2_1m/metrics.jsonl
Writing metrics: /data2/liguoqi/habmm/hab_z/btwm/runs/dreamerv3_atari_pong_seed0_v2_1m/scores.jsonl

--------------------[Agent Step 2_297_360]--------------------
Metrics filtered by: 'score|length|fps|ratio|train/loss/|train/acc/|train/inv/|train/rand/'
train/acc/inv 0.11 / train/inv/ce 2.11 / train/inv/objective 1.18 / train/inv/valid_frac 1 / train/inv/weight 0 / train/loss/con 0.02 / train/loss/dyn 1.09 / train/loss/image 0.05 / train/loss/inv 0 / train/loss/policy 1.2e-4 / train/loss/rep 1.09 / train/loss/repval 1.25 / train/loss/rew 8.3e-3 / train/loss/value 1.07 / train/rand/action 0.05 / replay/replay_ratio 264 / fps/policy 7.43 / fps/train 1901.18

Writing metrics: /data2/liguoqi/habmm/hab_z/btwm/runs/dreamerv3_atari_pong_seed0_v2_1m/metrics.jsonl
Writing metrics: /data2/liguoqi/habmm/hab_z/btwm/runs/dreamerv3_atari_pong_seed0_v2_1m/scores.jsonl

--------------------[Agent Step 2_301_080]--------------------
Metrics filtered by: 'score|length|fps|ratio|train/loss/|train/acc/|train/inv/|train/rand/'
episode/score 15 / episode/length 2052 / train/acc/inv 0.11 / train/inv/ce 2.1 / train/inv/objective 1.17 / train/inv/valid_frac 1 / train/inv/weight 0 / train/loss/con 0.02 / train/loss/dyn 1.08 / train/loss/image 0.05 / train/loss/inv 0 / train/loss/policy -2.6e-5 / train/loss/rep 1.08 / train/loss/repval 1.27 / train/loss/rew 8.5e-3 / train/loss/value 1.08 / train/rand/action 0.05 / replay/replay_ratio 264 / fps/policy 7.67 / fps/train 1962.6

Writing metrics: /data2/liguoqi/habmm/hab_z/btwm/runs/dreamerv3_atari_pong_seed0_v2_1m/metrics.jsonl
Writing metrics: /data2/liguoqi/habmm/hab_z/btwm/runs/dreamerv3_atari_pong_seed0_v2_1m/scores.jsonl

--------------------[Agent Step 2_304_800]--------------------
Metrics filtered by: 'score|length|fps|ratio|train/loss/|train/acc/|train/inv/|train/rand/'
train/acc/inv 0.11 / train/inv/ce 2.11 / train/inv/objective 1.18 / train/inv/valid_frac 1 / train/inv/weight 0 / train/loss/con 0.02 / train/loss/dyn 1.09 / train/loss/image 0.05 / train/loss/inv 0 / train/loss/policy 8.4e-5 / train/loss/rep 1.09 / train/loss/repval 1.34 / train/loss/rew 8.2e-3 / train/loss/value 1.12 / train/rand/action 0.05 / replay/replay_ratio 264 / fps/policy 7.69 / fps/train 1968.16

Writing metrics: /data2/liguoqi/habmm/hab_z/btwm/runs/dreamerv3_atari_pong_seed0_v2_1m/metrics.jsonl
Writing metrics: /data2/liguoqi/habmm/hab_z/btwm/runs/dreamerv3_atari_pong_seed0_v2_1m/scores.jsonl

--------------------[Agent Step 2_308_520]--------------------
Metrics filtered by: 'score|length|fps|ratio|train/loss/|train/acc/|train/inv/|train/rand/'
train/acc/inv 0.11 / train/inv/ce 2.11 / train/inv/objective 1.18 / train/inv/valid_frac 1 / train/inv/weight 0 / train/loss/con 0.02 / train/loss/dyn 1.1 / train/loss/image 0.05 / train/loss/inv 0 / train/loss/policy 1.5e-4 / train/loss/rep 1.1 / train/loss/repval 1.27 / train/loss/rew 8.2e-3 / train/loss/value 1.08 / train/rand/action 0.05 / replay/replay_ratio 264 / fps/policy 7.69 / fps/train 1967.68

Writing metrics: /data2/liguoqi/habmm/hab_z/btwm/runs/dreamerv3_atari_pong_seed0_v2_1m/scores.jsonl
Writing metrics: /data2/liguoqi/habmm/hab_z/btwm/runs/dreamerv3_atari_pong_seed0_v2_1m/metrics.jsonl

--------------------[Agent Step 2_312_240]--------------------
Metrics filtered by: 'score|length|fps|ratio|train/loss/|train/acc/|train/inv/|train/rand/'
episode/score 13 / episode/length 2445 / train/acc/inv 0.11 / train/inv/ce 2.11 / train/inv/objective 1.18 / train/inv/valid_frac 1 / train/inv/weight 0 / train/loss/con 0.02 / train/loss/dyn 1.09 / train/loss/image 0.05 / train/loss/inv 0 / train/loss/policy 1.9e-4 / train/loss/rep 1.09 / train/loss/repval 1.25 / train/loss/rew 8.4e-3 / train/loss/value 1.07 / train/rand/action 0.05 / replay/replay_ratio 264 / fps/policy 7.69 / fps/train 1969.3

Writing metrics: /data2/liguoqi/habmm/hab_z/btwm/runs/dreamerv3_atari_pong_seed0_v2_1m/metrics.jsonl
Writing metrics: /data2/liguoqi/habmm/hab_z/btwm/runs/dreamerv3_atari_pong_seed0_v2_1m/scores.jsonl

--------------------[Agent Step 2_315_960]--------------------
Metrics filtered by: 'score|length|fps|ratio|train/loss/|train/acc/|train/inv/|train/rand/'
train/acc/inv 0.11 / train/inv/ce 2.11 / train/inv/objective 1.18 / train/inv/valid_frac 1 / train/inv/weight 0 / train/loss/con 0.02 / train/loss/dyn 1.09 / train/loss/image 0.05 / train/loss/inv 0 / train/loss/policy 5.5e-5 / train/loss/rep 1.09 / train/loss/repval 1.26 / train/loss/rew 8.4e-3 / train/loss/value 1.07 / train/rand/action 0.05 / replay/replay_ratio 264 / fps/policy 7.69 / fps/train 1969.45

Writing metrics: /data2/liguoqi/habmm/hab_z/btwm/runs/dreamerv3_atari_pong_seed0_v2_1m/scores.jsonl
Writing metrics: /data2/liguoqi/habmm/hab_z/btwm/runs/dreamerv3_atari_pong_seed0_v2_1m/metrics.jsonl

--------------------[Agent Step 2_319_680]--------------------
Metrics filtered by: 'score|length|fps|ratio|train/loss/|train/acc/|train/inv/|train/rand/'
episode/score 11 / episode/length 2275 / train/acc/inv 0.11 / train/inv/ce 2.12 / train/inv/objective 1.19 / train/inv/valid_frac 1 / train/inv/weight 0 / train/loss/con 0.02 / train/loss/dyn 1.09 / train/loss/image 0.05 / train/loss/inv 0 / train/loss/policy 2e-4 / train/loss/rep 1.09 / train/loss/repval 1.23 / train/loss/rew 8.4e-3 / train/loss/value 1.07 / train/rand/action 0.05 / replay/replay_ratio 264 / fps/policy 7.71 / fps/train 1972.89

Writing metrics: /data2/liguoqi/habmm/hab_z/btwm/runs/dreamerv3_atari_pong_seed0_v2_1m/metrics.jsonl
Writing metrics: /data2/liguoqi/habmm/hab_z/btwm/runs/dreamerv3_atari_pong_seed0_v2_1m/scores.jsonl

--------------------[Agent Step 2_323_400]--------------------
Metrics filtered by: 'score|length|fps|ratio|train/loss/|train/acc/|train/inv/|train/rand/'
train/acc/inv 0.11 / train/inv/ce 2.13 / train/inv/objective 1.19 / train/inv/valid_frac 1 / train/inv/weight 0 / train/loss/con 0.02 / train/loss/dyn 1.1 / train/loss/image 0.05 / train/loss/inv 0 / train/loss/policy 4.9e-5 / train/loss/rep 1.1 / train/loss/repval 1.3 / train/loss/rew 8.2e-3 / train/loss/value 1.09 / train/rand/action 0.05 / replay/replay_ratio 264 / fps/policy 7.69 / fps/train 1968.32

Writing metrics: /data2/liguoqi/habmm/hab_z/btwm/runs/dreamerv3_atari_pong_seed0_v2_1m/metrics.jsonl
Writing metrics: /data2/liguoqi/habmm/hab_z/btwm/runs/dreamerv3_atari_pong_seed0_v2_1m/scores.jsonl

--------------------[Agent Step 2_327_120]--------------------
Metrics filtered by: 'score|length|fps|ratio|train/loss/|train/acc/|train/inv/|train/rand/'
train/acc/inv 0.11 / train/inv/ce 2.12 / train/inv/objective 1.18 / train/inv/valid_frac 1 / train/inv/weight 0 / train/loss/con 0.02 / train/loss/dyn 1.09 / train/loss/image 0.05 / train/loss/inv 0 / train/loss/policy 1.3e-4 / train/loss/rep 1.09 / train/loss/repval 1.28 / train/loss/rew 8.4e-3 / train/loss/value 1.09 / train/rand/action 0.05 / replay/replay_ratio 264 / fps/policy 7.71 / fps/train 1974.31

Writing metrics: /data2/liguoqi/habmm/hab_z/btwm/runs/dreamerv3_atari_pong_seed0_v2_1m/scores.jsonl
Writing metrics: /data2/liguoqi/habmm/hab_z/btwm/runs/dreamerv3_atari_pong_seed0_v2_1m/metrics.jsonl

--------------------[Agent Step 2_330_840]--------------------
Metrics filtered by: 'score|length|fps|ratio|train/loss/|train/acc/|train/inv/|train/rand/'
episode/score 8 / episode/length 2931 / train/acc/inv 0.11 / train/inv/ce 2.12 / train/inv/objective 1.18 / train/inv/valid_frac 1 / train/inv/weight 0 / train/loss/con 0.02 / train/loss/dyn 1.09 / train/loss/image 0.05 / train/loss/inv 0 / train/loss/policy 7e-5 / train/loss/rep 1.09 / train/loss/repval 1.28 / train/loss/rew 8.6e-3 / train/loss/value 1.09 / train/rand/action 0.05 / replay/replay_ratio 264 / fps/policy 7.69 / fps/train 1969.25

Writing metrics: /data2/liguoqi/habmm/hab_z/btwm/runs/dreamerv3_atari_pong_seed0_v2_1m/metrics.jsonl
Writing metrics: /data2/liguoqi/habmm/hab_z/btwm/runs/dreamerv3_atari_pong_seed0_v2_1m/scores.jsonl

--------------------[Agent Step 2_334_560]--------------------
Metrics filtered by: 'score|length|fps|ratio|train/loss/|train/acc/|train/inv/|train/rand/'
train/acc/inv 0.11 / train/inv/ce 2.11 / train/inv/objective 1.18 / train/inv/valid_frac 1 / train/inv/weight 0 / train/loss/con 0.02 / train/loss/dyn 1.09 / train/loss/image 0.05 / train/loss/inv 0 / train/loss/policy 1.2e-4 / train/loss/rep 1.09 / train/loss/repval 1.31 / train/loss/rew 8.5e-3 / train/loss/value 1.1 / train/rand/action 0.05 / replay/replay_ratio 264 / fps/policy 7.72 / fps/train 1975.45

Writing metrics: /data2/liguoqi/habmm/hab_z/btwm/runs/dreamerv3_atari_pong_seed0_v2_1m/metrics.jsonl
Writing metrics: /data2/liguoqi/habmm/hab_z/btwm/runs/dreamerv3_atari_pong_seed0_v2_1m/scores.jsonl

--------------------[Agent Step 2_338_280]--------------------
Metrics filtered by: 'score|length|fps|ratio|train/loss/|train/acc/|train/inv/|train/rand/'
train/acc/inv 0.11 / train/inv/ce 2.11 / train/inv/objective 1.18 / train/inv/valid_frac 1 / train/inv/weight 0 / train/loss/con 0.02 / train/loss/dyn 1.1 / train/loss/image 0.05 / train/loss/inv 0 / train/loss/policy 9.2e-5 / train/loss/rep 1.1 / train/loss/repval 1.26 / train/loss/rew 8.1e-3 / train/loss/value 1.07 / train/rand/action 0.05 / replay/replay_ratio 264 / fps/policy 7.7 / fps/train 1970.44

Writing metrics: /data2/liguoqi/habmm/hab_z/btwm/runs/dreamerv3_atari_pong_seed0_v2_1m/metrics.jsonl
Writing metrics: /data2/liguoqi/habmm/hab_z/btwm/runs/dreamerv3_atari_pong_seed0_v2_1m/scores.jsonl

--------------------[Agent Step 2_341_880]--------------------
Metrics filtered by: 'score|length|fps|ratio|train/loss/|train/acc/|train/inv/|train/rand/'
episode/score 14 / episode/length 2539 / train/acc/inv 0.12 / train/inv/ce 2.11 / train/inv/objective 1.18 / train/inv/valid_frac 1 / train/inv/weight 0 / train/loss/con 0.02 / train/loss/dyn 1.08 / train/loss/image 0.05 / train/loss/inv 0 / train/loss/policy 7.5e-5 / train/loss/rep 1.08 / train/loss/repval 1.27 / train/loss/rew 8.4e-3 / train/loss/value 1.08 / train/rand/action 0.05 / replay/replay_ratio 264 / fps/policy 7.41 / fps/train 1896.56

Writing metrics: /data2/liguoqi/habmm/hab_z/btwm/runs/dreamerv3_atari_pong_seed0_v2_1m/metrics.jsonl
Writing metrics: /data2/liguoqi/habmm/hab_z/btwm/runs/dreamerv3_atari_pong_seed0_v2_1m/scores.jsonl

--------------------[Agent Step 2_345_560]--------------------
Metrics filtered by: 'score|length|fps|ratio|train/loss/|train/acc/|train/inv/|train/rand/'
train/acc/inv 0.11 / train/inv/ce 2.11 / train/inv/objective 1.18 / train/inv/valid_frac 1 / train/inv/weight 0 / train/loss/con 0.02 / train/loss/dyn 1.08 / train/loss/image 0.05 / train/loss/inv 0 / train/loss/policy 9.9e-5 / train/loss/rep 1.08 / train/loss/repval 1.3 / train/loss/rew 8.2e-3 / train/loss/value 1.1 / train/rand/action 0.05 / replay/replay_ratio 264 / fps/policy 7.66 / fps/train 1960.59

Writing metrics: /data2/liguoqi/habmm/hab_z/btwm/runs/dreamerv3_atari_pong_seed0_v2_1m/metrics.jsonl
Writing metrics: /data2/liguoqi/habmm/hab_z/btwm/runs/dreamerv3_atari_pong_seed0_v2_1m/scores.jsonl

--------------------[Agent Step 2_349_280]--------------------
Metrics filtered by: 'score|length|fps|ratio|train/loss/|train/acc/|train/inv/|train/rand/'
episode/score 19 / episode/length 1687 / train/acc/inv 0.11 / train/inv/ce 2.11 / train/inv/objective 1.18 / train/inv/valid_frac 1 / train/inv/weight 0 / train/loss/con 0.02 / train/loss/dyn 1.09 / train/loss/image 0.05 / train/loss/inv 0 / train/loss/policy 1.5e-4 / train/loss/rep 1.09 / train/loss/repval 1.26 / train/loss/rew 8.6e-3 / train/loss/value 1.08 / train/rand/action 0.05 / replay/replay_ratio 264 / fps/policy 7.7 / fps/train 1970.83

Writing metrics: /data2/liguoqi/habmm/hab_z/btwm/runs/dreamerv3_atari_pong_seed0_v2_1m/metrics.jsonl
Writing metrics: /data2/liguoqi/habmm/hab_z/btwm/runs/dreamerv3_atari_pong_seed0_v2_1m/scores.jsonl

--------------------[Agent Step 2_353_000]--------------------
Metrics filtered by: 'score|length|fps|ratio|train/loss/|train/acc/|train/inv/|train/rand/'
train/acc/inv 0.1 / train/inv/ce 2.14 / train/inv/objective 1.19 / train/inv/valid_frac 1 / train/inv/weight 0 / train/loss/con 0.02 / train/loss/dyn 1.09 / train/loss/image 0.05 / train/loss/inv 0 / train/loss/policy 1e-4 / train/loss/rep 1.09 / train/loss/repval 1.24 / train/loss/rew 8.5e-3 / train/loss/value 1.07 / train/rand/action 0.05 / replay/replay_ratio 264 / fps/policy 7.7 / fps/train 1970.38

Writing metrics: /data2/liguoqi/habmm/hab_z/btwm/runs/dreamerv3_atari_pong_seed0_v2_1m/metrics.jsonl
Writing metrics: /data2/liguoqi/habmm/hab_z/btwm/runs/dreamerv3_atari_pong_seed0_v2_1m/scores.jsonl

--------------------[Agent Step 2_356_680]--------------------
Metrics filtered by: 'score|length|fps|ratio|train/loss/|train/acc/|train/inv/|train/rand/'
train/acc/inv 0.11 / train/inv/ce 2.13 / train/inv/objective 1.19 / train/inv/valid_frac 1 / train/inv/weight 0 / train/loss/con 0.02 / train/loss/dyn 1.08 / train/loss/image 0.05 / train/loss/inv 0 / train/loss/policy 1.3e-4 / train/loss/rep 1.08 / train/loss/repval 1.24 / train/loss/rew 8.3e-3 / train/loss/value 1.06 / train/rand/action 0.05 / replay/replay_ratio 264 / fps/policy 7.64 / fps/train 1955.78

Writing metrics: /data2/liguoqi/habmm/hab_z/btwm/runs/dreamerv3_atari_pong_seed0_v2_1m/scores.jsonl
Writing metrics: /data2/liguoqi/habmm/hab_z/btwm/runs/dreamerv3_atari_pong_seed0_v2_1m/metrics.jsonl

--------------------[Agent Step 2_360_400]--------------------
Metrics filtered by: 'score|length|fps|ratio|train/loss/|train/acc/|train/inv/|train/rand/'
episode/score 14 / episode/length 2551 / train/acc/inv 0.11 / train/inv/ce 2.13 / train/inv/objective 1.19 / train/inv/valid_frac 1 / train/inv/weight 0 / train/loss/con 0.02 / train/loss/dyn 1.09 / train/loss/image 0.05 / train/loss/inv 0 / train/loss/policy 2.1e-4 / train/loss/rep 1.09 / train/loss/repval 1.24 / train/loss/rew 8.5e-3 / train/loss/value 1.07 / train/rand/action 0.06 / replay/replay_ratio 264 / fps/policy 7.68 / fps/train 1965.45

Writing metrics: /data2/liguoqi/habmm/hab_z/btwm/runs/dreamerv3_atari_pong_seed0_v2_1m/metrics.jsonl
Writing metrics: /data2/liguoqi/habmm/hab_z/btwm/runs/dreamerv3_atari_pong_seed0_v2_1m/scores.jsonl

--------------------[Agent Step 2_364_080]--------------------
Metrics filtered by: 'score|length|fps|ratio|train/loss/|train/acc/|train/inv/|train/rand/'
train/acc/inv 0.11 / train/inv/ce 2.12 / train/inv/objective 1.18 / train/inv/valid_frac 1 / train/inv/weight 0 / train/loss/con 0.02 / train/loss/dyn 1.11 / train/loss/image 0.05 / train/loss/inv 0 / train/loss/policy 1.2e-4 / train/loss/rep 1.11 / train/loss/repval 1.24 / train/loss/rew 8.2e-3 / train/loss/value 1.07 / train/rand/action 0.06 / replay/replay_ratio 264 / fps/policy 7.66 / fps/train 1960.85

Writing metrics: /data2/liguoqi/habmm/hab_z/btwm/runs/dreamerv3_atari_pong_seed0_v2_1m/metrics.jsonl
Writing metrics: /data2/liguoqi/habmm/hab_z/btwm/runs/dreamerv3_atari_pong_seed0_v2_1m/scores.jsonl

--------------------[Agent Step 2_367_800]--------------------
Metrics filtered by: 'score|length|fps|ratio|train/loss/|train/acc/|train/inv/|train/rand/'
train/acc/inv 0.11 / train/inv/ce 2.1 / train/inv/objective 1.17 / train/inv/valid_frac 1 / train/inv/weight 0 / train/loss/con 0.02 / train/loss/dyn 1.09 / train/loss/image 0.05 / train/loss/inv 0 / train/loss/policy 1.5e-5 / train/loss/rep 1.09 / train/loss/repval 1.25 / train/loss/rew 8.1e-3 / train/loss/value 1.07 / train/rand/action 0.06 / replay/replay_ratio 264 / fps/policy 7.7 / fps/train 1972.11

Writing metrics: /data2/liguoqi/habmm/hab_z/btwm/runs/dreamerv3_atari_pong_seed0_v2_1m/metrics.jsonl
Writing metrics: /data2/liguoqi/habmm/hab_z/btwm/runs/dreamerv3_atari_pong_seed0_v2_1m/scores.jsonl

--------------------[Agent Step 2_371_480]--------------------
Metrics filtered by: 'score|length|fps|ratio|train/loss/|train/acc/|train/inv/|train/rand/'
episode/score 8 / episode/length 3298 / train/acc/inv 0.11 / train/inv/ce 2.11 / train/inv/objective 1.18 / train/inv/valid_frac 1 / train/inv/weight 0 / train/loss/con 0.02 / train/loss/dyn 1.08 / train/loss/image 0.06 / train/loss/inv 0 / train/loss/policy 1.1e-4 / train/loss/rep 1.08 / train/loss/repval 1.24 / train/loss/rew 8.4e-3 / train/loss/value 1.07 / train/rand/action 0.06 / replay/replay_ratio 264 / fps/policy 7.62 / fps/train 1950.44

Writing metrics: /data2/liguoqi/habmm/hab_z/btwm/runs/dreamerv3_atari_pong_seed0_v2_1m/metrics.jsonl
Writing metrics: /data2/liguoqi/habmm/hab_z/btwm/runs/dreamerv3_atari_pong_seed0_v2_1m/scores.jsonl

--------------------[Agent Step 2_375_160]--------------------
Metrics filtered by: 'score|length|fps|ratio|train/loss/|train/acc/|train/inv/|train/rand/'
train/acc/inv 0.11 / train/inv/ce 2.11 / train/inv/objective 1.18 / train/inv/valid_frac 1 / train/inv/weight 0 / train/loss/con 0.02 / train/loss/dyn 1.1 / train/loss/image 0.05 / train/loss/inv 0 / train/loss/policy 2.4e-5 / train/loss/rep 1.1 / train/loss/repval 1.27 / train/loss/rew 8.3e-3 / train/loss/value 1.08 / train/rand/action 0.06 / replay/replay_ratio 264 / fps/policy 7.66 / fps/train 1960.62

Writing metrics: /data2/liguoqi/habmm/hab_z/btwm/runs/dreamerv3_atari_pong_seed0_v2_1m/metrics.jsonl
Writing metrics: /data2/liguoqi/habmm/hab_z/btwm/runs/dreamerv3_atari_pong_seed0_v2_1m/scores.jsonl

--------------------[Agent Step 2_378_880]--------------------
Metrics filtered by: 'score|length|fps|ratio|train/loss/|train/acc/|train/inv/|train/rand/'
train/acc/inv 0.11 / train/inv/ce 2.12 / train/inv/objective 1.18 / train/inv/valid_frac 1 / train/inv/weight 0 / train/loss/con 0.02 / train/loss/dyn 1.1 / train/loss/image 0.05 / train/loss/inv 0 / train/loss/policy 2e-4 / train/loss/rep 1.1 / train/loss/repval 1.23 / train/loss/rew 8.4e-3 / train/loss/value 1.07 / train/rand/action 0.06 / replay/replay_ratio 264 / fps/policy 7.7 / fps/train 1970.38

Writing metrics: /data2/liguoqi/habmm/hab_z/btwm/runs/dreamerv3_atari_pong_seed0_v2_1m/metrics.jsonl
Writing metrics: /data2/liguoqi/habmm/hab_z/btwm/runs/dreamerv3_atari_pong_seed0_v2_1m/scores.jsonl

--------------------[Agent Step 2_382_600]--------------------
Metrics filtered by: 'score|length|fps|ratio|train/loss/|train/acc/|train/inv/|train/rand/'
episode/score 9 / episode/length 2455 / train/acc/inv 0.11 / train/inv/ce 2.13 / train/inv/objective 1.19 / train/inv/valid_frac 1 / train/inv/weight 0 / train/loss/con 0.02 / train/loss/dyn 1.09 / train/loss/image 0.05 / train/loss/inv 0 / train/loss/policy -4.5e-6 / train/loss/rep 1.09 / train/loss/repval 1.26 / train/loss/rew 8.2e-3 / train/loss/value 1.07 / train/rand/action 0.06 / replay/replay_ratio 264 / fps/policy 7.69 / fps/train 1969.6

Writing metrics: /data2/liguoqi/habmm/hab_z/btwm/runs/dreamerv3_atari_pong_seed0_v2_1m/metrics.jsonl
Writing metrics: /data2/liguoqi/habmm/hab_z/btwm/runs/dreamerv3_atari_pong_seed0_v2_1m/scores.jsonl

--------------------[Agent Step 2_386_320]--------------------
Metrics filtered by: 'score|length|fps|ratio|train/loss/|train/acc/|train/inv/|train/rand/'
train/acc/inv 0.1 / train/inv/ce 2.13 / train/inv/objective 1.19 / train/inv/valid_frac 1 / train/inv/weight 0 / train/loss/con 0.02 / train/loss/dyn 1.09 / train/loss/image 0.05 / train/loss/inv 0 / train/loss/policy 1e-4 / train/loss/rep 1.09 / train/loss/repval 1.25 / train/loss/rew 8.4e-3 / train/loss/value 1.08 / train/rand/action 0.06 / replay/replay_ratio 264 / fps/policy 7.69 / fps/train 1968.47

Writing metrics: /data2/liguoqi/habmm/hab_z/btwm/runs/dreamerv3_atari_pong_seed0_v2_1m/metrics.jsonl
Writing metrics: /data2/liguoqi/habmm/hab_z/btwm/runs/dreamerv3_atari_pong_seed0_v2_1m/scores.jsonl

--------------------[Agent Step 2_389_920]--------------------
Metrics filtered by: 'score|length|fps|ratio|train/loss/|train/acc/|train/inv/|train/rand/'
train/acc/inv 0.11 / train/inv/ce 2.12 / train/inv/objective 1.18 / train/inv/valid_frac 1 / train/inv/weight 0 / train/loss/con 0.02 / train/loss/dyn 1.1 / train/loss/image 0.06 / train/loss/inv 0 / train/loss/policy 3.6e-5 / train/loss/rep 1.1 / train/loss/repval 1.32 / train/loss/rew 8.8e-3 / train/loss/value 1.1 / train/rand/action 0.06 / replay/replay_ratio 264 / fps/policy 7.44 / fps/train 1904.31

Writing metrics: /data2/liguoqi/habmm/hab_z/btwm/runs/dreamerv3_atari_pong_seed0_v2_1m/metrics.jsonl
Writing metrics: /data2/liguoqi/habmm/hab_z/btwm/runs/dreamerv3_atari_pong_seed0_v2_1m/scores.jsonl

--------------------[Agent Step 2_393_640]--------------------
Metrics filtered by: 'score|length|fps|ratio|train/loss/|train/acc/|train/inv/|train/rand/'
train/acc/inv 0.11 / train/inv/ce 2.11 / train/inv/objective 1.18 / train/inv/valid_frac 1 / train/inv/weight 0 / train/loss/con 0.02 / train/loss/dyn 1.09 / train/loss/image 0.05 / train/loss/inv 0 / train/loss/policy 1.2e-4 / train/loss/rep 1.09 / train/loss/repval 1.29 / train/loss/rew 8.4e-3 / train/loss/value 1.09 / train/rand/action 0.06 / replay/replay_ratio 264 / fps/policy 7.7 / fps/train 1970.28

Writing metrics: /data2/liguoqi/habmm/hab_z/btwm/runs/dreamerv3_atari_pong_seed0_v2_1m/scores.jsonl
Writing metrics: /data2/liguoqi/habmm/hab_z/btwm/runs/dreamerv3_atari_pong_seed0_v2_1m/metrics.jsonl
Saving checkpoint: /data2/liguoqi/habmm/hab_z/btwm/runs/dreamerv3_atari_pong_seed0_v2_1m/ckpt/20260614T163957F513620
Saved checkpoint.

--------------------[Agent Step 2_396_560]--------------------
Metrics filtered by: 'score|length|fps|ratio|train/loss/|train/acc/|train/inv/|train/rand/'
episode/score 5 / episode/length 3441 / train/acc/inv 0.11 / train/inv/ce 2.11 / train/inv/objective 1.18 / train/inv/valid_frac 1 / train/inv/weight 0 / train/loss/con 0.02 / train/loss/dyn 1.09 / train/loss/image 0.05 / train/loss/inv 0 / train/loss/policy 6.9e-5 / train/loss/rep 1.09 / train/loss/repval 1.38 / train/loss/rew 8.3e-3 / train/loss/value 1.14 / train/rand/action 0.06 / replay/replay_ratio 264 / fps/policy 6.04 / fps/train 1545.54

Writing metrics: /data2/liguoqi/habmm/hab_z/btwm/runs/dreamerv3_atari_pong_seed0_v2_1m/metrics.jsonl
Writing metrics: /data2/liguoqi/habmm/hab_z/btwm/runs/dreamerv3_atari_pong_seed0_v2_1m/scores.jsonl

--------------------[Agent Step 2_400_280]--------------------
Metrics filtered by: 'score|length|fps|ratio|train/loss/|train/acc/|train/inv/|train/rand/'
train/acc/inv 0.11 / train/inv/ce 2.11 / train/inv/objective 1.18 / train/inv/valid_frac 1 / train/inv/weight 0 / train/loss/con 0.02 / train/loss/dyn 1.08 / train/loss/image 0.05 / train/loss/inv 0 / train/loss/policy 1.5e-4 / train/loss/rep 1.08 / train/loss/repval 1.28 / train/loss/rew 8.3e-3 / train/loss/value 1.09 / train/rand/action 0.06 / replay/replay_ratio 264 / fps/policy 7.7 / fps/train 1970.43

Writing metrics: /data2/liguoqi/habmm/hab_z/btwm/runs/dreamerv3_atari_pong_seed0_v2_1m/metrics.jsonl
Writing metrics: /data2/liguoqi/habmm/hab_z/btwm/runs/dreamerv3_atari_pong_seed0_v2_1m/scores.jsonl

--------------------[Agent Step 2_404_000]--------------------
Metrics filtered by: 'score|length|fps|ratio|train/loss/|train/acc/|train/inv/|train/rand/'
train/acc/inv 0.11 / train/inv/ce 2.11 / train/inv/objective 1.18 / train/inv/valid_frac 1 / train/inv/weight 0 / train/loss/con 0.02 / train/loss/dyn 1.1 / train/loss/image 0.05 / train/loss/inv 0 / train/loss/policy 5.3e-5 / train/loss/rep 1.1 / train/loss/repval 1.31 / train/loss/rew 8.2e-3 / train/loss/value 1.1 / train/rand/action 0.06 / replay/replay_ratio 264 / fps/policy 7.72 / fps/train 1975.74

Writing metrics: /data2/liguoqi/habmm/hab_z/btwm/runs/dreamerv3_atari_pong_seed0_v2_1m/metrics.jsonl
Writing metrics: /data2/liguoqi/habmm/hab_z/btwm/runs/dreamerv3_atari_pong_seed0_v2_1m/scores.jsonl

--------------------[Agent Step 2_407_720]--------------------
Metrics filtered by: 'score|length|fps|ratio|train/loss/|train/acc/|train/inv/|train/rand/'
episode/score 11 / episode/length 2716 / train/acc/inv 0.11 / train/inv/ce 2.11 / train/inv/objective 1.18 / train/inv/valid_frac 1 / train/inv/weight 0 / train/loss/con 0.02 / train/loss/dyn 1.09 / train/loss/image 0.05 / train/loss/inv 0 / train/loss/policy 4.1e-5 / train/loss/rep 1.09 / train/loss/repval 1.36 / train/loss/rew 8.4e-3 / train/loss/value 1.13 / train/rand/action 0.06 / replay/replay_ratio 264 / fps/policy 7.68 / fps/train 1966.26

Writing metrics: /data2/liguoqi/habmm/hab_z/btwm/runs/dreamerv3_atari_pong_seed0_v2_1m/metrics.jsonl
Writing metrics: /data2/liguoqi/habmm/hab_z/btwm/runs/dreamerv3_atari_pong_seed0_v2_1m/scores.jsonl

--------------------[Agent Step 2_411_400]--------------------
Metrics filtered by: 'score|length|fps|ratio|train/loss/|train/acc/|train/inv/|train/rand/'
train/acc/inv 0.11 / train/inv/ce 2.12 / train/inv/objective 1.18 / train/inv/valid_frac 1 / train/inv/weight 0 / train/loss/con 0.02 / train/loss/dyn 1.08 / train/loss/image 0.05 / train/loss/inv 0 / train/loss/policy 2.1e-4 / train/loss/rep 1.08 / train/loss/repval 1.26 / train/loss/rew 8.4e-3 / train/loss/value 1.08 / train/rand/action 0.06 / replay/replay_ratio 264 / fps/policy 7.66 / fps/train 1960.31

Writing metrics: /data2/liguoqi/habmm/hab_z/btwm/runs/dreamerv3_atari_pong_seed0_v2_1m/scores.jsonl
Writing metrics: /data2/liguoqi/habmm/hab_z/btwm/runs/dreamerv3_atari_pong_seed0_v2_1m/metrics.jsonl

--------------------[Agent Step 2_415_080]--------------------
Metrics filtered by: 'score|length|fps|ratio|train/loss/|train/acc/|train/inv/|train/rand/'
episode/score 14 / episode/length 1867 / train/acc/inv 0.11 / train/inv/ce 2.12 / train/inv/objective 1.18 / train/inv/valid_frac 1 / train/inv/weight 0 / train/loss/con 0.02 / train/loss/dyn 1.1 / train/loss/image 0.05 / train/loss/inv 0 / train/loss/policy 1.2e-4 / train/loss/rep 1.1 / train/loss/repval 1.28 / train/loss/rew 8.5e-3 / train/loss/value 1.09 / train/rand/action 0.06 / replay/replay_ratio 264 / fps/policy 7.65 / fps/train 1957.92

Writing metrics: /data2/liguoqi/habmm/hab_z/btwm/runs/dreamerv3_atari_pong_seed0_v2_1m/metrics.jsonl
Writing metrics: /data2/liguoqi/habmm/hab_z/btwm/runs/dreamerv3_atari_pong_seed0_v2_1m/scores.jsonl

--------------------[Agent Step 2_418_760]--------------------
Metrics filtered by: 'score|length|fps|ratio|train/loss/|train/acc/|train/inv/|train/rand/'
train/acc/inv 0.1 / train/inv/ce 2.13 / train/inv/objective 1.19 / train/inv/valid_frac 1 / train/inv/weight 0 / train/loss/con 0.02 / train/loss/dyn 1.09 / train/loss/image 0.05 / train/loss/inv 0 / train/loss/policy 1.3e-4 / train/loss/rep 1.09 / train/loss/repval 1.28 / train/loss/rew 8.2e-3 / train/loss/value 1.09 / train/rand/action 0.06 / replay/replay_ratio 264 / fps/policy 7.65 / fps/train 1958.61

Writing metrics: /data2/liguoqi/habmm/hab_z/btwm/runs/dreamerv3_atari_pong_seed0_v2_1m/metrics.jsonl
Writing metrics: /data2/liguoqi/habmm/hab_z/btwm/runs/dreamerv3_atari_pong_seed0_v2_1m/scores.jsonl

--------------------[Agent Step 2_422_480]--------------------
Metrics filtered by: 'score|length|fps|ratio|train/loss/|train/acc/|train/inv/|train/rand/'
train/acc/inv 0.11 / train/inv/ce 2.12 / train/inv/objective 1.18 / train/inv/valid_frac 1 / train/inv/weight 0 / train/loss/con 0.02 / train/loss/dyn 1.09 / train/loss/image 0.05 / train/loss/inv 0 / train/loss/policy 5.7e-5 / train/loss/rep 1.09 / train/loss/repval 1.27 / train/loss/rew 8.3e-3 / train/loss/value 1.08 / train/rand/action 0.06 / replay/replay_ratio 264 / fps/policy 7.68 / fps/train 1966.25

Writing metrics: /data2/liguoqi/habmm/hab_z/btwm/runs/dreamerv3_atari_pong_seed0_v2_1m/metrics.jsonl
Writing metrics: /data2/liguoqi/habmm/hab_z/btwm/runs/dreamerv3_atari_pong_seed0_v2_1m/scores.jsonl

--------------------[Agent Step 2_426_160]--------------------
Metrics filtered by: 'score|length|fps|ratio|train/loss/|train/acc/|train/inv/|train/rand/'
episode/score 11 / episode/length 3295 / train/acc/inv 0.11 / train/inv/ce 2.12 / train/inv/objective 1.18 / train/inv/valid_frac 1 / train/inv/weight 0 / train/loss/con 0.02 / train/loss/dyn 1.1 / train/loss/image 0.06 / train/loss/inv 0 / train/loss/policy 5.3e-5 / train/loss/rep 1.1 / train/loss/repval 1.28 / train/loss/rew 8.2e-3 / train/loss/value 1.08 / train/rand/action 0.06 / replay/replay_ratio 264 / fps/policy 7.63 / fps/train 1952.34

Writing metrics: /data2/liguoqi/habmm/hab_z/btwm/runs/dreamerv3_atari_pong_seed0_v2_1m/metrics.jsonl
Writing metrics: /data2/liguoqi/habmm/hab_z/btwm/runs/dreamerv3_atari_pong_seed0_v2_1m/scores.jsonl

--------------------[Agent Step 2_429_840]--------------------
Metrics filtered by: 'score|length|fps|ratio|train/loss/|train/acc/|train/inv/|train/rand/'
train/acc/inv 0.11 / train/inv/ce 2.12 / train/inv/objective 1.18 / train/inv/valid_frac 1 / train/inv/weight 0 / train/loss/con 0.02 / train/loss/dyn 1.09 / train/loss/image 0.05 / train/loss/inv 0 / train/loss/policy 5.2e-5 / train/loss/rep 1.09 / train/loss/repval 1.28 / train/loss/rew 8.5e-3 / train/loss/value 1.08 / train/rand/action 0.07 / replay/replay_ratio 264 / fps/policy 7.64 / fps/train 1956.18

Writing metrics: /data2/liguoqi/habmm/hab_z/btwm/runs/dreamerv3_atari_pong_seed0_v2_1m/scores.jsonl
Writing metrics: /data2/liguoqi/habmm/hab_z/btwm/runs/dreamerv3_atari_pong_seed0_v2_1m/metrics.jsonl

--------------------[Agent Step 2_433_400]--------------------
Metrics filtered by: 'score|length|fps|ratio|train/loss/|train/acc/|train/inv/|train/rand/'
train/acc/inv 0.11 / train/inv/ce 2.12 / train/inv/objective 1.19 / train/inv/valid_frac 1 / train/inv/weight 0 / train/loss/con 0.02 / train/loss/dyn 1.09 / train/loss/image 0.06 / train/loss/inv 0 / train/loss/policy 8.3e-5 / train/loss/rep 1.09 / train/loss/repval 1.26 / train/loss/rew 8.2e-3 / train/loss/value 1.07 / train/rand/action 0.07 / replay/replay_ratio 264 / fps/policy 7.41 / fps/train 1897.35

Writing metrics: /data2/liguoqi/habmm/hab_z/btwm/runs/dreamerv3_atari_pong_seed0_v2_1m/metrics.jsonl
Writing metrics: /data2/liguoqi/habmm/hab_z/btwm/runs/dreamerv3_atari_pong_seed0_v2_1m/scores.jsonl

--------------------[Agent Step 2_437_080]--------------------
Metrics filtered by: 'score|length|fps|ratio|train/loss/|train/acc/|train/inv/|train/rand/'
train/acc/inv 0.11 / train/inv/ce 2.13 / train/inv/objective 1.19 / train/inv/valid_frac 1 / train/inv/weight 0 / train/loss/con 0.02 / train/loss/dyn 1.09 / train/loss/image 0.06 / train/loss/inv 0 / train/loss/policy 1.5e-4 / train/loss/rep 1.09 / train/loss/repval 1.26 / train/loss/rew 8.3e-3 / train/loss/value 1.08 / train/rand/action 0.07 / replay/replay_ratio 264 / fps/policy 7.62 / fps/train 1951.81

Writing metrics: /data2/liguoqi/habmm/hab_z/btwm/runs/dreamerv3_atari_pong_seed0_v2_1m/metrics.jsonl
Writing metrics: /data2/liguoqi/habmm/hab_z/btwm/runs/dreamerv3_atari_pong_seed0_v2_1m/scores.jsonl

--------------------[Agent Step 2_440_760]--------------------
Metrics filtered by: 'score|length|fps|ratio|train/loss/|train/acc/|train/inv/|train/rand/'
train/acc/inv 0.1 / train/inv/ce 2.15 / train/inv/objective 1.2 / train/inv/valid_frac 1 / train/inv/weight 0 / train/loss/con 0.02 / train/loss/dyn 1.1 / train/loss/image 0.06 / train/loss/inv 0 / train/loss/policy 9.8e-6 / train/loss/rep 1.1 / train/loss/repval 1.28 / train/loss/rew 8.2e-3 / train/loss/value 1.09 / train/rand/action 0.07 / replay/replay_ratio 264 / fps/policy 7.61 / fps/train 1949.02

Writing metrics: /data2/liguoqi/habmm/hab_z/btwm/runs/dreamerv3_atari_pong_seed0_v2_1m/metrics.jsonl
Writing metrics: /data2/liguoqi/habmm/hab_z/btwm/runs/dreamerv3_atari_pong_seed0_v2_1m/scores.jsonl

--------------------[Agent Step 2_444_480]--------------------
Metrics filtered by: 'score|length|fps|ratio|train/loss/|train/acc/|train/inv/|train/rand/'
episode/score 4 / episode/length 3841 / train/acc/inv 0.1 / train/inv/ce 2.16 / train/inv/objective 1.2 / train/inv/valid_frac 1 / train/inv/weight 0 / train/loss/con 0.02 / train/loss/dyn 1.09 / train/loss/image 0.05 / train/loss/inv 0 / train/loss/policy 1.6e-4 / train/loss/rep 1.09 / train/loss/repval 1.26 / train/loss/rew 8.4e-3 / train/loss/value 1.09 / train/rand/action 0.07 / replay/replay_ratio 264 / fps/policy 7.67 / fps/train 1963.71

Writing metrics: /data2/liguoqi/habmm/hab_z/btwm/runs/dreamerv3_atari_pong_seed0_v2_1m/scores.jsonl
Writing metrics: /data2/liguoqi/habmm/hab_z/btwm/runs/dreamerv3_atari_pong_seed0_v2_1m/metrics.jsonl

--------------------[Agent Step 2_448_200]--------------------
Metrics filtered by: 'score|length|fps|ratio|train/loss/|train/acc/|train/inv/|train/rand/'
train/acc/inv 0.1 / train/inv/ce 2.14 / train/inv/objective 1.19 / train/inv/valid_frac 1 / train/inv/weight 0 / train/loss/con 0.02 / train/loss/dyn 1.09 / train/loss/image 0.05 / train/loss/inv 0 / train/loss/policy 6.4e-6 / train/loss/rep 1.09 / train/loss/repval 1.28 / train/loss/rew 8.2e-3 / train/loss/value 1.08 / train/rand/action 0.07 / replay/replay_ratio 264 / fps/policy 7.69 / fps/train 1968.83

Writing metrics: /data2/liguoqi/habmm/hab_z/btwm/runs/dreamerv3_atari_pong_seed0_v2_1m/metrics.jsonl
Writing metrics: /data2/liguoqi/habmm/hab_z/btwm/runs/dreamerv3_atari_pong_seed0_v2_1m/scores.jsonl

--------------------[Agent Step 2_451_920]--------------------
Metrics filtered by: 'score|length|fps|ratio|train/loss/|train/acc/|train/inv/|train/rand/'
train/acc/inv 0.11 / train/inv/ce 2.13 / train/inv/objective 1.19 / train/inv/valid_frac 1 / train/inv/weight 0 / train/loss/con 0.02 / train/loss/dyn 1.09 / train/loss/image 0.05 / train/loss/inv 0 / train/loss/policy 8.5e-5 / train/loss/rep 1.09 / train/loss/repval 1.31 / train/loss/rew 8.1e-3 / train/loss/value 1.1 / train/rand/action 0.07 / replay/replay_ratio 264 / fps/policy 7.72 / fps/train 1976.13

Writing metrics: /data2/liguoqi/habmm/hab_z/btwm/runs/dreamerv3_atari_pong_seed0_v2_1m/metrics.jsonl
Writing metrics: /data2/liguoqi/habmm/hab_z/btwm/runs/dreamerv3_atari_pong_seed0_v2_1m/scores.jsonl

--------------------[Agent Step 2_455_640]--------------------
Metrics filtered by: 'score|length|fps|ratio|train/loss/|train/acc/|train/inv/|train/rand/'
episode/score 11 / episode/length 2887 / train/acc/inv 0.11 / train/inv/ce 2.13 / train/inv/objective 1.19 / train/inv/valid_frac 1 / train/inv/weight 0 / train/loss/con 0.02 / train/loss/dyn 1.09 / train/loss/image 0.05 / train/loss/inv 0 / train/loss/policy 1.1e-4 / train/loss/rep 1.09 / train/loss/repval 1.29 / train/loss/rew 8.4e-3 / train/loss/value 1.1 / train/rand/action 0.07 / replay/replay_ratio 264 / fps/policy 7.66 / fps/train 1961.83

Writing metrics: /data2/liguoqi/habmm/hab_z/btwm/runs/dreamerv3_atari_pong_seed0_v2_1m/metrics.jsonl
Writing metrics: /data2/liguoqi/habmm/hab_z/btwm/runs/dreamerv3_atari_pong_seed0_v2_1m/scores.jsonl

--------------------[Agent Step 2_459_360]--------------------
Metrics filtered by: 'score|length|fps|ratio|train/loss/|train/acc/|train/inv/|train/rand/'
train/acc/inv 0.11 / train/inv/ce 2.13 / train/inv/objective 1.19 / train/inv/valid_frac 1 / train/inv/weight 0 / train/loss/con 0.02 / train/loss/dyn 1.08 / train/loss/image 0.05 / train/loss/inv 0 / train/loss/policy 1.7e-4 / train/loss/rep 1.08 / train/loss/repval 1.25 / train/loss/rew 8.3e-3 / train/loss/value 1.07 / train/rand/action 0.07 / replay/replay_ratio 264 / fps/policy 7.72 / fps/train 1975.81

Writing metrics: /data2/liguoqi/habmm/hab_z/btwm/runs/dreamerv3_atari_pong_seed0_v2_1m/metrics.jsonl
Writing metrics: /data2/liguoqi/habmm/hab_z/btwm/runs/dreamerv3_atari_pong_seed0_v2_1m/scores.jsonl

--------------------[Agent Step 2_463_080]--------------------
Metrics filtered by: 'score|length|fps|ratio|train/loss/|train/acc/|train/inv/|train/rand/'
episode/score 13 / episode/length 2161 / train/acc/inv 0.11 / train/inv/ce 2.12 / train/inv/objective 1.19 / train/inv/valid_frac 1 / train/inv/weight 0 / train/loss/con 0.02 / train/loss/dyn 1.08 / train/loss/image 0.05 / train/loss/inv 0 / train/loss/policy -9.6e-5 / train/loss/rep 1.08 / train/loss/repval 1.31 / train/loss/rew 8.1e-3 / train/loss/value 1.1 / train/rand/action 0.07 / replay/replay_ratio 264 / fps/policy 7.71 / fps/train 1974.61

Writing metrics: /data2/liguoqi/habmm/hab_z/btwm/runs/dreamerv3_atari_pong_seed0_v2_1m/metrics.jsonl
Writing metrics: /data2/liguoqi/habmm/hab_z/btwm/runs/dreamerv3_atari_pong_seed0_v2_1m/scores.jsonl

--------------------[Agent Step 2_466_800]--------------------
Metrics filtered by: 'score|length|fps|ratio|train/loss/|train/acc/|train/inv/|train/rand/'
train/acc/inv 0.11 / train/inv/ce 2.11 / train/inv/objective 1.18 / train/inv/valid_frac 1 / train/inv/weight 0 / train/loss/con 0.02 / train/loss/dyn 1.09 / train/loss/image 0.05 / train/loss/inv 0 / train/loss/policy 2.2e-4 / train/loss/rep 1.09 / train/loss/repval 1.35 / train/loss/rew 8.5e-3 / train/loss/value 1.13 / train/rand/action 0.07 / replay/replay_ratio 264 / fps/policy 7.73 / fps/train 1977.66

Writing metrics: /data2/liguoqi/habmm/hab_z/btwm/runs/dreamerv3_atari_pong_seed0_v2_1m/metrics.jsonl
Writing metrics: /data2/liguoqi/habmm/hab_z/btwm/runs/dreamerv3_atari_pong_seed0_v2_1m/scores.jsonl

--------------------[Agent Step 2_470_520]--------------------
Metrics filtered by: 'score|length|fps|ratio|train/loss/|train/acc/|train/inv/|train/rand/'
train/acc/inv 0.11 / train/inv/ce 2.11 / train/inv/objective 1.18 / train/inv/valid_frac 1 / train/inv/weight 0 / train/loss/con 0.02 / train/loss/dyn 1.08 / train/loss/image 0.05 / train/loss/inv 0 / train/loss/policy 8e-5 / train/loss/rep 1.08 / train/loss/repval 1.3 / train/loss/rew 8.4e-3 / train/loss/value 1.1 / train/rand/action 0.07 / replay/replay_ratio 264 / fps/policy 7.7 / fps/train 1970.33

Writing metrics: /data2/liguoqi/habmm/hab_z/btwm/runs/dreamerv3_atari_pong_seed0_v2_1m/scores.jsonl
Writing metrics: /data2/liguoqi/habmm/hab_z/btwm/runs/dreamerv3_atari_pong_seed0_v2_1m/metrics.jsonl

--------------------[Agent Step 2_474_240]--------------------
Metrics filtered by: 'score|length|fps|ratio|train/loss/|train/acc/|train/inv/|train/rand/'
episode/score 6 / episode/length 2565 / train/acc/inv 0.11 / train/inv/ce 2.11 / train/inv/objective 1.18 / train/inv/valid_frac 1 / train/inv/weight 0 / train/loss/con 0.02 / train/loss/dyn 1.08 / train/loss/image 0.05 / train/loss/inv 0 / train/loss/policy 1.5e-4 / train/loss/rep 1.08 / train/loss/repval 1.24 / train/loss/rew 8.2e-3 / train/loss/value 1.07 / train/rand/action 0.07 / replay/replay_ratio 264 / fps/policy 7.7 / fps/train 1970.1

Writing metrics: /data2/liguoqi/habmm/hab_z/btwm/runs/dreamerv3_atari_pong_seed0_v2_1m/scores.jsonl
Writing metrics: /data2/liguoqi/habmm/hab_z/btwm/runs/dreamerv3_atari_pong_seed0_v2_1m/metrics.jsonl

--------------------[Agent Step 2_477_960]--------------------
Metrics filtered by: 'score|length|fps|ratio|train/loss/|train/acc/|train/inv/|train/rand/'
train/acc/inv 0.11 / train/inv/ce 2.1 / train/inv/objective 1.17 / train/inv/valid_frac 1 / train/inv/weight 0 / train/loss/con 0.02 / train/loss/dyn 1.08 / train/loss/image 0.05 / train/loss/inv 0 / train/loss/policy 1.2e-4 / train/loss/rep 1.08 / train/loss/repval 1.24 / train/loss/rew 8.2e-3 / train/loss/value 1.06 / train/rand/action 0.07 / replay/replay_ratio 264 / fps/policy 7.7 / fps/train 1971.98

Writing metrics: /data2/liguoqi/habmm/hab_z/btwm/runs/dreamerv3_atari_pong_seed0_v2_1m/metrics.jsonl
Writing metrics: /data2/liguoqi/habmm/hab_z/btwm/runs/dreamerv3_atari_pong_seed0_v2_1m/scores.jsonl

--------------------[Agent Step 2_481_560]--------------------
Metrics filtered by: 'score|length|fps|ratio|train/loss/|train/acc/|train/inv/|train/rand/'
episode/score 17 / episode/length 2357 / train/acc/inv 0.11 / train/inv/ce 2.1 / train/inv/objective 1.17 / train/inv/valid_frac 1 / train/inv/weight 0 / train/loss/con 0.02 / train/loss/dyn 1.09 / train/loss/image 0.05 / train/loss/inv 0 / train/loss/policy 1.3e-4 / train/loss/rep 1.09 / train/loss/repval 1.26 / train/loss/rew 8.3e-3 / train/loss/value 1.08 / train/rand/action 0.07 / replay/replay_ratio 264 / fps/policy 7.45 / fps/train 1905.94

Writing metrics: /data2/liguoqi/habmm/hab_z/btwm/runs/dreamerv3_atari_pong_seed0_v2_1m/scores.jsonl
Writing metrics: /data2/liguoqi/habmm/hab_z/btwm/runs/dreamerv3_atari_pong_seed0_v2_1m/metrics.jsonl

--------------------[Agent Step 2_485_280]--------------------
Metrics filtered by: 'score|length|fps|ratio|train/loss/|train/acc/|train/inv/|train/rand/'
train/acc/inv 0.11 / train/inv/ce 2.11 / train/inv/objective 1.18 / train/inv/valid_frac 1 / train/inv/weight 0 / train/loss/con 0.02 / train/loss/dyn 1.09 / train/loss/image 0.05 / train/loss/inv 0 / train/loss/policy 2.2e-5 / train/loss/rep 1.09 / train/loss/repval 1.24 / train/loss/rew 8.1e-3 / train/loss/value 1.06 / train/rand/action 0.07 / replay/replay_ratio 264 / fps/policy 7.68 / fps/train 1966.74

Writing metrics: /data2/liguoqi/habmm/hab_z/btwm/runs/dreamerv3_atari_pong_seed0_v2_1m/metrics.jsonl
Writing metrics: /data2/liguoqi/habmm/hab_z/btwm/runs/dreamerv3_atari_pong_seed0_v2_1m/scores.jsonl

--------------------[Agent Step 2_489_000]--------------------
Metrics filtered by: 'score|length|fps|ratio|train/loss/|train/acc/|train/inv/|train/rand/'
train/acc/inv 0.11 / train/inv/ce 2.11 / train/inv/objective 1.18 / train/inv/valid_frac 1 / train/inv/weight 0 / train/loss/con 0.02 / train/loss/dyn 1.08 / train/loss/image 0.05 / train/loss/inv 0 / train/loss/policy 1.1e-4 / train/loss/rep 1.08 / train/loss/repval 1.22 / train/loss/rew 8.1e-3 / train/loss/value 1.06 / train/rand/action 0.07 / replay/replay_ratio 264 / fps/policy 7.71 / fps/train 1975.02

Writing metrics: /data2/liguoqi/habmm/hab_z/btwm/runs/dreamerv3_atari_pong_seed0_v2_1m/scores.jsonl
Writing metrics: /data2/liguoqi/habmm/hab_z/btwm/runs/dreamerv3_atari_pong_seed0_v2_1m/metrics.jsonl

--------------------[Agent Step 2_492_720]--------------------
Metrics filtered by: 'score|length|fps|ratio|train/loss/|train/acc/|train/inv/|train/rand/'
episode/score 14 / episode/length 1998 / train/acc/inv 0.1 / train/inv/ce 2.12 / train/inv/objective 1.18 / train/inv/valid_frac 1 / train/inv/weight 0 / train/loss/con 0.02 / train/loss/dyn 1.08 / train/loss/image 0.06 / train/loss/inv 0 / train/loss/policy 8e-5 / train/loss/rep 1.08 / train/loss/repval 1.22 / train/loss/rew 8.4e-3 / train/loss/value 1.06 / train/rand/action 0.07 / replay/replay_ratio 264 / fps/policy 7.67 / fps/train 1963.67

Writing metrics: /data2/liguoqi/habmm/hab_z/btwm/runs/dreamerv3_atari_pong_seed0_v2_1m/metrics.jsonl
Writing metrics: /data2/liguoqi/habmm/hab_z/btwm/runs/dreamerv3_atari_pong_seed0_v2_1m/scores.jsonl

--------------------[Agent Step 2_496_440]--------------------
Metrics filtered by: 'score|length|fps|ratio|train/loss/|train/acc/|train/inv/|train/rand/'
train/acc/inv 0.1 / train/inv/ce 2.13 / train/inv/objective 1.19 / train/inv/valid_frac 1 / train/inv/weight 0 / train/loss/con 0.02 / train/loss/dyn 1.08 / train/loss/image 0.05 / train/loss/inv 0 / train/loss/policy 3.7e-5 / train/loss/rep 1.08 / train/loss/repval 1.23 / train/loss/rew 8.2e-3 / train/loss/value 1.05 / train/rand/action 0.07 / replay/replay_ratio 264 / fps/policy 7.69 / fps/train 1969.64

Writing metrics: /data2/liguoqi/habmm/hab_z/btwm/runs/dreamerv3_atari_pong_seed0_v2_1m/metrics.jsonl
Writing metrics: /data2/liguoqi/habmm/hab_z/btwm/runs/dreamerv3_atari_pong_seed0_v2_1m/scores.jsonl

--------------------[Agent Step 2_500_160]--------------------
Metrics filtered by: 'score|length|fps|ratio|train/loss/|train/acc/|train/inv/|train/rand/'
episode/score 15 / episode/length 1993 / train/acc/inv 0.11 / train/inv/ce 2.12 / train/inv/objective 1.18 / train/inv/valid_frac 1 / train/inv/weight 0 / train/loss/con 0.02 / train/loss/dyn 1.09 / train/loss/image 0.05 / train/loss/inv 0 / train/loss/policy 6.9e-5 / train/loss/rep 1.09 / train/loss/repval 1.22 / train/loss/rew 8.2e-3 / train/loss/value 1.05 / train/rand/action 0.07 / replay/replay_ratio 264 / fps/policy 7.69 / fps/train 1969.1

Writing metrics: /data2/liguoqi/habmm/hab_z/btwm/runs/dreamerv3_atari_pong_seed0_v2_1m/metrics.jsonl
Writing metrics: /data2/liguoqi/habmm/hab_z/btwm/runs/dreamerv3_atari_pong_seed0_v2_1m/scores.jsonl
Saving checkpoint: /data2/liguoqi/habmm/hab_z/btwm/runs/dreamerv3_atari_pong_seed0_v2_1m/ckpt/20260614T173957F515302
Saved checkpoint.

--------------------[Agent Step 2_503_440]--------------------
Metrics filtered by: 'score|length|fps|ratio|train/loss/|train/acc/|train/inv/|train/rand/'
train/acc/inv 0.11 / train/inv/ce 2.12 / train/inv/objective 1.18 / train/inv/valid_frac 1 / train/inv/weight 0 / train/loss/con 0.02 / train/loss/dyn 1.09 / train/loss/image 0.05 / train/loss/inv 0 / train/loss/policy 1.3e-4 / train/loss/rep 1.09 / train/loss/repval 1.22 / train/loss/rew 8.2e-3 / train/loss/value 1.06 / train/rand/action 0.07 / replay/replay_ratio 264 / fps/policy 6.46 / fps/train 1653.3

Writing metrics: /data2/liguoqi/habmm/hab_z/btwm/runs/dreamerv3_atari_pong_seed0_v2_1m/metrics.jsonl
Writing metrics: /data2/liguoqi/habmm/hab_z/btwm/runs/dreamerv3_atari_pong_seed0_v2_1m/scores.jsonl

--------------------[Agent Step 2_507_160]--------------------
Metrics filtered by: 'score|length|fps|ratio|train/loss/|train/acc/|train/inv/|train/rand/'
train/acc/inv 0.11 / train/inv/ce 2.12 / train/inv/objective 1.18 / train/inv/valid_frac 1 / train/inv/weight 0 / train/loss/con 0.02 / train/loss/dyn 1.09 / train/loss/image 0.05 / train/loss/inv 0 / train/loss/policy 1.5e-4 / train/loss/rep 1.09 / train/loss/repval 1.22 / train/loss/rew 8.1e-3 / train/loss/value 1.06 / train/rand/action 0.07 / replay/replay_ratio 264 / fps/policy 7.68 / fps/train 1965.11

Writing metrics: /data2/liguoqi/habmm/hab_z/btwm/runs/dreamerv3_atari_pong_seed0_v2_1m/metrics.jsonl
Writing metrics: /data2/liguoqi/habmm/hab_z/btwm/runs/dreamerv3_atari_pong_seed0_v2_1m/scores.jsonl

--------------------[Agent Step 2_510_880]--------------------
Metrics filtered by: 'score|length|fps|ratio|train/loss/|train/acc/|train/inv/|train/rand/'
episode/score 8 / episode/length 2772 / train/acc/inv 0.11 / train/inv/ce 2.12 / train/inv/objective 1.18 / train/inv/valid_frac 1 / train/inv/weight 0 / train/loss/con 0.02 / train/loss/dyn 1.08 / train/loss/image 0.05 / train/loss/inv 0 / train/loss/policy 1.1e-4 / train/loss/rep 1.08 / train/loss/repval 1.2 / train/loss/rew 8.5e-3 / train/loss/value 1.04 / train/rand/action 0.07 / replay/replay_ratio 264 / fps/policy 7.69 / fps/train 1968.27

Writing metrics: /data2/liguoqi/habmm/hab_z/btwm/runs/dreamerv3_atari_pong_seed0_v2_1m/scores.jsonl
Writing metrics: /data2/liguoqi/habmm/hab_z/btwm/runs/dreamerv3_atari_pong_seed0_v2_1m/metrics.jsonl

--------------------[Agent Step 2_514_600]--------------------
Metrics filtered by: 'score|length|fps|ratio|train/loss/|train/acc/|train/inv/|train/rand/'
train/acc/inv 0.11 / train/inv/ce 2.13 / train/inv/objective 1.19 / train/inv/valid_frac 1 / train/inv/weight 0 / train/loss/con 0.02 / train/loss/dyn 1.09 / train/loss/image 0.05 / train/loss/inv 0 / train/loss/policy -8.5e-6 / train/loss/rep 1.09 / train/loss/repval 1.23 / train/loss/rew 8.1e-3 / train/loss/value 1.05 / train/rand/action 0.07 / replay/replay_ratio 264 / fps/policy 7.69 / fps/train 1968.67

Writing metrics: /data2/liguoqi/habmm/hab_z/btwm/runs/dreamerv3_atari_pong_seed0_v2_1m/metrics.jsonl
Writing metrics: /data2/liguoqi/habmm/hab_z/btwm/runs/dreamerv3_atari_pong_seed0_v2_1m/scores.jsonl

--------------------[Agent Step 2_518_320]--------------------
Metrics filtered by: 'score|length|fps|ratio|train/loss/|train/acc/|train/inv/|train/rand/'
episode/score 15 / episode/length 2023 / train/acc/inv 0.11 / train/inv/ce 2.12 / train/inv/objective 1.19 / train/inv/valid_frac 1 / train/inv/weight 0 / train/loss/con 0.02 / train/loss/dyn 1.08 / train/loss/image 0.05 / train/loss/inv 0 / train/loss/policy 1.7e-4 / train/loss/rep 1.08 / train/loss/repval 1.24 / train/loss/rew 8.2e-3 / train/loss/value 1.07 / train/rand/action 0.08 / replay/replay_ratio 264 / fps/policy 7.7 / fps/train 1970.71

Writing metrics: /data2/liguoqi/habmm/hab_z/btwm/runs/dreamerv3_atari_pong_seed0_v2_1m/metrics.jsonl
Writing metrics: /data2/liguoqi/habmm/hab_z/btwm/runs/dreamerv3_atari_pong_seed0_v2_1m/scores.jsonl

--------------------[Agent Step 2_522_040]--------------------
Metrics filtered by: 'score|length|fps|ratio|train/loss/|train/acc/|train/inv/|train/rand/'
train/acc/inv 0.11 / train/inv/ce 2.12 / train/inv/objective 1.18 / train/inv/valid_frac 1 / train/inv/weight 0 / train/loss/con 0.02 / train/loss/dyn 1.09 / train/loss/image 0.05 / train/loss/inv 0 / train/loss/policy 2e-5 / train/loss/rep 1.09 / train/loss/repval 1.23 / train/loss/rew 8.2e-3 / train/loss/value 1.06 / train/rand/action 0.08 / replay/replay_ratio 264 / fps/policy 7.7 / fps/train 1972.47

Writing metrics: /data2/liguoqi/habmm/hab_z/btwm/runs/dreamerv3_atari_pong_seed0_v2_1m/scores.jsonl
Writing metrics: /data2/liguoqi/habmm/hab_z/btwm/runs/dreamerv3_atari_pong_seed0_v2_1m/metrics.jsonl

--------------------[Agent Step 2_525_640]--------------------
Metrics filtered by: 'score|length|fps|ratio|train/loss/|train/acc/|train/inv/|train/rand/'
train/acc/inv 0.11 / train/inv/ce 2.12 / train/inv/objective 1.18 / train/inv/valid_frac 1 / train/inv/weight 0 / train/loss/con 0.02 / train/loss/dyn 1.09 / train/loss/image 0.05 / train/loss/inv 0 / train/loss/policy 2.2e-5 / train/loss/rep 1.09 / train/loss/repval 1.25 / train/loss/rew 8.3e-3 / train/loss/value 1.07 / train/rand/action 0.08 / replay/replay_ratio 264 / fps/policy 7.47 / fps/train 1911.62

Writing metrics: /data2/liguoqi/habmm/hab_z/btwm/runs/dreamerv3_atari_pong_seed0_v2_1m/metrics.jsonl
Writing metrics: /data2/liguoqi/habmm/hab_z/btwm/runs/dreamerv3_atari_pong_seed0_v2_1m/scores.jsonl

--------------------[Agent Step 2_529_360]--------------------
Metrics filtered by: 'score|length|fps|ratio|train/loss/|train/acc/|train/inv/|train/rand/'
episode/score 13 / episode/length 3010 / train/acc/inv 0.11 / train/inv/ce 2.12 / train/inv/objective 1.19 / train/inv/valid_frac 1 / train/inv/weight 0 / train/loss/con 0.02 / train/loss/dyn 1.09 / train/loss/image 0.05 / train/loss/inv 0 / train/loss/policy 1.3e-4 / train/loss/rep 1.09 / train/loss/repval 1.25 / train/loss/rew 8.4e-3 / train/loss/value 1.07 / train/rand/action 0.08 / replay/replay_ratio 264 / fps/policy 7.69 / fps/train 1968.8

Writing metrics: /data2/liguoqi/habmm/hab_z/btwm/runs/dreamerv3_atari_pong_seed0_v2_1m/scores.jsonl
Writing metrics: /data2/liguoqi/habmm/hab_z/btwm/runs/dreamerv3_atari_pong_seed0_v2_1m/metrics.jsonl

--------------------[Agent Step 2_533_080]--------------------
Metrics filtered by: 'score|length|fps|ratio|train/loss/|train/acc/|train/inv/|train/rand/'
train/acc/inv 0.11 / train/inv/ce 2.11 / train/inv/objective 1.18 / train/inv/valid_frac 1 / train/inv/weight 0 / train/loss/con 0.02 / train/loss/dyn 1.09 / train/loss/image 0.05 / train/loss/inv 0 / train/loss/policy 6.2e-6 / train/loss/rep 1.09 / train/loss/repval 1.25 / train/loss/rew 8.1e-3 / train/loss/value 1.07 / train/rand/action 0.08 / replay/replay_ratio 264 / fps/policy 7.68 / fps/train 1965.58

Writing metrics: /data2/liguoqi/habmm/hab_z/btwm/runs/dreamerv3_atari_pong_seed0_v2_1m/metrics.jsonl
Writing metrics: /data2/liguoqi/habmm/hab_z/btwm/runs/dreamerv3_atari_pong_seed0_v2_1m/scores.jsonl

--------------------[Agent Step 2_536_800]--------------------
Metrics filtered by: 'score|length|fps|ratio|train/loss/|train/acc/|train/inv/|train/rand/'
train/acc/inv 0.11 / train/inv/ce 2.12 / train/inv/objective 1.18 / train/inv/valid_frac 1 / train/inv/weight 0 / train/loss/con 0.02 / train/loss/dyn 1.08 / train/loss/image 0.05 / train/loss/inv 0 / train/loss/policy 1.1e-4 / train/loss/rep 1.08 / train/loss/repval 1.22 / train/loss/rew 8.4e-3 / train/loss/value 1.05 / train/rand/action 0.07 / replay/replay_ratio 264 / fps/policy 7.71 / fps/train 1973.65

Writing metrics: /data2/liguoqi/habmm/hab_z/btwm/runs/dreamerv3_atari_pong_seed0_v2_1m/scores.jsonl
Writing metrics: /data2/liguoqi/habmm/hab_z/btwm/runs/dreamerv3_atari_pong_seed0_v2_1m/metrics.jsonl

--------------------[Agent Step 2_540_480]--------------------
Metrics filtered by: 'score|length|fps|ratio|train/loss/|train/acc/|train/inv/|train/rand/'
episode/score 14 / episode/length 2577 / train/acc/inv 0.11 / train/inv/ce 2.12 / train/inv/objective 1.18 / train/inv/valid_frac 1 / train/inv/weight 0 / train/loss/con 0.02 / train/loss/dyn 1.09 / train/loss/image 0.05 / train/loss/inv 0 / train/loss/policy 8.9e-5 / train/loss/rep 1.09 / train/loss/repval 1.22 / train/loss/rew 8.3e-3 / train/loss/value 1.05 / train/rand/action 0.07 / replay/replay_ratio 264 / fps/policy 7.63 / fps/train 1953.98

Writing metrics: /data2/liguoqi/habmm/hab_z/btwm/runs/dreamerv3_atari_pong_seed0_v2_1m/metrics.jsonl
Writing metrics: /data2/liguoqi/habmm/hab_z/btwm/runs/dreamerv3_atari_pong_seed0_v2_1m/scores.jsonl

--------------------[Agent Step 2_544_200]--------------------
Metrics filtered by: 'score|length|fps|ratio|train/loss/|train/acc/|train/inv/|train/rand/'
train/acc/inv 0.1 / train/inv/ce 2.13 / train/inv/objective 1.19 / train/inv/valid_frac 1 / train/inv/weight 0 / train/loss/con 0.02 / train/loss/dyn 1.1 / train/loss/image 0.06 / train/loss/inv 0 / train/loss/policy 4.9e-5 / train/loss/rep 1.1 / train/loss/repval 1.2 / train/loss/rew 8.2e-3 / train/loss/value 1.04 / train/rand/action 0.08 / replay/replay_ratio 264 / fps/policy 7.69 / fps/train 1968.97

Writing metrics: /data2/liguoqi/habmm/hab_z/btwm/runs/dreamerv3_atari_pong_seed0_v2_1m/metrics.jsonl
Writing metrics: /data2/liguoqi/habmm/hab_z/btwm/runs/dreamerv3_atari_pong_seed0_v2_1m/scores.jsonl

--------------------[Agent Step 2_547_920]--------------------
Metrics filtered by: 'score|length|fps|ratio|train/loss/|train/acc/|train/inv/|train/rand/'
train/acc/inv 0.1 / train/inv/ce 2.13 / train/inv/objective 1.19 / train/inv/valid_frac 1 / train/inv/weight 0 / train/loss/con 0.02 / train/loss/dyn 1.09 / train/loss/image 0.06 / train/loss/inv 0 / train/loss/policy 1.5e-5 / train/loss/rep 1.09 / train/loss/repval 1.24 / train/loss/rew 8.2e-3 / train/loss/value 1.07 / train/rand/action 0.08 / replay/replay_ratio 264 / fps/policy 7.7 / fps/train 1972.08

Writing metrics: /data2/liguoqi/habmm/hab_z/btwm/runs/dreamerv3_atari_pong_seed0_v2_1m/metrics.jsonl
Writing metrics: /data2/liguoqi/habmm/hab_z/btwm/runs/dreamerv3_atari_pong_seed0_v2_1m/scores.jsonl

--------------------[Agent Step 2_551_640]--------------------
Metrics filtered by: 'score|length|fps|ratio|train/loss/|train/acc/|train/inv/|train/rand/'
train/acc/inv 0.11 / train/inv/ce 2.13 / train/inv/objective 1.19 / train/inv/valid_frac 1 / train/inv/weight 0 / train/loss/con 0.02 / train/loss/dyn 1.09 / train/loss/image 0.05 / train/loss/inv 0 / train/loss/policy 1.1e-4 / train/loss/rep 1.09 / train/loss/repval 1.23 / train/loss/rew 8.1e-3 / train/loss/value 1.06 / train/rand/action 0.08 / replay/replay_ratio 264 / fps/policy 7.71 / fps/train 1973.84

Writing metrics: /data2/liguoqi/habmm/hab_z/btwm/runs/dreamerv3_atari_pong_seed0_v2_1m/scores.jsonl
Writing metrics: /data2/liguoqi/habmm/hab_z/btwm/runs/dreamerv3_atari_pong_seed0_v2_1m/metrics.jsonl

--------------------[Agent Step 2_555_320]--------------------
Metrics filtered by: 'score|length|fps|ratio|train/loss/|train/acc/|train/inv/|train/rand/'
episode/score 4 / episode/length 3672 / train/acc/inv 0.11 / train/inv/ce 2.13 / train/inv/objective 1.19 / train/inv/valid_frac 1 / train/inv/weight 0 / train/loss/con 0.02 / train/loss/dyn 1.08 / train/loss/image 0.05 / train/loss/inv 0 / train/loss/policy 5e-5 / train/loss/rep 1.08 / train/loss/repval 1.24 / train/loss/rew 8.2e-3 / train/loss/value 1.07 / train/rand/action 0.08 / replay/replay_ratio 264 / fps/policy 7.66 / fps/train 1960

Writing metrics: /data2/liguoqi/habmm/hab_z/btwm/runs/dreamerv3_atari_pong_seed0_v2_1m/metrics.jsonl
Writing metrics: /data2/liguoqi/habmm/hab_z/btwm/runs/dreamerv3_atari_pong_seed0_v2_1m/scores.jsonl

--------------------[Agent Step 2_559_040]--------------------
Metrics filtered by: 'score|length|fps|ratio|train/loss/|train/acc/|train/inv/|train/rand/'
train/acc/inv 0.11 / train/inv/ce 2.13 / train/inv/objective 1.19 / train/inv/valid_frac 1 / train/inv/weight 0 / train/loss/con 0.02 / train/loss/dyn 1.08 / train/loss/image 0.05 / train/loss/inv 0 / train/loss/policy -2.2e-5 / train/loss/rep 1.08 / train/loss/repval 1.25 / train/loss/rew 7.9e-3 / train/loss/value 1.07 / train/rand/action 0.07 / replay/replay_ratio 264 / fps/policy 7.7 / fps/train 1972.24

Writing metrics: /data2/liguoqi/habmm/hab_z/btwm/runs/dreamerv3_atari_pong_seed0_v2_1m/metrics.jsonl
Writing metrics: /data2/liguoqi/habmm/hab_z/btwm/runs/dreamerv3_atari_pong_seed0_v2_1m/scores.jsonl

--------------------[Agent Step 2_562_760]--------------------
Metrics filtered by: 'score|length|fps|ratio|train/loss/|train/acc/|train/inv/|train/rand/'
episode/score 11 / episode/length 2245 / train/acc/inv 0.11 / train/inv/ce 2.13 / train/inv/objective 1.19 / train/inv/valid_frac 1 / train/inv/weight 0 / train/loss/con 0.02 / train/loss/dyn 1.09 / train/loss/image 0.05 / train/loss/inv 0 / train/loss/policy 1.3e-4 / train/loss/rep 1.09 / train/loss/repval 1.26 / train/loss/rew 8.4e-3 / train/loss/value 1.07 / train/rand/action 0.07 / replay/replay_ratio 264 / fps/policy 7.68 / fps/train 1966.67

Writing metrics: /data2/liguoqi/habmm/hab_z/btwm/runs/dreamerv3_atari_pong_seed0_v2_1m/scores.jsonl
Writing metrics: /data2/liguoqi/habmm/hab_z/btwm/runs/dreamerv3_atari_pong_seed0_v2_1m/metrics.jsonl

--------------------[Agent Step 2_566_480]--------------------
Metrics filtered by: 'score|length|fps|ratio|train/loss/|train/acc/|train/inv/|train/rand/'
train/acc/inv 0.11 / train/inv/ce 2.14 / train/inv/objective 1.19 / train/inv/valid_frac 1 / train/inv/weight 0 / train/loss/con 0.02 / train/loss/dyn 1.09 / train/loss/image 0.05 / train/loss/inv 0 / train/loss/policy 7.8e-5 / train/loss/rep 1.09 / train/loss/repval 1.25 / train/loss/rew 8.1e-3 / train/loss/value 1.07 / train/rand/action 0.08 / replay/replay_ratio 264 / fps/policy 7.71 / fps/train 1973.53

Writing metrics: /data2/liguoqi/habmm/hab_z/btwm/runs/dreamerv3_atari_pong_seed0_v2_1m/metrics.jsonl
Writing metrics: /data2/liguoqi/habmm/hab_z/btwm/runs/dreamerv3_atari_pong_seed0_v2_1m/scores.jsonl

--------------------[Agent Step 2_570_200]--------------------
Metrics filtered by: 'score|length|fps|ratio|train/loss/|train/acc/|train/inv/|train/rand/'
train/acc/inv 0.11 / train/inv/ce 2.14 / train/inv/objective 1.19 / train/inv/valid_frac 1 / train/inv/weight 0 / train/loss/con 0.02 / train/loss/dyn 1.08 / train/loss/image 0.05 / train/loss/inv 0 / train/loss/policy 5.5e-5 / train/loss/rep 1.08 / train/loss/repval 1.24 / train/loss/rew 8.3e-3 / train/loss/value 1.06 / train/rand/action 0.07 / replay/replay_ratio 264 / fps/policy 7.7 / fps/train 1970.46

Writing metrics: /data2/liguoqi/habmm/hab_z/btwm/runs/dreamerv3_atari_pong_seed0_v2_1m/metrics.jsonl
Writing metrics: /data2/liguoqi/habmm/hab_z/btwm/runs/dreamerv3_atari_pong_seed0_v2_1m/scores.jsonl

--------------------[Agent Step 2_573_800]--------------------
Metrics filtered by: 'score|length|fps|ratio|train/loss/|train/acc/|train/inv/|train/rand/'
episode/score 9 / episode/length 2244 / train/acc/inv 0.11 / train/inv/ce 2.14 / train/inv/objective 1.2 / train/inv/valid_frac 1 / train/inv/weight 0 / train/loss/con 0.02 / train/loss/dyn 1.08 / train/loss/image 0.05 / train/loss/inv 0 / train/loss/policy 7.7e-5 / train/loss/rep 1.08 / train/loss/repval 1.24 / train/loss/rew 8.2e-3 / train/loss/value 1.06 / train/rand/action 0.08 / replay/replay_ratio 264 / fps/policy 7.44 / fps/train 1905.42

Writing metrics: /data2/liguoqi/habmm/hab_z/btwm/runs/dreamerv3_atari_pong_seed0_v2_1m/scores.jsonl
Writing metrics: /data2/liguoqi/habmm/hab_z/btwm/runs/dreamerv3_atari_pong_seed0_v2_1m/metrics.jsonl

--------------------[Agent Step 2_577_520]--------------------
Metrics filtered by: 'score|length|fps|ratio|train/loss/|train/acc/|train/inv/|train/rand/'
train/acc/inv 0.11 / train/inv/ce 2.15 / train/inv/objective 1.2 / train/inv/valid_frac 1 / train/inv/weight 0 / train/loss/con 0.02 / train/loss/dyn 1.08 / train/loss/image 0.05 / train/loss/inv 0 / train/loss/policy 1.1e-4 / train/loss/rep 1.08 / train/loss/repval 1.23 / train/loss/rew 8.2e-3 / train/loss/value 1.05 / train/rand/action 0.08 / replay/replay_ratio 264 / fps/policy 7.7 / fps/train 1970.63

Writing metrics: /data2/liguoqi/habmm/hab_z/btwm/runs/dreamerv3_atari_pong_seed0_v2_1m/metrics.jsonl
Writing metrics: /data2/liguoqi/habmm/hab_z/btwm/runs/dreamerv3_atari_pong_seed0_v2_1m/scores.jsonl

--------------------[Agent Step 2_581_240]--------------------
Metrics filtered by: 'score|length|fps|ratio|train/loss/|train/acc/|train/inv/|train/rand/'
episode/score 15 / episode/length 2242 / train/acc/inv 0.11 / train/inv/ce 2.14 / train/inv/objective 1.19 / train/inv/valid_frac 1 / train/inv/weight 0 / train/loss/con 0.02 / train/loss/dyn 1.09 / train/loss/image 0.05 / train/loss/inv 0 / train/loss/policy 1.2e-4 / train/loss/rep 1.09 / train/loss/repval 1.24 / train/loss/rew 8.4e-3 / train/loss/value 1.07 / train/rand/action 0.08 / replay/replay_ratio 264 / fps/policy 7.7 / fps/train 1972.13

Writing metrics: /data2/liguoqi/habmm/hab_z/btwm/runs/dreamerv3_atari_pong_seed0_v2_1m/scores.jsonl
Writing metrics: /data2/liguoqi/habmm/hab_z/btwm/runs/dreamerv3_atari_pong_seed0_v2_1m/metrics.jsonl

--------------------[Agent Step 2_584_960]--------------------
Metrics filtered by: 'score|length|fps|ratio|train/loss/|train/acc/|train/inv/|train/rand/'
train/acc/inv 0.11 / train/inv/ce 2.14 / train/inv/objective 1.19 / train/inv/valid_frac 1 / train/inv/weight 0 / train/loss/con 0.02 / train/loss/dyn 1.08 / train/loss/image 0.05 / train/loss/inv 0 / train/loss/policy 4.8e-5 / train/loss/rep 1.08 / train/loss/repval 1.23 / train/loss/rew 8.3e-3 / train/loss/value 1.06 / train/rand/action 0.08 / replay/replay_ratio 264 / fps/policy 7.67 / fps/train 1964.07

Writing metrics: /data2/liguoqi/habmm/hab_z/btwm/runs/dreamerv3_atari_pong_seed0_v2_1m/scores.jsonl
Writing metrics: /data2/liguoqi/habmm/hab_z/btwm/runs/dreamerv3_atari_pong_seed0_v2_1m/metrics.jsonl

--------------------[Agent Step 2_588_680]--------------------
Metrics filtered by: 'score|length|fps|ratio|train/loss/|train/acc/|train/inv/|train/rand/'
train/acc/inv 0.11 / train/inv/ce 2.13 / train/inv/objective 1.19 / train/inv/valid_frac 1 / train/inv/weight 0 / train/loss/con 0.02 / train/loss/dyn 1.07 / train/loss/image 0.05 / train/loss/inv 0 / train/loss/policy 8.6e-5 / train/loss/rep 1.07 / train/loss/repval 1.21 / train/loss/rew 8.4e-3 / train/loss/value 1.04 / train/rand/action 0.08 / replay/replay_ratio 264 / fps/policy 7.71 / fps/train 1972.56

Writing metrics: /data2/liguoqi/habmm/hab_z/btwm/runs/dreamerv3_atari_pong_seed0_v2_1m/metrics.jsonl
Writing metrics: /data2/liguoqi/habmm/hab_z/btwm/runs/dreamerv3_atari_pong_seed0_v2_1m/scores.jsonl

--------------------[Agent Step 2_592_360]--------------------
Metrics filtered by: 'score|length|fps|ratio|train/loss/|train/acc/|train/inv/|train/rand/'
episode/score 14 / episode/length 2085 / train/acc/inv 0.11 / train/inv/ce 2.13 / train/inv/objective 1.19 / train/inv/valid_frac 1 / train/inv/weight 0 / train/loss/con 0.02 / train/loss/dyn 1.09 / train/loss/image 0.05 / train/loss/inv 0 / train/loss/policy 1e-4 / train/loss/rep 1.09 / train/loss/repval 1.22 / train/loss/rew 8.2e-3 / train/loss/value 1.05 / train/rand/action 0.08 / replay/replay_ratio 264 / fps/policy 7.66 / fps/train 1961.03

Writing metrics: /data2/liguoqi/habmm/hab_z/btwm/runs/dreamerv3_atari_pong_seed0_v2_1m/metrics.jsonl
Writing metrics: /data2/liguoqi/habmm/hab_z/btwm/runs/dreamerv3_atari_pong_seed0_v2_1m/scores.jsonl

--------------------[Agent Step 2_596_080]--------------------
Metrics filtered by: 'score|length|fps|ratio|train/loss/|train/acc/|train/inv/|train/rand/'
train/acc/inv 0.11 / train/inv/ce 2.12 / train/inv/objective 1.18 / train/inv/valid_frac 1 / train/inv/weight 0 / train/loss/con 0.02 / train/loss/dyn 1.08 / train/loss/image 0.05 / train/loss/inv 0 / train/loss/policy 6.6e-5 / train/loss/rep 1.08 / train/loss/repval 1.2 / train/loss/rew 8.3e-3 / train/loss/value 1.03 / train/rand/action 0.08 / replay/replay_ratio 264 / fps/policy 7.68 / fps/train 1966.63

Writing metrics: /data2/liguoqi/habmm/hab_z/btwm/runs/dreamerv3_atari_pong_seed0_v2_1m/metrics.jsonl
Writing metrics: /data2/liguoqi/habmm/hab_z/btwm/runs/dreamerv3_atari_pong_seed0_v2_1m/scores.jsonl

--------------------[Agent Step 2_599_800]--------------------
Metrics filtered by: 'score|length|fps|ratio|train/loss/|train/acc/|train/inv/|train/rand/'
train/acc/inv 0.11 / train/inv/ce 2.11 / train/inv/objective 1.18 / train/inv/valid_frac 1 / train/inv/weight 0 / train/loss/con 0.02 / train/loss/dyn 1.08 / train/loss/image 0.05 / train/loss/inv 0 / train/loss/policy 7.7e-5 / train/loss/rep 1.08 / train/loss/repval 1.23 / train/loss/rew 8.2e-3 / train/loss/value 1.06 / train/rand/action 0.07 / replay/replay_ratio 264 / fps/policy 7.67 / fps/train 1963.26

Writing metrics: /data2/liguoqi/habmm/hab_z/btwm/runs/dreamerv3_atari_pong_seed0_v2_1m/metrics.jsonl
Writing metrics: /data2/liguoqi/habmm/hab_z/btwm/runs/dreamerv3_atari_pong_seed0_v2_1m/scores.jsonl

--------------------[Agent Step 2_603_520]--------------------
Metrics filtered by: 'score|length|fps|ratio|train/loss/|train/acc/|train/inv/|train/rand/'
episode/score 12 / episode/length 3002 / train/acc/inv 0.1 / train/inv/ce 2.12 / train/inv/objective 1.19 / train/inv/valid_frac 1 / train/inv/weight 0 / train/loss/con 0.02 / train/loss/dyn 1.08 / train/loss/image 0.05 / train/loss/inv 0 / train/loss/policy 1.1e-4 / train/loss/rep 1.08 / train/loss/repval 1.22 / train/loss/rew 8.4e-3 / train/loss/value 1.05 / train/rand/action 0.08 / replay/replay_ratio 264 / fps/policy 7.7 / fps/train 1970.59

Writing metrics: /data2/liguoqi/habmm/hab_z/btwm/runs/dreamerv3_atari_pong_seed0_v2_1m/metrics.jsonl
Writing metrics: /data2/liguoqi/habmm/hab_z/btwm/runs/dreamerv3_atari_pong_seed0_v2_1m/scores.jsonl

--------------------[Agent Step 2_607_200]--------------------
Metrics filtered by: 'score|length|fps|ratio|train/loss/|train/acc/|train/inv/|train/rand/'
train/acc/inv 0.1 / train/inv/ce 2.13 / train/inv/objective 1.19 / train/inv/valid_frac 1 / train/inv/weight 0 / train/loss/con 0.02 / train/loss/dyn 1.08 / train/loss/image 0.05 / train/loss/inv 0 / train/loss/policy 1.2e-4 / train/loss/rep 1.08 / train/loss/repval 1.22 / train/loss/rew 8.2e-3 / train/loss/value 1.05 / train/rand/action 0.08 / replay/replay_ratio 264 / fps/policy 7.65 / fps/train 1957.42

Writing metrics: /data2/liguoqi/habmm/hab_z/btwm/runs/dreamerv3_atari_pong_seed0_v2_1m/metrics.jsonl
Writing metrics: /data2/liguoqi/habmm/hab_z/btwm/runs/dreamerv3_atari_pong_seed0_v2_1m/scores.jsonl

--------------------[Agent Step 2_610_920]--------------------
Metrics filtered by: 'score|length|fps|ratio|train/loss/|train/acc/|train/inv/|train/rand/'
episode/score 11 / episode/length 2419 / train/acc/inv 0.1 / train/inv/ce 2.12 / train/inv/objective 1.18 / train/inv/valid_frac 1 / train/inv/weight 0 / train/loss/con 0.02 / train/loss/dyn 1.08 / train/loss/image 0.05 / train/loss/inv 0 / train/loss/policy 7.7e-5 / train/loss/rep 1.08 / train/loss/repval 1.21 / train/loss/rew 8.4e-3 / train/loss/value 1.04 / train/rand/action 0.08 / replay/replay_ratio 264 / fps/policy 7.68 / fps/train 1964.85

Writing metrics: /data2/liguoqi/habmm/hab_z/btwm/runs/dreamerv3_atari_pong_seed0_v2_1m/metrics.jsonl
Writing metrics: /data2/liguoqi/habmm/hab_z/btwm/runs/dreamerv3_atari_pong_seed0_v2_1m/scores.jsonl
Saving checkpoint: /data2/liguoqi/habmm/hab_z/btwm/runs/dreamerv3_atari_pong_seed0_v2_1m/ckpt/20260614T183958F720221
Saved checkpoint.

--------------------[Agent Step 2_613_880]--------------------
Metrics filtered by: 'score|length|fps|ratio|train/loss/|train/acc/|train/inv/|train/rand/'
train/acc/inv 0.11 / train/inv/ce 2.12 / train/inv/objective 1.18 / train/inv/valid_frac 1 / train/inv/weight 0 / train/loss/con 0.02 / train/loss/dyn 1.08 / train/loss/image 0.05 / train/loss/inv 0 / train/loss/policy 6.7e-5 / train/loss/rep 1.08 / train/loss/repval 1.18 / train/loss/rew 8.3e-3 / train/loss/value 1.03 / train/rand/action 0.09 / replay/replay_ratio 264 / fps/policy 6.17 / fps/train 1580.67

Writing metrics: /data2/liguoqi/habmm/hab_z/btwm/runs/dreamerv3_atari_pong_seed0_v2_1m/metrics.jsonl
Writing metrics: /data2/liguoqi/habmm/hab_z/btwm/runs/dreamerv3_atari_pong_seed0_v2_1m/scores.jsonl

--------------------[Agent Step 2_617_480]--------------------
Metrics filtered by: 'score|length|fps|ratio|train/loss/|train/acc/|train/inv/|train/rand/'
train/acc/inv 0.1 / train/inv/ce 2.13 / train/inv/objective 1.19 / train/inv/valid_frac 1 / train/inv/weight 0 / train/loss/con 0.02 / train/loss/dyn 1.09 / train/loss/image 0.05 / train/loss/inv 0 / train/loss/policy 6.4e-5 / train/loss/rep 1.09 / train/loss/repval 1.21 / train/loss/rew 8e-3 / train/loss/value 1.04 / train/rand/action 0.08 / replay/replay_ratio 264 / fps/policy 7.46 / fps/train 1909.15

Writing metrics: /data2/liguoqi/habmm/hab_z/btwm/runs/dreamerv3_atari_pong_seed0_v2_1m/scores.jsonl
Writing metrics: /data2/liguoqi/habmm/hab_z/btwm/runs/dreamerv3_atari_pong_seed0_v2_1m/metrics.jsonl

--------------------[Agent Step 2_621_200]--------------------
Metrics filtered by: 'score|length|fps|ratio|train/loss/|train/acc/|train/inv/|train/rand/'
train/acc/inv 0.1 / train/inv/ce 2.13 / train/inv/objective 1.19 / train/inv/valid_frac 1 / train/inv/weight 0 / train/loss/con 0.02 / train/loss/dyn 1.07 / train/loss/image 0.05 / train/loss/inv 0 / train/loss/policy -3.8e-5 / train/loss/rep 1.07 / train/loss/repval 1.23 / train/loss/rew 8.4e-3 / train/loss/value 1.05 / train/rand/action 0.09 / replay/replay_ratio 264 / fps/policy 7.72 / fps/train 1976.6

Writing metrics: /data2/liguoqi/habmm/hab_z/btwm/runs/dreamerv3_atari_pong_seed0_v2_1m/metrics.jsonl
Writing metrics: /data2/liguoqi/habmm/hab_z/btwm/runs/dreamerv3_atari_pong_seed0_v2_1m/scores.jsonl

--------------------[Agent Step 2_624_920]--------------------
Metrics filtered by: 'score|length|fps|ratio|train/loss/|train/acc/|train/inv/|train/rand/'
episode/score 9 / episode/length 2897 / train/acc/inv 0.1 / train/inv/ce 2.13 / train/inv/objective 1.19 / train/inv/valid_frac 1 / train/inv/weight 0 / train/loss/con 0.02 / train/loss/dyn 1.09 / train/loss/image 0.05 / train/loss/inv 0 / train/loss/policy 1.2e-4 / train/loss/rep 1.09 / train/loss/repval 1.22 / train/loss/rew 8.3e-3 / train/loss/value 1.06 / train/rand/action 0.08 / replay/replay_ratio 264 / fps/policy 7.69 / fps/train 1967.57

Writing metrics: /data2/liguoqi/habmm/hab_z/btwm/runs/dreamerv3_atari_pong_seed0_v2_1m/scores.jsonl
Writing metrics: /data2/liguoqi/habmm/hab_z/btwm/runs/dreamerv3_atari_pong_seed0_v2_1m/metrics.jsonl

--------------------[Agent Step 2_628_640]--------------------
Metrics filtered by: 'score|length|fps|ratio|train/loss/|train/acc/|train/inv/|train/rand/'
train/acc/inv 0.1 / train/inv/ce 2.13 / train/inv/objective 1.19 / train/inv/valid_frac 1 / train/inv/weight 0 / train/loss/con 0.02 / train/loss/dyn 1.08 / train/loss/image 0.05 / train/loss/inv 0 / train/loss/policy 1.3e-4 / train/loss/rep 1.08 / train/loss/repval 1.23 / train/loss/rew 8.1e-3 / train/loss/value 1.07 / train/rand/action 0.08 / replay/replay_ratio 264 / fps/policy 7.72 / fps/train 1975.13

Writing metrics: /data2/liguoqi/habmm/hab_z/btwm/runs/dreamerv3_atari_pong_seed0_v2_1m/metrics.jsonl
Writing metrics: /data2/liguoqi/habmm/hab_z/btwm/runs/dreamerv3_atari_pong_seed0_v2_1m/scores.jsonl

--------------------[Agent Step 2_632_040]--------------------
Metrics filtered by: 'score|length|fps|ratio|train/loss/|train/acc/|train/inv/|train/rand/'
episode/score 13 / episode/length 2359 / train/acc/inv 0.1 / train/inv/ce 2.14 / train/inv/objective 1.19 / train/inv/valid_frac 1 / train/inv/weight 0 / train/loss/con 0.02 / train/loss/dyn 1.08 / train/loss/image 0.05 / train/loss/inv 0 / train/loss/policy 1.6e-5 / train/loss/rep 1.08 / train/loss/repval 1.22 / train/loss/rew 8.1e-3 / train/loss/value 1.05 / train/rand/action 0.08 / replay/replay_ratio 264 / fps/policy 7.05 / fps/train 1805.24

Writing metrics: /data2/liguoqi/habmm/hab_z/btwm/runs/dreamerv3_atari_pong_seed0_v2_1m/metrics.jsonl
Writing metrics: /data2/liguoqi/habmm/hab_z/btwm/runs/dreamerv3_atari_pong_seed0_v2_1m/scores.jsonl

--------------------[Agent Step 2_635_400]--------------------
Metrics filtered by: 'score|length|fps|ratio|train/loss/|train/acc/|train/inv/|train/rand/'
train/acc/inv 0.1 / train/inv/ce 2.14 / train/inv/objective 1.19 / train/inv/valid_frac 1 / train/inv/weight 0 / train/loss/con 0.02 / train/loss/dyn 1.08 / train/loss/image 0.05 / train/loss/inv 0 / train/loss/policy 8.8e-5 / train/loss/rep 1.08 / train/loss/repval 1.22 / train/loss/rew 8.1e-3 / train/loss/value 1.06 / train/rand/action 0.08 / replay/replay_ratio 264 / fps/policy 7 / fps/train 1793.08

Writing metrics: /data2/liguoqi/habmm/hab_z/btwm/runs/dreamerv3_atari_pong_seed0_v2_1m/metrics.jsonl
Writing metrics: /data2/liguoqi/habmm/hab_z/btwm/runs/dreamerv3_atari_pong_seed0_v2_1m/scores.jsonl

--------------------[Agent Step 2_638_800]--------------------
Metrics filtered by: 'score|length|fps|ratio|train/loss/|train/acc/|train/inv/|train/rand/'
train/acc/inv 0.1 / train/inv/ce 2.13 / train/inv/objective 1.19 / train/inv/valid_frac 1 / train/inv/weight 0 / train/loss/con 0.02 / train/loss/dyn 1.07 / train/loss/image 0.05 / train/loss/inv 0 / train/loss/policy 1.3e-4 / train/loss/rep 1.07 / train/loss/repval 1.21 / train/loss/rew 8e-3 / train/loss/value 1.05 / train/rand/action 0.08 / replay/replay_ratio 264 / fps/policy 7.06 / fps/train 1807.92

Writing metrics: /data2/liguoqi/habmm/hab_z/btwm/runs/dreamerv3_atari_pong_seed0_v2_1m/scores.jsonl
Writing metrics: /data2/liguoqi/habmm/hab_z/btwm/runs/dreamerv3_atari_pong_seed0_v2_1m/metrics.jsonl

--------------------[Agent Step 2_642_200]--------------------
Metrics filtered by: 'score|length|fps|ratio|train/loss/|train/acc/|train/inv/|train/rand/'
episode/score 14 / episode/length 2442 / train/acc/inv 0.1 / train/inv/ce 2.13 / train/inv/objective 1.19 / train/inv/valid_frac 1 / train/inv/weight 0 / train/loss/con 0.02 / train/loss/dyn 1.08 / train/loss/image 0.05 / train/loss/inv 0 / train/loss/policy 8.5e-5 / train/loss/rep 1.08 / train/loss/repval 1.22 / train/loss/rew 8.1e-3 / train/loss/value 1.05 / train/rand/action 0.08 / replay/replay_ratio 264 / fps/policy 7.01 / fps/train 1794.04

Writing metrics: /data2/liguoqi/habmm/hab_z/btwm/runs/dreamerv3_atari_pong_seed0_v2_1m/scores.jsonl
Writing metrics: /data2/liguoqi/habmm/hab_z/btwm/runs/dreamerv3_atari_pong_seed0_v2_1m/metrics.jsonl

--------------------[Agent Step 2_645_600]--------------------
Metrics filtered by: 'score|length|fps|ratio|train/loss/|train/acc/|train/inv/|train/rand/'
train/acc/inv 0.1 / train/inv/ce 2.14 / train/inv/objective 1.19 / train/inv/valid_frac 1 / train/inv/weight 0 / train/loss/con 0.02 / train/loss/dyn 1.08 / train/loss/image 0.05 / train/loss/inv 0 / train/loss/policy 8e-5 / train/loss/rep 1.08 / train/loss/repval 1.22 / train/loss/rew 8.1e-3 / train/loss/value 1.05 / train/rand/action 0.08 / replay/replay_ratio 264 / fps/policy 7.04 / fps/train 1801.59

Writing metrics: /data2/liguoqi/habmm/hab_z/btwm/runs/dreamerv3_atari_pong_seed0_v2_1m/metrics.jsonl
Writing metrics: /data2/liguoqi/habmm/hab_z/btwm/runs/dreamerv3_atari_pong_seed0_v2_1m/scores.jsonl

--------------------[Agent Step 2_649_000]--------------------
Metrics filtered by: 'score|length|fps|ratio|train/loss/|train/acc/|train/inv/|train/rand/'
train/acc/inv 0.1 / train/inv/ce 2.14 / train/inv/objective 1.19 / train/inv/valid_frac 1 / train/inv/weight 0 / train/loss/con 0.02 / train/loss/dyn 1.08 / train/loss/image 0.05 / train/loss/inv 0 / train/loss/policy 1.5e-4 / train/loss/rep 1.08 / train/loss/repval 1.19 / train/loss/rew 8.1e-3 / train/loss/value 1.04 / train/rand/action 0.09 / replay/replay_ratio 264 / fps/policy 7.04 / fps/train 1802.65

Writing metrics: /data2/liguoqi/habmm/hab_z/btwm/runs/dreamerv3_atari_pong_seed0_v2_1m/scores.jsonl
Writing metrics: /data2/liguoqi/habmm/hab_z/btwm/runs/dreamerv3_atari_pong_seed0_v2_1m/metrics.jsonl

--------------------[Agent Step 2_652_400]--------------------
Metrics filtered by: 'score|length|fps|ratio|train/loss/|train/acc/|train/inv/|train/rand/'
episode/score 14 / episode/length 2619 / train/acc/inv 0.1 / train/inv/ce 2.13 / train/inv/objective 1.19 / train/inv/valid_frac 1 / train/inv/weight 0 / train/loss/con 0.02 / train/loss/dyn 1.07 / train/loss/image 0.05 / train/loss/inv 0 / train/loss/policy 8e-5 / train/loss/rep 1.07 / train/loss/repval 1.19 / train/loss/rew 8.2e-3 / train/loss/value 1.04 / train/rand/action 0.09 / replay/replay_ratio 264 / fps/policy 7.03 / fps/train 1798.92

Writing metrics: /data2/liguoqi/habmm/hab_z/btwm/runs/dreamerv3_atari_pong_seed0_v2_1m/scores.jsonl
Writing metrics: /data2/liguoqi/habmm/hab_z/btwm/runs/dreamerv3_atari_pong_seed0_v2_1m/metrics.jsonl

--------------------[Agent Step 2_655_680]--------------------
Metrics filtered by: 'score|length|fps|ratio|train/loss/|train/acc/|train/inv/|train/rand/'
train/acc/inv 0.11 / train/inv/ce 2.12 / train/inv/objective 1.18 / train/inv/valid_frac 1 / train/inv/weight 0 / train/loss/con 0.02 / train/loss/dyn 1.08 / train/loss/image 0.05 / train/loss/inv 0 / train/loss/policy 4e-5 / train/loss/rep 1.08 / train/loss/repval 1.19 / train/loss/rew 8.3e-3 / train/loss/value 1.04 / train/rand/action 0.09 / replay/replay_ratio 264 / fps/policy 6.78 / fps/train 1736.05

Writing metrics: /data2/liguoqi/habmm/hab_z/btwm/runs/dreamerv3_atari_pong_seed0_v2_1m/metrics.jsonl
Writing metrics: /data2/liguoqi/habmm/hab_z/btwm/runs/dreamerv3_atari_pong_seed0_v2_1m/scores.jsonl

--------------------[Agent Step 2_659_040]--------------------
Metrics filtered by: 'score|length|fps|ratio|train/loss/|train/acc/|train/inv/|train/rand/'
train/acc/inv 0.11 / train/inv/ce 2.12 / train/inv/objective 1.18 / train/inv/valid_frac 1 / train/inv/weight 0 / train/loss/con 0.02 / train/loss/dyn 1.08 / train/loss/image 0.05 / train/loss/inv 0 / train/loss/policy 7.3e-5 / train/loss/rep 1.08 / train/loss/repval 1.17 / train/loss/rew 8.1e-3 / train/loss/value 1.03 / train/rand/action 0.09 / replay/replay_ratio 264 / fps/policy 6.93 / fps/train 1774.25

Writing metrics: /data2/liguoqi/habmm/hab_z/btwm/runs/dreamerv3_atari_pong_seed0_v2_1m/metrics.jsonl
Writing metrics: /data2/liguoqi/habmm/hab_z/btwm/runs/dreamerv3_atari_pong_seed0_v2_1m/scores.jsonl

--------------------[Agent Step 2_662_480]--------------------
Metrics filtered by: 'score|length|fps|ratio|train/loss/|train/acc/|train/inv/|train/rand/'
episode/score 14 / episode/length 2586 / train/acc/inv 0.11 / train/inv/ce 2.12 / train/inv/objective 1.18 / train/inv/valid_frac 1 / train/inv/weight 0 / train/loss/con 0.02 / train/loss/dyn 1.08 / train/loss/image 0.05 / train/loss/inv 0 / train/loss/policy -9.7e-6 / train/loss/rep 1.08 / train/loss/repval 1.21 / train/loss/rew 7.9e-3 / train/loss/value 1.04 / train/rand/action 0.09 / replay/replay_ratio 264 / fps/policy 7.11 / fps/train 1821.11

Writing metrics: /data2/liguoqi/habmm/hab_z/btwm/runs/dreamerv3_atari_pong_seed0_v2_1m/metrics.jsonl
Writing metrics: /data2/liguoqi/habmm/hab_z/btwm/runs/dreamerv3_atari_pong_seed0_v2_1m/scores.jsonl

--------------------[Agent Step 2_665_880]--------------------
Metrics filtered by: 'score|length|fps|ratio|train/loss/|train/acc/|train/inv/|train/rand/'
train/acc/inv 0.11 / train/inv/ce 2.12 / train/inv/objective 1.18 / train/inv/valid_frac 1 / train/inv/weight 0 / train/loss/con 0.02 / train/loss/dyn 1.08 / train/loss/image 0.05 / train/loss/inv 0 / train/loss/policy 8.2e-5 / train/loss/rep 1.08 / train/loss/repval 1.19 / train/loss/rew 8.2e-3 / train/loss/value 1.04 / train/rand/action 0.09 / replay/replay_ratio 264 / fps/policy 7.08 / fps/train 1812.47

Writing metrics: /data2/liguoqi/habmm/hab_z/btwm/runs/dreamerv3_atari_pong_seed0_v2_1m/scores.jsonl
Writing metrics: /data2/liguoqi/habmm/hab_z/btwm/runs/dreamerv3_atari_pong_seed0_v2_1m/metrics.jsonl

--------------------[Agent Step 2_669_280]--------------------
Metrics filtered by: 'score|length|fps|ratio|train/loss/|train/acc/|train/inv/|train/rand/'
train/acc/inv 0.13 / train/inv/ce 2.06 / train/inv/objective 1.15 / train/inv/valid_frac 1 / train/inv/weight 0 / train/loss/con 0.02 / train/loss/dyn 1.1 / train/loss/image 0.05 / train/loss/inv 0 / train/loss/policy 8.1e-5 / train/loss/rep 1.1 / train/loss/repval 1.2 / train/loss/rew 8.2e-3 / train/loss/value 1.04 / train/rand/action 0.1 / replay/replay_ratio 264 / fps/policy 7.02 / fps/train 1797.47

Writing metrics: /data2/liguoqi/habmm/hab_z/btwm/runs/dreamerv3_atari_pong_seed0_v2_1m/metrics.jsonl
Writing metrics: /data2/liguoqi/habmm/hab_z/btwm/runs/dreamerv3_atari_pong_seed0_v2_1m/scores.jsonl

--------------------[Agent Step 2_672_520]--------------------
Metrics filtered by: 'score|length|fps|ratio|train/loss/|train/acc/|train/inv/|train/rand/'
train/acc/inv 0.12 / train/inv/ce 2.08 / train/inv/objective 1.16 / train/inv/valid_frac 1 / train/inv/weight 0 / train/loss/con 0.02 / train/loss/dyn 1.08 / train/loss/image 0.05 / train/loss/inv 0 / train/loss/policy -8.3e-5 / train/loss/rep 1.08 / train/loss/repval 1.22 / train/loss/rew 8.2e-3 / train/loss/value 1.05 / train/rand/action 0.09 / replay/replay_ratio 264 / fps/policy 6.72 / fps/train 1720.82

Writing metrics: /data2/liguoqi/habmm/hab_z/btwm/runs/dreamerv3_atari_pong_seed0_v2_1m/metrics.jsonl
Writing metrics: /data2/liguoqi/habmm/hab_z/btwm/runs/dreamerv3_atari_pong_seed0_v2_1m/scores.jsonl

--------------------[Agent Step 2_675_920]--------------------
Metrics filtered by: 'score|length|fps|ratio|train/loss/|train/acc/|train/inv/|train/rand/'
train/acc/inv 0.12 / train/inv/ce 2.09 / train/inv/objective 1.17 / train/inv/valid_frac 1 / train/inv/weight 0 / train/loss/con 0.02 / train/loss/dyn 1.08 / train/loss/image 0.05 / train/loss/inv 0 / train/loss/policy 6.8e-5 / train/loss/rep 1.08 / train/loss/repval 1.22 / train/loss/rew 8.2e-3 / train/loss/value 1.05 / train/rand/action 0.09 / replay/replay_ratio 264 / fps/policy 7.03 / fps/train 1798.52

Writing metrics: /data2/liguoqi/habmm/hab_z/btwm/runs/dreamerv3_atari_pong_seed0_v2_1m/scores.jsonl
Writing metrics: /data2/liguoqi/habmm/hab_z/btwm/runs/dreamerv3_atari_pong_seed0_v2_1m/metrics.jsonl

--------------------[Agent Step 2_679_240]--------------------
Metrics filtered by: 'score|length|fps|ratio|train/loss/|train/acc/|train/inv/|train/rand/'
episode/score 5 / episode/length 3560 / train/acc/inv 0.12 / train/inv/ce 2.09 / train/inv/objective 1.17 / train/inv/valid_frac 1 / train/inv/weight 0 / train/loss/con 0.02 / train/loss/dyn 1.08 / train/loss/image 0.05 / train/loss/inv 0 / train/loss/policy 2.9e-5 / train/loss/rep 1.08 / train/loss/repval 1.22 / train/loss/rew 7.9e-3 / train/loss/value 1.06 / train/rand/action 0.09 / replay/replay_ratio 264 / fps/policy 6.83 / fps/train 1748.96

Writing metrics: /data2/liguoqi/habmm/hab_z/btwm/runs/dreamerv3_atari_pong_seed0_v2_1m/metrics.jsonl
Writing metrics: /data2/liguoqi/habmm/hab_z/btwm/runs/dreamerv3_atari_pong_seed0_v2_1m/scores.jsonl

--------------------[Agent Step 2_682_640]--------------------
Metrics filtered by: 'score|length|fps|ratio|train/loss/|train/acc/|train/inv/|train/rand/'
train/acc/inv 0.12 / train/inv/ce 2.1 / train/inv/objective 1.17 / train/inv/valid_frac 1 / train/inv/weight 0 / train/loss/con 0.02 / train/loss/dyn 1.09 / train/loss/image 0.05 / train/loss/inv 0 / train/loss/policy 1e-4 / train/loss/rep 1.09 / train/loss/repval 1.23 / train/loss/rew 8.3e-3 / train/loss/value 1.06 / train/rand/action 0.09 / replay/replay_ratio 264 / fps/policy 7.09 / fps/train 1815.19

Writing metrics: /data2/liguoqi/habmm/hab_z/btwm/runs/dreamerv3_atari_pong_seed0_v2_1m/scores.jsonl
Writing metrics: /data2/liguoqi/habmm/hab_z/btwm/runs/dreamerv3_atari_pong_seed0_v2_1m/metrics.jsonl

--------------------[Agent Step 2_686_040]--------------------
Metrics filtered by: 'score|length|fps|ratio|train/loss/|train/acc/|train/inv/|train/rand/'
train/acc/inv 0.12 / train/inv/ce 2.1 / train/inv/objective 1.17 / train/inv/valid_frac 1 / train/inv/weight 0 / train/loss/con 0.02 / train/loss/dyn 1.07 / train/loss/image 0.05 / train/loss/inv 0 / train/loss/policy 5.2e-5 / train/loss/rep 1.07 / train/loss/repval 1.23 / train/loss/rew 8.3e-3 / train/loss/value 1.06 / train/rand/action 0.09 / replay/replay_ratio 264 / fps/policy 7.03 / fps/train 1800.55

Writing metrics: /data2/liguoqi/habmm/hab_z/btwm/runs/dreamerv3_atari_pong_seed0_v2_1m/metrics.jsonl
Writing metrics: /data2/liguoqi/habmm/hab_z/btwm/runs/dreamerv3_atari_pong_seed0_v2_1m/scores.jsonl

--------------------[Agent Step 2_689_400]--------------------
Metrics filtered by: 'score|length|fps|ratio|train/loss/|train/acc/|train/inv/|train/rand/'
episode/score 12 / episode/length 2477 / train/acc/inv 0.12 / train/inv/ce 2.1 / train/inv/objective 1.17 / train/inv/valid_frac 1 / train/inv/weight 0 / train/loss/con 0.02 / train/loss/dyn 1.07 / train/loss/image 0.05 / train/loss/inv 0 / train/loss/policy 6.1e-6 / train/loss/rep 1.07 / train/loss/repval 1.26 / train/loss/rew 8.1e-3 / train/loss/value 1.07 / train/rand/action 0.08 / replay/replay_ratio 264 / fps/policy 6.93 / fps/train 1773.16

Writing metrics: /data2/liguoqi/habmm/hab_z/btwm/runs/dreamerv3_atari_pong_seed0_v2_1m/metrics.jsonl
Writing metrics: /data2/liguoqi/habmm/hab_z/btwm/runs/dreamerv3_atari_pong_seed0_v2_1m/scores.jsonl

--------------------[Agent Step 2_692_760]--------------------
Metrics filtered by: 'score|length|fps|ratio|train/loss/|train/acc/|train/inv/|train/rand/'
train/acc/inv 0.12 / train/inv/ce 2.11 / train/inv/objective 1.18 / train/inv/valid_frac 1 / train/inv/weight 0 / train/loss/con 0.02 / train/loss/dyn 1.08 / train/loss/image 0.05 / train/loss/inv 0 / train/loss/policy 1.3e-4 / train/loss/rep 1.08 / train/loss/repval 1.2 / train/loss/rew 8.2e-3 / train/loss/value 1.04 / train/rand/action 0.09 / replay/replay_ratio 264 / fps/policy 6.9 / fps/train 1767.62

Writing metrics: /data2/liguoqi/habmm/hab_z/btwm/runs/dreamerv3_atari_pong_seed0_v2_1m/metrics.jsonl
Writing metrics: /data2/liguoqi/habmm/hab_z/btwm/runs/dreamerv3_atari_pong_seed0_v2_1m/scores.jsonl

--------------------[Agent Step 2_696_120]--------------------
Metrics filtered by: 'score|length|fps|ratio|train/loss/|train/acc/|train/inv/|train/rand/'
episode/score 18 / episode/length 2437 / train/acc/inv 0.11 / train/inv/ce 2.12 / train/inv/objective 1.18 / train/inv/valid_frac 1 / train/inv/weight 0 / train/loss/con 0.02 / train/loss/dyn 1.08 / train/loss/image 0.05 / train/loss/inv 0 / train/loss/policy -1.9e-6 / train/loss/rep 1.08 / train/loss/repval 1.21 / train/loss/rew 8.3e-3 / train/loss/value 1.04 / train/rand/action 0.09 / replay/replay_ratio 264 / fps/policy 6.82 / fps/train 1745.82

Writing metrics: /data2/liguoqi/habmm/hab_z/btwm/runs/dreamerv3_atari_pong_seed0_v2_1m/metrics.jsonl
Writing metrics: /data2/liguoqi/habmm/hab_z/btwm/runs/dreamerv3_atari_pong_seed0_v2_1m/scores.jsonl

--------------------[Agent Step 2_699_320]--------------------
Metrics filtered by: 'score|length|fps|ratio|train/loss/|train/acc/|train/inv/|train/rand/'
train/acc/inv 0.11 / train/inv/ce 2.11 / train/inv/objective 1.18 / train/inv/valid_frac 1 / train/inv/weight 0 / train/loss/con 0.02 / train/loss/dyn 1.07 / train/loss/image 0.05 / train/loss/inv 0 / train/loss/policy 1.2e-4 / train/loss/rep 1.07 / train/loss/repval 1.2 / train/loss/rew 8.2e-3 / train/loss/value 1.04 / train/rand/action 0.09 / replay/replay_ratio 264 / fps/policy 6.73 / fps/train 1722.86

Writing metrics: /data2/liguoqi/habmm/hab_z/btwm/runs/dreamerv3_atari_pong_seed0_v2_1m/scores.jsonl
Writing metrics: /data2/liguoqi/habmm/hab_z/btwm/runs/dreamerv3_atari_pong_seed0_v2_1m/metrics.jsonl

--------------------[Agent Step 2_702_880]--------------------
Metrics filtered by: 'score|length|fps|ratio|train/loss/|train/acc/|train/inv/|train/rand/'
train/acc/inv 0.11 / train/inv/ce 2.12 / train/inv/objective 1.18 / train/inv/valid_frac 1 / train/inv/weight 0 / train/loss/con 0.02 / train/loss/dyn 1.07 / train/loss/image 0.06 / train/loss/inv 0 / train/loss/policy 1e-4 / train/loss/rep 1.07 / train/loss/repval 1.2 / train/loss/rew 8.4e-3 / train/loss/value 1.04 / train/rand/action 0.09 / replay/replay_ratio 264 / fps/policy 7.38 / fps/train 1889.71

Writing metrics: /data2/liguoqi/habmm/hab_z/btwm/runs/dreamerv3_atari_pong_seed0_v2_1m/metrics.jsonl
Writing metrics: /data2/liguoqi/habmm/hab_z/btwm/runs/dreamerv3_atari_pong_seed0_v2_1m/scores.jsonl

--------------------[Agent Step 2_706_360]--------------------
Metrics filtered by: 'score|length|fps|ratio|train/loss/|train/acc/|train/inv/|train/rand/'
episode/score 15 / episode/length 2026 / train/acc/inv 0.11 / train/inv/ce 2.12 / train/inv/objective 1.18 / train/inv/valid_frac 1 / train/inv/weight 0 / train/loss/con 0.02 / train/loss/dyn 1.08 / train/loss/image 0.05 / train/loss/inv 0 / train/loss/policy 2.9e-5 / train/loss/rep 1.08 / train/loss/repval 1.21 / train/loss/rew 8.2e-3 / train/loss/value 1.04 / train/rand/action 0.08 / replay/replay_ratio 264 / fps/policy 7.23 / fps/train 1850.45

Writing metrics: /data2/liguoqi/habmm/hab_z/btwm/runs/dreamerv3_atari_pong_seed0_v2_1m/metrics.jsonl
Writing metrics: /data2/liguoqi/habmm/hab_z/btwm/runs/dreamerv3_atari_pong_seed0_v2_1m/scores.jsonl

--------------------[Agent Step 2_709_760]--------------------
Metrics filtered by: 'score|length|fps|ratio|train/loss/|train/acc/|train/inv/|train/rand/'
train/acc/inv 0.12 / train/inv/ce 2.11 / train/inv/objective 1.18 / train/inv/valid_frac 1 / train/inv/weight 0 / train/loss/con 0.02 / train/loss/dyn 1.08 / train/loss/image 0.05 / train/loss/inv 0 / train/loss/policy 1.1e-4 / train/loss/rep 1.08 / train/loss/repval 1.21 / train/loss/rew 8.1e-3 / train/loss/value 1.05 / train/rand/action 0.08 / replay/replay_ratio 264 / fps/policy 7.05 / fps/train 1805.76

Writing metrics: /data2/liguoqi/habmm/hab_z/btwm/runs/dreamerv3_atari_pong_seed0_v2_1m/scores.jsonl
Writing metrics: /data2/liguoqi/habmm/hab_z/btwm/runs/dreamerv3_atari_pong_seed0_v2_1m/metrics.jsonl

--------------------[Agent Step 2_713_160]--------------------
Metrics filtered by: 'score|length|fps|ratio|train/loss/|train/acc/|train/inv/|train/rand/'
train/acc/inv 0.11 / train/inv/ce 2.1 / train/inv/objective 1.17 / train/inv/valid_frac 1 / train/inv/weight 0 / train/loss/con 0.02 / train/loss/dyn 1.07 / train/loss/image 0.05 / train/loss/inv 0 / train/loss/policy -7.1e-5 / train/loss/rep 1.07 / train/loss/repval 1.2 / train/loss/rew 8e-3 / train/loss/value 1.05 / train/rand/action 0.08 / replay/replay_ratio 264 / fps/policy 7.08 / fps/train 1812.06

Writing metrics: /data2/liguoqi/habmm/hab_z/btwm/runs/dreamerv3_atari_pong_seed0_v2_1m/scores.jsonl
Writing metrics: /data2/liguoqi/habmm/hab_z/btwm/runs/dreamerv3_atari_pong_seed0_v2_1m/metrics.jsonl
Saving checkpoint: /data2/liguoqi/habmm/hab_z/btwm/runs/dreamerv3_atari_pong_seed0_v2_1m/ckpt/20260614T193959F877144
Saved checkpoint.

--------------------[Agent Step 2_715_440]--------------------
Metrics filtered by: 'score|length|fps|ratio|train/loss/|train/acc/|train/inv/|train/rand/'
episode/score 16 / episode/length 2297 / train/acc/inv 0.11 / train/inv/ce 2.1 / train/inv/objective 1.17 / train/inv/valid_frac 1 / train/inv/weight 0 / train/loss/con 0.02 / train/loss/dyn 1.08 / train/loss/image 0.05 / train/loss/inv 0 / train/loss/policy 8.5e-5 / train/loss/rep 1.08 / train/loss/repval 1.22 / train/loss/rew 8.1e-3 / train/loss/value 1.06 / train/rand/action 0.09 / replay/replay_ratio 264 / fps/policy 4.7 / fps/train 1202.26

Writing metrics: /data2/liguoqi/habmm/hab_z/btwm/runs/dreamerv3_atari_pong_seed0_v2_1m/metrics.jsonl
Writing metrics: /data2/liguoqi/habmm/hab_z/btwm/runs/dreamerv3_atari_pong_seed0_v2_1m/scores.jsonl

--------------------[Agent Step 2_718_840]--------------------
Metrics filtered by: 'score|length|fps|ratio|train/loss/|train/acc/|train/inv/|train/rand/'
train/acc/inv 0.12 / train/inv/ce 2.09 / train/inv/objective 1.17 / train/inv/valid_frac 1 / train/inv/weight 0 / train/loss/con 0.02 / train/loss/dyn 1.08 / train/loss/image 0.05 / train/loss/inv 0 / train/loss/policy 9.5e-5 / train/loss/rep 1.08 / train/loss/repval 1.2 / train/loss/rew 8.5e-3 / train/loss/value 1.04 / train/rand/action 0.09 / replay/replay_ratio 264 / fps/policy 7.03 / fps/train 1799.61

Writing metrics: /data2/liguoqi/habmm/hab_z/btwm/runs/dreamerv3_atari_pong_seed0_v2_1m/metrics.jsonl
Writing metrics: /data2/liguoqi/habmm/hab_z/btwm/runs/dreamerv3_atari_pong_seed0_v2_1m/scores.jsonl

--------------------[Agent Step 2_722_320]--------------------
Metrics filtered by: 'score|length|fps|ratio|train/loss/|train/acc/|train/inv/|train/rand/'
train/acc/inv 0.12 / train/inv/ce 2.1 / train/inv/objective 1.17 / train/inv/valid_frac 1 / train/inv/weight 0 / train/loss/con 0.02 / train/loss/dyn 1.08 / train/loss/image 0.05 / train/loss/inv 0 / train/loss/policy -2.5e-5 / train/loss/rep 1.08 / train/loss/repval 1.19 / train/loss/rew 8.3e-3 / train/loss/value 1.04 / train/rand/action 0.08 / replay/replay_ratio 264 / fps/policy 7.26 / fps/train 1857.74

Writing metrics: /data2/liguoqi/habmm/hab_z/btwm/runs/dreamerv3_atari_pong_seed0_v2_1m/scores.jsonl
Writing metrics: /data2/liguoqi/habmm/hab_z/btwm/runs/dreamerv3_atari_pong_seed0_v2_1m/metrics.jsonl

--------------------[Agent Step 2_725_720]--------------------
Metrics filtered by: 'score|length|fps|ratio|train/loss/|train/acc/|train/inv/|train/rand/'
episode/score 14 / episode/length 2578 / train/acc/inv 0.11 / train/inv/ce 2.12 / train/inv/objective 1.18 / train/inv/valid_frac 1 / train/inv/weight 0 / train/loss/con 0.02 / train/loss/dyn 1.08 / train/loss/image 0.05 / train/loss/inv 0 / train/loss/policy 6.1e-5 / train/loss/rep 1.08 / train/loss/repval 1.19 / train/loss/rew 8.1e-3 / train/loss/value 1.04 / train/rand/action 0.08 / replay/replay_ratio 264 / fps/policy 7 / fps/train 1792.9

Writing metrics: /data2/liguoqi/habmm/hab_z/btwm/runs/dreamerv3_atari_pong_seed0_v2_1m/metrics.jsonl
Writing metrics: /data2/liguoqi/habmm/hab_z/btwm/runs/dreamerv3_atari_pong_seed0_v2_1m/scores.jsonl

--------------------[Agent Step 2_729_120]--------------------
Metrics filtered by: 'score|length|fps|ratio|train/loss/|train/acc/|train/inv/|train/rand/'
train/acc/inv 0.11 / train/inv/ce 2.12 / train/inv/objective 1.18 / train/inv/valid_frac 1 / train/inv/weight 0 / train/loss/con 0.02 / train/loss/dyn 1.1 / train/loss/image 0.05 / train/loss/inv 0 / train/loss/policy 2e-5 / train/loss/rep 1.1 / train/loss/repval 1.2 / train/loss/rew 8e-3 / train/loss/value 1.05 / train/rand/action 0.08 / replay/replay_ratio 264 / fps/policy 7.01 / fps/train 1795.45

Writing metrics: /data2/liguoqi/habmm/hab_z/btwm/runs/dreamerv3_atari_pong_seed0_v2_1m/scores.jsonl
Writing metrics: /data2/liguoqi/habmm/hab_z/btwm/runs/dreamerv3_atari_pong_seed0_v2_1m/metrics.jsonl

--------------------[Agent Step 2_732_520]--------------------
Metrics filtered by: 'score|length|fps|ratio|train/loss/|train/acc/|train/inv/|train/rand/'
train/acc/inv 0.11 / train/inv/ce 2.11 / train/inv/objective 1.18 / train/inv/valid_frac 1 / train/inv/weight 0 / train/loss/con 0.02 / train/loss/dyn 1.09 / train/loss/image 0.05 / train/loss/inv 0 / train/loss/policy 9.2e-5 / train/loss/rep 1.09 / train/loss/repval 1.18 / train/loss/rew 7.8e-3 / train/loss/value 1.03 / train/rand/action 0.08 / replay/replay_ratio 264 / fps/policy 7.01 / fps/train 1793.47

Writing metrics: /data2/liguoqi/habmm/hab_z/btwm/runs/dreamerv3_atari_pong_seed0_v2_1m/metrics.jsonl
Writing metrics: /data2/liguoqi/habmm/hab_z/btwm/runs/dreamerv3_atari_pong_seed0_v2_1m/scores.jsonl

--------------------[Agent Step 2_735_960]--------------------
Metrics filtered by: 'score|length|fps|ratio|train/loss/|train/acc/|train/inv/|train/rand/'
episode/score 11 / episode/length 3050 / train/acc/inv 0.11 / train/inv/ce 2.11 / train/inv/objective 1.18 / train/inv/valid_frac 1 / train/inv/weight 0 / train/loss/con 0.02 / train/loss/dyn 1.07 / train/loss/image 0.05 / train/loss/inv 0 / train/loss/policy -1.2e-4 / train/loss/rep 1.07 / train/loss/repval 1.22 / train/loss/rew 8e-3 / train/loss/value 1.04 / train/rand/action 0.08 / replay/replay_ratio 264 / fps/policy 7.07 / fps/train 1810.81

Writing metrics: /data2/liguoqi/habmm/hab_z/btwm/runs/dreamerv3_atari_pong_seed0_v2_1m/metrics.jsonl
Writing metrics: /data2/liguoqi/habmm/hab_z/btwm/runs/dreamerv3_atari_pong_seed0_v2_1m/scores.jsonl

--------------------[Agent Step 2_739_400]--------------------
Metrics filtered by: 'score|length|fps|ratio|train/loss/|train/acc/|train/inv/|train/rand/'
train/acc/inv 0.12 / train/inv/ce 2.09 / train/inv/objective 1.16 / train/inv/valid_frac 1 / train/inv/weight 0 / train/loss/con 0.02 / train/loss/dyn 1.09 / train/loss/image 0.05 / train/loss/inv 0 / train/loss/policy 1.5e-4 / train/loss/rep 1.09 / train/loss/repval 1.22 / train/loss/rew 8.1e-3 / train/loss/value 1.05 / train/rand/action 0.08 / replay/replay_ratio 264 / fps/policy 7.16 / fps/train 1832.63

Writing metrics: /data2/liguoqi/habmm/hab_z/btwm/runs/dreamerv3_atari_pong_seed0_v2_1m/metrics.jsonl
Writing metrics: /data2/liguoqi/habmm/hab_z/btwm/runs/dreamerv3_atari_pong_seed0_v2_1m/scores.jsonl

--------------------[Agent Step 2_742_800]--------------------
Metrics filtered by: 'score|length|fps|ratio|train/loss/|train/acc/|train/inv/|train/rand/'
train/acc/inv 0.12 / train/inv/ce 2.09 / train/inv/objective 1.17 / train/inv/valid_frac 1 / train/inv/weight 0 / train/loss/con 0.02 / train/loss/dyn 1.07 / train/loss/image 0.05 / train/loss/inv 0 / train/loss/policy 1.7e-4 / train/loss/rep 1.07 / train/loss/repval 1.19 / train/loss/rew 8.1e-3 / train/loss/value 1.04 / train/rand/action 0.09 / replay/replay_ratio 264 / fps/policy 7.09 / fps/train 1813.93

Writing metrics: /data2/liguoqi/habmm/hab_z/btwm/runs/dreamerv3_atari_pong_seed0_v2_1m/metrics.jsonl
Writing metrics: /data2/liguoqi/habmm/hab_z/btwm/runs/dreamerv3_atari_pong_seed0_v2_1m/scores.jsonl

--------------------[Agent Step 2_746_200]--------------------
Metrics filtered by: 'score|length|fps|ratio|train/loss/|train/acc/|train/inv/|train/rand/'
train/acc/inv 0.12 / train/inv/ce 2.1 / train/inv/objective 1.17 / train/inv/valid_frac 1 / train/inv/weight 0 / train/loss/con 0.02 / train/loss/dyn 1.08 / train/loss/image 0.05 / train/loss/inv 0 / train/loss/policy 8.2e-5 / train/loss/rep 1.08 / train/loss/repval 1.21 / train/loss/rew 8.2e-3 / train/loss/value 1.06 / train/rand/action 0.09 / replay/replay_ratio 264 / fps/policy 7.08 / fps/train 1811.5

Writing metrics: /data2/liguoqi/habmm/hab_z/btwm/runs/dreamerv3_atari_pong_seed0_v2_1m/metrics.jsonl
Writing metrics: /data2/liguoqi/habmm/hab_z/btwm/runs/dreamerv3_atari_pong_seed0_v2_1m/scores.jsonl

--------------------[Agent Step 2_749_600]--------------------
Metrics filtered by: 'score|length|fps|ratio|train/loss/|train/acc/|train/inv/|train/rand/'
train/acc/inv 0.12 / train/inv/ce 2.11 / train/inv/objective 1.18 / train/inv/valid_frac 1 / train/inv/weight 0 / train/loss/con 0.02 / train/loss/dyn 1.08 / train/loss/image 0.05 / train/loss/inv 0 / train/loss/policy 3.8e-5 / train/loss/rep 1.08 / train/loss/repval 1.22 / train/loss/rew 8e-3 / train/loss/value 1.05 / train/rand/action 0.08 / replay/replay_ratio 264 / fps/policy 7.06 / fps/train 1807.68

Writing metrics: /data2/liguoqi/habmm/hab_z/btwm/runs/dreamerv3_atari_pong_seed0_v2_1m/scores.jsonl
Writing metrics: /data2/liguoqi/habmm/hab_z/btwm/runs/dreamerv3_atari_pong_seed0_v2_1m/metrics.jsonl

--------------------[Agent Step 2_753_000]--------------------
Metrics filtered by: 'score|length|fps|ratio|train/loss/|train/acc/|train/inv/|train/rand/'
episode/score 7 / episode/length 3549 / train/acc/inv 0.11 / train/inv/ce 2.11 / train/inv/objective 1.18 / train/inv/valid_frac 1 / train/inv/weight 0 / train/loss/con 0.02 / train/loss/dyn 1.08 / train/loss/image 0.05 / train/loss/inv 0 / train/loss/policy 7.1e-5 / train/loss/rep 1.08 / train/loss/repval 1.21 / train/loss/rew 8e-3 / train/loss/value 1.05 / train/rand/action 0.09 / replay/replay_ratio 264 / fps/policy 7.01 / fps/train 1795.67

Writing metrics: /data2/liguoqi/habmm/hab_z/btwm/runs/dreamerv3_atari_pong_seed0_v2_1m/scores.jsonl
Writing metrics: /data2/liguoqi/habmm/hab_z/btwm/runs/dreamerv3_atari_pong_seed0_v2_1m/metrics.jsonl

--------------------[Agent Step 2_756_240]--------------------
Metrics filtered by: 'score|length|fps|ratio|train/loss/|train/acc/|train/inv/|train/rand/'
train/acc/inv 0.12 / train/inv/ce 2.11 / train/inv/objective 1.18 / train/inv/valid_frac 1 / train/inv/weight 0 / train/loss/con 0.02 / train/loss/dyn 1.09 / train/loss/image 0.05 / train/loss/inv 0 / train/loss/policy 9.9e-5 / train/loss/rep 1.09 / train/loss/repval 1.19 / train/loss/rew 8e-3 / train/loss/value 1.04 / train/rand/action 0.09 / replay/replay_ratio 264 / fps/policy 6.81 / fps/train 1742.6

Writing metrics: /data2/liguoqi/habmm/hab_z/btwm/runs/dreamerv3_atari_pong_seed0_v2_1m/metrics.jsonl
Writing metrics: /data2/liguoqi/habmm/hab_z/btwm/runs/dreamerv3_atari_pong_seed0_v2_1m/scores.jsonl

--------------------[Agent Step 2_759_560]--------------------
Metrics filtered by: 'score|length|fps|ratio|train/loss/|train/acc/|train/inv/|train/rand/'
train/acc/inv 0.12 / train/inv/ce 2.1 / train/inv/objective 1.17 / train/inv/valid_frac 1 / train/inv/weight 0 / train/loss/con 0.02 / train/loss/dyn 1.07 / train/loss/image 0.05 / train/loss/inv 0 / train/loss/policy 9.9e-5 / train/loss/rep 1.07 / train/loss/repval 1.2 / train/loss/rew 8.2e-3 / train/loss/value 1.04 / train/rand/action 0.09 / replay/replay_ratio 264 / fps/policy 6.92 / fps/train 1770.25

Writing metrics: /data2/liguoqi/habmm/hab_z/btwm/runs/dreamerv3_atari_pong_seed0_v2_1m/metrics.jsonl
Writing metrics: /data2/liguoqi/habmm/hab_z/btwm/runs/dreamerv3_atari_pong_seed0_v2_1m/scores.jsonl

--------------------[Agent Step 2_762_920]--------------------
Metrics filtered by: 'score|length|fps|ratio|train/loss/|train/acc/|train/inv/|train/rand/'
episode/score 12 / episode/length 2833 / train/acc/inv 0.12 / train/inv/ce 2.1 / train/inv/objective 1.17 / train/inv/valid_frac 1 / train/inv/weight 0 / train/loss/con 0.02 / train/loss/dyn 1.09 / train/loss/image 0.05 / train/loss/inv 0 / train/loss/policy 3.8e-5 / train/loss/rep 1.09 / train/loss/repval 1.21 / train/loss/rew 8.3e-3 / train/loss/value 1.06 / train/rand/action 0.1 / replay/replay_ratio 264 / fps/policy 6.96 / fps/train 1781.96

Writing metrics: /data2/liguoqi/habmm/hab_z/btwm/runs/dreamerv3_atari_pong_seed0_v2_1m/scores.jsonl
Writing metrics: /data2/liguoqi/habmm/hab_z/btwm/runs/dreamerv3_atari_pong_seed0_v2_1m/metrics.jsonl

--------------------[Agent Step 2_766_320]--------------------
Metrics filtered by: 'score|length|fps|ratio|train/loss/|train/acc/|train/inv/|train/rand/'
train/acc/inv 0.12 / train/inv/ce 2.1 / train/inv/objective 1.17 / train/inv/valid_frac 1 / train/inv/weight 0 / train/loss/con 0.02 / train/loss/dyn 1.09 / train/loss/image 0.05 / train/loss/inv 0 / train/loss/policy 9.4e-5 / train/loss/rep 1.09 / train/loss/repval 1.21 / train/loss/rew 8.3e-3 / train/loss/value 1.05 / train/rand/action 0.11 / replay/replay_ratio 264 / fps/policy 7.07 / fps/train 1810.19

Writing metrics: /data2/liguoqi/habmm/hab_z/btwm/runs/dreamerv3_atari_pong_seed0_v2_1m/metrics.jsonl
Writing metrics: /data2/liguoqi/habmm/hab_z/btwm/runs/dreamerv3_atari_pong_seed0_v2_1m/scores.jsonl

--------------------[Agent Step 2_769_680]--------------------
Metrics filtered by: 'score|length|fps|ratio|train/loss/|train/acc/|train/inv/|train/rand/'
train/acc/inv 0.11 / train/inv/ce 2.11 / train/inv/objective 1.18 / train/inv/valid_frac 1 / train/inv/weight 0 / train/loss/con 0.02 / train/loss/dyn 1.09 / train/loss/image 0.05 / train/loss/inv 0 / train/loss/policy 4e-5 / train/loss/rep 1.09 / train/loss/repval 1.22 / train/loss/rew 7.9e-3 / train/loss/value 1.06 / train/rand/action 0.1 / replay/replay_ratio 264 / fps/policy 6.92 / fps/train 1771.75

Writing metrics: /data2/liguoqi/habmm/hab_z/btwm/runs/dreamerv3_atari_pong_seed0_v2_1m/metrics.jsonl
Writing metrics: /data2/liguoqi/habmm/hab_z/btwm/runs/dreamerv3_atari_pong_seed0_v2_1m/scores.jsonl

--------------------[Agent Step 2_773_120]--------------------
Metrics filtered by: 'score|length|fps|ratio|train/loss/|train/acc/|train/inv/|train/rand/'
episode/score 15 / episode/length 2425 / train/acc/inv 0.12 / train/inv/ce 2.1 / train/inv/objective 1.17 / train/inv/valid_frac 1 / train/inv/weight 0 / train/loss/con 0.02 / train/loss/dyn 1.08 / train/loss/image 0.05 / train/loss/inv 0 / train/loss/policy 7.8e-5 / train/loss/rep 1.08 / train/loss/repval 1.2 / train/loss/rew 8e-3 / train/loss/value 1.05 / train/rand/action 0.1 / replay/replay_ratio 264 / fps/policy 7.07 / fps/train 1809.92

Writing metrics: /data2/liguoqi/habmm/hab_z/btwm/runs/dreamerv3_atari_pong_seed0_v2_1m/metrics.jsonl
Writing metrics: /data2/liguoqi/habmm/hab_z/btwm/runs/dreamerv3_atari_pong_seed0_v2_1m/scores.jsonl

--------------------[Agent Step 2_776_480]--------------------
Metrics filtered by: 'score|length|fps|ratio|train/loss/|train/acc/|train/inv/|train/rand/'
train/acc/inv 0.11 / train/inv/ce 2.11 / train/inv/objective 1.18 / train/inv/valid_frac 1 / train/inv/weight 0 / train/loss/con 0.02 / train/loss/dyn 1.08 / train/loss/image 0.05 / train/loss/inv 0 / train/loss/policy -8.1e-5 / train/loss/rep 1.08 / train/loss/repval 1.2 / train/loss/rew 8.1e-3 / train/loss/value 1.04 / train/rand/action 0.1 / replay/replay_ratio 264 / fps/policy 7 / fps/train 1790.97

Writing metrics: /data2/liguoqi/habmm/hab_z/btwm/runs/dreamerv3_atari_pong_seed0_v2_1m/metrics.jsonl
Writing metrics: /data2/liguoqi/habmm/hab_z/btwm/runs/dreamerv3_atari_pong_seed0_v2_1m/scores.jsonl

--------------------[Agent Step 2_779_880]--------------------
Metrics filtered by: 'score|length|fps|ratio|train/loss/|train/acc/|train/inv/|train/rand/'
episode/score 13 / episode/length 2028 / train/acc/inv 0.11 / train/inv/ce 2.11 / train/inv/objective 1.18 / train/inv/valid_frac 1 / train/inv/weight 0 / train/loss/con 0.02 / train/loss/dyn 1.07 / train/loss/image 0.05 / train/loss/inv 0 / train/loss/policy 7.5e-5 / train/loss/rep 1.07 / train/loss/repval 1.19 / train/loss/rew 8.1e-3 / train/loss/value 1.04 / train/rand/action 0.1 / replay/replay_ratio 264 / fps/policy 7.03 / fps/train 1799.89

Writing metrics: /data2/liguoqi/habmm/hab_z/btwm/runs/dreamerv3_atari_pong_seed0_v2_1m/metrics.jsonl
Writing metrics: /data2/liguoqi/habmm/hab_z/btwm/runs/dreamerv3_atari_pong_seed0_v2_1m/scores.jsonl

--------------------[Agent Step 2_783_280]--------------------
Metrics filtered by: 'score|length|fps|ratio|train/loss/|train/acc/|train/inv/|train/rand/'
train/acc/inv 0.11 / train/inv/ce 2.1 / train/inv/objective 1.17 / train/inv/valid_frac 1 / train/inv/weight 0 / train/loss/con 0.02 / train/loss/dyn 1.08 / train/loss/image 0.04 / train/loss/inv 0 / train/loss/policy 8.6e-6 / train/loss/rep 1.08 / train/loss/repval 1.18 / train/loss/rew 8.4e-3 / train/loss/value 1.04 / train/rand/action 0.1 / replay/replay_ratio 264 / fps/policy 7.06 / fps/train 1808.43

Writing metrics: /data2/liguoqi/habmm/hab_z/btwm/runs/dreamerv3_atari_pong_seed0_v2_1m/scores.jsonl
Writing metrics: /data2/liguoqi/habmm/hab_z/btwm/runs/dreamerv3_atari_pong_seed0_v2_1m/metrics.jsonl

--------------------[Agent Step 2_786_720]--------------------
Metrics filtered by: 'score|length|fps|ratio|train/loss/|train/acc/|train/inv/|train/rand/'
train/acc/inv 0.11 / train/inv/ce 2.11 / train/inv/objective 1.18 / train/inv/valid_frac 1 / train/inv/weight 0 / train/loss/con 0.02 / train/loss/dyn 1.08 / train/loss/image 0.05 / train/loss/inv 0 / train/loss/policy -1.5e-5 / train/loss/rep 1.08 / train/loss/repval 1.19 / train/loss/rew 8.3e-3 / train/loss/value 1.04 / train/rand/action 0.1 / replay/replay_ratio 264 / fps/policy 7.16 / fps/train 1832.12

Writing metrics: /data2/liguoqi/habmm/hab_z/btwm/runs/dreamerv3_atari_pong_seed0_v2_1m/metrics.jsonl
Writing metrics: /data2/liguoqi/habmm/hab_z/btwm/runs/dreamerv3_atari_pong_seed0_v2_1m/scores.jsonl

--------------------[Agent Step 2_790_160]--------------------
Metrics filtered by: 'score|length|fps|ratio|train/loss/|train/acc/|train/inv/|train/rand/'
episode/score 15 / episode/length 2036 / train/acc/inv 0.12 / train/inv/ce 2.1 / train/inv/objective 1.17 / train/inv/valid_frac 1 / train/inv/weight 0 / train/loss/con 0.02 / train/loss/dyn 1.08 / train/loss/image 0.05 / train/loss/inv 0 / train/loss/policy 8.3e-5 / train/loss/rep 1.08 / train/loss/repval 1.19 / train/loss/rew 8e-3 / train/loss/value 1.04 / train/rand/action 0.1 / replay/replay_ratio 264 / fps/policy 7.13 / fps/train 1825.46

Writing metrics: /data2/liguoqi/habmm/hab_z/btwm/runs/dreamerv3_atari_pong_seed0_v2_1m/metrics.jsonl
Writing metrics: /data2/liguoqi/habmm/hab_z/btwm/runs/dreamerv3_atari_pong_seed0_v2_1m/scores.jsonl

--------------------[Agent Step 2_793_680]--------------------
Metrics filtered by: 'score|length|fps|ratio|train/loss/|train/acc/|train/inv/|train/rand/'
train/acc/inv 0.12 / train/inv/ce 2.11 / train/inv/objective 1.18 / train/inv/valid_frac 1 / train/inv/weight 0 / train/loss/con 0.02 / train/loss/dyn 1.07 / train/loss/image 0.04 / train/loss/inv 0 / train/loss/policy 1.1e-4 / train/loss/rep 1.07 / train/loss/repval 1.18 / train/loss/rew 8.1e-3 / train/loss/value 1.04 / train/rand/action 0.1 / replay/replay_ratio 264 / fps/policy 7.27 / fps/train 1860.46

Writing metrics: /data2/liguoqi/habmm/hab_z/btwm/runs/dreamerv3_atari_pong_seed0_v2_1m/metrics.jsonl
Writing metrics: /data2/liguoqi/habmm/hab_z/btwm/runs/dreamerv3_atari_pong_seed0_v2_1m/scores.jsonl

--------------------[Agent Step 2_797_080]--------------------
Metrics filtered by: 'score|length|fps|ratio|train/loss/|train/acc/|train/inv/|train/rand/'
train/acc/inv 0.12 / train/inv/ce 2.1 / train/inv/objective 1.17 / train/inv/valid_frac 1 / train/inv/weight 0 / train/loss/con 0.02 / train/loss/dyn 1.08 / train/loss/image 0.05 / train/loss/inv 0 / train/loss/policy 3e-5 / train/loss/rep 1.08 / train/loss/repval 1.18 / train/loss/rew 8.2e-3 / train/loss/value 1.03 / train/rand/action 0.1 / replay/replay_ratio 264 / fps/policy 7.08 / fps/train 1811.39

Writing metrics: /data2/liguoqi/habmm/hab_z/btwm/runs/dreamerv3_atari_pong_seed0_v2_1m/scores.jsonl
Writing metrics: /data2/liguoqi/habmm/hab_z/btwm/runs/dreamerv3_atari_pong_seed0_v2_1m/metrics.jsonl

--------------------[Agent Step 2_800_520]--------------------
Metrics filtered by: 'score|length|fps|ratio|train/loss/|train/acc/|train/inv/|train/rand/'
episode/score 13 / episode/length 2872 / train/acc/inv 0.12 / train/inv/ce 2.1 / train/inv/objective 1.17 / train/inv/valid_frac 1 / train/inv/weight 0 / train/loss/con 0.02 / train/loss/dyn 1.08 / train/loss/image 0.05 / train/loss/inv 0 / train/loss/policy 2.9e-5 / train/loss/rep 1.08 / train/loss/repval 1.18 / train/loss/rew 8.1e-3 / train/loss/value 1.04 / train/rand/action 0.1 / replay/replay_ratio 264 / fps/policy 6.57 / fps/train 1682.64

Writing metrics: /data2/liguoqi/habmm/hab_z/btwm/runs/dreamerv3_atari_pong_seed0_v2_1m/metrics.jsonl
Writing metrics: /data2/liguoqi/habmm/hab_z/btwm/runs/dreamerv3_atari_pong_seed0_v2_1m/scores.jsonl

--------------------[Agent Step 2_803_600]--------------------
Metrics filtered by: 'score|length|fps|ratio|train/loss/|train/acc/|train/inv/|train/rand/'
train/acc/inv 0.12 / train/inv/ce 2.1 / train/inv/objective 1.17 / train/inv/valid_frac 1 / train/inv/weight 0 / train/loss/con 0.02 / train/loss/dyn 1.08 / train/loss/image 0.04 / train/loss/inv 0 / train/loss/policy -1.4e-5 / train/loss/rep 1.08 / train/loss/repval 1.18 / train/loss/rew 8.1e-3 / train/loss/value 1.03 / train/rand/action 0.1 / replay/replay_ratio 264 / fps/policy 6.96 / fps/train 1783.03

Writing metrics: /data2/liguoqi/habmm/hab_z/btwm/runs/dreamerv3_atari_pong_seed0_v2_1m/scores.jsonl
Writing metrics: /data2/liguoqi/habmm/hab_z/btwm/runs/dreamerv3_atari_pong_seed0_v2_1m/metrics.jsonl

--------------------[Agent Step 2_807_000]--------------------
Metrics filtered by: 'score|length|fps|ratio|train/loss/|train/acc/|train/inv/|train/rand/'
train/acc/inv 0.12 / train/inv/ce 2.1 / train/inv/objective 1.17 / train/inv/valid_frac 1 / train/inv/weight 0 / train/loss/con 0.02 / train/loss/dyn 1.08 / train/loss/image 0.05 / train/loss/inv 0 / train/loss/policy 7.9e-5 / train/loss/rep 1.08 / train/loss/repval 1.15 / train/loss/rew 8e-3 / train/loss/value 1.02 / train/rand/action 0.11 / replay/replay_ratio 264 / fps/policy 7.07 / fps/train 1809.21

Writing metrics: /data2/liguoqi/habmm/hab_z/btwm/runs/dreamerv3_atari_pong_seed0_v2_1m/metrics.jsonl
Writing metrics: /data2/liguoqi/habmm/hab_z/btwm/runs/dreamerv3_atari_pong_seed0_v2_1m/scores.jsonl

--------------------[Agent Step 2_810_480]--------------------
Metrics filtered by: 'score|length|fps|ratio|train/loss/|train/acc/|train/inv/|train/rand/'
episode/score 13 / episode/length 2096 / train/acc/inv 0.12 / train/inv/ce 2.1 / train/inv/objective 1.17 / train/inv/valid_frac 1 / train/inv/weight 0 / train/loss/con 0.02 / train/loss/dyn 1.08 / train/loss/image 0.05 / train/loss/inv 0 / train/loss/policy -4.5e-5 / train/loss/rep 1.08 / train/loss/repval 1.18 / train/loss/rew 8.2e-3 / train/loss/value 1.03 / train/rand/action 0.11 / replay/replay_ratio 264 / fps/policy 7.21 / fps/train 1844.7

Writing metrics: /data2/liguoqi/habmm/hab_z/btwm/runs/dreamerv3_atari_pong_seed0_v2_1m/scores.jsonl
Writing metrics: /data2/liguoqi/habmm/hab_z/btwm/runs/dreamerv3_atari_pong_seed0_v2_1m/metrics.jsonl

--------------------[Agent Step 2_813_880]--------------------
Metrics filtered by: 'score|length|fps|ratio|train/loss/|train/acc/|train/inv/|train/rand/'
train/acc/inv 0.11 / train/inv/ce 2.11 / train/inv/objective 1.18 / train/inv/valid_frac 1 / train/inv/weight 0 / train/loss/con 0.02 / train/loss/dyn 1.08 / train/loss/image 0.04 / train/loss/inv 0 / train/loss/policy -1.7e-5 / train/loss/rep 1.08 / train/loss/repval 1.17 / train/loss/rew 8.1e-3 / train/loss/value 1.03 / train/rand/action 0.11 / replay/replay_ratio 264 / fps/policy 7.06 / fps/train 1807.25

Writing metrics: /data2/liguoqi/habmm/hab_z/btwm/runs/dreamerv3_atari_pong_seed0_v2_1m/scores.jsonl
Writing metrics: /data2/liguoqi/habmm/hab_z/btwm/runs/dreamerv3_atari_pong_seed0_v2_1m/metrics.jsonl
Saving checkpoint: /data2/liguoqi/habmm/hab_z/btwm/runs/dreamerv3_atari_pong_seed0_v2_1m/ckpt/20260614T204001F235142
Saved checkpoint.

--------------------[Agent Step 2_815_520]--------------------
Metrics filtered by: 'score|length|fps|ratio|train/loss/|train/acc/|train/inv/|train/rand/'
episode/score 12 / episode/length 1949 / train/acc/inv 0.11 / train/inv/ce 2.11 / train/inv/objective 1.18 / train/inv/valid_frac 1 / train/inv/weight 0 / train/loss/con 0.02 / train/loss/dyn 1.07 / train/loss/image 0.05 / train/loss/inv 0 / train/loss/policy 5.1e-5 / train/loss/rep 1.07 / train/loss/repval 1.17 / train/loss/rew 8.1e-3 / train/loss/value 1.03 / train/rand/action 0.12 / replay/replay_ratio 264 / fps/policy 3.41 / fps/train 872.65

Writing metrics: /data2/liguoqi/habmm/hab_z/btwm/runs/dreamerv3_atari_pong_seed0_v2_1m/metrics.jsonl
Writing metrics: /data2/liguoqi/habmm/hab_z/btwm/runs/dreamerv3_atari_pong_seed0_v2_1m/scores.jsonl

--------------------[Agent Step 2_818_960]--------------------
Metrics filtered by: 'score|length|fps|ratio|train/loss/|train/acc/|train/inv/|train/rand/'
train/acc/inv 0.11 / train/inv/ce 2.12 / train/inv/objective 1.18 / train/inv/valid_frac 1 / train/inv/weight 0 / train/loss/con 0.02 / train/loss/dyn 1.07 / train/loss/image 0.04 / train/loss/inv 0 / train/loss/policy -2e-5 / train/loss/rep 1.07 / train/loss/repval 1.18 / train/loss/rew 8.1e-3 / train/loss/value 1.04 / train/rand/action 0.11 / replay/replay_ratio 264 / fps/policy 7.1 / fps/train 1816.72

Writing metrics: /data2/liguoqi/habmm/hab_z/btwm/runs/dreamerv3_atari_pong_seed0_v2_1m/metrics.jsonl
Writing metrics: /data2/liguoqi/habmm/hab_z/btwm/runs/dreamerv3_atari_pong_seed0_v2_1m/scores.jsonl

--------------------[Agent Step 2_822_440]--------------------
Metrics filtered by: 'score|length|fps|ratio|train/loss/|train/acc/|train/inv/|train/rand/'
train/acc/inv 0.11 / train/inv/ce 2.12 / train/inv/objective 1.18 / train/inv/valid_frac 1 / train/inv/weight 0 / train/loss/con 0.02 / train/loss/dyn 1.08 / train/loss/image 0.05 / train/loss/inv 0 / train/loss/policy 4e-5 / train/loss/rep 1.08 / train/loss/repval 1.18 / train/loss/rew 8e-3 / train/loss/value 1.04 / train/rand/action 0.11 / replay/replay_ratio 264 / fps/policy 7.22 / fps/train 1849.46

Writing metrics: /data2/liguoqi/habmm/hab_z/btwm/runs/dreamerv3_atari_pong_seed0_v2_1m/metrics.jsonl
Writing metrics: /data2/liguoqi/habmm/hab_z/btwm/runs/dreamerv3_atari_pong_seed0_v2_1m/scores.jsonl

--------------------[Agent Step 2_825_880]--------------------
Metrics filtered by: 'score|length|fps|ratio|train/loss/|train/acc/|train/inv/|train/rand/'
train/acc/inv 0.11 / train/inv/ce 2.11 / train/inv/objective 1.18 / train/inv/valid_frac 1 / train/inv/weight 0 / train/loss/con 0.02 / train/loss/dyn 1.08 / train/loss/image 0.05 / train/loss/inv 0 / train/loss/policy -4.2e-5 / train/loss/rep 1.08 / train/loss/repval 1.17 / train/loss/rew 8.4e-3 / train/loss/value 1.02 / train/rand/action 0.1 / replay/replay_ratio 264 / fps/policy 7.16 / fps/train 1832.02

Writing metrics: /data2/liguoqi/habmm/hab_z/btwm/runs/dreamerv3_atari_pong_seed0_v2_1m/metrics.jsonl
Writing metrics: /data2/liguoqi/habmm/hab_z/btwm/runs/dreamerv3_atari_pong_seed0_v2_1m/scores.jsonl

--------------------[Agent Step 2_829_400]--------------------
Metrics filtered by: 'score|length|fps|ratio|train/loss/|train/acc/|train/inv/|train/rand/'
episode/score 10 / episode/length 3296 / train/acc/inv 0.12 / train/inv/ce 2.11 / train/inv/objective 1.18 / train/inv/valid_frac 1 / train/inv/weight 0 / train/loss/con 0.02 / train/loss/dyn 1.08 / train/loss/image 0.05 / train/loss/inv 0 / train/loss/policy -7.2e-5 / train/loss/rep 1.08 / train/loss/repval 1.2 / train/loss/rew 8.1e-3 / train/loss/value 1.04 / train/rand/action 0.09 / replay/replay_ratio 264 / fps/policy 7.23 / fps/train 1851.52

Writing metrics: /data2/liguoqi/habmm/hab_z/btwm/runs/dreamerv3_atari_pong_seed0_v2_1m/metrics.jsonl
Writing metrics: /data2/liguoqi/habmm/hab_z/btwm/runs/dreamerv3_atari_pong_seed0_v2_1m/scores.jsonl

--------------------[Agent Step 2_832_880]--------------------
Metrics filtered by: 'score|length|fps|ratio|train/loss/|train/acc/|train/inv/|train/rand/'
train/acc/inv 0.12 / train/inv/ce 2.1 / train/inv/objective 1.17 / train/inv/valid_frac 1 / train/inv/weight 0 / train/loss/con 0.02 / train/loss/dyn 1.08 / train/loss/image 0.05 / train/loss/inv 0 / train/loss/policy 2.5e-5 / train/loss/rep 1.08 / train/loss/repval 1.19 / train/loss/rew 8.2e-3 / train/loss/value 1.04 / train/rand/action 0.09 / replay/replay_ratio 264 / fps/policy 7.23 / fps/train 1850.41

Writing metrics: /data2/liguoqi/habmm/hab_z/btwm/runs/dreamerv3_atari_pong_seed0_v2_1m/scores.jsonl
Writing metrics: /data2/liguoqi/habmm/hab_z/btwm/runs/dreamerv3_atari_pong_seed0_v2_1m/metrics.jsonl

--------------------[Agent Step 2_836_440]--------------------
Metrics filtered by: 'score|length|fps|ratio|train/loss/|train/acc/|train/inv/|train/rand/'
train/acc/inv 0.12 / train/inv/ce 2.1 / train/inv/objective 1.17 / train/inv/valid_frac 1 / train/inv/weight 0 / train/loss/con 0.02 / train/loss/dyn 1.07 / train/loss/image 0.05 / train/loss/inv 0 / train/loss/policy -4.1e-5 / train/loss/rep 1.07 / train/loss/repval 1.22 / train/loss/rew 7.9e-3 / train/loss/value 1.05 / train/rand/action 0.09 / replay/replay_ratio 264 / fps/policy 7.38 / fps/train 1889.08

Writing metrics: /data2/liguoqi/habmm/hab_z/btwm/runs/dreamerv3_atari_pong_seed0_v2_1m/metrics.jsonl
Writing metrics: /data2/liguoqi/habmm/hab_z/btwm/runs/dreamerv3_atari_pong_seed0_v2_1m/scores.jsonl

--------------------[Agent Step 2_839_920]--------------------
Metrics filtered by: 'score|length|fps|ratio|train/loss/|train/acc/|train/inv/|train/rand/'
episode/score 11 / episode/length 2427 / train/acc/inv 0.11 / train/inv/ce 2.11 / train/inv/objective 1.18 / train/inv/valid_frac 1 / train/inv/weight 0 / train/loss/con 0.02 / train/loss/dyn 1.09 / train/loss/image 0.05 / train/loss/inv 0 / train/loss/policy -2.1e-5 / train/loss/rep 1.09 / train/loss/repval 1.24 / train/loss/rew 8.2e-3 / train/loss/value 1.06 / train/rand/action 0.09 / replay/replay_ratio 264 / fps/policy 7.21 / fps/train 1845.27

Writing metrics: /data2/liguoqi/habmm/hab_z/btwm/runs/dreamerv3_atari_pong_seed0_v2_1m/scores.jsonl
Writing metrics: /data2/liguoqi/habmm/hab_z/btwm/runs/dreamerv3_atari_pong_seed0_v2_1m/metrics.jsonl

--------------------[Agent Step 2_843_440]--------------------
Metrics filtered by: 'score|length|fps|ratio|train/loss/|train/acc/|train/inv/|train/rand/'
train/acc/inv 0.11 / train/inv/ce 2.11 / train/inv/objective 1.18 / train/inv/valid_frac 1 / train/inv/weight 0 / train/loss/con 0.02 / train/loss/dyn 1.09 / train/loss/image 0.05 / train/loss/inv 0 / train/loss/policy 7.5e-5 / train/loss/rep 1.09 / train/loss/repval 1.18 / train/loss/rew 8.1e-3 / train/loss/value 1.04 / train/rand/action 0.09 / replay/replay_ratio 264 / fps/policy 7.27 / fps/train 1862.06

Writing metrics: /data2/liguoqi/habmm/hab_z/btwm/runs/dreamerv3_atari_pong_seed0_v2_1m/metrics.jsonl
Writing metrics: /data2/liguoqi/habmm/hab_z/btwm/runs/dreamerv3_atari_pong_seed0_v2_1m/scores.jsonl

--------------------[Agent Step 2_846_920]--------------------
Metrics filtered by: 'score|length|fps|ratio|train/loss/|train/acc/|train/inv/|train/rand/'
train/acc/inv 0.11 / train/inv/ce 2.12 / train/inv/objective 1.18 / train/inv/valid_frac 1 / train/inv/weight 0 / train/loss/con 0.02 / train/loss/dyn 1.08 / train/loss/image 0.05 / train/loss/inv 0 / train/loss/policy 1.3e-4 / train/loss/rep 1.08 / train/loss/repval 1.2 / train/loss/rew 8.2e-3 / train/loss/value 1.04 / train/rand/action 0.09 / replay/replay_ratio 264 / fps/policy 7.21 / fps/train 1844.72

Writing metrics: /data2/liguoqi/habmm/hab_z/btwm/runs/dreamerv3_atari_pong_seed0_v2_1m/metrics.jsonl
Writing metrics: /data2/liguoqi/habmm/hab_z/btwm/runs/dreamerv3_atari_pong_seed0_v2_1m/scores.jsonl

--------------------[Agent Step 2_850_400]--------------------
Metrics filtered by: 'score|length|fps|ratio|train/loss/|train/acc/|train/inv/|train/rand/'
episode/score 12 / episode/length 2858 / train/acc/inv 0.11 / train/inv/ce 2.11 / train/inv/objective 1.18 / train/inv/valid_frac 1 / train/inv/weight 0 / train/loss/con 0.02 / train/loss/dyn 1.08 / train/loss/image 0.04 / train/loss/inv 0 / train/loss/policy 1.5e-4 / train/loss/rep 1.08 / train/loss/repval 1.16 / train/loss/rew 8e-3 / train/loss/value 1.03 / train/rand/action 0.11 / replay/replay_ratio 264 / fps/policy 7.21 / fps/train 1846.42

Writing metrics: /data2/liguoqi/habmm/hab_z/btwm/runs/dreamerv3_atari_pong_seed0_v2_1m/metrics.jsonl
Writing metrics: /data2/liguoqi/habmm/hab_z/btwm/runs/dreamerv3_atari_pong_seed0_v2_1m/scores.jsonl

--------------------[Agent Step 2_853_840]--------------------
Metrics filtered by: 'score|length|fps|ratio|train/loss/|train/acc/|train/inv/|train/rand/'
train/acc/inv 0.12 / train/inv/ce 2.11 / train/inv/objective 1.18 / train/inv/valid_frac 1 / train/inv/weight 0 / train/loss/con 0.02 / train/loss/dyn 1.07 / train/loss/image 0.04 / train/loss/inv 0 / train/loss/policy 9.1e-5 / train/loss/rep 1.07 / train/loss/repval 1.15 / train/loss/rew 8.1e-3 / train/loss/value 1.02 / train/rand/action 0.11 / replay/replay_ratio 264 / fps/policy 7.16 / fps/train 1833.42

Writing metrics: /data2/liguoqi/habmm/hab_z/btwm/runs/dreamerv3_atari_pong_seed0_v2_1m/metrics.jsonl
Writing metrics: /data2/liguoqi/habmm/hab_z/btwm/runs/dreamerv3_atari_pong_seed0_v2_1m/scores.jsonl

--------------------[Agent Step 2_857_360]--------------------
Metrics filtered by: 'score|length|fps|ratio|train/loss/|train/acc/|train/inv/|train/rand/'
train/acc/inv 0.11 / train/inv/ce 2.11 / train/inv/objective 1.18 / train/inv/valid_frac 1 / train/inv/weight 0 / train/loss/con 0.02 / train/loss/dyn 1.08 / train/loss/image 0.05 / train/loss/inv 0 / train/loss/policy 2.9e-5 / train/loss/rep 1.08 / train/loss/repval 1.18 / train/loss/rew 8e-3 / train/loss/value 1.04 / train/rand/action 0.11 / replay/replay_ratio 264 / fps/policy 7.31 / fps/train 1871.21

Writing metrics: /data2/liguoqi/habmm/hab_z/btwm/runs/dreamerv3_atari_pong_seed0_v2_1m/metrics.jsonl
Writing metrics: /data2/liguoqi/habmm/hab_z/btwm/runs/dreamerv3_atari_pong_seed0_v2_1m/scores.jsonl

--------------------[Agent Step 2_860_880]--------------------
Metrics filtered by: 'score|length|fps|ratio|train/loss/|train/acc/|train/inv/|train/rand/'
train/acc/inv 0.12 / train/inv/ce 2.11 / train/inv/objective 1.18 / train/inv/valid_frac 1 / train/inv/weight 0 / train/loss/con 0.02 / train/loss/dyn 1.08 / train/loss/image 0.05 / train/loss/inv 0 / train/loss/policy 6.7e-6 / train/loss/rep 1.08 / train/loss/repval 1.18 / train/loss/rew 8.2e-3 / train/loss/value 1.04 / train/rand/action 0.1 / replay/replay_ratio 264 / fps/policy 7.27 / fps/train 1860.3

Writing metrics: /data2/liguoqi/habmm/hab_z/btwm/runs/dreamerv3_atari_pong_seed0_v2_1m/metrics.jsonl
Writing metrics: /data2/liguoqi/habmm/hab_z/btwm/runs/dreamerv3_atari_pong_seed0_v2_1m/scores.jsonl

--------------------[Agent Step 2_864_360]--------------------
Metrics filtered by: 'score|length|fps|ratio|train/loss/|train/acc/|train/inv/|train/rand/'
episode/score 11 / episode/length 3378 / train/acc/inv 0.11 / train/inv/ce 2.12 / train/inv/objective 1.18 / train/inv/valid_frac 1 / train/inv/weight 0 / train/loss/con 0.02 / train/loss/dyn 1.08 / train/loss/image 0.04 / train/loss/inv 0 / train/loss/policy 7.9e-5 / train/loss/rep 1.08 / train/loss/repval 1.16 / train/loss/rew 7.9e-3 / train/loss/value 1.03 / train/rand/action 0.1 / replay/replay_ratio 264 / fps/policy 7.1 / fps/train 1816.83

Writing metrics: /data2/liguoqi/habmm/hab_z/btwm/runs/dreamerv3_atari_pong_seed0_v2_1m/scores.jsonl
Writing metrics: /data2/liguoqi/habmm/hab_z/btwm/runs/dreamerv3_atari_pong_seed0_v2_1m/metrics.jsonl

--------------------[Agent Step 2_867_800]--------------------
Metrics filtered by: 'score|length|fps|ratio|train/loss/|train/acc/|train/inv/|train/rand/'
train/acc/inv 0.11 / train/inv/ce 2.11 / train/inv/objective 1.18 / train/inv/valid_frac 1 / train/inv/weight 0 / train/loss/con 0.02 / train/loss/dyn 1.08 / train/loss/image 0.04 / train/loss/inv 0 / train/loss/policy 1.2e-5 / train/loss/rep 1.08 / train/loss/repval 1.17 / train/loss/rew 7.9e-3 / train/loss/value 1.04 / train/rand/action 0.11 / replay/replay_ratio 264 / fps/policy 7.2 / fps/train 1843.95

Writing metrics: /data2/liguoqi/habmm/hab_z/btwm/runs/dreamerv3_atari_pong_seed0_v2_1m/metrics.jsonl
Writing metrics: /data2/liguoqi/habmm/hab_z/btwm/runs/dreamerv3_atari_pong_seed0_v2_1m/scores.jsonl

--------------------[Agent Step 2_871_320]--------------------
Metrics filtered by: 'score|length|fps|ratio|train/loss/|train/acc/|train/inv/|train/rand/'
train/acc/inv 0.12 / train/inv/ce 2.1 / train/inv/objective 1.17 / train/inv/valid_frac 1 / train/inv/weight 0 / train/loss/con 0.02 / train/loss/dyn 1.09 / train/loss/image 0.04 / train/loss/inv 0 / train/loss/policy -1e-4 / train/loss/rep 1.09 / train/loss/repval 1.2 / train/loss/rew 8e-3 / train/loss/value 1.04 / train/rand/action 0.11 / replay/replay_ratio 264 / fps/policy 7.26 / fps/train 1859.42

Writing metrics: /data2/liguoqi/habmm/hab_z/btwm/runs/dreamerv3_atari_pong_seed0_v2_1m/metrics.jsonl
Writing metrics: /data2/liguoqi/habmm/hab_z/btwm/runs/dreamerv3_atari_pong_seed0_v2_1m/scores.jsonl

--------------------[Agent Step 2_874_760]--------------------
Metrics filtered by: 'score|length|fps|ratio|train/loss/|train/acc/|train/inv/|train/rand/'
episode/score 14 / episode/length 2750 / train/acc/inv 0.12 / train/inv/ce 2.1 / train/inv/objective 1.17 / train/inv/valid_frac 1 / train/inv/weight 0 / train/loss/con 0.02 / train/loss/dyn 1.08 / train/loss/image 0.04 / train/loss/inv 0 / train/loss/policy 1.1e-4 / train/loss/rep 1.08 / train/loss/repval 1.19 / train/loss/rew 8.1e-3 / train/loss/value 1.04 / train/rand/action 0.11 / replay/replay_ratio 264 / fps/policy 7.08 / fps/train 1811.34

Writing metrics: /data2/liguoqi/habmm/hab_z/btwm/runs/dreamerv3_atari_pong_seed0_v2_1m/metrics.jsonl
Writing metrics: /data2/liguoqi/habmm/hab_z/btwm/runs/dreamerv3_atari_pong_seed0_v2_1m/scores.jsonl

--------------------[Agent Step 2_877_720]--------------------
Metrics filtered by: 'score|length|fps|ratio|train/loss/|train/acc/|train/inv/|train/rand/'
train/acc/inv 0.11 / train/inv/ce 2.12 / train/inv/objective 1.18 / train/inv/valid_frac 1 / train/inv/weight 0 / train/loss/con 0.02 / train/loss/dyn 1.09 / train/loss/image 0.04 / train/loss/inv 0 / train/loss/policy 7.6e-5 / train/loss/rep 1.09 / train/loss/repval 1.18 / train/loss/rew 7.9e-3 / train/loss/value 1.03 / train/rand/action 0.12 / replay/replay_ratio 264 / fps/policy 6.22 / fps/train 1592.21

Writing metrics: /data2/liguoqi/habmm/hab_z/btwm/runs/dreamerv3_atari_pong_seed0_v2_1m/metrics.jsonl
Writing metrics: /data2/liguoqi/habmm/hab_z/btwm/runs/dreamerv3_atari_pong_seed0_v2_1m/scores.jsonl

--------------------[Agent Step 2_880_640]--------------------
Metrics filtered by: 'score|length|fps|ratio|train/loss/|train/acc/|train/inv/|train/rand/'
train/acc/inv 0.12 / train/inv/ce 2.1 / train/inv/objective 1.17 / train/inv/valid_frac 1 / train/inv/weight 0 / train/loss/con 0.02 / train/loss/dyn 1.08 / train/loss/image 0.04 / train/loss/inv 0 / train/loss/policy -1.3e-5 / train/loss/rep 1.08 / train/loss/repval 1.19 / train/loss/rew 8.1e-3 / train/loss/value 1.04 / train/rand/action 0.12 / replay/replay_ratio 264 / fps/policy 6 / fps/train 1536.66

Writing metrics: /data2/liguoqi/habmm/hab_z/btwm/runs/dreamerv3_atari_pong_seed0_v2_1m/metrics.jsonl
Writing metrics: /data2/liguoqi/habmm/hab_z/btwm/runs/dreamerv3_atari_pong_seed0_v2_1m/scores.jsonl

--------------------[Agent Step 2_883_520]--------------------
Metrics filtered by: 'score|length|fps|ratio|train/loss/|train/acc/|train/inv/|train/rand/'
train/acc/inv 0.12 / train/inv/ce 2.11 / train/inv/objective 1.18 / train/inv/valid_frac 1 / train/inv/weight 0 / train/loss/con 0.02 / train/loss/dyn 1.07 / train/loss/image 0.04 / train/loss/inv 0 / train/loss/policy 3.1e-5 / train/loss/rep 1.07 / train/loss/repval 1.17 / train/loss/rew 8.1e-3 / train/loss/value 1.04 / train/rand/action 0.11 / replay/replay_ratio 264 / fps/policy 5.98 / fps/train 1531.9

Writing metrics: /data2/liguoqi/habmm/hab_z/btwm/runs/dreamerv3_atari_pong_seed0_v2_1m/metrics.jsonl
Writing metrics: /data2/liguoqi/habmm/hab_z/btwm/runs/dreamerv3_atari_pong_seed0_v2_1m/scores.jsonl

--------------------[Agent Step 2_886_440]--------------------
Metrics filtered by: 'score|length|fps|ratio|train/loss/|train/acc/|train/inv/|train/rand/'
train/acc/inv 0.11 / train/inv/ce 2.12 / train/inv/objective 1.18 / train/inv/valid_frac 1 / train/inv/weight 0 / train/loss/con 0.02 / train/loss/dyn 1.07 / train/loss/image 0.04 / train/loss/inv 0 / train/loss/policy -1.3e-4 / train/loss/rep 1.07 / train/loss/repval 1.19 / train/loss/rew 8.3e-3 / train/loss/value 1.04 / train/rand/action 0.11 / replay/replay_ratio 264 / fps/policy 6.07 / fps/train 1553.47

Writing metrics: /data2/liguoqi/habmm/hab_z/btwm/runs/dreamerv3_atari_pong_seed0_v2_1m/scores.jsonl
Writing metrics: /data2/liguoqi/habmm/hab_z/btwm/runs/dreamerv3_atari_pong_seed0_v2_1m/metrics.jsonl

--------------------[Agent Step 2_889_400]--------------------
Metrics filtered by: 'score|length|fps|ratio|train/loss/|train/acc/|train/inv/|train/rand/'
episode/score 8 / episode/length 3237 / train/acc/inv 0.11 / train/inv/ce 2.11 / train/inv/objective 1.18 / train/inv/valid_frac 1 / train/inv/weight 0 / train/loss/con 0.02 / train/loss/dyn 1.07 / train/loss/image 0.04 / train/loss/inv 0 / train/loss/policy -9.1e-5 / train/loss/rep 1.07 / train/loss/repval 1.21 / train/loss/rew 8.3e-3 / train/loss/value 1.06 / train/rand/action 0.1 / replay/replay_ratio 264 / fps/policy 6.12 / fps/train 1565.54

Writing metrics: /data2/liguoqi/habmm/hab_z/btwm/runs/dreamerv3_atari_pong_seed0_v2_1m/metrics.jsonl
Writing metrics: /data2/liguoqi/habmm/hab_z/btwm/runs/dreamerv3_atari_pong_seed0_v2_1m/scores.jsonl

--------------------[Agent Step 2_892_360]--------------------
Metrics filtered by: 'score|length|fps|ratio|train/loss/|train/acc/|train/inv/|train/rand/'
train/acc/inv 0.11 / train/inv/ce 2.11 / train/inv/objective 1.18 / train/inv/valid_frac 1 / train/inv/weight 0 / train/loss/con 0.02 / train/loss/dyn 1.08 / train/loss/image 0.04 / train/loss/inv 0 / train/loss/policy 1e-4 / train/loss/rep 1.08 / train/loss/repval 1.2 / train/loss/rew 7.9e-3 / train/loss/value 1.05 / train/rand/action 0.1 / replay/replay_ratio 264 / fps/policy 6.21 / fps/train 1589.2

Writing metrics: /data2/liguoqi/habmm/hab_z/btwm/runs/dreamerv3_atari_pong_seed0_v2_1m/scores.jsonl
Writing metrics: /data2/liguoqi/habmm/hab_z/btwm/runs/dreamerv3_atari_pong_seed0_v2_1m/metrics.jsonl

--------------------[Agent Step 2_895_320]--------------------
Metrics filtered by: 'score|length|fps|ratio|train/loss/|train/acc/|train/inv/|train/rand/'
train/acc/inv 0.12 / train/inv/ce 2.11 / train/inv/objective 1.18 / train/inv/valid_frac 1 / train/inv/weight 0 / train/loss/con 0.02 / train/loss/dyn 1.08 / train/loss/image 0.04 / train/loss/inv 0 / train/loss/policy 1.7e-4 / train/loss/rep 1.08 / train/loss/repval 1.17 / train/loss/rew 8.1e-3 / train/loss/value 1.04 / train/rand/action 0.1 / replay/replay_ratio 264 / fps/policy 6.09 / fps/train 1560.17

Writing metrics: /data2/liguoqi/habmm/hab_z/btwm/runs/dreamerv3_atari_pong_seed0_v2_1m/metrics.jsonl
Writing metrics: /data2/liguoqi/habmm/hab_z/btwm/runs/dreamerv3_atari_pong_seed0_v2_1m/scores.jsonl

--------------------[Agent Step 2_898_080]--------------------
Metrics filtered by: 'score|length|fps|ratio|train/loss/|train/acc/|train/inv/|train/rand/'
episode/score 16 / episode/length 2323 / train/acc/inv 0.12 / train/inv/ce 2.1 / train/inv/objective 1.17 / train/inv/valid_frac 1 / train/inv/weight 0 / train/loss/con 0.02 / train/loss/dyn 1.08 / train/loss/image 0.04 / train/loss/inv 0 / train/loss/policy 3.8e-6 / train/loss/rep 1.08 / train/loss/repval 1.18 / train/loss/rew 7.9e-3 / train/loss/value 1.05 / train/rand/action 0.1 / replay/replay_ratio 264 / fps/policy 5.68 / fps/train 1454.34

Writing metrics: /data2/liguoqi/habmm/hab_z/btwm/runs/dreamerv3_atari_pong_seed0_v2_1m/metrics.jsonl
Writing metrics: /data2/liguoqi/habmm/hab_z/btwm/runs/dreamerv3_atari_pong_seed0_v2_1m/scores.jsonl

--------------------[Agent Step 2_901_000]--------------------
Metrics filtered by: 'score|length|fps|ratio|train/loss/|train/acc/|train/inv/|train/rand/'
train/acc/inv 0.12 / train/inv/ce 2.1 / train/inv/objective 1.17 / train/inv/valid_frac 1 / train/inv/weight 0 / train/loss/con 0.02 / train/loss/dyn 1.07 / train/loss/image 0.04 / train/loss/inv 0 / train/loss/policy 6e-5 / train/loss/rep 1.07 / train/loss/repval 1.18 / train/loss/rew 8.1e-3 / train/loss/value 1.04 / train/rand/action 0.11 / replay/replay_ratio 264 / fps/policy 6.08 / fps/train 1557.12

Writing metrics: /data2/liguoqi/habmm/hab_z/btwm/runs/dreamerv3_atari_pong_seed0_v2_1m/metrics.jsonl
Writing metrics: /data2/liguoqi/habmm/hab_z/btwm/runs/dreamerv3_atari_pong_seed0_v2_1m/scores.jsonl

--------------------[Agent Step 2_903_920]--------------------
Metrics filtered by: 'score|length|fps|ratio|train/loss/|train/acc/|train/inv/|train/rand/'
train/acc/inv 0.12 / train/inv/ce 2.1 / train/inv/objective 1.17 / train/inv/valid_frac 1 / train/inv/weight 0 / train/loss/con 0.02 / train/loss/dyn 1.07 / train/loss/image 0.04 / train/loss/inv 0 / train/loss/policy 2.6e-5 / train/loss/rep 1.07 / train/loss/repval 1.16 / train/loss/rew 7.9e-3 / train/loss/value 1.02 / train/rand/action 0.11 / replay/replay_ratio 264 / fps/policy 6 / fps/train 1536.3

Writing metrics: /data2/liguoqi/habmm/hab_z/btwm/runs/dreamerv3_atari_pong_seed0_v2_1m/metrics.jsonl
Writing metrics: /data2/liguoqi/habmm/hab_z/btwm/runs/dreamerv3_atari_pong_seed0_v2_1m/scores.jsonl

--------------------[Agent Step 2_906_760]--------------------
Metrics filtered by: 'score|length|fps|ratio|train/loss/|train/acc/|train/inv/|train/rand/'
train/acc/inv 0.12 / train/inv/ce 2.1 / train/inv/objective 1.17 / train/inv/valid_frac 1 / train/inv/weight 0 / train/loss/con 0.02 / train/loss/dyn 1.07 / train/loss/image 0.04 / train/loss/inv 0 / train/loss/policy 7e-6 / train/loss/rep 1.07 / train/loss/repval 1.18 / train/loss/rew 8e-3 / train/loss/value 1.03 / train/rand/action 0.11 / replay/replay_ratio 264 / fps/policy 5.92 / fps/train 1516.66

Writing metrics: /data2/liguoqi/habmm/hab_z/btwm/runs/dreamerv3_atari_pong_seed0_v2_1m/metrics.jsonl
Writing metrics: /data2/liguoqi/habmm/hab_z/btwm/runs/dreamerv3_atari_pong_seed0_v2_1m/scores.jsonl

--------------------[Agent Step 2_909_560]--------------------
Metrics filtered by: 'score|length|fps|ratio|train/loss/|train/acc/|train/inv/|train/rand/'
episode/score 10 / episode/length 2737 / train/acc/inv 0.11 / train/inv/ce 2.1 / train/inv/objective 1.17 / train/inv/valid_frac 1 / train/inv/weight 0 / train/loss/con 0.02 / train/loss/dyn 1.08 / train/loss/image 0.04 / train/loss/inv 0 / train/loss/policy 9.4e-5 / train/loss/rep 1.08 / train/loss/repval 1.16 / train/loss/rew 8.2e-3 / train/loss/value 1.03 / train/rand/action 0.12 / replay/replay_ratio 264 / fps/policy 5.79 / fps/train 1482.24

Writing metrics: /data2/liguoqi/habmm/hab_z/btwm/runs/dreamerv3_atari_pong_seed0_v2_1m/metrics.jsonl
Writing metrics: /data2/liguoqi/habmm/hab_z/btwm/runs/dreamerv3_atari_pong_seed0_v2_1m/scores.jsonl
Saving checkpoint: /data2/liguoqi/habmm/hab_z/btwm/runs/dreamerv3_atari_pong_seed0_v2_1m/ckpt/20260614T214001F749558
Saved checkpoint.

--------------------[Agent Step 2_910_320]--------------------
Metrics filtered by: 'score|length|fps|ratio|train/loss/|train/acc/|train/inv/|train/rand/'
train/acc/inv 0.11 / train/inv/ce 2.1 / train/inv/objective 1.17 / train/inv/valid_frac 1 / train/inv/weight 0 / train/loss/con 0.02 / train/loss/dyn 1.08 / train/loss/image 0.04 / train/loss/inv 0 / train/loss/policy -1.1e-4 / train/loss/rep 1.08 / train/loss/repval 1.18 / train/loss/rew 7.8e-3 / train/loss/value 1.02 / train/rand/action 0.12 / replay/replay_ratio 264 / fps/policy 1.56 / fps/train 400.09

Writing metrics: /data2/liguoqi/habmm/hab_z/btwm/runs/dreamerv3_atari_pong_seed0_v2_1m/metrics.jsonl
Writing metrics: /data2/liguoqi/habmm/hab_z/btwm/runs/dreamerv3_atari_pong_seed0_v2_1m/scores.jsonl

--------------------[Agent Step 2_913_080]--------------------
Metrics filtered by: 'score|length|fps|ratio|train/loss/|train/acc/|train/inv/|train/rand/'
train/acc/inv 0.11 / train/inv/ce 2.1 / train/inv/objective 1.17 / train/inv/valid_frac 1 / train/inv/weight 0 / train/loss/con 0.02 / train/loss/dyn 1.07 / train/loss/image 0.04 / train/loss/inv 0 / train/loss/policy 2.1e-5 / train/loss/rep 1.07 / train/loss/repval 1.18 / train/loss/rew 8.1e-3 / train/loss/value 1.03 / train/rand/action 0.11 / replay/replay_ratio 264 / fps/policy 5.7 / fps/train 1460.32

Writing metrics: /data2/liguoqi/habmm/hab_z/btwm/runs/dreamerv3_atari_pong_seed0_v2_1m/metrics.jsonl
Writing metrics: /data2/liguoqi/habmm/hab_z/btwm/runs/dreamerv3_atari_pong_seed0_v2_1m/scores.jsonl

--------------------[Agent Step 2_915_920]--------------------
Metrics filtered by: 'score|length|fps|ratio|train/loss/|train/acc/|train/inv/|train/rand/'
train/acc/inv 0.11 / train/inv/ce 2.1 / train/inv/objective 1.17 / train/inv/valid_frac 1 / train/inv/weight 0 / train/loss/con 0.02 / train/loss/dyn 1.08 / train/loss/image 0.04 / train/loss/inv 0 / train/loss/policy -3.5e-5 / train/loss/rep 1.08 / train/loss/repval 1.19 / train/loss/rew 7.8e-3 / train/loss/value 1.04 / train/rand/action 0.11 / replay/replay_ratio 264 / fps/policy 5.9 / fps/train 1510.25

Writing metrics: /data2/liguoqi/habmm/hab_z/btwm/runs/dreamerv3_atari_pong_seed0_v2_1m/scores.jsonl
Writing metrics: /data2/liguoqi/habmm/hab_z/btwm/runs/dreamerv3_atari_pong_seed0_v2_1m/metrics.jsonl

--------------------[Agent Step 2_918_800]--------------------
Metrics filtered by: 'score|length|fps|ratio|train/loss/|train/acc/|train/inv/|train/rand/'
episode/score 18 / episode/length 2270 / train/acc/inv 0.11 / train/inv/ce 2.1 / train/inv/objective 1.17 / train/inv/valid_frac 1 / train/inv/weight 0 / train/loss/con 0.02 / train/loss/dyn 1.08 / train/loss/image 0.04 / train/loss/inv 0 / train/loss/policy 1.4e-5 / train/loss/rep 1.08 / train/loss/repval 1.19 / train/loss/rew 8e-3 / train/loss/value 1.04 / train/rand/action 0.11 / replay/replay_ratio 264 / fps/policy 5.96 / fps/train 1525.82

Writing metrics: /data2/liguoqi/habmm/hab_z/btwm/runs/dreamerv3_atari_pong_seed0_v2_1m/metrics.jsonl
Writing metrics: /data2/liguoqi/habmm/hab_z/btwm/runs/dreamerv3_atari_pong_seed0_v2_1m/scores.jsonl

--------------------[Agent Step 2_921_640]--------------------
Metrics filtered by: 'score|length|fps|ratio|train/loss/|train/acc/|train/inv/|train/rand/'
train/acc/inv 0.11 / train/inv/ce 2.11 / train/inv/objective 1.18 / train/inv/valid_frac 1 / train/inv/weight 0 / train/loss/con 0.02 / train/loss/dyn 1.08 / train/loss/image 0.04 / train/loss/inv 0 / train/loss/policy 5.7e-5 / train/loss/rep 1.08 / train/loss/repval 1.18 / train/loss/rew 7.9e-3 / train/loss/value 1.04 / train/rand/action 0.11 / replay/replay_ratio 264 / fps/policy 5.88 / fps/train 1504.87

Writing metrics: /data2/liguoqi/habmm/hab_z/btwm/runs/dreamerv3_atari_pong_seed0_v2_1m/metrics.jsonl
Writing metrics: /data2/liguoqi/habmm/hab_z/btwm/runs/dreamerv3_atari_pong_seed0_v2_1m/scores.jsonl

--------------------[Agent Step 2_924_480]--------------------
Metrics filtered by: 'score|length|fps|ratio|train/loss/|train/acc/|train/inv/|train/rand/'
train/acc/inv 0.11 / train/inv/ce 2.11 / train/inv/objective 1.18 / train/inv/valid_frac 1 / train/inv/weight 0 / train/loss/con 0.02 / train/loss/dyn 1.07 / train/loss/image 0.04 / train/loss/inv 0 / train/loss/policy 3.9e-5 / train/loss/rep 1.07 / train/loss/repval 1.16 / train/loss/rew 8e-3 / train/loss/value 1.03 / train/rand/action 0.12 / replay/replay_ratio 264 / fps/policy 5.88 / fps/train 1505.27

Writing metrics: /data2/liguoqi/habmm/hab_z/btwm/runs/dreamerv3_atari_pong_seed0_v2_1m/metrics.jsonl
Writing metrics: /data2/liguoqi/habmm/hab_z/btwm/runs/dreamerv3_atari_pong_seed0_v2_1m/scores.jsonl

--------------------[Agent Step 2_927_360]--------------------
Metrics filtered by: 'score|length|fps|ratio|train/loss/|train/acc/|train/inv/|train/rand/'
train/acc/inv 0.11 / train/inv/ce 2.11 / train/inv/objective 1.18 / train/inv/valid_frac 1 / train/inv/weight 0 / train/loss/con 0.02 / train/loss/dyn 1.08 / train/loss/image 0.04 / train/loss/inv 0 / train/loss/policy 4.5e-5 / train/loss/rep 1.08 / train/loss/repval 1.17 / train/loss/rew 8.3e-3 / train/loss/value 1.04 / train/rand/action 0.12 / replay/replay_ratio 264 / fps/policy 5.94 / fps/train 1521.17

Writing metrics: /data2/liguoqi/habmm/hab_z/btwm/runs/dreamerv3_atari_pong_seed0_v2_1m/metrics.jsonl
Writing metrics: /data2/liguoqi/habmm/hab_z/btwm/runs/dreamerv3_atari_pong_seed0_v2_1m/scores.jsonl

--------------------[Agent Step 2_930_200]--------------------
Metrics filtered by: 'score|length|fps|ratio|train/loss/|train/acc/|train/inv/|train/rand/'
episode/score 7 / episode/length 3075 / train/acc/inv 0.11 / train/inv/ce 2.11 / train/inv/objective 1.18 / train/inv/valid_frac 1 / train/inv/weight 0 / train/loss/con 0.02 / train/loss/dyn 1.07 / train/loss/image 0.04 / train/loss/inv 0 / train/loss/policy -1.4e-4 / train/loss/rep 1.07 / train/loss/repval 1.18 / train/loss/rew 8e-3 / train/loss/value 1.03 / train/rand/action 0.12 / replay/replay_ratio 264 / fps/policy 5.85 / fps/train 1497.69

Writing metrics: /data2/liguoqi/habmm/hab_z/btwm/runs/dreamerv3_atari_pong_seed0_v2_1m/metrics.jsonl
Writing metrics: /data2/liguoqi/habmm/hab_z/btwm/runs/dreamerv3_atari_pong_seed0_v2_1m/scores.jsonl

--------------------[Agent Step 2_932_960]--------------------
Metrics filtered by: 'score|length|fps|ratio|train/loss/|train/acc/|train/inv/|train/rand/'
train/acc/inv 0.11 / train/inv/ce 2.11 / train/inv/objective 1.18 / train/inv/valid_frac 1 / train/inv/weight 0 / train/loss/con 0.02 / train/loss/dyn 1.08 / train/loss/image 0.04 / train/loss/inv 0 / train/loss/policy 2.6e-5 / train/loss/rep 1.08 / train/loss/repval 1.18 / train/loss/rew 8e-3 / train/loss/value 1.04 / train/rand/action 0.11 / replay/replay_ratio 264 / fps/policy 5.72 / fps/train 1464.56

Writing metrics: /data2/liguoqi/habmm/hab_z/btwm/runs/dreamerv3_atari_pong_seed0_v2_1m/metrics.jsonl
Writing metrics: /data2/liguoqi/habmm/hab_z/btwm/runs/dreamerv3_atari_pong_seed0_v2_1m/scores.jsonl

--------------------[Agent Step 2_935_840]--------------------
Metrics filtered by: 'score|length|fps|ratio|train/loss/|train/acc/|train/inv/|train/rand/'
train/acc/inv 0.11 / train/inv/ce 2.11 / train/inv/objective 1.18 / train/inv/valid_frac 1 / train/inv/weight 0 / train/loss/con 0.02 / train/loss/dyn 1.07 / train/loss/image 0.04 / train/loss/inv 0 / train/loss/policy 6.7e-5 / train/loss/rep 1.07 / train/loss/repval 1.19 / train/loss/rew 7.8e-3 / train/loss/value 1.04 / train/rand/action 0.1 / replay/replay_ratio 264 / fps/policy 5.95 / fps/train 1522.44

Writing metrics: /data2/liguoqi/habmm/hab_z/btwm/runs/dreamerv3_atari_pong_seed0_v2_1m/scores.jsonl
Writing metrics: /data2/liguoqi/habmm/hab_z/btwm/runs/dreamerv3_atari_pong_seed0_v2_1m/metrics.jsonl

--------------------[Agent Step 2_938_800]--------------------
Metrics filtered by: 'score|length|fps|ratio|train/loss/|train/acc/|train/inv/|train/rand/'
episode/score 14 / episode/length 2291 / train/acc/inv 0.11 / train/inv/ce 2.11 / train/inv/objective 1.18 / train/inv/valid_frac 1 / train/inv/weight 0 / train/loss/con 0.02 / train/loss/dyn 1.08 / train/loss/image 0.04 / train/loss/inv 0 / train/loss/policy 3.2e-5 / train/loss/rep 1.08 / train/loss/repval 1.17 / train/loss/rew 7.8e-3 / train/loss/value 1.03 / train/rand/action 0.11 / replay/replay_ratio 264 / fps/policy 6.1 / fps/train 1561.57

Writing metrics: /data2/liguoqi/habmm/hab_z/btwm/runs/dreamerv3_atari_pong_seed0_v2_1m/scores.jsonl
Writing metrics: /data2/liguoqi/habmm/hab_z/btwm/runs/dreamerv3_atari_pong_seed0_v2_1m/metrics.jsonl

--------------------[Agent Step 2_941_400]--------------------
Metrics filtered by: 'score|length|fps|ratio|train/loss/|train/acc/|train/inv/|train/rand/'
train/acc/inv 0.11 / train/inv/ce 2.11 / train/inv/objective 1.18 / train/inv/valid_frac 1 / train/inv/weight 0 / train/loss/con 0.02 / train/loss/dyn 1.09 / train/loss/image 0.04 / train/loss/inv 0 / train/loss/policy -1.1e-5 / train/loss/rep 1.09 / train/loss/repval 1.17 / train/loss/rew 7.7e-3 / train/loss/value 1.03 / train/rand/action 0.11 / replay/replay_ratio 264 / fps/policy 5.37 / fps/train 1374.54

Writing metrics: /data2/liguoqi/habmm/hab_z/btwm/runs/dreamerv3_atari_pong_seed0_v2_1m/metrics.jsonl
Writing metrics: /data2/liguoqi/habmm/hab_z/btwm/runs/dreamerv3_atari_pong_seed0_v2_1m/scores.jsonl

--------------------[Agent Step 2_944_320]--------------------
Metrics filtered by: 'score|length|fps|ratio|train/loss/|train/acc/|train/inv/|train/rand/'
train/acc/inv 0.12 / train/inv/ce 2.1 / train/inv/objective 1.17 / train/inv/valid_frac 1 / train/inv/weight 0 / train/loss/con 0.02 / train/loss/dyn 1.07 / train/loss/image 0.04 / train/loss/inv 0 / train/loss/policy 7.4e-5 / train/loss/rep 1.07 / train/loss/repval 1.15 / train/loss/rew 8.3e-3 / train/loss/value 1.03 / train/rand/action 0.11 / replay/replay_ratio 264 / fps/policy 5.99 / fps/train 1533.39

Writing metrics: /data2/liguoqi/habmm/hab_z/btwm/runs/dreamerv3_atari_pong_seed0_v2_1m/metrics.jsonl
Writing metrics: /data2/liguoqi/habmm/hab_z/btwm/runs/dreamerv3_atari_pong_seed0_v2_1m/scores.jsonl

--------------------[Agent Step 2_947_160]--------------------
Metrics filtered by: 'score|length|fps|ratio|train/loss/|train/acc/|train/inv/|train/rand/'
train/acc/inv 0.12 / train/inv/ce 2.1 / train/inv/objective 1.17 / train/inv/valid_frac 1 / train/inv/weight 0 / train/loss/con 0.02 / train/loss/dyn 1.07 / train/loss/image 0.04 / train/loss/inv 0 / train/loss/policy 5.9e-5 / train/loss/rep 1.07 / train/loss/repval 1.16 / train/loss/rew 8.2e-3 / train/loss/value 1.03 / train/rand/action 0.11 / replay/replay_ratio 264 / fps/policy 5.9 / fps/train 1509.58

Writing metrics: /data2/liguoqi/habmm/hab_z/btwm/runs/dreamerv3_atari_pong_seed0_v2_1m/metrics.jsonl
Writing metrics: /data2/liguoqi/habmm/hab_z/btwm/runs/dreamerv3_atari_pong_seed0_v2_1m/scores.jsonl

--------------------[Agent Step 2_950_000]--------------------
Metrics filtered by: 'score|length|fps|ratio|train/loss/|train/acc/|train/inv/|train/rand/'
episode/score 9 / episode/length 2567 / train/acc/inv 0.12 / train/inv/ce 2.11 / train/inv/objective 1.18 / train/inv/valid_frac 1 / train/inv/weight 0 / train/loss/con 0.02 / train/loss/dyn 1.08 / train/loss/image 0.04 / train/loss/inv 0 / train/loss/policy -1.2e-4 / train/loss/rep 1.08 / train/loss/repval 1.18 / train/loss/rew 8e-3 / train/loss/value 1.03 / train/rand/action 0.11 / replay/replay_ratio 264 / fps/policy 5.85 / fps/train 1497.42

Writing metrics: /data2/liguoqi/habmm/hab_z/btwm/runs/dreamerv3_atari_pong_seed0_v2_1m/scores.jsonl
Writing metrics: /data2/liguoqi/habmm/hab_z/btwm/runs/dreamerv3_atari_pong_seed0_v2_1m/metrics.jsonl

--------------------[Agent Step 2_952_880]--------------------
Metrics filtered by: 'score|length|fps|ratio|train/loss/|train/acc/|train/inv/|train/rand/'
train/acc/inv 0.11 / train/inv/ce 2.11 / train/inv/objective 1.18 / train/inv/valid_frac 1 / train/inv/weight 0 / train/loss/con 0.02 / train/loss/dyn 1.07 / train/loss/image 0.04 / train/loss/inv 0 / train/loss/policy 1.2e-4 / train/loss/rep 1.07 / train/loss/repval 1.17 / train/loss/rew 8e-3 / train/loss/value 1.03 / train/rand/action 0.11 / replay/replay_ratio 264 / fps/policy 6.03 / fps/train 1542.73

Writing metrics: /data2/liguoqi/habmm/hab_z/btwm/runs/dreamerv3_atari_pong_seed0_v2_1m/metrics.jsonl
Writing metrics: /data2/liguoqi/habmm/hab_z/btwm/runs/dreamerv3_atari_pong_seed0_v2_1m/scores.jsonl

--------------------[Agent Step 2_955_760]--------------------
Metrics filtered by: 'score|length|fps|ratio|train/loss/|train/acc/|train/inv/|train/rand/'
train/acc/inv 0.11 / train/inv/ce 2.12 / train/inv/objective 1.18 / train/inv/valid_frac 1 / train/inv/weight 0 / train/loss/con 0.02 / train/loss/dyn 1.08 / train/loss/image 0.04 / train/loss/inv 0 / train/loss/policy -5.5e-5 / train/loss/rep 1.08 / train/loss/repval 1.2 / train/loss/rew 8e-3 / train/loss/value 1.04 / train/rand/action 0.11 / replay/replay_ratio 264 / fps/policy 5.95 / fps/train 1521.98

Writing metrics: /data2/liguoqi/habmm/hab_z/btwm/runs/dreamerv3_atari_pong_seed0_v2_1m/scores.jsonl
Writing metrics: /data2/liguoqi/habmm/hab_z/btwm/runs/dreamerv3_atari_pong_seed0_v2_1m/metrics.jsonl

--------------------[Agent Step 2_958_680]--------------------
Metrics filtered by: 'score|length|fps|ratio|train/loss/|train/acc/|train/inv/|train/rand/'
train/acc/inv 0.11 / train/inv/ce 2.11 / train/inv/objective 1.18 / train/inv/valid_frac 1 / train/inv/weight 0 / train/loss/con 0.02 / train/loss/dyn 1.07 / train/loss/image 0.04 / train/loss/inv 0 / train/loss/policy 3.5e-5 / train/loss/rep 1.07 / train/loss/repval 1.18 / train/loss/rew 7.9e-3 / train/loss/value 1.03 / train/rand/action 0.11 / replay/replay_ratio 264 / fps/policy 6.02 / fps/train 1540.58

Writing metrics: /data2/liguoqi/habmm/hab_z/btwm/runs/dreamerv3_atari_pong_seed0_v2_1m/metrics.jsonl
Writing metrics: /data2/liguoqi/habmm/hab_z/btwm/runs/dreamerv3_atari_pong_seed0_v2_1m/scores.jsonl

--------------------[Agent Step 2_961_640]--------------------
Metrics filtered by: 'score|length|fps|ratio|train/loss/|train/acc/|train/inv/|train/rand/'
episode/score 11 / episode/length 2772 / train/acc/inv 0.12 / train/inv/ce 2.11 / train/inv/objective 1.18 / train/inv/valid_frac 1 / train/inv/weight 0 / train/loss/con 0.02 / train/loss/dyn 1.08 / train/loss/image 0.04 / train/loss/inv 0 / train/loss/policy 4.7e-5 / train/loss/rep 1.08 / train/loss/repval 1.19 / train/loss/rew 8.1e-3 / train/loss/value 1.04 / train/rand/action 0.11 / replay/replay_ratio 264 / fps/policy 6.13 / fps/train 1569.26

Writing metrics: /data2/liguoqi/habmm/hab_z/btwm/runs/dreamerv3_atari_pong_seed0_v2_1m/scores.jsonl
Writing metrics: /data2/liguoqi/habmm/hab_z/btwm/runs/dreamerv3_atari_pong_seed0_v2_1m/metrics.jsonl

--------------------[Agent Step 2_964_560]--------------------
Metrics filtered by: 'score|length|fps|ratio|train/loss/|train/acc/|train/inv/|train/rand/'
train/acc/inv 0.11 / train/inv/ce 2.1 / train/inv/objective 1.17 / train/inv/valid_frac 1 / train/inv/weight 0 / train/loss/con 0.02 / train/loss/dyn 1.07 / train/loss/image 0.04 / train/loss/inv 0 / train/loss/policy -1.4e-6 / train/loss/rep 1.07 / train/loss/repval 1.17 / train/loss/rew 7.9e-3 / train/loss/value 1.03 / train/rand/action 0.11 / replay/replay_ratio 264 / fps/policy 6.07 / fps/train 1553.68

Writing metrics: /data2/liguoqi/habmm/hab_z/btwm/runs/dreamerv3_atari_pong_seed0_v2_1m/scores.jsonl
Writing metrics: /data2/liguoqi/habmm/hab_z/btwm/runs/dreamerv3_atari_pong_seed0_v2_1m/metrics.jsonl

--------------------[Agent Step 2_967_560]--------------------
Metrics filtered by: 'score|length|fps|ratio|train/loss/|train/acc/|train/inv/|train/rand/'
train/acc/inv 0.11 / train/inv/ce 2.11 / train/inv/objective 1.18 / train/inv/valid_frac 1 / train/inv/weight 0 / train/loss/con 0.02 / train/loss/dyn 1.07 / train/loss/image 0.04 / train/loss/inv 0 / train/loss/policy -4.5e-5 / train/loss/rep 1.07 / train/loss/repval 1.18 / train/loss/rew 8e-3 / train/loss/value 1.03 / train/rand/action 0.11 / replay/replay_ratio 264 / fps/policy 6.22 / fps/train 1591.16

Writing metrics: /data2/liguoqi/habmm/hab_z/btwm/runs/dreamerv3_atari_pong_seed0_v2_1m/metrics.jsonl
Writing metrics: /data2/liguoqi/habmm/hab_z/btwm/runs/dreamerv3_atari_pong_seed0_v2_1m/scores.jsonl

--------------------[Agent Step 2_970_520]--------------------
Metrics filtered by: 'score|length|fps|ratio|train/loss/|train/acc/|train/inv/|train/rand/'
train/acc/inv 0.11 / train/inv/ce 2.1 / train/inv/objective 1.17 / train/inv/valid_frac 1 / train/inv/weight 0 / train/loss/con 0.02 / train/loss/dyn 1.08 / train/loss/image 0.04 / train/loss/inv 0 / train/loss/policy 5.1e-5 / train/loss/rep 1.08 / train/loss/repval 1.2 / train/loss/rew 8e-3 / train/loss/value 1.05 / train/rand/action 0.11 / replay/replay_ratio 264 / fps/policy 6.11 / fps/train 1563.93

Writing metrics: /data2/liguoqi/habmm/hab_z/btwm/runs/dreamerv3_atari_pong_seed0_v2_1m/scores.jsonl
Writing metrics: /data2/liguoqi/habmm/hab_z/btwm/runs/dreamerv3_atari_pong_seed0_v2_1m/metrics.jsonl

--------------------[Agent Step 2_973_160]--------------------
Metrics filtered by: 'score|length|fps|ratio|train/loss/|train/acc/|train/inv/|train/rand/'
episode/score 8 / episode/length 3243 / train/acc/inv 0.12 / train/inv/ce 2.1 / train/inv/objective 1.17 / train/inv/valid_frac 1 / train/inv/weight 0 / train/loss/con 0.02 / train/loss/dyn 1.07 / train/loss/image 0.04 / train/loss/inv 0 / train/loss/policy -1.2e-5 / train/loss/rep 1.07 / train/loss/repval 1.19 / train/loss/rew 8.4e-3 / train/loss/value 1.04 / train/rand/action 0.1 / replay/replay_ratio 264 / fps/policy 5.43 / fps/train 1389.12

Writing metrics: /data2/liguoqi/habmm/hab_z/btwm/runs/dreamerv3_atari_pong_seed0_v2_1m/scores.jsonl
Writing metrics: /data2/liguoqi/habmm/hab_z/btwm/runs/dreamerv3_atari_pong_seed0_v2_1m/metrics.jsonl

--------------------[Agent Step 2_976_120]--------------------
Metrics filtered by: 'score|length|fps|ratio|train/loss/|train/acc/|train/inv/|train/rand/'
train/acc/inv 0.12 / train/inv/ce 2.11 / train/inv/objective 1.18 / train/inv/valid_frac 1 / train/inv/weight 0 / train/loss/con 0.02 / train/loss/dyn 1.07 / train/loss/image 0.04 / train/loss/inv 0 / train/loss/policy -1.7e-5 / train/loss/rep 1.07 / train/loss/repval 1.23 / train/loss/rew 7.9e-3 / train/loss/value 1.06 / train/rand/action 0.11 / replay/replay_ratio 264 / fps/policy 6.1 / fps/train 1562.54

Writing metrics: /data2/liguoqi/habmm/hab_z/btwm/runs/dreamerv3_atari_pong_seed0_v2_1m/metrics.jsonl
Writing metrics: /data2/liguoqi/habmm/hab_z/btwm/runs/dreamerv3_atari_pong_seed0_v2_1m/scores.jsonl

--------------------[Agent Step 2_978_960]--------------------
Metrics filtered by: 'score|length|fps|ratio|train/loss/|train/acc/|train/inv/|train/rand/'
train/acc/inv 0.12 / train/inv/ce 2.11 / train/inv/objective 1.18 / train/inv/valid_frac 1 / train/inv/weight 0 / train/loss/con 0.02 / train/loss/dyn 1.08 / train/loss/image 0.04 / train/loss/inv 0 / train/loss/policy 9.4e-5 / train/loss/rep 1.08 / train/loss/repval 1.17 / train/loss/rew 8.3e-3 / train/loss/value 1.04 / train/rand/action 0.12 / replay/replay_ratio 264 / fps/policy 5.92 / fps/train 1514.29

Writing metrics: /data2/liguoqi/habmm/hab_z/btwm/runs/dreamerv3_atari_pong_seed0_v2_1m/metrics.jsonl
Writing metrics: /data2/liguoqi/habmm/hab_z/btwm/runs/dreamerv3_atari_pong_seed0_v2_1m/scores.jsonl

--------------------[Agent Step 2_981_960]--------------------
Metrics filtered by: 'score|length|fps|ratio|train/loss/|train/acc/|train/inv/|train/rand/'
train/acc/inv 0.12 / train/inv/ce 2.1 / train/inv/objective 1.17 / train/inv/valid_frac 1 / train/inv/weight 0 / train/loss/con 0.02 / train/loss/dyn 1.07 / train/loss/image 0.04 / train/loss/inv 0 / train/loss/policy -8.4e-5 / train/loss/rep 1.07 / train/loss/repval 1.23 / train/loss/rew 8.3e-3 / train/loss/value 1.07 / train/rand/action 0.13 / replay/replay_ratio 264 / fps/policy 6.21 / fps/train 1590.32

Writing metrics: /data2/liguoqi/habmm/hab_z/btwm/runs/dreamerv3_atari_pong_seed0_v2_1m/scores.jsonl
Writing metrics: /data2/liguoqi/habmm/hab_z/btwm/runs/dreamerv3_atari_pong_seed0_v2_1m/metrics.jsonl

--------------------[Agent Step 2_984_920]--------------------
Metrics filtered by: 'score|length|fps|ratio|train/loss/|train/acc/|train/inv/|train/rand/'
episode/score 12 / episode/length 3049 / train/acc/inv 0.12 / train/inv/ce 2.11 / train/inv/objective 1.17 / train/inv/valid_frac 1 / train/inv/weight 0 / train/loss/con 0.02 / train/loss/dyn 1.07 / train/loss/image 0.04 / train/loss/inv 0 / train/loss/policy -6.1e-5 / train/loss/rep 1.07 / train/loss/repval 1.3 / train/loss/rew 7.8e-3 / train/loss/value 1.1 / train/rand/action 0.11 / replay/replay_ratio 264 / fps/policy 6.04 / fps/train 1547.42

Writing metrics: /data2/liguoqi/habmm/hab_z/btwm/runs/dreamerv3_atari_pong_seed0_v2_1m/metrics.jsonl
Writing metrics: /data2/liguoqi/habmm/hab_z/btwm/runs/dreamerv3_atari_pong_seed0_v2_1m/scores.jsonl

--------------------[Agent Step 2_987_960]--------------------
Metrics filtered by: 'score|length|fps|ratio|train/loss/|train/acc/|train/inv/|train/rand/'
train/acc/inv 0.12 / train/inv/ce 2.1 / train/inv/objective 1.17 / train/inv/valid_frac 1 / train/inv/weight 0 / train/loss/con 0.02 / train/loss/dyn 1.08 / train/loss/image 0.04 / train/loss/inv 0 / train/loss/policy 1.9e-4 / train/loss/rep 1.08 / train/loss/repval 1.2 / train/loss/rew 8e-3 / train/loss/value 1.05 / train/rand/action 0.11 / replay/replay_ratio 264 / fps/policy 6.35 / fps/train 1626.83

Writing metrics: /data2/liguoqi/habmm/hab_z/btwm/runs/dreamerv3_atari_pong_seed0_v2_1m/metrics.jsonl
Writing metrics: /data2/liguoqi/habmm/hab_z/btwm/runs/dreamerv3_atari_pong_seed0_v2_1m/scores.jsonl

--------------------[Agent Step 2_990_920]--------------------
Metrics filtered by: 'score|length|fps|ratio|train/loss/|train/acc/|train/inv/|train/rand/'
train/acc/inv 0.12 / train/inv/ce 2.1 / train/inv/objective 1.17 / train/inv/valid_frac 1 / train/inv/weight 0 / train/loss/con 0.02 / train/loss/dyn 1.07 / train/loss/image 0.04 / train/loss/inv 0 / train/loss/policy 1.2e-4 / train/loss/rep 1.07 / train/loss/repval 1.19 / train/loss/rew 8.1e-3 / train/loss/value 1.04 / train/rand/action 0.11 / replay/replay_ratio 264 / fps/policy 6.12 / fps/train 1565.88

Writing metrics: /data2/liguoqi/habmm/hab_z/btwm/runs/dreamerv3_atari_pong_seed0_v2_1m/metrics.jsonl
Writing metrics: /data2/liguoqi/habmm/hab_z/btwm/runs/dreamerv3_atari_pong_seed0_v2_1m/scores.jsonl
Saving checkpoint: /data2/liguoqi/habmm/hab_z/btwm/runs/dreamerv3_atari_pong_seed0_v2_1m/ckpt/20260614T224003F455000
Saved checkpoint.

--------------------[Agent Step 2_993_760]--------------------
Metrics filtered by: 'score|length|fps|ratio|train/loss/|train/acc/|train/inv/|train/rand/'
episode/score 15 / episode/length 1921 / train/acc/inv 0.11 / train/inv/ce 2.11 / train/inv/objective 1.18 / train/inv/valid_frac 1 / train/inv/weight 0 / train/loss/con 0.02 / train/loss/dyn 1.08 / train/loss/image 0.04 / train/loss/inv 0 / train/loss/policy 7.8e-5 / train/loss/rep 1.08 / train/loss/repval 1.18 / train/loss/rew 7.8e-3 / train/loss/value 1.04 / train/rand/action 0.11 / replay/replay_ratio 264 / fps/policy 4.02 / fps/train 1028.05

Writing metrics: /data2/liguoqi/habmm/hab_z/btwm/runs/dreamerv3_atari_pong_seed0_v2_1m/metrics.jsonl
Writing metrics: /data2/liguoqi/habmm/hab_z/btwm/runs/dreamerv3_atari_pong_seed0_v2_1m/scores.jsonl

--------------------[Agent Step 2_996_560]--------------------
Metrics filtered by: 'score|length|fps|ratio|train/loss/|train/acc/|train/inv/|train/rand/'
train/acc/inv 0.11 / train/inv/ce 2.1 / train/inv/objective 1.17 / train/inv/valid_frac 1 / train/inv/weight 0 / train/loss/con 0.02 / train/loss/dyn 1.09 / train/loss/image 0.04 / train/loss/inv 0 / train/loss/policy 5.2e-6 / train/loss/rep 1.09 / train/loss/repval 1.16 / train/loss/rew 7.9e-3 / train/loss/value 1.02 / train/rand/action 0.1 / replay/replay_ratio 264 / fps/policy 5.83 / fps/train 1493.46

Writing metrics: /data2/liguoqi/habmm/hab_z/btwm/runs/dreamerv3_atari_pong_seed0_v2_1m/metrics.jsonl
Writing metrics: /data2/liguoqi/habmm/hab_z/btwm/runs/dreamerv3_atari_pong_seed0_v2_1m/scores.jsonl

--------------------[Agent Step 2_999_480]--------------------
Metrics filtered by: 'score|length|fps|ratio|train/loss/|train/acc/|train/inv/|train/rand/'
train/acc/inv 0.11 / train/inv/ce 2.11 / train/inv/objective 1.18 / train/inv/valid_frac 1 / train/inv/weight 0 / train/loss/con 0.02 / train/loss/dyn 1.08 / train/loss/image 0.04 / train/loss/inv 0 / train/loss/policy 4.9e-7 / train/loss/rep 1.08 / train/loss/repval 1.17 / train/loss/rew 8.3e-3 / train/loss/value 1.03 / train/rand/action 0.09 / replay/replay_ratio 264 / fps/policy 6.02 / fps/train 1541.17

Writing metrics: /data2/liguoqi/habmm/hab_z/btwm/runs/dreamerv3_atari_pong_seed0_v2_1m/scores.jsonl
Writing metrics: /data2/liguoqi/habmm/hab_z/btwm/runs/dreamerv3_atari_pong_seed0_v2_1m/metrics.jsonl

--------------------[Agent Step 3_002_480]--------------------
Metrics filtered by: 'score|length|fps|ratio|train/loss/|train/acc/|train/inv/|train/rand/'
episode/score 13 / episode/length 1974 / train/acc/inv 0.11 / train/inv/ce 2.11 / train/inv/objective 1.18 / train/inv/valid_frac 1 / train/inv/weight 0 / train/loss/con 0.02 / train/loss/dyn 1.07 / train/loss/image 0.04 / train/loss/inv 0 / train/loss/policy 3.9e-5 / train/loss/rep 1.07 / train/loss/repval 1.18 / train/loss/rew 7.9e-3 / train/loss/value 1.03 / train/rand/action 0.1 / replay/replay_ratio 264 / fps/policy 6.17 / fps/train 1578.92

Writing metrics: /data2/liguoqi/habmm/hab_z/btwm/runs/dreamerv3_atari_pong_seed0_v2_1m/metrics.jsonl
Writing metrics: /data2/liguoqi/habmm/hab_z/btwm/runs/dreamerv3_atari_pong_seed0_v2_1m/scores.jsonl

--------------------[Agent Step 3_005_400]--------------------
Metrics filtered by: 'score|length|fps|ratio|train/loss/|train/acc/|train/inv/|train/rand/'
train/acc/inv 0.12 / train/inv/ce 2.11 / train/inv/objective 1.18 / train/inv/valid_frac 1 / train/inv/weight 0 / train/loss/con 0.02 / train/loss/dyn 1.07 / train/loss/image 0.04 / train/loss/inv 0 / train/loss/policy 8.5e-5 / train/loss/rep 1.07 / train/loss/repval 1.17 / train/loss/rew 8.2e-3 / train/loss/value 1.04 / train/rand/action 0.12 / replay/replay_ratio 264 / fps/policy 6.08 / fps/train 1557.17

Writing metrics: /data2/liguoqi/habmm/hab_z/btwm/runs/dreamerv3_atari_pong_seed0_v2_1m/scores.jsonl
Writing metrics: /data2/liguoqi/habmm/hab_z/btwm/runs/dreamerv3_atari_pong_seed0_v2_1m/metrics.jsonl

--------------------[Agent Step 3_008_280]--------------------
Metrics filtered by: 'score|length|fps|ratio|train/loss/|train/acc/|train/inv/|train/rand/'
episode/score 17 / episode/length 1734 / train/acc/inv 0.12 / train/inv/ce 2.11 / train/inv/objective 1.18 / train/inv/valid_frac 1 / train/inv/weight 0 / train/loss/con 0.02 / train/loss/dyn 1.07 / train/loss/image 0.04 / train/loss/inv 0 / train/loss/policy 5e-5 / train/loss/rep 1.07 / train/loss/repval 1.17 / train/loss/rew 8e-3 / train/loss/value 1.04 / train/rand/action 0.12 / replay/replay_ratio 264 / fps/policy 6 / fps/train 1536.54

Writing metrics: /data2/liguoqi/habmm/hab_z/btwm/runs/dreamerv3_atari_pong_seed0_v2_1m/metrics.jsonl
Writing metrics: /data2/liguoqi/habmm/hab_z/btwm/runs/dreamerv3_atari_pong_seed0_v2_1m/scores.jsonl

--------------------[Agent Step 3_011_280]--------------------
Metrics filtered by: 'score|length|fps|ratio|train/loss/|train/acc/|train/inv/|train/rand/'
train/acc/inv 0.11 / train/inv/ce 2.11 / train/inv/objective 1.18 / train/inv/valid_frac 1 / train/inv/weight 0 / train/loss/con 0.02 / train/loss/dyn 1.08 / train/loss/image 0.04 / train/loss/inv 0 / train/loss/policy -1.8e-4 / train/loss/rep 1.08 / train/loss/repval 1.2 / train/loss/rew 8.2e-3 / train/loss/value 1.05 / train/rand/action 0.12 / replay/replay_ratio 264 / fps/policy 6.16 / fps/train 1575.77

Writing metrics: /data2/liguoqi/habmm/hab_z/btwm/runs/dreamerv3_atari_pong_seed0_v2_1m/scores.jsonl
Writing metrics: /data2/liguoqi/habmm/hab_z/btwm/runs/dreamerv3_atari_pong_seed0_v2_1m/metrics.jsonl

--------------------[Agent Step 3_014_200]--------------------
Metrics filtered by: 'score|length|fps|ratio|train/loss/|train/acc/|train/inv/|train/rand/'
train/acc/inv 0.11 / train/inv/ce 2.11 / train/inv/objective 1.18 / train/inv/valid_frac 1 / train/inv/weight 0 / train/loss/con 0.02 / train/loss/dyn 1.08 / train/loss/image 0.04 / train/loss/inv 0 / train/loss/policy 1.1e-4 / train/loss/rep 1.08 / train/loss/repval 1.21 / train/loss/rew 7.8e-3 / train/loss/value 1.06 / train/rand/action 0.11 / replay/replay_ratio 264 / fps/policy 6.06 / fps/train 1551.1

Writing metrics: /data2/liguoqi/habmm/hab_z/btwm/runs/dreamerv3_atari_pong_seed0_v2_1m/metrics.jsonl
Writing metrics: /data2/liguoqi/habmm/hab_z/btwm/runs/dreamerv3_atari_pong_seed0_v2_1m/scores.jsonl

--------------------[Agent Step 3_017_120]--------------------
Metrics filtered by: 'score|length|fps|ratio|train/loss/|train/acc/|train/inv/|train/rand/'
train/acc/inv 0.11 / train/inv/ce 2.13 / train/inv/objective 1.19 / train/inv/valid_frac 1 / train/inv/weight 0 / train/loss/con 0.02 / train/loss/dyn 1.08 / train/loss/image 0.04 / train/loss/inv 0 / train/loss/policy 2.6e-5 / train/loss/rep 1.08 / train/loss/repval 1.19 / train/loss/rew 8.1e-3 / train/loss/value 1.04 / train/rand/action 0.12 / replay/replay_ratio 264 / fps/policy 6.02 / fps/train 1540.05

Writing metrics: /data2/liguoqi/habmm/hab_z/btwm/runs/dreamerv3_atari_pong_seed0_v2_1m/metrics.jsonl
Writing metrics: /data2/liguoqi/habmm/hab_z/btwm/runs/dreamerv3_atari_pong_seed0_v2_1m/scores.jsonl

--------------------[Agent Step 3_020_080]--------------------
Metrics filtered by: 'score|length|fps|ratio|train/loss/|train/acc/|train/inv/|train/rand/'
episode/score 11 / episode/length 3290 / train/acc/inv 0.11 / train/inv/ce 2.12 / train/inv/objective 1.18 / train/inv/valid_frac 1 / train/inv/weight 0 / train/loss/con 0.02 / train/loss/dyn 1.06 / train/loss/image 0.04 / train/loss/inv 0 / train/loss/policy -2.3e-5 / train/loss/rep 1.06 / train/loss/repval 1.16 / train/loss/rew 7.9e-3 / train/loss/value 1.03 / train/rand/action 0.13 / replay/replay_ratio 264 / fps/policy 6.07 / fps/train 1552.87

Writing metrics: /data2/liguoqi/habmm/hab_z/btwm/runs/dreamerv3_atari_pong_seed0_v2_1m/scores.jsonl
Writing metrics: /data2/liguoqi/habmm/hab_z/btwm/runs/dreamerv3_atari_pong_seed0_v2_1m/metrics.jsonl

--------------------[Agent Step 3_023_040]--------------------
Metrics filtered by: 'score|length|fps|ratio|train/loss/|train/acc/|train/inv/|train/rand/'
train/acc/inv 0.11 / train/inv/ce 2.12 / train/inv/objective 1.18 / train/inv/valid_frac 1 / train/inv/weight 0 / train/loss/con 0.02 / train/loss/dyn 1.07 / train/loss/image 0.04 / train/loss/inv 0 / train/loss/policy -1.1e-4 / train/loss/rep 1.07 / train/loss/repval 1.19 / train/loss/rew 7.9e-3 / train/loss/value 1.04 / train/rand/action 0.12 / replay/replay_ratio 264 / fps/policy 6.13 / fps/train 1569.36

Writing metrics: /data2/liguoqi/habmm/hab_z/btwm/runs/dreamerv3_atari_pong_seed0_v2_1m/metrics.jsonl
Writing metrics: /data2/liguoqi/habmm/hab_z/btwm/runs/dreamerv3_atari_pong_seed0_v2_1m/scores.jsonl

--------------------[Agent Step 3_026_000]--------------------
Metrics filtered by: 'score|length|fps|ratio|train/loss/|train/acc/|train/inv/|train/rand/'
train/acc/inv 0.11 / train/inv/ce 2.11 / train/inv/objective 1.18 / train/inv/valid_frac 1 / train/inv/weight 0 / train/loss/con 0.02 / train/loss/dyn 1.07 / train/loss/image 0.04 / train/loss/inv 0 / train/loss/policy 1e-4 / train/loss/rep 1.07 / train/loss/repval 1.17 / train/loss/rew 8.1e-3 / train/loss/value 1.03 / train/rand/action 0.14 / replay/replay_ratio 264 / fps/policy 6.11 / fps/train 1564.61

Writing metrics: /data2/liguoqi/habmm/hab_z/btwm/runs/dreamerv3_atari_pong_seed0_v2_1m/metrics.jsonl
Writing metrics: /data2/liguoqi/habmm/hab_z/btwm/runs/dreamerv3_atari_pong_seed0_v2_1m/scores.jsonl

--------------------[Agent Step 3_029_000]--------------------
Metrics filtered by: 'score|length|fps|ratio|train/loss/|train/acc/|train/inv/|train/rand/'
episode/score 13 / episode/length 2110 / train/acc/inv 0.11 / train/inv/ce 2.11 / train/inv/objective 1.18 / train/inv/valid_frac 1 / train/inv/weight 0 / train/loss/con 0.02 / train/loss/dyn 1.07 / train/loss/image 0.04 / train/loss/inv 0 / train/loss/policy 5.2e-5 / train/loss/rep 1.07 / train/loss/repval 1.17 / train/loss/rew 7.8e-3 / train/loss/value 1.02 / train/rand/action 0.14 / replay/replay_ratio 264 / fps/policy 6.18 / fps/train 1582.8

Writing metrics: /data2/liguoqi/habmm/hab_z/btwm/runs/dreamerv3_atari_pong_seed0_v2_1m/metrics.jsonl
Writing metrics: /data2/liguoqi/habmm/hab_z/btwm/runs/dreamerv3_atari_pong_seed0_v2_1m/scores.jsonl

--------------------[Agent Step 3_031_920]--------------------
Metrics filtered by: 'score|length|fps|ratio|train/loss/|train/acc/|train/inv/|train/rand/'
train/acc/inv 0.11 / train/inv/ce 2.11 / train/inv/objective 1.18 / train/inv/valid_frac 1 / train/inv/weight 0 / train/loss/con 0.02 / train/loss/dyn 1.08 / train/loss/image 0.04 / train/loss/inv 0 / train/loss/policy 2.3e-4 / train/loss/rep 1.08 / train/loss/repval 1.21 / train/loss/rew 8e-3 / train/loss/value 1.05 / train/rand/action 0.15 / replay/replay_ratio 264 / fps/policy 6.04 / fps/train 1545.15

Writing metrics: /data2/liguoqi/habmm/hab_z/btwm/runs/dreamerv3_atari_pong_seed0_v2_1m/metrics.jsonl
Writing metrics: /data2/liguoqi/habmm/hab_z/btwm/runs/dreamerv3_atari_pong_seed0_v2_1m/scores.jsonl

--------------------[Agent Step 3_034_840]--------------------
Metrics filtered by: 'score|length|fps|ratio|train/loss/|train/acc/|train/inv/|train/rand/'
train/acc/inv 0.11 / train/inv/ce 2.12 / train/inv/objective 1.18 / train/inv/valid_frac 1 / train/inv/weight 0 / train/loss/con 0.02 / train/loss/dyn 1.08 / train/loss/image 0.04 / train/loss/inv 0 / train/loss/policy -2.2e-4 / train/loss/rep 1.08 / train/loss/repval 1.24 / train/loss/rew 8e-3 / train/loss/value 1.05 / train/rand/action 0.11 / replay/replay_ratio 264 / fps/policy 6.08 / fps/train 1556.85

Writing metrics: /data2/liguoqi/habmm/hab_z/btwm/runs/dreamerv3_atari_pong_seed0_v2_1m/scores.jsonl
Writing metrics: /data2/liguoqi/habmm/hab_z/btwm/runs/dreamerv3_atari_pong_seed0_v2_1m/metrics.jsonl

--------------------[Agent Step 3_037_800]--------------------
Metrics filtered by: 'score|length|fps|ratio|train/loss/|train/acc/|train/inv/|train/rand/'
train/acc/inv 0.11 / train/inv/ce 2.12 / train/inv/objective 1.18 / train/inv/valid_frac 1 / train/inv/weight 0 / train/loss/con 0.02 / train/loss/dyn 1.07 / train/loss/image 0.04 / train/loss/inv 0 / train/loss/policy -3.5e-6 / train/loss/rep 1.07 / train/loss/repval 1.19 / train/loss/rew 7.7e-3 / train/loss/value 1.03 / train/rand/action 0.11 / replay/replay_ratio 264 / fps/policy 6.14 / fps/train 1571.52

Writing metrics: /data2/liguoqi/habmm/hab_z/btwm/runs/dreamerv3_atari_pong_seed0_v2_1m/scores.jsonl
Writing metrics: /data2/liguoqi/habmm/hab_z/btwm/runs/dreamerv3_atari_pong_seed0_v2_1m/metrics.jsonl

--------------------[Agent Step 3_040_760]--------------------
Metrics filtered by: 'score|length|fps|ratio|train/loss/|train/acc/|train/inv/|train/rand/'
train/acc/inv 0.11 / train/inv/ce 2.11 / train/inv/objective 1.18 / train/inv/valid_frac 1 / train/inv/weight 0 / train/loss/con 0.02 / train/loss/dyn 1.08 / train/loss/image 0.04 / train/loss/inv 0 / train/loss/policy 1.4e-5 / train/loss/rep 1.08 / train/loss/repval 1.18 / train/loss/rew 7.9e-3 / train/loss/value 1.03 / train/rand/action 0.11 / replay/replay_ratio 264 / fps/policy 6.12 / fps/train 1567.78

Writing metrics: /data2/liguoqi/habmm/hab_z/btwm/runs/dreamerv3_atari_pong_seed0_v2_1m/metrics.jsonl
Writing metrics: /data2/liguoqi/habmm/hab_z/btwm/runs/dreamerv3_atari_pong_seed0_v2_1m/scores.jsonl

--------------------[Agent Step 3_043_680]--------------------
Metrics filtered by: 'score|length|fps|ratio|train/loss/|train/acc/|train/inv/|train/rand/'
episode/score 10 / episode/length 3263 / train/acc/inv 0.11 / train/inv/ce 2.12 / train/inv/objective 1.18 / train/inv/valid_frac 1 / train/inv/weight 0 / train/loss/con 0.02 / train/loss/dyn 1.08 / train/loss/image 0.04 / train/loss/inv 0 / train/loss/policy -3.5e-5 / train/loss/rep 1.08 / train/loss/repval 1.19 / train/loss/rew 8e-3 / train/loss/value 1.03 / train/rand/action 0.12 / replay/replay_ratio 264 / fps/policy 6.04 / fps/train 1547.21

Writing metrics: /data2/liguoqi/habmm/hab_z/btwm/runs/dreamerv3_atari_pong_seed0_v2_1m/metrics.jsonl
Writing metrics: /data2/liguoqi/habmm/hab_z/btwm/runs/dreamerv3_atari_pong_seed0_v2_1m/scores.jsonl

--------------------[Agent Step 3_046_840]--------------------
Metrics filtered by: 'score|length|fps|ratio|train/loss/|train/acc/|train/inv/|train/rand/'
train/acc/inv 0.12 / train/inv/ce 2.11 / train/inv/objective 1.18 / train/inv/valid_frac 1 / train/inv/weight 0 / train/loss/con 0.02 / train/loss/dyn 1.08 / train/loss/image 0.04 / train/loss/inv 0 / train/loss/policy 6.9e-5 / train/loss/rep 1.08 / train/loss/repval 1.16 / train/loss/rew 8.2e-3 / train/loss/value 1.03 / train/rand/action 0.12 / replay/replay_ratio 264 / fps/policy 6.54 / fps/train 1674.87

Writing metrics: /data2/liguoqi/habmm/hab_z/btwm/runs/dreamerv3_atari_pong_seed0_v2_1m/scores.jsonl
Writing metrics: /data2/liguoqi/habmm/hab_z/btwm/runs/dreamerv3_atari_pong_seed0_v2_1m/metrics.jsonl

--------------------[Agent Step 3_049_840]--------------------
Metrics filtered by: 'score|length|fps|ratio|train/loss/|train/acc/|train/inv/|train/rand/'
train/acc/inv 0.11 / train/inv/ce 2.12 / train/inv/objective 1.18 / train/inv/valid_frac 1 / train/inv/weight 0 / train/loss/con 0.02 / train/loss/dyn 1.07 / train/loss/image 0.04 / train/loss/inv 0 / train/loss/policy 1.5e-5 / train/loss/rep 1.07 / train/loss/repval 1.16 / train/loss/rew 7.9e-3 / train/loss/value 1.03 / train/rand/action 0.14 / replay/replay_ratio 264 / fps/policy 6.2 / fps/train 1586.99

Writing metrics: /data2/liguoqi/habmm/hab_z/btwm/runs/dreamerv3_atari_pong_seed0_v2_1m/scores.jsonl
Writing metrics: /data2/liguoqi/habmm/hab_z/btwm/runs/dreamerv3_atari_pong_seed0_v2_1m/metrics.jsonl

--------------------[Agent Step 3_052_880]--------------------
Metrics filtered by: 'score|length|fps|ratio|train/loss/|train/acc/|train/inv/|train/rand/'
episode/score 18 / episode/length 2236 / train/acc/inv 0.11 / train/inv/ce 2.12 / train/inv/objective 1.18 / train/inv/valid_frac 1 / train/inv/weight 0 / train/loss/con 0.02 / train/loss/dyn 1.07 / train/loss/image 0.04 / train/loss/inv 0 / train/loss/policy -1.5e-4 / train/loss/rep 1.07 / train/loss/repval 1.18 / train/loss/rew 7.9e-3 / train/loss/value 1.03 / train/rand/action 0.13 / replay/replay_ratio 264 / fps/policy 6.31 / fps/train 1615.33

Writing metrics: /data2/liguoqi/habmm/hab_z/btwm/runs/dreamerv3_atari_pong_seed0_v2_1m/metrics.jsonl
Writing metrics: /data2/liguoqi/habmm/hab_z/btwm/runs/dreamerv3_atari_pong_seed0_v2_1m/scores.jsonl

--------------------[Agent Step 3_055_880]--------------------
Metrics filtered by: 'score|length|fps|ratio|train/loss/|train/acc/|train/inv/|train/rand/'
train/acc/inv 0.11 / train/inv/ce 2.12 / train/inv/objective 1.18 / train/inv/valid_frac 1 / train/inv/weight 0 / train/loss/con 0.02 / train/loss/dyn 1.07 / train/loss/image 0.04 / train/loss/inv 0 / train/loss/policy 9.8e-5 / train/loss/rep 1.07 / train/loss/repval 1.17 / train/loss/rew 7.9e-3 / train/loss/value 1.03 / train/rand/action 0.12 / replay/replay_ratio 264 / fps/policy 6.18 / fps/train 1581.03

Writing metrics: /data2/liguoqi/habmm/hab_z/btwm/runs/dreamerv3_atari_pong_seed0_v2_1m/metrics.jsonl
Writing metrics: /data2/liguoqi/habmm/hab_z/btwm/runs/dreamerv3_atari_pong_seed0_v2_1m/scores.jsonl

--------------------[Agent Step 3_058_800]--------------------
Metrics filtered by: 'score|length|fps|ratio|train/loss/|train/acc/|train/inv/|train/rand/'
train/acc/inv 0.12 / train/inv/ce 2.1 / train/inv/objective 1.17 / train/inv/valid_frac 1 / train/inv/weight 0 / train/loss/con 0.02 / train/loss/dyn 1.07 / train/loss/image 0.04 / train/loss/inv 0 / train/loss/policy 3.7e-5 / train/loss/rep 1.07 / train/loss/repval 1.17 / train/loss/rew 8e-3 / train/loss/value 1.02 / train/rand/action 0.12 / replay/replay_ratio 264 / fps/policy 6.09 / fps/train 1560.14

Writing metrics: /data2/liguoqi/habmm/hab_z/btwm/runs/dreamerv3_atari_pong_seed0_v2_1m/metrics.jsonl
Writing metrics: /data2/liguoqi/habmm/hab_z/btwm/runs/dreamerv3_atari_pong_seed0_v2_1m/scores.jsonl

--------------------[Agent Step 3_061_800]--------------------
Metrics filtered by: 'score|length|fps|ratio|train/loss/|train/acc/|train/inv/|train/rand/'
episode/score 15 / episode/length 2567 / train/acc/inv 0.11 / train/inv/ce 2.11 / train/inv/objective 1.18 / train/inv/valid_frac 1 / train/inv/weight 0 / train/loss/con 0.02 / train/loss/dyn 1.06 / train/loss/image 0.04 / train/loss/inv 0 / train/loss/policy 1.2e-4 / train/loss/rep 1.06 / train/loss/repval 1.16 / train/loss/rew 8.2e-3 / train/loss/value 1.03 / train/rand/action 0.13 / replay/replay_ratio 264 / fps/policy 6.16 / fps/train 1576.07

Writing metrics: /data2/liguoqi/habmm/hab_z/btwm/runs/dreamerv3_atari_pong_seed0_v2_1m/metrics.jsonl
Writing metrics: /data2/liguoqi/habmm/hab_z/btwm/runs/dreamerv3_atari_pong_seed0_v2_1m/scores.jsonl

--------------------[Agent Step 3_064_720]--------------------
Metrics filtered by: 'score|length|fps|ratio|train/loss/|train/acc/|train/inv/|train/rand/'
train/acc/inv 0.11 / train/inv/ce 2.11 / train/inv/objective 1.18 / train/inv/valid_frac 1 / train/inv/weight 0 / train/loss/con 0.02 / train/loss/dyn 1.07 / train/loss/image 0.04 / train/loss/inv 0 / train/loss/policy 1.3e-4 / train/loss/rep 1.07 / train/loss/repval 1.19 / train/loss/rew 8.2e-3 / train/loss/value 1.04 / train/rand/action 0.14 / replay/replay_ratio 264 / fps/policy 6.07 / fps/train 1554.59

Writing metrics: /data2/liguoqi/habmm/hab_z/btwm/runs/dreamerv3_atari_pong_seed0_v2_1m/metrics.jsonl
Writing metrics: /data2/liguoqi/habmm/hab_z/btwm/runs/dreamerv3_atari_pong_seed0_v2_1m/scores.jsonl

--------------------[Agent Step 3_067_680]--------------------
Metrics filtered by: 'score|length|fps|ratio|train/loss/|train/acc/|train/inv/|train/rand/'
train/acc/inv 0.11 / train/inv/ce 2.11 / train/inv/objective 1.18 / train/inv/valid_frac 1 / train/inv/weight 0 / train/loss/con 0.02 / train/loss/dyn 1.08 / train/loss/image 0.04 / train/loss/inv 0 / train/loss/policy -3.4e-5 / train/loss/rep 1.08 / train/loss/repval 1.16 / train/loss/rew 7.9e-3 / train/loss/value 1.03 / train/rand/action 0.14 / replay/replay_ratio 264 / fps/policy 6.09 / fps/train 1558.52

Writing metrics: /data2/liguoqi/habmm/hab_z/btwm/runs/dreamerv3_atari_pong_seed0_v2_1m/metrics.jsonl
Writing metrics: /data2/liguoqi/habmm/hab_z/btwm/runs/dreamerv3_atari_pong_seed0_v2_1m/scores.jsonl

--------------------[Agent Step 3_070_640]--------------------
Metrics filtered by: 'score|length|fps|ratio|train/loss/|train/acc/|train/inv/|train/rand/'
episode/score 20 / episode/length 2014 / train/acc/inv 0.11 / train/inv/ce 2.12 / train/inv/objective 1.18 / train/inv/valid_frac 1 / train/inv/weight 0 / train/loss/con 0.02 / train/loss/dyn 1.08 / train/loss/image 0.04 / train/loss/inv 0 / train/loss/policy 4.8e-5 / train/loss/rep 1.08 / train/loss/repval 1.17 / train/loss/rew 8e-3 / train/loss/value 1.02 / train/rand/action 0.13 / replay/replay_ratio 264 / fps/policy 6.07 / fps/train 1553.39

Writing metrics: /data2/liguoqi/habmm/hab_z/btwm/runs/dreamerv3_atari_pong_seed0_v2_1m/scores.jsonl
Writing metrics: /data2/liguoqi/habmm/hab_z/btwm/runs/dreamerv3_atari_pong_seed0_v2_1m/metrics.jsonl

--------------------[Agent Step 3_073_560]--------------------
Metrics filtered by: 'score|length|fps|ratio|train/loss/|train/acc/|train/inv/|train/rand/'
train/acc/inv 0.11 / train/inv/ce 2.12 / train/inv/objective 1.18 / train/inv/valid_frac 1 / train/inv/weight 0 / train/loss/con 0.02 / train/loss/dyn 1.07 / train/loss/image 0.04 / train/loss/inv 0 / train/loss/policy -1.5e-5 / train/loss/rep 1.07 / train/loss/repval 1.17 / train/loss/rew 8e-3 / train/loss/value 1.03 / train/rand/action 0.13 / replay/replay_ratio 264 / fps/policy 6.11 / fps/train 1563.18

Writing metrics: /data2/liguoqi/habmm/hab_z/btwm/runs/dreamerv3_atari_pong_seed0_v2_1m/metrics.jsonl
Writing metrics: /data2/liguoqi/habmm/hab_z/btwm/runs/dreamerv3_atari_pong_seed0_v2_1m/scores.jsonl

--------------------[Agent Step 3_076_520]--------------------
Metrics filtered by: 'score|length|fps|ratio|train/loss/|train/acc/|train/inv/|train/rand/'
train/acc/inv 0.11 / train/inv/ce 2.12 / train/inv/objective 1.18 / train/inv/valid_frac 1 / train/inv/weight 0 / train/loss/con 0.02 / train/loss/dyn 1.07 / train/loss/image 0.04 / train/loss/inv 0 / train/loss/policy -4.8e-5 / train/loss/rep 1.07 / train/loss/repval 1.17 / train/loss/rew 8.2e-3 / train/loss/value 1.03 / train/rand/action 0.12 / replay/replay_ratio 264 / fps/policy 6.11 / fps/train 1565.19

Writing metrics: /data2/liguoqi/habmm/hab_z/btwm/runs/dreamerv3_atari_pong_seed0_v2_1m/metrics.jsonl
Writing metrics: /data2/liguoqi/habmm/hab_z/btwm/runs/dreamerv3_atari_pong_seed0_v2_1m/scores.jsonl

--------------------[Agent Step 3_079_480]--------------------
Metrics filtered by: 'score|length|fps|ratio|train/loss/|train/acc/|train/inv/|train/rand/'
train/acc/inv 0.11 / train/inv/ce 2.12 / train/inv/objective 1.18 / train/inv/valid_frac 1 / train/inv/weight 0 / train/loss/con 0.02 / train/loss/dyn 1.08 / train/loss/image 0.04 / train/loss/inv 0 / train/loss/policy -1.1e-5 / train/loss/rep 1.08 / train/loss/repval 1.15 / train/loss/rew 8.1e-3 / train/loss/value 1.02 / train/rand/action 0.12 / replay/replay_ratio 264 / fps/policy 6.16 / fps/train 1576.68

Writing metrics: /data2/liguoqi/habmm/hab_z/btwm/runs/dreamerv3_atari_pong_seed0_v2_1m/metrics.jsonl
Writing metrics: /data2/liguoqi/habmm/hab_z/btwm/runs/dreamerv3_atari_pong_seed0_v2_1m/scores.jsonl
Saving checkpoint: /data2/liguoqi/habmm/hab_z/btwm/runs/dreamerv3_atari_pong_seed0_v2_1m/ckpt/20260614T234003F839096
Saved checkpoint.

--------------------[Agent Step 3_080_440]--------------------
Metrics filtered by: 'score|length|fps|ratio|train/loss/|train/acc/|train/inv/|train/rand/'
train/acc/inv 0.11 / train/inv/ce 2.12 / train/inv/objective 1.18 / train/inv/valid_frac 1 / train/inv/weight 0 / train/loss/con 0.02 / train/loss/dyn 1.07 / train/loss/image 0.05 / train/loss/inv 0 / train/loss/policy -6.8e-5 / train/loss/rep 1.07 / train/loss/repval 1.15 / train/loss/rew 7.8e-3 / train/loss/value 1.02 / train/rand/action 0.13 / replay/replay_ratio 264 / fps/policy 1.98 / fps/train 507.89

Writing metrics: /data2/liguoqi/habmm/hab_z/btwm/runs/dreamerv3_atari_pong_seed0_v2_1m/metrics.jsonl
Writing metrics: /data2/liguoqi/habmm/hab_z/btwm/runs/dreamerv3_atari_pong_seed0_v2_1m/scores.jsonl

--------------------[Agent Step 3_083_280]--------------------
Metrics filtered by: 'score|length|fps|ratio|train/loss/|train/acc/|train/inv/|train/rand/'
episode/score 3 / episode/length 3706 / train/acc/inv 0.12 / train/inv/ce 2.1 / train/inv/objective 1.17 / train/inv/valid_frac 1 / train/inv/weight 0 / train/loss/con 0.02 / train/loss/dyn 1.08 / train/loss/image 0.05 / train/loss/inv 0 / train/loss/policy 1.8e-5 / train/loss/rep 1.08 / train/loss/repval 1.18 / train/loss/rew 8e-3 / train/loss/value 1.04 / train/rand/action 0.13 / replay/replay_ratio 264 / fps/policy 5.79 / fps/train 1481.65

Writing metrics: /data2/liguoqi/habmm/hab_z/btwm/runs/dreamerv3_atari_pong_seed0_v2_1m/metrics.jsonl
Writing metrics: /data2/liguoqi/habmm/hab_z/btwm/runs/dreamerv3_atari_pong_seed0_v2_1m/scores.jsonl

--------------------[Agent Step 3_086_280]--------------------
Metrics filtered by: 'score|length|fps|ratio|train/loss/|train/acc/|train/inv/|train/rand/'
train/acc/inv 0.11 / train/inv/ce 2.11 / train/inv/objective 1.18 / train/inv/valid_frac 1 / train/inv/weight 0 / train/loss/con 0.02 / train/loss/dyn 1.08 / train/loss/image 0.05 / train/loss/inv 0 / train/loss/policy -3.2e-5 / train/loss/rep 1.08 / train/loss/repval 1.17 / train/loss/rew 8.1e-3 / train/loss/value 1.02 / train/rand/action 0.13 / replay/replay_ratio 264 / fps/policy 6.33 / fps/train 1619.33

Writing metrics: /data2/liguoqi/habmm/hab_z/btwm/runs/dreamerv3_atari_pong_seed0_v2_1m/metrics.jsonl
Writing metrics: /data2/liguoqi/habmm/hab_z/btwm/runs/dreamerv3_atari_pong_seed0_v2_1m/scores.jsonl

--------------------[Agent Step 3_089_240]--------------------
Metrics filtered by: 'score|length|fps|ratio|train/loss/|train/acc/|train/inv/|train/rand/'
train/acc/inv 0.11 / train/inv/ce 2.12 / train/inv/objective 1.18 / train/inv/valid_frac 1 / train/inv/weight 0 / train/loss/con 0.02 / train/loss/dyn 1.07 / train/loss/image 0.04 / train/loss/inv 0 / train/loss/policy 6.9e-5 / train/loss/rep 1.07 / train/loss/repval 1.15 / train/loss/rew 7.8e-3 / train/loss/value 1.03 / train/rand/action 0.13 / replay/replay_ratio 264 / fps/policy 6.11 / fps/train 1563.95

Writing metrics: /data2/liguoqi/habmm/hab_z/btwm/runs/dreamerv3_atari_pong_seed0_v2_1m/metrics.jsonl
Writing metrics: /data2/liguoqi/habmm/hab_z/btwm/runs/dreamerv3_atari_pong_seed0_v2_1m/scores.jsonl

--------------------[Agent Step 3_092_160]--------------------
Metrics filtered by: 'score|length|fps|ratio|train/loss/|train/acc/|train/inv/|train/rand/'
train/acc/inv 0.11 / train/inv/ce 2.12 / train/inv/objective 1.18 / train/inv/valid_frac 1 / train/inv/weight 0 / train/loss/con 0.02 / train/loss/dyn 1.08 / train/loss/image 0.04 / train/loss/inv 0 / train/loss/policy -2.5e-5 / train/loss/rep 1.08 / train/loss/repval 1.17 / train/loss/rew 8e-3 / train/loss/value 1.03 / train/rand/action 0.13 / replay/replay_ratio 264 / fps/policy 6.08 / fps/train 1557.71

Writing metrics: /data2/liguoqi/habmm/hab_z/btwm/runs/dreamerv3_atari_pong_seed0_v2_1m/metrics.jsonl
Writing metrics: /data2/liguoqi/habmm/hab_z/btwm/runs/dreamerv3_atari_pong_seed0_v2_1m/scores.jsonl

--------------------[Agent Step 3_095_080]--------------------
Metrics filtered by: 'score|length|fps|ratio|train/loss/|train/acc/|train/inv/|train/rand/'
episode/score 15 / episode/length 2806 / train/acc/inv 0.12 / train/inv/ce 2.09 / train/inv/objective 1.17 / train/inv/valid_frac 1 / train/inv/weight 0 / train/loss/con 0.02 / train/loss/dyn 1.08 / train/loss/image 0.04 / train/loss/inv 0 / train/loss/policy -1.4e-5 / train/loss/rep 1.08 / train/loss/repval 1.16 / train/loss/rew 7.9e-3 / train/loss/value 1.03 / train/rand/action 0.13 / replay/replay_ratio 264 / fps/policy 6.07 / fps/train 1554.02

Writing metrics: /data2/liguoqi/habmm/hab_z/btwm/runs/dreamerv3_atari_pong_seed0_v2_1m/metrics.jsonl
Writing metrics: /data2/liguoqi/habmm/hab_z/btwm/runs/dreamerv3_atari_pong_seed0_v2_1m/scores.jsonl

--------------------[Agent Step 3_098_000]--------------------
Metrics filtered by: 'score|length|fps|ratio|train/loss/|train/acc/|train/inv/|train/rand/'
train/acc/inv 0.12 / train/inv/ce 2.1 / train/inv/objective 1.17 / train/inv/valid_frac 1 / train/inv/weight 0 / train/loss/con 0.02 / train/loss/dyn 1.08 / train/loss/image 0.05 / train/loss/inv 0 / train/loss/policy -4.7e-5 / train/loss/rep 1.08 / train/loss/repval 1.18 / train/loss/rew 8.1e-3 / train/loss/value 1.04 / train/rand/action 0.12 / replay/replay_ratio 264 / fps/policy 6.05 / fps/train 1548.09

Writing metrics: /data2/liguoqi/habmm/hab_z/btwm/runs/dreamerv3_atari_pong_seed0_v2_1m/metrics.jsonl
Writing metrics: /data2/liguoqi/habmm/hab_z/btwm/runs/dreamerv3_atari_pong_seed0_v2_1m/scores.jsonl

--------------------[Agent Step 3_100_920]--------------------
Metrics filtered by: 'score|length|fps|ratio|train/loss/|train/acc/|train/inv/|train/rand/'
train/acc/inv 0.12 / train/inv/ce 2.1 / train/inv/objective 1.17 / train/inv/valid_frac 1 / train/inv/weight 0 / train/loss/con 0.02 / train/loss/dyn 1.07 / train/loss/image 0.05 / train/loss/inv 0 / train/loss/policy 7.4e-5 / train/loss/rep 1.07 / train/loss/repval 1.15 / train/loss/rew 8.2e-3 / train/loss/value 1.02 / train/rand/action 0.1 / replay/replay_ratio 264 / fps/policy 6.09 / fps/train 1559.57

Writing metrics: /data2/liguoqi/habmm/hab_z/btwm/runs/dreamerv3_atari_pong_seed0_v2_1m/metrics.jsonl
Writing metrics: /data2/liguoqi/habmm/hab_z/btwm/runs/dreamerv3_atari_pong_seed0_v2_1m/scores.jsonl

--------------------[Agent Step 3_103_920]--------------------
Metrics filtered by: 'score|length|fps|ratio|train/loss/|train/acc/|train/inv/|train/rand/'
episode/score 12 / episode/length 2349 / train/acc/inv 0.12 / train/inv/ce 2.11 / train/inv/objective 1.18 / train/inv/valid_frac 1 / train/inv/weight 0 / train/loss/con 0.02 / train/loss/dyn 1.07 / train/loss/image 0.04 / train/loss/inv 0 / train/loss/policy 9.2e-5 / train/loss/rep 1.07 / train/loss/repval 1.16 / train/loss/rew 8.2e-3 / train/loss/value 1.03 / train/rand/action 0.11 / replay/replay_ratio 264 / fps/policy 6.22 / fps/train 1591.24

Writing metrics: /data2/liguoqi/habmm/hab_z/btwm/runs/dreamerv3_atari_pong_seed0_v2_1m/metrics.jsonl
Writing metrics: /data2/liguoqi/habmm/hab_z/btwm/runs/dreamerv3_atari_pong_seed0_v2_1m/scores.jsonl

--------------------[Agent Step 3_106_880]--------------------
Metrics filtered by: 'score|length|fps|ratio|train/loss/|train/acc/|train/inv/|train/rand/'
train/acc/inv 0.12 / train/inv/ce 2.12 / train/inv/objective 1.18 / train/inv/valid_frac 1 / train/inv/weight 0 / train/loss/con 0.02 / train/loss/dyn 1.08 / train/loss/image 0.05 / train/loss/inv 0 / train/loss/policy -4.8e-5 / train/loss/rep 1.08 / train/loss/repval 1.18 / train/loss/rew 7.8e-3 / train/loss/value 1.04 / train/rand/action 0.11 / replay/replay_ratio 264 / fps/policy 6.12 / fps/train 1567.04

Writing metrics: /data2/liguoqi/habmm/hab_z/btwm/runs/dreamerv3_atari_pong_seed0_v2_1m/metrics.jsonl
Writing metrics: /data2/liguoqi/habmm/hab_z/btwm/runs/dreamerv3_atari_pong_seed0_v2_1m/scores.jsonl

--------------------[Agent Step 3_109_920]--------------------
Metrics filtered by: 'score|length|fps|ratio|train/loss/|train/acc/|train/inv/|train/rand/'
train/acc/inv 0.12 / train/inv/ce 2.1 / train/inv/objective 1.17 / train/inv/valid_frac 1 / train/inv/weight 0 / train/loss/con 0.02 / train/loss/dyn 1.07 / train/loss/image 0.05 / train/loss/inv 0 / train/loss/policy 2.5e-5 / train/loss/rep 1.07 / train/loss/repval 1.16 / train/loss/rew 8.2e-3 / train/loss/value 1.03 / train/rand/action 0.1 / replay/replay_ratio 264 / fps/policy 6.33 / fps/train 1619.36

Writing metrics: /data2/liguoqi/habmm/hab_z/btwm/runs/dreamerv3_atari_pong_seed0_v2_1m/metrics.jsonl
Writing metrics: /data2/liguoqi/habmm/hab_z/btwm/runs/dreamerv3_atari_pong_seed0_v2_1m/scores.jsonl

--------------------[Agent Step 3_112_840]--------------------
Metrics filtered by: 'score|length|fps|ratio|train/loss/|train/acc/|train/inv/|train/rand/'
train/acc/inv 0.11 / train/inv/ce 2.11 / train/inv/objective 1.18 / train/inv/valid_frac 1 / train/inv/weight 0 / train/loss/con 0.02 / train/loss/dyn 1.07 / train/loss/image 0.05 / train/loss/inv 0 / train/loss/policy -2.2e-6 / train/loss/rep 1.07 / train/loss/repval 1.17 / train/loss/rew 8e-3 / train/loss/value 1.03 / train/rand/action 0.11 / replay/replay_ratio 264 / fps/policy 6.07 / fps/train 1553.49

Writing metrics: /data2/liguoqi/habmm/hab_z/btwm/runs/dreamerv3_atari_pong_seed0_v2_1m/metrics.jsonl
Writing metrics: /data2/liguoqi/habmm/hab_z/btwm/runs/dreamerv3_atari_pong_seed0_v2_1m/scores.jsonl

--------------------[Agent Step 3_115_800]--------------------
Metrics filtered by: 'score|length|fps|ratio|train/loss/|train/acc/|train/inv/|train/rand/'
episode/score 11 / episode/length 2991 / train/acc/inv 0.11 / train/inv/ce 2.11 / train/inv/objective 1.18 / train/inv/valid_frac 1 / train/inv/weight 0 / train/loss/con 0.02 / train/loss/dyn 1.08 / train/loss/image 0.05 / train/loss/inv 0 / train/loss/policy 7.7e-5 / train/loss/rep 1.08 / train/loss/repval 1.17 / train/loss/rew 8.1e-3 / train/loss/value 1.03 / train/rand/action 0.11 / replay/replay_ratio 264 / fps/policy 6.02 / fps/train 1541.58

Writing metrics: /data2/liguoqi/habmm/hab_z/btwm/runs/dreamerv3_atari_pong_seed0_v2_1m/scores.jsonl
Writing metrics: /data2/liguoqi/habmm/hab_z/btwm/runs/dreamerv3_atari_pong_seed0_v2_1m/metrics.jsonl

--------------------[Agent Step 3_118_760]--------------------
Metrics filtered by: 'score|length|fps|ratio|train/loss/|train/acc/|train/inv/|train/rand/'
train/acc/inv 0.11 / train/inv/ce 2.11 / train/inv/objective 1.18 / train/inv/valid_frac 1 / train/inv/weight 0 / train/loss/con 0.02 / train/loss/dyn 1.07 / train/loss/image 0.05 / train/loss/inv 0 / train/loss/policy -3.9e-5 / train/loss/rep 1.07 / train/loss/repval 1.17 / train/loss/rew 7.8e-3 / train/loss/value 1.04 / train/rand/action 0.11 / replay/replay_ratio 264 / fps/policy 6.14 / fps/train 1571.09

Writing metrics: /data2/liguoqi/habmm/hab_z/btwm/runs/dreamerv3_atari_pong_seed0_v2_1m/scores.jsonl
Writing metrics: /data2/liguoqi/habmm/hab_z/btwm/runs/dreamerv3_atari_pong_seed0_v2_1m/metrics.jsonl

--------------------[Agent Step 3_121_720]--------------------
Metrics filtered by: 'score|length|fps|ratio|train/loss/|train/acc/|train/inv/|train/rand/'
train/acc/inv 0.11 / train/inv/ce 2.12 / train/inv/objective 1.18 / train/inv/valid_frac 1 / train/inv/weight 0 / train/loss/con 0.02 / train/loss/dyn 1.08 / train/loss/image 0.05 / train/loss/inv 0 / train/loss/policy 2.7e-5 / train/loss/rep 1.08 / train/loss/repval 1.18 / train/loss/rew 7.8e-3 / train/loss/value 1.03 / train/rand/action 0.11 / replay/replay_ratio 264 / fps/policy 6.1 / fps/train 1561.09

Writing metrics: /data2/liguoqi/habmm/hab_z/btwm/runs/dreamerv3_atari_pong_seed0_v2_1m/scores.jsonl
Writing metrics: /data2/liguoqi/habmm/hab_z/btwm/runs/dreamerv3_atari_pong_seed0_v2_1m/metrics.jsonl

--------------------[Agent Step 3_124_720]--------------------
Metrics filtered by: 'score|length|fps|ratio|train/loss/|train/acc/|train/inv/|train/rand/'
train/acc/inv 0.11 / train/inv/ce 2.11 / train/inv/objective 1.18 / train/inv/valid_frac 1 / train/inv/weight 0 / train/loss/con 0.02 / train/loss/dyn 1.08 / train/loss/image 0.05 / train/loss/inv 0 / train/loss/policy 8.4e-5 / train/loss/rep 1.08 / train/loss/repval 1.18 / train/loss/rew 8.3e-3 / train/loss/value 1.04 / train/rand/action 0.12 / replay/replay_ratio 264 / fps/policy 6.17 / fps/train 1580.62

Writing metrics: /data2/liguoqi/habmm/hab_z/btwm/runs/dreamerv3_atari_pong_seed0_v2_1m/scores.jsonl
Writing metrics: /data2/liguoqi/habmm/hab_z/btwm/runs/dreamerv3_atari_pong_seed0_v2_1m/metrics.jsonl

--------------------[Agent Step 3_127_680]--------------------
Metrics filtered by: 'score|length|fps|ratio|train/loss/|train/acc/|train/inv/|train/rand/'
episode/score 15 / episode/length 2560 / train/acc/inv 0.11 / train/inv/ce 2.11 / train/inv/objective 1.18 / train/inv/valid_frac 1 / train/inv/weight 0 / train/loss/con 0.02 / train/loss/dyn 1.08 / train/loss/image 0.05 / train/loss/inv 0 / train/loss/policy -1.6e-6 / train/loss/rep 1.08 / train/loss/repval 1.16 / train/loss/rew 7.6e-3 / train/loss/value 1.03 / train/rand/action 0.13 / replay/replay_ratio 264 / fps/policy 6.13 / fps/train 1568.31

Writing metrics: /data2/liguoqi/habmm/hab_z/btwm/runs/dreamerv3_atari_pong_seed0_v2_1m/scores.jsonl
Writing metrics: /data2/liguoqi/habmm/hab_z/btwm/runs/dreamerv3_atari_pong_seed0_v2_1m/metrics.jsonl

--------------------[Agent Step 3_130_640]--------------------
Metrics filtered by: 'score|length|fps|ratio|train/loss/|train/acc/|train/inv/|train/rand/'
train/acc/inv 0.11 / train/inv/ce 2.1 / train/inv/objective 1.17 / train/inv/valid_frac 1 / train/inv/weight 0 / train/loss/con 0.02 / train/loss/dyn 1.07 / train/loss/image 0.04 / train/loss/inv 0 / train/loss/policy -8.4e-5 / train/loss/rep 1.07 / train/loss/repval 1.16 / train/loss/rew 8.2e-3 / train/loss/value 1.02 / train/rand/action 0.13 / replay/replay_ratio 264 / fps/policy 6.16 / fps/train 1577.64

Writing metrics: /data2/liguoqi/habmm/hab_z/btwm/runs/dreamerv3_atari_pong_seed0_v2_1m/metrics.jsonl
Writing metrics: /data2/liguoqi/habmm/hab_z/btwm/runs/dreamerv3_atari_pong_seed0_v2_1m/scores.jsonl

--------------------[Agent Step 3_133_640]--------------------
Metrics filtered by: 'score|length|fps|ratio|train/loss/|train/acc/|train/inv/|train/rand/'
episode/score 18 / episode/length 1728 / train/acc/inv 0.11 / train/inv/ce 2.1 / train/inv/objective 1.17 / train/inv/valid_frac 1 / train/inv/weight 0 / train/loss/con 0.02 / train/loss/dyn 1.06 / train/loss/image 0.04 / train/loss/inv 0 / train/loss/policy 8.4e-5 / train/loss/rep 1.06 / train/loss/repval 1.15 / train/loss/rew 7.9e-3 / train/loss/value 1.02 / train/rand/action 0.13 / replay/replay_ratio 264 / fps/policy 6.24 / fps/train 1597.42

Writing metrics: /data2/liguoqi/habmm/hab_z/btwm/runs/dreamerv3_atari_pong_seed0_v2_1m/metrics.jsonl
Writing metrics: /data2/liguoqi/habmm/hab_z/btwm/runs/dreamerv3_atari_pong_seed0_v2_1m/scores.jsonl

--------------------[Agent Step 3_136_680]--------------------
Metrics filtered by: 'score|length|fps|ratio|train/loss/|train/acc/|train/inv/|train/rand/'
train/acc/inv 0.12 / train/inv/ce 2.1 / train/inv/objective 1.17 / train/inv/valid_frac 1 / train/inv/weight 0 / train/loss/con 0.02 / train/loss/dyn 1.07 / train/loss/image 0.04 / train/loss/inv 0 / train/loss/policy -1.2e-5 / train/loss/rep 1.07 / train/loss/repval 1.16 / train/loss/rew 7.6e-3 / train/loss/value 1.04 / train/rand/action 0.14 / replay/replay_ratio 264 / fps/policy 6.29 / fps/train 1611.06

Writing metrics: /data2/liguoqi/habmm/hab_z/btwm/runs/dreamerv3_atari_pong_seed0_v2_1m/metrics.jsonl
Writing metrics: /data2/liguoqi/habmm/hab_z/btwm/runs/dreamerv3_atari_pong_seed0_v2_1m/scores.jsonl

--------------------[Agent Step 3_139_640]--------------------
Metrics filtered by: 'score|length|fps|ratio|train/loss/|train/acc/|train/inv/|train/rand/'
train/acc/inv 0.12 / train/inv/ce 2.1 / train/inv/objective 1.17 / train/inv/valid_frac 1 / train/inv/weight 0 / train/loss/con 0.02 / train/loss/dyn 1.06 / train/loss/image 0.05 / train/loss/inv 0 / train/loss/policy -4.7e-5 / train/loss/rep 1.06 / train/loss/repval 1.15 / train/loss/rew 7.8e-3 / train/loss/value 1.03 / train/rand/action 0.14 / replay/replay_ratio 264 / fps/policy 6.1 / fps/train 1562

Writing metrics: /data2/liguoqi/habmm/hab_z/btwm/runs/dreamerv3_atari_pong_seed0_v2_1m/scores.jsonl
Writing metrics: /data2/liguoqi/habmm/hab_z/btwm/runs/dreamerv3_atari_pong_seed0_v2_1m/metrics.jsonl

--------------------[Agent Step 3_142_640]--------------------
Metrics filtered by: 'score|length|fps|ratio|train/loss/|train/acc/|train/inv/|train/rand/'
episode/score 14 / episode/length 2260 / train/acc/inv 0.11 / train/inv/ce 2.11 / train/inv/objective 1.18 / train/inv/valid_frac 1 / train/inv/weight 0 / train/loss/con 0.02 / train/loss/dyn 1.07 / train/loss/image 0.05 / train/loss/inv 0 / train/loss/policy -8.4e-7 / train/loss/rep 1.07 / train/loss/repval 1.16 / train/loss/rew 7.9e-3 / train/loss/value 1.03 / train/rand/action 0.14 / replay/replay_ratio 264 / fps/policy 6.16 / fps/train 1577.45

Writing metrics: /data2/liguoqi/habmm/hab_z/btwm/runs/dreamerv3_atari_pong_seed0_v2_1m/scores.jsonl
Writing metrics: /data2/liguoqi/habmm/hab_z/btwm/runs/dreamerv3_atari_pong_seed0_v2_1m/metrics.jsonl

--------------------[Agent Step 3_145_640]--------------------
Metrics filtered by: 'score|length|fps|ratio|train/loss/|train/acc/|train/inv/|train/rand/'
train/acc/inv 0.11 / train/inv/ce 2.11 / train/inv/objective 1.18 / train/inv/valid_frac 1 / train/inv/weight 0 / train/loss/con 0.02 / train/loss/dyn 1.08 / train/loss/image 0.05 / train/loss/inv 0 / train/loss/policy 2.1e-5 / train/loss/rep 1.08 / train/loss/repval 1.16 / train/loss/rew 8e-3 / train/loss/value 1.03 / train/rand/action 0.13 / replay/replay_ratio 264 / fps/policy 6.24 / fps/train 1596.5

Writing metrics: /data2/liguoqi/habmm/hab_z/btwm/runs/dreamerv3_atari_pong_seed0_v2_1m/scores.jsonl
Writing metrics: /data2/liguoqi/habmm/hab_z/btwm/runs/dreamerv3_atari_pong_seed0_v2_1m/metrics.jsonl

--------------------[Agent Step 3_148_560]--------------------
Metrics filtered by: 'score|length|fps|ratio|train/loss/|train/acc/|train/inv/|train/rand/'
train/acc/inv 0.11 / train/inv/ce 2.13 / train/inv/objective 1.19 / train/inv/valid_frac 1 / train/inv/weight 0 / train/loss/con 0.02 / train/loss/dyn 1.07 / train/loss/image 0.04 / train/loss/inv 0 / train/loss/policy 9.4e-6 / train/loss/rep 1.07 / train/loss/repval 1.14 / train/loss/rew 7.9e-3 / train/loss/value 1.02 / train/rand/action 0.13 / replay/replay_ratio 264 / fps/policy 6.05 / fps/train 1549.52

Writing metrics: /data2/liguoqi/habmm/hab_z/btwm/runs/dreamerv3_atari_pong_seed0_v2_1m/metrics.jsonl
Writing metrics: /data2/liguoqi/habmm/hab_z/btwm/runs/dreamerv3_atari_pong_seed0_v2_1m/scores.jsonl

--------------------[Agent Step 3_151_560]--------------------
Metrics filtered by: 'score|length|fps|ratio|train/loss/|train/acc/|train/inv/|train/rand/'
train/acc/inv 0.11 / train/inv/ce 2.12 / train/inv/objective 1.18 / train/inv/valid_frac 1 / train/inv/weight 0 / train/loss/con 0.02 / train/loss/dyn 1.07 / train/loss/image 0.04 / train/loss/inv 0 / train/loss/policy -1.5e-5 / train/loss/rep 1.07 / train/loss/repval 1.15 / train/loss/rew 7.8e-3 / train/loss/value 1.02 / train/rand/action 0.12 / replay/replay_ratio 264 / fps/policy 6.25 / fps/train 1599.69

Writing metrics: /data2/liguoqi/habmm/hab_z/btwm/runs/dreamerv3_atari_pong_seed0_v2_1m/metrics.jsonl
Writing metrics: /data2/liguoqi/habmm/hab_z/btwm/runs/dreamerv3_atari_pong_seed0_v2_1m/scores.jsonl

--------------------[Agent Step 3_154_920]--------------------
Metrics filtered by: 'score|length|fps|ratio|train/loss/|train/acc/|train/inv/|train/rand/'
episode/score 12 / episode/length 2492 / train/acc/inv 0.12 / train/inv/ce 2.11 / train/inv/objective 1.18 / train/inv/valid_frac 1 / train/inv/weight 0 / train/loss/con 0.02 / train/loss/dyn 1.07 / train/loss/image 0.04 / train/loss/inv 0 / train/loss/policy 3e-5 / train/loss/rep 1.07 / train/loss/repval 1.15 / train/loss/rew 7.8e-3 / train/loss/value 1.02 / train/rand/action 0.14 / replay/replay_ratio 264 / fps/policy 6.95 / fps/train 1778.15

Writing metrics: /data2/liguoqi/habmm/hab_z/btwm/runs/dreamerv3_atari_pong_seed0_v2_1m/metrics.jsonl
Writing metrics: /data2/liguoqi/habmm/hab_z/btwm/runs/dreamerv3_atari_pong_seed0_v2_1m/scores.jsonl

--------------------[Agent Step 3_158_320]--------------------
Metrics filtered by: 'score|length|fps|ratio|train/loss/|train/acc/|train/inv/|train/rand/'
train/acc/inv 0.11 / train/inv/ce 2.11 / train/inv/objective 1.18 / train/inv/valid_frac 1 / train/inv/weight 0 / train/loss/con 0.02 / train/loss/dyn 1.07 / train/loss/image 0.04 / train/loss/inv 0 / train/loss/policy 2.6e-5 / train/loss/rep 1.07 / train/loss/repval 1.14 / train/loss/rew 8e-3 / train/loss/value 1.02 / train/rand/action 0.14 / replay/replay_ratio 264 / fps/policy 7.02 / fps/train 1796.57

Writing metrics: /data2/liguoqi/habmm/hab_z/btwm/runs/dreamerv3_atari_pong_seed0_v2_1m/metrics.jsonl
Writing metrics: /data2/liguoqi/habmm/hab_z/btwm/runs/dreamerv3_atari_pong_seed0_v2_1m/scores.jsonl

--------------------[Agent Step 3_161_600]--------------------
Metrics filtered by: 'score|length|fps|ratio|train/loss/|train/acc/|train/inv/|train/rand/'
episode/score 19 / episode/length 2210 / train/acc/inv 0.11 / train/inv/ce 2.11 / train/inv/objective 1.18 / train/inv/valid_frac 1 / train/inv/weight 0 / train/loss/con 0.02 / train/loss/dyn 1.08 / train/loss/image 0.04 / train/loss/inv 0 / train/loss/policy 9.3e-5 / train/loss/rep 1.08 / train/loss/repval 1.14 / train/loss/rew 7.9e-3 / train/loss/value 1.02 / train/rand/action 0.15 / replay/replay_ratio 264 / fps/policy 6.78 / fps/train 1736.91

Writing metrics: /data2/liguoqi/habmm/hab_z/btwm/runs/dreamerv3_atari_pong_seed0_v2_1m/scores.jsonl
Writing metrics: /data2/liguoqi/habmm/hab_z/btwm/runs/dreamerv3_atari_pong_seed0_v2_1m/metrics.jsonl

--------------------[Agent Step 3_164_880]--------------------
Metrics filtered by: 'score|length|fps|ratio|train/loss/|train/acc/|train/inv/|train/rand/'
train/acc/inv 0.11 / train/inv/ce 2.11 / train/inv/objective 1.18 / train/inv/valid_frac 1 / train/inv/weight 0 / train/loss/con 0.02 / train/loss/dyn 1.07 / train/loss/image 0.04 / train/loss/inv 0 / train/loss/policy -1.6e-5 / train/loss/rep 1.07 / train/loss/repval 1.15 / train/loss/rew 7.9e-3 / train/loss/value 1.02 / train/rand/action 0.15 / replay/replay_ratio 264 / fps/policy 6.86 / fps/train 1756.81

Writing metrics: /data2/liguoqi/habmm/hab_z/btwm/runs/dreamerv3_atari_pong_seed0_v2_1m/scores.jsonl
Writing metrics: /data2/liguoqi/habmm/hab_z/btwm/runs/dreamerv3_atari_pong_seed0_v2_1m/metrics.jsonl

--------------------[Agent Step 3_168_200]--------------------
Metrics filtered by: 'score|length|fps|ratio|train/loss/|train/acc/|train/inv/|train/rand/'
train/acc/inv 0.11 / train/inv/ce 2.12 / train/inv/objective 1.18 / train/inv/valid_frac 1 / train/inv/weight 0 / train/loss/con 0.02 / train/loss/dyn 1.07 / train/loss/image 0.04 / train/loss/inv 0 / train/loss/policy -6.8e-5 / train/loss/rep 1.07 / train/loss/repval 1.15 / train/loss/rew 8.1e-3 / train/loss/value 1.02 / train/rand/action 0.15 / replay/replay_ratio 264 / fps/policy 6.85 / fps/train 1754.75

Writing metrics: /data2/liguoqi/habmm/hab_z/btwm/runs/dreamerv3_atari_pong_seed0_v2_1m/metrics.jsonl
Writing metrics: /data2/liguoqi/habmm/hab_z/btwm/runs/dreamerv3_atari_pong_seed0_v2_1m/scores.jsonl
Saving checkpoint: /data2/liguoqi/habmm/hab_z/btwm/runs/dreamerv3_atari_pong_seed0_v2_1m/ckpt/20260615T004005F095568
Saved checkpoint.

--------------------[Agent Step 3_169_480]--------------------
Metrics filtered by: 'score|length|fps|ratio|train/loss/|train/acc/|train/inv/|train/rand/'
train/acc/inv 0.11 / train/inv/ce 2.12 / train/inv/objective 1.18 / train/inv/valid_frac 1 / train/inv/weight 0 / train/loss/con 0.02 / train/loss/dyn 1.08 / train/loss/image 0.04 / train/loss/inv 0 / train/loss/policy 1.2e-5 / train/loss/rep 1.08 / train/loss/repval 1.15 / train/loss/rew 8.2e-3 / train/loss/value 1.02 / train/rand/action 0.15 / replay/replay_ratio 264 / fps/policy 2.66 / fps/train 680.6

Writing metrics: /data2/liguoqi/habmm/hab_z/btwm/runs/dreamerv3_atari_pong_seed0_v2_1m/metrics.jsonl
Writing metrics: /data2/liguoqi/habmm/hab_z/btwm/runs/dreamerv3_atari_pong_seed0_v2_1m/scores.jsonl

--------------------[Agent Step 3_172_840]--------------------
Metrics filtered by: 'score|length|fps|ratio|train/loss/|train/acc/|train/inv/|train/rand/'
episode/score 16 / episode/length 2287 / train/acc/inv 0.11 / train/inv/ce 2.12 / train/inv/objective 1.18 / train/inv/valid_frac 1 / train/inv/weight 0 / train/loss/con 0.02 / train/loss/dyn 1.08 / train/loss/image 0.04 / train/loss/inv 0 / train/loss/policy -1.1e-5 / train/loss/rep 1.08 / train/loss/repval 1.17 / train/loss/rew 8e-3 / train/loss/value 1.03 / train/rand/action 0.13 / replay/replay_ratio 264 / fps/policy 6.93 / fps/train 1774.74

Writing metrics: /data2/liguoqi/habmm/hab_z/btwm/runs/dreamerv3_atari_pong_seed0_v2_1m/metrics.jsonl
Writing metrics: /data2/liguoqi/habmm/hab_z/btwm/runs/dreamerv3_atari_pong_seed0_v2_1m/scores.jsonl

--------------------[Agent Step 3_176_160]--------------------
Metrics filtered by: 'score|length|fps|ratio|train/loss/|train/acc/|train/inv/|train/rand/'
train/acc/inv 0.11 / train/inv/ce 2.12 / train/inv/objective 1.18 / train/inv/valid_frac 1 / train/inv/weight 0 / train/loss/con 0.02 / train/loss/dyn 1.07 / train/loss/image 0.04 / train/loss/inv 0 / train/loss/policy 6.9e-5 / train/loss/rep 1.07 / train/loss/repval 1.14 / train/loss/rew 7.9e-3 / train/loss/value 1.02 / train/rand/action 0.14 / replay/replay_ratio 264 / fps/policy 6.84 / fps/train 1751.55

Writing metrics: /data2/liguoqi/habmm/hab_z/btwm/runs/dreamerv3_atari_pong_seed0_v2_1m/scores.jsonl
Writing metrics: /data2/liguoqi/habmm/hab_z/btwm/runs/dreamerv3_atari_pong_seed0_v2_1m/metrics.jsonl

--------------------[Agent Step 3_179_400]--------------------
Metrics filtered by: 'score|length|fps|ratio|train/loss/|train/acc/|train/inv/|train/rand/'
train/acc/inv 0.11 / train/inv/ce 2.11 / train/inv/objective 1.18 / train/inv/valid_frac 1 / train/inv/weight 0 / train/loss/con 0.02 / train/loss/dyn 1.08 / train/loss/image 0.04 / train/loss/inv 0 / train/loss/policy -4.3e-5 / train/loss/rep 1.08 / train/loss/repval 1.14 / train/loss/rew 7.8e-3 / train/loss/value 1.01 / train/rand/action 0.14 / replay/replay_ratio 264 / fps/policy 6.72 / fps/train 1719.9

Writing metrics: /data2/liguoqi/habmm/hab_z/btwm/runs/dreamerv3_atari_pong_seed0_v2_1m/scores.jsonl
Writing metrics: /data2/liguoqi/habmm/hab_z/btwm/runs/dreamerv3_atari_pong_seed0_v2_1m/metrics.jsonl

--------------------[Agent Step 3_182_720]--------------------
Metrics filtered by: 'score|length|fps|ratio|train/loss/|train/acc/|train/inv/|train/rand/'
episode/score 6 / episode/length 2996 / train/acc/inv 0.12 / train/inv/ce 2.1 / train/inv/objective 1.17 / train/inv/valid_frac 1 / train/inv/weight 0 / train/loss/con 0.02 / train/loss/dyn 1.08 / train/loss/image 0.04 / train/loss/inv 0 / train/loss/policy -3.8e-5 / train/loss/rep 1.08 / train/loss/repval 1.15 / train/loss/rew 8.1e-3 / train/loss/value 1.02 / train/rand/action 0.13 / replay/replay_ratio 264 / fps/policy 6.85 / fps/train 1754.05

Writing metrics: /data2/liguoqi/habmm/hab_z/btwm/runs/dreamerv3_atari_pong_seed0_v2_1m/scores.jsonl
Writing metrics: /data2/liguoqi/habmm/hab_z/btwm/runs/dreamerv3_atari_pong_seed0_v2_1m/metrics.jsonl

--------------------[Agent Step 3_186_080]--------------------
Metrics filtered by: 'score|length|fps|ratio|train/loss/|train/acc/|train/inv/|train/rand/'
train/acc/inv 0.11 / train/inv/ce 2.1 / train/inv/objective 1.17 / train/inv/valid_frac 1 / train/inv/weight 0 / train/loss/con 0.02 / train/loss/dyn 1.08 / train/loss/image 0.05 / train/loss/inv 0 / train/loss/policy -1.4e-4 / train/loss/rep 1.08 / train/loss/repval 1.16 / train/loss/rew 8.2e-3 / train/loss/value 1.03 / train/rand/action 0.13 / replay/replay_ratio 264 / fps/policy 6.99 / fps/train 1789.47

Writing metrics: /data2/liguoqi/habmm/hab_z/btwm/runs/dreamerv3_atari_pong_seed0_v2_1m/metrics.jsonl
Writing metrics: /data2/liguoqi/habmm/hab_z/btwm/runs/dreamerv3_atari_pong_seed0_v2_1m/scores.jsonl

--------------------[Agent Step 3_189_560]--------------------
Metrics filtered by: 'score|length|fps|ratio|train/loss/|train/acc/|train/inv/|train/rand/'
episode/score 15 / episode/length 1841 / train/acc/inv 0.12 / train/inv/ce 2.1 / train/inv/objective 1.17 / train/inv/valid_frac 1 / train/inv/weight 0 / train/loss/con 0.02 / train/loss/dyn 1.07 / train/loss/image 0.05 / train/loss/inv 0 / train/loss/policy 1e-4 / train/loss/rep 1.07 / train/loss/repval 1.15 / train/loss/rew 7.8e-3 / train/loss/value 1.02 / train/rand/action 0.13 / replay/replay_ratio 264 / fps/policy 7.24 / fps/train 1854.51

Writing metrics: /data2/liguoqi/habmm/hab_z/btwm/runs/dreamerv3_atari_pong_seed0_v2_1m/scores.jsonl
Writing metrics: /data2/liguoqi/habmm/hab_z/btwm/runs/dreamerv3_atari_pong_seed0_v2_1m/metrics.jsonl

--------------------[Agent Step 3_193_080]--------------------
Metrics filtered by: 'score|length|fps|ratio|train/loss/|train/acc/|train/inv/|train/rand/'
train/acc/inv 0.12 / train/inv/ce 2.09 / train/inv/objective 1.17 / train/inv/valid_frac 1 / train/inv/weight 0 / train/loss/con 0.02 / train/loss/dyn 1.07 / train/loss/image 0.04 / train/loss/inv 0 / train/loss/policy 2.1e-5 / train/loss/rep 1.07 / train/loss/repval 1.16 / train/loss/rew 7.9e-3 / train/loss/value 1.03 / train/rand/action 0.13 / replay/replay_ratio 264 / fps/policy 7.25 / fps/train 1856.54

Writing metrics: /data2/liguoqi/habmm/hab_z/btwm/runs/dreamerv3_atari_pong_seed0_v2_1m/scores.jsonl
Writing metrics: /data2/liguoqi/habmm/hab_z/btwm/runs/dreamerv3_atari_pong_seed0_v2_1m/metrics.jsonl

--------------------[Agent Step 3_196_680]--------------------
Metrics filtered by: 'score|length|fps|ratio|train/loss/|train/acc/|train/inv/|train/rand/'
train/acc/inv 0.12 / train/inv/ce 2.08 / train/inv/objective 1.16 / train/inv/valid_frac 1 / train/inv/weight 0 / train/loss/con 0.02 / train/loss/dyn 1.08 / train/loss/image 0.05 / train/loss/inv 0 / train/loss/policy 6.7e-5 / train/loss/rep 1.08 / train/loss/repval 1.15 / train/loss/rew 7.9e-3 / train/loss/value 1.02 / train/rand/action 0.14 / replay/replay_ratio 264 / fps/policy 7.46 / fps/train 1909.08

Writing metrics: /data2/liguoqi/habmm/hab_z/btwm/runs/dreamerv3_atari_pong_seed0_v2_1m/scores.jsonl
Writing metrics: /data2/liguoqi/habmm/hab_z/btwm/runs/dreamerv3_atari_pong_seed0_v2_1m/metrics.jsonl

--------------------[Agent Step 3_200_400]--------------------
Metrics filtered by: 'score|length|fps|ratio|train/loss/|train/acc/|train/inv/|train/rand/'
episode/score 20 / episode/length 2233 / train/acc/inv 0.12 / train/inv/ce 2.08 / train/inv/objective 1.16 / train/inv/valid_frac 1 / train/inv/weight 0 / train/loss/con 0.02 / train/loss/dyn 1.07 / train/loss/image 0.04 / train/loss/inv 0 / train/loss/policy 4.9e-5 / train/loss/rep 1.07 / train/loss/repval 1.16 / train/loss/rew 7.8e-3 / train/loss/value 1.02 / train/rand/action 0.14 / replay/replay_ratio 264 / fps/policy 7.66 / fps/train 1962.23

Writing metrics: /data2/liguoqi/habmm/hab_z/btwm/runs/dreamerv3_atari_pong_seed0_v2_1m/metrics.jsonl
Writing metrics: /data2/liguoqi/habmm/hab_z/btwm/runs/dreamerv3_atari_pong_seed0_v2_1m/scores.jsonl

--------------------[Agent Step 3_204_120]--------------------
Metrics filtered by: 'score|length|fps|ratio|train/loss/|train/acc/|train/inv/|train/rand/'
train/acc/inv 0.12 / train/inv/ce 2.09 / train/inv/objective 1.17 / train/inv/valid_frac 1 / train/inv/weight 0 / train/loss/con 0.02 / train/loss/dyn 1.07 / train/loss/image 0.04 / train/loss/inv 0 / train/loss/policy 3.4e-6 / train/loss/rep 1.07 / train/loss/repval 1.15 / train/loss/rew 8.1e-3 / train/loss/value 1.02 / train/rand/action 0.15 / replay/replay_ratio 264 / fps/policy 7.69 / fps/train 1968.83

Writing metrics: /data2/liguoqi/habmm/hab_z/btwm/runs/dreamerv3_atari_pong_seed0_v2_1m/scores.jsonl
Writing metrics: /data2/liguoqi/habmm/hab_z/btwm/runs/dreamerv3_atari_pong_seed0_v2_1m/metrics.jsonl

--------------------[Agent Step 3_207_840]--------------------
Metrics filtered by: 'score|length|fps|ratio|train/loss/|train/acc/|train/inv/|train/rand/'
episode/score 14 / episode/length 2146 / train/acc/inv 0.12 / train/inv/ce 2.09 / train/inv/objective 1.17 / train/inv/valid_frac 1 / train/inv/weight 0 / train/loss/con 0.02 / train/loss/dyn 1.07 / train/loss/image 0.05 / train/loss/inv 0 / train/loss/policy -6.5e-5 / train/loss/rep 1.07 / train/loss/repval 1.16 / train/loss/rew 7.8e-3 / train/loss/value 1.03 / train/rand/action 0.14 / replay/replay_ratio 264 / fps/policy 7.68 / fps/train 1965.11

Writing metrics: /data2/liguoqi/habmm/hab_z/btwm/runs/dreamerv3_atari_pong_seed0_v2_1m/metrics.jsonl
Writing metrics: /data2/liguoqi/habmm/hab_z/btwm/runs/dreamerv3_atari_pong_seed0_v2_1m/scores.jsonl

--------------------[Agent Step 3_211_560]--------------------
Metrics filtered by: 'score|length|fps|ratio|train/loss/|train/acc/|train/inv/|train/rand/'
train/acc/inv 0.12 / train/inv/ce 2.09 / train/inv/objective 1.17 / train/inv/valid_frac 1 / train/inv/weight 0 / train/loss/con 0.02 / train/loss/dyn 1.06 / train/loss/image 0.04 / train/loss/inv 0 / train/loss/policy 5.6e-5 / train/loss/rep 1.06 / train/loss/repval 1.15 / train/loss/rew 7.7e-3 / train/loss/value 1.02 / train/rand/action 0.14 / replay/replay_ratio 264 / fps/policy 7.71 / fps/train 1974.4

Writing metrics: /data2/liguoqi/habmm/hab_z/btwm/runs/dreamerv3_atari_pong_seed0_v2_1m/metrics.jsonl
Writing metrics: /data2/liguoqi/habmm/hab_z/btwm/runs/dreamerv3_atari_pong_seed0_v2_1m/scores.jsonl

--------------------[Agent Step 3_215_280]--------------------
Metrics filtered by: 'score|length|fps|ratio|train/loss/|train/acc/|train/inv/|train/rand/'
train/acc/inv 0.11 / train/inv/ce 2.09 / train/inv/objective 1.17 / train/inv/valid_frac 1 / train/inv/weight 0 / train/loss/con 0.02 / train/loss/dyn 1.08 / train/loss/image 0.05 / train/loss/inv 0 / train/loss/policy 8.7e-5 / train/loss/rep 1.08 / train/loss/repval 1.15 / train/loss/rew 8.2e-3 / train/loss/value 1.03 / train/rand/action 0.14 / replay/replay_ratio 264 / fps/policy 7.72 / fps/train 1977.2

Writing metrics: /data2/liguoqi/habmm/hab_z/btwm/runs/dreamerv3_atari_pong_seed0_v2_1m/metrics.jsonl
Writing metrics: /data2/liguoqi/habmm/hab_z/btwm/runs/dreamerv3_atari_pong_seed0_v2_1m/scores.jsonl

--------------------[Agent Step 3_218_960]--------------------
Metrics filtered by: 'score|length|fps|ratio|train/loss/|train/acc/|train/inv/|train/rand/'
episode/score 4 / episode/length 2814 / train/acc/inv 0.11 / train/inv/ce 2.11 / train/inv/objective 1.18 / train/inv/valid_frac 1 / train/inv/weight 0 / train/loss/con 0.02 / train/loss/dyn 1.08 / train/loss/image 0.05 / train/loss/inv 0 / train/loss/policy -4.7e-5 / train/loss/rep 1.08 / train/loss/repval 1.16 / train/loss/rew 8.2e-3 / train/loss/value 1.02 / train/rand/action 0.13 / replay/replay_ratio 264 / fps/policy 7.61 / fps/train 1947.53

Writing metrics: /data2/liguoqi/habmm/hab_z/btwm/runs/dreamerv3_atari_pong_seed0_v2_1m/metrics.jsonl
Writing metrics: /data2/liguoqi/habmm/hab_z/btwm/runs/dreamerv3_atari_pong_seed0_v2_1m/scores.jsonl

--------------------[Agent Step 3_222_560]--------------------
Metrics filtered by: 'score|length|fps|ratio|train/loss/|train/acc/|train/inv/|train/rand/'
train/acc/inv 0.11 / train/inv/ce 2.11 / train/inv/objective 1.18 / train/inv/valid_frac 1 / train/inv/weight 0 / train/loss/con 0.02 / train/loss/dyn 1.07 / train/loss/image 0.04 / train/loss/inv 0 / train/loss/policy -1.6e-5 / train/loss/rep 1.07 / train/loss/repval 1.15 / train/loss/rew 7.9e-3 / train/loss/value 1.02 / train/rand/action 0.12 / replay/replay_ratio 264 / fps/policy 7.46 / fps/train 1909.92

Writing metrics: /data2/liguoqi/habmm/hab_z/btwm/runs/dreamerv3_atari_pong_seed0_v2_1m/metrics.jsonl
Writing metrics: /data2/liguoqi/habmm/hab_z/btwm/runs/dreamerv3_atari_pong_seed0_v2_1m/scores.jsonl

--------------------[Agent Step 3_226_280]--------------------
Metrics filtered by: 'score|length|fps|ratio|train/loss/|train/acc/|train/inv/|train/rand/'
episode/score 18 / episode/length 1723 / train/acc/inv 0.12 / train/inv/ce 2.09 / train/inv/objective 1.17 / train/inv/valid_frac 1 / train/inv/weight 0 / train/loss/con 0.02 / train/loss/dyn 1.07 / train/loss/image 0.05 / train/loss/inv 0 / train/loss/policy 7.4e-5 / train/loss/rep 1.07 / train/loss/repval 1.16 / train/loss/rew 7.8e-3 / train/loss/value 1.03 / train/rand/action 0.12 / replay/replay_ratio 264 / fps/policy 7.71 / fps/train 1973.77

Writing metrics: /data2/liguoqi/habmm/hab_z/btwm/runs/dreamerv3_atari_pong_seed0_v2_1m/scores.jsonl
Writing metrics: /data2/liguoqi/habmm/hab_z/btwm/runs/dreamerv3_atari_pong_seed0_v2_1m/metrics.jsonl

--------------------[Agent Step 3_230_000]--------------------
Metrics filtered by: 'score|length|fps|ratio|train/loss/|train/acc/|train/inv/|train/rand/'
train/acc/inv 0.12 / train/inv/ce 2.1 / train/inv/objective 1.17 / train/inv/valid_frac 1 / train/inv/weight 0 / train/loss/con 0.02 / train/loss/dyn 1.07 / train/loss/image 0.04 / train/loss/inv 0 / train/loss/policy 1.1e-4 / train/loss/rep 1.07 / train/loss/repval 1.17 / train/loss/rew 8e-3 / train/loss/value 1.04 / train/rand/action 0.12 / replay/replay_ratio 264 / fps/policy 7.71 / fps/train 1973.01

Writing metrics: /data2/liguoqi/habmm/hab_z/btwm/runs/dreamerv3_atari_pong_seed0_v2_1m/metrics.jsonl
Writing metrics: /data2/liguoqi/habmm/hab_z/btwm/runs/dreamerv3_atari_pong_seed0_v2_1m/scores.jsonl

--------------------[Agent Step 3_233_720]--------------------
Metrics filtered by: 'score|length|fps|ratio|train/loss/|train/acc/|train/inv/|train/rand/'
train/acc/inv 0.12 / train/inv/ce 2.09 / train/inv/objective 1.17 / train/inv/valid_frac 1 / train/inv/weight 0 / train/loss/con 0.02 / train/loss/dyn 1.09 / train/loss/image 0.05 / train/loss/inv 0 / train/loss/policy -5.7e-5 / train/loss/rep 1.09 / train/loss/repval 1.15 / train/loss/rew 8.1e-3 / train/loss/value 1.02 / train/rand/action 0.13 / replay/replay_ratio 264 / fps/policy 7.71 / fps/train 1974.12

Writing metrics: /data2/liguoqi/habmm/hab_z/btwm/runs/dreamerv3_atari_pong_seed0_v2_1m/scores.jsonl
Writing metrics: /data2/liguoqi/habmm/hab_z/btwm/runs/dreamerv3_atari_pong_seed0_v2_1m/metrics.jsonl

--------------------[Agent Step 3_237_440]--------------------
Metrics filtered by: 'score|length|fps|ratio|train/loss/|train/acc/|train/inv/|train/rand/'
episode/score 8 / episode/length 2985 / train/acc/inv 0.12 / train/inv/ce 2.1 / train/inv/objective 1.17 / train/inv/valid_frac 1 / train/inv/weight 0 / train/loss/con 0.02 / train/loss/dyn 1.07 / train/loss/image 0.04 / train/loss/inv 0 / train/loss/policy 1.8e-5 / train/loss/rep 1.07 / train/loss/repval 1.15 / train/loss/rew 7.9e-3 / train/loss/value 1.03 / train/rand/action 0.12 / replay/replay_ratio 264 / fps/policy 7.71 / fps/train 1972.98

Writing metrics: /data2/liguoqi/habmm/hab_z/btwm/runs/dreamerv3_atari_pong_seed0_v2_1m/metrics.jsonl
Writing metrics: /data2/liguoqi/habmm/hab_z/btwm/runs/dreamerv3_atari_pong_seed0_v2_1m/scores.jsonl

--------------------[Agent Step 3_241_160]--------------------
Metrics filtered by: 'score|length|fps|ratio|train/loss/|train/acc/|train/inv/|train/rand/'
train/acc/inv 0.12 / train/inv/ce 2.09 / train/inv/objective 1.17 / train/inv/valid_frac 1 / train/inv/weight 0 / train/loss/con 0.02 / train/loss/dyn 1.07 / train/loss/image 0.04 / train/loss/inv 0 / train/loss/policy 5e-5 / train/loss/rep 1.07 / train/loss/repval 1.15 / train/loss/rew 7.9e-3 / train/loss/value 1.03 / train/rand/action 0.13 / replay/replay_ratio 264 / fps/policy 7.73 / fps/train 1978.7

Writing metrics: /data2/liguoqi/habmm/hab_z/btwm/runs/dreamerv3_atari_pong_seed0_v2_1m/scores.jsonl
Writing metrics: /data2/liguoqi/habmm/hab_z/btwm/runs/dreamerv3_atari_pong_seed0_v2_1m/metrics.jsonl

--------------------[Agent Step 3_244_880]--------------------
Metrics filtered by: 'score|length|fps|ratio|train/loss/|train/acc/|train/inv/|train/rand/'
train/acc/inv 0.12 / train/inv/ce 2.1 / train/inv/objective 1.17 / train/inv/valid_frac 1 / train/inv/weight 0 / train/loss/con 0.02 / train/loss/dyn 1.08 / train/loss/image 0.04 / train/loss/inv 0 / train/loss/policy -1.4e-5 / train/loss/rep 1.08 / train/loss/repval 1.16 / train/loss/rew 7.8e-3 / train/loss/value 1.03 / train/rand/action 0.12 / replay/replay_ratio 264 / fps/policy 7.73 / fps/train 1977.85

Writing metrics: /data2/liguoqi/habmm/hab_z/btwm/runs/dreamerv3_atari_pong_seed0_v2_1m/scores.jsonl
Writing metrics: /data2/liguoqi/habmm/hab_z/btwm/runs/dreamerv3_atari_pong_seed0_v2_1m/metrics.jsonl

--------------------[Agent Step 3_248_600]--------------------
Metrics filtered by: 'score|length|fps|ratio|train/loss/|train/acc/|train/inv/|train/rand/'
train/acc/inv 0.12 / train/inv/ce 2.09 / train/inv/objective 1.17 / train/inv/valid_frac 1 / train/inv/weight 0 / train/loss/con 0.02 / train/loss/dyn 1.08 / train/loss/image 0.04 / train/loss/inv 0 / train/loss/policy -6e-6 / train/loss/rep 1.08 / train/loss/repval 1.14 / train/loss/rew 7.8e-3 / train/loss/value 1.02 / train/rand/action 0.12 / replay/replay_ratio 264 / fps/policy 7.73 / fps/train 1978.95

Writing metrics: /data2/liguoqi/habmm/hab_z/btwm/runs/dreamerv3_atari_pong_seed0_v2_1m/metrics.jsonl
Writing metrics: /data2/liguoqi/habmm/hab_z/btwm/runs/dreamerv3_atari_pong_seed0_v2_1m/scores.jsonl

--------------------[Agent Step 3_252_280]--------------------
Metrics filtered by: 'score|length|fps|ratio|train/loss/|train/acc/|train/inv/|train/rand/'
episode/score 12 / episode/length 2936 / train/acc/inv 0.11 / train/inv/ce 2.1 / train/inv/objective 1.17 / train/inv/valid_frac 1 / train/inv/weight 0 / train/loss/con 0.02 / train/loss/dyn 1.06 / train/loss/image 0.04 / train/loss/inv 0 / train/loss/policy 6.4e-5 / train/loss/rep 1.06 / train/loss/repval 1.15 / train/loss/rew 7.9e-3 / train/loss/value 1.02 / train/rand/action 0.13 / replay/replay_ratio 264 / fps/policy 7.54 / fps/train 1930.9

Writing metrics: /data2/liguoqi/habmm/hab_z/btwm/runs/dreamerv3_atari_pong_seed0_v2_1m/metrics.jsonl
Writing metrics: /data2/liguoqi/habmm/hab_z/btwm/runs/dreamerv3_atari_pong_seed0_v2_1m/scores.jsonl

--------------------[Agent Step 3_255_960]--------------------
Metrics filtered by: 'score|length|fps|ratio|train/loss/|train/acc/|train/inv/|train/rand/'
episode/score 17 / episode/length 1784 / train/acc/inv 0.11 / train/inv/ce 2.09 / train/inv/objective 1.17 / train/inv/valid_frac 1 / train/inv/weight 0 / train/loss/con 0.02 / train/loss/dyn 1.06 / train/loss/image 0.04 / train/loss/inv 0 / train/loss/policy 7.8e-5 / train/loss/rep 1.06 / train/loss/repval 1.15 / train/loss/rew 7.7e-3 / train/loss/value 1.03 / train/rand/action 0.13 / replay/replay_ratio 264 / fps/policy 7.67 / fps/train 1964.22

Writing metrics: /data2/liguoqi/habmm/hab_z/btwm/runs/dreamerv3_atari_pong_seed0_v2_1m/metrics.jsonl
Writing metrics: /data2/liguoqi/habmm/hab_z/btwm/runs/dreamerv3_atari_pong_seed0_v2_1m/scores.jsonl

--------------------[Agent Step 3_259_680]--------------------
Metrics filtered by: 'score|length|fps|ratio|train/loss/|train/acc/|train/inv/|train/rand/'
train/acc/inv 0.12 / train/inv/ce 2.09 / train/inv/objective 1.17 / train/inv/valid_frac 1 / train/inv/weight 0 / train/loss/con 0.02 / train/loss/dyn 1.07 / train/loss/image 0.04 / train/loss/inv 0 / train/loss/policy -1.5e-5 / train/loss/rep 1.07 / train/loss/repval 1.16 / train/loss/rew 8e-3 / train/loss/value 1.04 / train/rand/action 0.13 / replay/replay_ratio 264 / fps/policy 7.73 / fps/train 1977.87

Writing metrics: /data2/liguoqi/habmm/hab_z/btwm/runs/dreamerv3_atari_pong_seed0_v2_1m/scores.jsonl
Writing metrics: /data2/liguoqi/habmm/hab_z/btwm/runs/dreamerv3_atari_pong_seed0_v2_1m/metrics.jsonl

--------------------[Agent Step 3_263_400]--------------------
Metrics filtered by: 'score|length|fps|ratio|train/loss/|train/acc/|train/inv/|train/rand/'
train/acc/inv 0.12 / train/inv/ce 2.09 / train/inv/objective 1.17 / train/inv/valid_frac 1 / train/inv/weight 0 / train/loss/con 0.02 / train/loss/dyn 1.07 / train/loss/image 0.04 / train/loss/inv 0 / train/loss/policy -1.7e-5 / train/loss/rep 1.07 / train/loss/repval 1.17 / train/loss/rew 8e-3 / train/loss/value 1.04 / train/rand/action 0.12 / replay/replay_ratio 264 / fps/policy 7.72 / fps/train 1976.15

Writing metrics: /data2/liguoqi/habmm/hab_z/btwm/runs/dreamerv3_atari_pong_seed0_v2_1m/metrics.jsonl
Writing metrics: /data2/liguoqi/habmm/hab_z/btwm/runs/dreamerv3_atari_pong_seed0_v2_1m/scores.jsonl

--------------------[Agent Step 3_267_120]--------------------
Metrics filtered by: 'score|length|fps|ratio|train/loss/|train/acc/|train/inv/|train/rand/'
episode/score 11 / episode/length 2333 / train/acc/inv 0.12 / train/inv/ce 2.1 / train/inv/objective 1.17 / train/inv/valid_frac 1 / train/inv/weight 0 / train/loss/con 0.02 / train/loss/dyn 1.08 / train/loss/image 0.05 / train/loss/inv 0 / train/loss/policy -9.4e-6 / train/loss/rep 1.08 / train/loss/repval 1.16 / train/loss/rew 8.1e-3 / train/loss/value 1.04 / train/rand/action 0.13 / replay/replay_ratio 264 / fps/policy 7.67 / fps/train 1963.71

Writing metrics: /data2/liguoqi/habmm/hab_z/btwm/runs/dreamerv3_atari_pong_seed0_v2_1m/scores.jsonl
Writing metrics: /data2/liguoqi/habmm/hab_z/btwm/runs/dreamerv3_atari_pong_seed0_v2_1m/metrics.jsonl

--------------------[Agent Step 3_270_720]--------------------
Metrics filtered by: 'score|length|fps|ratio|train/loss/|train/acc/|train/inv/|train/rand/'
train/acc/inv 0.12 / train/inv/ce 2.09 / train/inv/objective 1.17 / train/inv/valid_frac 1 / train/inv/weight 0 / train/loss/con 0.02 / train/loss/dyn 1.07 / train/loss/image 0.04 / train/loss/inv 0 / train/loss/policy 7.5e-5 / train/loss/rep 1.07 / train/loss/repval 1.16 / train/loss/rew 8e-3 / train/loss/value 1.03 / train/rand/action 0.13 / replay/replay_ratio 264 / fps/policy 7.49 / fps/train 1917.5

Writing metrics: /data2/liguoqi/habmm/hab_z/btwm/runs/dreamerv3_atari_pong_seed0_v2_1m/metrics.jsonl
Writing metrics: /data2/liguoqi/habmm/hab_z/btwm/runs/dreamerv3_atari_pong_seed0_v2_1m/scores.jsonl
Saving checkpoint: /data2/liguoqi/habmm/hab_z/btwm/runs/dreamerv3_atari_pong_seed0_v2_1m/ckpt/20260615T014005F146711
Saved checkpoint.

--------------------[Agent Step 3_274_240]--------------------
Metrics filtered by: 'score|length|fps|ratio|train/loss/|train/acc/|train/inv/|train/rand/'
train/acc/inv 0.12 / train/inv/ce 2.09 / train/inv/objective 1.17 / train/inv/valid_frac 1 / train/inv/weight 0 / train/loss/con 0.02 / train/loss/dyn 1.07 / train/loss/image 0.04 / train/loss/inv 0 / train/loss/policy -3.5e-5 / train/loss/rep 1.07 / train/loss/repval 1.17 / train/loss/rew 7.8e-3 / train/loss/value 1.03 / train/rand/action 0.12 / replay/replay_ratio 264 / fps/policy 5.65 / fps/train 1446.89

Writing metrics: /data2/liguoqi/habmm/hab_z/btwm/runs/dreamerv3_atari_pong_seed0_v2_1m/metrics.jsonl
Writing metrics: /data2/liguoqi/habmm/hab_z/btwm/runs/dreamerv3_atari_pong_seed0_v2_1m/scores.jsonl

--------------------[Agent Step 3_277_920]--------------------
Metrics filtered by: 'score|length|fps|ratio|train/loss/|train/acc/|train/inv/|train/rand/'
episode/score 3 / episode/length 3062 / train/acc/inv 0.12 / train/inv/ce 2.1 / train/inv/objective 1.17 / train/inv/valid_frac 1 / train/inv/weight 0 / train/loss/con 0.02 / train/loss/dyn 1.08 / train/loss/image 0.05 / train/loss/inv 0 / train/loss/policy 3.5e-5 / train/loss/rep 1.08 / train/loss/repval 1.17 / train/loss/rew 8.2e-3 / train/loss/value 1.03 / train/rand/action 0.1 / replay/replay_ratio 264 / fps/policy 7.55 / fps/train 1932.9

Writing metrics: /data2/liguoqi/habmm/hab_z/btwm/runs/dreamerv3_atari_pong_seed0_v2_1m/metrics.jsonl
Writing metrics: /data2/liguoqi/habmm/hab_z/btwm/runs/dreamerv3_atari_pong_seed0_v2_1m/scores.jsonl

--------------------[Agent Step 3_281_600]--------------------
Metrics filtered by: 'score|length|fps|ratio|train/loss/|train/acc/|train/inv/|train/rand/'
train/acc/inv 0.12 / train/inv/ce 2.09 / train/inv/objective 1.16 / train/inv/valid_frac 1 / train/inv/weight 0 / train/loss/con 0.02 / train/loss/dyn 1.07 / train/loss/image 0.04 / train/loss/inv 0 / train/loss/policy 2.6e-5 / train/loss/rep 1.07 / train/loss/repval 1.18 / train/loss/rew 7.9e-3 / train/loss/value 1.04 / train/rand/action 0.11 / replay/replay_ratio 264 / fps/policy 7.73 / fps/train 1977.71

Writing metrics: /data2/liguoqi/habmm/hab_z/btwm/runs/dreamerv3_atari_pong_seed0_v2_1m/scores.jsonl
Writing metrics: /data2/liguoqi/habmm/hab_z/btwm/runs/dreamerv3_atari_pong_seed0_v2_1m/metrics.jsonl

--------------------[Agent Step 3_285_320]--------------------
Metrics filtered by: 'score|length|fps|ratio|train/loss/|train/acc/|train/inv/|train/rand/'
train/acc/inv 0.12 / train/inv/ce 2.08 / train/inv/objective 1.16 / train/inv/valid_frac 1 / train/inv/weight 0 / train/loss/con 0.02 / train/loss/dyn 1.06 / train/loss/image 0.04 / train/loss/inv 0 / train/loss/policy 5.6e-5 / train/loss/rep 1.06 / train/loss/repval 1.16 / train/loss/rew 7.8e-3 / train/loss/value 1.03 / train/rand/action 0.13 / replay/replay_ratio 264 / fps/policy 7.71 / fps/train 1972.78

Writing metrics: /data2/liguoqi/habmm/hab_z/btwm/runs/dreamerv3_atari_pong_seed0_v2_1m/metrics.jsonl
Writing metrics: /data2/liguoqi/habmm/hab_z/btwm/runs/dreamerv3_atari_pong_seed0_v2_1m/scores.jsonl

--------------------[Agent Step 3_289_040]--------------------
Metrics filtered by: 'score|length|fps|ratio|train/loss/|train/acc/|train/inv/|train/rand/'
episode/score 11 / episode/length 2152 / train/acc/inv 0.12 / train/inv/ce 2.08 / train/inv/objective 1.16 / train/inv/valid_frac 1 / train/inv/weight 0 / train/loss/con 0.02 / train/loss/dyn 1.07 / train/loss/image 0.04 / train/loss/inv 0 / train/loss/policy -5.2e-6 / train/loss/rep 1.07 / train/loss/repval 1.16 / train/loss/rew 7.9e-3 / train/loss/value 1.03 / train/rand/action 0.13 / replay/replay_ratio 264 / fps/policy 7.71 / fps/train 1973.4

Writing metrics: /data2/liguoqi/habmm/hab_z/btwm/runs/dreamerv3_atari_pong_seed0_v2_1m/metrics.jsonl
Writing metrics: /data2/liguoqi/habmm/hab_z/btwm/runs/dreamerv3_atari_pong_seed0_v2_1m/scores.jsonl

--------------------[Agent Step 3_292_760]--------------------
Metrics filtered by: 'score|length|fps|ratio|train/loss/|train/acc/|train/inv/|train/rand/'
train/acc/inv 0.11 / train/inv/ce 2.08 / train/inv/objective 1.16 / train/inv/valid_frac 1 / train/inv/weight 0 / train/loss/con 0.02 / train/loss/dyn 1.08 / train/loss/image 0.06 / train/loss/inv 0 / train/loss/policy -4e-5 / train/loss/rep 1.08 / train/loss/repval 1.17 / train/loss/rew 8.1e-3 / train/loss/value 1.04 / train/rand/action 0.13 / replay/replay_ratio 264 / fps/policy 7.72 / fps/train 1976.06

Writing metrics: /data2/liguoqi/habmm/hab_z/btwm/runs/dreamerv3_atari_pong_seed0_v2_1m/scores.jsonl
Writing metrics: /data2/liguoqi/habmm/hab_z/btwm/runs/dreamerv3_atari_pong_seed0_v2_1m/metrics.jsonl

--------------------[Agent Step 3_296_480]--------------------
Metrics filtered by: 'score|length|fps|ratio|train/loss/|train/acc/|train/inv/|train/rand/'
episode/score 17 / episode/length 2401 / train/acc/inv 0.11 / train/inv/ce 2.08 / train/inv/objective 1.16 / train/inv/valid_frac 1 / train/inv/weight 0 / train/loss/con 0.02 / train/loss/dyn 1.08 / train/loss/image 0.06 / train/loss/inv 0 / train/loss/policy -2.1e-5 / train/loss/rep 1.08 / train/loss/repval 1.18 / train/loss/rew 7.9e-3 / train/loss/value 1.04 / train/rand/action 0.14 / replay/replay_ratio 264 / fps/policy 7.73 / fps/train 1977.63

Writing metrics: /data2/liguoqi/habmm/hab_z/btwm/runs/dreamerv3_atari_pong_seed0_v2_1m/metrics.jsonl
Writing metrics: /data2/liguoqi/habmm/hab_z/btwm/runs/dreamerv3_atari_pong_seed0_v2_1m/scores.jsonl

--------------------[Agent Step 3_300_200]--------------------
Metrics filtered by: 'score|length|fps|ratio|train/loss/|train/acc/|train/inv/|train/rand/'
train/acc/inv 0.12 / train/inv/ce 2.08 / train/inv/objective 1.16 / train/inv/valid_frac 1 / train/inv/weight 0 / train/loss/con 0.02 / train/loss/dyn 1.08 / train/loss/image 0.05 / train/loss/inv 0 / train/loss/policy 3.7e-5 / train/loss/rep 1.08 / train/loss/repval 1.15 / train/loss/rew 7.9e-3 / train/loss/value 1.03 / train/rand/action 0.14 / replay/replay_ratio 264 / fps/policy 7.73 / fps/train 1978.91

Writing metrics: /data2/liguoqi/habmm/hab_z/btwm/runs/dreamerv3_atari_pong_seed0_v2_1m/metrics.jsonl
Writing metrics: /data2/liguoqi/habmm/hab_z/btwm/runs/dreamerv3_atari_pong_seed0_v2_1m/scores.jsonl

--------------------[Agent Step 3_303_920]--------------------
Metrics filtered by: 'score|length|fps|ratio|train/loss/|train/acc/|train/inv/|train/rand/'
train/acc/inv 0.12 / train/inv/ce 2.08 / train/inv/objective 1.16 / train/inv/valid_frac 1 / train/inv/weight 0 / train/loss/con 0.02 / train/loss/dyn 1.08 / train/loss/image 0.05 / train/loss/inv 0 / train/loss/policy -1.4e-5 / train/loss/rep 1.08 / train/loss/repval 1.16 / train/loss/rew 7.8e-3 / train/loss/value 1.03 / train/rand/action 0.13 / replay/replay_ratio 264 / fps/policy 7.73 / fps/train 1979.87

Writing metrics: /data2/liguoqi/habmm/hab_z/btwm/runs/dreamerv3_atari_pong_seed0_v2_1m/scores.jsonl
Writing metrics: /data2/liguoqi/habmm/hab_z/btwm/runs/dreamerv3_atari_pong_seed0_v2_1m/metrics.jsonl

--------------------[Agent Step 3_307_640]--------------------
Metrics filtered by: 'score|length|fps|ratio|train/loss/|train/acc/|train/inv/|train/rand/'
episode/score 15 / episode/length 2875 / train/acc/inv 0.12 / train/inv/ce 2.08 / train/inv/objective 1.16 / train/inv/valid_frac 1 / train/inv/weight 0 / train/loss/con 0.02 / train/loss/dyn 1.07 / train/loss/image 0.05 / train/loss/inv 0 / train/loss/policy 7.8e-5 / train/loss/rep 1.07 / train/loss/repval 1.17 / train/loss/rew 8e-3 / train/loss/value 1.04 / train/rand/action 0.13 / replay/replay_ratio 264 / fps/policy 7.72 / fps/train 1975.12

Writing metrics: /data2/liguoqi/habmm/hab_z/btwm/runs/dreamerv3_atari_pong_seed0_v2_1m/scores.jsonl
Writing metrics: /data2/liguoqi/habmm/hab_z/btwm/runs/dreamerv3_atari_pong_seed0_v2_1m/metrics.jsonl

--------------------[Agent Step 3_311_240]--------------------
Metrics filtered by: 'score|length|fps|ratio|train/loss/|train/acc/|train/inv/|train/rand/'
train/acc/inv 0.12 / train/inv/ce 2.09 / train/inv/objective 1.17 / train/inv/valid_frac 1 / train/inv/weight 0 / train/loss/con 0.02 / train/loss/dyn 1.07 / train/loss/image 0.04 / train/loss/inv 0 / train/loss/policy -2.8e-5 / train/loss/rep 1.07 / train/loss/repval 1.17 / train/loss/rew 7.9e-3 / train/loss/value 1.03 / train/rand/action 0.14 / replay/replay_ratio 264 / fps/policy 7.47 / fps/train 1913.59

Writing metrics: /data2/liguoqi/habmm/hab_z/btwm/runs/dreamerv3_atari_pong_seed0_v2_1m/metrics.jsonl
Writing metrics: /data2/liguoqi/habmm/hab_z/btwm/runs/dreamerv3_atari_pong_seed0_v2_1m/scores.jsonl

--------------------[Agent Step 3_314_960]--------------------
Metrics filtered by: 'score|length|fps|ratio|train/loss/|train/acc/|train/inv/|train/rand/'
train/acc/inv 0.12 / train/inv/ce 2.09 / train/inv/objective 1.17 / train/inv/valid_frac 1 / train/inv/weight 0 / train/loss/con 0.02 / train/loss/dyn 1.07 / train/loss/image 0.05 / train/loss/inv 0 / train/loss/policy 5.5e-5 / train/loss/rep 1.07 / train/loss/repval 1.17 / train/loss/rew 7.8e-3 / train/loss/value 1.03 / train/rand/action 0.13 / replay/replay_ratio 264 / fps/policy 7.73 / fps/train 1978.83

Writing metrics: /data2/liguoqi/habmm/hab_z/btwm/runs/dreamerv3_atari_pong_seed0_v2_1m/metrics.jsonl
Writing metrics: /data2/liguoqi/habmm/hab_z/btwm/runs/dreamerv3_atari_pong_seed0_v2_1m/scores.jsonl

--------------------[Agent Step 3_318_680]--------------------
Metrics filtered by: 'score|length|fps|ratio|train/loss/|train/acc/|train/inv/|train/rand/'
episode/score 15 / episode/length 2664 / train/acc/inv 0.12 / train/inv/ce 2.07 / train/inv/objective 1.16 / train/inv/valid_frac 1 / train/inv/weight 0 / train/loss/con 0.02 / train/loss/dyn 1.08 / train/loss/image 0.04 / train/loss/inv 0 / train/loss/policy -5.1e-5 / train/loss/rep 1.08 / train/loss/repval 1.17 / train/loss/rew 8.1e-3 / train/loss/value 1.03 / train/rand/action 0.14 / replay/replay_ratio 264 / fps/policy 7.7 / fps/train 1970.83

Writing metrics: /data2/liguoqi/habmm/hab_z/btwm/runs/dreamerv3_atari_pong_seed0_v2_1m/scores.jsonl
Writing metrics: /data2/liguoqi/habmm/hab_z/btwm/runs/dreamerv3_atari_pong_seed0_v2_1m/metrics.jsonl

--------------------[Agent Step 3_322_400]--------------------
Metrics filtered by: 'score|length|fps|ratio|train/loss/|train/acc/|train/inv/|train/rand/'
train/acc/inv 0.12 / train/inv/ce 2.09 / train/inv/objective 1.16 / train/inv/valid_frac 1 / train/inv/weight 0 / train/loss/con 0.02 / train/loss/dyn 1.07 / train/loss/image 0.05 / train/loss/inv 0 / train/loss/policy 4.9e-5 / train/loss/rep 1.07 / train/loss/repval 1.16 / train/loss/rew 8e-3 / train/loss/value 1.03 / train/rand/action 0.15 / replay/replay_ratio 264 / fps/policy 7.75 / fps/train 1984.52

Writing metrics: /data2/liguoqi/habmm/hab_z/btwm/runs/dreamerv3_atari_pong_seed0_v2_1m/metrics.jsonl
Writing metrics: /data2/liguoqi/habmm/hab_z/btwm/runs/dreamerv3_atari_pong_seed0_v2_1m/scores.jsonl

--------------------[Agent Step 3_326_120]--------------------
Metrics filtered by: 'score|length|fps|ratio|train/loss/|train/acc/|train/inv/|train/rand/'
train/acc/inv 0.12 / train/inv/ce 2.1 / train/inv/objective 1.17 / train/inv/valid_frac 1 / train/inv/weight 0 / train/loss/con 0.02 / train/loss/dyn 1.07 / train/loss/image 0.05 / train/loss/inv 0 / train/loss/policy -2.6e-5 / train/loss/rep 1.07 / train/loss/repval 1.16 / train/loss/rew 7.7e-3 / train/loss/value 1.03 / train/rand/action 0.14 / replay/replay_ratio 264 / fps/policy 7.74 / fps/train 1982.2

Writing metrics: /data2/liguoqi/habmm/hab_z/btwm/runs/dreamerv3_atari_pong_seed0_v2_1m/metrics.jsonl
Writing metrics: /data2/liguoqi/habmm/hab_z/btwm/runs/dreamerv3_atari_pong_seed0_v2_1m/scores.jsonl

--------------------[Agent Step 3_329_840]--------------------
Metrics filtered by: 'score|length|fps|ratio|train/loss/|train/acc/|train/inv/|train/rand/'
episode/score 11 / episode/length 2991 / train/acc/inv 0.12 / train/inv/ce 2.09 / train/inv/objective 1.17 / train/inv/valid_frac 1 / train/inv/weight 0 / train/loss/con 0.02 / train/loss/dyn 1.07 / train/loss/image 0.05 / train/loss/inv 0 / train/loss/policy -4.6e-5 / train/loss/rep 1.07 / train/loss/repval 1.16 / train/loss/rew 8e-3 / train/loss/value 1.03 / train/rand/action 0.14 / replay/replay_ratio 264 / fps/policy 7.69 / fps/train 1969.63

Writing metrics: /data2/liguoqi/habmm/hab_z/btwm/runs/dreamerv3_atari_pong_seed0_v2_1m/scores.jsonl
Writing metrics: /data2/liguoqi/habmm/hab_z/btwm/runs/dreamerv3_atari_pong_seed0_v2_1m/metrics.jsonl

--------------------[Agent Step 3_333_560]--------------------
Metrics filtered by: 'score|length|fps|ratio|train/loss/|train/acc/|train/inv/|train/rand/'
train/acc/inv 0.12 / train/inv/ce 2.09 / train/inv/objective 1.16 / train/inv/valid_frac 1 / train/inv/weight 0 / train/loss/con 0.02 / train/loss/dyn 1.07 / train/loss/image 0.05 / train/loss/inv 0 / train/loss/policy 5.1e-5 / train/loss/rep 1.07 / train/loss/repval 1.14 / train/loss/rew 7.7e-3 / train/loss/value 1.02 / train/rand/action 0.13 / replay/replay_ratio 264 / fps/policy 7.71 / fps/train 1974.91

Writing metrics: /data2/liguoqi/habmm/hab_z/btwm/runs/dreamerv3_atari_pong_seed0_v2_1m/scores.jsonl
Writing metrics: /data2/liguoqi/habmm/hab_z/btwm/runs/dreamerv3_atari_pong_seed0_v2_1m/metrics.jsonl

--------------------[Agent Step 3_337_280]--------------------
Metrics filtered by: 'score|length|fps|ratio|train/loss/|train/acc/|train/inv/|train/rand/'
train/acc/inv 0.12 / train/inv/ce 2.09 / train/inv/objective 1.17 / train/inv/valid_frac 1 / train/inv/weight 0 / train/loss/con 0.02 / train/loss/dyn 1.07 / train/loss/image 0.05 / train/loss/inv 0 / train/loss/policy -1.1e-5 / train/loss/rep 1.07 / train/loss/repval 1.15 / train/loss/rew 8e-3 / train/loss/value 1.02 / train/rand/action 0.14 / replay/replay_ratio 264 / fps/policy 7.72 / fps/train 1976.7

Writing metrics: /data2/liguoqi/habmm/hab_z/btwm/runs/dreamerv3_atari_pong_seed0_v2_1m/metrics.jsonl
Writing metrics: /data2/liguoqi/habmm/hab_z/btwm/runs/dreamerv3_atari_pong_seed0_v2_1m/scores.jsonl

--------------------[Agent Step 3_341_000]--------------------
Metrics filtered by: 'score|length|fps|ratio|train/loss/|train/acc/|train/inv/|train/rand/'
train/acc/inv 0.12 / train/inv/ce 2.08 / train/inv/objective 1.16 / train/inv/valid_frac 1 / train/inv/weight 0 / train/loss/con 0.02 / train/loss/dyn 1.07 / train/loss/image 0.05 / train/loss/inv 0 / train/loss/policy 3.7e-5 / train/loss/rep 1.07 / train/loss/repval 1.16 / train/loss/rew 8e-3 / train/loss/value 1.03 / train/rand/action 0.15 / replay/replay_ratio 264 / fps/policy 7.74 / fps/train 1980.44

Writing metrics: /data2/liguoqi/habmm/hab_z/btwm/runs/dreamerv3_atari_pong_seed0_v2_1m/metrics.jsonl
Writing metrics: /data2/liguoqi/habmm/hab_z/btwm/runs/dreamerv3_atari_pong_seed0_v2_1m/scores.jsonl

--------------------[Agent Step 3_344_720]--------------------
Metrics filtered by: 'score|length|fps|ratio|train/loss/|train/acc/|train/inv/|train/rand/'
episode/score 11 / episode/length 2994 / train/acc/inv 0.12 / train/inv/ce 2.09 / train/inv/objective 1.17 / train/inv/valid_frac 1 / train/inv/weight 0 / train/loss/con 0.02 / train/loss/dyn 1.07 / train/loss/image 0.05 / train/loss/inv 0 / train/loss/policy -7e-5 / train/loss/rep 1.07 / train/loss/repval 1.18 / train/loss/rew 7.9e-3 / train/loss/value 1.04 / train/rand/action 0.14 / replay/replay_ratio 264 / fps/policy 7.72 / fps/train 1976.44

Writing metrics: /data2/liguoqi/habmm/hab_z/btwm/runs/dreamerv3_atari_pong_seed0_v2_1m/metrics.jsonl
Writing metrics: /data2/liguoqi/habmm/hab_z/btwm/runs/dreamerv3_atari_pong_seed0_v2_1m/scores.jsonl

--------------------[Agent Step 3_348_440]--------------------
Metrics filtered by: 'score|length|fps|ratio|train/loss/|train/acc/|train/inv/|train/rand/'
train/acc/inv 0.12 / train/inv/ce 2.1 / train/inv/objective 1.17 / train/inv/valid_frac 1 / train/inv/weight 0 / train/loss/con 0.02 / train/loss/dyn 1.07 / train/loss/image 0.05 / train/loss/inv 0 / train/loss/policy 6.9e-5 / train/loss/rep 1.07 / train/loss/repval 1.17 / train/loss/rew 8.1e-3 / train/loss/value 1.04 / train/rand/action 0.13 / replay/replay_ratio 264 / fps/policy 7.74 / fps/train 1980.43

Writing metrics: /data2/liguoqi/habmm/hab_z/btwm/runs/dreamerv3_atari_pong_seed0_v2_1m/metrics.jsonl
Writing metrics: /data2/liguoqi/habmm/hab_z/btwm/runs/dreamerv3_atari_pong_seed0_v2_1m/scores.jsonl

--------------------[Agent Step 3_352_160]--------------------
Metrics filtered by: 'score|length|fps|ratio|train/loss/|train/acc/|train/inv/|train/rand/'
train/acc/inv 0.11 / train/inv/ce 2.1 / train/inv/objective 1.17 / train/inv/valid_frac 1 / train/inv/weight 0 / train/loss/con 0.02 / train/loss/dyn 1.07 / train/loss/image 0.05 / train/loss/inv 0 / train/loss/policy 2.4e-5 / train/loss/rep 1.07 / train/loss/repval 1.17 / train/loss/rew 8e-3 / train/loss/value 1.04 / train/rand/action 0.13 / replay/replay_ratio 264 / fps/policy 7.74 / fps/train 1980.97

Writing metrics: /data2/liguoqi/habmm/hab_z/btwm/runs/dreamerv3_atari_pong_seed0_v2_1m/metrics.jsonl
Writing metrics: /data2/liguoqi/habmm/hab_z/btwm/runs/dreamerv3_atari_pong_seed0_v2_1m/scores.jsonl

--------------------[Agent Step 3_355_840]--------------------
Metrics filtered by: 'score|length|fps|ratio|train/loss/|train/acc/|train/inv/|train/rand/'
episode/score 5 / episode/length 2835 / train/acc/inv 0.12 / train/inv/ce 2.1 / train/inv/objective 1.17 / train/inv/valid_frac 1 / train/inv/weight 0 / train/loss/con 0.02 / train/loss/dyn 1.08 / train/loss/image 0.05 / train/loss/inv 0 / train/loss/policy 6.6e-6 / train/loss/rep 1.08 / train/loss/repval 1.15 / train/loss/rew 7.9e-3 / train/loss/value 1.03 / train/rand/action 0.13 / replay/replay_ratio 264 / fps/policy 7.61 / fps/train 1949.27

Writing metrics: /data2/liguoqi/habmm/hab_z/btwm/runs/dreamerv3_atari_pong_seed0_v2_1m/scores.jsonl
Writing metrics: /data2/liguoqi/habmm/hab_z/btwm/runs/dreamerv3_atari_pong_seed0_v2_1m/metrics.jsonl

--------------------[Agent Step 3_359_440]--------------------
Metrics filtered by: 'score|length|fps|ratio|train/loss/|train/acc/|train/inv/|train/rand/'
train/acc/inv 0.11 / train/inv/ce 2.1 / train/inv/objective 1.17 / train/inv/valid_frac 1 / train/inv/weight 0 / train/loss/con 0.02 / train/loss/dyn 1.07 / train/loss/image 0.04 / train/loss/inv 0 / train/loss/policy 1.8e-4 / train/loss/rep 1.07 / train/loss/repval 1.19 / train/loss/rew 7.9e-3 / train/loss/value 1.05 / train/rand/action 0.13 / replay/replay_ratio 264 / fps/policy 7.47 / fps/train 1911.23

Writing metrics: /data2/liguoqi/habmm/hab_z/btwm/runs/dreamerv3_atari_pong_seed0_v2_1m/metrics.jsonl
Writing metrics: /data2/liguoqi/habmm/hab_z/btwm/runs/dreamerv3_atari_pong_seed0_v2_1m/scores.jsonl

--------------------[Agent Step 3_363_160]--------------------
Metrics filtered by: 'score|length|fps|ratio|train/loss/|train/acc/|train/inv/|train/rand/'
episode/score 15 / episode/length 1982 / train/acc/inv 0.11 / train/inv/ce 2.1 / train/inv/objective 1.17 / train/inv/valid_frac 1 / train/inv/weight 0 / train/loss/con 0.02 / train/loss/dyn 1.07 / train/loss/image 0.04 / train/loss/inv 0 / train/loss/policy -1.1e-4 / train/loss/rep 1.07 / train/loss/repval 1.2 / train/loss/rew 7.8e-3 / train/loss/value 1.05 / train/rand/action 0.13 / replay/replay_ratio 264 / fps/policy 7.67 / fps/train 1962.67

Writing metrics: /data2/liguoqi/habmm/hab_z/btwm/runs/dreamerv3_atari_pong_seed0_v2_1m/metrics.jsonl
Writing metrics: /data2/liguoqi/habmm/hab_z/btwm/runs/dreamerv3_atari_pong_seed0_v2_1m/scores.jsonl

--------------------[Agent Step 3_366_880]--------------------
Metrics filtered by: 'score|length|fps|ratio|train/loss/|train/acc/|train/inv/|train/rand/'
train/acc/inv 0.12 / train/inv/ce 2.1 / train/inv/objective 1.17 / train/inv/valid_frac 1 / train/inv/weight 0 / train/loss/con 0.02 / train/loss/dyn 1.07 / train/loss/image 0.05 / train/loss/inv 0 / train/loss/policy -1.2e-4 / train/loss/rep 1.07 / train/loss/repval 1.21 / train/loss/rew 7.7e-3 / train/loss/value 1.04 / train/rand/action 0.12 / replay/replay_ratio 264 / fps/policy 7.73 / fps/train 1978.65

Writing metrics: /data2/liguoqi/habmm/hab_z/btwm/runs/dreamerv3_atari_pong_seed0_v2_1m/metrics.jsonl
Writing metrics: /data2/liguoqi/habmm/hab_z/btwm/runs/dreamerv3_atari_pong_seed0_v2_1m/scores.jsonl

--------------------[Agent Step 3_370_600]--------------------
Metrics filtered by: 'score|length|fps|ratio|train/loss/|train/acc/|train/inv/|train/rand/'
episode/score 15 / episode/length 2199 / train/acc/inv 0.12 / train/inv/ce 2.09 / train/inv/objective 1.17 / train/inv/valid_frac 1 / train/inv/weight 0 / train/loss/con 0.02 / train/loss/dyn 1.07 / train/loss/image 0.05 / train/loss/inv 0 / train/loss/policy 1.7e-4 / train/loss/rep 1.07 / train/loss/repval 1.16 / train/loss/rew 7.9e-3 / train/loss/value 1.02 / train/rand/action 0.12 / replay/replay_ratio 264 / fps/policy 7.69 / fps/train 1968.8

Writing metrics: /data2/liguoqi/habmm/hab_z/btwm/runs/dreamerv3_atari_pong_seed0_v2_1m/scores.jsonl
Writing metrics: /data2/liguoqi/habmm/hab_z/btwm/runs/dreamerv3_atari_pong_seed0_v2_1m/metrics.jsonl

--------------------[Agent Step 3_374_320]--------------------
Metrics filtered by: 'score|length|fps|ratio|train/loss/|train/acc/|train/inv/|train/rand/'
train/acc/inv 0.11 / train/inv/ce 2.1 / train/inv/objective 1.17 / train/inv/valid_frac 1 / train/inv/weight 0 / train/loss/con 0.02 / train/loss/dyn 1.08 / train/loss/image 0.05 / train/loss/inv 0 / train/loss/policy 8.8e-5 / train/loss/rep 1.08 / train/loss/repval 1.16 / train/loss/rew 7.9e-3 / train/loss/value 1.01 / train/rand/action 0.13 / replay/replay_ratio 264 / fps/policy 7.72 / fps/train 1977.6

Writing metrics: /data2/liguoqi/habmm/hab_z/btwm/runs/dreamerv3_atari_pong_seed0_v2_1m/metrics.jsonl
Writing metrics: /data2/liguoqi/habmm/hab_z/btwm/runs/dreamerv3_atari_pong_seed0_v2_1m/scores.jsonl

--------------------[Agent Step 3_378_040]--------------------
Metrics filtered by: 'score|length|fps|ratio|train/loss/|train/acc/|train/inv/|train/rand/'
train/acc/inv 0.11 / train/inv/ce 2.1 / train/inv/objective 1.17 / train/inv/valid_frac 1 / train/inv/weight 0 / train/loss/con 0.02 / train/loss/dyn 1.07 / train/loss/image 0.05 / train/loss/inv 0 / train/loss/policy 2.3e-5 / train/loss/rep 1.07 / train/loss/repval 1.16 / train/loss/rew 7.9e-3 / train/loss/value 1.03 / train/rand/action 0.12 / replay/replay_ratio 264 / fps/policy 7.73 / fps/train 1978.29

Writing metrics: /data2/liguoqi/habmm/hab_z/btwm/runs/dreamerv3_atari_pong_seed0_v2_1m/metrics.jsonl
Writing metrics: /data2/liguoqi/habmm/hab_z/btwm/runs/dreamerv3_atari_pong_seed0_v2_1m/scores.jsonl

--------------------[Agent Step 3_381_760]--------------------
Metrics filtered by: 'score|length|fps|ratio|train/loss/|train/acc/|train/inv/|train/rand/'
episode/score 16 / episode/length 2683 / train/acc/inv 0.11 / train/inv/ce 2.1 / train/inv/objective 1.17 / train/inv/valid_frac 1 / train/inv/weight 0 / train/loss/con 0.02 / train/loss/dyn 1.07 / train/loss/image 0.05 / train/loss/inv 0 / train/loss/policy 7.2e-5 / train/loss/rep 1.07 / train/loss/repval 1.16 / train/loss/rew 7.9e-3 / train/loss/value 1.03 / train/rand/action 0.12 / replay/replay_ratio 264 / fps/policy 7.64 / fps/train 1955.46

Writing metrics: /data2/liguoqi/habmm/hab_z/btwm/runs/dreamerv3_atari_pong_seed0_v2_1m/metrics.jsonl
Writing metrics: /data2/liguoqi/habmm/hab_z/btwm/runs/dreamerv3_atari_pong_seed0_v2_1m/scores.jsonl
Saving checkpoint: /data2/liguoqi/habmm/hab_z/btwm/runs/dreamerv3_atari_pong_seed0_v2_1m/ckpt/20260615T024006F383928
Saved checkpoint.

--------------------[Agent Step 3_384_560]--------------------
Metrics filtered by: 'score|length|fps|ratio|train/loss/|train/acc/|train/inv/|train/rand/'
train/acc/inv 0.12 / train/inv/ce 2.08 / train/inv/objective 1.16 / train/inv/valid_frac 1 / train/inv/weight 0 / train/loss/con 0.02 / train/loss/dyn 1.07 / train/loss/image 0.04 / train/loss/inv 0 / train/loss/policy 7.1e-5 / train/loss/rep 1.07 / train/loss/repval 1.17 / train/loss/rew 8.1e-3 / train/loss/value 1.04 / train/rand/action 0.13 / replay/replay_ratio 264 / fps/policy 5.89 / fps/train 1507.94

Writing metrics: /data2/liguoqi/habmm/hab_z/btwm/runs/dreamerv3_atari_pong_seed0_v2_1m/scores.jsonl
Writing metrics: /data2/liguoqi/habmm/hab_z/btwm/runs/dreamerv3_atari_pong_seed0_v2_1m/metrics.jsonl

--------------------[Agent Step 3_388_240]--------------------
Metrics filtered by: 'score|length|fps|ratio|train/loss/|train/acc/|train/inv/|train/rand/'
train/acc/inv 0.12 / train/inv/ce 2.1 / train/inv/objective 1.17 / train/inv/valid_frac 1 / train/inv/weight 0 / train/loss/con 0.02 / train/loss/dyn 1.07 / train/loss/image 0.05 / train/loss/inv 0 / train/loss/policy 4.5e-5 / train/loss/rep 1.07 / train/loss/repval 1.16 / train/loss/rew 8e-3 / train/loss/value 1.03 / train/rand/action 0.13 / replay/replay_ratio 264 / fps/policy 7.66 / fps/train 1962.12

Writing metrics: /data2/liguoqi/habmm/hab_z/btwm/runs/dreamerv3_atari_pong_seed0_v2_1m/metrics.jsonl
Writing metrics: /data2/liguoqi/habmm/hab_z/btwm/runs/dreamerv3_atari_pong_seed0_v2_1m/scores.jsonl

--------------------[Agent Step 3_391_920]--------------------
Metrics filtered by: 'score|length|fps|ratio|train/loss/|train/acc/|train/inv/|train/rand/'
episode/score 14 / episode/length 2226 / train/acc/inv 0.11 / train/inv/ce 2.1 / train/inv/objective 1.17 / train/inv/valid_frac 1 / train/inv/weight 0 / train/loss/con 0.02 / train/loss/dyn 1.07 / train/loss/image 0.05 / train/loss/inv 0 / train/loss/policy 6.9e-6 / train/loss/rep 1.07 / train/loss/repval 1.16 / train/loss/rew 8.1e-3 / train/loss/value 1.03 / train/rand/action 0.13 / replay/replay_ratio 264 / fps/policy 7.65 / fps/train 1958.03

Writing metrics: /data2/liguoqi/habmm/hab_z/btwm/runs/dreamerv3_atari_pong_seed0_v2_1m/scores.jsonl
Writing metrics: /data2/liguoqi/habmm/hab_z/btwm/runs/dreamerv3_atari_pong_seed0_v2_1m/metrics.jsonl

--------------------[Agent Step 3_395_640]--------------------
Metrics filtered by: 'score|length|fps|ratio|train/loss/|train/acc/|train/inv/|train/rand/'
train/acc/inv 0.11 / train/inv/ce 2.1 / train/inv/objective 1.17 / train/inv/valid_frac 1 / train/inv/weight 0 / train/loss/con 0.02 / train/loss/dyn 1.07 / train/loss/image 0.04 / train/loss/inv 0 / train/loss/policy 1.8e-5 / train/loss/rep 1.07 / train/loss/repval 1.17 / train/loss/rew 7.9e-3 / train/loss/value 1.03 / train/rand/action 0.13 / replay/replay_ratio 264 / fps/policy 7.69 / fps/train 1969.9

Writing metrics: /data2/liguoqi/habmm/hab_z/btwm/runs/dreamerv3_atari_pong_seed0_v2_1m/metrics.jsonl
Writing metrics: /data2/liguoqi/habmm/hab_z/btwm/runs/dreamerv3_atari_pong_seed0_v2_1m/scores.jsonl

--------------------[Agent Step 3_399_360]--------------------
Metrics filtered by: 'score|length|fps|ratio|train/loss/|train/acc/|train/inv/|train/rand/'
episode/score 11 / episode/length 2085 / train/acc/inv 0.11 / train/inv/ce 2.09 / train/inv/objective 1.17 / train/inv/valid_frac 1 / train/inv/weight 0 / train/loss/con 0.02 / train/loss/dyn 1.07 / train/loss/image 0.05 / train/loss/inv 0 / train/loss/policy 4.2e-5 / train/loss/rep 1.07 / train/loss/repval 1.15 / train/loss/rew 7.9e-3 / train/loss/value 1.03 / train/rand/action 0.14 / replay/replay_ratio 264 / fps/policy 7.72 / fps/train 1975.86

Writing metrics: /data2/liguoqi/habmm/hab_z/btwm/runs/dreamerv3_atari_pong_seed0_v2_1m/scores.jsonl
Writing metrics: /data2/liguoqi/habmm/hab_z/btwm/runs/dreamerv3_atari_pong_seed0_v2_1m/metrics.jsonl

--------------------[Agent Step 3_402_960]--------------------
Metrics filtered by: 'score|length|fps|ratio|train/loss/|train/acc/|train/inv/|train/rand/'
train/acc/inv 0.11 / train/inv/ce 2.1 / train/inv/objective 1.17 / train/inv/valid_frac 1 / train/inv/weight 0 / train/loss/con 0.02 / train/loss/dyn 1.07 / train/loss/image 0.05 / train/loss/inv 0 / train/loss/policy 1.4e-5 / train/loss/rep 1.07 / train/loss/repval 1.17 / train/loss/rew 8e-3 / train/loss/value 1.03 / train/rand/action 0.13 / replay/replay_ratio 264 / fps/policy 7.49 / fps/train 1916.29

Writing metrics: /data2/liguoqi/habmm/hab_z/btwm/runs/dreamerv3_atari_pong_seed0_v2_1m/metrics.jsonl
Writing metrics: /data2/liguoqi/habmm/hab_z/btwm/runs/dreamerv3_atari_pong_seed0_v2_1m/scores.jsonl

--------------------[Agent Step 3_406_680]--------------------
Metrics filtered by: 'score|length|fps|ratio|train/loss/|train/acc/|train/inv/|train/rand/'
train/acc/inv 0.11 / train/inv/ce 2.09 / train/inv/objective 1.17 / train/inv/valid_frac 1 / train/inv/weight 0 / train/loss/con 0.02 / train/loss/dyn 1.08 / train/loss/image 0.05 / train/loss/inv 0 / train/loss/policy 1.9e-5 / train/loss/rep 1.08 / train/loss/repval 1.16 / train/loss/rew 8.2e-3 / train/loss/value 1.03 / train/rand/action 0.13 / replay/replay_ratio 264 / fps/policy 7.74 / fps/train 1980.9

Writing metrics: /data2/liguoqi/habmm/hab_z/btwm/runs/dreamerv3_atari_pong_seed0_v2_1m/metrics.jsonl
Writing metrics: /data2/liguoqi/habmm/hab_z/btwm/runs/dreamerv3_atari_pong_seed0_v2_1m/scores.jsonl

--------------------[Agent Step 3_410_400]--------------------
Metrics filtered by: 'score|length|fps|ratio|train/loss/|train/acc/|train/inv/|train/rand/'
episode/score 5 / episode/length 2806 / train/acc/inv 0.11 / train/inv/ce 2.09 / train/inv/objective 1.17 / train/inv/valid_frac 1 / train/inv/weight 0 / train/loss/con 0.02 / train/loss/dyn 1.07 / train/loss/image 0.05 / train/loss/inv 0 / train/loss/policy 1.3e-5 / train/loss/rep 1.07 / train/loss/repval 1.18 / train/loss/rew 8.1e-3 / train/loss/value 1.04 / train/rand/action 0.12 / replay/replay_ratio 264 / fps/policy 7.7 / fps/train 1972.4

Writing metrics: /data2/liguoqi/habmm/hab_z/btwm/runs/dreamerv3_atari_pong_seed0_v2_1m/metrics.jsonl
Writing metrics: /data2/liguoqi/habmm/hab_z/btwm/runs/dreamerv3_atari_pong_seed0_v2_1m/scores.jsonl

--------------------[Agent Step 3_414_120]--------------------
Metrics filtered by: 'score|length|fps|ratio|train/loss/|train/acc/|train/inv/|train/rand/'
train/acc/inv 0.11 / train/inv/ce 2.1 / train/inv/objective 1.17 / train/inv/valid_frac 1 / train/inv/weight 0 / train/loss/con 0.02 / train/loss/dyn 1.07 / train/loss/image 0.04 / train/loss/inv 0 / train/loss/policy 6.2e-5 / train/loss/rep 1.07 / train/loss/repval 1.18 / train/loss/rew 8.2e-3 / train/loss/value 1.04 / train/rand/action 0.13 / replay/replay_ratio 264 / fps/policy 7.72 / fps/train 1977.38

Writing metrics: /data2/liguoqi/habmm/hab_z/btwm/runs/dreamerv3_atari_pong_seed0_v2_1m/metrics.jsonl
Writing metrics: /data2/liguoqi/habmm/hab_z/btwm/runs/dreamerv3_atari_pong_seed0_v2_1m/scores.jsonl

--------------------[Agent Step 3_417_840]--------------------
Metrics filtered by: 'score|length|fps|ratio|train/loss/|train/acc/|train/inv/|train/rand/'
train/acc/inv 0.12 / train/inv/ce 2.09 / train/inv/objective 1.17 / train/inv/valid_frac 1 / train/inv/weight 0 / train/loss/con 0.02 / train/loss/dyn 1.07 / train/loss/image 0.04 / train/loss/inv 0 / train/loss/policy 1.8e-5 / train/loss/rep 1.07 / train/loss/repval 1.17 / train/loss/rew 7.9e-3 / train/loss/value 1.03 / train/rand/action 0.14 / replay/replay_ratio 264 / fps/policy 7.7 / fps/train 1970.73

Writing metrics: /data2/liguoqi/habmm/hab_z/btwm/runs/dreamerv3_atari_pong_seed0_v2_1m/metrics.jsonl
Writing metrics: /data2/liguoqi/habmm/hab_z/btwm/runs/dreamerv3_atari_pong_seed0_v2_1m/scores.jsonl

--------------------[Agent Step 3_421_560]--------------------
Metrics filtered by: 'score|length|fps|ratio|train/loss/|train/acc/|train/inv/|train/rand/'
episode/score 10 / episode/length 3028 / train/acc/inv 0.12 / train/inv/ce 2.08 / train/inv/objective 1.16 / train/inv/valid_frac 1 / train/inv/weight 0 / train/loss/con 0.02 / train/loss/dyn 1.07 / train/loss/image 0.04 / train/loss/inv 0 / train/loss/policy 6.1e-6 / train/loss/rep 1.07 / train/loss/repval 1.16 / train/loss/rew 7.9e-3 / train/loss/value 1.03 / train/rand/action 0.14 / replay/replay_ratio 264 / fps/policy 7.67 / fps/train 1962.52

Writing metrics: /data2/liguoqi/habmm/hab_z/btwm/runs/dreamerv3_atari_pong_seed0_v2_1m/metrics.jsonl
Writing metrics: /data2/liguoqi/habmm/hab_z/btwm/runs/dreamerv3_atari_pong_seed0_v2_1m/scores.jsonl

--------------------[Agent Step 3_425_240]--------------------
Metrics filtered by: 'score|length|fps|ratio|train/loss/|train/acc/|train/inv/|train/rand/'
train/acc/inv 0.12 / train/inv/ce 2.09 / train/inv/objective 1.17 / train/inv/valid_frac 1 / train/inv/weight 0 / train/loss/con 0.02 / train/loss/dyn 1.07 / train/loss/image 0.04 / train/loss/inv 0 / train/loss/policy 3.9e-5 / train/loss/rep 1.07 / train/loss/repval 1.15 / train/loss/rew 7.8e-3 / train/loss/value 1.02 / train/rand/action 0.15 / replay/replay_ratio 264 / fps/policy 7.72 / fps/train 1975.52

Writing metrics: /data2/liguoqi/habmm/hab_z/btwm/runs/dreamerv3_atari_pong_seed0_v2_1m/metrics.jsonl
Writing metrics: /data2/liguoqi/habmm/hab_z/btwm/runs/dreamerv3_atari_pong_seed0_v2_1m/scores.jsonl

--------------------[Agent Step 3_428_960]--------------------
Metrics filtered by: 'score|length|fps|ratio|train/loss/|train/acc/|train/inv/|train/rand/'
train/acc/inv 0.12 / train/inv/ce 2.1 / train/inv/objective 1.17 / train/inv/valid_frac 1 / train/inv/weight 0 / train/loss/con 0.02 / train/loss/dyn 1.07 / train/loss/image 0.04 / train/loss/inv 0 / train/loss/policy -2.6e-5 / train/loss/rep 1.07 / train/loss/repval 1.14 / train/loss/rew 7.9e-3 / train/loss/value 1.03 / train/rand/action 0.14 / replay/replay_ratio 264 / fps/policy 7.73 / fps/train 1978.68

Writing metrics: /data2/liguoqi/habmm/hab_z/btwm/runs/dreamerv3_atari_pong_seed0_v2_1m/scores.jsonl
Writing metrics: /data2/liguoqi/habmm/hab_z/btwm/runs/dreamerv3_atari_pong_seed0_v2_1m/metrics.jsonl

--------------------[Agent Step 3_432_680]--------------------
Metrics filtered by: 'score|length|fps|ratio|train/loss/|train/acc/|train/inv/|train/rand/'
train/acc/inv 0.12 / train/inv/ce 2.09 / train/inv/objective 1.17 / train/inv/valid_frac 1 / train/inv/weight 0 / train/loss/con 0.02 / train/loss/dyn 1.07 / train/loss/image 0.04 / train/loss/inv 0 / train/loss/policy 2.3e-5 / train/loss/rep 1.07 / train/loss/repval 1.14 / train/loss/rew 8e-3 / train/loss/value 1.02 / train/rand/action 0.14 / replay/replay_ratio 264 / fps/policy 7.74 / fps/train 1981.57

Writing metrics: /data2/liguoqi/habmm/hab_z/btwm/runs/dreamerv3_atari_pong_seed0_v2_1m/metrics.jsonl
Writing metrics: /data2/liguoqi/habmm/hab_z/btwm/runs/dreamerv3_atari_pong_seed0_v2_1m/scores.jsonl

--------------------[Agent Step 3_436_400]--------------------
Metrics filtered by: 'score|length|fps|ratio|train/loss/|train/acc/|train/inv/|train/rand/'
episode/score 14 / episode/length 2941 / train/acc/inv 0.12 / train/inv/ce 2.09 / train/inv/objective 1.17 / train/inv/valid_frac 1 / train/inv/weight 0 / train/loss/con 0.02 / train/loss/dyn 1.07 / train/loss/image 0.04 / train/loss/inv 0 / train/loss/policy 6e-6 / train/loss/rep 1.07 / train/loss/repval 1.15 / train/loss/rew 8.2e-3 / train/loss/value 1.02 / train/rand/action 0.15 / replay/replay_ratio 264 / fps/policy 7.7 / fps/train 1970.84

Writing metrics: /data2/liguoqi/habmm/hab_z/btwm/runs/dreamerv3_atari_pong_seed0_v2_1m/scores.jsonl
Writing metrics: /data2/liguoqi/habmm/hab_z/btwm/runs/dreamerv3_atari_pong_seed0_v2_1m/metrics.jsonl

--------------------[Agent Step 3_440_120]--------------------
Metrics filtered by: 'score|length|fps|ratio|train/loss/|train/acc/|train/inv/|train/rand/'
train/acc/inv 0.12 / train/inv/ce 2.08 / train/inv/objective 1.16 / train/inv/valid_frac 1 / train/inv/weight 0 / train/loss/con 0.02 / train/loss/dyn 1.08 / train/loss/image 0.05 / train/loss/inv 0 / train/loss/policy -1.1e-4 / train/loss/rep 1.08 / train/loss/repval 1.16 / train/loss/rew 8e-3 / train/loss/value 1.03 / train/rand/action 0.14 / replay/replay_ratio 264 / fps/policy 7.73 / fps/train 1978.44

Writing metrics: /data2/liguoqi/habmm/hab_z/btwm/runs/dreamerv3_atari_pong_seed0_v2_1m/metrics.jsonl
Writing metrics: /data2/liguoqi/habmm/hab_z/btwm/runs/dreamerv3_atari_pong_seed0_v2_1m/scores.jsonl

--------------------[Agent Step 3_443_840]--------------------
Metrics filtered by: 'score|length|fps|ratio|train/loss/|train/acc/|train/inv/|train/rand/'
train/acc/inv 0.12 / train/inv/ce 2.08 / train/inv/objective 1.16 / train/inv/valid_frac 1 / train/inv/weight 0 / train/loss/con 0.02 / train/loss/dyn 1.07 / train/loss/image 0.05 / train/loss/inv 0 / train/loss/policy 4.7e-5 / train/loss/rep 1.07 / train/loss/repval 1.16 / train/loss/rew 8.1e-3 / train/loss/value 1.03 / train/rand/action 0.15 / replay/replay_ratio 264 / fps/policy 7.72 / fps/train 1976.58

Writing metrics: /data2/liguoqi/habmm/hab_z/btwm/runs/dreamerv3_atari_pong_seed0_v2_1m/metrics.jsonl
Writing metrics: /data2/liguoqi/habmm/hab_z/btwm/runs/dreamerv3_atari_pong_seed0_v2_1m/scores.jsonl

--------------------[Agent Step 3_447_560]--------------------
Metrics filtered by: 'score|length|fps|ratio|train/loss/|train/acc/|train/inv/|train/rand/'
episode/score 13 / episode/length 3105 / train/acc/inv 0.12 / train/inv/ce 2.08 / train/inv/objective 1.16 / train/inv/valid_frac 1 / train/inv/weight 0 / train/loss/con 0.02 / train/loss/dyn 1.07 / train/loss/image 0.05 / train/loss/inv 0 / train/loss/policy 1.2e-5 / train/loss/rep 1.07 / train/loss/repval 1.15 / train/loss/rew 7.8e-3 / train/loss/value 1.02 / train/rand/action 0.14 / replay/replay_ratio 264 / fps/policy 7.67 / fps/train 1962.36

Writing metrics: /data2/liguoqi/habmm/hab_z/btwm/runs/dreamerv3_atari_pong_seed0_v2_1m/metrics.jsonl
Writing metrics: /data2/liguoqi/habmm/hab_z/btwm/runs/dreamerv3_atari_pong_seed0_v2_1m/scores.jsonl

--------------------[Agent Step 3_451_160]--------------------
Metrics filtered by: 'score|length|fps|ratio|train/loss/|train/acc/|train/inv/|train/rand/'
train/acc/inv 0.12 / train/inv/ce 2.08 / train/inv/objective 1.16 / train/inv/valid_frac 1 / train/inv/weight 0 / train/loss/con 0.02 / train/loss/dyn 1.1 / train/loss/image 0.05 / train/loss/inv 0 / train/loss/policy 6.9e-5 / train/loss/rep 1.1 / train/loss/repval 1.17 / train/loss/rew 7.9e-3 / train/loss/value 1.03 / train/rand/action 0.16 / replay/replay_ratio 264 / fps/policy 7.49 / fps/train 1917.36

Writing metrics: /data2/liguoqi/habmm/hab_z/btwm/runs/dreamerv3_atari_pong_seed0_v2_1m/scores.jsonl
Writing metrics: /data2/liguoqi/habmm/hab_z/btwm/runs/dreamerv3_atari_pong_seed0_v2_1m/metrics.jsonl

--------------------[Agent Step 3_454_880]--------------------
Metrics filtered by: 'score|length|fps|ratio|train/loss/|train/acc/|train/inv/|train/rand/'
train/acc/inv 0.13 / train/inv/ce 2.07 / train/inv/objective 1.15 / train/inv/valid_frac 1 / train/inv/weight 0 / train/loss/con 0.02 / train/loss/dyn 1.07 / train/loss/image 0.05 / train/loss/inv 0 / train/loss/policy -4.5e-5 / train/loss/rep 1.07 / train/loss/repval 1.15 / train/loss/rew 8e-3 / train/loss/value 1.03 / train/rand/action 0.16 / replay/replay_ratio 264 / fps/policy 7.7 / fps/train 1971.84

Writing metrics: /data2/liguoqi/habmm/hab_z/btwm/runs/dreamerv3_atari_pong_seed0_v2_1m/scores.jsonl
Writing metrics: /data2/liguoqi/habmm/hab_z/btwm/runs/dreamerv3_atari_pong_seed0_v2_1m/metrics.jsonl

--------------------[Agent Step 3_458_600]--------------------
Metrics filtered by: 'score|length|fps|ratio|train/loss/|train/acc/|train/inv/|train/rand/'
episode/score 8 / episode/length 2856 / train/acc/inv 0.13 / train/inv/ce 2.07 / train/inv/objective 1.15 / train/inv/valid_frac 1 / train/inv/weight 0 / train/loss/con 0.02 / train/loss/dyn 1.07 / train/loss/image 0.05 / train/loss/inv 0 / train/loss/policy -4.4e-5 / train/loss/rep 1.07 / train/loss/repval 1.16 / train/loss/rew 7.9e-3 / train/loss/value 1.03 / train/rand/action 0.14 / replay/replay_ratio 264 / fps/policy 7.68 / fps/train 1966.71

Writing metrics: /data2/liguoqi/habmm/hab_z/btwm/runs/dreamerv3_atari_pong_seed0_v2_1m/metrics.jsonl
Writing metrics: /data2/liguoqi/habmm/hab_z/btwm/runs/dreamerv3_atari_pong_seed0_v2_1m/scores.jsonl

--------------------[Agent Step 3_462_320]--------------------
Metrics filtered by: 'score|length|fps|ratio|train/loss/|train/acc/|train/inv/|train/rand/'
train/acc/inv 0.12 / train/inv/ce 2.08 / train/inv/objective 1.16 / train/inv/valid_frac 1 / train/inv/weight 0 / train/loss/con 0.02 / train/loss/dyn 1.07 / train/loss/image 0.04 / train/loss/inv 0 / train/loss/policy -1.6e-5 / train/loss/rep 1.07 / train/loss/repval 1.14 / train/loss/rew 7.7e-3 / train/loss/value 1.02 / train/rand/action 0.14 / replay/replay_ratio 264 / fps/policy 7.73 / fps/train 1979.31

Writing metrics: /data2/liguoqi/habmm/hab_z/btwm/runs/dreamerv3_atari_pong_seed0_v2_1m/metrics.jsonl
Writing metrics: /data2/liguoqi/habmm/hab_z/btwm/runs/dreamerv3_atari_pong_seed0_v2_1m/scores.jsonl

--------------------[Agent Step 3_466_040]--------------------
Metrics filtered by: 'score|length|fps|ratio|train/loss/|train/acc/|train/inv/|train/rand/'
episode/score 18 / episode/length 2254 / train/acc/inv 0.12 / train/inv/ce 2.09 / train/inv/objective 1.17 / train/inv/valid_frac 1 / train/inv/weight 0 / train/loss/con 0.02 / train/loss/dyn 1.06 / train/loss/image 0.05 / train/loss/inv 0 / train/loss/policy 4.1e-5 / train/loss/rep 1.06 / train/loss/repval 1.14 / train/loss/rew 7.9e-3 / train/loss/value 1.02 / train/rand/action 0.15 / replay/replay_ratio 264 / fps/policy 7.7 / fps/train 1970.65

Writing metrics: /data2/liguoqi/habmm/hab_z/btwm/runs/dreamerv3_atari_pong_seed0_v2_1m/metrics.jsonl
Writing metrics: /data2/liguoqi/habmm/hab_z/btwm/runs/dreamerv3_atari_pong_seed0_v2_1m/scores.jsonl

--------------------[Agent Step 3_469_760]--------------------
Metrics filtered by: 'score|length|fps|ratio|train/loss/|train/acc/|train/inv/|train/rand/'
train/acc/inv 0.12 / train/inv/ce 2.09 / train/inv/objective 1.17 / train/inv/valid_frac 1 / train/inv/weight 0 / train/loss/con 0.02 / train/loss/dyn 1.07 / train/loss/image 0.05 / train/loss/inv 0 / train/loss/policy 1.5e-5 / train/loss/rep 1.07 / train/loss/repval 1.15 / train/loss/rew 8.2e-3 / train/loss/value 1.02 / train/rand/action 0.15 / replay/replay_ratio 264 / fps/policy 7.73 / fps/train 1978.19

Writing metrics: /data2/liguoqi/habmm/hab_z/btwm/runs/dreamerv3_atari_pong_seed0_v2_1m/scores.jsonl
Writing metrics: /data2/liguoqi/habmm/hab_z/btwm/runs/dreamerv3_atari_pong_seed0_v2_1m/metrics.jsonl

--------------------[Agent Step 3_473_480]--------------------
Metrics filtered by: 'score|length|fps|ratio|train/loss/|train/acc/|train/inv/|train/rand/'
train/acc/inv 0.12 / train/inv/ce 2.09 / train/inv/objective 1.17 / train/inv/valid_frac 1 / train/inv/weight 0 / train/loss/con 0.02 / train/loss/dyn 1.06 / train/loss/image 0.04 / train/loss/inv 0 / train/loss/policy 4.2e-5 / train/loss/rep 1.06 / train/loss/repval 1.15 / train/loss/rew 7.7e-3 / train/loss/value 1.03 / train/rand/action 0.14 / replay/replay_ratio 264 / fps/policy 7.71 / fps/train 1973.2

Writing metrics: /data2/liguoqi/habmm/hab_z/btwm/runs/dreamerv3_atari_pong_seed0_v2_1m/metrics.jsonl
Writing metrics: /data2/liguoqi/habmm/hab_z/btwm/runs/dreamerv3_atari_pong_seed0_v2_1m/scores.jsonl

--------------------[Agent Step 3_477_160]--------------------
Metrics filtered by: 'score|length|fps|ratio|train/loss/|train/acc/|train/inv/|train/rand/'
episode/score 17 / episode/length 2441 / train/acc/inv 0.12 / train/inv/ce 2.09 / train/inv/objective 1.16 / train/inv/valid_frac 1 / train/inv/weight 0 / train/loss/con 0.02 / train/loss/dyn 1.07 / train/loss/image 0.04 / train/loss/inv 0 / train/loss/policy -7e-5 / train/loss/rep 1.07 / train/loss/repval 1.16 / train/loss/rew 7.7e-3 / train/loss/value 1.04 / train/rand/action 0.14 / replay/replay_ratio 264 / fps/policy 7.62 / fps/train 1951.77

Writing metrics: /data2/liguoqi/habmm/hab_z/btwm/runs/dreamerv3_atari_pong_seed0_v2_1m/metrics.jsonl
Writing metrics: /data2/liguoqi/habmm/hab_z/btwm/runs/dreamerv3_atari_pong_seed0_v2_1m/scores.jsonl

--------------------[Agent Step 3_480_880]--------------------
Metrics filtered by: 'score|length|fps|ratio|train/loss/|train/acc/|train/inv/|train/rand/'
train/acc/inv 0.12 / train/inv/ce 2.08 / train/inv/objective 1.16 / train/inv/valid_frac 1 / train/inv/weight 0 / train/loss/con 0.02 / train/loss/dyn 1.07 / train/loss/image 0.04 / train/loss/inv 0 / train/loss/policy 8.7e-6 / train/loss/rep 1.07 / train/loss/repval 1.15 / train/loss/rew 7.7e-3 / train/loss/value 1.02 / train/rand/action 0.15 / replay/replay_ratio 264 / fps/policy 7.72 / fps/train 1977.14

Writing metrics: /data2/liguoqi/habmm/hab_z/btwm/runs/dreamerv3_atari_pong_seed0_v2_1m/metrics.jsonl
Writing metrics: /data2/liguoqi/habmm/hab_z/btwm/runs/dreamerv3_atari_pong_seed0_v2_1m/scores.jsonl

--------------------[Agent Step 3_484_600]--------------------
Metrics filtered by: 'score|length|fps|ratio|train/loss/|train/acc/|train/inv/|train/rand/'
train/acc/inv 0.12 / train/inv/ce 2.08 / train/inv/objective 1.16 / train/inv/valid_frac 1 / train/inv/weight 0 / train/loss/con 0.02 / train/loss/dyn 1.07 / train/loss/image 0.04 / train/loss/inv 0 / train/loss/policy 3.1e-6 / train/loss/rep 1.07 / train/loss/repval 1.15 / train/loss/rew 7.5e-3 / train/loss/value 1.03 / train/rand/action 0.14 / replay/replay_ratio 264 / fps/policy 7.7 / fps/train 1971.06

Writing metrics: /data2/liguoqi/habmm/hab_z/btwm/runs/dreamerv3_atari_pong_seed0_v2_1m/metrics.jsonl
Writing metrics: /data2/liguoqi/habmm/hab_z/btwm/runs/dreamerv3_atari_pong_seed0_v2_1m/scores.jsonl

--------------------[Agent Step 3_488_320]--------------------
Metrics filtered by: 'score|length|fps|ratio|train/loss/|train/acc/|train/inv/|train/rand/'
train/acc/inv 0.11 / train/inv/ce 2.1 / train/inv/objective 1.17 / train/inv/valid_frac 1 / train/inv/weight 0 / train/loss/con 0.02 / train/loss/dyn 1.08 / train/loss/image 0.05 / train/loss/inv 0 / train/loss/policy 2.5e-5 / train/loss/rep 1.08 / train/loss/repval 1.16 / train/loss/rew 7.9e-3 / train/loss/value 1.03 / train/rand/action 0.13 / replay/replay_ratio 264 / fps/policy 7.72 / fps/train 1977.09

Writing metrics: /data2/liguoqi/habmm/hab_z/btwm/runs/dreamerv3_atari_pong_seed0_v2_1m/metrics.jsonl
Writing metrics: /data2/liguoqi/habmm/hab_z/btwm/runs/dreamerv3_atari_pong_seed0_v2_1m/scores.jsonl

--------------------[Agent Step 3_492_000]--------------------
Metrics filtered by: 'score|length|fps|ratio|train/loss/|train/acc/|train/inv/|train/rand/'
episode/score 4 / episode/length 3987 / train/acc/inv 0.11 / train/inv/ce 2.1 / train/inv/objective 1.17 / train/inv/valid_frac 1 / train/inv/weight 0 / train/loss/con 0.02 / train/loss/dyn 1.07 / train/loss/image 0.05 / train/loss/inv 0 / train/loss/policy 5.8e-5 / train/loss/rep 1.07 / train/loss/repval 1.15 / train/loss/rew 7.7e-3 / train/loss/value 1.03 / train/rand/action 0.14 / replay/replay_ratio 264 / fps/policy 7.63 / fps/train 1952.68

Writing metrics: /data2/liguoqi/habmm/hab_z/btwm/runs/dreamerv3_atari_pong_seed0_v2_1m/metrics.jsonl
Writing metrics: /data2/liguoqi/habmm/hab_z/btwm/runs/dreamerv3_atari_pong_seed0_v2_1m/scores.jsonl
Saving checkpoint: /data2/liguoqi/habmm/hab_z/btwm/runs/dreamerv3_atari_pong_seed0_v2_1m/ckpt/20260615T034007F662179
Saved checkpoint.

--------------------[Agent Step 3_494_440]--------------------
Metrics filtered by: 'score|length|fps|ratio|train/loss/|train/acc/|train/inv/|train/rand/'
train/acc/inv 0.12 / train/inv/ce 2.08 / train/inv/objective 1.16 / train/inv/valid_frac 1 / train/inv/weight 0 / train/loss/con 0.02 / train/loss/dyn 1.07 / train/loss/image 0.05 / train/loss/inv 0 / train/loss/policy -1.9e-4 / train/loss/rep 1.07 / train/loss/repval 1.17 / train/loss/rew 7.9e-3 / train/loss/value 1.04 / train/rand/action 0.13 / replay/replay_ratio 264 / fps/policy 5.07 / fps/train 1299.13

Writing metrics: /data2/liguoqi/habmm/hab_z/btwm/runs/dreamerv3_atari_pong_seed0_v2_1m/metrics.jsonl
Writing metrics: /data2/liguoqi/habmm/hab_z/btwm/runs/dreamerv3_atari_pong_seed0_v2_1m/scores.jsonl

--------------------[Agent Step 3_498_160]--------------------
Metrics filtered by: 'score|length|fps|ratio|train/loss/|train/acc/|train/inv/|train/rand/'
train/acc/inv 0.12 / train/inv/ce 2.09 / train/inv/objective 1.17 / train/inv/valid_frac 1 / train/inv/weight 0 / train/loss/con 0.02 / train/loss/dyn 1.06 / train/loss/image 0.04 / train/loss/inv 0 / train/loss/policy -1.7e-5 / train/loss/rep 1.06 / train/loss/repval 1.17 / train/loss/rew 7.7e-3 / train/loss/value 1.04 / train/rand/action 0.12 / replay/replay_ratio 264 / fps/policy 7.74 / fps/train 1980.62

Writing metrics: /data2/liguoqi/habmm/hab_z/btwm/runs/dreamerv3_atari_pong_seed0_v2_1m/metrics.jsonl
Writing metrics: /data2/liguoqi/habmm/hab_z/btwm/runs/dreamerv3_atari_pong_seed0_v2_1m/scores.jsonl

--------------------[Agent Step 3_501_880]--------------------
Metrics filtered by: 'score|length|fps|ratio|train/loss/|train/acc/|train/inv/|train/rand/'
episode/score 16 / episode/length 2208 / train/acc/inv 0.12 / train/inv/ce 2.09 / train/inv/objective 1.17 / train/inv/valid_frac 1 / train/inv/weight 0 / train/loss/con 0.02 / train/loss/dyn 1.07 / train/loss/image 0.05 / train/loss/inv 0 / train/loss/policy 1.1e-4 / train/loss/rep 1.07 / train/loss/repval 1.15 / train/loss/rew 7.9e-3 / train/loss/value 1.03 / train/rand/action 0.13 / replay/replay_ratio 264 / fps/policy 7.73 / fps/train 1980.02

Writing metrics: /data2/liguoqi/habmm/hab_z/btwm/runs/dreamerv3_atari_pong_seed0_v2_1m/scores.jsonl
Writing metrics: /data2/liguoqi/habmm/hab_z/btwm/runs/dreamerv3_atari_pong_seed0_v2_1m/metrics.jsonl

--------------------[Agent Step 3_505_600]--------------------
Metrics filtered by: 'score|length|fps|ratio|train/loss/|train/acc/|train/inv/|train/rand/'
train/acc/inv 0.12 / train/inv/ce 2.09 / train/inv/objective 1.17 / train/inv/valid_frac 1 / train/inv/weight 0 / train/loss/con 0.02 / train/loss/dyn 1.07 / train/loss/image 0.04 / train/loss/inv 0 / train/loss/policy 2.4e-6 / train/loss/rep 1.07 / train/loss/repval 1.14 / train/loss/rew 7.8e-3 / train/loss/value 1.02 / train/rand/action 0.14 / replay/replay_ratio 264 / fps/policy 7.73 / fps/train 1978.03

Writing metrics: /data2/liguoqi/habmm/hab_z/btwm/runs/dreamerv3_atari_pong_seed0_v2_1m/metrics.jsonl
Writing metrics: /data2/liguoqi/habmm/hab_z/btwm/runs/dreamerv3_atari_pong_seed0_v2_1m/scores.jsonl

--------------------[Agent Step 3_509_320]--------------------
Metrics filtered by: 'score|length|fps|ratio|train/loss/|train/acc/|train/inv/|train/rand/'
episode/score 17 / episode/length 1836 / train/acc/inv 0.12 / train/inv/ce 2.08 / train/inv/objective 1.16 / train/inv/valid_frac 1 / train/inv/weight 0 / train/loss/con 0.02 / train/loss/dyn 1.07 / train/loss/image 0.05 / train/loss/inv 0 / train/loss/policy -6.9e-5 / train/loss/rep 1.07 / train/loss/repval 1.15 / train/loss/rew 7.8e-3 / train/loss/value 1.02 / train/rand/action 0.15 / replay/replay_ratio 264 / fps/policy 7.73 / fps/train 1979.24

Writing metrics: /data2/liguoqi/habmm/hab_z/btwm/runs/dreamerv3_atari_pong_seed0_v2_1m/metrics.jsonl
Writing metrics: /data2/liguoqi/habmm/hab_z/btwm/runs/dreamerv3_atari_pong_seed0_v2_1m/scores.jsonl

--------------------[Agent Step 3_513_040]--------------------
Metrics filtered by: 'score|length|fps|ratio|train/loss/|train/acc/|train/inv/|train/rand/'
train/acc/inv 0.12 / train/inv/ce 2.07 / train/inv/objective 1.16 / train/inv/valid_frac 1 / train/inv/weight 0 / train/loss/con 0.02 / train/loss/dyn 1.07 / train/loss/image 0.06 / train/loss/inv 0 / train/loss/policy 1.1e-5 / train/loss/rep 1.07 / train/loss/repval 1.15 / train/loss/rew 7.8e-3 / train/loss/value 1.04 / train/rand/action 0.15 / replay/replay_ratio 264 / fps/policy 7.74 / fps/train 1981.7

Writing metrics: /data2/liguoqi/habmm/hab_z/btwm/runs/dreamerv3_atari_pong_seed0_v2_1m/metrics.jsonl
Writing metrics: /data2/liguoqi/habmm/hab_z/btwm/runs/dreamerv3_atari_pong_seed0_v2_1m/scores.jsonl

--------------------[Agent Step 3_516_760]--------------------
Metrics filtered by: 'score|length|fps|ratio|train/loss/|train/acc/|train/inv/|train/rand/'
train/acc/inv 0.12 / train/inv/ce 2.07 / train/inv/objective 1.15 / train/inv/valid_frac 1 / train/inv/weight 0 / train/loss/con 0.02 / train/loss/dyn 1.06 / train/loss/image 0.05 / train/loss/inv 0 / train/loss/policy -1.2e-5 / train/loss/rep 1.06 / train/loss/repval 1.13 / train/loss/rew 8.1e-3 / train/loss/value 1.02 / train/rand/action 0.15 / replay/replay_ratio 264 / fps/policy 7.71 / fps/train 1973.51

Writing metrics: /data2/liguoqi/habmm/hab_z/btwm/runs/dreamerv3_atari_pong_seed0_v2_1m/metrics.jsonl
Writing metrics: /data2/liguoqi/habmm/hab_z/btwm/runs/dreamerv3_atari_pong_seed0_v2_1m/scores.jsonl

--------------------[Agent Step 3_520_480]--------------------
Metrics filtered by: 'score|length|fps|ratio|train/loss/|train/acc/|train/inv/|train/rand/'
episode/score 16 / episode/length 2635 / train/acc/inv 0.12 / train/inv/ce 2.07 / train/inv/objective 1.16 / train/inv/valid_frac 1 / train/inv/weight 0 / train/loss/con 0.02 / train/loss/dyn 1.06 / train/loss/image 0.05 / train/loss/inv 0 / train/loss/policy -7.4e-5 / train/loss/rep 1.06 / train/loss/repval 1.15 / train/loss/rew 8e-3 / train/loss/value 1.02 / train/rand/action 0.14 / replay/replay_ratio 264 / fps/policy 7.71 / fps/train 1974.07

Writing metrics: /data2/liguoqi/habmm/hab_z/btwm/runs/dreamerv3_atari_pong_seed0_v2_1m/metrics.jsonl
Writing metrics: /data2/liguoqi/habmm/hab_z/btwm/runs/dreamerv3_atari_pong_seed0_v2_1m/scores.jsonl

--------------------[Agent Step 3_524_200]--------------------
Metrics filtered by: 'score|length|fps|ratio|train/loss/|train/acc/|train/inv/|train/rand/'
train/acc/inv 0.12 / train/inv/ce 2.07 / train/inv/objective 1.16 / train/inv/valid_frac 1 / train/inv/weight 0 / train/loss/con 0.02 / train/loss/dyn 1.06 / train/loss/image 0.05 / train/loss/inv 0 / train/loss/policy 4.1e-5 / train/loss/rep 1.06 / train/loss/repval 1.14 / train/loss/rew 8e-3 / train/loss/value 1.02 / train/rand/action 0.13 / replay/replay_ratio 264 / fps/policy 7.74 / fps/train 1981.14

Writing metrics: /data2/liguoqi/habmm/hab_z/btwm/runs/dreamerv3_atari_pong_seed0_v2_1m/scores.jsonl
Writing metrics: /data2/liguoqi/habmm/hab_z/btwm/runs/dreamerv3_atari_pong_seed0_v2_1m/metrics.jsonl

--------------------[Agent Step 3_527_920]--------------------
Metrics filtered by: 'score|length|fps|ratio|train/loss/|train/acc/|train/inv/|train/rand/'
episode/score 21 / episode/length 1988 / train/acc/inv 0.12 / train/inv/ce 2.09 / train/inv/objective 1.16 / train/inv/valid_frac 1 / train/inv/weight 0 / train/loss/con 0.02 / train/loss/dyn 1.07 / train/loss/image 0.05 / train/loss/inv 0 / train/loss/policy 8.8e-6 / train/loss/rep 1.07 / train/loss/repval 1.14 / train/loss/rew 7.7e-3 / train/loss/value 1.02 / train/rand/action 0.13 / replay/replay_ratio 264 / fps/policy 7.74 / fps/train 1980.31

Writing metrics: /data2/liguoqi/habmm/hab_z/btwm/runs/dreamerv3_atari_pong_seed0_v2_1m/metrics.jsonl
Writing metrics: /data2/liguoqi/habmm/hab_z/btwm/runs/dreamerv3_atari_pong_seed0_v2_1m/scores.jsonl

--------------------[Agent Step 3_531_640]--------------------
Metrics filtered by: 'score|length|fps|ratio|train/loss/|train/acc/|train/inv/|train/rand/'
train/acc/inv 0.12 / train/inv/ce 2.08 / train/inv/objective 1.16 / train/inv/valid_frac 1 / train/inv/weight 0 / train/loss/con 0.02 / train/loss/dyn 1.06 / train/loss/image 0.04 / train/loss/inv 0 / train/loss/policy 2.7e-5 / train/loss/rep 1.06 / train/loss/repval 1.13 / train/loss/rew 7.8e-3 / train/loss/value 1.01 / train/rand/action 0.15 / replay/replay_ratio 264 / fps/policy 7.73 / fps/train 1977.74

Writing metrics: /data2/liguoqi/habmm/hab_z/btwm/runs/dreamerv3_atari_pong_seed0_v2_1m/scores.jsonl
Writing metrics: /data2/liguoqi/habmm/hab_z/btwm/runs/dreamerv3_atari_pong_seed0_v2_1m/metrics.jsonl

--------------------[Agent Step 3_535_360]--------------------
Metrics filtered by: 'score|length|fps|ratio|train/loss/|train/acc/|train/inv/|train/rand/'
train/acc/inv 0.12 / train/inv/ce 2.08 / train/inv/objective 1.16 / train/inv/valid_frac 1 / train/inv/weight 0 / train/loss/con 0.02 / train/loss/dyn 1.07 / train/loss/image 0.04 / train/loss/inv 0 / train/loss/policy -7.6e-5 / train/loss/rep 1.07 / train/loss/repval 1.18 / train/loss/rew 8e-3 / train/loss/value 1.04 / train/rand/action 0.12 / replay/replay_ratio 264 / fps/policy 7.73 / fps/train 1979.13

Writing metrics: /data2/liguoqi/habmm/hab_z/btwm/runs/dreamerv3_atari_pong_seed0_v2_1m/metrics.jsonl
Writing metrics: /data2/liguoqi/habmm/hab_z/btwm/runs/dreamerv3_atari_pong_seed0_v2_1m/scores.jsonl

--------------------[Agent Step 3_539_080]--------------------
Metrics filtered by: 'score|length|fps|ratio|train/loss/|train/acc/|train/inv/|train/rand/'
episode/score 16 / episode/length 2872 / train/acc/inv 0.12 / train/inv/ce 2.07 / train/inv/objective 1.15 / train/inv/valid_frac 1 / train/inv/weight 0 / train/loss/con 0.02 / train/loss/dyn 1.07 / train/loss/image 0.04 / train/loss/inv 0 / train/loss/policy 3.8e-5 / train/loss/rep 1.07 / train/loss/repval 1.15 / train/loss/rew 7.8e-3 / train/loss/value 1.03 / train/rand/action 0.13 / replay/replay_ratio 264 / fps/policy 7.68 / fps/train 1965.12

Writing metrics: /data2/liguoqi/habmm/hab_z/btwm/runs/dreamerv3_atari_pong_seed0_v2_1m/scores.jsonl
Writing metrics: /data2/liguoqi/habmm/hab_z/btwm/runs/dreamerv3_atari_pong_seed0_v2_1m/metrics.jsonl

--------------------[Agent Step 3_542_680]--------------------
Metrics filtered by: 'score|length|fps|ratio|train/loss/|train/acc/|train/inv/|train/rand/'
train/acc/inv 0.12 / train/inv/ce 2.08 / train/inv/objective 1.16 / train/inv/valid_frac 1 / train/inv/weight 0 / train/loss/con 0.02 / train/loss/dyn 1.06 / train/loss/image 0.04 / train/loss/inv 0 / train/loss/policy 1.9e-5 / train/loss/rep 1.06 / train/loss/repval 1.15 / train/loss/rew 7.9e-3 / train/loss/value 1.03 / train/rand/action 0.14 / replay/replay_ratio 264 / fps/policy 7.49 / fps/train 1916.89

Writing metrics: /data2/liguoqi/habmm/hab_z/btwm/runs/dreamerv3_atari_pong_seed0_v2_1m/scores.jsonl
Writing metrics: /data2/liguoqi/habmm/hab_z/btwm/runs/dreamerv3_atari_pong_seed0_v2_1m/metrics.jsonl

--------------------[Agent Step 3_546_400]--------------------
Metrics filtered by: 'score|length|fps|ratio|train/loss/|train/acc/|train/inv/|train/rand/'
train/acc/inv 0.11 / train/inv/ce 2.09 / train/inv/objective 1.17 / train/inv/valid_frac 1 / train/inv/weight 0 / train/loss/con 0.02 / train/loss/dyn 1.07 / train/loss/image 0.05 / train/loss/inv 0 / train/loss/policy 2.8e-5 / train/loss/rep 1.07 / train/loss/repval 1.13 / train/loss/rew 7.8e-3 / train/loss/value 1.01 / train/rand/action 0.15 / replay/replay_ratio 264 / fps/policy 7.71 / fps/train 1972.85

Writing metrics: /data2/liguoqi/habmm/hab_z/btwm/runs/dreamerv3_atari_pong_seed0_v2_1m/metrics.jsonl
Writing metrics: /data2/liguoqi/habmm/hab_z/btwm/runs/dreamerv3_atari_pong_seed0_v2_1m/scores.jsonl

--------------------[Agent Step 3_550_120]--------------------
Metrics filtered by: 'score|length|fps|ratio|train/loss/|train/acc/|train/inv/|train/rand/'
episode/score 7 / episode/length 2758 / train/acc/inv 0.11 / train/inv/ce 2.1 / train/inv/objective 1.17 / train/inv/valid_frac 1 / train/inv/weight 0 / train/loss/con 0.02 / train/loss/dyn 1.07 / train/loss/image 0.04 / train/loss/inv 0 / train/loss/policy -1.3e-5 / train/loss/rep 1.07 / train/loss/repval 1.15 / train/loss/rew 7.8e-3 / train/loss/value 1.02 / train/rand/action 0.14 / replay/replay_ratio 264 / fps/policy 7.71 / fps/train 1974.5

Writing metrics: /data2/liguoqi/habmm/hab_z/btwm/runs/dreamerv3_atari_pong_seed0_v2_1m/metrics.jsonl
Writing metrics: /data2/liguoqi/habmm/hab_z/btwm/runs/dreamerv3_atari_pong_seed0_v2_1m/scores.jsonl

--------------------[Agent Step 3_553_840]--------------------
Metrics filtered by: 'score|length|fps|ratio|train/loss/|train/acc/|train/inv/|train/rand/'
train/acc/inv 0.11 / train/inv/ce 2.1 / train/inv/objective 1.17 / train/inv/valid_frac 1 / train/inv/weight 0 / train/loss/con 0.02 / train/loss/dyn 1.06 / train/loss/image 0.04 / train/loss/inv 0 / train/loss/policy 3.2e-5 / train/loss/rep 1.06 / train/loss/repval 1.14 / train/loss/rew 8.1e-3 / train/loss/value 1.02 / train/rand/action 0.16 / replay/replay_ratio 264 / fps/policy 7.73 / fps/train 1978.08

Writing metrics: /data2/liguoqi/habmm/hab_z/btwm/runs/dreamerv3_atari_pong_seed0_v2_1m/metrics.jsonl
Writing metrics: /data2/liguoqi/habmm/hab_z/btwm/runs/dreamerv3_atari_pong_seed0_v2_1m/scores.jsonl

--------------------[Agent Step 3_557_560]--------------------
Metrics filtered by: 'score|length|fps|ratio|train/loss/|train/acc/|train/inv/|train/rand/'
train/acc/inv 0.12 / train/inv/ce 2.09 / train/inv/objective 1.17 / train/inv/valid_frac 1 / train/inv/weight 0 / train/loss/con 0.02 / train/loss/dyn 1.07 / train/loss/image 0.04 / train/loss/inv 0 / train/loss/policy -5.7e-5 / train/loss/rep 1.07 / train/loss/repval 1.16 / train/loss/rew 7.8e-3 / train/loss/value 1.03 / train/rand/action 0.14 / replay/replay_ratio 264 / fps/policy 7.74 / fps/train 1980.52

Writing metrics: /data2/liguoqi/habmm/hab_z/btwm/runs/dreamerv3_atari_pong_seed0_v2_1m/scores.jsonl
Writing metrics: /data2/liguoqi/habmm/hab_z/btwm/runs/dreamerv3_atari_pong_seed0_v2_1m/metrics.jsonl

--------------------[Agent Step 3_561_280]--------------------
Metrics filtered by: 'score|length|fps|ratio|train/loss/|train/acc/|train/inv/|train/rand/'
episode/score 11 / episode/length 2913 / train/acc/inv 0.11 / train/inv/ce 2.1 / train/inv/objective 1.17 / train/inv/valid_frac 1 / train/inv/weight 0 / train/loss/con 0.02 / train/loss/dyn 1.07 / train/loss/image 0.04 / train/loss/inv 0 / train/loss/policy 3.9e-6 / train/loss/rep 1.07 / train/loss/repval 1.14 / train/loss/rew 7.8e-3 / train/loss/value 1.02 / train/rand/action 0.16 / replay/replay_ratio 264 / fps/policy 7.69 / fps/train 1967.6

Writing metrics: /data2/liguoqi/habmm/hab_z/btwm/runs/dreamerv3_atari_pong_seed0_v2_1m/metrics.jsonl
Writing metrics: /data2/liguoqi/habmm/hab_z/btwm/runs/dreamerv3_atari_pong_seed0_v2_1m/scores.jsonl

--------------------[Agent Step 3_564_960]--------------------
Metrics filtered by: 'score|length|fps|ratio|train/loss/|train/acc/|train/inv/|train/rand/'
train/acc/inv 0.11 / train/inv/ce 2.11 / train/inv/objective 1.18 / train/inv/valid_frac 1 / train/inv/weight 0 / train/loss/con 0.02 / train/loss/dyn 1.06 / train/loss/image 0.04 / train/loss/inv 0 / train/loss/policy 3.8e-4 / train/loss/rep 1.06 / train/loss/repval 1.19 / train/loss/rew 7.8e-3 / train/loss/value 1.05 / train/rand/action 0.18 / replay/replay_ratio 264 / fps/policy 7.63 / fps/train 1954.06

Writing metrics: /data2/liguoqi/habmm/hab_z/btwm/runs/dreamerv3_atari_pong_seed0_v2_1m/metrics.jsonl
Writing metrics: /data2/liguoqi/habmm/hab_z/btwm/runs/dreamerv3_atari_pong_seed0_v2_1m/scores.jsonl

--------------------[Agent Step 3_568_680]--------------------
Metrics filtered by: 'score|length|fps|ratio|train/loss/|train/acc/|train/inv/|train/rand/'
train/acc/inv 0.11 / train/inv/ce 2.1 / train/inv/objective 1.17 / train/inv/valid_frac 1 / train/inv/weight 0 / train/loss/con 0.02 / train/loss/dyn 1.07 / train/loss/image 0.04 / train/loss/inv 0 / train/loss/policy -1.7e-4 / train/loss/rep 1.07 / train/loss/repval 1.18 / train/loss/rew 7.8e-3 / train/loss/value 1.03 / train/rand/action 0.13 / replay/replay_ratio 264 / fps/policy 7.74 / fps/train 1980.34

Writing metrics: /data2/liguoqi/habmm/hab_z/btwm/runs/dreamerv3_atari_pong_seed0_v2_1m/metrics.jsonl
Writing metrics: /data2/liguoqi/habmm/hab_z/btwm/runs/dreamerv3_atari_pong_seed0_v2_1m/scores.jsonl

--------------------[Agent Step 3_572_400]--------------------
Metrics filtered by: 'score|length|fps|ratio|train/loss/|train/acc/|train/inv/|train/rand/'
episode/score 15 / episode/length 2445 / train/acc/inv 0.12 / train/inv/ce 2.08 / train/inv/objective 1.16 / train/inv/valid_frac 1 / train/inv/weight 0 / train/loss/con 0.02 / train/loss/dyn 1.08 / train/loss/image 0.05 / train/loss/inv 0 / train/loss/policy -3.2e-6 / train/loss/rep 1.08 / train/loss/repval 1.16 / train/loss/rew 7.9e-3 / train/loss/value 1.03 / train/rand/action 0.12 / replay/replay_ratio 264 / fps/policy 7.7 / fps/train 1971.77

Writing metrics: /data2/liguoqi/habmm/hab_z/btwm/runs/dreamerv3_atari_pong_seed0_v2_1m/metrics.jsonl
Writing metrics: /data2/liguoqi/habmm/hab_z/btwm/runs/dreamerv3_atari_pong_seed0_v2_1m/scores.jsonl

--------------------[Agent Step 3_576_080]--------------------
Metrics filtered by: 'score|length|fps|ratio|train/loss/|train/acc/|train/inv/|train/rand/'
train/acc/inv 0.11 / train/inv/ce 2.09 / train/inv/objective 1.17 / train/inv/valid_frac 1 / train/inv/weight 0 / train/loss/con 0.02 / train/loss/dyn 1.07 / train/loss/image 0.05 / train/loss/inv 0 / train/loss/policy -1.8e-5 / train/loss/rep 1.07 / train/loss/repval 1.14 / train/loss/rew 7.8e-3 / train/loss/value 1.02 / train/rand/action 0.12 / replay/replay_ratio 264 / fps/policy 7.67 / fps/train 1963.49

Writing metrics: /data2/liguoqi/habmm/hab_z/btwm/runs/dreamerv3_atari_pong_seed0_v2_1m/scores.jsonl
Writing metrics: /data2/liguoqi/habmm/hab_z/btwm/runs/dreamerv3_atari_pong_seed0_v2_1m/metrics.jsonl

--------------------[Agent Step 3_579_840]--------------------
Metrics filtered by: 'score|length|fps|ratio|train/loss/|train/acc/|train/inv/|train/rand/'
train/acc/inv 0.12 / train/inv/ce 2.08 / train/inv/objective 1.16 / train/inv/valid_frac 1 / train/inv/weight 0 / train/loss/con 0.02 / train/loss/dyn 1.06 / train/loss/image 0.04 / train/loss/inv 0 / train/loss/policy 8.6e-6 / train/loss/rep 1.06 / train/loss/repval 1.14 / train/loss/rew 8e-3 / train/loss/value 1.03 / train/rand/action 0.14 / replay/replay_ratio 264 / fps/policy 7.76 / fps/train 1987.15

Writing metrics: /data2/liguoqi/habmm/hab_z/btwm/runs/dreamerv3_atari_pong_seed0_v2_1m/metrics.jsonl
Writing metrics: /data2/liguoqi/habmm/hab_z/btwm/runs/dreamerv3_atari_pong_seed0_v2_1m/scores.jsonl

--------------------[Agent Step 3_583_560]--------------------
Metrics filtered by: 'score|length|fps|ratio|train/loss/|train/acc/|train/inv/|train/rand/'
episode/score 15 / episode/length 2882 / train/acc/inv 0.12 / train/inv/ce 2.08 / train/inv/objective 1.16 / train/inv/valid_frac 1 / train/inv/weight 0 / train/loss/con 0.02 / train/loss/dyn 1.07 / train/loss/image 0.04 / train/loss/inv 0 / train/loss/policy 2.5e-5 / train/loss/rep 1.07 / train/loss/repval 1.14 / train/loss/rew 7.9e-3 / train/loss/value 1.02 / train/rand/action 0.16 / replay/replay_ratio 264 / fps/policy 7.74 / fps/train 1982.65

Writing metrics: /data2/liguoqi/habmm/hab_z/btwm/runs/dreamerv3_atari_pong_seed0_v2_1m/scores.jsonl
Writing metrics: /data2/liguoqi/habmm/hab_z/btwm/runs/dreamerv3_atari_pong_seed0_v2_1m/metrics.jsonl

--------------------[Agent Step 3_587_280]--------------------
Metrics filtered by: 'score|length|fps|ratio|train/loss/|train/acc/|train/inv/|train/rand/'
train/acc/inv 0.12 / train/inv/ce 2.08 / train/inv/objective 1.16 / train/inv/valid_frac 1 / train/inv/weight 0 / train/loss/con 0.02 / train/loss/dyn 1.06 / train/loss/image 0.04 / train/loss/inv 0 / train/loss/policy -3.8e-5 / train/loss/rep 1.06 / train/loss/repval 1.15 / train/loss/rew 7.7e-3 / train/loss/value 1.03 / train/rand/action 0.18 / replay/replay_ratio 264 / fps/policy 7.74 / fps/train 1982.44

Writing metrics: /data2/liguoqi/habmm/hab_z/btwm/runs/dreamerv3_atari_pong_seed0_v2_1m/metrics.jsonl
Writing metrics: /data2/liguoqi/habmm/hab_z/btwm/runs/dreamerv3_atari_pong_seed0_v2_1m/scores.jsonl

--------------------[Agent Step 3_590_920]--------------------
Metrics filtered by: 'score|length|fps|ratio|train/loss/|train/acc/|train/inv/|train/rand/'
episode/score 17 / episode/length 2306 / train/acc/inv 0.11 / train/inv/ce 2.08 / train/inv/objective 1.16 / train/inv/valid_frac 1 / train/inv/weight 0 / train/loss/con 0.02 / train/loss/dyn 1.06 / train/loss/image 0.04 / train/loss/inv 0 / train/loss/policy 5.9e-6 / train/loss/rep 1.06 / train/loss/repval 1.14 / train/loss/rew 7.7e-3 / train/loss/value 1.02 / train/rand/action 0.17 / replay/replay_ratio 264 / fps/policy 7.52 / fps/train 1925.37

Writing metrics: /data2/liguoqi/habmm/hab_z/btwm/runs/dreamerv3_atari_pong_seed0_v2_1m/metrics.jsonl
Writing metrics: /data2/liguoqi/habmm/hab_z/btwm/runs/dreamerv3_atari_pong_seed0_v2_1m/scores.jsonl

--------------------[Agent Step 3_594_640]--------------------
Metrics filtered by: 'score|length|fps|ratio|train/loss/|train/acc/|train/inv/|train/rand/'
train/acc/inv 0.12 / train/inv/ce 2.07 / train/inv/objective 1.16 / train/inv/valid_frac 1 / train/inv/weight 0 / train/loss/con 0.02 / train/loss/dyn 1.07 / train/loss/image 0.05 / train/loss/inv 0 / train/loss/policy 6.1e-6 / train/loss/rep 1.07 / train/loss/repval 1.14 / train/loss/rew 7.7e-3 / train/loss/value 1.02 / train/rand/action 0.16 / replay/replay_ratio 264 / fps/policy 7.74 / fps/train 1980.62

Writing metrics: /data2/liguoqi/habmm/hab_z/btwm/runs/dreamerv3_atari_pong_seed0_v2_1m/scores.jsonl
Writing metrics: /data2/liguoqi/habmm/hab_z/btwm/runs/dreamerv3_atari_pong_seed0_v2_1m/metrics.jsonl

--------------------[Agent Step 3_598_360]--------------------
Metrics filtered by: 'score|length|fps|ratio|train/loss/|train/acc/|train/inv/|train/rand/'
train/acc/inv 0.12 / train/inv/ce 2.08 / train/inv/objective 1.16 / train/inv/valid_frac 1 / train/inv/weight 0 / train/loss/con 0.02 / train/loss/dyn 1.07 / train/loss/image 0.04 / train/loss/inv 0 / train/loss/policy -2.7e-5 / train/loss/rep 1.07 / train/loss/repval 1.15 / train/loss/rew 7.7e-3 / train/loss/value 1.03 / train/rand/action 0.16 / replay/replay_ratio 264 / fps/policy 7.73 / fps/train 1978.2

Writing metrics: /data2/liguoqi/habmm/hab_z/btwm/runs/dreamerv3_atari_pong_seed0_v2_1m/metrics.jsonl
Writing metrics: /data2/liguoqi/habmm/hab_z/btwm/runs/dreamerv3_atari_pong_seed0_v2_1m/scores.jsonl

--------------------[Agent Step 3_602_080]--------------------
Metrics filtered by: 'score|length|fps|ratio|train/loss/|train/acc/|train/inv/|train/rand/'
episode/score 18 / episode/length 2524 / train/acc/inv 0.12 / train/inv/ce 2.08 / train/inv/objective 1.16 / train/inv/valid_frac 1 / train/inv/weight 0 / train/loss/con 0.02 / train/loss/dyn 1.06 / train/loss/image 0.04 / train/loss/inv 0 / train/loss/policy -5.8e-5 / train/loss/rep 1.06 / train/loss/repval 1.16 / train/loss/rew 7.8e-3 / train/loss/value 1.03 / train/rand/action 0.15 / replay/replay_ratio 264 / fps/policy 7.73 / fps/train 1979.35

Writing metrics: /data2/liguoqi/habmm/hab_z/btwm/runs/dreamerv3_atari_pong_seed0_v2_1m/metrics.jsonl
Writing metrics: /data2/liguoqi/habmm/hab_z/btwm/runs/dreamerv3_atari_pong_seed0_v2_1m/scores.jsonl
Saving checkpoint: /data2/liguoqi/habmm/hab_z/btwm/runs/dreamerv3_atari_pong_seed0_v2_1m/ckpt/20260615T044008F627839
Saved checkpoint.

--------------------[Agent Step 3_605_240]--------------------
Metrics filtered by: 'score|length|fps|ratio|train/loss/|train/acc/|train/inv/|train/rand/'
train/acc/inv 0.11 / train/inv/ce 2.09 / train/inv/objective 1.17 / train/inv/valid_frac 1 / train/inv/weight 0 / train/loss/con 0.02 / train/loss/dyn 1.06 / train/loss/image 0.04 / train/loss/inv 0 / train/loss/policy 1.8e-5 / train/loss/rep 1.06 / train/loss/repval 1.13 / train/loss/rew 7.8e-3 / train/loss/value 1.02 / train/rand/action 0.14 / replay/replay_ratio 264 / fps/policy 6.58 / fps/train 1684.2

Writing metrics: /data2/liguoqi/habmm/hab_z/btwm/runs/dreamerv3_atari_pong_seed0_v2_1m/metrics.jsonl
Writing metrics: /data2/liguoqi/habmm/hab_z/btwm/runs/dreamerv3_atari_pong_seed0_v2_1m/scores.jsonl

--------------------[Agent Step 3_608_960]--------------------
Metrics filtered by: 'score|length|fps|ratio|train/loss/|train/acc/|train/inv/|train/rand/'
train/acc/inv 0.11 / train/inv/ce 2.09 / train/inv/objective 1.17 / train/inv/valid_frac 1 / train/inv/weight 0 / train/loss/con 0.02 / train/loss/dyn 1.07 / train/loss/image 0.04 / train/loss/inv 0 / train/loss/policy -1.9e-5 / train/loss/rep 1.07 / train/loss/repval 1.15 / train/loss/rew 7.8e-3 / train/loss/value 1.03 / train/rand/action 0.16 / replay/replay_ratio 264 / fps/policy 7.74 / fps/train 1981.47

Writing metrics: /data2/liguoqi/habmm/hab_z/btwm/runs/dreamerv3_atari_pong_seed0_v2_1m/metrics.jsonl
Writing metrics: /data2/liguoqi/habmm/hab_z/btwm/runs/dreamerv3_atari_pong_seed0_v2_1m/scores.jsonl

--------------------[Agent Step 3_612_640]--------------------
Metrics filtered by: 'score|length|fps|ratio|train/loss/|train/acc/|train/inv/|train/rand/'
episode/score 10 / episode/length 2871 / train/acc/inv 0.11 / train/inv/ce 2.09 / train/inv/objective 1.17 / train/inv/valid_frac 1 / train/inv/weight 0 / train/loss/con 0.02 / train/loss/dyn 1.06 / train/loss/image 0.04 / train/loss/inv 0 / train/loss/policy -6.6e-5 / train/loss/rep 1.06 / train/loss/repval 1.14 / train/loss/rew 7.9e-3 / train/loss/value 1.01 / train/rand/action 0.17 / replay/replay_ratio 264 / fps/policy 7.62 / fps/train 1950.99

Writing metrics: /data2/liguoqi/habmm/hab_z/btwm/runs/dreamerv3_atari_pong_seed0_v2_1m/metrics.jsonl
Writing metrics: /data2/liguoqi/habmm/hab_z/btwm/runs/dreamerv3_atari_pong_seed0_v2_1m/scores.jsonl

--------------------[Agent Step 3_616_360]--------------------
Metrics filtered by: 'score|length|fps|ratio|train/loss/|train/acc/|train/inv/|train/rand/'
train/acc/inv 0.12 / train/inv/ce 2.08 / train/inv/objective 1.16 / train/inv/valid_frac 1 / train/inv/weight 0 / train/loss/con 0.02 / train/loss/dyn 1.07 / train/loss/image 0.04 / train/loss/inv 0 / train/loss/policy -3.3e-5 / train/loss/rep 1.07 / train/loss/repval 1.14 / train/loss/rew 7.7e-3 / train/loss/value 1.02 / train/rand/action 0.18 / replay/replay_ratio 264 / fps/policy 7.72 / fps/train 1975.58

Writing metrics: /data2/liguoqi/habmm/hab_z/btwm/runs/dreamerv3_atari_pong_seed0_v2_1m/metrics.jsonl
Writing metrics: /data2/liguoqi/habmm/hab_z/btwm/runs/dreamerv3_atari_pong_seed0_v2_1m/scores.jsonl

--------------------[Agent Step 3_620_000]--------------------
Metrics filtered by: 'score|length|fps|ratio|train/loss/|train/acc/|train/inv/|train/rand/'
train/acc/inv 0.11 / train/inv/ce 2.09 / train/inv/objective 1.17 / train/inv/valid_frac 1 / train/inv/weight 0 / train/loss/con 0.02 / train/loss/dyn 1.07 / train/loss/image 0.05 / train/loss/inv 0 / train/loss/policy -7.7e-5 / train/loss/rep 1.07 / train/loss/repval 1.14 / train/loss/rew 7.7e-3 / train/loss/value 1.02 / train/rand/action 0.18 / replay/replay_ratio 264 / fps/policy 7.5 / fps/train 1920.63

Writing metrics: /data2/liguoqi/habmm/hab_z/btwm/runs/dreamerv3_atari_pong_seed0_v2_1m/metrics.jsonl
Writing metrics: /data2/liguoqi/habmm/hab_z/btwm/runs/dreamerv3_atari_pong_seed0_v2_1m/scores.jsonl

--------------------[Agent Step 3_623_680]--------------------
Metrics filtered by: 'score|length|fps|ratio|train/loss/|train/acc/|train/inv/|train/rand/'
train/acc/inv 0.11 / train/inv/ce 2.1 / train/inv/objective 1.17 / train/inv/valid_frac 1 / train/inv/weight 0 / train/loss/con 0.02 / train/loss/dyn 1.06 / train/loss/image 0.04 / train/loss/inv 0 / train/loss/policy -1e-5 / train/loss/rep 1.06 / train/loss/repval 1.15 / train/loss/rew 7.8e-3 / train/loss/value 1.03 / train/rand/action 0.18 / replay/replay_ratio 264 / fps/policy 7.64 / fps/train 1956.51

Writing metrics: /data2/liguoqi/habmm/hab_z/btwm/runs/dreamerv3_atari_pong_seed0_v2_1m/metrics.jsonl
Writing metrics: /data2/liguoqi/habmm/hab_z/btwm/runs/dreamerv3_atari_pong_seed0_v2_1m/scores.jsonl

--------------------[Agent Step 3_627_360]--------------------
Metrics filtered by: 'score|length|fps|ratio|train/loss/|train/acc/|train/inv/|train/rand/'
episode/score 10 / episode/length 3147 / train/acc/inv 0.12 / train/inv/ce 2.09 / train/inv/objective 1.16 / train/inv/valid_frac 1 / train/inv/weight 0 / train/loss/con 0.02 / train/loss/dyn 1.06 / train/loss/image 0.04 / train/loss/inv 0 / train/loss/policy -7.9e-5 / train/loss/rep 1.06 / train/loss/repval 1.15 / train/loss/rew 7.9e-3 / train/loss/value 1.03 / train/rand/action 0.17 / replay/replay_ratio 264 / fps/policy 7.64 / fps/train 1957.03

Writing metrics: /data2/liguoqi/habmm/hab_z/btwm/runs/dreamerv3_atari_pong_seed0_v2_1m/scores.jsonl
Writing metrics: /data2/liguoqi/habmm/hab_z/btwm/runs/dreamerv3_atari_pong_seed0_v2_1m/metrics.jsonl

--------------------[Agent Step 3_631_080]--------------------
Metrics filtered by: 'score|length|fps|ratio|train/loss/|train/acc/|train/inv/|train/rand/'
train/acc/inv 0.12 / train/inv/ce 2.08 / train/inv/objective 1.16 / train/inv/valid_frac 1 / train/inv/weight 0 / train/loss/con 0.02 / train/loss/dyn 1.07 / train/loss/image 0.05 / train/loss/inv 0 / train/loss/policy -7.6e-5 / train/loss/rep 1.07 / train/loss/repval 1.26 / train/loss/rew 7.6e-3 / train/loss/value 1.08 / train/rand/action 0.15 / replay/replay_ratio 264 / fps/policy 7.72 / fps/train 1977.14

Writing metrics: /data2/liguoqi/habmm/hab_z/btwm/runs/dreamerv3_atari_pong_seed0_v2_1m/scores.jsonl
Writing metrics: /data2/liguoqi/habmm/hab_z/btwm/runs/dreamerv3_atari_pong_seed0_v2_1m/metrics.jsonl

--------------------[Agent Step 3_634_680]--------------------
Metrics filtered by: 'score|length|fps|ratio|train/loss/|train/acc/|train/inv/|train/rand/'
episode/score 18 / episode/length 2345 / train/acc/inv 0.11 / train/inv/ce 2.09 / train/inv/objective 1.16 / train/inv/valid_frac 1 / train/inv/weight 0 / train/loss/con 0.02 / train/loss/dyn 1.08 / train/loss/image 0.05 / train/loss/inv 0 / train/loss/policy 1.8e-4 / train/loss/rep 1.08 / train/loss/repval 1.22 / train/loss/rew 8e-3 / train/loss/value 1.06 / train/rand/action 0.12 / replay/replay_ratio 264 / fps/policy 7.46 / fps/train 1910

Writing metrics: /data2/liguoqi/habmm/hab_z/btwm/runs/dreamerv3_atari_pong_seed0_v2_1m/metrics.jsonl
Writing metrics: /data2/liguoqi/habmm/hab_z/btwm/runs/dreamerv3_atari_pong_seed0_v2_1m/scores.jsonl

--------------------[Agent Step 3_638_400]--------------------
Metrics filtered by: 'score|length|fps|ratio|train/loss/|train/acc/|train/inv/|train/rand/'
train/acc/inv 0.11 / train/inv/ce 2.08 / train/inv/objective 1.16 / train/inv/valid_frac 1 / train/inv/weight 0 / train/loss/con 0.02 / train/loss/dyn 1.07 / train/loss/image 0.05 / train/loss/inv 0 / train/loss/policy 1.5e-4 / train/loss/rep 1.07 / train/loss/repval 1.18 / train/loss/rew 7.9e-3 / train/loss/value 1.03 / train/rand/action 0.1 / replay/replay_ratio 264 / fps/policy 7.74 / fps/train 1980.89

Writing metrics: /data2/liguoqi/habmm/hab_z/btwm/runs/dreamerv3_atari_pong_seed0_v2_1m/scores.jsonl
Writing metrics: /data2/liguoqi/habmm/hab_z/btwm/runs/dreamerv3_atari_pong_seed0_v2_1m/metrics.jsonl

--------------------[Agent Step 3_642_120]--------------------
Metrics filtered by: 'score|length|fps|ratio|train/loss/|train/acc/|train/inv/|train/rand/'
train/acc/inv 0.12 / train/inv/ce 2.07 / train/inv/objective 1.16 / train/inv/valid_frac 1 / train/inv/weight 0 / train/loss/con 0.02 / train/loss/dyn 1.07 / train/loss/image 0.05 / train/loss/inv 0 / train/loss/policy 4.7e-5 / train/loss/rep 1.07 / train/loss/repval 1.15 / train/loss/rew 7.9e-3 / train/loss/value 1.02 / train/rand/action 0.12 / replay/replay_ratio 264 / fps/policy 7.73 / fps/train 1979.37

Writing metrics: /data2/liguoqi/habmm/hab_z/btwm/runs/dreamerv3_atari_pong_seed0_v2_1m/scores.jsonl
Writing metrics: /data2/liguoqi/habmm/hab_z/btwm/runs/dreamerv3_atari_pong_seed0_v2_1m/metrics.jsonl

--------------------[Agent Step 3_645_840]--------------------
Metrics filtered by: 'score|length|fps|ratio|train/loss/|train/acc/|train/inv/|train/rand/'
episode/score 14 / episode/length 2091 / train/acc/inv 0.12 / train/inv/ce 2.08 / train/inv/objective 1.16 / train/inv/valid_frac 1 / train/inv/weight 0 / train/loss/con 0.02 / train/loss/dyn 1.07 / train/loss/image 0.05 / train/loss/inv 0 / train/loss/policy 8.4e-5 / train/loss/rep 1.07 / train/loss/repval 1.17 / train/loss/rew 7.7e-3 / train/loss/value 1.04 / train/rand/action 0.15 / replay/replay_ratio 264 / fps/policy 7.74 / fps/train 1981.4

Writing metrics: /data2/liguoqi/habmm/hab_z/btwm/runs/dreamerv3_atari_pong_seed0_v2_1m/metrics.jsonl
Writing metrics: /data2/liguoqi/habmm/hab_z/btwm/runs/dreamerv3_atari_pong_seed0_v2_1m/scores.jsonl

--------------------[Agent Step 3_649_560]--------------------
Metrics filtered by: 'score|length|fps|ratio|train/loss/|train/acc/|train/inv/|train/rand/'
train/acc/inv 0.12 / train/inv/ce 2.09 / train/inv/objective 1.16 / train/inv/valid_frac 1 / train/inv/weight 0 / train/loss/con 0.02 / train/loss/dyn 1.06 / train/loss/image 0.05 / train/loss/inv 0 / train/loss/policy 1.2e-4 / train/loss/rep 1.06 / train/loss/repval 1.16 / train/loss/rew 7.6e-3 / train/loss/value 1.03 / train/rand/action 0.15 / replay/replay_ratio 264 / fps/policy 7.73 / fps/train 1978.18

Writing metrics: /data2/liguoqi/habmm/hab_z/btwm/runs/dreamerv3_atari_pong_seed0_v2_1m/scores.jsonl
Writing metrics: /data2/liguoqi/habmm/hab_z/btwm/runs/dreamerv3_atari_pong_seed0_v2_1m/metrics.jsonl

--------------------[Agent Step 3_653_280]--------------------
Metrics filtered by: 'score|length|fps|ratio|train/loss/|train/acc/|train/inv/|train/rand/'
train/acc/inv 0.12 / train/inv/ce 2.08 / train/inv/objective 1.16 / train/inv/valid_frac 1 / train/inv/weight 0 / train/loss/con 0.02 / train/loss/dyn 1.08 / train/loss/image 0.05 / train/loss/inv 0 / train/loss/policy -1.6e-4 / train/loss/rep 1.08 / train/loss/repval 1.15 / train/loss/rew 7.8e-3 / train/loss/value 1.02 / train/rand/action 0.14 / replay/replay_ratio 264 / fps/policy 7.74 / fps/train 1980.39

Writing metrics: /data2/liguoqi/habmm/hab_z/btwm/runs/dreamerv3_atari_pong_seed0_v2_1m/metrics.jsonl
Writing metrics: /data2/liguoqi/habmm/hab_z/btwm/runs/dreamerv3_atari_pong_seed0_v2_1m/scores.jsonl

--------------------[Agent Step 3_657_000]--------------------
Metrics filtered by: 'score|length|fps|ratio|train/loss/|train/acc/|train/inv/|train/rand/'
episode/score -2 / episode/length 3558 / train/acc/inv 0.12 / train/inv/ce 2.08 / train/inv/objective 1.16 / train/inv/valid_frac 1 / train/inv/weight 0 / train/loss/con 0.02 / train/loss/dyn 1.07 / train/loss/image 0.05 / train/loss/inv 0 / train/loss/policy 5e-6 / train/loss/rep 1.07 / train/loss/repval 1.14 / train/loss/rew 7.9e-3 / train/loss/value 1.02 / train/rand/action 0.15 / replay/replay_ratio 264 / fps/policy 7.72 / fps/train 1976.93

Writing metrics: /data2/liguoqi/habmm/hab_z/btwm/runs/dreamerv3_atari_pong_seed0_v2_1m/metrics.jsonl
Writing metrics: /data2/liguoqi/habmm/hab_z/btwm/runs/dreamerv3_atari_pong_seed0_v2_1m/scores.jsonl

--------------------[Agent Step 3_660_720]--------------------
Metrics filtered by: 'score|length|fps|ratio|train/loss/|train/acc/|train/inv/|train/rand/'
train/acc/inv 0.11 / train/inv/ce 2.1 / train/inv/objective 1.17 / train/inv/valid_frac 1 / train/inv/weight 0 / train/loss/con 0.02 / train/loss/dyn 1.07 / train/loss/image 0.04 / train/loss/inv 0 / train/loss/policy -8.4e-6 / train/loss/rep 1.07 / train/loss/repval 1.15 / train/loss/rew 7.6e-3 / train/loss/value 1.02 / train/rand/action 0.14 / replay/replay_ratio 264 / fps/policy 7.73 / fps/train 1979.03

Writing metrics: /data2/liguoqi/habmm/hab_z/btwm/runs/dreamerv3_atari_pong_seed0_v2_1m/scores.jsonl
Writing metrics: /data2/liguoqi/habmm/hab_z/btwm/runs/dreamerv3_atari_pong_seed0_v2_1m/metrics.jsonl

--------------------[Agent Step 3_664_440]--------------------
Metrics filtered by: 'score|length|fps|ratio|train/loss/|train/acc/|train/inv/|train/rand/'
train/acc/inv 0.12 / train/inv/ce 2.08 / train/inv/objective 1.16 / train/inv/valid_frac 1 / train/inv/weight 0 / train/loss/con 0.02 / train/loss/dyn 1.07 / train/loss/image 0.04 / train/loss/inv 0 / train/loss/policy -1.5e-5 / train/loss/rep 1.07 / train/loss/repval 1.14 / train/loss/rew 7.7e-3 / train/loss/value 1.02 / train/rand/action 0.14 / replay/replay_ratio 264 / fps/policy 7.73 / fps/train 1978.99

Writing metrics: /data2/liguoqi/habmm/hab_z/btwm/runs/dreamerv3_atari_pong_seed0_v2_1m/scores.jsonl
Writing metrics: /data2/liguoqi/habmm/hab_z/btwm/runs/dreamerv3_atari_pong_seed0_v2_1m/metrics.jsonl

--------------------[Agent Step 3_668_160]--------------------
Metrics filtered by: 'score|length|fps|ratio|train/loss/|train/acc/|train/inv/|train/rand/'
train/acc/inv 0.12 / train/inv/ce 2.08 / train/inv/objective 1.16 / train/inv/valid_frac 1 / train/inv/weight 0 / train/loss/con 0.02 / train/loss/dyn 1.06 / train/loss/image 0.04 / train/loss/inv 0 / train/loss/policy 3e-5 / train/loss/rep 1.06 / train/loss/repval 1.15 / train/loss/rew 7.9e-3 / train/loss/value 1.02 / train/rand/action 0.14 / replay/replay_ratio 264 / fps/policy 7.7 / fps/train 1970.5

Writing metrics: /data2/liguoqi/habmm/hab_z/btwm/runs/dreamerv3_atari_pong_seed0_v2_1m/scores.jsonl
Writing metrics: /data2/liguoqi/habmm/hab_z/btwm/runs/dreamerv3_atari_pong_seed0_v2_1m/metrics.jsonl

--------------------[Agent Step 3_671_880]--------------------
Metrics filtered by: 'score|length|fps|ratio|train/loss/|train/acc/|train/inv/|train/rand/'
episode/score 8 / episode/length 3096 / train/acc/inv 0.12 / train/inv/ce 2.07 / train/inv/objective 1.16 / train/inv/valid_frac 1 / train/inv/weight 0 / train/loss/con 0.02 / train/loss/dyn 1.07 / train/loss/image 0.04 / train/loss/inv 0 / train/loss/policy -2.2e-5 / train/loss/rep 1.07 / train/loss/repval 1.16 / train/loss/rew 7.9e-3 / train/loss/value 1.03 / train/rand/action 0.12 / replay/replay_ratio 264 / fps/policy 7.7 / fps/train 1972.08

Writing metrics: /data2/liguoqi/habmm/hab_z/btwm/runs/dreamerv3_atari_pong_seed0_v2_1m/metrics.jsonl
Writing metrics: /data2/liguoqi/habmm/hab_z/btwm/runs/dreamerv3_atari_pong_seed0_v2_1m/scores.jsonl

--------------------[Agent Step 3_675_600]--------------------
Metrics filtered by: 'score|length|fps|ratio|train/loss/|train/acc/|train/inv/|train/rand/'
train/acc/inv 0.12 / train/inv/ce 2.08 / train/inv/objective 1.16 / train/inv/valid_frac 1 / train/inv/weight 0 / train/loss/con 0.02 / train/loss/dyn 1.06 / train/loss/image 0.04 / train/loss/inv 0 / train/loss/policy 1.5e-4 / train/loss/rep 1.06 / train/loss/repval 1.16 / train/loss/rew 7.7e-3 / train/loss/value 1.03 / train/rand/action 0.14 / replay/replay_ratio 264 / fps/policy 7.73 / fps/train 1978.4

Writing metrics: /data2/liguoqi/habmm/hab_z/btwm/runs/dreamerv3_atari_pong_seed0_v2_1m/metrics.jsonl
Writing metrics: /data2/liguoqi/habmm/hab_z/btwm/runs/dreamerv3_atari_pong_seed0_v2_1m/scores.jsonl

--------------------[Agent Step 3_679_280]--------------------
Metrics filtered by: 'score|length|fps|ratio|train/loss/|train/acc/|train/inv/|train/rand/'
episode/score 17 / episode/length 1934 / train/acc/inv 0.12 / train/inv/ce 2.09 / train/inv/objective 1.16 / train/inv/valid_frac 1 / train/inv/weight 0 / train/loss/con 0.02 / train/loss/dyn 1.06 / train/loss/image 0.04 / train/loss/inv 0 / train/loss/policy -7.7e-5 / train/loss/rep 1.06 / train/loss/repval 1.13 / train/loss/rew 7.9e-3 / train/loss/value 1.02 / train/rand/action 0.14 / replay/replay_ratio 264 / fps/policy 7.61 / fps/train 1947.79

Writing metrics: /data2/liguoqi/habmm/hab_z/btwm/runs/dreamerv3_atari_pong_seed0_v2_1m/metrics.jsonl
Writing metrics: /data2/liguoqi/habmm/hab_z/btwm/runs/dreamerv3_atari_pong_seed0_v2_1m/scores.jsonl

--------------------[Agent Step 3_682_880]--------------------
Metrics filtered by: 'score|length|fps|ratio|train/loss/|train/acc/|train/inv/|train/rand/'
train/acc/inv 0.11 / train/inv/ce 2.09 / train/inv/objective 1.17 / train/inv/valid_frac 1 / train/inv/weight 0 / train/loss/con 0.02 / train/loss/dyn 1.07 / train/loss/image 0.04 / train/loss/inv 0 / train/loss/policy -8.6e-5 / train/loss/rep 1.07 / train/loss/repval 1.15 / train/loss/rew 7.8e-3 / train/loss/value 1.02 / train/rand/action 0.14 / replay/replay_ratio 264 / fps/policy 7.48 / fps/train 1914.65

Writing metrics: /data2/liguoqi/habmm/hab_z/btwm/runs/dreamerv3_atari_pong_seed0_v2_1m/metrics.jsonl
Writing metrics: /data2/liguoqi/habmm/hab_z/btwm/runs/dreamerv3_atari_pong_seed0_v2_1m/scores.jsonl

--------------------[Agent Step 3_686_600]--------------------
Metrics filtered by: 'score|length|fps|ratio|train/loss/|train/acc/|train/inv/|train/rand/'
episode/score 18 / episode/length 2343 / train/acc/inv 0.12 / train/inv/ce 2.09 / train/inv/objective 1.16 / train/inv/valid_frac 1 / train/inv/weight 0 / train/loss/con 0.02 / train/loss/dyn 1.07 / train/loss/image 0.04 / train/loss/inv 0 / train/loss/policy -9.8e-7 / train/loss/rep 1.07 / train/loss/repval 1.14 / train/loss/rew 7.8e-3 / train/loss/value 1.02 / train/rand/action 0.14 / replay/replay_ratio 264 / fps/policy 7.58 / fps/train 1941.54

Writing metrics: /data2/liguoqi/habmm/hab_z/btwm/runs/dreamerv3_atari_pong_seed0_v2_1m/metrics.jsonl
Writing metrics: /data2/liguoqi/habmm/hab_z/btwm/runs/dreamerv3_atari_pong_seed0_v2_1m/scores.jsonl

--------------------[Agent Step 3_690_280]--------------------
Metrics filtered by: 'score|length|fps|ratio|train/loss/|train/acc/|train/inv/|train/rand/'
train/acc/inv 0.12 / train/inv/ce 2.08 / train/inv/objective 1.16 / train/inv/valid_frac 1 / train/inv/weight 0 / train/loss/con 0.02 / train/loss/dyn 1.07 / train/loss/image 0.04 / train/loss/inv 0 / train/loss/policy -4.4e-5 / train/loss/rep 1.07 / train/loss/repval 1.15 / train/loss/rew 7.7e-3 / train/loss/value 1.02 / train/rand/action 0.15 / replay/replay_ratio 264 / fps/policy 7.74 / fps/train 1982.09

Writing metrics: /data2/liguoqi/habmm/hab_z/btwm/runs/dreamerv3_atari_pong_seed0_v2_1m/scores.jsonl
Writing metrics: /data2/liguoqi/habmm/hab_z/btwm/runs/dreamerv3_atari_pong_seed0_v2_1m/metrics.jsonl

--------------------[Agent Step 3_694_000]--------------------
Metrics filtered by: 'score|length|fps|ratio|train/loss/|train/acc/|train/inv/|train/rand/'
train/acc/inv 0.11 / train/inv/ce 2.1 / train/inv/objective 1.17 / train/inv/valid_frac 1 / train/inv/weight 0 / train/loss/con 0.02 / train/loss/dyn 1.06 / train/loss/image 0.04 / train/loss/inv 0 / train/loss/policy 7.9e-5 / train/loss/rep 1.06 / train/loss/repval 1.16 / train/loss/rew 7.7e-3 / train/loss/value 1.03 / train/rand/action 0.15 / replay/replay_ratio 264 / fps/policy 7.73 / fps/train 1977.78

Writing metrics: /data2/liguoqi/habmm/hab_z/btwm/runs/dreamerv3_atari_pong_seed0_v2_1m/metrics.jsonl
Writing metrics: /data2/liguoqi/habmm/hab_z/btwm/runs/dreamerv3_atari_pong_seed0_v2_1m/scores.jsonl

--------------------[Agent Step 3_697_720]--------------------
Metrics filtered by: 'score|length|fps|ratio|train/loss/|train/acc/|train/inv/|train/rand/'
train/acc/inv 0.12 / train/inv/ce 2.09 / train/inv/objective 1.17 / train/inv/valid_frac 1 / train/inv/weight 0 / train/loss/con 0.02 / train/loss/dyn 1.07 / train/loss/image 0.05 / train/loss/inv 0 / train/loss/policy 1.3e-4 / train/loss/rep 1.07 / train/loss/repval 1.17 / train/loss/rew 7.7e-3 / train/loss/value 1.03 / train/rand/action 0.14 / replay/replay_ratio 264 / fps/policy 7.71 / fps/train 1973.21

Writing metrics: /data2/liguoqi/habmm/hab_z/btwm/runs/dreamerv3_atari_pong_seed0_v2_1m/scores.jsonl
Writing metrics: /data2/liguoqi/habmm/hab_z/btwm/runs/dreamerv3_atari_pong_seed0_v2_1m/metrics.jsonl

--------------------[Agent Step 3_701_440]--------------------
Metrics filtered by: 'score|length|fps|ratio|train/loss/|train/acc/|train/inv/|train/rand/'
episode/score 10 / episode/length 2917 / train/acc/inv 0.12 / train/inv/ce 2.1 / train/inv/objective 1.17 / train/inv/valid_frac 1 / train/inv/weight 0 / train/loss/con 0.02 / train/loss/dyn 1.06 / train/loss/image 0.04 / train/loss/inv 0 / train/loss/policy -9.2e-5 / train/loss/rep 1.06 / train/loss/repval 1.19 / train/loss/rew 7.6e-3 / train/loss/value 1.04 / train/rand/action 0.13 / replay/replay_ratio 264 / fps/policy 7.55 / fps/train 1931.71

Writing metrics: /data2/liguoqi/habmm/hab_z/btwm/runs/dreamerv3_atari_pong_seed0_v2_1m/metrics.jsonl
Writing metrics: /data2/liguoqi/habmm/hab_z/btwm/runs/dreamerv3_atari_pong_seed0_v2_1m/scores.jsonl

--------------------[Agent Step 3_705_080]--------------------
Metrics filtered by: 'score|length|fps|ratio|train/loss/|train/acc/|train/inv/|train/rand/'
train/acc/inv 0.12 / train/inv/ce 2.1 / train/inv/objective 1.17 / train/inv/valid_frac 1 / train/inv/weight 0 / train/loss/con 0.02 / train/loss/dyn 1.06 / train/loss/image 0.04 / train/loss/inv 0 / train/loss/policy 7e-5 / train/loss/rep 1.06 / train/loss/repval 1.15 / train/loss/rew 7.7e-3 / train/loss/value 1.02 / train/rand/action 0.13 / replay/replay_ratio 264 / fps/policy 7.73 / fps/train 1977.64

Writing metrics: /data2/liguoqi/habmm/hab_z/btwm/runs/dreamerv3_atari_pong_seed0_v2_1m/metrics.jsonl
Writing metrics: /data2/liguoqi/habmm/hab_z/btwm/runs/dreamerv3_atari_pong_seed0_v2_1m/scores.jsonl

--------------------[Agent Step 3_708_800]--------------------
Metrics filtered by: 'score|length|fps|ratio|train/loss/|train/acc/|train/inv/|train/rand/'
episode/score 18 / episode/length 2276 / train/acc/inv 0.12 / train/inv/ce 2.09 / train/inv/objective 1.16 / train/inv/valid_frac 1 / train/inv/weight 0 / train/loss/con 0.02 / train/loss/dyn 1.07 / train/loss/image 0.04 / train/loss/inv 0 / train/loss/policy 3.2e-5 / train/loss/rep 1.07 / train/loss/repval 1.13 / train/loss/rew 7.8e-3 / train/loss/value 1.02 / train/rand/action 0.14 / replay/replay_ratio 264 / fps/policy 7.73 / fps/train 1977.73

Writing metrics: /data2/liguoqi/habmm/hab_z/btwm/runs/dreamerv3_atari_pong_seed0_v2_1m/metrics.jsonl
Writing metrics: /data2/liguoqi/habmm/hab_z/btwm/runs/dreamerv3_atari_pong_seed0_v2_1m/scores.jsonl

--------------------[Agent Step 3_712_520]--------------------
Metrics filtered by: 'score|length|fps|ratio|train/loss/|train/acc/|train/inv/|train/rand/'
train/acc/inv 0.12 / train/inv/ce 2.1 / train/inv/objective 1.17 / train/inv/valid_frac 1 / train/inv/weight 0 / train/loss/con 0.02 / train/loss/dyn 1.07 / train/loss/image 0.04 / train/loss/inv 0 / train/loss/policy 1.4e-4 / train/loss/rep 1.07 / train/loss/repval 1.14 / train/loss/rew 7.7e-3 / train/loss/value 1.02 / train/rand/action 0.13 / replay/replay_ratio 264 / fps/policy 7.72 / fps/train 1976.9

Writing metrics: /data2/liguoqi/habmm/hab_z/btwm/runs/dreamerv3_atari_pong_seed0_v2_1m/scores.jsonl
Writing metrics: /data2/liguoqi/habmm/hab_z/btwm/runs/dreamerv3_atari_pong_seed0_v2_1m/metrics.jsonl
Saving checkpoint: /data2/liguoqi/habmm/hab_z/btwm/runs/dreamerv3_atari_pong_seed0_v2_1m/ckpt/20260615T054008F630281
Saved checkpoint.

--------------------[Agent Step 3_715_680]--------------------
Metrics filtered by: 'score|length|fps|ratio|train/loss/|train/acc/|train/inv/|train/rand/'
train/acc/inv 0.12 / train/inv/ce 2.09 / train/inv/objective 1.16 / train/inv/valid_frac 1 / train/inv/weight 0 / train/loss/con 0.02 / train/loss/dyn 1.07 / train/loss/image 0.04 / train/loss/inv 0 / train/loss/policy -2.5e-4 / train/loss/rep 1.07 / train/loss/repval 1.24 / train/loss/rew 8e-3 / train/loss/value 1.06 / train/rand/action 0.14 / replay/replay_ratio 264 / fps/policy 6.57 / fps/train 1681.88

Writing metrics: /data2/liguoqi/habmm/hab_z/btwm/runs/dreamerv3_atari_pong_seed0_v2_1m/scores.jsonl
Writing metrics: /data2/liguoqi/habmm/hab_z/btwm/runs/dreamerv3_atari_pong_seed0_v2_1m/metrics.jsonl

--------------------[Agent Step 3_719_400]--------------------
Metrics filtered by: 'score|length|fps|ratio|train/loss/|train/acc/|train/inv/|train/rand/'
episode/score 11 / episode/length 2639 / train/acc/inv 0.12 / train/inv/ce 2.08 / train/inv/objective 1.16 / train/inv/valid_frac 1 / train/inv/weight 0 / train/loss/con 0.02 / train/loss/dyn 1.07 / train/loss/image 0.04 / train/loss/inv 0 / train/loss/policy 1.3e-4 / train/loss/rep 1.07 / train/loss/repval 1.18 / train/loss/rew 7.8e-3 / train/loss/value 1.03 / train/rand/action 0.13 / replay/replay_ratio 264 / fps/policy 7.73 / fps/train 1977.6

Writing metrics: /data2/liguoqi/habmm/hab_z/btwm/runs/dreamerv3_atari_pong_seed0_v2_1m/scores.jsonl
Writing metrics: /data2/liguoqi/habmm/hab_z/btwm/runs/dreamerv3_atari_pong_seed0_v2_1m/metrics.jsonl

--------------------[Agent Step 3_723_120]--------------------
Metrics filtered by: 'score|length|fps|ratio|train/loss/|train/acc/|train/inv/|train/rand/'
train/acc/inv 0.12 / train/inv/ce 2.07 / train/inv/objective 1.16 / train/inv/valid_frac 1 / train/inv/weight 0 / train/loss/con 0.02 / train/loss/dyn 1.06 / train/loss/image 0.04 / train/loss/inv 0 / train/loss/policy 6.1e-5 / train/loss/rep 1.06 / train/loss/repval 1.16 / train/loss/rew 7.8e-3 / train/loss/value 1.03 / train/rand/action 0.13 / replay/replay_ratio 264 / fps/policy 7.73 / fps/train 1978.93

Writing metrics: /data2/liguoqi/habmm/hab_z/btwm/runs/dreamerv3_atari_pong_seed0_v2_1m/scores.jsonl
Writing metrics: /data2/liguoqi/habmm/hab_z/btwm/runs/dreamerv3_atari_pong_seed0_v2_1m/metrics.jsonl

--------------------[Agent Step 3_726_720]--------------------
Metrics filtered by: 'score|length|fps|ratio|train/loss/|train/acc/|train/inv/|train/rand/'
train/acc/inv 0.12 / train/inv/ce 2.07 / train/inv/objective 1.16 / train/inv/valid_frac 1 / train/inv/weight 0 / train/loss/con 0.02 / train/loss/dyn 1.07 / train/loss/image 0.04 / train/loss/inv 0 / train/loss/policy -2e-6 / train/loss/rep 1.07 / train/loss/repval 1.15 / train/loss/rew 7.7e-3 / train/loss/value 1.03 / train/rand/action 0.14 / replay/replay_ratio 264 / fps/policy 7.49 / fps/train 1918.26

Writing metrics: /data2/liguoqi/habmm/hab_z/btwm/runs/dreamerv3_atari_pong_seed0_v2_1m/scores.jsonl
Writing metrics: /data2/liguoqi/habmm/hab_z/btwm/runs/dreamerv3_atari_pong_seed0_v2_1m/metrics.jsonl

--------------------[Agent Step 3_730_440]--------------------
Metrics filtered by: 'score|length|fps|ratio|train/loss/|train/acc/|train/inv/|train/rand/'
episode/score 18 / episode/length 2291 / train/acc/inv 0.13 / train/inv/ce 2.06 / train/inv/objective 1.15 / train/inv/valid_frac 1 / train/inv/weight 0 / train/loss/con 0.02 / train/loss/dyn 1.06 / train/loss/image 0.04 / train/loss/inv 0 / train/loss/policy -2.9e-5 / train/loss/rep 1.06 / train/loss/repval 1.13 / train/loss/rew 7.6e-3 / train/loss/value 1.01 / train/rand/action 0.14 / replay/replay_ratio 264 / fps/policy 7.7 / fps/train 1970.08

Writing metrics: /data2/liguoqi/habmm/hab_z/btwm/runs/dreamerv3_atari_pong_seed0_v2_1m/metrics.jsonl
Writing metrics: /data2/liguoqi/habmm/hab_z/btwm/runs/dreamerv3_atari_pong_seed0_v2_1m/scores.jsonl

--------------------[Agent Step 3_734_160]--------------------
Metrics filtered by: 'score|length|fps|ratio|train/loss/|train/acc/|train/inv/|train/rand/'
train/acc/inv 0.12 / train/inv/ce 2.08 / train/inv/objective 1.16 / train/inv/valid_frac 1 / train/inv/weight 0 / train/loss/con 0.02 / train/loss/dyn 1.06 / train/loss/image 0.04 / train/loss/inv 0 / train/loss/policy -1.1e-5 / train/loss/rep 1.06 / train/loss/repval 1.13 / train/loss/rew 7.9e-3 / train/loss/value 1.01 / train/rand/action 0.14 / replay/replay_ratio 264 / fps/policy 7.73 / fps/train 1979.72

Writing metrics: /data2/liguoqi/habmm/hab_z/btwm/runs/dreamerv3_atari_pong_seed0_v2_1m/metrics.jsonl
Writing metrics: /data2/liguoqi/habmm/hab_z/btwm/runs/dreamerv3_atari_pong_seed0_v2_1m/scores.jsonl

--------------------[Agent Step 3_737_880]--------------------
Metrics filtered by: 'score|length|fps|ratio|train/loss/|train/acc/|train/inv/|train/rand/'
episode/score 15 / episode/length 2451 / train/acc/inv 0.13 / train/inv/ce 2.06 / train/inv/objective 1.15 / train/inv/valid_frac 1 / train/inv/weight 0 / train/loss/con 0.02 / train/loss/dyn 1.07 / train/loss/image 0.04 / train/loss/inv 0 / train/loss/policy 1.9e-4 / train/loss/rep 1.07 / train/loss/repval 1.14 / train/loss/rew 7.8e-3 / train/loss/value 1.02 / train/rand/action 0.14 / replay/replay_ratio 264 / fps/policy 7.72 / fps/train 1975.55

Writing metrics: /data2/liguoqi/habmm/hab_z/btwm/runs/dreamerv3_atari_pong_seed0_v2_1m/metrics.jsonl
Writing metrics: /data2/liguoqi/habmm/hab_z/btwm/runs/dreamerv3_atari_pong_seed0_v2_1m/scores.jsonl

--------------------[Agent Step 3_741_600]--------------------
Metrics filtered by: 'score|length|fps|ratio|train/loss/|train/acc/|train/inv/|train/rand/'
train/acc/inv 0.14 / train/inv/ce 2.06 / train/inv/objective 1.15 / train/inv/valid_frac 1 / train/inv/weight 0 / train/loss/con 0.02 / train/loss/dyn 1.06 / train/loss/image 0.05 / train/loss/inv 0 / train/loss/policy 3.7e-5 / train/loss/rep 1.06 / train/loss/repval 1.16 / train/loss/rew 7.9e-3 / train/loss/value 1.03 / train/rand/action 0.14 / replay/replay_ratio 264 / fps/policy 7.72 / fps/train 1975.17

Writing metrics: /data2/liguoqi/habmm/hab_z/btwm/runs/dreamerv3_atari_pong_seed0_v2_1m/metrics.jsonl
Writing metrics: /data2/liguoqi/habmm/hab_z/btwm/runs/dreamerv3_atari_pong_seed0_v2_1m/scores.jsonl

--------------------[Agent Step 3_745_320]--------------------
Metrics filtered by: 'score|length|fps|ratio|train/loss/|train/acc/|train/inv/|train/rand/'
train/acc/inv 0.13 / train/inv/ce 2.07 / train/inv/objective 1.15 / train/inv/valid_frac 1 / train/inv/weight 0 / train/loss/con 0.02 / train/loss/dyn 1.06 / train/loss/image 0.04 / train/loss/inv 0 / train/loss/policy 3.7e-5 / train/loss/rep 1.06 / train/loss/repval 1.15 / train/loss/rew 7.7e-3 / train/loss/value 1.03 / train/rand/action 0.14 / replay/replay_ratio 264 / fps/policy 7.73 / fps/train 1978.15

Writing metrics: /data2/liguoqi/habmm/hab_z/btwm/runs/dreamerv3_atari_pong_seed0_v2_1m/scores.jsonl
Writing metrics: /data2/liguoqi/habmm/hab_z/btwm/runs/dreamerv3_atari_pong_seed0_v2_1m/metrics.jsonl

--------------------[Agent Step 3_749_040]--------------------
Metrics filtered by: 'score|length|fps|ratio|train/loss/|train/acc/|train/inv/|train/rand/'
train/acc/inv 0.13 / train/inv/ce 2.07 / train/inv/objective 1.16 / train/inv/valid_frac 1 / train/inv/weight 0 / train/loss/con 0.02 / train/loss/dyn 1.07 / train/loss/image 0.04 / train/loss/inv 0 / train/loss/policy -6.1e-5 / train/loss/rep 1.07 / train/loss/repval 1.14 / train/loss/rew 7.8e-3 / train/loss/value 1.02 / train/rand/action 0.15 / replay/replay_ratio 264 / fps/policy 7.74 / fps/train 1981.29

Writing metrics: /data2/liguoqi/habmm/hab_z/btwm/runs/dreamerv3_atari_pong_seed0_v2_1m/scores.jsonl
Writing metrics: /data2/liguoqi/habmm/hab_z/btwm/runs/dreamerv3_atari_pong_seed0_v2_1m/metrics.jsonl

--------------------[Agent Step 3_752_760]--------------------
Metrics filtered by: 'score|length|fps|ratio|train/loss/|train/acc/|train/inv/|train/rand/'
episode/score 11 / episode/length 3156 / train/acc/inv 0.13 / train/inv/ce 2.08 / train/inv/objective 1.16 / train/inv/valid_frac 1 / train/inv/weight 0 / train/loss/con 0.02 / train/loss/dyn 1.06 / train/loss/image 0.04 / train/loss/inv 0 / train/loss/policy -2.3e-5 / train/loss/rep 1.06 / train/loss/repval 1.14 / train/loss/rew 7.8e-3 / train/loss/value 1.02 / train/rand/action 0.15 / replay/replay_ratio 264 / fps/policy 7.71 / fps/train 1973.04

Writing metrics: /data2/liguoqi/habmm/hab_z/btwm/runs/dreamerv3_atari_pong_seed0_v2_1m/metrics.jsonl
Writing metrics: /data2/liguoqi/habmm/hab_z/btwm/runs/dreamerv3_atari_pong_seed0_v2_1m/scores.jsonl

--------------------[Agent Step 3_756_480]--------------------
Metrics filtered by: 'score|length|fps|ratio|train/loss/|train/acc/|train/inv/|train/rand/'
train/acc/inv 0.13 / train/inv/ce 2.08 / train/inv/objective 1.16 / train/inv/valid_frac 1 / train/inv/weight 0 / train/loss/con 0.02 / train/loss/dyn 1.07 / train/loss/image 0.04 / train/loss/inv 0 / train/loss/policy -7.5e-5 / train/loss/rep 1.07 / train/loss/repval 1.13 / train/loss/rew 7.5e-3 / train/loss/value 1.01 / train/rand/action 0.16 / replay/replay_ratio 264 / fps/policy 7.73 / fps/train 1979.7

Writing metrics: /data2/liguoqi/habmm/hab_z/btwm/runs/dreamerv3_atari_pong_seed0_v2_1m/metrics.jsonl
Writing metrics: /data2/liguoqi/habmm/hab_z/btwm/runs/dreamerv3_atari_pong_seed0_v2_1m/scores.jsonl

--------------------[Agent Step 3_760_200]--------------------
Metrics filtered by: 'score|length|fps|ratio|train/loss/|train/acc/|train/inv/|train/rand/'
episode/score 13 / episode/length 2592 / train/acc/inv 0.12 / train/inv/ce 2.09 / train/inv/objective 1.16 / train/inv/valid_frac 1 / train/inv/weight 0 / train/loss/con 0.02 / train/loss/dyn 1.07 / train/loss/image 0.04 / train/loss/inv 0 / train/loss/policy -1.9e-6 / train/loss/rep 1.07 / train/loss/repval 1.14 / train/loss/rew 7.6e-3 / train/loss/value 1.02 / train/rand/action 0.16 / replay/replay_ratio 264 / fps/policy 7.71 / fps/train 1974.13

Writing metrics: /data2/liguoqi/habmm/hab_z/btwm/runs/dreamerv3_atari_pong_seed0_v2_1m/metrics.jsonl
Writing metrics: /data2/liguoqi/habmm/hab_z/btwm/runs/dreamerv3_atari_pong_seed0_v2_1m/scores.jsonl

--------------------[Agent Step 3_763_920]--------------------
Metrics filtered by: 'score|length|fps|ratio|train/loss/|train/acc/|train/inv/|train/rand/'
train/acc/inv 0.12 / train/inv/ce 2.09 / train/inv/objective 1.17 / train/inv/valid_frac 1 / train/inv/weight 0 / train/loss/con 0.02 / train/loss/dyn 1.07 / train/loss/image 0.04 / train/loss/inv 0 / train/loss/policy -1.9e-5 / train/loss/rep 1.07 / train/loss/repval 1.13 / train/loss/rew 7.5e-3 / train/loss/value 1.01 / train/rand/action 0.16 / replay/replay_ratio 264 / fps/policy 7.74 / fps/train 1980.81

Writing metrics: /data2/liguoqi/habmm/hab_z/btwm/runs/dreamerv3_atari_pong_seed0_v2_1m/scores.jsonl
Writing metrics: /data2/liguoqi/habmm/hab_z/btwm/runs/dreamerv3_atari_pong_seed0_v2_1m/metrics.jsonl

--------------------[Agent Step 3_767_640]--------------------
Metrics filtered by: 'score|length|fps|ratio|train/loss/|train/acc/|train/inv/|train/rand/'
train/acc/inv 0.12 / train/inv/ce 2.09 / train/inv/objective 1.16 / train/inv/valid_frac 1 / train/inv/weight 0 / train/loss/con 0.02 / train/loss/dyn 1.07 / train/loss/image 0.05 / train/loss/inv 0 / train/loss/policy -1.9e-5 / train/loss/rep 1.07 / train/loss/repval 1.14 / train/loss/rew 7.8e-3 / train/loss/value 1.01 / train/rand/action 0.15 / replay/replay_ratio 264 / fps/policy 7.73 / fps/train 1978.45

Writing metrics: /data2/liguoqi/habmm/hab_z/btwm/runs/dreamerv3_atari_pong_seed0_v2_1m/metrics.jsonl
Writing metrics: /data2/liguoqi/habmm/hab_z/btwm/runs/dreamerv3_atari_pong_seed0_v2_1m/scores.jsonl

--------------------[Agent Step 3_771_360]--------------------
Metrics filtered by: 'score|length|fps|ratio|train/loss/|train/acc/|train/inv/|train/rand/'
episode/score 11 / episode/length 2370 / train/acc/inv 0.12 / train/inv/ce 2.08 / train/inv/objective 1.16 / train/inv/valid_frac 1 / train/inv/weight 0 / train/loss/con 0.02 / train/loss/dyn 1.07 / train/loss/image 0.04 / train/loss/inv 0 / train/loss/policy 2.2e-6 / train/loss/rep 1.07 / train/loss/repval 1.13 / train/loss/rew 7.9e-3 / train/loss/value 1.02 / train/rand/action 0.16 / replay/replay_ratio 264 / fps/policy 7.67 / fps/train 1964.25

Writing metrics: /data2/liguoqi/habmm/hab_z/btwm/runs/dreamerv3_atari_pong_seed0_v2_1m/scores.jsonl
Writing metrics: /data2/liguoqi/habmm/hab_z/btwm/runs/dreamerv3_atari_pong_seed0_v2_1m/metrics.jsonl

--------------------[Agent Step 3_774_920]--------------------
Metrics filtered by: 'score|length|fps|ratio|train/loss/|train/acc/|train/inv/|train/rand/'
train/acc/inv 0.12 / train/inv/ce 2.08 / train/inv/objective 1.16 / train/inv/valid_frac 1 / train/inv/weight 0 / train/loss/con 0.02 / train/loss/dyn 1.07 / train/loss/image 0.04 / train/loss/inv 0 / train/loss/policy -7.8e-5 / train/loss/rep 1.07 / train/loss/repval 1.15 / train/loss/rew 7.8e-3 / train/loss/value 1.02 / train/rand/action 0.17 / replay/replay_ratio 264 / fps/policy 7.42 / fps/train 1898.73

Writing metrics: /data2/liguoqi/habmm/hab_z/btwm/runs/dreamerv3_atari_pong_seed0_v2_1m/scores.jsonl
Writing metrics: /data2/liguoqi/habmm/hab_z/btwm/runs/dreamerv3_atari_pong_seed0_v2_1m/metrics.jsonl

--------------------[Agent Step 3_778_640]--------------------
Metrics filtered by: 'score|length|fps|ratio|train/loss/|train/acc/|train/inv/|train/rand/'
train/acc/inv 0.11 / train/inv/ce 2.09 / train/inv/objective 1.17 / train/inv/valid_frac 1 / train/inv/weight 0 / train/loss/con 0.02 / train/loss/dyn 1.06 / train/loss/image 0.04 / train/loss/inv 0 / train/loss/policy 2.3e-5 / train/loss/rep 1.06 / train/loss/repval 1.15 / train/loss/rew 7.8e-3 / train/loss/value 1.03 / train/rand/action 0.17 / replay/replay_ratio 264 / fps/policy 7.73 / fps/train 1978.74

Writing metrics: /data2/liguoqi/habmm/hab_z/btwm/runs/dreamerv3_atari_pong_seed0_v2_1m/metrics.jsonl
Writing metrics: /data2/liguoqi/habmm/hab_z/btwm/runs/dreamerv3_atari_pong_seed0_v2_1m/scores.jsonl

--------------------[Agent Step 3_782_360]--------------------
Metrics filtered by: 'score|length|fps|ratio|train/loss/|train/acc/|train/inv/|train/rand/'
episode/score 11 / episode/length 2489 / train/acc/inv 0.11 / train/inv/ce 2.09 / train/inv/objective 1.16 / train/inv/valid_frac 1 / train/inv/weight 0 / train/loss/con 0.02 / train/loss/dyn 1.07 / train/loss/image 0.04 / train/loss/inv 0 / train/loss/policy -2.8e-5 / train/loss/rep 1.07 / train/loss/repval 1.13 / train/loss/rew 7.5e-3 / train/loss/value 1.01 / train/rand/action 0.18 / replay/replay_ratio 264 / fps/policy 7.72 / fps/train 1976.45

Writing metrics: /data2/liguoqi/habmm/hab_z/btwm/runs/dreamerv3_atari_pong_seed0_v2_1m/scores.jsonl
Writing metrics: /data2/liguoqi/habmm/hab_z/btwm/runs/dreamerv3_atari_pong_seed0_v2_1m/metrics.jsonl

--------------------[Agent Step 3_786_080]--------------------
Metrics filtered by: 'score|length|fps|ratio|train/loss/|train/acc/|train/inv/|train/rand/'
train/acc/inv 0.11 / train/inv/ce 2.09 / train/inv/objective 1.17 / train/inv/valid_frac 1 / train/inv/weight 0 / train/loss/con 0.02 / train/loss/dyn 1.07 / train/loss/image 0.05 / train/loss/inv 0 / train/loss/policy -1.4e-5 / train/loss/rep 1.07 / train/loss/repval 1.13 / train/loss/rew 7.6e-3 / train/loss/value 1.02 / train/rand/action 0.19 / replay/replay_ratio 264 / fps/policy 7.72 / fps/train 1976.16

Writing metrics: /data2/liguoqi/habmm/hab_z/btwm/runs/dreamerv3_atari_pong_seed0_v2_1m/metrics.jsonl
Writing metrics: /data2/liguoqi/habmm/hab_z/btwm/runs/dreamerv3_atari_pong_seed0_v2_1m/scores.jsonl

--------------------[Agent Step 3_789_800]--------------------
Metrics filtered by: 'score|length|fps|ratio|train/loss/|train/acc/|train/inv/|train/rand/'
train/acc/inv 0.1 / train/inv/ce 2.09 / train/inv/objective 1.17 / train/inv/valid_frac 1 / train/inv/weight 0 / train/loss/con 0.02 / train/loss/dyn 1.06 / train/loss/image 0.04 / train/loss/inv 0 / train/loss/policy 3.9e-5 / train/loss/rep 1.06 / train/loss/repval 1.15 / train/loss/rew 7.8e-3 / train/loss/value 1.03 / train/rand/action 0.19 / replay/replay_ratio 264 / fps/policy 7.72 / fps/train 1976.5

Writing metrics: /data2/liguoqi/habmm/hab_z/btwm/runs/dreamerv3_atari_pong_seed0_v2_1m/metrics.jsonl
Writing metrics: /data2/liguoqi/habmm/hab_z/btwm/runs/dreamerv3_atari_pong_seed0_v2_1m/scores.jsonl

--------------------[Agent Step 3_793_520]--------------------
Metrics filtered by: 'score|length|fps|ratio|train/loss/|train/acc/|train/inv/|train/rand/'
episode/score 9 / episode/length 2776 / train/acc/inv 0.11 / train/inv/ce 2.1 / train/inv/objective 1.17 / train/inv/valid_frac 1 / train/inv/weight 0 / train/loss/con 0.02 / train/loss/dyn 1.07 / train/loss/image 0.04 / train/loss/inv 0 / train/loss/policy -1.3e-5 / train/loss/rep 1.07 / train/loss/repval 1.14 / train/loss/rew 7.8e-3 / train/loss/value 1.01 / train/rand/action 0.18 / replay/replay_ratio 264 / fps/policy 7.64 / fps/train 1955.01

Writing metrics: /data2/liguoqi/habmm/hab_z/btwm/runs/dreamerv3_atari_pong_seed0_v2_1m/metrics.jsonl
Writing metrics: /data2/liguoqi/habmm/hab_z/btwm/runs/dreamerv3_atari_pong_seed0_v2_1m/scores.jsonl

--------------------[Agent Step 3_797_200]--------------------
Metrics filtered by: 'score|length|fps|ratio|train/loss/|train/acc/|train/inv/|train/rand/'
train/acc/inv 0.11 / train/inv/ce 2.09 / train/inv/objective 1.17 / train/inv/valid_frac 1 / train/inv/weight 0 / train/loss/con 0.02 / train/loss/dyn 1.07 / train/loss/image 0.04 / train/loss/inv 0 / train/loss/policy 9e-5 / train/loss/rep 1.07 / train/loss/repval 1.13 / train/loss/rew 7.8e-3 / train/loss/value 1.02 / train/rand/action 0.16 / replay/replay_ratio 264 / fps/policy 7.69 / fps/train 1969.47

Writing metrics: /data2/liguoqi/habmm/hab_z/btwm/runs/dreamerv3_atari_pong_seed0_v2_1m/scores.jsonl
Writing metrics: /data2/liguoqi/habmm/hab_z/btwm/runs/dreamerv3_atari_pong_seed0_v2_1m/metrics.jsonl

--------------------[Agent Step 3_800_920]--------------------
Metrics filtered by: 'score|length|fps|ratio|train/loss/|train/acc/|train/inv/|train/rand/'
episode/score 12 / episode/length 2523 / train/acc/inv 0.11 / train/inv/ce 2.09 / train/inv/objective 1.16 / train/inv/valid_frac 1 / train/inv/weight 0 / train/loss/con 0.02 / train/loss/dyn 1.06 / train/loss/image 0.04 / train/loss/inv 0 / train/loss/policy 7.9e-5 / train/loss/rep 1.06 / train/loss/repval 1.13 / train/loss/rew 7.7e-3 / train/loss/value 1.03 / train/rand/action 0.19 / replay/replay_ratio 264 / fps/policy 7.71 / fps/train 1972.98

Writing metrics: /data2/liguoqi/habmm/hab_z/btwm/runs/dreamerv3_atari_pong_seed0_v2_1m/metrics.jsonl
Writing metrics: /data2/liguoqi/habmm/hab_z/btwm/runs/dreamerv3_atari_pong_seed0_v2_1m/scores.jsonl

--------------------[Agent Step 3_804_640]--------------------
Metrics filtered by: 'score|length|fps|ratio|train/loss/|train/acc/|train/inv/|train/rand/'
train/acc/inv 0.11 / train/inv/ce 2.08 / train/inv/objective 1.16 / train/inv/valid_frac 1 / train/inv/weight 0 / train/loss/con 0.02 / train/loss/dyn 1.07 / train/loss/image 0.04 / train/loss/inv 0 / train/loss/policy -2e-5 / train/loss/rep 1.07 / train/loss/repval 1.13 / train/loss/rew 7.8e-3 / train/loss/value 1.02 / train/rand/action 0.19 / replay/replay_ratio 264 / fps/policy 7.71 / fps/train 1973.23

Writing metrics: /data2/liguoqi/habmm/hab_z/btwm/runs/dreamerv3_atari_pong_seed0_v2_1m/scores.jsonl
Writing metrics: /data2/liguoqi/habmm/hab_z/btwm/runs/dreamerv3_atari_pong_seed0_v2_1m/metrics.jsonl

--------------------[Agent Step 3_808_360]--------------------
Metrics filtered by: 'score|length|fps|ratio|train/loss/|train/acc/|train/inv/|train/rand/'
train/acc/inv 0.12 / train/inv/ce 2.08 / train/inv/objective 1.16 / train/inv/valid_frac 1 / train/inv/weight 0 / train/loss/con 0.02 / train/loss/dyn 1.07 / train/loss/image 0.04 / train/loss/inv 0 / train/loss/policy -1.5e-4 / train/loss/rep 1.07 / train/loss/repval 1.15 / train/loss/rew 7.6e-3 / train/loss/value 1.02 / train/rand/action 0.18 / replay/replay_ratio 264 / fps/policy 7.69 / fps/train 1969.37

Writing metrics: /data2/liguoqi/habmm/hab_z/btwm/runs/dreamerv3_atari_pong_seed0_v2_1m/metrics.jsonl
Writing metrics: /data2/liguoqi/habmm/hab_z/btwm/runs/dreamerv3_atari_pong_seed0_v2_1m/scores.jsonl

--------------------[Agent Step 3_812_080]--------------------
Metrics filtered by: 'score|length|fps|ratio|train/loss/|train/acc/|train/inv/|train/rand/'
train/acc/inv 0.11 / train/inv/ce 2.08 / train/inv/objective 1.16 / train/inv/valid_frac 1 / train/inv/weight 0 / train/loss/con 0.02 / train/loss/dyn 1.07 / train/loss/image 0.04 / train/loss/inv 0 / train/loss/policy 1.2e-5 / train/loss/rep 1.07 / train/loss/repval 1.14 / train/loss/rew 7.6e-3 / train/loss/value 1.02 / train/rand/action 0.17 / replay/replay_ratio 264 / fps/policy 7.67 / fps/train 1962.91

Writing metrics: /data2/liguoqi/habmm/hab_z/btwm/runs/dreamerv3_atari_pong_seed0_v2_1m/metrics.jsonl
Writing metrics: /data2/liguoqi/habmm/hab_z/btwm/runs/dreamerv3_atari_pong_seed0_v2_1m/scores.jsonl

--------------------[Agent Step 3_815_600]--------------------
Metrics filtered by: 'score|length|fps|ratio|train/loss/|train/acc/|train/inv/|train/rand/'
episode/score 13 / episode/length 3005 / train/acc/inv 0.11 / train/inv/ce 2.09 / train/inv/objective 1.17 / train/inv/valid_frac 1 / train/inv/weight 0 / train/loss/con 0.02 / train/loss/dyn 1.06 / train/loss/image 0.04 / train/loss/inv 0 / train/loss/policy 1.6e-6 / train/loss/rep 1.06 / train/loss/repval 1.13 / train/loss/rew 7.5e-3 / train/loss/value 1.02 / train/rand/action 0.18 / replay/replay_ratio 264 / fps/policy 7.31 / fps/train 1871.09

Writing metrics: /data2/liguoqi/habmm/hab_z/btwm/runs/dreamerv3_atari_pong_seed0_v2_1m/scores.jsonl
Writing metrics: /data2/liguoqi/habmm/hab_z/btwm/runs/dreamerv3_atari_pong_seed0_v2_1m/metrics.jsonl

--------------------[Agent Step 3_819_240]--------------------
Metrics filtered by: 'score|length|fps|ratio|train/loss/|train/acc/|train/inv/|train/rand/'
train/acc/inv 0.11 / train/inv/ce 2.08 / train/inv/objective 1.16 / train/inv/valid_frac 1 / train/inv/weight 0 / train/loss/con 0.02 / train/loss/dyn 1.06 / train/loss/image 0.04 / train/loss/inv 0 / train/loss/policy -1.1e-4 / train/loss/rep 1.06 / train/loss/repval 1.14 / train/loss/rew 7.7e-3 / train/loss/value 1.02 / train/rand/action 0.17 / replay/replay_ratio 264 / fps/policy 7.51 / fps/train 1922.14

Writing metrics: /data2/liguoqi/habmm/hab_z/btwm/runs/dreamerv3_atari_pong_seed0_v2_1m/metrics.jsonl
Writing metrics: /data2/liguoqi/habmm/hab_z/btwm/runs/dreamerv3_atari_pong_seed0_v2_1m/scores.jsonl

--------------------[Agent Step 3_822_840]--------------------
Metrics filtered by: 'score|length|fps|ratio|train/loss/|train/acc/|train/inv/|train/rand/'
episode/score 13 / episode/length 1998 / train/acc/inv 0.12 / train/inv/ce 2.08 / train/inv/objective 1.16 / train/inv/valid_frac 1 / train/inv/weight 0 / train/loss/con 0.02 / train/loss/dyn 1.06 / train/loss/image 0.04 / train/loss/inv 0 / train/loss/policy 1.7e-6 / train/loss/rep 1.06 / train/loss/repval 1.16 / train/loss/rew 7.7e-3 / train/loss/value 1.03 / train/rand/action 0.17 / replay/replay_ratio 264 / fps/policy 7.45 / fps/train 1907.27

Writing metrics: /data2/liguoqi/habmm/hab_z/btwm/runs/dreamerv3_atari_pong_seed0_v2_1m/metrics.jsonl
Writing metrics: /data2/liguoqi/habmm/hab_z/btwm/runs/dreamerv3_atari_pong_seed0_v2_1m/scores.jsonl
Saving checkpoint: /data2/liguoqi/habmm/hab_z/btwm/runs/dreamerv3_atari_pong_seed0_v2_1m/ckpt/20260615T064009F204146
Saved checkpoint.

--------------------[Agent Step 3_825_000]--------------------
Metrics filtered by: 'score|length|fps|ratio|train/loss/|train/acc/|train/inv/|train/rand/'
train/acc/inv 0.12 / train/inv/ce 2.08 / train/inv/objective 1.16 / train/inv/valid_frac 1 / train/inv/weight 0 / train/loss/con 0.02 / train/loss/dyn 1.06 / train/loss/image 0.04 / train/loss/inv 0 / train/loss/policy -3.6e-5 / train/loss/rep 1.06 / train/loss/repval 1.16 / train/loss/rew 8e-3 / train/loss/value 1.03 / train/rand/action 0.16 / replay/replay_ratio 264 / fps/policy 4.49 / fps/train 1150.71

Writing metrics: /data2/liguoqi/habmm/hab_z/btwm/runs/dreamerv3_atari_pong_seed0_v2_1m/metrics.jsonl
Writing metrics: /data2/liguoqi/habmm/hab_z/btwm/runs/dreamerv3_atari_pong_seed0_v2_1m/scores.jsonl

--------------------[Agent Step 3_828_680]--------------------
Metrics filtered by: 'score|length|fps|ratio|train/loss/|train/acc/|train/inv/|train/rand/'
episode/score 20 / episode/length 1629 / train/acc/inv 0.11 / train/inv/ce 2.09 / train/inv/objective 1.17 / train/inv/valid_frac 1 / train/inv/weight 0 / train/loss/con 0.02 / train/loss/dyn 1.06 / train/loss/image 0.04 / train/loss/inv 0 / train/loss/policy 6.2e-5 / train/loss/rep 1.06 / train/loss/repval 1.16 / train/loss/rew 7.7e-3 / train/loss/value 1.04 / train/rand/action 0.15 / replay/replay_ratio 264 / fps/policy 7.64 / fps/train 1955.47

Writing metrics: /data2/liguoqi/habmm/hab_z/btwm/runs/dreamerv3_atari_pong_seed0_v2_1m/scores.jsonl
Writing metrics: /data2/liguoqi/habmm/hab_z/btwm/runs/dreamerv3_atari_pong_seed0_v2_1m/metrics.jsonl

--------------------[Agent Step 3_832_360]--------------------
Metrics filtered by: 'score|length|fps|ratio|train/loss/|train/acc/|train/inv/|train/rand/'
train/acc/inv 0.11 / train/inv/ce 2.09 / train/inv/objective 1.17 / train/inv/valid_frac 1 / train/inv/weight 0 / train/loss/con 0.02 / train/loss/dyn 1.07 / train/loss/image 0.04 / train/loss/inv 0 / train/loss/policy 4.1e-5 / train/loss/rep 1.07 / train/loss/repval 1.15 / train/loss/rew 7.8e-3 / train/loss/value 1.04 / train/rand/action 0.15 / replay/replay_ratio 264 / fps/policy 7.62 / fps/train 1950.21

Writing metrics: /data2/liguoqi/habmm/hab_z/btwm/runs/dreamerv3_atari_pong_seed0_v2_1m/metrics.jsonl
Writing metrics: /data2/liguoqi/habmm/hab_z/btwm/runs/dreamerv3_atari_pong_seed0_v2_1m/scores.jsonl

--------------------[Agent Step 3_835_960]--------------------
Metrics filtered by: 'score|length|fps|ratio|train/loss/|train/acc/|train/inv/|train/rand/'
train/acc/inv 0.12 / train/inv/ce 2.09 / train/inv/objective 1.16 / train/inv/valid_frac 1 / train/inv/weight 0 / train/loss/con 0.02 / train/loss/dyn 1.06 / train/loss/image 0.04 / train/loss/inv 0 / train/loss/policy -9.5e-5 / train/loss/rep 1.06 / train/loss/repval 1.16 / train/loss/rew 7.8e-3 / train/loss/value 1.03 / train/rand/action 0.15 / replay/replay_ratio 264 / fps/policy 7.5 / fps/train 1919.72

Writing metrics: /data2/liguoqi/habmm/hab_z/btwm/runs/dreamerv3_atari_pong_seed0_v2_1m/metrics.jsonl
Writing metrics: /data2/liguoqi/habmm/hab_z/btwm/runs/dreamerv3_atari_pong_seed0_v2_1m/scores.jsonl

--------------------[Agent Step 3_839_640]--------------------
Metrics filtered by: 'score|length|fps|ratio|train/loss/|train/acc/|train/inv/|train/rand/'
episode/score 13 / episode/length 2596 / train/acc/inv 0.12 / train/inv/ce 2.08 / train/inv/objective 1.16 / train/inv/valid_frac 1 / train/inv/weight 0 / train/loss/con 0.02 / train/loss/dyn 1.06 / train/loss/image 0.04 / train/loss/inv 0 / train/loss/policy 7.6e-5 / train/loss/rep 1.06 / train/loss/repval 1.13 / train/loss/rew 7.5e-3 / train/loss/value 1.03 / train/rand/action 0.14 / replay/replay_ratio 264 / fps/policy 7.64 / fps/train 1956.78

Writing metrics: /data2/liguoqi/habmm/hab_z/btwm/runs/dreamerv3_atari_pong_seed0_v2_1m/metrics.jsonl
Writing metrics: /data2/liguoqi/habmm/hab_z/btwm/runs/dreamerv3_atari_pong_seed0_v2_1m/scores.jsonl

--------------------[Agent Step 3_843_360]--------------------
Metrics filtered by: 'score|length|fps|ratio|train/loss/|train/acc/|train/inv/|train/rand/'
train/acc/inv 0.11 / train/inv/ce 2.08 / train/inv/objective 1.16 / train/inv/valid_frac 1 / train/inv/weight 0 / train/loss/con 0.02 / train/loss/dyn 1.06 / train/loss/image 0.04 / train/loss/inv 0 / train/loss/policy 1e-5 / train/loss/rep 1.06 / train/loss/repval 1.13 / train/loss/rew 7.6e-3 / train/loss/value 1.01 / train/rand/action 0.15 / replay/replay_ratio 264 / fps/policy 7.67 / fps/train 1962.96

Writing metrics: /data2/liguoqi/habmm/hab_z/btwm/runs/dreamerv3_atari_pong_seed0_v2_1m/metrics.jsonl
Writing metrics: /data2/liguoqi/habmm/hab_z/btwm/runs/dreamerv3_atari_pong_seed0_v2_1m/scores.jsonl

--------------------[Agent Step 3_847_080]--------------------
Metrics filtered by: 'score|length|fps|ratio|train/loss/|train/acc/|train/inv/|train/rand/'
episode/score 20 / episode/length 2151 / train/acc/inv 0.12 / train/inv/ce 2.08 / train/inv/objective 1.16 / train/inv/valid_frac 1 / train/inv/weight 0 / train/loss/con 0.02 / train/loss/dyn 1.06 / train/loss/image 0.04 / train/loss/inv 0 / train/loss/policy -1.7e-5 / train/loss/rep 1.06 / train/loss/repval 1.13 / train/loss/rew 7.8e-3 / train/loss/value 1.02 / train/rand/action 0.15 / replay/replay_ratio 264 / fps/policy 7.73 / fps/train 1979.96

Writing metrics: /data2/liguoqi/habmm/hab_z/btwm/runs/dreamerv3_atari_pong_seed0_v2_1m/metrics.jsonl
Writing metrics: /data2/liguoqi/habmm/hab_z/btwm/runs/dreamerv3_atari_pong_seed0_v2_1m/scores.jsonl

--------------------[Agent Step 3_850_800]--------------------
Metrics filtered by: 'score|length|fps|ratio|train/loss/|train/acc/|train/inv/|train/rand/'
train/acc/inv 0.12 / train/inv/ce 2.08 / train/inv/objective 1.16 / train/inv/valid_frac 1 / train/inv/weight 0 / train/loss/con 0.02 / train/loss/dyn 1.08 / train/loss/image 0.05 / train/loss/inv 0 / train/loss/policy 3.5e-5 / train/loss/rep 1.08 / train/loss/repval 1.12 / train/loss/rew 7.8e-3 / train/loss/value 1.02 / train/rand/action 0.16 / replay/replay_ratio 264 / fps/policy 7.75 / fps/train 1982.98

Writing metrics: /data2/liguoqi/habmm/hab_z/btwm/runs/dreamerv3_atari_pong_seed0_v2_1m/metrics.jsonl
Writing metrics: /data2/liguoqi/habmm/hab_z/btwm/runs/dreamerv3_atari_pong_seed0_v2_1m/scores.jsonl

--------------------[Agent Step 3_854_520]--------------------
Metrics filtered by: 'score|length|fps|ratio|train/loss/|train/acc/|train/inv/|train/rand/'
train/acc/inv 0.12 / train/inv/ce 2.09 / train/inv/objective 1.17 / train/inv/valid_frac 1 / train/inv/weight 0 / train/loss/con 0.02 / train/loss/dyn 1.06 / train/loss/image 0.04 / train/loss/inv 0 / train/loss/policy -7.8e-5 / train/loss/rep 1.06 / train/loss/repval 1.14 / train/loss/rew 7.7e-3 / train/loss/value 1.02 / train/rand/action 0.17 / replay/replay_ratio 264 / fps/policy 7.74 / fps/train 1980.23

Writing metrics: /data2/liguoqi/habmm/hab_z/btwm/runs/dreamerv3_atari_pong_seed0_v2_1m/scores.jsonl
Writing metrics: /data2/liguoqi/habmm/hab_z/btwm/runs/dreamerv3_atari_pong_seed0_v2_1m/metrics.jsonl

--------------------[Agent Step 3_858_240]--------------------
Metrics filtered by: 'score|length|fps|ratio|train/loss/|train/acc/|train/inv/|train/rand/'
train/acc/inv 0.12 / train/inv/ce 2.08 / train/inv/objective 1.16 / train/inv/valid_frac 1 / train/inv/weight 0 / train/loss/con 0.02 / train/loss/dyn 1.06 / train/loss/image 0.04 / train/loss/inv 0 / train/loss/policy 4.7e-5 / train/loss/rep 1.06 / train/loss/repval 1.14 / train/loss/rew 7.9e-3 / train/loss/value 1.03 / train/rand/action 0.19 / replay/replay_ratio 264 / fps/policy 7.73 / fps/train 1979.09

Writing metrics: /data2/liguoqi/habmm/hab_z/btwm/runs/dreamerv3_atari_pong_seed0_v2_1m/scores.jsonl
Writing metrics: /data2/liguoqi/habmm/hab_z/btwm/runs/dreamerv3_atari_pong_seed0_v2_1m/metrics.jsonl

--------------------[Agent Step 3_861_840]--------------------
Metrics filtered by: 'score|length|fps|ratio|train/loss/|train/acc/|train/inv/|train/rand/'
episode/score 13 / episode/length 3174 / train/acc/inv 0.12 / train/inv/ce 2.07 / train/inv/objective 1.16 / train/inv/valid_frac 1 / train/inv/weight 0 / train/loss/con 0.02 / train/loss/dyn 1.06 / train/loss/image 0.04 / train/loss/inv 0 / train/loss/policy -1.8e-5 / train/loss/rep 1.06 / train/loss/repval 1.14 / train/loss/rew 7.9e-3 / train/loss/value 1.02 / train/rand/action 0.18 / replay/replay_ratio 264 / fps/policy 7.46 / fps/train 1910.45

Writing metrics: /data2/liguoqi/habmm/hab_z/btwm/runs/dreamerv3_atari_pong_seed0_v2_1m/metrics.jsonl
Writing metrics: /data2/liguoqi/habmm/hab_z/btwm/runs/dreamerv3_atari_pong_seed0_v2_1m/scores.jsonl

--------------------[Agent Step 3_865_560]--------------------
Metrics filtered by: 'score|length|fps|ratio|train/loss/|train/acc/|train/inv/|train/rand/'
train/acc/inv 0.11 / train/inv/ce 2.08 / train/inv/objective 1.16 / train/inv/valid_frac 1 / train/inv/weight 0 / train/loss/con 0.02 / train/loss/dyn 1.06 / train/loss/image 0.04 / train/loss/inv 0 / train/loss/policy 1.4e-5 / train/loss/rep 1.06 / train/loss/repval 1.13 / train/loss/rew 7.6e-3 / train/loss/value 1.02 / train/rand/action 0.17 / replay/replay_ratio 264 / fps/policy 7.73 / fps/train 1977.98

Writing metrics: /data2/liguoqi/habmm/hab_z/btwm/runs/dreamerv3_atari_pong_seed0_v2_1m/metrics.jsonl
Writing metrics: /data2/liguoqi/habmm/hab_z/btwm/runs/dreamerv3_atari_pong_seed0_v2_1m/scores.jsonl

--------------------[Agent Step 3_869_160]--------------------
Metrics filtered by: 'score|length|fps|ratio|train/loss/|train/acc/|train/inv/|train/rand/'
episode/score 11 / episode/length 2636 / train/acc/inv 0.12 / train/inv/ce 2.07 / train/inv/objective 1.15 / train/inv/valid_frac 1 / train/inv/weight 0 / train/loss/con 0.02 / train/loss/dyn 1.07 / train/loss/image 0.05 / train/loss/inv 0 / train/loss/policy -3.8e-5 / train/loss/rep 1.07 / train/loss/repval 1.13 / train/loss/rew 7.8e-3 / train/loss/value 1.01 / train/rand/action 0.19 / replay/replay_ratio 264 / fps/policy 7.4 / fps/train 1893.63

Writing metrics: /data2/liguoqi/habmm/hab_z/btwm/runs/dreamerv3_atari_pong_seed0_v2_1m/metrics.jsonl
Writing metrics: /data2/liguoqi/habmm/hab_z/btwm/runs/dreamerv3_atari_pong_seed0_v2_1m/scores.jsonl

--------------------[Agent Step 3_872_880]--------------------
Metrics filtered by: 'score|length|fps|ratio|train/loss/|train/acc/|train/inv/|train/rand/'
train/acc/inv 0.12 / train/inv/ce 2.06 / train/inv/objective 1.15 / train/inv/valid_frac 1 / train/inv/weight 0 / train/loss/con 0.02 / train/loss/dyn 1.06 / train/loss/image 0.04 / train/loss/inv 0 / train/loss/policy -1e-4 / train/loss/rep 1.06 / train/loss/repval 1.13 / train/loss/rew 7.7e-3 / train/loss/value 1.01 / train/rand/action 0.18 / replay/replay_ratio 264 / fps/policy 7.73 / fps/train 1978.26

Writing metrics: /data2/liguoqi/habmm/hab_z/btwm/runs/dreamerv3_atari_pong_seed0_v2_1m/metrics.jsonl
Writing metrics: /data2/liguoqi/habmm/hab_z/btwm/runs/dreamerv3_atari_pong_seed0_v2_1m/scores.jsonl

--------------------[Agent Step 3_876_600]--------------------
Metrics filtered by: 'score|length|fps|ratio|train/loss/|train/acc/|train/inv/|train/rand/'
train/acc/inv 0.12 / train/inv/ce 2.06 / train/inv/objective 1.15 / train/inv/valid_frac 1 / train/inv/weight 0 / train/loss/con 0.02 / train/loss/dyn 1.06 / train/loss/image 0.04 / train/loss/inv 0 / train/loss/policy -4.3e-5 / train/loss/rep 1.06 / train/loss/repval 1.13 / train/loss/rew 7.9e-3 / train/loss/value 1.02 / train/rand/action 0.16 / replay/replay_ratio 264 / fps/policy 7.72 / fps/train 1975.57

Writing metrics: /data2/liguoqi/habmm/hab_z/btwm/runs/dreamerv3_atari_pong_seed0_v2_1m/metrics.jsonl
Writing metrics: /data2/liguoqi/habmm/hab_z/btwm/runs/dreamerv3_atari_pong_seed0_v2_1m/scores.jsonl

--------------------[Agent Step 3_880_320]--------------------
Metrics filtered by: 'score|length|fps|ratio|train/loss/|train/acc/|train/inv/|train/rand/'
episode/score 19 / episode/length 2159 / train/acc/inv 0.12 / train/inv/ce 2.07 / train/inv/objective 1.16 / train/inv/valid_frac 1 / train/inv/weight 0 / train/loss/con 0.02 / train/loss/dyn 1.06 / train/loss/image 0.04 / train/loss/inv 0 / train/loss/policy -6.4e-6 / train/loss/rep 1.06 / train/loss/repval 1.14 / train/loss/rew 7.8e-3 / train/loss/value 1.02 / train/rand/action 0.17 / replay/replay_ratio 264 / fps/policy 7.71 / fps/train 1974.44

Writing metrics: /data2/liguoqi/habmm/hab_z/btwm/runs/dreamerv3_atari_pong_seed0_v2_1m/scores.jsonl
Writing metrics: /data2/liguoqi/habmm/hab_z/btwm/runs/dreamerv3_atari_pong_seed0_v2_1m/metrics.jsonl

--------------------[Agent Step 3_884_040]--------------------
Metrics filtered by: 'score|length|fps|ratio|train/loss/|train/acc/|train/inv/|train/rand/'
train/acc/inv 0.12 / train/inv/ce 2.08 / train/inv/objective 1.16 / train/inv/valid_frac 1 / train/inv/weight 0 / train/loss/con 0.02 / train/loss/dyn 1.06 / train/loss/image 0.04 / train/loss/inv 0 / train/loss/policy 4.7e-5 / train/loss/rep 1.06 / train/loss/repval 1.12 / train/loss/rew 7.7e-3 / train/loss/value 1.01 / train/rand/action 0.17 / replay/replay_ratio 264 / fps/policy 7.73 / fps/train 1978.99

Writing metrics: /data2/liguoqi/habmm/hab_z/btwm/runs/dreamerv3_atari_pong_seed0_v2_1m/scores.jsonl
Writing metrics: /data2/liguoqi/habmm/hab_z/btwm/runs/dreamerv3_atari_pong_seed0_v2_1m/metrics.jsonl

--------------------[Agent Step 3_887_760]--------------------
Metrics filtered by: 'score|length|fps|ratio|train/loss/|train/acc/|train/inv/|train/rand/'
train/acc/inv 0.12 / train/inv/ce 2.07 / train/inv/objective 1.16 / train/inv/valid_frac 1 / train/inv/weight 0 / train/loss/con 0.02 / train/loss/dyn 1.07 / train/loss/image 0.04 / train/loss/inv 0 / train/loss/policy -1.1e-5 / train/loss/rep 1.07 / train/loss/repval 1.12 / train/loss/rew 7.6e-3 / train/loss/value 1.01 / train/rand/action 0.18 / replay/replay_ratio 264 / fps/policy 7.71 / fps/train 1974.27

Writing metrics: /data2/liguoqi/habmm/hab_z/btwm/runs/dreamerv3_atari_pong_seed0_v2_1m/scores.jsonl
Writing metrics: /data2/liguoqi/habmm/hab_z/btwm/runs/dreamerv3_atari_pong_seed0_v2_1m/metrics.jsonl

--------------------[Agent Step 3_891_480]--------------------
Metrics filtered by: 'score|length|fps|ratio|train/loss/|train/acc/|train/inv/|train/rand/'
episode/score 16 / episode/length 2988 / train/acc/inv 0.12 / train/inv/ce 2.08 / train/inv/objective 1.16 / train/inv/valid_frac 1 / train/inv/weight 0 / train/loss/con 0.02 / train/loss/dyn 1.06 / train/loss/image 0.04 / train/loss/inv 0 / train/loss/policy 2.2e-5 / train/loss/rep 1.06 / train/loss/repval 1.14 / train/loss/rew 7.6e-3 / train/loss/value 1.02 / train/rand/action 0.17 / replay/replay_ratio 264 / fps/policy 7.7 / fps/train 1970.52

Writing metrics: /data2/liguoqi/habmm/hab_z/btwm/runs/dreamerv3_atari_pong_seed0_v2_1m/metrics.jsonl
Writing metrics: /data2/liguoqi/habmm/hab_z/btwm/runs/dreamerv3_atari_pong_seed0_v2_1m/scores.jsonl

--------------------[Agent Step 3_895_200]--------------------
Metrics filtered by: 'score|length|fps|ratio|train/loss/|train/acc/|train/inv/|train/rand/'
train/acc/inv 0.12 / train/inv/ce 2.07 / train/inv/objective 1.16 / train/inv/valid_frac 1 / train/inv/weight 0 / train/loss/con 0.02 / train/loss/dyn 1.06 / train/loss/image 0.04 / train/loss/inv 0 / train/loss/policy -6.2e-5 / train/loss/rep 1.06 / train/loss/repval 1.14 / train/loss/rew 7.6e-3 / train/loss/value 1.02 / train/rand/action 0.17 / replay/replay_ratio 264 / fps/policy 7.73 / fps/train 1978.01

Writing metrics: /data2/liguoqi/habmm/hab_z/btwm/runs/dreamerv3_atari_pong_seed0_v2_1m/metrics.jsonl
Writing metrics: /data2/liguoqi/habmm/hab_z/btwm/runs/dreamerv3_atari_pong_seed0_v2_1m/scores.jsonl

--------------------[Agent Step 3_898_800]--------------------
Metrics filtered by: 'score|length|fps|ratio|train/loss/|train/acc/|train/inv/|train/rand/'
train/acc/inv 0.12 / train/inv/ce 2.07 / train/inv/objective 1.15 / train/inv/valid_frac 1 / train/inv/weight 0 / train/loss/con 0.02 / train/loss/dyn 1.06 / train/loss/image 0.04 / train/loss/inv 0 / train/loss/policy 4e-5 / train/loss/rep 1.06 / train/loss/repval 1.14 / train/loss/rew 7.8e-3 / train/loss/value 1.02 / train/rand/action 0.17 / replay/replay_ratio 264 / fps/policy 7.49 / fps/train 1917.38

Writing metrics: /data2/liguoqi/habmm/hab_z/btwm/runs/dreamerv3_atari_pong_seed0_v2_1m/scores.jsonl
Writing metrics: /data2/liguoqi/habmm/hab_z/btwm/runs/dreamerv3_atari_pong_seed0_v2_1m/metrics.jsonl

--------------------[Agent Step 3_902_520]--------------------
Metrics filtered by: 'score|length|fps|ratio|train/loss/|train/acc/|train/inv/|train/rand/'
episode/score 17 / episode/length 2327 / train/acc/inv 0.12 / train/inv/ce 2.05 / train/inv/objective 1.15 / train/inv/valid_frac 1 / train/inv/weight 0 / train/loss/con 0.02 / train/loss/dyn 1.06 / train/loss/image 0.05 / train/loss/inv 0 / train/loss/policy -5.8e-6 / train/loss/rep 1.06 / train/loss/repval 1.14 / train/loss/rew 7.7e-3 / train/loss/value 1.02 / train/rand/action 0.17 / replay/replay_ratio 264 / fps/policy 6.95 / fps/train 1778.46

Writing metrics: /data2/liguoqi/habmm/hab_z/btwm/runs/dreamerv3_atari_pong_seed0_v2_1m/metrics.jsonl
Writing metrics: /data2/liguoqi/habmm/hab_z/btwm/runs/dreamerv3_atari_pong_seed0_v2_1m/scores.jsonl

--------------------[Agent Step 3_905_720]--------------------
Metrics filtered by: 'score|length|fps|ratio|train/loss/|train/acc/|train/inv/|train/rand/'
train/acc/inv 0.12 / train/inv/ce 2.06 / train/inv/objective 1.15 / train/inv/valid_frac 1 / train/inv/weight 0 / train/loss/con 0.02 / train/loss/dyn 1.06 / train/loss/image 0.04 / train/loss/inv 0 / train/loss/policy -1.5e-5 / train/loss/rep 1.06 / train/loss/repval 1.12 / train/loss/rew 7.6e-3 / train/loss/value 1.01 / train/rand/action 0.19 / replay/replay_ratio 264 / fps/policy 7.46 / fps/train 1910.05

Writing metrics: /data2/liguoqi/habmm/hab_z/btwm/runs/dreamerv3_atari_pong_seed0_v2_1m/scores.jsonl
Writing metrics: /data2/liguoqi/habmm/hab_z/btwm/runs/dreamerv3_atari_pong_seed0_v2_1m/metrics.jsonl

--------------------[Agent Step 3_909_440]--------------------
Metrics filtered by: 'score|length|fps|ratio|train/loss/|train/acc/|train/inv/|train/rand/'
train/acc/inv 0.11 / train/inv/ce 2.09 / train/inv/objective 1.17 / train/inv/valid_frac 1 / train/inv/weight 0 / train/loss/con 0.02 / train/loss/dyn 1.06 / train/loss/image 0.04 / train/loss/inv 0 / train/loss/policy -5.1e-5 / train/loss/rep 1.06 / train/loss/repval 1.12 / train/loss/rew 7.8e-3 / train/loss/value 1.01 / train/rand/action 0.17 / replay/replay_ratio 264 / fps/policy 7.71 / fps/train 1973.34

Writing metrics: /data2/liguoqi/habmm/hab_z/btwm/runs/dreamerv3_atari_pong_seed0_v2_1m/metrics.jsonl
Writing metrics: /data2/liguoqi/habmm/hab_z/btwm/runs/dreamerv3_atari_pong_seed0_v2_1m/scores.jsonl

--------------------[Agent Step 3_913_120]--------------------
Metrics filtered by: 'score|length|fps|ratio|train/loss/|train/acc/|train/inv/|train/rand/'
episode/score 15 / episode/length 2692 / train/acc/inv 0.11 / train/inv/ce 2.09 / train/inv/objective 1.17 / train/inv/valid_frac 1 / train/inv/weight 0 / train/loss/con 0.02 / train/loss/dyn 1.07 / train/loss/image 0.04 / train/loss/inv 0 / train/loss/policy -8.7e-5 / train/loss/rep 1.07 / train/loss/repval 1.12 / train/loss/rew 7.5e-3 / train/loss/value 1.01 / train/rand/action 0.16 / replay/replay_ratio 264 / fps/policy 7.62 / fps/train 1951.23

Writing metrics: /data2/liguoqi/habmm/hab_z/btwm/runs/dreamerv3_atari_pong_seed0_v2_1m/metrics.jsonl
Writing metrics: /data2/liguoqi/habmm/hab_z/btwm/runs/dreamerv3_atari_pong_seed0_v2_1m/scores.jsonl

--------------------[Agent Step 3_916_800]--------------------
Metrics filtered by: 'score|length|fps|ratio|train/loss/|train/acc/|train/inv/|train/rand/'
train/acc/inv 0.11 / train/inv/ce 2.09 / train/inv/objective 1.17 / train/inv/valid_frac 1 / train/inv/weight 0 / train/loss/con 0.02 / train/loss/dyn 1.06 / train/loss/image 0.04 / train/loss/inv 0 / train/loss/policy 8.9e-6 / train/loss/rep 1.06 / train/loss/repval 1.14 / train/loss/rew 7.6e-3 / train/loss/value 1.02 / train/rand/action 0.16 / replay/replay_ratio 264 / fps/policy 7.64 / fps/train 1955.93

Writing metrics: /data2/liguoqi/habmm/hab_z/btwm/runs/dreamerv3_atari_pong_seed0_v2_1m/metrics.jsonl
Writing metrics: /data2/liguoqi/habmm/hab_z/btwm/runs/dreamerv3_atari_pong_seed0_v2_1m/scores.jsonl

--------------------[Agent Step 3_920_520]--------------------
Metrics filtered by: 'score|length|fps|ratio|train/loss/|train/acc/|train/inv/|train/rand/'
episode/score 16 / episode/length 2326 / train/acc/inv 0.12 / train/inv/ce 2.08 / train/inv/objective 1.16 / train/inv/valid_frac 1 / train/inv/weight 0 / train/loss/con 0.02 / train/loss/dyn 1.06 / train/loss/image 0.04 / train/loss/inv 0 / train/loss/policy -1.3e-5 / train/loss/rep 1.06 / train/loss/repval 1.14 / train/loss/rew 7.5e-3 / train/loss/value 1.02 / train/rand/action 0.15 / replay/replay_ratio 264 / fps/policy 7.7 / fps/train 1970.57

Writing metrics: /data2/liguoqi/habmm/hab_z/btwm/runs/dreamerv3_atari_pong_seed0_v2_1m/metrics.jsonl
Writing metrics: /data2/liguoqi/habmm/hab_z/btwm/runs/dreamerv3_atari_pong_seed0_v2_1m/scores.jsonl

--------------------[Agent Step 3_924_240]--------------------
Metrics filtered by: 'score|length|fps|ratio|train/loss/|train/acc/|train/inv/|train/rand/'
train/acc/inv 0.11 / train/inv/ce 2.08 / train/inv/objective 1.16 / train/inv/valid_frac 1 / train/inv/weight 0 / train/loss/con 0.02 / train/loss/dyn 1.06 / train/loss/image 0.04 / train/loss/inv 0 / train/loss/policy -4.8e-5 / train/loss/rep 1.06 / train/loss/repval 1.15 / train/loss/rew 7.8e-3 / train/loss/value 1.02 / train/rand/action 0.13 / replay/replay_ratio 264 / fps/policy 7.7 / fps/train 1972.39

Writing metrics: /data2/liguoqi/habmm/hab_z/btwm/runs/dreamerv3_atari_pong_seed0_v2_1m/metrics.jsonl
Writing metrics: /data2/liguoqi/habmm/hab_z/btwm/runs/dreamerv3_atari_pong_seed0_v2_1m/scores.jsonl

--------------------[Agent Step 3_927_960]--------------------
Metrics filtered by: 'score|length|fps|ratio|train/loss/|train/acc/|train/inv/|train/rand/'
train/acc/inv 0.11 / train/inv/ce 2.09 / train/inv/objective 1.17 / train/inv/valid_frac 1 / train/inv/weight 0 / train/loss/con 0.02 / train/loss/dyn 1.07 / train/loss/image 0.04 / train/loss/inv 0 / train/loss/policy -6.7e-6 / train/loss/rep 1.07 / train/loss/repval 1.13 / train/loss/rew 7.7e-3 / train/loss/value 1.02 / train/rand/action 0.15 / replay/replay_ratio 264 / fps/policy 7.7 / fps/train 1972.3

Writing metrics: /data2/liguoqi/habmm/hab_z/btwm/runs/dreamerv3_atari_pong_seed0_v2_1m/scores.jsonl
Writing metrics: /data2/liguoqi/habmm/hab_z/btwm/runs/dreamerv3_atari_pong_seed0_v2_1m/metrics.jsonl
Saving checkpoint: /data2/liguoqi/habmm/hab_z/btwm/runs/dreamerv3_atari_pong_seed0_v2_1m/ckpt/20260615T074009F840621
Saved checkpoint.

--------------------[Agent Step 3_931_400]--------------------
Metrics filtered by: 'score|length|fps|ratio|train/loss/|train/acc/|train/inv/|train/rand/'
episode/score 7 / episode/length 2579 / train/acc/inv 0.11 / train/inv/ce 2.09 / train/inv/objective 1.16 / train/inv/valid_frac 1 / train/inv/weight 0 / train/loss/con 0.02 / train/loss/dyn 1.06 / train/loss/image 0.04 / train/loss/inv 0 / train/loss/policy 3.2e-6 / train/loss/rep 1.06 / train/loss/repval 1.13 / train/loss/rew 7.6e-3 / train/loss/value 1.02 / train/rand/action 0.16 / replay/replay_ratio 264 / fps/policy 4.87 / fps/train 1246.77

Writing metrics: /data2/liguoqi/habmm/hab_z/btwm/runs/dreamerv3_atari_pong_seed0_v2_1m/metrics.jsonl
Writing metrics: /data2/liguoqi/habmm/hab_z/btwm/runs/dreamerv3_atari_pong_seed0_v2_1m/scores.jsonl

--------------------[Agent Step 3_935_000]--------------------
Metrics filtered by: 'score|length|fps|ratio|train/loss/|train/acc/|train/inv/|train/rand/'
train/acc/inv 0.11 / train/inv/ce 2.09 / train/inv/objective 1.17 / train/inv/valid_frac 1 / train/inv/weight 0 / train/loss/con 0.02 / train/loss/dyn 1.06 / train/loss/image 0.04 / train/loss/inv 0 / train/loss/policy 4.1e-5 / train/loss/rep 1.06 / train/loss/repval 1.15 / train/loss/rew 7.6e-3 / train/loss/value 1.03 / train/rand/action 0.16 / replay/replay_ratio 264 / fps/policy 7.49 / fps/train 1916.23

Writing metrics: /data2/liguoqi/habmm/hab_z/btwm/runs/dreamerv3_atari_pong_seed0_v2_1m/metrics.jsonl
Writing metrics: /data2/liguoqi/habmm/hab_z/btwm/runs/dreamerv3_atari_pong_seed0_v2_1m/scores.jsonl

--------------------[Agent Step 3_938_720]--------------------
Metrics filtered by: 'score|length|fps|ratio|train/loss/|train/acc/|train/inv/|train/rand/'
episode/score 16 / episode/length 2252 / train/acc/inv 0.11 / train/inv/ce 2.08 / train/inv/objective 1.16 / train/inv/valid_frac 1 / train/inv/weight 0 / train/loss/con 0.02 / train/loss/dyn 1.06 / train/loss/image 0.04 / train/loss/inv 0 / train/loss/policy -1.3e-5 / train/loss/rep 1.06 / train/loss/repval 1.14 / train/loss/rew 7.7e-3 / train/loss/value 1.03 / train/rand/action 0.16 / replay/replay_ratio 264 / fps/policy 7.7 / fps/train 1972.2

Writing metrics: /data2/liguoqi/habmm/hab_z/btwm/runs/dreamerv3_atari_pong_seed0_v2_1m/metrics.jsonl
Writing metrics: /data2/liguoqi/habmm/hab_z/btwm/runs/dreamerv3_atari_pong_seed0_v2_1m/scores.jsonl

--------------------[Agent Step 3_942_080]--------------------
Metrics filtered by: 'score|length|fps|ratio|train/loss/|train/acc/|train/inv/|train/rand/'
train/acc/inv 0.11 / train/inv/ce 2.09 / train/inv/objective 1.17 / train/inv/valid_frac 1 / train/inv/weight 0 / train/loss/con 0.02 / train/loss/dyn 1.06 / train/loss/image 0.04 / train/loss/inv 0 / train/loss/policy 6.3e-5 / train/loss/rep 1.06 / train/loss/repval 1.14 / train/loss/rew 7.8e-3 / train/loss/value 1.02 / train/rand/action 0.15 / replay/replay_ratio 264 / fps/policy 6.97 / fps/train 1784.58

Writing metrics: /data2/liguoqi/habmm/hab_z/btwm/runs/dreamerv3_atari_pong_seed0_v2_1m/metrics.jsonl
Writing metrics: /data2/liguoqi/habmm/hab_z/btwm/runs/dreamerv3_atari_pong_seed0_v2_1m/scores.jsonl

--------------------[Agent Step 3_945_720]--------------------
Metrics filtered by: 'score|length|fps|ratio|train/loss/|train/acc/|train/inv/|train/rand/'
train/acc/inv 0.11 / train/inv/ce 2.09 / train/inv/objective 1.17 / train/inv/valid_frac 1 / train/inv/weight 0 / train/loss/con 0.02 / train/loss/dyn 1.06 / train/loss/image 0.04 / train/loss/inv 0 / train/loss/policy 9.7e-5 / train/loss/rep 1.06 / train/loss/repval 1.12 / train/loss/rew 7.5e-3 / train/loss/value 1.01 / train/rand/action 0.17 / replay/replay_ratio 264 / fps/policy 7.56 / fps/train 1935.89

Writing metrics: /data2/liguoqi/habmm/hab_z/btwm/runs/dreamerv3_atari_pong_seed0_v2_1m/metrics.jsonl
Writing metrics: /data2/liguoqi/habmm/hab_z/btwm/runs/dreamerv3_atari_pong_seed0_v2_1m/scores.jsonl

--------------------[Agent Step 3_949_400]--------------------
Metrics filtered by: 'score|length|fps|ratio|train/loss/|train/acc/|train/inv/|train/rand/'
episode/score 17 / episode/length 1979 / train/acc/inv 0.1 / train/inv/ce 2.1 / train/inv/objective 1.17 / train/inv/valid_frac 1 / train/inv/weight 0 / train/loss/con 0.02 / train/loss/dyn 1.07 / train/loss/image 0.04 / train/loss/inv 0 / train/loss/policy 3.4e-5 / train/loss/rep 1.07 / train/loss/repval 1.12 / train/loss/rew 7.5e-3 / train/loss/value 1.02 / train/rand/action 0.19 / replay/replay_ratio 264 / fps/policy 7.58 / fps/train 1940.2

Writing metrics: /data2/liguoqi/habmm/hab_z/btwm/runs/dreamerv3_atari_pong_seed0_v2_1m/metrics.jsonl
Writing metrics: /data2/liguoqi/habmm/hab_z/btwm/runs/dreamerv3_atari_pong_seed0_v2_1m/scores.jsonl

--------------------[Agent Step 3_953_120]--------------------
Metrics filtered by: 'score|length|fps|ratio|train/loss/|train/acc/|train/inv/|train/rand/'
train/acc/inv 0.11 / train/inv/ce 2.09 / train/inv/objective 1.17 / train/inv/valid_frac 1 / train/inv/weight 0 / train/loss/con 0.02 / train/loss/dyn 1.07 / train/loss/image 0.04 / train/loss/inv 0 / train/loss/policy -5.7e-5 / train/loss/rep 1.07 / train/loss/repval 1.12 / train/loss/rew 7.7e-3 / train/loss/value 1.01 / train/rand/action 0.18 / replay/replay_ratio 264 / fps/policy 7.7 / fps/train 1972.4

Writing metrics: /data2/liguoqi/habmm/hab_z/btwm/runs/dreamerv3_atari_pong_seed0_v2_1m/scores.jsonl
Writing metrics: /data2/liguoqi/habmm/hab_z/btwm/runs/dreamerv3_atari_pong_seed0_v2_1m/metrics.jsonl

--------------------[Agent Step 3_956_840]--------------------
Metrics filtered by: 'score|length|fps|ratio|train/loss/|train/acc/|train/inv/|train/rand/'
train/acc/inv 0.11 / train/inv/ce 2.11 / train/inv/objective 1.18 / train/inv/valid_frac 1 / train/inv/weight 0 / train/loss/con 0.02 / train/loss/dyn 1.07 / train/loss/image 0.04 / train/loss/inv 0 / train/loss/policy 6.1e-5 / train/loss/rep 1.07 / train/loss/repval 1.13 / train/loss/rew 7.7e-3 / train/loss/value 1.01 / train/rand/action 0.2 / replay/replay_ratio 264 / fps/policy 7.74 / fps/train 1980.54

Writing metrics: /data2/liguoqi/habmm/hab_z/btwm/runs/dreamerv3_atari_pong_seed0_v2_1m/metrics.jsonl
Writing metrics: /data2/liguoqi/habmm/hab_z/btwm/runs/dreamerv3_atari_pong_seed0_v2_1m/scores.jsonl

--------------------[Agent Step 3_960_560]--------------------
Metrics filtered by: 'score|length|fps|ratio|train/loss/|train/acc/|train/inv/|train/rand/'
episode/score 13 / episode/length 3025 / train/acc/inv 0.11 / train/inv/ce 2.11 / train/inv/objective 1.18 / train/inv/valid_frac 1 / train/inv/weight 0 / train/loss/con 0.02 / train/loss/dyn 1.06 / train/loss/image 0.04 / train/loss/inv 0 / train/loss/policy -7.5e-5 / train/loss/rep 1.06 / train/loss/repval 1.12 / train/loss/rew 7.7e-3 / train/loss/value 1.02 / train/rand/action 0.22 / replay/replay_ratio 264 / fps/policy 7.7 / fps/train 1970.8

Writing metrics: /data2/liguoqi/habmm/hab_z/btwm/runs/dreamerv3_atari_pong_seed0_v2_1m/metrics.jsonl
Writing metrics: /data2/liguoqi/habmm/hab_z/btwm/runs/dreamerv3_atari_pong_seed0_v2_1m/scores.jsonl

--------------------[Agent Step 3_964_280]--------------------
Metrics filtered by: 'score|length|fps|ratio|train/loss/|train/acc/|train/inv/|train/rand/'
train/acc/inv 0.11 / train/inv/ce 2.09 / train/inv/objective 1.17 / train/inv/valid_frac 1 / train/inv/weight 0 / train/loss/con 0.02 / train/loss/dyn 1.06 / train/loss/image 0.04 / train/loss/inv 0 / train/loss/policy 9.1e-6 / train/loss/rep 1.06 / train/loss/repval 1.11 / train/loss/rew 7.8e-3 / train/loss/value 1.01 / train/rand/action 0.2 / replay/replay_ratio 264 / fps/policy 7.7 / fps/train 1970.43

Writing metrics: /data2/liguoqi/habmm/hab_z/btwm/runs/dreamerv3_atari_pong_seed0_v2_1m/metrics.jsonl
Writing metrics: /data2/liguoqi/habmm/hab_z/btwm/runs/dreamerv3_atari_pong_seed0_v2_1m/scores.jsonl

--------------------[Agent Step 3_968_000]--------------------
Metrics filtered by: 'score|length|fps|ratio|train/loss/|train/acc/|train/inv/|train/rand/'
train/acc/inv 0.11 / train/inv/ce 2.1 / train/inv/objective 1.17 / train/inv/valid_frac 1 / train/inv/weight 0 / train/loss/con 0.02 / train/loss/dyn 1.06 / train/loss/image 0.05 / train/loss/inv 0 / train/loss/policy 4.5e-5 / train/loss/rep 1.06 / train/loss/repval 1.12 / train/loss/rew 7.7e-3 / train/loss/value 1.01 / train/rand/action 0.19 / replay/replay_ratio 264 / fps/policy 7.72 / fps/train 1976.1

Writing metrics: /data2/liguoqi/habmm/hab_z/btwm/runs/dreamerv3_atari_pong_seed0_v2_1m/metrics.jsonl
Writing metrics: /data2/liguoqi/habmm/hab_z/btwm/runs/dreamerv3_atari_pong_seed0_v2_1m/scores.jsonl

--------------------[Agent Step 3_971_600]--------------------
Metrics filtered by: 'score|length|fps|ratio|train/loss/|train/acc/|train/inv/|train/rand/'
episode/score 14 / episode/length 2470 / train/acc/inv 0.11 / train/inv/ce 2.09 / train/inv/objective 1.17 / train/inv/valid_frac 1 / train/inv/weight 0 / train/loss/con 0.02 / train/loss/dyn 1.06 / train/loss/image 0.04 / train/loss/inv 0 / train/loss/policy -4.5e-6 / train/loss/rep 1.06 / train/loss/repval 1.12 / train/loss/rew 7.5e-3 / train/loss/value 1.01 / train/rand/action 0.19 / replay/replay_ratio 264 / fps/policy 7.44 / fps/train 1904.83

Writing metrics: /data2/liguoqi/habmm/hab_z/btwm/runs/dreamerv3_atari_pong_seed0_v2_1m/scores.jsonl
Writing metrics: /data2/liguoqi/habmm/hab_z/btwm/runs/dreamerv3_atari_pong_seed0_v2_1m/metrics.jsonl

--------------------[Agent Step 3_975_320]--------------------
Metrics filtered by: 'score|length|fps|ratio|train/loss/|train/acc/|train/inv/|train/rand/'
train/acc/inv 0.11 / train/inv/ce 2.09 / train/inv/objective 1.17 / train/inv/valid_frac 1 / train/inv/weight 0 / train/loss/con 0.02 / train/loss/dyn 1.06 / train/loss/image 0.04 / train/loss/inv 0 / train/loss/policy 1.8e-5 / train/loss/rep 1.06 / train/loss/repval 1.12 / train/loss/rew 7.5e-3 / train/loss/value 1.02 / train/rand/action 0.17 / replay/replay_ratio 264 / fps/policy 7.74 / fps/train 1982.54

Writing metrics: /data2/liguoqi/habmm/hab_z/btwm/runs/dreamerv3_atari_pong_seed0_v2_1m/metrics.jsonl
Writing metrics: /data2/liguoqi/habmm/hab_z/btwm/runs/dreamerv3_atari_pong_seed0_v2_1m/scores.jsonl

--------------------[Agent Step 3_979_040]--------------------
Metrics filtered by: 'score|length|fps|ratio|train/loss/|train/acc/|train/inv/|train/rand/'
episode/score 11 / episode/length 2228 / train/acc/inv 0.11 / train/inv/ce 2.08 / train/inv/objective 1.16 / train/inv/valid_frac 1 / train/inv/weight 0 / train/loss/con 0.02 / train/loss/dyn 1.06 / train/loss/image 0.04 / train/loss/inv 0 / train/loss/policy 9.9e-6 / train/loss/rep 1.06 / train/loss/repval 1.12 / train/loss/rew 7.6e-3 / train/loss/value 1.01 / train/rand/action 0.19 / replay/replay_ratio 264 / fps/policy 7.73 / fps/train 1979.31

Writing metrics: /data2/liguoqi/habmm/hab_z/btwm/runs/dreamerv3_atari_pong_seed0_v2_1m/scores.jsonl
Writing metrics: /data2/liguoqi/habmm/hab_z/btwm/runs/dreamerv3_atari_pong_seed0_v2_1m/metrics.jsonl

--------------------[Agent Step 3_982_760]--------------------
Metrics filtered by: 'score|length|fps|ratio|train/loss/|train/acc/|train/inv/|train/rand/'
train/acc/inv 0.12 / train/inv/ce 2.09 / train/inv/objective 1.16 / train/inv/valid_frac 1 / train/inv/weight 0 / train/loss/con 0.02 / train/loss/dyn 1.06 / train/loss/image 0.05 / train/loss/inv 0 / train/loss/policy -2.7e-5 / train/loss/rep 1.06 / train/loss/repval 1.11 / train/loss/rew 7.8e-3 / train/loss/value 1.01 / train/rand/action 0.21 / replay/replay_ratio 264 / fps/policy 7.7 / fps/train 1970

Writing metrics: /data2/liguoqi/habmm/hab_z/btwm/runs/dreamerv3_atari_pong_seed0_v2_1m/metrics.jsonl
Writing metrics: /data2/liguoqi/habmm/hab_z/btwm/runs/dreamerv3_atari_pong_seed0_v2_1m/scores.jsonl

--------------------[Agent Step 3_986_400]--------------------
Metrics filtered by: 'score|length|fps|ratio|train/loss/|train/acc/|train/inv/|train/rand/'
train/acc/inv 0.12 / train/inv/ce 2.07 / train/inv/objective 1.16 / train/inv/valid_frac 1 / train/inv/weight 0 / train/loss/con 0.02 / train/loss/dyn 1.06 / train/loss/image 0.05 / train/loss/inv 0 / train/loss/policy -3.7e-5 / train/loss/rep 1.06 / train/loss/repval 1.14 / train/loss/rew 7.6e-3 / train/loss/value 1.02 / train/rand/action 0.19 / replay/replay_ratio 264 / fps/policy 7.53 / fps/train 1927.03

Writing metrics: /data2/liguoqi/habmm/hab_z/btwm/runs/dreamerv3_atari_pong_seed0_v2_1m/scores.jsonl
Writing metrics: /data2/liguoqi/habmm/hab_z/btwm/runs/dreamerv3_atari_pong_seed0_v2_1m/metrics.jsonl

--------------------[Agent Step 3_990_000]--------------------
Metrics filtered by: 'score|length|fps|ratio|train/loss/|train/acc/|train/inv/|train/rand/'
episode/score 10 / episode/length 2497 / train/acc/inv 0.12 / train/inv/ce 2.07 / train/inv/objective 1.16 / train/inv/valid_frac 1 / train/inv/weight 0 / train/loss/con 0.02 / train/loss/dyn 1.06 / train/loss/image 0.05 / train/loss/inv 0 / train/loss/policy 7.9e-5 / train/loss/rep 1.06 / train/loss/repval 1.16 / train/loss/rew 7.6e-3 / train/loss/value 1.03 / train/rand/action 0.16 / replay/replay_ratio 264 / fps/policy 6.61 / fps/train 1690.99

Writing metrics: /data2/liguoqi/habmm/hab_z/btwm/runs/dreamerv3_atari_pong_seed0_v2_1m/scores.jsonl
Writing metrics: /data2/liguoqi/habmm/hab_z/btwm/runs/dreamerv3_atari_pong_seed0_v2_1m/metrics.jsonl

--------------------[Agent Step 3_993_240]--------------------
Metrics filtered by: 'score|length|fps|ratio|train/loss/|train/acc/|train/inv/|train/rand/'
train/acc/inv 0.11 / train/inv/ce 2.08 / train/inv/objective 1.16 / train/inv/valid_frac 1 / train/inv/weight 0 / train/loss/con 0.02 / train/loss/dyn 1.06 / train/loss/image 0.05 / train/loss/inv 0 / train/loss/policy -4.3e-5 / train/loss/rep 1.06 / train/loss/repval 1.17 / train/loss/rew 7.7e-3 / train/loss/value 1.03 / train/rand/action 0.14 / replay/replay_ratio 264 / fps/policy 7.74 / fps/train 1982.58

Writing metrics: /data2/liguoqi/habmm/hab_z/btwm/runs/dreamerv3_atari_pong_seed0_v2_1m/metrics.jsonl
Writing metrics: /data2/liguoqi/habmm/hab_z/btwm/runs/dreamerv3_atari_pong_seed0_v2_1m/scores.jsonl

--------------------[Agent Step 3_996_960]--------------------
Metrics filtered by: 'score|length|fps|ratio|train/loss/|train/acc/|train/inv/|train/rand/'
episode/score 14 / episode/length 2067 / train/acc/inv 0.11 / train/inv/ce 2.08 / train/inv/objective 1.16 / train/inv/valid_frac 1 / train/inv/weight 0 / train/loss/con 0.02 / train/loss/dyn 1.06 / train/loss/image 0.04 / train/loss/inv 0 / train/loss/policy 3.6e-4 / train/loss/rep 1.06 / train/loss/repval 1.16 / train/loss/rew 7.7e-3 / train/loss/value 1.03 / train/rand/action 0.15 / replay/replay_ratio 264 / fps/policy 7.7 / fps/train 1970.57

Writing metrics: /data2/liguoqi/habmm/hab_z/btwm/runs/dreamerv3_atari_pong_seed0_v2_1m/metrics.jsonl
Writing metrics: /data2/liguoqi/habmm/hab_z/btwm/runs/dreamerv3_atari_pong_seed0_v2_1m/scores.jsonl
