[2026-07-17 22:09:50] model=dreamerv3 domain=dmc task=dmc_walker_walk
seed=2 gpu=1 steps=300000 logdir=/home/zhangpeiying01/lfy/btwm-7.7/runs/dreamerv3_dmc_walker_walk_seed2_dv3_300k_s2
variant=v2 param_matched=1 inv_weight=0.05 head_weight=0.0 inv_bins=21 confidence_gating=False policy_weight=0.0
command: python /home/zhangpeiying01/lfy/btwm-7.7/dreamerv3/dreamerv3/main.py --logdir /home/zhangpeiying01/lfy/btwm-7.7/runs/dreamerv3_dmc_walker_walk_seed2_dv3_300k_s2 --configs dmc_vision --task dmc_walker_walk --seed 2 --run.steps 300000 --replay.size 300000 --agent.use_btwm True --agent.inv_loss_weight 0.0 --agent.inv_head_loss_weight 0.0 --agent.inv_num_bins 21 --agent.inv_confidence_gating False --agent.inv_policy_weight 0.0 --batch_size 8 --batch_length 32 --report_length 32
2026-07-17 22:19:15.477082: E external/xla/xla/python/profiler/internal/python_hooks.cc:400] Can't import tensorflow.python.profiler.trace
2026-07-17 22:19:19.830879: E external/xla/xla/python/profiler/internal/python_hooks.cc:400] Can't import tensorflow.python.profiler.trace
---  ___                           __   ______ ---
--- |   \ _ _ ___ __ _ _ __  ___ _ \ \ / /__ / ---
--- | |) | '_/ -_) _` | '  \/ -_) '/\ V / |_ \ ---
--- |___/|_| \___\__,_|_|_|_\___|_|  \_/ |___/ ---
Replica: 0 / 1
Logdir: /home/zhangpeiying01/lfy/btwm-7.7/runs/dreamerv3_dmc_walker_walk_seed2_dv3_300k_s2
Run script: train
Observations
  is_first         Space(bool, shape=(), low=False, high=True)
  is_last          Space(bool, shape=(), low=False, high=True)
  is_terminal      Space(bool, shape=(), low=False, high=True)
  reward           Space(float32, shape=(), low=-inf, high=inf)
  image            Space(uint8, shape=(64, 64, 3), low=0, high=255)
Actions
  action           Space(float32, shape=(6,), low=-1.0, high=1.0)
Extras
  consec           Space(int32, shape=(), low=-2147483648, high=2147483647)
  stepid           Space(uint8, shape=(20,), low=0, high=255)
  dyn/deter        Space(float32, shape=(8192,), low=-inf, high=inf)
  dyn/stoch        Space(float32, shape=(32, 64), low=-inf, high=inf)
JAX devices (1): [cuda:0]
Policy devices: cuda:0
Train devices:  cuda:0
Initializing parameters...
Optimizer opt has 168,144,780 params:
    97,679,998 dyn
    20,282,115 dec
    12,850,431 val
    12,601,356 pol
    10,749,183 rew
    10,488,833 con
     3,492,864 enc
Done initializing!
Compiling 1 checkpoint groups...
Largest checkpoint group: 2 GB
Compiling train and report...
Train cost analysis:
  FLOPS:            2.3e+11
  Memory (temp):    1.8e+09
  Memory (inputs):  2.1e+09
  Memory (outputs): 2.1e+09
  Memory (code):    4.1e+06

Report cost analysis:
  FLOPS:            8.4e+09
  Memory (temp):    3.4e+08
  Memory (inputs):  4.9e+08
  Memory (outputs): 1.0e+07
  Memory (code):    8.1e+06

Done compiling!
Did not find any checkpoint.
Saving checkpoint: /home/zhangpeiying01/lfy/btwm-7.7/runs/dreamerv3_dmc_walker_walk_seed2_dv3_300k_s2/ckpt/20260717T221845F657898
Saved checkpoint.
Start training loop
Start JAX profiler: /home/zhangpeiying01/lfy/btwm-7.7/runs/dreamerv3_dmc_walker_walk_seed2_dv3_300k_s2
Stop JAX profiler

--------------------[Agent Step 1_824]--------------------
Metrics filtered by: 'score|length|fps|ratio|train/loss/|train/acc/|train/inv/|train/rand/'
train/acc/inv 0.05 / train/inv/ce 3.27 / train/inv/confidence 0.04 / train/inv/confidence_gating 0 / train/inv/effective_rep_weight 0 / train/inv/head_objective 1.07 / train/inv/head_weight 0 / train/inv/objective 1.07 / train/inv/policy_weight_max 1 / train/inv/policy_weight_mean 1 / train/inv/policy_weight_min 1 / train/inv/policy_weight_std 0 / train/inv/valid_frac 1 / train/inv/weight 0 / train/loss/con 0.04 / train/loss/dyn 6.08 / train/loss/image 122.95 / train/loss/inv 0 / train/loss/policy 1.55 / train/loss/rep 6.08 / train/loss/repval 4.73 / train/loss/rew 1.53 / train/loss/value 3.41 / replay/replay_ratio 212.89 / fps/policy 13.03 / fps/train 1932.96

Writing metrics: /home/zhangpeiying01/lfy/btwm-7.7/runs/dreamerv3_dmc_walker_walk_seed2_dv3_300k_s2/metrics.jsonl
Writing metrics: /home/zhangpeiying01/lfy/btwm-7.7/runs/dreamerv3_dmc_walker_walk_seed2_dv3_300k_s2/scores.jsonl

--------------------[Agent Step 2_704]--------------------
Metrics filtered by: 'score|length|fps|ratio|train/loss/|train/acc/|train/inv/|train/rand/'
train/acc/inv 0.06 / train/inv/ce 3.23 / train/inv/confidence 0.04 / train/inv/confidence_gating 0 / train/inv/effective_rep_weight 0 / train/inv/head_objective 1.06 / train/inv/head_weight 0 / train/inv/objective 1.06 / train/inv/policy_weight_max 1 / train/inv/policy_weight_mean 1 / train/inv/policy_weight_min 1 / train/inv/policy_weight_std 0 / train/inv/valid_frac 1 / train/inv/weight 0 / train/loss/con 0.02 / train/loss/dyn 5.03 / train/loss/image 28.52 / train/loss/inv 0 / train/loss/policy 0.53 / train/loss/rep 5.03 / train/loss/repval 1.81 / train/loss/rew 0.48 / train/loss/value 1.48 / replay/replay_ratio 264 / fps/policy 7.29 / fps/train 1865.77

Writing metrics: /home/zhangpeiying01/lfy/btwm-7.7/runs/dreamerv3_dmc_walker_walk_seed2_dv3_300k_s2/metrics.jsonl
Writing metrics: /home/zhangpeiying01/lfy/btwm-7.7/runs/dreamerv3_dmc_walker_walk_seed2_dv3_300k_s2/scores.jsonl

--------------------[Agent Step 3_808]--------------------
Metrics filtered by: 'score|length|fps|ratio|train/loss/|train/acc/|train/inv/|train/rand/'
train/acc/inv 0.06 / train/inv/ce 3.23 / train/inv/confidence 0.04 / train/inv/confidence_gating 0 / train/inv/effective_rep_weight 0 / train/inv/head_objective 1.06 / train/inv/head_weight 0 / train/inv/objective 1.06 / train/inv/policy_weight_max 1 / train/inv/policy_weight_mean 1 / train/inv/policy_weight_min 1 / train/inv/policy_weight_std 0 / train/inv/valid_frac 1 / train/inv/weight 0 / train/loss/con 0.02 / train/loss/dyn 4.93 / train/loss/image 20.37 / train/loss/inv 0 / train/loss/policy 0.08 / train/loss/rep 4.93 / train/loss/repval 1.58 / train/loss/rew 0.49 / train/loss/value 1.32 / replay/replay_ratio 264 / fps/policy 9.17 / fps/train 2346.84

Writing metrics: /home/zhangpeiying01/lfy/btwm-7.7/runs/dreamerv3_dmc_walker_walk_seed2_dv3_300k_s2/scores.jsonl
Writing metrics: /home/zhangpeiying01/lfy/btwm-7.7/runs/dreamerv3_dmc_walker_walk_seed2_dv3_300k_s2/metrics.jsonl

--------------------[Agent Step 4_704]--------------------
Metrics filtered by: 'score|length|fps|ratio|train/loss/|train/acc/|train/inv/|train/rand/'
train/acc/inv 0.06 / train/inv/ce 3.24 / train/inv/confidence 0.04 / train/inv/confidence_gating 0 / train/inv/effective_rep_weight 0 / train/inv/head_objective 1.07 / train/inv/head_weight 0 / train/inv/objective 1.07 / train/inv/policy_weight_max 1 / train/inv/policy_weight_mean 1 / train/inv/policy_weight_min 1 / train/inv/policy_weight_std 0 / train/inv/valid_frac 1 / train/inv/weight 0 / train/loss/con 0.02 / train/loss/dyn 4.89 / train/loss/image 17.01 / train/loss/inv 0 / train/loss/policy -0.06 / train/loss/rep 4.89 / train/loss/repval 1.36 / train/loss/rew 0.49 / train/loss/value 1.17 / replay/replay_ratio 264 / fps/policy 7.45 / fps/train 1907.08

Writing metrics: /home/zhangpeiying01/lfy/btwm-7.7/runs/dreamerv3_dmc_walker_walk_seed2_dv3_300k_s2/metrics.jsonl
Writing metrics: /home/zhangpeiying01/lfy/btwm-7.7/runs/dreamerv3_dmc_walker_walk_seed2_dv3_300k_s2/scores.jsonl

--------------------[Agent Step 5_680]--------------------
Metrics filtered by: 'score|length|fps|ratio|train/loss/|train/acc/|train/inv/|train/rand/'
train/acc/inv 0.05 / train/inv/ce 3.26 / train/inv/confidence 0.04 / train/inv/confidence_gating 0 / train/inv/effective_rep_weight 0 / train/inv/head_objective 1.07 / train/inv/head_weight 0 / train/inv/objective 1.07 / train/inv/policy_weight_max 1 / train/inv/policy_weight_mean 1 / train/inv/policy_weight_min 1 / train/inv/policy_weight_std 0 / train/inv/valid_frac 1 / train/inv/weight 0 / train/loss/con 0.02 / train/loss/dyn 4.91 / train/loss/image 14.93 / train/loss/inv 0 / train/loss/policy -0.06 / train/loss/rep 4.91 / train/loss/repval 1.2 / train/loss/rew 0.51 / train/loss/value 1.07 / replay/replay_ratio 264 / fps/policy 8.13 / fps/train 2081.72

Writing metrics: /home/zhangpeiying01/lfy/btwm-7.7/runs/dreamerv3_dmc_walker_walk_seed2_dv3_300k_s2/metrics.jsonl
Writing metrics: /home/zhangpeiying01/lfy/btwm-7.7/runs/dreamerv3_dmc_walker_walk_seed2_dv3_300k_s2/scores.jsonl

--------------------[Agent Step 6_640]--------------------
Metrics filtered by: 'score|length|fps|ratio|train/loss/|train/acc/|train/inv/|train/rand/'
train/acc/inv 0.05 / train/inv/ce 3.26 / train/inv/confidence 0.04 / train/inv/confidence_gating 0 / train/inv/effective_rep_weight 0 / train/inv/head_objective 1.07 / train/inv/head_weight 0 / train/inv/objective 1.07 / train/inv/policy_weight_max 1 / train/inv/policy_weight_mean 1 / train/inv/policy_weight_min 1 / train/inv/policy_weight_std 0 / train/inv/valid_frac 1 / train/inv/weight 0 / train/loss/con 0.02 / train/loss/dyn 4.85 / train/loss/image 13.74 / train/loss/inv 0 / train/loss/policy -0.04 / train/loss/rep 4.85 / train/loss/repval 1.13 / train/loss/rew 0.51 / train/loss/value 1.04 / replay/replay_ratio 264 / fps/policy 7.91 / fps/train 2024.65

Writing metrics: /home/zhangpeiying01/lfy/btwm-7.7/runs/dreamerv3_dmc_walker_walk_seed2_dv3_300k_s2/metrics.jsonl
Writing metrics: /home/zhangpeiying01/lfy/btwm-7.7/runs/dreamerv3_dmc_walker_walk_seed2_dv3_300k_s2/scores.jsonl

--------------------[Agent Step 7_696]--------------------
Metrics filtered by: 'score|length|fps|ratio|train/loss/|train/acc/|train/inv/|train/rand/'
train/acc/inv 0.05 / train/inv/ce 3.26 / train/inv/confidence 0.04 / train/inv/confidence_gating 0 / train/inv/effective_rep_weight 0 / train/inv/head_objective 1.07 / train/inv/head_weight 0 / train/inv/objective 1.07 / train/inv/policy_weight_max 1 / train/inv/policy_weight_mean 1 / train/inv/policy_weight_min 1 / train/inv/policy_weight_std 0 / train/inv/valid_frac 1 / train/inv/weight 0 / train/loss/con 0.02 / train/loss/dyn 4.66 / train/loss/image 12.28 / train/loss/inv 0 / train/loss/policy -0.06 / train/loss/rep 4.66 / train/loss/repval 1.09 / train/loss/rew 0.52 / train/loss/value 0.97 / replay/replay_ratio 264 / fps/policy 8.71 / fps/train 2228.54

Writing metrics: /home/zhangpeiying01/lfy/btwm-7.7/runs/dreamerv3_dmc_walker_walk_seed2_dv3_300k_s2/metrics.jsonl
Writing metrics: /home/zhangpeiying01/lfy/btwm-7.7/runs/dreamerv3_dmc_walker_walk_seed2_dv3_300k_s2/scores.jsonl

--------------------[Agent Step 8_832]--------------------
Metrics filtered by: 'score|length|fps|ratio|train/loss/|train/acc/|train/inv/|train/rand/'
train/acc/inv 0.05 / train/inv/ce 3.26 / train/inv/confidence 0.04 / train/inv/confidence_gating 0 / train/inv/effective_rep_weight 0 / train/inv/head_objective 1.07 / train/inv/head_weight 0 / train/inv/objective 1.07 / train/inv/policy_weight_max 1 / train/inv/policy_weight_mean 1 / train/inv/policy_weight_min 1 / train/inv/policy_weight_std 0 / train/inv/valid_frac 1 / train/inv/weight 0 / train/loss/con 0.02 / train/loss/dyn 4.57 / train/loss/image 11.53 / train/loss/inv 0 / train/loss/policy -0.07 / train/loss/rep 4.57 / train/loss/repval 1.1 / train/loss/rew 0.52 / train/loss/value 0.96 / replay/replay_ratio 264 / fps/policy 9.44 / fps/train 2416.49

Writing metrics: /home/zhangpeiying01/lfy/btwm-7.7/runs/dreamerv3_dmc_walker_walk_seed2_dv3_300k_s2/metrics.jsonl
Writing metrics: /home/zhangpeiying01/lfy/btwm-7.7/runs/dreamerv3_dmc_walker_walk_seed2_dv3_300k_s2/scores.jsonl

--------------------[Agent Step 9_792]--------------------
Metrics filtered by: 'score|length|fps|ratio|train/loss/|train/acc/|train/inv/|train/rand/'
train/acc/inv 0.05 / train/inv/ce 3.26 / train/inv/confidence 0.04 / train/inv/confidence_gating 0 / train/inv/effective_rep_weight 0 / train/inv/head_objective 1.07 / train/inv/head_weight 0 / train/inv/objective 1.07 / train/inv/policy_weight_max 1 / train/inv/policy_weight_mean 1 / train/inv/policy_weight_min 1 / train/inv/policy_weight_std 0 / train/inv/valid_frac 1 / train/inv/weight 0 / train/loss/con 0.02 / train/loss/dyn 4.48 / train/loss/image 10.91 / train/loss/inv 0 / train/loss/policy -0.08 / train/loss/rep 4.48 / train/loss/repval 1.1 / train/loss/rew 0.53 / train/loss/value 1.07 / replay/replay_ratio 264 / fps/policy 7.96 / fps/train 2038.02

Writing metrics: /home/zhangpeiying01/lfy/btwm-7.7/runs/dreamerv3_dmc_walker_walk_seed2_dv3_300k_s2/metrics.jsonl
Writing metrics: /home/zhangpeiying01/lfy/btwm-7.7/runs/dreamerv3_dmc_walker_walk_seed2_dv3_300k_s2/scores.jsonl

--------------------[Agent Step 10_880]--------------------
Metrics filtered by: 'score|length|fps|ratio|train/loss/|train/acc/|train/inv/|train/rand/'
train/acc/inv 0.05 / train/inv/ce 3.25 / train/inv/confidence 0.04 / train/inv/confidence_gating 0 / train/inv/effective_rep_weight 0 / train/inv/head_objective 1.07 / train/inv/head_weight 0 / train/inv/objective 1.07 / train/inv/policy_weight_max 1 / train/inv/policy_weight_mean 1 / train/inv/policy_weight_min 1 / train/inv/policy_weight_std 0 / train/inv/valid_frac 1 / train/inv/weight 0 / train/loss/con 0.02 / train/loss/dyn 4.4 / train/loss/image 10.29 / train/loss/inv 0 / train/loss/policy -0.11 / train/loss/rep 4.4 / train/loss/repval 1.03 / train/loss/rew 0.52 / train/loss/value 0.93 / replay/replay_ratio 264 / fps/policy 8.96 / fps/train 2294.97

Writing metrics: /home/zhangpeiying01/lfy/btwm-7.7/runs/dreamerv3_dmc_walker_walk_seed2_dv3_300k_s2/scores.jsonl
Writing metrics: /home/zhangpeiying01/lfy/btwm-7.7/runs/dreamerv3_dmc_walker_walk_seed2_dv3_300k_s2/metrics.jsonl

--------------------[Agent Step 12_064]--------------------
Metrics filtered by: 'score|length|fps|ratio|train/loss/|train/acc/|train/inv/|train/rand/'
train/acc/inv 0.05 / train/inv/ce 3.25 / train/inv/confidence 0.04 / train/inv/confidence_gating 0 / train/inv/effective_rep_weight 0 / train/inv/head_objective 1.07 / train/inv/head_weight 0 / train/inv/objective 1.07 / train/inv/policy_weight_max 1 / train/inv/policy_weight_mean 1 / train/inv/policy_weight_min 1 / train/inv/policy_weight_std 0 / train/inv/valid_frac 1 / train/inv/weight 0 / train/loss/con 0.02 / train/loss/dyn 4.36 / train/loss/image 9.84 / train/loss/inv 0 / train/loss/policy -0.06 / train/loss/rep 4.36 / train/loss/repval 1.1 / train/loss/rew 0.52 / train/loss/value 1.11 / replay/replay_ratio 264 / fps/policy 9.76 / fps/train 2499.79

Writing metrics: /home/zhangpeiying01/lfy/btwm-7.7/runs/dreamerv3_dmc_walker_walk_seed2_dv3_300k_s2/scores.jsonl
Writing metrics: /home/zhangpeiying01/lfy/btwm-7.7/runs/dreamerv3_dmc_walker_walk_seed2_dv3_300k_s2/metrics.jsonl

--------------------[Agent Step 13_184]--------------------
Metrics filtered by: 'score|length|fps|ratio|train/loss/|train/acc/|train/inv/|train/rand/'
train/acc/inv 0.05 / train/inv/ce 3.25 / train/inv/confidence 0.04 / train/inv/confidence_gating 0 / train/inv/effective_rep_weight 0 / train/inv/head_objective 1.07 / train/inv/head_weight 0 / train/inv/objective 1.07 / train/inv/policy_weight_max 1 / train/inv/policy_weight_mean 1 / train/inv/policy_weight_min 1 / train/inv/policy_weight_std 0 / train/inv/valid_frac 1 / train/inv/weight 0 / train/loss/con 0.02 / train/loss/dyn 4.27 / train/loss/image 9.46 / train/loss/inv 0 / train/loss/policy -0.05 / train/loss/rep 4.27 / train/loss/repval 0.99 / train/loss/rew 0.52 / train/loss/value 0.82 / replay/replay_ratio 264 / fps/policy 9.33 / fps/train 2387.21

Writing metrics: /home/zhangpeiying01/lfy/btwm-7.7/runs/dreamerv3_dmc_walker_walk_seed2_dv3_300k_s2/scores.jsonl
Writing metrics: /home/zhangpeiying01/lfy/btwm-7.7/runs/dreamerv3_dmc_walker_walk_seed2_dv3_300k_s2/metrics.jsonl

--------------------[Agent Step 14_336]--------------------
Metrics filtered by: 'score|length|fps|ratio|train/loss/|train/acc/|train/inv/|train/rand/'
train/acc/inv 0.05 / train/inv/ce 3.25 / train/inv/confidence 0.04 / train/inv/confidence_gating 0 / train/inv/effective_rep_weight 0 / train/inv/head_objective 1.07 / train/inv/head_weight 0 / train/inv/objective 1.07 / train/inv/policy_weight_max 1 / train/inv/policy_weight_mean 1 / train/inv/policy_weight_min 1 / train/inv/policy_weight_std 0 / train/inv/valid_frac 1 / train/inv/weight 0 / train/loss/con 0.02 / train/loss/dyn 4.24 / train/loss/image 9.08 / train/loss/inv 0 / train/loss/policy -0.03 / train/loss/rep 4.24 / train/loss/repval 1.03 / train/loss/rew 0.52 / train/loss/value 1 / replay/replay_ratio 264 / fps/policy 9.58 / fps/train 2451.38

Writing metrics: /home/zhangpeiying01/lfy/btwm-7.7/runs/dreamerv3_dmc_walker_walk_seed2_dv3_300k_s2/metrics.jsonl
Writing metrics: /home/zhangpeiying01/lfy/btwm-7.7/runs/dreamerv3_dmc_walker_walk_seed2_dv3_300k_s2/scores.jsonl

--------------------[Agent Step 15_440]--------------------
Metrics filtered by: 'score|length|fps|ratio|train/loss/|train/acc/|train/inv/|train/rand/'
train/acc/inv 0.05 / train/inv/ce 3.25 / train/inv/confidence 0.04 / train/inv/confidence_gating 0 / train/inv/effective_rep_weight 0 / train/inv/head_objective 1.07 / train/inv/head_weight 0 / train/inv/objective 1.07 / train/inv/policy_weight_max 1 / train/inv/policy_weight_mean 1 / train/inv/policy_weight_min 1 / train/inv/policy_weight_std 0 / train/inv/valid_frac 1 / train/inv/weight 0 / train/loss/con 0.02 / train/loss/dyn 4.17 / train/loss/image 8.76 / train/loss/inv 0 / train/loss/policy -0.04 / train/loss/rep 4.17 / train/loss/repval 1.15 / train/loss/rew 0.52 / train/loss/value 1.14 / replay/replay_ratio 264 / fps/policy 9.07 / fps/train 2322.26

Writing metrics: /home/zhangpeiying01/lfy/btwm-7.7/runs/dreamerv3_dmc_walker_walk_seed2_dv3_300k_s2/metrics.jsonl
Writing metrics: /home/zhangpeiying01/lfy/btwm-7.7/runs/dreamerv3_dmc_walker_walk_seed2_dv3_300k_s2/scores.jsonl

--------------------[Agent Step 16_416]--------------------
Metrics filtered by: 'score|length|fps|ratio|train/loss/|train/acc/|train/inv/|train/rand/'
episode/score 214.28 / episode/length 1001 / train/acc/inv 0.05 / train/inv/ce 3.25 / train/inv/confidence 0.04 / train/inv/confidence_gating 0 / train/inv/effective_rep_weight 0 / train/inv/head_objective 1.07 / train/inv/head_weight 0 / train/inv/objective 1.07 / train/inv/policy_weight_max 1 / train/inv/policy_weight_mean 1 / train/inv/policy_weight_min 1 / train/inv/policy_weight_std 0 / train/inv/valid_frac 1 / train/inv/weight 0 / train/loss/con 0.02 / train/loss/dyn 4.15 / train/loss/image 8.7 / train/loss/inv 0 / train/loss/policy -0.06 / train/loss/rep 4.15 / train/loss/repval 1.11 / train/loss/rew 0.53 / train/loss/value 1.06 / replay/replay_ratio 264 / fps/policy 8.05 / fps/train 2059.74

Writing metrics: /home/zhangpeiying01/lfy/btwm-7.7/runs/dreamerv3_dmc_walker_walk_seed2_dv3_300k_s2/metrics.jsonl
Writing metrics: /home/zhangpeiying01/lfy/btwm-7.7/runs/dreamerv3_dmc_walker_walk_seed2_dv3_300k_s2/scores.jsonl

--------------------[Agent Step 17_440]--------------------
Metrics filtered by: 'score|length|fps|ratio|train/loss/|train/acc/|train/inv/|train/rand/'
train/acc/inv 0.05 / train/inv/ce 3.25 / train/inv/confidence 0.04 / train/inv/confidence_gating 0 / train/inv/effective_rep_weight 0 / train/inv/head_objective 1.07 / train/inv/head_weight 0 / train/inv/objective 1.07 / train/inv/policy_weight_max 1 / train/inv/policy_weight_mean 1 / train/inv/policy_weight_min 1 / train/inv/policy_weight_std 0 / train/inv/valid_frac 1 / train/inv/weight 0 / train/loss/con 0.02 / train/loss/dyn 4.11 / train/loss/image 8.9 / train/loss/inv 0 / train/loss/policy -0.05 / train/loss/rep 4.11 / train/loss/repval 0.98 / train/loss/rew 0.52 / train/loss/value 0.81 / replay/replay_ratio 264 / fps/policy 8.42 / fps/train 2156.19

Writing metrics: /home/zhangpeiying01/lfy/btwm-7.7/runs/dreamerv3_dmc_walker_walk_seed2_dv3_300k_s2/metrics.jsonl
Writing metrics: /home/zhangpeiying01/lfy/btwm-7.7/runs/dreamerv3_dmc_walker_walk_seed2_dv3_300k_s2/scores.jsonl

--------------------[Agent Step 18_448]--------------------
Metrics filtered by: 'score|length|fps|ratio|train/loss/|train/acc/|train/inv/|train/rand/'
train/acc/inv 0.05 / train/inv/ce 3.25 / train/inv/confidence 0.04 / train/inv/confidence_gating 0 / train/inv/effective_rep_weight 0 / train/inv/head_objective 1.07 / train/inv/head_weight 0 / train/inv/objective 1.07 / train/inv/policy_weight_max 1 / train/inv/policy_weight_mean 1 / train/inv/policy_weight_min 1 / train/inv/policy_weight_std 0 / train/inv/valid_frac 1 / train/inv/weight 0 / train/loss/con 0.02 / train/loss/dyn 4.09 / train/loss/image 8.45 / train/loss/inv 0 / train/loss/policy -0.04 / train/loss/rep 4.09 / train/loss/repval 0.91 / train/loss/rew 0.52 / train/loss/value 0.72 / replay/replay_ratio 264 / fps/policy 8.28 / fps/train 2119.41

Writing metrics: /home/zhangpeiying01/lfy/btwm-7.7/runs/dreamerv3_dmc_walker_walk_seed2_dv3_300k_s2/metrics.jsonl
Writing metrics: /home/zhangpeiying01/lfy/btwm-7.7/runs/dreamerv3_dmc_walker_walk_seed2_dv3_300k_s2/scores.jsonl

--------------------[Agent Step 19_376]--------------------
Metrics filtered by: 'score|length|fps|ratio|train/loss/|train/acc/|train/inv/|train/rand/'
train/acc/inv 0.05 / train/inv/ce 3.25 / train/inv/confidence 0.04 / train/inv/confidence_gating 0 / train/inv/effective_rep_weight 0 / train/inv/head_objective 1.07 / train/inv/head_weight 0 / train/inv/objective 1.07 / train/inv/policy_weight_max 1 / train/inv/policy_weight_mean 1 / train/inv/policy_weight_min 1 / train/inv/policy_weight_std 0 / train/inv/valid_frac 1 / train/inv/weight 0 / train/loss/con 0.02 / train/loss/dyn 4.08 / train/loss/image 8.25 / train/loss/inv 0 / train/loss/policy -0.03 / train/loss/rep 4.08 / train/loss/repval 0.89 / train/loss/rew 0.52 / train/loss/value 0.73 / replay/replay_ratio 264 / fps/policy 7.6 / fps/train 1946.82

Writing metrics: /home/zhangpeiying01/lfy/btwm-7.7/runs/dreamerv3_dmc_walker_walk_seed2_dv3_300k_s2/scores.jsonl
Writing metrics: /home/zhangpeiying01/lfy/btwm-7.7/runs/dreamerv3_dmc_walker_walk_seed2_dv3_300k_s2/metrics.jsonl

--------------------[Agent Step 20_224]--------------------
Metrics filtered by: 'score|length|fps|ratio|train/loss/|train/acc/|train/inv/|train/rand/'
train/acc/inv 0.05 / train/inv/ce 3.25 / train/inv/confidence 0.04 / train/inv/confidence_gating 0 / train/inv/effective_rep_weight 0 / train/inv/head_objective 1.07 / train/inv/head_weight 0 / train/inv/objective 1.07 / train/inv/policy_weight_max 1 / train/inv/policy_weight_mean 1 / train/inv/policy_weight_min 1 / train/inv/policy_weight_std 0 / train/inv/valid_frac 1 / train/inv/weight 0 / train/loss/con 0.02 / train/loss/dyn 4.06 / train/loss/image 8.11 / train/loss/inv 0 / train/loss/policy -0.03 / train/loss/rep 4.06 / train/loss/repval 0.88 / train/loss/rew 0.52 / train/loss/value 0.79 / replay/replay_ratio 264 / fps/policy 6.96 / fps/train 1781.64

Writing metrics: /home/zhangpeiying01/lfy/btwm-7.7/runs/dreamerv3_dmc_walker_walk_seed2_dv3_300k_s2/scores.jsonl
Writing metrics: /home/zhangpeiying01/lfy/btwm-7.7/runs/dreamerv3_dmc_walker_walk_seed2_dv3_300k_s2/metrics.jsonl

--------------------[Agent Step 21_056]--------------------
Metrics filtered by: 'score|length|fps|ratio|train/loss/|train/acc/|train/inv/|train/rand/'
train/acc/inv 0.05 / train/inv/ce 3.25 / train/inv/confidence 0.04 / train/inv/confidence_gating 0 / train/inv/effective_rep_weight 0 / train/inv/head_objective 1.07 / train/inv/head_weight 0 / train/inv/objective 1.07 / train/inv/policy_weight_max 1 / train/inv/policy_weight_mean 1 / train/inv/policy_weight_min 1 / train/inv/policy_weight_std 0 / train/inv/valid_frac 1 / train/inv/weight 0 / train/loss/con 0.02 / train/loss/dyn 3.96 / train/loss/image 7.85 / train/loss/inv 0 / train/loss/policy -0.03 / train/loss/rep 3.96 / train/loss/repval 0.93 / train/loss/rew 0.52 / train/loss/value 0.92 / replay/replay_ratio 264 / fps/policy 6.89 / fps/train 1764.16

Writing metrics: /home/zhangpeiying01/lfy/btwm-7.7/runs/dreamerv3_dmc_walker_walk_seed2_dv3_300k_s2/metrics.jsonl
Writing metrics: /home/zhangpeiying01/lfy/btwm-7.7/runs/dreamerv3_dmc_walker_walk_seed2_dv3_300k_s2/scores.jsonl

--------------------[Agent Step 21_904]--------------------
Metrics filtered by: 'score|length|fps|ratio|train/loss/|train/acc/|train/inv/|train/rand/'
train/acc/inv 0.05 / train/inv/ce 3.25 / train/inv/confidence 0.04 / train/inv/confidence_gating 0 / train/inv/effective_rep_weight 0 / train/inv/head_objective 1.07 / train/inv/head_weight 0 / train/inv/objective 1.07 / train/inv/policy_weight_max 1 / train/inv/policy_weight_mean 1 / train/inv/policy_weight_min 1 / train/inv/policy_weight_std 0 / train/inv/valid_frac 1 / train/inv/weight 0 / train/loss/con 0.02 / train/loss/dyn 3.98 / train/loss/image 7.79 / train/loss/inv 0 / train/loss/policy -0.03 / train/loss/rep 3.98 / train/loss/repval 1.02 / train/loss/rew 0.52 / train/loss/value 1.03 / replay/replay_ratio 264 / fps/policy 6.95 / fps/train 1779.67

Writing metrics: /home/zhangpeiying01/lfy/btwm-7.7/runs/dreamerv3_dmc_walker_walk_seed2_dv3_300k_s2/metrics.jsonl
Writing metrics: /home/zhangpeiying01/lfy/btwm-7.7/runs/dreamerv3_dmc_walker_walk_seed2_dv3_300k_s2/scores.jsonl

--------------------[Agent Step 22_752]--------------------
Metrics filtered by: 'score|length|fps|ratio|train/loss/|train/acc/|train/inv/|train/rand/'
train/acc/inv 0.05 / train/inv/ce 3.25 / train/inv/confidence 0.04 / train/inv/confidence_gating 0 / train/inv/effective_rep_weight 0 / train/inv/head_objective 1.07 / train/inv/head_weight 0 / train/inv/objective 1.07 / train/inv/policy_weight_max 1 / train/inv/policy_weight_mean 1 / train/inv/policy_weight_min 1 / train/inv/policy_weight_std 0 / train/inv/valid_frac 1 / train/inv/weight 0 / train/loss/con 0.02 / train/loss/dyn 3.93 / train/loss/image 7.6 / train/loss/inv 0 / train/loss/policy -0.03 / train/loss/rep 3.93 / train/loss/repval 1.1 / train/loss/rew 0.52 / train/loss/value 1.1 / replay/replay_ratio 264 / fps/policy 7.02 / fps/train 1797.92

Writing metrics: /home/zhangpeiying01/lfy/btwm-7.7/runs/dreamerv3_dmc_walker_walk_seed2_dv3_300k_s2/metrics.jsonl
Writing metrics: /home/zhangpeiying01/lfy/btwm-7.7/runs/dreamerv3_dmc_walker_walk_seed2_dv3_300k_s2/scores.jsonl

--------------------[Agent Step 23_568]--------------------
Metrics filtered by: 'score|length|fps|ratio|train/loss/|train/acc/|train/inv/|train/rand/'
train/acc/inv 0.05 / train/inv/ce 3.25 / train/inv/confidence 0.04 / train/inv/confidence_gating 0 / train/inv/effective_rep_weight 0 / train/inv/head_objective 1.07 / train/inv/head_weight 0 / train/inv/objective 1.07 / train/inv/policy_weight_max 1 / train/inv/policy_weight_mean 1 / train/inv/policy_weight_min 1 / train/inv/policy_weight_std 0 / train/inv/valid_frac 1 / train/inv/weight 0 / train/loss/con 0.02 / train/loss/dyn 3.95 / train/loss/image 7.44 / train/loss/inv 0 / train/loss/policy -0.04 / train/loss/rep 3.95 / train/loss/repval 1.18 / train/loss/rew 0.52 / train/loss/value 1.18 / replay/replay_ratio 264 / fps/policy 6.8 / fps/train 1740.1

Writing metrics: /home/zhangpeiying01/lfy/btwm-7.7/runs/dreamerv3_dmc_walker_walk_seed2_dv3_300k_s2/metrics.jsonl
Writing metrics: /home/zhangpeiying01/lfy/btwm-7.7/runs/dreamerv3_dmc_walker_walk_seed2_dv3_300k_s2/scores.jsonl

--------------------[Agent Step 24_448]--------------------
Metrics filtered by: 'score|length|fps|ratio|train/loss/|train/acc/|train/inv/|train/rand/'
train/acc/inv 0.05 / train/inv/ce 3.25 / train/inv/confidence 0.04 / train/inv/confidence_gating 0 / train/inv/effective_rep_weight 0 / train/inv/head_objective 1.07 / train/inv/head_weight 0 / train/inv/objective 1.07 / train/inv/policy_weight_max 1 / train/inv/policy_weight_mean 1 / train/inv/policy_weight_min 1 / train/inv/policy_weight_std 0 / train/inv/valid_frac 1 / train/inv/weight 0 / train/loss/con 0.02 / train/loss/dyn 3.93 / train/loss/image 7.38 / train/loss/inv 0 / train/loss/policy -0.04 / train/loss/rep 3.93 / train/loss/repval 1.16 / train/loss/rew 0.52 / train/loss/value 1.16 / replay/replay_ratio 264 / fps/policy 7.24 / fps/train 1853.35

Writing metrics: /home/zhangpeiying01/lfy/btwm-7.7/runs/dreamerv3_dmc_walker_walk_seed2_dv3_300k_s2/metrics.jsonl
Writing metrics: /home/zhangpeiying01/lfy/btwm-7.7/runs/dreamerv3_dmc_walker_walk_seed2_dv3_300k_s2/scores.jsonl

--------------------[Agent Step 25_280]--------------------
Metrics filtered by: 'score|length|fps|ratio|train/loss/|train/acc/|train/inv/|train/rand/'
train/acc/inv 0.05 / train/inv/ce 3.26 / train/inv/confidence 0.04 / train/inv/confidence_gating 0 / train/inv/effective_rep_weight 0 / train/inv/head_objective 1.07 / train/inv/head_weight 0 / train/inv/objective 1.07 / train/inv/policy_weight_max 1 / train/inv/policy_weight_mean 1 / train/inv/policy_weight_min 1 / train/inv/policy_weight_std 0 / train/inv/valid_frac 1 / train/inv/weight 0 / train/loss/con 0.02 / train/loss/dyn 3.92 / train/loss/image 7.29 / train/loss/inv 0 / train/loss/policy -0.03 / train/loss/rep 3.92 / train/loss/repval 1.1 / train/loss/rew 0.52 / train/loss/value 1.05 / replay/replay_ratio 264 / fps/policy 6.88 / fps/train 1760.52

Writing metrics: /home/zhangpeiying01/lfy/btwm-7.7/runs/dreamerv3_dmc_walker_walk_seed2_dv3_300k_s2/metrics.jsonl
Writing metrics: /home/zhangpeiying01/lfy/btwm-7.7/runs/dreamerv3_dmc_walker_walk_seed2_dv3_300k_s2/scores.jsonl

--------------------[Agent Step 26_176]--------------------
Metrics filtered by: 'score|length|fps|ratio|train/loss/|train/acc/|train/inv/|train/rand/'
train/acc/inv 0.05 / train/inv/ce 3.26 / train/inv/confidence 0.04 / train/inv/confidence_gating 0 / train/inv/effective_rep_weight 0 / train/inv/head_objective 1.07 / train/inv/head_weight 0 / train/inv/objective 1.07 / train/inv/policy_weight_max 1 / train/inv/policy_weight_mean 1 / train/inv/policy_weight_min 1 / train/inv/policy_weight_std 0 / train/inv/valid_frac 1 / train/inv/weight 0 / train/loss/con 0.02 / train/loss/dyn 3.92 / train/loss/image 7.22 / train/loss/inv 0 / train/loss/policy -0.04 / train/loss/rep 3.92 / train/loss/repval 0.98 / train/loss/rew 0.52 / train/loss/value 0.79 / replay/replay_ratio 264 / fps/policy 7.36 / fps/train 1884.81

Writing metrics: /home/zhangpeiying01/lfy/btwm-7.7/runs/dreamerv3_dmc_walker_walk_seed2_dv3_300k_s2/metrics.jsonl
Writing metrics: /home/zhangpeiying01/lfy/btwm-7.7/runs/dreamerv3_dmc_walker_walk_seed2_dv3_300k_s2/scores.jsonl

--------------------[Agent Step 27_024]--------------------
Metrics filtered by: 'score|length|fps|ratio|train/loss/|train/acc/|train/inv/|train/rand/'
train/acc/inv 0.05 / train/inv/ce 3.26 / train/inv/confidence 0.04 / train/inv/confidence_gating 0 / train/inv/effective_rep_weight 0 / train/inv/head_objective 1.07 / train/inv/head_weight 0 / train/inv/objective 1.07 / train/inv/policy_weight_max 1 / train/inv/policy_weight_mean 1 / train/inv/policy_weight_min 1 / train/inv/policy_weight_std 0 / train/inv/valid_frac 1 / train/inv/weight 0 / train/loss/con 0.02 / train/loss/dyn 3.89 / train/loss/image 7.12 / train/loss/inv 0 / train/loss/policy -0.03 / train/loss/rep 3.89 / train/loss/repval 0.85 / train/loss/rew 0.52 / train/loss/value 0.68 / replay/replay_ratio 264 / fps/policy 6.97 / fps/train 1783.77

Writing metrics: /home/zhangpeiying01/lfy/btwm-7.7/runs/dreamerv3_dmc_walker_walk_seed2_dv3_300k_s2/scores.jsonl
Writing metrics: /home/zhangpeiying01/lfy/btwm-7.7/runs/dreamerv3_dmc_walker_walk_seed2_dv3_300k_s2/metrics.jsonl

--------------------[Agent Step 27_872]--------------------
Metrics filtered by: 'score|length|fps|ratio|train/loss/|train/acc/|train/inv/|train/rand/'
train/acc/inv 0.05 / train/inv/ce 3.25 / train/inv/confidence 0.04 / train/inv/confidence_gating 0 / train/inv/effective_rep_weight 0 / train/inv/head_objective 1.07 / train/inv/head_weight 0 / train/inv/objective 1.07 / train/inv/policy_weight_max 1 / train/inv/policy_weight_mean 1 / train/inv/policy_weight_min 1 / train/inv/policy_weight_std 0 / train/inv/valid_frac 1 / train/inv/weight 0 / train/loss/con 0.02 / train/loss/dyn 3.87 / train/loss/image 7.06 / train/loss/inv 0 / train/loss/policy -0.04 / train/loss/rep 3.87 / train/loss/repval 0.84 / train/loss/rew 0.52 / train/loss/value 0.82 / replay/replay_ratio 264 / fps/policy 6.99 / fps/train 1790.44

Writing metrics: /home/zhangpeiying01/lfy/btwm-7.7/runs/dreamerv3_dmc_walker_walk_seed2_dv3_300k_s2/scores.jsonl
Writing metrics: /home/zhangpeiying01/lfy/btwm-7.7/runs/dreamerv3_dmc_walker_walk_seed2_dv3_300k_s2/metrics.jsonl

--------------------[Agent Step 28_704]--------------------
Metrics filtered by: 'score|length|fps|ratio|train/loss/|train/acc/|train/inv/|train/rand/'
train/acc/inv 0.05 / train/inv/ce 3.26 / train/inv/confidence 0.04 / train/inv/confidence_gating 0 / train/inv/effective_rep_weight 0 / train/inv/head_objective 1.07 / train/inv/head_weight 0 / train/inv/objective 1.07 / train/inv/policy_weight_max 1 / train/inv/policy_weight_mean 1 / train/inv/policy_weight_min 1 / train/inv/policy_weight_std 0 / train/inv/valid_frac 1 / train/inv/weight 0 / train/loss/con 0.02 / train/loss/dyn 3.91 / train/loss/image 7.15 / train/loss/inv 0 / train/loss/policy -0.05 / train/loss/rep 3.91 / train/loss/repval 0.99 / train/loss/rew 0.52 / train/loss/value 1.02 / replay/replay_ratio 264 / fps/policy 6.87 / fps/train 1758.47

Writing metrics: /home/zhangpeiying01/lfy/btwm-7.7/runs/dreamerv3_dmc_walker_walk_seed2_dv3_300k_s2/metrics.jsonl
Writing metrics: /home/zhangpeiying01/lfy/btwm-7.7/runs/dreamerv3_dmc_walker_walk_seed2_dv3_300k_s2/scores.jsonl
Saving checkpoint: /home/zhangpeiying01/lfy/btwm-7.7/runs/dreamerv3_dmc_walker_walk_seed2_dv3_300k_s2/ckpt/20260717T231902F380920
Saved checkpoint.

--------------------[Agent Step 29_376]--------------------
Metrics filtered by: 'score|length|fps|ratio|train/loss/|train/acc/|train/inv/|train/rand/'
train/acc/inv 0.05 / train/inv/ce 3.26 / train/inv/confidence 0.04 / train/inv/confidence_gating 0 / train/inv/effective_rep_weight 0 / train/inv/head_objective 1.07 / train/inv/head_weight 0 / train/inv/objective 1.07 / train/inv/policy_weight_max 1 / train/inv/policy_weight_mean 1 / train/inv/policy_weight_min 1 / train/inv/policy_weight_std 0 / train/inv/valid_frac 1 / train/inv/weight 0 / train/loss/con 0.02 / train/loss/dyn 3.83 / train/loss/image 6.95 / train/loss/inv 0 / train/loss/policy -0.05 / train/loss/rep 3.83 / train/loss/repval 1.11 / train/loss/rew 0.52 / train/loss/value 1.12 / replay/replay_ratio 264 / fps/policy 5.15 / fps/train 1317.6

Writing metrics: /home/zhangpeiying01/lfy/btwm-7.7/runs/dreamerv3_dmc_walker_walk_seed2_dv3_300k_s2/metrics.jsonl
Writing metrics: /home/zhangpeiying01/lfy/btwm-7.7/runs/dreamerv3_dmc_walker_walk_seed2_dv3_300k_s2/scores.jsonl

--------------------[Agent Step 30_416]--------------------
Metrics filtered by: 'score|length|fps|ratio|train/loss/|train/acc/|train/inv/|train/rand/'
train/acc/inv 0.05 / train/inv/ce 3.26 / train/inv/confidence 0.04 / train/inv/confidence_gating 0 / train/inv/effective_rep_weight 0 / train/inv/head_objective 1.07 / train/inv/head_weight 0 / train/inv/objective 1.07 / train/inv/policy_weight_max 1 / train/inv/policy_weight_mean 1 / train/inv/policy_weight_min 1 / train/inv/policy_weight_std 0 / train/inv/valid_frac 1 / train/inv/weight 0 / train/loss/con 0.02 / train/loss/dyn 3.86 / train/loss/image 6.89 / train/loss/inv 0 / train/loss/policy -0.05 / train/loss/rep 3.86 / train/loss/repval 1.16 / train/loss/rew 0.52 / train/loss/value 1.18 / replay/replay_ratio 264 / fps/policy 8.61 / fps/train 2204.94

Writing metrics: /home/zhangpeiying01/lfy/btwm-7.7/runs/dreamerv3_dmc_walker_walk_seed2_dv3_300k_s2/metrics.jsonl
Writing metrics: /home/zhangpeiying01/lfy/btwm-7.7/runs/dreamerv3_dmc_walker_walk_seed2_dv3_300k_s2/scores.jsonl

--------------------[Agent Step 31_360]--------------------
Metrics filtered by: 'score|length|fps|ratio|train/loss/|train/acc/|train/inv/|train/rand/'
train/acc/inv 0.05 / train/inv/ce 3.26 / train/inv/confidence 0.04 / train/inv/confidence_gating 0 / train/inv/effective_rep_weight 0 / train/inv/head_objective 1.07 / train/inv/head_weight 0 / train/inv/objective 1.07 / train/inv/policy_weight_max 1 / train/inv/policy_weight_mean 1 / train/inv/policy_weight_min 1 / train/inv/policy_weight_std 0 / train/inv/valid_frac 1 / train/inv/weight 0 / train/loss/con 0.02 / train/loss/dyn 3.83 / train/loss/image 6.73 / train/loss/inv 0 / train/loss/policy -0.06 / train/loss/rep 3.83 / train/loss/repval 1.18 / train/loss/rew 0.52 / train/loss/value 1.19 / replay/replay_ratio 264 / fps/policy 7.76 / fps/train 1986.85

Writing metrics: /home/zhangpeiying01/lfy/btwm-7.7/runs/dreamerv3_dmc_walker_walk_seed2_dv3_300k_s2/metrics.jsonl
Writing metrics: /home/zhangpeiying01/lfy/btwm-7.7/runs/dreamerv3_dmc_walker_walk_seed2_dv3_300k_s2/scores.jsonl

--------------------[Agent Step 32_224]--------------------
Metrics filtered by: 'score|length|fps|ratio|train/loss/|train/acc/|train/inv/|train/rand/'
episode/score 378.98 / episode/length 1001 / train/acc/inv 0.05 / train/inv/ce 3.26 / train/inv/confidence 0.04 / train/inv/confidence_gating 0 / train/inv/effective_rep_weight 0 / train/inv/head_objective 1.07 / train/inv/head_weight 0 / train/inv/objective 1.07 / train/inv/policy_weight_max 1 / train/inv/policy_weight_mean 1 / train/inv/policy_weight_min 1 / train/inv/policy_weight_std 0 / train/inv/valid_frac 1 / train/inv/weight 0 / train/loss/con 0.02 / train/loss/dyn 3.83 / train/loss/image 6.67 / train/loss/inv 0 / train/loss/policy -0.05 / train/loss/rep 3.83 / train/loss/repval 1.14 / train/loss/rew 0.52 / train/loss/value 1.09 / replay/replay_ratio 264 / fps/policy 7.07 / fps/train 1811

Writing metrics: /home/zhangpeiying01/lfy/btwm-7.7/runs/dreamerv3_dmc_walker_walk_seed2_dv3_300k_s2/metrics.jsonl
Writing metrics: /home/zhangpeiying01/lfy/btwm-7.7/runs/dreamerv3_dmc_walker_walk_seed2_dv3_300k_s2/scores.jsonl

--------------------[Agent Step 33_184]--------------------
Metrics filtered by: 'score|length|fps|ratio|train/loss/|train/acc/|train/inv/|train/rand/'
train/acc/inv 0.05 / train/inv/ce 3.26 / train/inv/confidence 0.04 / train/inv/confidence_gating 0 / train/inv/effective_rep_weight 0 / train/inv/head_objective 1.07 / train/inv/head_weight 0 / train/inv/objective 1.07 / train/inv/policy_weight_max 1 / train/inv/policy_weight_mean 1 / train/inv/policy_weight_min 1 / train/inv/policy_weight_std 0 / train/inv/valid_frac 1 / train/inv/weight 0 / train/loss/con 0.02 / train/loss/dyn 3.8 / train/loss/image 6.85 / train/loss/inv 0 / train/loss/policy -0.05 / train/loss/rep 3.8 / train/loss/repval 1.06 / train/loss/rew 0.52 / train/loss/value 0.88 / replay/replay_ratio 264 / fps/policy 7.94 / fps/train 2032.75

Writing metrics: /home/zhangpeiying01/lfy/btwm-7.7/runs/dreamerv3_dmc_walker_walk_seed2_dv3_300k_s2/metrics.jsonl
Writing metrics: /home/zhangpeiying01/lfy/btwm-7.7/runs/dreamerv3_dmc_walker_walk_seed2_dv3_300k_s2/scores.jsonl

--------------------[Agent Step 34_048]--------------------
Metrics filtered by: 'score|length|fps|ratio|train/loss/|train/acc/|train/inv/|train/rand/'
train/acc/inv 0.05 / train/inv/ce 3.26 / train/inv/confidence 0.04 / train/inv/confidence_gating 0 / train/inv/effective_rep_weight 0 / train/inv/head_objective 1.07 / train/inv/head_weight 0 / train/inv/objective 1.07 / train/inv/policy_weight_max 1 / train/inv/policy_weight_mean 1 / train/inv/policy_weight_min 1 / train/inv/policy_weight_std 0 / train/inv/valid_frac 1 / train/inv/weight 0 / train/loss/con 0.02 / train/loss/dyn 3.85 / train/loss/image 6.78 / train/loss/inv 0 / train/loss/policy -0.04 / train/loss/rep 3.85 / train/loss/repval 0.98 / train/loss/rew 0.52 / train/loss/value 0.72 / replay/replay_ratio 264 / fps/policy 7.05 / fps/train 1805.59

Writing metrics: /home/zhangpeiying01/lfy/btwm-7.7/runs/dreamerv3_dmc_walker_walk_seed2_dv3_300k_s2/metrics.jsonl
Writing metrics: /home/zhangpeiying01/lfy/btwm-7.7/runs/dreamerv3_dmc_walker_walk_seed2_dv3_300k_s2/scores.jsonl

--------------------[Agent Step 34_944]--------------------
Metrics filtered by: 'score|length|fps|ratio|train/loss/|train/acc/|train/inv/|train/rand/'
train/acc/inv 0.05 / train/inv/ce 3.26 / train/inv/confidence 0.04 / train/inv/confidence_gating 0 / train/inv/effective_rep_weight 0 / train/inv/head_objective 1.07 / train/inv/head_weight 0 / train/inv/objective 1.07 / train/inv/policy_weight_max 1 / train/inv/policy_weight_mean 1 / train/inv/policy_weight_min 1 / train/inv/policy_weight_std 0 / train/inv/valid_frac 1 / train/inv/weight 0 / train/loss/con 0.02 / train/loss/dyn 3.82 / train/loss/image 6.6 / train/loss/inv 0 / train/loss/policy -0.04 / train/loss/rep 3.82 / train/loss/repval 0.9 / train/loss/rew 0.52 / train/loss/value 0.66 / replay/replay_ratio 264 / fps/policy 7.38 / fps/train 1889.03

Writing metrics: /home/zhangpeiying01/lfy/btwm-7.7/runs/dreamerv3_dmc_walker_walk_seed2_dv3_300k_s2/metrics.jsonl
Writing metrics: /home/zhangpeiying01/lfy/btwm-7.7/runs/dreamerv3_dmc_walker_walk_seed2_dv3_300k_s2/scores.jsonl

--------------------[Agent Step 35_776]--------------------
Metrics filtered by: 'score|length|fps|ratio|train/loss/|train/acc/|train/inv/|train/rand/'
train/acc/inv 0.05 / train/inv/ce 3.26 / train/inv/confidence 0.04 / train/inv/confidence_gating 0 / train/inv/effective_rep_weight 0 / train/inv/head_objective 1.07 / train/inv/head_weight 0 / train/inv/objective 1.07 / train/inv/policy_weight_max 1 / train/inv/policy_weight_mean 1 / train/inv/policy_weight_min 1 / train/inv/policy_weight_std 0 / train/inv/valid_frac 1 / train/inv/weight 0 / train/loss/con 0.02 / train/loss/dyn 3.82 / train/loss/image 6.54 / train/loss/inv 0 / train/loss/policy -0.04 / train/loss/rep 3.82 / train/loss/repval 0.86 / train/loss/rew 0.52 / train/loss/value 0.64 / replay/replay_ratio 264 / fps/policy 6.65 / fps/train 1703.59

Writing metrics: /home/zhangpeiying01/lfy/btwm-7.7/runs/dreamerv3_dmc_walker_walk_seed2_dv3_300k_s2/metrics.jsonl
Writing metrics: /home/zhangpeiying01/lfy/btwm-7.7/runs/dreamerv3_dmc_walker_walk_seed2_dv3_300k_s2/scores.jsonl

--------------------[Agent Step 36_736]--------------------
Metrics filtered by: 'score|length|fps|ratio|train/loss/|train/acc/|train/inv/|train/rand/'
train/acc/inv 0.05 / train/inv/ce 3.26 / train/inv/confidence 0.04 / train/inv/confidence_gating 0 / train/inv/effective_rep_weight 0 / train/inv/head_objective 1.07 / train/inv/head_weight 0 / train/inv/objective 1.07 / train/inv/policy_weight_max 1 / train/inv/policy_weight_mean 1 / train/inv/policy_weight_min 1 / train/inv/policy_weight_std 0 / train/inv/valid_frac 1 / train/inv/weight 0 / train/loss/con 0.02 / train/loss/dyn 3.77 / train/loss/image 6.46 / train/loss/inv 0 / train/loss/policy -0.04 / train/loss/rep 3.77 / train/loss/repval 0.83 / train/loss/rew 0.52 / train/loss/value 0.64 / replay/replay_ratio 264 / fps/policy 8.2 / fps/train 2099.21

Writing metrics: /home/zhangpeiying01/lfy/btwm-7.7/runs/dreamerv3_dmc_walker_walk_seed2_dv3_300k_s2/metrics.jsonl
Writing metrics: /home/zhangpeiying01/lfy/btwm-7.7/runs/dreamerv3_dmc_walker_walk_seed2_dv3_300k_s2/scores.jsonl

--------------------[Agent Step 37_616]--------------------
Metrics filtered by: 'score|length|fps|ratio|train/loss/|train/acc/|train/inv/|train/rand/'
train/acc/inv 0.05 / train/inv/ce 3.26 / train/inv/confidence 0.04 / train/inv/confidence_gating 0 / train/inv/effective_rep_weight 0 / train/inv/head_objective 1.07 / train/inv/head_weight 0 / train/inv/objective 1.07 / train/inv/policy_weight_max 1 / train/inv/policy_weight_mean 1 / train/inv/policy_weight_min 1 / train/inv/policy_weight_std 0 / train/inv/valid_frac 1 / train/inv/weight 0 / train/loss/con 0.02 / train/loss/dyn 3.77 / train/loss/image 6.44 / train/loss/inv 0 / train/loss/policy -0.04 / train/loss/rep 3.77 / train/loss/repval 0.79 / train/loss/rew 0.52 / train/loss/value 0.66 / replay/replay_ratio 264 / fps/policy 7.28 / fps/train 1862.51

Writing metrics: /home/zhangpeiying01/lfy/btwm-7.7/runs/dreamerv3_dmc_walker_walk_seed2_dv3_300k_s2/metrics.jsonl
Writing metrics: /home/zhangpeiying01/lfy/btwm-7.7/runs/dreamerv3_dmc_walker_walk_seed2_dv3_300k_s2/scores.jsonl

--------------------[Agent Step 38_480]--------------------
Metrics filtered by: 'score|length|fps|ratio|train/loss/|train/acc/|train/inv/|train/rand/'
train/acc/inv 0.05 / train/inv/ce 3.26 / train/inv/confidence 0.04 / train/inv/confidence_gating 0 / train/inv/effective_rep_weight 0 / train/inv/head_objective 1.07 / train/inv/head_weight 0 / train/inv/objective 1.07 / train/inv/policy_weight_max 1 / train/inv/policy_weight_mean 1 / train/inv/policy_weight_min 1 / train/inv/policy_weight_std 0 / train/inv/valid_frac 1 / train/inv/weight 0 / train/loss/con 0.02 / train/loss/dyn 3.74 / train/loss/image 6.3 / train/loss/inv 0 / train/loss/policy -0.04 / train/loss/rep 3.74 / train/loss/repval 0.76 / train/loss/rew 0.52 / train/loss/value 0.72 / replay/replay_ratio 264 / fps/policy 7.17 / fps/train 1836.71

Writing metrics: /home/zhangpeiying01/lfy/btwm-7.7/runs/dreamerv3_dmc_walker_walk_seed2_dv3_300k_s2/metrics.jsonl
Writing metrics: /home/zhangpeiying01/lfy/btwm-7.7/runs/dreamerv3_dmc_walker_walk_seed2_dv3_300k_s2/scores.jsonl

--------------------[Agent Step 39_296]--------------------
Metrics filtered by: 'score|length|fps|ratio|train/loss/|train/acc/|train/inv/|train/rand/'
train/acc/inv 0.05 / train/inv/ce 3.26 / train/inv/confidence 0.04 / train/inv/confidence_gating 0 / train/inv/effective_rep_weight 0 / train/inv/head_objective 1.07 / train/inv/head_weight 0 / train/inv/objective 1.07 / train/inv/policy_weight_max 1 / train/inv/policy_weight_mean 1 / train/inv/policy_weight_min 1 / train/inv/policy_weight_std 0 / train/inv/valid_frac 1 / train/inv/weight 0 / train/loss/con 0.02 / train/loss/dyn 3.78 / train/loss/image 6.29 / train/loss/inv 0 / train/loss/policy -0.04 / train/loss/rep 3.78 / train/loss/repval 0.79 / train/loss/rew 0.52 / train/loss/value 0.81 / replay/replay_ratio 264 / fps/policy 6.73 / fps/train 1722.14

Writing metrics: /home/zhangpeiying01/lfy/btwm-7.7/runs/dreamerv3_dmc_walker_walk_seed2_dv3_300k_s2/metrics.jsonl
Writing metrics: /home/zhangpeiying01/lfy/btwm-7.7/runs/dreamerv3_dmc_walker_walk_seed2_dv3_300k_s2/scores.jsonl

--------------------[Agent Step 40_176]--------------------
Metrics filtered by: 'score|length|fps|ratio|train/loss/|train/acc/|train/inv/|train/rand/'
train/acc/inv 0.05 / train/inv/ce 3.26 / train/inv/confidence 0.04 / train/inv/confidence_gating 0 / train/inv/effective_rep_weight 0 / train/inv/head_objective 1.07 / train/inv/head_weight 0 / train/inv/objective 1.07 / train/inv/policy_weight_max 1 / train/inv/policy_weight_mean 1 / train/inv/policy_weight_min 1 / train/inv/policy_weight_std 0 / train/inv/valid_frac 1 / train/inv/weight 0 / train/loss/con 0.02 / train/loss/dyn 3.74 / train/loss/image 6.23 / train/loss/inv 0 / train/loss/policy -0.04 / train/loss/rep 3.74 / train/loss/repval 0.82 / train/loss/rew 0.52 / train/loss/value 0.86 / replay/replay_ratio 264 / fps/policy 7.26 / fps/train 1858.64

Writing metrics: /home/zhangpeiying01/lfy/btwm-7.7/runs/dreamerv3_dmc_walker_walk_seed2_dv3_300k_s2/scores.jsonl
Writing metrics: /home/zhangpeiying01/lfy/btwm-7.7/runs/dreamerv3_dmc_walker_walk_seed2_dv3_300k_s2/metrics.jsonl

--------------------[Agent Step 41_072]--------------------
Metrics filtered by: 'score|length|fps|ratio|train/loss/|train/acc/|train/inv/|train/rand/'
train/acc/inv 0.05 / train/inv/ce 3.26 / train/inv/confidence 0.04 / train/inv/confidence_gating 0 / train/inv/effective_rep_weight 0 / train/inv/head_objective 1.07 / train/inv/head_weight 0 / train/inv/objective 1.07 / train/inv/policy_weight_max 1 / train/inv/policy_weight_mean 1 / train/inv/policy_weight_min 1 / train/inv/policy_weight_std 0 / train/inv/valid_frac 1 / train/inv/weight 0 / train/loss/con 0.02 / train/loss/dyn 3.69 / train/loss/image 6.1 / train/loss/inv 0 / train/loss/policy -0.04 / train/loss/rep 3.69 / train/loss/repval 0.87 / train/loss/rew 0.52 / train/loss/value 0.93 / replay/replay_ratio 264 / fps/policy 7.38 / fps/train 1888.49

Writing metrics: /home/zhangpeiying01/lfy/btwm-7.7/runs/dreamerv3_dmc_walker_walk_seed2_dv3_300k_s2/metrics.jsonl
Writing metrics: /home/zhangpeiying01/lfy/btwm-7.7/runs/dreamerv3_dmc_walker_walk_seed2_dv3_300k_s2/scores.jsonl

--------------------[Agent Step 42_128]--------------------
Metrics filtered by: 'score|length|fps|ratio|train/loss/|train/acc/|train/inv/|train/rand/'
train/acc/inv 0.05 / train/inv/ce 3.26 / train/inv/confidence 0.04 / train/inv/confidence_gating 0 / train/inv/effective_rep_weight 0 / train/inv/head_objective 1.07 / train/inv/head_weight 0 / train/inv/objective 1.07 / train/inv/policy_weight_max 1 / train/inv/policy_weight_mean 1 / train/inv/policy_weight_min 1 / train/inv/policy_weight_std 0 / train/inv/valid_frac 1 / train/inv/weight 0 / train/loss/con 0.02 / train/loss/dyn 3.69 / train/loss/image 5.99 / train/loss/inv 0 / train/loss/policy -0.05 / train/loss/rep 3.69 / train/loss/repval 0.94 / train/loss/rew 0.52 / train/loss/value 1 / replay/replay_ratio 264 / fps/policy 8.74 / fps/train 2238.11

Writing metrics: /home/zhangpeiying01/lfy/btwm-7.7/runs/dreamerv3_dmc_walker_walk_seed2_dv3_300k_s2/scores.jsonl
Writing metrics: /home/zhangpeiying01/lfy/btwm-7.7/runs/dreamerv3_dmc_walker_walk_seed2_dv3_300k_s2/metrics.jsonl

--------------------[Agent Step 43_104]--------------------
Metrics filtered by: 'score|length|fps|ratio|train/loss/|train/acc/|train/inv/|train/rand/'
train/acc/inv 0.05 / train/inv/ce 3.26 / train/inv/confidence 0.04 / train/inv/confidence_gating 0 / train/inv/effective_rep_weight 0 / train/inv/head_objective 1.07 / train/inv/head_weight 0 / train/inv/objective 1.07 / train/inv/policy_weight_max 1 / train/inv/policy_weight_mean 1 / train/inv/policy_weight_min 1 / train/inv/policy_weight_std 0 / train/inv/valid_frac 1 / train/inv/weight 0 / train/loss/con 0.02 / train/loss/dyn 3.74 / train/loss/image 5.95 / train/loss/inv 0 / train/loss/policy -0.07 / train/loss/rep 3.74 / train/loss/repval 1.06 / train/loss/rew 0.52 / train/loss/value 1.13 / replay/replay_ratio 264 / fps/policy 8.1 / fps/train 2074.4

Writing metrics: /home/zhangpeiying01/lfy/btwm-7.7/runs/dreamerv3_dmc_walker_walk_seed2_dv3_300k_s2/metrics.jsonl
Writing metrics: /home/zhangpeiying01/lfy/btwm-7.7/runs/dreamerv3_dmc_walker_walk_seed2_dv3_300k_s2/scores.jsonl

--------------------[Agent Step 44_000]--------------------
Metrics filtered by: 'score|length|fps|ratio|train/loss/|train/acc/|train/inv/|train/rand/'
train/acc/inv 0.05 / train/inv/ce 3.26 / train/inv/confidence 0.04 / train/inv/confidence_gating 0 / train/inv/effective_rep_weight 0 / train/inv/head_objective 1.07 / train/inv/head_weight 0 / train/inv/objective 1.07 / train/inv/policy_weight_max 1 / train/inv/policy_weight_mean 1 / train/inv/policy_weight_min 1 / train/inv/policy_weight_std 0 / train/inv/valid_frac 1 / train/inv/weight 0 / train/loss/con 0.02 / train/loss/dyn 3.72 / train/loss/image 5.93 / train/loss/inv 0 / train/loss/policy -0.07 / train/loss/rep 3.72 / train/loss/repval 1.18 / train/loss/rew 0.52 / train/loss/value 1.22 / replay/replay_ratio 264 / fps/policy 7.44 / fps/train 1905.83

Writing metrics: /home/zhangpeiying01/lfy/btwm-7.7/runs/dreamerv3_dmc_walker_walk_seed2_dv3_300k_s2/metrics.jsonl
Writing metrics: /home/zhangpeiying01/lfy/btwm-7.7/runs/dreamerv3_dmc_walker_walk_seed2_dv3_300k_s2/scores.jsonl

--------------------[Agent Step 44_880]--------------------
Metrics filtered by: 'score|length|fps|ratio|train/loss/|train/acc/|train/inv/|train/rand/'
train/acc/inv 0.05 / train/inv/ce 3.26 / train/inv/confidence 0.04 / train/inv/confidence_gating 0 / train/inv/effective_rep_weight 0 / train/inv/head_objective 1.07 / train/inv/head_weight 0 / train/inv/objective 1.07 / train/inv/policy_weight_max 1 / train/inv/policy_weight_mean 1 / train/inv/policy_weight_min 1 / train/inv/policy_weight_std 0 / train/inv/valid_frac 1 / train/inv/weight 0 / train/loss/con 0.02 / train/loss/dyn 3.69 / train/loss/image 5.89 / train/loss/inv 0 / train/loss/policy -0.06 / train/loss/rep 3.69 / train/loss/repval 1.21 / train/loss/rew 0.52 / train/loss/value 1.24 / replay/replay_ratio 264 / fps/policy 7.25 / fps/train 1855.98

Writing metrics: /home/zhangpeiying01/lfy/btwm-7.7/runs/dreamerv3_dmc_walker_walk_seed2_dv3_300k_s2/metrics.jsonl
Writing metrics: /home/zhangpeiying01/lfy/btwm-7.7/runs/dreamerv3_dmc_walker_walk_seed2_dv3_300k_s2/scores.jsonl

--------------------[Agent Step 45_760]--------------------
Metrics filtered by: 'score|length|fps|ratio|train/loss/|train/acc/|train/inv/|train/rand/'
train/acc/inv 0.05 / train/inv/ce 3.26 / train/inv/confidence 0.04 / train/inv/confidence_gating 0 / train/inv/effective_rep_weight 0 / train/inv/head_objective 1.07 / train/inv/head_weight 0 / train/inv/objective 1.07 / train/inv/policy_weight_max 1 / train/inv/policy_weight_mean 1 / train/inv/policy_weight_min 1 / train/inv/policy_weight_std 0 / train/inv/valid_frac 1 / train/inv/weight 0 / train/loss/con 0.02 / train/loss/dyn 3.71 / train/loss/image 5.89 / train/loss/inv 0 / train/loss/policy -0.06 / train/loss/rep 3.71 / train/loss/repval 1.2 / train/loss/rew 0.52 / train/loss/value 1.18 / replay/replay_ratio 264 / fps/policy 7.32 / fps/train 1874.32

Writing metrics: /home/zhangpeiying01/lfy/btwm-7.7/runs/dreamerv3_dmc_walker_walk_seed2_dv3_300k_s2/metrics.jsonl
Writing metrics: /home/zhangpeiying01/lfy/btwm-7.7/runs/dreamerv3_dmc_walker_walk_seed2_dv3_300k_s2/scores.jsonl

--------------------[Agent Step 46_688]--------------------
Metrics filtered by: 'score|length|fps|ratio|train/loss/|train/acc/|train/inv/|train/rand/'
train/acc/inv 0.05 / train/inv/ce 3.26 / train/inv/confidence 0.04 / train/inv/confidence_gating 0 / train/inv/effective_rep_weight 0 / train/inv/head_objective 1.07 / train/inv/head_weight 0 / train/inv/objective 1.07 / train/inv/policy_weight_max 1 / train/inv/policy_weight_mean 1 / train/inv/policy_weight_min 1 / train/inv/policy_weight_std 0 / train/inv/valid_frac 1 / train/inv/weight 0 / train/loss/con 0.02 / train/loss/dyn 3.72 / train/loss/image 5.94 / train/loss/inv 0 / train/loss/policy -0.05 / train/loss/rep 3.72 / train/loss/repval 1.18 / train/loss/rew 0.52 / train/loss/value 1.06 / replay/replay_ratio 264 / fps/policy 7.6 / fps/train 1945.7

Writing metrics: /home/zhangpeiying01/lfy/btwm-7.7/runs/dreamerv3_dmc_walker_walk_seed2_dv3_300k_s2/metrics.jsonl
Writing metrics: /home/zhangpeiying01/lfy/btwm-7.7/runs/dreamerv3_dmc_walker_walk_seed2_dv3_300k_s2/scores.jsonl

--------------------[Agent Step 47_632]--------------------
Metrics filtered by: 'score|length|fps|ratio|train/loss/|train/acc/|train/inv/|train/rand/'
train/acc/inv 0.05 / train/inv/ce 3.26 / train/inv/confidence 0.04 / train/inv/confidence_gating 0 / train/inv/effective_rep_weight 0 / train/inv/head_objective 1.07 / train/inv/head_weight 0 / train/inv/objective 1.07 / train/inv/policy_weight_max 1 / train/inv/policy_weight_mean 1 / train/inv/policy_weight_min 1 / train/inv/policy_weight_std 0 / train/inv/valid_frac 1 / train/inv/weight 0 / train/loss/con 0.02 / train/loss/dyn 3.67 / train/loss/image 5.81 / train/loss/inv 0 / train/loss/policy -0.05 / train/loss/rep 3.67 / train/loss/repval 1.11 / train/loss/rew 0.52 / train/loss/value 0.92 / replay/replay_ratio 264 / fps/policy 7.78 / fps/train 1991.77

Writing metrics: /home/zhangpeiying01/lfy/btwm-7.7/runs/dreamerv3_dmc_walker_walk_seed2_dv3_300k_s2/metrics.jsonl
Writing metrics: /home/zhangpeiying01/lfy/btwm-7.7/runs/dreamerv3_dmc_walker_walk_seed2_dv3_300k_s2/scores.jsonl

--------------------[Agent Step 48_512]--------------------
Metrics filtered by: 'score|length|fps|ratio|train/loss/|train/acc/|train/inv/|train/rand/'
episode/score 554.29 / episode/length 1001 / train/acc/inv 0.05 / train/inv/ce 3.26 / train/inv/confidence 0.04 / train/inv/confidence_gating 0 / train/inv/effective_rep_weight 0 / train/inv/head_objective 1.07 / train/inv/head_weight 0 / train/inv/objective 1.07 / train/inv/policy_weight_max 1 / train/inv/policy_weight_mean 1 / train/inv/policy_weight_min 1 / train/inv/policy_weight_std 0 / train/inv/valid_frac 1 / train/inv/weight 0 / train/loss/con 0.02 / train/loss/dyn 3.6 / train/loss/image 5.74 / train/loss/inv 0 / train/loss/policy -0.04 / train/loss/rep 3.6 / train/loss/repval 1.02 / train/loss/rew 0.52 / train/loss/value 0.74 / replay/replay_ratio 264 / fps/policy 7.22 / fps/train 1848.55

Writing metrics: /home/zhangpeiying01/lfy/btwm-7.7/runs/dreamerv3_dmc_walker_walk_seed2_dv3_300k_s2/metrics.jsonl
Writing metrics: /home/zhangpeiying01/lfy/btwm-7.7/runs/dreamerv3_dmc_walker_walk_seed2_dv3_300k_s2/scores.jsonl

--------------------[Agent Step 49_488]--------------------
Metrics filtered by: 'score|length|fps|ratio|train/loss/|train/acc/|train/inv/|train/rand/'
train/acc/inv 0.05 / train/inv/ce 3.26 / train/inv/confidence 0.04 / train/inv/confidence_gating 0 / train/inv/effective_rep_weight 0 / train/inv/head_objective 1.07 / train/inv/head_weight 0 / train/inv/objective 1.07 / train/inv/policy_weight_max 1 / train/inv/policy_weight_mean 1 / train/inv/policy_weight_min 1 / train/inv/policy_weight_std 0 / train/inv/valid_frac 1 / train/inv/weight 0 / train/loss/con 0.02 / train/loss/dyn 3.83 / train/loss/image 6.13 / train/loss/inv 0 / train/loss/policy -0.04 / train/loss/rep 3.83 / train/loss/repval 0.93 / train/loss/rew 0.52 / train/loss/value 0.62 / replay/replay_ratio 264 / fps/policy 8.02 / fps/train 2053.94

Writing metrics: /home/zhangpeiying01/lfy/btwm-7.7/runs/dreamerv3_dmc_walker_walk_seed2_dv3_300k_s2/scores.jsonl
Writing metrics: /home/zhangpeiying01/lfy/btwm-7.7/runs/dreamerv3_dmc_walker_walk_seed2_dv3_300k_s2/metrics.jsonl

--------------------[Agent Step 50_432]--------------------
Metrics filtered by: 'score|length|fps|ratio|train/loss/|train/acc/|train/inv/|train/rand/'
train/acc/inv 0.05 / train/inv/ce 3.26 / train/inv/confidence 0.04 / train/inv/confidence_gating 0 / train/inv/effective_rep_weight 0 / train/inv/head_objective 1.07 / train/inv/head_weight 0 / train/inv/objective 1.07 / train/inv/policy_weight_max 1 / train/inv/policy_weight_mean 1 / train/inv/policy_weight_min 1 / train/inv/policy_weight_std 0 / train/inv/valid_frac 1 / train/inv/weight 0 / train/loss/con 0.02 / train/loss/dyn 3.7 / train/loss/image 5.92 / train/loss/inv 0 / train/loss/policy -0.04 / train/loss/rep 3.7 / train/loss/repval 0.86 / train/loss/rew 0.52 / train/loss/value 0.58 / replay/replay_ratio 264 / fps/policy 7.83 / fps/train 2005.29

Writing metrics: /home/zhangpeiying01/lfy/btwm-7.7/runs/dreamerv3_dmc_walker_walk_seed2_dv3_300k_s2/metrics.jsonl
Writing metrics: /home/zhangpeiying01/lfy/btwm-7.7/runs/dreamerv3_dmc_walker_walk_seed2_dv3_300k_s2/scores.jsonl

--------------------[Agent Step 51_280]--------------------
Metrics filtered by: 'score|length|fps|ratio|train/loss/|train/acc/|train/inv/|train/rand/'
train/acc/inv 0.05 / train/inv/ce 3.26 / train/inv/confidence 0.04 / train/inv/confidence_gating 0 / train/inv/effective_rep_weight 0 / train/inv/head_objective 1.07 / train/inv/head_weight 0 / train/inv/objective 1.07 / train/inv/policy_weight_max 1 / train/inv/policy_weight_mean 1 / train/inv/policy_weight_min 1 / train/inv/policy_weight_std 0 / train/inv/valid_frac 1 / train/inv/weight 0 / train/loss/con 0.02 / train/loss/dyn 3.67 / train/loss/image 5.78 / train/loss/inv 0 / train/loss/policy -0.05 / train/loss/rep 3.67 / train/loss/repval 0.81 / train/loss/rew 0.52 / train/loss/value 0.64 / replay/replay_ratio 264 / fps/policy 6.96 / fps/train 1781

Writing metrics: /home/zhangpeiying01/lfy/btwm-7.7/runs/dreamerv3_dmc_walker_walk_seed2_dv3_300k_s2/metrics.jsonl
Writing metrics: /home/zhangpeiying01/lfy/btwm-7.7/runs/dreamerv3_dmc_walker_walk_seed2_dv3_300k_s2/scores.jsonl

--------------------[Agent Step 52_160]--------------------
Metrics filtered by: 'score|length|fps|ratio|train/loss/|train/acc/|train/inv/|train/rand/'
train/acc/inv 0.05 / train/inv/ce 3.26 / train/inv/confidence 0.04 / train/inv/confidence_gating 0 / train/inv/effective_rep_weight 0 / train/inv/head_objective 1.07 / train/inv/head_weight 0 / train/inv/objective 1.07 / train/inv/policy_weight_max 1 / train/inv/policy_weight_mean 1 / train/inv/policy_weight_min 1 / train/inv/policy_weight_std 0 / train/inv/valid_frac 1 / train/inv/weight 0 / train/loss/con 0.02 / train/loss/dyn 3.65 / train/loss/image 5.66 / train/loss/inv 0 / train/loss/policy -0.05 / train/loss/rep 3.65 / train/loss/repval 0.78 / train/loss/rew 0.52 / train/loss/value 0.73 / replay/replay_ratio 264 / fps/policy 7.27 / fps/train 1860.17

Writing metrics: /home/zhangpeiying01/lfy/btwm-7.7/runs/dreamerv3_dmc_walker_walk_seed2_dv3_300k_s2/metrics.jsonl
Writing metrics: /home/zhangpeiying01/lfy/btwm-7.7/runs/dreamerv3_dmc_walker_walk_seed2_dv3_300k_s2/scores.jsonl

--------------------[Agent Step 52_976]--------------------
Metrics filtered by: 'score|length|fps|ratio|train/loss/|train/acc/|train/inv/|train/rand/'
train/acc/inv 0.05 / train/inv/ce 3.26 / train/inv/confidence 0.04 / train/inv/confidence_gating 0 / train/inv/effective_rep_weight 0 / train/inv/head_objective 1.07 / train/inv/head_weight 0 / train/inv/objective 1.07 / train/inv/policy_weight_max 1 / train/inv/policy_weight_mean 1 / train/inv/policy_weight_min 1 / train/inv/policy_weight_std 0 / train/inv/valid_frac 1 / train/inv/weight 0 / train/loss/con 0.02 / train/loss/dyn 3.73 / train/loss/image 5.72 / train/loss/inv 0 / train/loss/policy -0.05 / train/loss/rep 3.73 / train/loss/repval 0.83 / train/loss/rew 0.52 / train/loss/value 0.87 / replay/replay_ratio 264 / fps/policy 6.75 / fps/train 1728.06

Writing metrics: /home/zhangpeiying01/lfy/btwm-7.7/runs/dreamerv3_dmc_walker_walk_seed2_dv3_300k_s2/metrics.jsonl
Writing metrics: /home/zhangpeiying01/lfy/btwm-7.7/runs/dreamerv3_dmc_walker_walk_seed2_dv3_300k_s2/scores.jsonl

--------------------[Agent Step 53_840]--------------------
Metrics filtered by: 'score|length|fps|ratio|train/loss/|train/acc/|train/inv/|train/rand/'
train/acc/inv 0.05 / train/inv/ce 3.26 / train/inv/confidence 0.04 / train/inv/confidence_gating 0 / train/inv/effective_rep_weight 0 / train/inv/head_objective 1.07 / train/inv/head_weight 0 / train/inv/objective 1.07 / train/inv/policy_weight_max 1 / train/inv/policy_weight_mean 1 / train/inv/policy_weight_min 1 / train/inv/policy_weight_std 0 / train/inv/valid_frac 1 / train/inv/weight 0 / train/loss/con 0.02 / train/loss/dyn 3.56 / train/loss/image 5.55 / train/loss/inv 0 / train/loss/policy -0.07 / train/loss/rep 3.56 / train/loss/repval 0.92 / train/loss/rew 0.52 / train/loss/value 1.01 / replay/replay_ratio 264 / fps/policy 7.19 / fps/train 1840.51

Writing metrics: /home/zhangpeiying01/lfy/btwm-7.7/runs/dreamerv3_dmc_walker_walk_seed2_dv3_300k_s2/metrics.jsonl
Writing metrics: /home/zhangpeiying01/lfy/btwm-7.7/runs/dreamerv3_dmc_walker_walk_seed2_dv3_300k_s2/scores.jsonl

--------------------[Agent Step 54_656]--------------------
Metrics filtered by: 'score|length|fps|ratio|train/loss/|train/acc/|train/inv/|train/rand/'
train/acc/inv 0.05 / train/inv/ce 3.26 / train/inv/confidence 0.04 / train/inv/confidence_gating 0 / train/inv/effective_rep_weight 0 / train/inv/head_objective 1.07 / train/inv/head_weight 0 / train/inv/objective 1.07 / train/inv/policy_weight_max 1 / train/inv/policy_weight_mean 1 / train/inv/policy_weight_min 1 / train/inv/policy_weight_std 0 / train/inv/valid_frac 1 / train/inv/weight 0 / train/loss/con 0.02 / train/loss/dyn 3.7 / train/loss/image 5.65 / train/loss/inv 0 / train/loss/policy -0.06 / train/loss/rep 3.7 / train/loss/repval 1.02 / train/loss/rew 0.52 / train/loss/value 1.11 / replay/replay_ratio 264 / fps/policy 6.71 / fps/train 1718.59

Writing metrics: /home/zhangpeiying01/lfy/btwm-7.7/runs/dreamerv3_dmc_walker_walk_seed2_dv3_300k_s2/metrics.jsonl
Writing metrics: /home/zhangpeiying01/lfy/btwm-7.7/runs/dreamerv3_dmc_walker_walk_seed2_dv3_300k_s2/scores.jsonl

--------------------[Agent Step 55_680]--------------------
Metrics filtered by: 'score|length|fps|ratio|train/loss/|train/acc/|train/inv/|train/rand/'
train/acc/inv 0.05 / train/inv/ce 3.26 / train/inv/confidence 0.04 / train/inv/confidence_gating 0 / train/inv/effective_rep_weight 0 / train/inv/head_objective 1.07 / train/inv/head_weight 0 / train/inv/objective 1.07 / train/inv/policy_weight_max 1 / train/inv/policy_weight_mean 1 / train/inv/policy_weight_min 1 / train/inv/policy_weight_std 0 / train/inv/valid_frac 1 / train/inv/weight 0 / train/loss/con 0.02 / train/loss/dyn 3.67 / train/loss/image 5.61 / train/loss/inv 0 / train/loss/policy -0.06 / train/loss/rep 3.67 / train/loss/repval 1.1 / train/loss/rew 0.52 / train/loss/value 1.19 / replay/replay_ratio 264 / fps/policy 8.4 / fps/train 2149.9

Writing metrics: /home/zhangpeiying01/lfy/btwm-7.7/runs/dreamerv3_dmc_walker_walk_seed2_dv3_300k_s2/metrics.jsonl
Writing metrics: /home/zhangpeiying01/lfy/btwm-7.7/runs/dreamerv3_dmc_walker_walk_seed2_dv3_300k_s2/scores.jsonl
Saving checkpoint: /home/zhangpeiying01/lfy/btwm-7.7/runs/dreamerv3_dmc_walker_walk_seed2_dv3_300k_s2/ckpt/20260718T001903F570127
Saved checkpoint.

--------------------[Agent Step 56_672]--------------------
Metrics filtered by: 'score|length|fps|ratio|train/loss/|train/acc/|train/inv/|train/rand/'
train/acc/inv 0.05 / train/inv/ce 3.26 / train/inv/confidence 0.04 / train/inv/confidence_gating 0 / train/inv/effective_rep_weight 0 / train/inv/head_objective 1.07 / train/inv/head_weight 0 / train/inv/objective 1.07 / train/inv/policy_weight_max 1 / train/inv/policy_weight_mean 1 / train/inv/policy_weight_min 1 / train/inv/policy_weight_std 0 / train/inv/valid_frac 1 / train/inv/weight 0 / train/loss/con 0.02 / train/loss/dyn 3.63 / train/loss/image 5.49 / train/loss/inv 0 / train/loss/policy -0.06 / train/loss/rep 3.63 / train/loss/repval 1.17 / train/loss/rew 0.52 / train/loss/value 1.25 / replay/replay_ratio 264 / fps/policy 8.23 / fps/train 2106.82

Writing metrics: /home/zhangpeiying01/lfy/btwm-7.7/runs/dreamerv3_dmc_walker_walk_seed2_dv3_300k_s2/scores.jsonl
Writing metrics: /home/zhangpeiying01/lfy/btwm-7.7/runs/dreamerv3_dmc_walker_walk_seed2_dv3_300k_s2/metrics.jsonl

--------------------[Agent Step 57_824]--------------------
Metrics filtered by: 'score|length|fps|ratio|train/loss/|train/acc/|train/inv/|train/rand/'
train/acc/inv 0.05 / train/inv/ce 3.26 / train/inv/confidence 0.04 / train/inv/confidence_gating 0 / train/inv/effective_rep_weight 0 / train/inv/head_objective 1.07 / train/inv/head_weight 0 / train/inv/objective 1.07 / train/inv/policy_weight_max 1 / train/inv/policy_weight_mean 1 / train/inv/policy_weight_min 1 / train/inv/policy_weight_std 0 / train/inv/valid_frac 1 / train/inv/weight 0 / train/loss/con 0.02 / train/loss/dyn 3.56 / train/loss/image 5.38 / train/loss/inv 0 / train/loss/policy -0.06 / train/loss/rep 3.56 / train/loss/repval 1.19 / train/loss/rew 0.52 / train/loss/value 1.25 / replay/replay_ratio 264 / fps/policy 9.49 / fps/train 2429.77

Writing metrics: /home/zhangpeiying01/lfy/btwm-7.7/runs/dreamerv3_dmc_walker_walk_seed2_dv3_300k_s2/metrics.jsonl
Writing metrics: /home/zhangpeiying01/lfy/btwm-7.7/runs/dreamerv3_dmc_walker_walk_seed2_dv3_300k_s2/scores.jsonl

--------------------[Agent Step 58_752]--------------------
Metrics filtered by: 'score|length|fps|ratio|train/loss/|train/acc/|train/inv/|train/rand/'
train/acc/inv 0.05 / train/inv/ce 3.26 / train/inv/confidence 0.04 / train/inv/confidence_gating 0 / train/inv/effective_rep_weight 0 / train/inv/head_objective 1.07 / train/inv/head_weight 0 / train/inv/objective 1.07 / train/inv/policy_weight_max 1 / train/inv/policy_weight_mean 1 / train/inv/policy_weight_min 1 / train/inv/policy_weight_std 0 / train/inv/valid_frac 1 / train/inv/weight 0 / train/loss/con 0.02 / train/loss/dyn 3.68 / train/loss/image 5.46 / train/loss/inv 0 / train/loss/policy -0.06 / train/loss/rep 3.68 / train/loss/repval 1.21 / train/loss/rew 0.52 / train/loss/value 1.21 / replay/replay_ratio 264 / fps/policy 7.7 / fps/train 1971.58

Writing metrics: /home/zhangpeiying01/lfy/btwm-7.7/runs/dreamerv3_dmc_walker_walk_seed2_dv3_300k_s2/metrics.jsonl
Writing metrics: /home/zhangpeiying01/lfy/btwm-7.7/runs/dreamerv3_dmc_walker_walk_seed2_dv3_300k_s2/scores.jsonl

--------------------[Agent Step 59_712]--------------------
Metrics filtered by: 'score|length|fps|ratio|train/loss/|train/acc/|train/inv/|train/rand/'
train/acc/inv 0.05 / train/inv/ce 3.26 / train/inv/confidence 0.04 / train/inv/confidence_gating 0 / train/inv/effective_rep_weight 0 / train/inv/head_objective 1.07 / train/inv/head_weight 0 / train/inv/objective 1.07 / train/inv/policy_weight_max 1 / train/inv/policy_weight_mean 1 / train/inv/policy_weight_min 1 / train/inv/policy_weight_std 0 / train/inv/valid_frac 1 / train/inv/weight 0 / train/loss/con 0.02 / train/loss/dyn 3.65 / train/loss/image 5.41 / train/loss/inv 0 / train/loss/policy -0.06 / train/loss/rep 3.65 / train/loss/repval 1.2 / train/loss/rew 0.52 / train/loss/value 1.13 / replay/replay_ratio 264 / fps/policy 7.89 / fps/train 2018.6

Writing metrics: /home/zhangpeiying01/lfy/btwm-7.7/runs/dreamerv3_dmc_walker_walk_seed2_dv3_300k_s2/scores.jsonl
Writing metrics: /home/zhangpeiying01/lfy/btwm-7.7/runs/dreamerv3_dmc_walker_walk_seed2_dv3_300k_s2/metrics.jsonl

--------------------[Agent Step 60_640]--------------------
Metrics filtered by: 'score|length|fps|ratio|train/loss/|train/acc/|train/inv/|train/rand/'
train/acc/inv 0.05 / train/inv/ce 3.26 / train/inv/confidence 0.04 / train/inv/confidence_gating 0 / train/inv/effective_rep_weight 0 / train/inv/head_objective 1.07 / train/inv/head_weight 0 / train/inv/objective 1.07 / train/inv/policy_weight_max 1 / train/inv/policy_weight_mean 1 / train/inv/policy_weight_min 1 / train/inv/policy_weight_std 0 / train/inv/valid_frac 1 / train/inv/weight 0 / train/loss/con 0.02 / train/loss/dyn 3.55 / train/loss/image 5.31 / train/loss/inv 0 / train/loss/policy -0.05 / train/loss/rep 3.55 / train/loss/repval 1.18 / train/loss/rew 0.52 / train/loss/value 1.04 / replay/replay_ratio 264 / fps/policy 7.67 / fps/train 1963.27

Writing metrics: /home/zhangpeiying01/lfy/btwm-7.7/runs/dreamerv3_dmc_walker_walk_seed2_dv3_300k_s2/metrics.jsonl
Writing metrics: /home/zhangpeiying01/lfy/btwm-7.7/runs/dreamerv3_dmc_walker_walk_seed2_dv3_300k_s2/scores.jsonl

--------------------[Agent Step 61_472]--------------------
Metrics filtered by: 'score|length|fps|ratio|train/loss/|train/acc/|train/inv/|train/rand/'
train/acc/inv 0.04 / train/inv/ce 3.26 / train/inv/confidence 0.04 / train/inv/confidence_gating 0 / train/inv/effective_rep_weight 0 / train/inv/head_objective 1.07 / train/inv/head_weight 0 / train/inv/objective 1.07 / train/inv/policy_weight_max 1 / train/inv/policy_weight_mean 1 / train/inv/policy_weight_min 1 / train/inv/policy_weight_std 0 / train/inv/valid_frac 1 / train/inv/weight 0 / train/loss/con 0.02 / train/loss/dyn 3.61 / train/loss/image 5.29 / train/loss/inv 0 / train/loss/policy -0.04 / train/loss/rep 3.61 / train/loss/repval 1.18 / train/loss/rew 0.52 / train/loss/value 1.01 / replay/replay_ratio 264 / fps/policy 6.83 / fps/train 1749

Writing metrics: /home/zhangpeiying01/lfy/btwm-7.7/runs/dreamerv3_dmc_walker_walk_seed2_dv3_300k_s2/metrics.jsonl
Writing metrics: /home/zhangpeiying01/lfy/btwm-7.7/runs/dreamerv3_dmc_walker_walk_seed2_dv3_300k_s2/scores.jsonl

--------------------[Agent Step 62_240]--------------------
Metrics filtered by: 'score|length|fps|ratio|train/loss/|train/acc/|train/inv/|train/rand/'
train/acc/inv 0.04 / train/inv/ce 3.27 / train/inv/confidence 0.04 / train/inv/confidence_gating 0 / train/inv/effective_rep_weight 0 / train/inv/head_objective 1.07 / train/inv/head_weight 0 / train/inv/objective 1.07 / train/inv/policy_weight_max 1 / train/inv/policy_weight_mean 1 / train/inv/policy_weight_min 1 / train/inv/policy_weight_std 0 / train/inv/valid_frac 1 / train/inv/weight 0 / train/loss/con 0.02 / train/loss/dyn 3.6 / train/loss/image 5.24 / train/loss/inv 0 / train/loss/policy -0.05 / train/loss/rep 3.6 / train/loss/repval 1.17 / train/loss/rew 0.52 / train/loss/value 0.99 / replay/replay_ratio 264 / fps/policy 6.41 / fps/train 1640.61

Writing metrics: /home/zhangpeiying01/lfy/btwm-7.7/runs/dreamerv3_dmc_walker_walk_seed2_dv3_300k_s2/metrics.jsonl
Writing metrics: /home/zhangpeiying01/lfy/btwm-7.7/runs/dreamerv3_dmc_walker_walk_seed2_dv3_300k_s2/scores.jsonl

--------------------[Agent Step 63_056]--------------------
Metrics filtered by: 'score|length|fps|ratio|train/loss/|train/acc/|train/inv/|train/rand/'
train/acc/inv 0.05 / train/inv/ce 3.27 / train/inv/confidence 0.04 / train/inv/confidence_gating 0 / train/inv/effective_rep_weight 0 / train/inv/head_objective 1.07 / train/inv/head_weight 0 / train/inv/objective 1.07 / train/inv/policy_weight_max 1 / train/inv/policy_weight_mean 1 / train/inv/policy_weight_min 1 / train/inv/policy_weight_std 0 / train/inv/valid_frac 1 / train/inv/weight 0 / train/loss/con 0.02 / train/loss/dyn 3.62 / train/loss/image 5.23 / train/loss/inv 0 / train/loss/policy -0.04 / train/loss/rep 3.62 / train/loss/repval 1.16 / train/loss/rew 0.52 / train/loss/value 0.97 / replay/replay_ratio 264 / fps/policy 6.65 / fps/train 1702.94

Writing metrics: /home/zhangpeiying01/lfy/btwm-7.7/runs/dreamerv3_dmc_walker_walk_seed2_dv3_300k_s2/scores.jsonl
Writing metrics: /home/zhangpeiying01/lfy/btwm-7.7/runs/dreamerv3_dmc_walker_walk_seed2_dv3_300k_s2/metrics.jsonl

--------------------[Agent Step 63_872]--------------------
Metrics filtered by: 'score|length|fps|ratio|train/loss/|train/acc/|train/inv/|train/rand/'
train/acc/inv 0.04 / train/inv/ce 3.27 / train/inv/confidence 0.04 / train/inv/confidence_gating 0 / train/inv/effective_rep_weight 0 / train/inv/head_objective 1.07 / train/inv/head_weight 0 / train/inv/objective 1.07 / train/inv/policy_weight_max 1 / train/inv/policy_weight_mean 1 / train/inv/policy_weight_min 1 / train/inv/policy_weight_std 0 / train/inv/valid_frac 1 / train/inv/weight 0 / train/loss/con 0.02 / train/loss/dyn 3.6 / train/loss/image 5.22 / train/loss/inv 0 / train/loss/policy -0.04 / train/loss/rep 3.6 / train/loss/repval 1.15 / train/loss/rew 0.52 / train/loss/value 0.95 / replay/replay_ratio 264 / fps/policy 6.7 / fps/train 1716.03

Writing metrics: /home/zhangpeiying01/lfy/btwm-7.7/runs/dreamerv3_dmc_walker_walk_seed2_dv3_300k_s2/metrics.jsonl
Writing metrics: /home/zhangpeiying01/lfy/btwm-7.7/runs/dreamerv3_dmc_walker_walk_seed2_dv3_300k_s2/scores.jsonl

--------------------[Agent Step 64_672]--------------------
Metrics filtered by: 'score|length|fps|ratio|train/loss/|train/acc/|train/inv/|train/rand/'
episode/score 624.02 / episode/length 1001 / train/acc/inv 0.04 / train/inv/ce 3.26 / train/inv/confidence 0.04 / train/inv/confidence_gating 0 / train/inv/effective_rep_weight 0 / train/inv/head_objective 1.07 / train/inv/head_weight 0 / train/inv/objective 1.07 / train/inv/policy_weight_max 1 / train/inv/policy_weight_mean 1 / train/inv/policy_weight_min 1 / train/inv/policy_weight_std 0 / train/inv/valid_frac 1 / train/inv/weight 0 / train/loss/con 0.02 / train/loss/dyn 3.67 / train/loss/image 5.38 / train/loss/inv 0 / train/loss/policy -0.04 / train/loss/rep 3.67 / train/loss/repval 1.12 / train/loss/rew 0.52 / train/loss/value 0.89 / replay/replay_ratio 264 / fps/policy 6.66 / fps/train 1704.26

Writing metrics: /home/zhangpeiying01/lfy/btwm-7.7/runs/dreamerv3_dmc_walker_walk_seed2_dv3_300k_s2/metrics.jsonl
Writing metrics: /home/zhangpeiying01/lfy/btwm-7.7/runs/dreamerv3_dmc_walker_walk_seed2_dv3_300k_s2/scores.jsonl

--------------------[Agent Step 65_904]--------------------
Metrics filtered by: 'score|length|fps|ratio|train/loss/|train/acc/|train/inv/|train/rand/'
train/acc/inv 0.04 / train/inv/ce 3.27 / train/inv/confidence 0.04 / train/inv/confidence_gating 0 / train/inv/effective_rep_weight 0 / train/inv/head_objective 1.07 / train/inv/head_weight 0 / train/inv/objective 1.07 / train/inv/policy_weight_max 1 / train/inv/policy_weight_mean 1 / train/inv/policy_weight_min 1 / train/inv/policy_weight_std 0 / train/inv/valid_frac 1 / train/inv/weight 0 / train/loss/con 0.02 / train/loss/dyn 3.61 / train/loss/image 5.32 / train/loss/inv 0 / train/loss/policy -0.04 / train/loss/rep 3.61 / train/loss/repval 1.09 / train/loss/rew 0.52 / train/loss/value 0.83 / replay/replay_ratio 264 / fps/policy 10.18 / fps/train 2607.17

Writing metrics: /home/zhangpeiying01/lfy/btwm-7.7/runs/dreamerv3_dmc_walker_walk_seed2_dv3_300k_s2/scores.jsonl
Writing metrics: /home/zhangpeiying01/lfy/btwm-7.7/runs/dreamerv3_dmc_walker_walk_seed2_dv3_300k_s2/metrics.jsonl

--------------------[Agent Step 67_104]--------------------
Metrics filtered by: 'score|length|fps|ratio|train/loss/|train/acc/|train/inv/|train/rand/'
train/acc/inv 0.04 / train/inv/ce 3.27 / train/inv/confidence 0.04 / train/inv/confidence_gating 0 / train/inv/effective_rep_weight 0 / train/inv/head_objective 1.07 / train/inv/head_weight 0 / train/inv/objective 1.07 / train/inv/policy_weight_max 1 / train/inv/policy_weight_mean 1 / train/inv/policy_weight_min 1 / train/inv/policy_weight_std 0 / train/inv/valid_frac 1 / train/inv/weight 0 / train/loss/con 0.02 / train/loss/dyn 3.65 / train/loss/image 5.26 / train/loss/inv 0 / train/loss/policy -0.05 / train/loss/rep 3.65 / train/loss/repval 1.04 / train/loss/rew 0.52 / train/loss/value 0.74 / replay/replay_ratio 264 / fps/policy 9.94 / fps/train 2544.28

Writing metrics: /home/zhangpeiying01/lfy/btwm-7.7/runs/dreamerv3_dmc_walker_walk_seed2_dv3_300k_s2/metrics.jsonl
Writing metrics: /home/zhangpeiying01/lfy/btwm-7.7/runs/dreamerv3_dmc_walker_walk_seed2_dv3_300k_s2/scores.jsonl

--------------------[Agent Step 68_016]--------------------
Metrics filtered by: 'score|length|fps|ratio|train/loss/|train/acc/|train/inv/|train/rand/'
train/acc/inv 0.04 / train/inv/ce 3.27 / train/inv/confidence 0.04 / train/inv/confidence_gating 0 / train/inv/effective_rep_weight 0 / train/inv/head_objective 1.07 / train/inv/head_weight 0 / train/inv/objective 1.07 / train/inv/policy_weight_max 1 / train/inv/policy_weight_mean 1 / train/inv/policy_weight_min 1 / train/inv/policy_weight_std 0 / train/inv/valid_frac 1 / train/inv/weight 0 / train/loss/con 0.02 / train/loss/dyn 3.55 / train/loss/image 5.13 / train/loss/inv 0 / train/loss/policy -0.05 / train/loss/rep 3.55 / train/loss/repval 0.98 / train/loss/rew 0.52 / train/loss/value 0.64 / replay/replay_ratio 264 / fps/policy 7.59 / fps/train 1943.95

Writing metrics: /home/zhangpeiying01/lfy/btwm-7.7/runs/dreamerv3_dmc_walker_walk_seed2_dv3_300k_s2/scores.jsonl
Writing metrics: /home/zhangpeiying01/lfy/btwm-7.7/runs/dreamerv3_dmc_walker_walk_seed2_dv3_300k_s2/metrics.jsonl

--------------------[Agent Step 69_104]--------------------
Metrics filtered by: 'score|length|fps|ratio|train/loss/|train/acc/|train/inv/|train/rand/'
train/acc/inv 0.04 / train/inv/ce 3.27 / train/inv/confidence 0.04 / train/inv/confidence_gating 0 / train/inv/effective_rep_weight 0 / train/inv/head_objective 1.07 / train/inv/head_weight 0 / train/inv/objective 1.07 / train/inv/policy_weight_max 1 / train/inv/policy_weight_mean 1 / train/inv/policy_weight_min 1 / train/inv/policy_weight_std 0 / train/inv/valid_frac 1 / train/inv/weight 0 / train/loss/con 0.02 / train/loss/dyn 3.58 / train/loss/image 5.13 / train/loss/inv 0 / train/loss/policy -0.05 / train/loss/rep 3.58 / train/loss/repval 0.92 / train/loss/rew 0.52 / train/loss/value 0.59 / replay/replay_ratio 264 / fps/policy 8.92 / fps/train 2284.53

Writing metrics: /home/zhangpeiying01/lfy/btwm-7.7/runs/dreamerv3_dmc_walker_walk_seed2_dv3_300k_s2/metrics.jsonl
Writing metrics: /home/zhangpeiying01/lfy/btwm-7.7/runs/dreamerv3_dmc_walker_walk_seed2_dv3_300k_s2/scores.jsonl

--------------------[Agent Step 69_952]--------------------
Metrics filtered by: 'score|length|fps|ratio|train/loss/|train/acc/|train/inv/|train/rand/'
train/acc/inv 0.04 / train/inv/ce 3.27 / train/inv/confidence 0.04 / train/inv/confidence_gating 0 / train/inv/effective_rep_weight 0 / train/inv/head_objective 1.07 / train/inv/head_weight 0 / train/inv/objective 1.07 / train/inv/policy_weight_max 1 / train/inv/policy_weight_mean 1 / train/inv/policy_weight_min 1 / train/inv/policy_weight_std 0 / train/inv/valid_frac 1 / train/inv/weight 0 / train/loss/con 0.02 / train/loss/dyn 3.6 / train/loss/image 5.07 / train/loss/inv 0 / train/loss/policy -0.05 / train/loss/rep 3.6 / train/loss/repval 0.83 / train/loss/rew 0.52 / train/loss/value 0.54 / replay/replay_ratio 264 / fps/policy 7.01 / fps/train 1794.39

Writing metrics: /home/zhangpeiying01/lfy/btwm-7.7/runs/dreamerv3_dmc_walker_walk_seed2_dv3_300k_s2/metrics.jsonl
Writing metrics: /home/zhangpeiying01/lfy/btwm-7.7/runs/dreamerv3_dmc_walker_walk_seed2_dv3_300k_s2/scores.jsonl

--------------------[Agent Step 70_800]--------------------
Metrics filtered by: 'score|length|fps|ratio|train/loss/|train/acc/|train/inv/|train/rand/'
train/acc/inv 0.04 / train/inv/ce 3.27 / train/inv/confidence 0.04 / train/inv/confidence_gating 0 / train/inv/effective_rep_weight 0 / train/inv/head_objective 1.07 / train/inv/head_weight 0 / train/inv/objective 1.07 / train/inv/policy_weight_max 1 / train/inv/policy_weight_mean 1 / train/inv/policy_weight_min 1 / train/inv/policy_weight_std 0 / train/inv/valid_frac 1 / train/inv/weight 0 / train/loss/con 0.02 / train/loss/dyn 3.51 / train/loss/image 4.99 / train/loss/inv 0 / train/loss/policy -0.06 / train/loss/rep 3.51 / train/loss/repval 0.78 / train/loss/rew 0.52 / train/loss/value 0.56 / replay/replay_ratio 264 / fps/policy 6.92 / fps/train 1772.36

Writing metrics: /home/zhangpeiying01/lfy/btwm-7.7/runs/dreamerv3_dmc_walker_walk_seed2_dv3_300k_s2/scores.jsonl
Writing metrics: /home/zhangpeiying01/lfy/btwm-7.7/runs/dreamerv3_dmc_walker_walk_seed2_dv3_300k_s2/metrics.jsonl

--------------------[Agent Step 71_568]--------------------
Metrics filtered by: 'score|length|fps|ratio|train/loss/|train/acc/|train/inv/|train/rand/'
train/acc/inv 0.04 / train/inv/ce 3.27 / train/inv/confidence 0.04 / train/inv/confidence_gating 0 / train/inv/effective_rep_weight 0 / train/inv/head_objective 1.07 / train/inv/head_weight 0 / train/inv/objective 1.07 / train/inv/policy_weight_max 1 / train/inv/policy_weight_mean 1 / train/inv/policy_weight_min 1 / train/inv/policy_weight_std 0 / train/inv/valid_frac 1 / train/inv/weight 0 / train/loss/con 0.02 / train/loss/dyn 3.5 / train/loss/image 4.94 / train/loss/inv 0 / train/loss/policy -0.06 / train/loss/rep 3.5 / train/loss/repval 0.75 / train/loss/rew 0.52 / train/loss/value 0.61 / replay/replay_ratio 264 / fps/policy 6.33 / fps/train 1620.5

Writing metrics: /home/zhangpeiying01/lfy/btwm-7.7/runs/dreamerv3_dmc_walker_walk_seed2_dv3_300k_s2/metrics.jsonl
Writing metrics: /home/zhangpeiying01/lfy/btwm-7.7/runs/dreamerv3_dmc_walker_walk_seed2_dv3_300k_s2/scores.jsonl

--------------------[Agent Step 72_336]--------------------
Metrics filtered by: 'score|length|fps|ratio|train/loss/|train/acc/|train/inv/|train/rand/'
train/acc/inv 0.04 / train/inv/ce 3.27 / train/inv/confidence 0.04 / train/inv/confidence_gating 0 / train/inv/effective_rep_weight 0 / train/inv/head_objective 1.07 / train/inv/head_weight 0 / train/inv/objective 1.07 / train/inv/policy_weight_max 1 / train/inv/policy_weight_mean 1 / train/inv/policy_weight_min 1 / train/inv/policy_weight_std 0 / train/inv/valid_frac 1 / train/inv/weight 0 / train/loss/con 0.02 / train/loss/dyn 3.53 / train/loss/image 4.97 / train/loss/inv 0 / train/loss/policy -0.07 / train/loss/rep 3.53 / train/loss/repval 0.75 / train/loss/rew 0.52 / train/loss/value 0.66 / replay/replay_ratio 264 / fps/policy 6.29 / fps/train 1609.51

Writing metrics: /home/zhangpeiying01/lfy/btwm-7.7/runs/dreamerv3_dmc_walker_walk_seed2_dv3_300k_s2/scores.jsonl
Writing metrics: /home/zhangpeiying01/lfy/btwm-7.7/runs/dreamerv3_dmc_walker_walk_seed2_dv3_300k_s2/metrics.jsonl

--------------------[Agent Step 73_104]--------------------
Metrics filtered by: 'score|length|fps|ratio|train/loss/|train/acc/|train/inv/|train/rand/'
train/acc/inv 0.04 / train/inv/ce 3.27 / train/inv/confidence 0.04 / train/inv/confidence_gating 0 / train/inv/effective_rep_weight 0 / train/inv/head_objective 1.07 / train/inv/head_weight 0 / train/inv/objective 1.07 / train/inv/policy_weight_max 1 / train/inv/policy_weight_mean 1 / train/inv/policy_weight_min 1 / train/inv/policy_weight_std 0 / train/inv/valid_frac 1 / train/inv/weight 0 / train/loss/con 0.02 / train/loss/dyn 3.55 / train/loss/image 4.95 / train/loss/inv 0 / train/loss/policy -0.06 / train/loss/rep 3.55 / train/loss/repval 0.76 / train/loss/rew 0.52 / train/loss/value 0.73 / replay/replay_ratio 264 / fps/policy 6.32 / fps/train 1616.74

Writing metrics: /home/zhangpeiying01/lfy/btwm-7.7/runs/dreamerv3_dmc_walker_walk_seed2_dv3_300k_s2/metrics.jsonl
Writing metrics: /home/zhangpeiying01/lfy/btwm-7.7/runs/dreamerv3_dmc_walker_walk_seed2_dv3_300k_s2/scores.jsonl

--------------------[Agent Step 73_888]--------------------
Metrics filtered by: 'score|length|fps|ratio|train/loss/|train/acc/|train/inv/|train/rand/'
train/acc/inv 0.04 / train/inv/ce 3.27 / train/inv/confidence 0.04 / train/inv/confidence_gating 0 / train/inv/effective_rep_weight 0 / train/inv/head_objective 1.07 / train/inv/head_weight 0 / train/inv/objective 1.07 / train/inv/policy_weight_max 1 / train/inv/policy_weight_mean 1 / train/inv/policy_weight_min 1 / train/inv/policy_weight_std 0 / train/inv/valid_frac 1 / train/inv/weight 0 / train/loss/con 0.02 / train/loss/dyn 3.47 / train/loss/image 4.85 / train/loss/inv 0 / train/loss/policy -0.06 / train/loss/rep 3.47 / train/loss/repval 0.78 / train/loss/rew 0.52 / train/loss/value 0.82 / replay/replay_ratio 264 / fps/policy 6.44 / fps/train 1647.69

Writing metrics: /home/zhangpeiying01/lfy/btwm-7.7/runs/dreamerv3_dmc_walker_walk_seed2_dv3_300k_s2/scores.jsonl
Writing metrics: /home/zhangpeiying01/lfy/btwm-7.7/runs/dreamerv3_dmc_walker_walk_seed2_dv3_300k_s2/metrics.jsonl

--------------------[Agent Step 74_720]--------------------
Metrics filtered by: 'score|length|fps|ratio|train/loss/|train/acc/|train/inv/|train/rand/'
train/acc/inv 0.04 / train/inv/ce 3.27 / train/inv/confidence 0.04 / train/inv/confidence_gating 0 / train/inv/effective_rep_weight 0 / train/inv/head_objective 1.07 / train/inv/head_weight 0 / train/inv/objective 1.07 / train/inv/policy_weight_max 1 / train/inv/policy_weight_mean 1 / train/inv/policy_weight_min 1 / train/inv/policy_weight_std 0 / train/inv/valid_frac 1 / train/inv/weight 0 / train/loss/con 0.02 / train/loss/dyn 3.53 / train/loss/image 4.89 / train/loss/inv 0 / train/loss/policy -0.05 / train/loss/rep 3.53 / train/loss/repval 0.82 / train/loss/rew 0.52 / train/loss/value 0.89 / replay/replay_ratio 264 / fps/policy 6.84 / fps/train 1751.12

Writing metrics: /home/zhangpeiying01/lfy/btwm-7.7/runs/dreamerv3_dmc_walker_walk_seed2_dv3_300k_s2/scores.jsonl
Writing metrics: /home/zhangpeiying01/lfy/btwm-7.7/runs/dreamerv3_dmc_walker_walk_seed2_dv3_300k_s2/metrics.jsonl

--------------------[Agent Step 75_504]--------------------
Metrics filtered by: 'score|length|fps|ratio|train/loss/|train/acc/|train/inv/|train/rand/'
train/acc/inv 0.04 / train/inv/ce 3.27 / train/inv/confidence 0.04 / train/inv/confidence_gating 0 / train/inv/effective_rep_weight 0 / train/inv/head_objective 1.07 / train/inv/head_weight 0 / train/inv/objective 1.07 / train/inv/policy_weight_max 1 / train/inv/policy_weight_mean 1 / train/inv/policy_weight_min 1 / train/inv/policy_weight_std 0 / train/inv/valid_frac 1 / train/inv/weight 0 / train/loss/con 0.02 / train/loss/dyn 3.46 / train/loss/image 4.79 / train/loss/inv 0 / train/loss/policy -0.06 / train/loss/rep 3.46 / train/loss/repval 0.85 / train/loss/rew 0.52 / train/loss/value 0.95 / replay/replay_ratio 264 / fps/policy 6.5 / fps/train 1664.35

Writing metrics: /home/zhangpeiying01/lfy/btwm-7.7/runs/dreamerv3_dmc_walker_walk_seed2_dv3_300k_s2/metrics.jsonl
Writing metrics: /home/zhangpeiying01/lfy/btwm-7.7/runs/dreamerv3_dmc_walker_walk_seed2_dv3_300k_s2/scores.jsonl

--------------------[Agent Step 76_304]--------------------
Metrics filtered by: 'score|length|fps|ratio|train/loss/|train/acc/|train/inv/|train/rand/'
train/acc/inv 0.04 / train/inv/ce 3.27 / train/inv/confidence 0.04 / train/inv/confidence_gating 0 / train/inv/effective_rep_weight 0 / train/inv/head_objective 1.07 / train/inv/head_weight 0 / train/inv/objective 1.07 / train/inv/policy_weight_max 1 / train/inv/policy_weight_mean 1 / train/inv/policy_weight_min 1 / train/inv/policy_weight_std 0 / train/inv/valid_frac 1 / train/inv/weight 0 / train/loss/con 0.02 / train/loss/dyn 3.53 / train/loss/image 4.8 / train/loss/inv 0 / train/loss/policy -0.06 / train/loss/rep 3.53 / train/loss/repval 0.88 / train/loss/rew 0.52 / train/loss/value 0.99 / replay/replay_ratio 264 / fps/policy 6.56 / fps/train 1679.09

Writing metrics: /home/zhangpeiying01/lfy/btwm-7.7/runs/dreamerv3_dmc_walker_walk_seed2_dv3_300k_s2/metrics.jsonl
Writing metrics: /home/zhangpeiying01/lfy/btwm-7.7/runs/dreamerv3_dmc_walker_walk_seed2_dv3_300k_s2/scores.jsonl

--------------------[Agent Step 77_264]--------------------
Metrics filtered by: 'score|length|fps|ratio|train/loss/|train/acc/|train/inv/|train/rand/'
train/acc/inv 0.04 / train/inv/ce 3.27 / train/inv/confidence 0.04 / train/inv/confidence_gating 0 / train/inv/effective_rep_weight 0 / train/inv/head_objective 1.07 / train/inv/head_weight 0 / train/inv/objective 1.07 / train/inv/policy_weight_max 1 / train/inv/policy_weight_mean 1 / train/inv/policy_weight_min 1 / train/inv/policy_weight_std 0 / train/inv/valid_frac 1 / train/inv/weight 0 / train/loss/con 0.02 / train/loss/dyn 3.51 / train/loss/image 4.79 / train/loss/inv 0 / train/loss/policy -0.06 / train/loss/rep 3.51 / train/loss/repval 0.91 / train/loss/rew 0.52 / train/loss/value 1.04 / replay/replay_ratio 264 / fps/policy 7.86 / fps/train 2012.3

Writing metrics: /home/zhangpeiying01/lfy/btwm-7.7/runs/dreamerv3_dmc_walker_walk_seed2_dv3_300k_s2/metrics.jsonl
Writing metrics: /home/zhangpeiying01/lfy/btwm-7.7/runs/dreamerv3_dmc_walker_walk_seed2_dv3_300k_s2/scores.jsonl

--------------------[Agent Step 78_080]--------------------
Metrics filtered by: 'score|length|fps|ratio|train/loss/|train/acc/|train/inv/|train/rand/'
train/acc/inv 0.04 / train/inv/ce 3.27 / train/inv/confidence 0.04 / train/inv/confidence_gating 0 / train/inv/effective_rep_weight 0 / train/inv/head_objective 1.07 / train/inv/head_weight 0 / train/inv/objective 1.07 / train/inv/policy_weight_max 1 / train/inv/policy_weight_mean 1 / train/inv/policy_weight_min 1 / train/inv/policy_weight_std 0 / train/inv/valid_frac 1 / train/inv/weight 0 / train/loss/con 0.02 / train/loss/dyn 3.45 / train/loss/image 4.76 / train/loss/inv 0 / train/loss/policy -0.06 / train/loss/rep 3.45 / train/loss/repval 0.97 / train/loss/rew 0.52 / train/loss/value 1.1 / replay/replay_ratio 264 / fps/policy 6.76 / fps/train 1731.29

Writing metrics: /home/zhangpeiying01/lfy/btwm-7.7/runs/dreamerv3_dmc_walker_walk_seed2_dv3_300k_s2/metrics.jsonl
Writing metrics: /home/zhangpeiying01/lfy/btwm-7.7/runs/dreamerv3_dmc_walker_walk_seed2_dv3_300k_s2/scores.jsonl

--------------------[Agent Step 78_912]--------------------
Metrics filtered by: 'score|length|fps|ratio|train/loss/|train/acc/|train/inv/|train/rand/'
train/acc/inv 0.04 / train/inv/ce 3.27 / train/inv/confidence 0.04 / train/inv/confidence_gating 0 / train/inv/effective_rep_weight 0 / train/inv/head_objective 1.07 / train/inv/head_weight 0 / train/inv/objective 1.07 / train/inv/policy_weight_max 1 / train/inv/policy_weight_mean 1 / train/inv/policy_weight_min 1 / train/inv/policy_weight_std 0 / train/inv/valid_frac 1 / train/inv/weight 0 / train/loss/con 0.02 / train/loss/dyn 3.52 / train/loss/image 4.75 / train/loss/inv 0 / train/loss/policy -0.05 / train/loss/rep 3.52 / train/loss/repval 1.01 / train/loss/rew 0.52 / train/loss/value 1.14 / replay/replay_ratio 264 / fps/policy 6.84 / fps/train 1750.14

Writing metrics: /home/zhangpeiying01/lfy/btwm-7.7/runs/dreamerv3_dmc_walker_walk_seed2_dv3_300k_s2/scores.jsonl
Writing metrics: /home/zhangpeiying01/lfy/btwm-7.7/runs/dreamerv3_dmc_walker_walk_seed2_dv3_300k_s2/metrics.jsonl

--------------------[Agent Step 79_664]--------------------
Metrics filtered by: 'score|length|fps|ratio|train/loss/|train/acc/|train/inv/|train/rand/'
train/acc/inv 0.04 / train/inv/ce 3.27 / train/inv/confidence 0.04 / train/inv/confidence_gating 0 / train/inv/effective_rep_weight 0 / train/inv/head_objective 1.07 / train/inv/head_weight 0 / train/inv/objective 1.07 / train/inv/policy_weight_max 1 / train/inv/policy_weight_mean 1 / train/inv/policy_weight_min 1 / train/inv/policy_weight_std 0 / train/inv/valid_frac 1 / train/inv/weight 0 / train/loss/con 0.02 / train/loss/dyn 3.44 / train/loss/image 4.68 / train/loss/inv 0 / train/loss/policy -0.06 / train/loss/rep 3.44 / train/loss/repval 1.05 / train/loss/rew 0.52 / train/loss/value 1.18 / replay/replay_ratio 264 / fps/policy 6.16 / fps/train 1577.19

Writing metrics: /home/zhangpeiying01/lfy/btwm-7.7/runs/dreamerv3_dmc_walker_walk_seed2_dv3_300k_s2/metrics.jsonl
Writing metrics: /home/zhangpeiying01/lfy/btwm-7.7/runs/dreamerv3_dmc_walker_walk_seed2_dv3_300k_s2/scores.jsonl

--------------------[Agent Step 80_448]--------------------
Metrics filtered by: 'score|length|fps|ratio|train/loss/|train/acc/|train/inv/|train/rand/'
episode/score 686.58 / episode/length 1001 / train/acc/inv 0.04 / train/inv/ce 3.27 / train/inv/confidence 0.04 / train/inv/confidence_gating 0 / train/inv/effective_rep_weight 0 / train/inv/head_objective 1.07 / train/inv/head_weight 0 / train/inv/objective 1.07 / train/inv/policy_weight_max 1 / train/inv/policy_weight_mean 1 / train/inv/policy_weight_min 1 / train/inv/policy_weight_std 0 / train/inv/valid_frac 1 / train/inv/weight 0 / train/loss/con 0.02 / train/loss/dyn 3.53 / train/loss/image 4.77 / train/loss/inv 0 / train/loss/policy -0.05 / train/loss/rep 3.53 / train/loss/repval 1.08 / train/loss/rew 0.52 / train/loss/value 1.21 / replay/replay_ratio 264 / fps/policy 6.46 / fps/train 1652.53

Writing metrics: /home/zhangpeiying01/lfy/btwm-7.7/runs/dreamerv3_dmc_walker_walk_seed2_dv3_300k_s2/metrics.jsonl
Writing metrics: /home/zhangpeiying01/lfy/btwm-7.7/runs/dreamerv3_dmc_walker_walk_seed2_dv3_300k_s2/scores.jsonl

--------------------[Agent Step 81_232]--------------------
Metrics filtered by: 'score|length|fps|ratio|train/loss/|train/acc/|train/inv/|train/rand/'
train/acc/inv 0.04 / train/inv/ce 3.27 / train/inv/confidence 0.04 / train/inv/confidence_gating 0 / train/inv/effective_rep_weight 0 / train/inv/head_objective 1.07 / train/inv/head_weight 0 / train/inv/objective 1.07 / train/inv/policy_weight_max 1 / train/inv/policy_weight_mean 1 / train/inv/policy_weight_min 1 / train/inv/policy_weight_std 0 / train/inv/valid_frac 1 / train/inv/weight 0 / train/loss/con 0.02 / train/loss/dyn 3.58 / train/loss/image 4.87 / train/loss/inv 0 / train/loss/policy -0.05 / train/loss/rep 3.58 / train/loss/repval 1.12 / train/loss/rew 0.52 / train/loss/value 1.23 / replay/replay_ratio 264 / fps/policy 6.53 / fps/train 1671

Writing metrics: /home/zhangpeiying01/lfy/btwm-7.7/runs/dreamerv3_dmc_walker_walk_seed2_dv3_300k_s2/scores.jsonl
Writing metrics: /home/zhangpeiying01/lfy/btwm-7.7/runs/dreamerv3_dmc_walker_walk_seed2_dv3_300k_s2/metrics.jsonl

--------------------[Agent Step 81_984]--------------------
Metrics filtered by: 'score|length|fps|ratio|train/loss/|train/acc/|train/inv/|train/rand/'
train/acc/inv 0.04 / train/inv/ce 3.27 / train/inv/confidence 0.04 / train/inv/confidence_gating 0 / train/inv/effective_rep_weight 0 / train/inv/head_objective 1.07 / train/inv/head_weight 0 / train/inv/objective 1.07 / train/inv/policy_weight_max 1 / train/inv/policy_weight_mean 1 / train/inv/policy_weight_min 1 / train/inv/policy_weight_std 0 / train/inv/valid_frac 1 / train/inv/weight 0 / train/loss/con 0.02 / train/loss/dyn 3.49 / train/loss/image 4.79 / train/loss/inv 0 / train/loss/policy -0.06 / train/loss/rep 3.49 / train/loss/repval 1.13 / train/loss/rew 0.52 / train/loss/value 1.24 / replay/replay_ratio 264 / fps/policy 6.25 / fps/train 1599.37

Writing metrics: /home/zhangpeiying01/lfy/btwm-7.7/runs/dreamerv3_dmc_walker_walk_seed2_dv3_300k_s2/scores.jsonl
Writing metrics: /home/zhangpeiying01/lfy/btwm-7.7/runs/dreamerv3_dmc_walker_walk_seed2_dv3_300k_s2/metrics.jsonl
Saving checkpoint: /home/zhangpeiying01/lfy/btwm-7.7/runs/dreamerv3_dmc_walker_walk_seed2_dv3_300k_s2/ckpt/20260718T011903F911299
Saved checkpoint.

--------------------[Agent Step 82_704]--------------------
Metrics filtered by: 'score|length|fps|ratio|train/loss/|train/acc/|train/inv/|train/rand/'
train/acc/inv 0.04 / train/inv/ce 3.27 / train/inv/confidence 0.04 / train/inv/confidence_gating 0 / train/inv/effective_rep_weight 0 / train/inv/head_objective 1.07 / train/inv/head_weight 0 / train/inv/objective 1.07 / train/inv/policy_weight_max 1 / train/inv/policy_weight_mean 1 / train/inv/policy_weight_min 1 / train/inv/policy_weight_std 0 / train/inv/valid_frac 1 / train/inv/weight 0 / train/loss/con 0.02 / train/loss/dyn 3.44 / train/loss/image 4.72 / train/loss/inv 0 / train/loss/policy -0.06 / train/loss/rep 3.44 / train/loss/repval 1.14 / train/loss/rew 0.52 / train/loss/value 1.25 / replay/replay_ratio 264 / fps/policy 5.94 / fps/train 1521.91

Writing metrics: /home/zhangpeiying01/lfy/btwm-7.7/runs/dreamerv3_dmc_walker_walk_seed2_dv3_300k_s2/metrics.jsonl
Writing metrics: /home/zhangpeiying01/lfy/btwm-7.7/runs/dreamerv3_dmc_walker_walk_seed2_dv3_300k_s2/scores.jsonl

--------------------[Agent Step 83_472]--------------------
Metrics filtered by: 'score|length|fps|ratio|train/loss/|train/acc/|train/inv/|train/rand/'
train/acc/inv 0.04 / train/inv/ce 3.27 / train/inv/confidence 0.04 / train/inv/confidence_gating 0 / train/inv/effective_rep_weight 0 / train/inv/head_objective 1.07 / train/inv/head_weight 0 / train/inv/objective 1.07 / train/inv/policy_weight_max 1 / train/inv/policy_weight_mean 1 / train/inv/policy_weight_min 1 / train/inv/policy_weight_std 0 / train/inv/valid_frac 1 / train/inv/weight 0 / train/loss/con 0.02 / train/loss/dyn 3.46 / train/loss/image 4.67 / train/loss/inv 0 / train/loss/policy -0.06 / train/loss/rep 3.46 / train/loss/repval 1.16 / train/loss/rew 0.52 / train/loss/value 1.27 / replay/replay_ratio 264 / fps/policy 6.36 / fps/train 1628.52

Writing metrics: /home/zhangpeiying01/lfy/btwm-7.7/runs/dreamerv3_dmc_walker_walk_seed2_dv3_300k_s2/metrics.jsonl
Writing metrics: /home/zhangpeiying01/lfy/btwm-7.7/runs/dreamerv3_dmc_walker_walk_seed2_dv3_300k_s2/scores.jsonl

--------------------[Agent Step 84_224]--------------------
Metrics filtered by: 'score|length|fps|ratio|train/loss/|train/acc/|train/inv/|train/rand/'
train/acc/inv 0.04 / train/inv/ce 3.27 / train/inv/confidence 0.04 / train/inv/confidence_gating 0 / train/inv/effective_rep_weight 0 / train/inv/head_objective 1.07 / train/inv/head_weight 0 / train/inv/objective 1.07 / train/inv/policy_weight_max 1 / train/inv/policy_weight_mean 1 / train/inv/policy_weight_min 1 / train/inv/policy_weight_std 0 / train/inv/valid_frac 1 / train/inv/weight 0 / train/loss/con 0.02 / train/loss/dyn 3.44 / train/loss/image 4.64 / train/loss/inv 0 / train/loss/policy -0.06 / train/loss/rep 3.44 / train/loss/repval 1.17 / train/loss/rew 0.52 / train/loss/value 1.27 / replay/replay_ratio 264 / fps/policy 6.25 / fps/train 1600.97

Writing metrics: /home/zhangpeiying01/lfy/btwm-7.7/runs/dreamerv3_dmc_walker_walk_seed2_dv3_300k_s2/metrics.jsonl
Writing metrics: /home/zhangpeiying01/lfy/btwm-7.7/runs/dreamerv3_dmc_walker_walk_seed2_dv3_300k_s2/scores.jsonl

--------------------[Agent Step 84_992]--------------------
Metrics filtered by: 'score|length|fps|ratio|train/loss/|train/acc/|train/inv/|train/rand/'
train/acc/inv 0.04 / train/inv/ce 3.27 / train/inv/confidence 0.04 / train/inv/confidence_gating 0 / train/inv/effective_rep_weight 0 / train/inv/head_objective 1.07 / train/inv/head_weight 0 / train/inv/objective 1.07 / train/inv/policy_weight_max 1 / train/inv/policy_weight_mean 1 / train/inv/policy_weight_min 1 / train/inv/policy_weight_std 0 / train/inv/valid_frac 1 / train/inv/weight 0 / train/loss/con 0.02 / train/loss/dyn 3.44 / train/loss/image 4.6 / train/loss/inv 0 / train/loss/policy -0.06 / train/loss/rep 3.44 / train/loss/repval 1.19 / train/loss/rew 0.52 / train/loss/value 1.28 / replay/replay_ratio 264 / fps/policy 6.39 / fps/train 1636.58

Writing metrics: /home/zhangpeiying01/lfy/btwm-7.7/runs/dreamerv3_dmc_walker_walk_seed2_dv3_300k_s2/metrics.jsonl
Writing metrics: /home/zhangpeiying01/lfy/btwm-7.7/runs/dreamerv3_dmc_walker_walk_seed2_dv3_300k_s2/scores.jsonl

--------------------[Agent Step 85_776]--------------------
Metrics filtered by: 'score|length|fps|ratio|train/loss/|train/acc/|train/inv/|train/rand/'
train/acc/inv 0.04 / train/inv/ce 3.27 / train/inv/confidence 0.04 / train/inv/confidence_gating 0 / train/inv/effective_rep_weight 0 / train/inv/head_objective 1.07 / train/inv/head_weight 0 / train/inv/objective 1.07 / train/inv/policy_weight_max 1 / train/inv/policy_weight_mean 1 / train/inv/policy_weight_min 1 / train/inv/policy_weight_std 0 / train/inv/valid_frac 1 / train/inv/weight 0 / train/loss/con 0.02 / train/loss/dyn 3.47 / train/loss/image 4.59 / train/loss/inv 0 / train/loss/policy -0.06 / train/loss/rep 3.47 / train/loss/repval 1.2 / train/loss/rew 0.52 / train/loss/value 1.28 / replay/replay_ratio 264 / fps/policy 6.53 / fps/train 1672.45

Writing metrics: /home/zhangpeiying01/lfy/btwm-7.7/runs/dreamerv3_dmc_walker_walk_seed2_dv3_300k_s2/scores.jsonl
Writing metrics: /home/zhangpeiying01/lfy/btwm-7.7/runs/dreamerv3_dmc_walker_walk_seed2_dv3_300k_s2/metrics.jsonl

--------------------[Agent Step 86_528]--------------------
Metrics filtered by: 'score|length|fps|ratio|train/loss/|train/acc/|train/inv/|train/rand/'
train/acc/inv 0.04 / train/inv/ce 3.27 / train/inv/confidence 0.04 / train/inv/confidence_gating 0 / train/inv/effective_rep_weight 0 / train/inv/head_objective 1.07 / train/inv/head_weight 0 / train/inv/objective 1.07 / train/inv/policy_weight_max 1 / train/inv/policy_weight_mean 1 / train/inv/policy_weight_min 1 / train/inv/policy_weight_std 0 / train/inv/valid_frac 1 / train/inv/weight 0 / train/loss/con 0.02 / train/loss/dyn 3.38 / train/loss/image 4.51 / train/loss/inv 0 / train/loss/policy -0.06 / train/loss/rep 3.38 / train/loss/repval 1.21 / train/loss/rew 0.52 / train/loss/value 1.28 / replay/replay_ratio 264 / fps/policy 6.23 / fps/train 1594.81

Writing metrics: /home/zhangpeiying01/lfy/btwm-7.7/runs/dreamerv3_dmc_walker_walk_seed2_dv3_300k_s2/metrics.jsonl
Writing metrics: /home/zhangpeiying01/lfy/btwm-7.7/runs/dreamerv3_dmc_walker_walk_seed2_dv3_300k_s2/scores.jsonl

--------------------[Agent Step 87_296]--------------------
Metrics filtered by: 'score|length|fps|ratio|train/loss/|train/acc/|train/inv/|train/rand/'
train/acc/inv 0.04 / train/inv/ce 3.27 / train/inv/confidence 0.04 / train/inv/confidence_gating 0 / train/inv/effective_rep_weight 0 / train/inv/head_objective 1.07 / train/inv/head_weight 0 / train/inv/objective 1.07 / train/inv/policy_weight_max 1 / train/inv/policy_weight_mean 1 / train/inv/policy_weight_min 1 / train/inv/policy_weight_std 0 / train/inv/valid_frac 1 / train/inv/weight 0 / train/loss/con 0.02 / train/loss/dyn 3.38 / train/loss/image 4.48 / train/loss/inv 0 / train/loss/policy -0.05 / train/loss/rep 3.38 / train/loss/repval 1.22 / train/loss/rew 0.52 / train/loss/value 1.28 / replay/replay_ratio 264 / fps/policy 6.32 / fps/train 1616.98

Writing metrics: /home/zhangpeiying01/lfy/btwm-7.7/runs/dreamerv3_dmc_walker_walk_seed2_dv3_300k_s2/metrics.jsonl
Writing metrics: /home/zhangpeiying01/lfy/btwm-7.7/runs/dreamerv3_dmc_walker_walk_seed2_dv3_300k_s2/scores.jsonl

--------------------[Agent Step 88_080]--------------------
Metrics filtered by: 'score|length|fps|ratio|train/loss/|train/acc/|train/inv/|train/rand/'
train/acc/inv 0.04 / train/inv/ce 3.27 / train/inv/confidence 0.04 / train/inv/confidence_gating 0 / train/inv/effective_rep_weight 0 / train/inv/head_objective 1.07 / train/inv/head_weight 0 / train/inv/objective 1.07 / train/inv/policy_weight_max 1 / train/inv/policy_weight_mean 1 / train/inv/policy_weight_min 1 / train/inv/policy_weight_std 0 / train/inv/valid_frac 1 / train/inv/weight 0 / train/loss/con 0.02 / train/loss/dyn 3.4 / train/loss/image 4.47 / train/loss/inv 0 / train/loss/policy -0.05 / train/loss/rep 3.4 / train/loss/repval 1.22 / train/loss/rew 0.52 / train/loss/value 1.28 / replay/replay_ratio 264 / fps/policy 6.42 / fps/train 1644.41

Writing metrics: /home/zhangpeiying01/lfy/btwm-7.7/runs/dreamerv3_dmc_walker_walk_seed2_dv3_300k_s2/metrics.jsonl
Writing metrics: /home/zhangpeiying01/lfy/btwm-7.7/runs/dreamerv3_dmc_walker_walk_seed2_dv3_300k_s2/scores.jsonl

--------------------[Agent Step 88_880]--------------------
Metrics filtered by: 'score|length|fps|ratio|train/loss/|train/acc/|train/inv/|train/rand/'
train/acc/inv 0.04 / train/inv/ce 3.27 / train/inv/confidence 0.04 / train/inv/confidence_gating 0 / train/inv/effective_rep_weight 0 / train/inv/head_objective 1.07 / train/inv/head_weight 0 / train/inv/objective 1.07 / train/inv/policy_weight_max 1 / train/inv/policy_weight_mean 1 / train/inv/policy_weight_min 1 / train/inv/policy_weight_std 0 / train/inv/valid_frac 1 / train/inv/weight 0 / train/loss/con 0.02 / train/loss/dyn 3.48 / train/loss/image 4.48 / train/loss/inv 0 / train/loss/policy -0.04 / train/loss/rep 3.48 / train/loss/repval 1.23 / train/loss/rew 0.52 / train/loss/value 1.28 / replay/replay_ratio 264 / fps/policy 6.64 / fps/train 1699.2

Writing metrics: /home/zhangpeiying01/lfy/btwm-7.7/runs/dreamerv3_dmc_walker_walk_seed2_dv3_300k_s2/metrics.jsonl
Writing metrics: /home/zhangpeiying01/lfy/btwm-7.7/runs/dreamerv3_dmc_walker_walk_seed2_dv3_300k_s2/scores.jsonl

--------------------[Agent Step 89_664]--------------------
Metrics filtered by: 'score|length|fps|ratio|train/loss/|train/acc/|train/inv/|train/rand/'
train/acc/inv 0.04 / train/inv/ce 3.27 / train/inv/confidence 0.04 / train/inv/confidence_gating 0 / train/inv/effective_rep_weight 0 / train/inv/head_objective 1.07 / train/inv/head_weight 0 / train/inv/objective 1.07 / train/inv/policy_weight_max 1 / train/inv/policy_weight_mean 1 / train/inv/policy_weight_min 1 / train/inv/policy_weight_std 0 / train/inv/valid_frac 1 / train/inv/weight 0 / train/loss/con 0.02 / train/loss/dyn 3.39 / train/loss/image 4.45 / train/loss/inv 0 / train/loss/policy -0.04 / train/loss/rep 3.39 / train/loss/repval 1.23 / train/loss/rew 0.52 / train/loss/value 1.28 / replay/replay_ratio 264 / fps/policy 6.54 / fps/train 1673.27

Writing metrics: /home/zhangpeiying01/lfy/btwm-7.7/runs/dreamerv3_dmc_walker_walk_seed2_dv3_300k_s2/metrics.jsonl
Writing metrics: /home/zhangpeiying01/lfy/btwm-7.7/runs/dreamerv3_dmc_walker_walk_seed2_dv3_300k_s2/scores.jsonl

--------------------[Agent Step 90_448]--------------------
Metrics filtered by: 'score|length|fps|ratio|train/loss/|train/acc/|train/inv/|train/rand/'
train/acc/inv 0.04 / train/inv/ce 3.27 / train/inv/confidence 0.04 / train/inv/confidence_gating 0 / train/inv/effective_rep_weight 0 / train/inv/head_objective 1.07 / train/inv/head_weight 0 / train/inv/objective 1.07 / train/inv/policy_weight_max 1 / train/inv/policy_weight_mean 1 / train/inv/policy_weight_min 1 / train/inv/policy_weight_std 0 / train/inv/valid_frac 1 / train/inv/weight 0 / train/loss/con 0.02 / train/loss/dyn 3.42 / train/loss/image 4.44 / train/loss/inv 0 / train/loss/policy -0.04 / train/loss/rep 3.42 / train/loss/repval 1.23 / train/loss/rew 0.52 / train/loss/value 1.28 / replay/replay_ratio 264 / fps/policy 6.38 / fps/train 1633.23

Writing metrics: /home/zhangpeiying01/lfy/btwm-7.7/runs/dreamerv3_dmc_walker_walk_seed2_dv3_300k_s2/metrics.jsonl
Writing metrics: /home/zhangpeiying01/lfy/btwm-7.7/runs/dreamerv3_dmc_walker_walk_seed2_dv3_300k_s2/scores.jsonl

--------------------[Agent Step 91_232]--------------------
Metrics filtered by: 'score|length|fps|ratio|train/loss/|train/acc/|train/inv/|train/rand/'
train/acc/inv 0.04 / train/inv/ce 3.27 / train/inv/confidence 0.04 / train/inv/confidence_gating 0 / train/inv/effective_rep_weight 0 / train/inv/head_objective 1.07 / train/inv/head_weight 0 / train/inv/objective 1.07 / train/inv/policy_weight_max 1 / train/inv/policy_weight_mean 1 / train/inv/policy_weight_min 1 / train/inv/policy_weight_std 0 / train/inv/valid_frac 1 / train/inv/weight 0 / train/loss/con 0.02 / train/loss/dyn 3.37 / train/loss/image 4.39 / train/loss/inv 0 / train/loss/policy -0.05 / train/loss/rep 3.37 / train/loss/repval 1.24 / train/loss/rew 0.52 / train/loss/value 1.27 / replay/replay_ratio 264 / fps/policy 6.5 / fps/train 1665.27

Writing metrics: /home/zhangpeiying01/lfy/btwm-7.7/runs/dreamerv3_dmc_walker_walk_seed2_dv3_300k_s2/metrics.jsonl
Writing metrics: /home/zhangpeiying01/lfy/btwm-7.7/runs/dreamerv3_dmc_walker_walk_seed2_dv3_300k_s2/scores.jsonl

--------------------[Agent Step 92_032]--------------------
Metrics filtered by: 'score|length|fps|ratio|train/loss/|train/acc/|train/inv/|train/rand/'
train/acc/inv 0.04 / train/inv/ce 3.27 / train/inv/confidence 0.04 / train/inv/confidence_gating 0 / train/inv/effective_rep_weight 0 / train/inv/head_objective 1.07 / train/inv/head_weight 0 / train/inv/objective 1.07 / train/inv/policy_weight_max 1 / train/inv/policy_weight_mean 1 / train/inv/policy_weight_min 1 / train/inv/policy_weight_std 0 / train/inv/valid_frac 1 / train/inv/weight 0 / train/loss/con 0.02 / train/loss/dyn 3.42 / train/loss/image 4.38 / train/loss/inv 0 / train/loss/policy -0.05 / train/loss/rep 3.42 / train/loss/repval 1.24 / train/loss/rew 0.52 / train/loss/value 1.27 / replay/replay_ratio 264 / fps/policy 6.63 / fps/train 1697.04

Writing metrics: /home/zhangpeiying01/lfy/btwm-7.7/runs/dreamerv3_dmc_walker_walk_seed2_dv3_300k_s2/scores.jsonl
Writing metrics: /home/zhangpeiying01/lfy/btwm-7.7/runs/dreamerv3_dmc_walker_walk_seed2_dv3_300k_s2/metrics.jsonl

--------------------[Agent Step 92_800]--------------------
Metrics filtered by: 'score|length|fps|ratio|train/loss/|train/acc/|train/inv/|train/rand/'
train/acc/inv 0.04 / train/inv/ce 3.27 / train/inv/confidence 0.04 / train/inv/confidence_gating 0 / train/inv/effective_rep_weight 0 / train/inv/head_objective 1.07 / train/inv/head_weight 0 / train/inv/objective 1.07 / train/inv/policy_weight_max 1 / train/inv/policy_weight_mean 1 / train/inv/policy_weight_min 1 / train/inv/policy_weight_std 0 / train/inv/valid_frac 1 / train/inv/weight 0 / train/loss/con 0.02 / train/loss/dyn 3.36 / train/loss/image 4.32 / train/loss/inv 0 / train/loss/policy -0.05 / train/loss/rep 3.36 / train/loss/repval 1.24 / train/loss/rew 0.52 / train/loss/value 1.27 / replay/replay_ratio 264 / fps/policy 6.35 / fps/train 1624.92

Writing metrics: /home/zhangpeiying01/lfy/btwm-7.7/runs/dreamerv3_dmc_walker_walk_seed2_dv3_300k_s2/metrics.jsonl
Writing metrics: /home/zhangpeiying01/lfy/btwm-7.7/runs/dreamerv3_dmc_walker_walk_seed2_dv3_300k_s2/scores.jsonl

--------------------[Agent Step 93_584]--------------------
Metrics filtered by: 'score|length|fps|ratio|train/loss/|train/acc/|train/inv/|train/rand/'
train/acc/inv 0.04 / train/inv/ce 3.27 / train/inv/confidence 0.04 / train/inv/confidence_gating 0 / train/inv/effective_rep_weight 0 / train/inv/head_objective 1.07 / train/inv/head_weight 0 / train/inv/objective 1.07 / train/inv/policy_weight_max 1 / train/inv/policy_weight_mean 1 / train/inv/policy_weight_min 1 / train/inv/policy_weight_std 0 / train/inv/valid_frac 1 / train/inv/weight 0 / train/loss/con 0.02 / train/loss/dyn 3.41 / train/loss/image 4.37 / train/loss/inv 0 / train/loss/policy -0.04 / train/loss/rep 3.41 / train/loss/repval 1.24 / train/loss/rew 0.52 / train/loss/value 1.27 / replay/replay_ratio 264 / fps/policy 6.52 / fps/train 1668.99

Writing metrics: /home/zhangpeiying01/lfy/btwm-7.7/runs/dreamerv3_dmc_walker_walk_seed2_dv3_300k_s2/metrics.jsonl
Writing metrics: /home/zhangpeiying01/lfy/btwm-7.7/runs/dreamerv3_dmc_walker_walk_seed2_dv3_300k_s2/scores.jsonl

--------------------[Agent Step 94_384]--------------------
Metrics filtered by: 'score|length|fps|ratio|train/loss/|train/acc/|train/inv/|train/rand/'
train/acc/inv 0.04 / train/inv/ce 3.27 / train/inv/confidence 0.04 / train/inv/confidence_gating 0 / train/inv/effective_rep_weight 0 / train/inv/head_objective 1.07 / train/inv/head_weight 0 / train/inv/objective 1.07 / train/inv/policy_weight_max 1 / train/inv/policy_weight_mean 1 / train/inv/policy_weight_min 1 / train/inv/policy_weight_std 0 / train/inv/valid_frac 1 / train/inv/weight 0 / train/loss/con 0.02 / train/loss/dyn 3.4 / train/loss/image 4.37 / train/loss/inv 0 / train/loss/policy -0.04 / train/loss/rep 3.4 / train/loss/repval 1.24 / train/loss/rew 0.52 / train/loss/value 1.27 / replay/replay_ratio 264 / fps/policy 6.55 / fps/train 1675.66

Writing metrics: /home/zhangpeiying01/lfy/btwm-7.7/runs/dreamerv3_dmc_walker_walk_seed2_dv3_300k_s2/scores.jsonl
Writing metrics: /home/zhangpeiying01/lfy/btwm-7.7/runs/dreamerv3_dmc_walker_walk_seed2_dv3_300k_s2/metrics.jsonl

--------------------[Agent Step 95_168]--------------------
Metrics filtered by: 'score|length|fps|ratio|train/loss/|train/acc/|train/inv/|train/rand/'
train/acc/inv 0.04 / train/inv/ce 3.27 / train/inv/confidence 0.04 / train/inv/confidence_gating 0 / train/inv/effective_rep_weight 0 / train/inv/head_objective 1.07 / train/inv/head_weight 0 / train/inv/objective 1.07 / train/inv/policy_weight_max 1 / train/inv/policy_weight_mean 1 / train/inv/policy_weight_min 1 / train/inv/policy_weight_std 0 / train/inv/valid_frac 1 / train/inv/weight 0 / train/loss/con 0.02 / train/loss/dyn 3.39 / train/loss/image 4.31 / train/loss/inv 0 / train/loss/policy -0.04 / train/loss/rep 3.39 / train/loss/repval 1.24 / train/loss/rew 0.52 / train/loss/value 1.27 / replay/replay_ratio 264 / fps/policy 6.5 / fps/train 1664.56

Writing metrics: /home/zhangpeiying01/lfy/btwm-7.7/runs/dreamerv3_dmc_walker_walk_seed2_dv3_300k_s2/metrics.jsonl
Writing metrics: /home/zhangpeiying01/lfy/btwm-7.7/runs/dreamerv3_dmc_walker_walk_seed2_dv3_300k_s2/scores.jsonl

--------------------[Agent Step 95_952]--------------------
Metrics filtered by: 'score|length|fps|ratio|train/loss/|train/acc/|train/inv/|train/rand/'
train/acc/inv 0.04 / train/inv/ce 3.27 / train/inv/confidence 0.04 / train/inv/confidence_gating 0 / train/inv/effective_rep_weight 0 / train/inv/head_objective 1.07 / train/inv/head_weight 0 / train/inv/objective 1.07 / train/inv/policy_weight_max 1 / train/inv/policy_weight_mean 1 / train/inv/policy_weight_min 1 / train/inv/policy_weight_std 0 / train/inv/valid_frac 1 / train/inv/weight 0 / train/loss/con 0.02 / train/loss/dyn 3.3 / train/loss/image 4.24 / train/loss/inv 0 / train/loss/policy -0.04 / train/loss/rep 3.3 / train/loss/repval 1.25 / train/loss/rew 0.52 / train/loss/value 1.28 / replay/replay_ratio 264 / fps/policy 6.48 / fps/train 1659.72

Writing metrics: /home/zhangpeiying01/lfy/btwm-7.7/runs/dreamerv3_dmc_walker_walk_seed2_dv3_300k_s2/metrics.jsonl
Writing metrics: /home/zhangpeiying01/lfy/btwm-7.7/runs/dreamerv3_dmc_walker_walk_seed2_dv3_300k_s2/scores.jsonl

--------------------[Agent Step 96_720]--------------------
Metrics filtered by: 'score|length|fps|ratio|train/loss/|train/acc/|train/inv/|train/rand/'
episode/score 821.27 / episode/length 1001 / train/acc/inv 0.04 / train/inv/ce 3.27 / train/inv/confidence 0.04 / train/inv/confidence_gating 0 / train/inv/effective_rep_weight 0 / train/inv/head_objective 1.07 / train/inv/head_weight 0 / train/inv/objective 1.07 / train/inv/policy_weight_max 1 / train/inv/policy_weight_mean 1 / train/inv/policy_weight_min 1 / train/inv/policy_weight_std 0 / train/inv/valid_frac 1 / train/inv/weight 0 / train/loss/con 0.02 / train/loss/dyn 3.55 / train/loss/image 4.5 / train/loss/inv 0 / train/loss/policy -0.04 / train/loss/rep 3.55 / train/loss/repval 1.25 / train/loss/rew 0.52 / train/loss/value 1.27 / replay/replay_ratio 264 / fps/policy 6.39 / fps/train 1636.22

Writing metrics: /home/zhangpeiying01/lfy/btwm-7.7/runs/dreamerv3_dmc_walker_walk_seed2_dv3_300k_s2/metrics.jsonl
Writing metrics: /home/zhangpeiying01/lfy/btwm-7.7/runs/dreamerv3_dmc_walker_walk_seed2_dv3_300k_s2/scores.jsonl

--------------------[Agent Step 97_520]--------------------
Metrics filtered by: 'score|length|fps|ratio|train/loss/|train/acc/|train/inv/|train/rand/'
train/acc/inv 0.04 / train/inv/ce 3.27 / train/inv/confidence 0.04 / train/inv/confidence_gating 0 / train/inv/effective_rep_weight 0 / train/inv/head_objective 1.07 / train/inv/head_weight 0 / train/inv/objective 1.07 / train/inv/policy_weight_max 1 / train/inv/policy_weight_mean 1 / train/inv/policy_weight_min 1 / train/inv/policy_weight_std 0 / train/inv/valid_frac 1 / train/inv/weight 0 / train/loss/con 0.02 / train/loss/dyn 3.45 / train/loss/image 4.51 / train/loss/inv 0 / train/loss/policy -0.03 / train/loss/rep 3.45 / train/loss/repval 1.24 / train/loss/rew 0.52 / train/loss/value 1.27 / replay/replay_ratio 264 / fps/policy 6.55 / fps/train 1676.15

Writing metrics: /home/zhangpeiying01/lfy/btwm-7.7/runs/dreamerv3_dmc_walker_walk_seed2_dv3_300k_s2/metrics.jsonl
Writing metrics: /home/zhangpeiying01/lfy/btwm-7.7/runs/dreamerv3_dmc_walker_walk_seed2_dv3_300k_s2/scores.jsonl

--------------------[Agent Step 98_304]--------------------
Metrics filtered by: 'score|length|fps|ratio|train/loss/|train/acc/|train/inv/|train/rand/'
train/acc/inv 0.04 / train/inv/ce 3.27 / train/inv/confidence 0.04 / train/inv/confidence_gating 0 / train/inv/effective_rep_weight 0 / train/inv/head_objective 1.07 / train/inv/head_weight 0 / train/inv/objective 1.07 / train/inv/policy_weight_max 1 / train/inv/policy_weight_mean 1 / train/inv/policy_weight_min 1 / train/inv/policy_weight_std 0 / train/inv/valid_frac 1 / train/inv/weight 0 / train/loss/con 0.02 / train/loss/dyn 3.41 / train/loss/image 4.42 / train/loss/inv 0 / train/loss/policy -0.04 / train/loss/rep 3.41 / train/loss/repval 1.24 / train/loss/rew 0.52 / train/loss/value 1.26 / replay/replay_ratio 264 / fps/policy 6.44 / fps/train 1647.62

Writing metrics: /home/zhangpeiying01/lfy/btwm-7.7/runs/dreamerv3_dmc_walker_walk_seed2_dv3_300k_s2/metrics.jsonl
Writing metrics: /home/zhangpeiying01/lfy/btwm-7.7/runs/dreamerv3_dmc_walker_walk_seed2_dv3_300k_s2/scores.jsonl

--------------------[Agent Step 99_088]--------------------
Metrics filtered by: 'score|length|fps|ratio|train/loss/|train/acc/|train/inv/|train/rand/'
train/acc/inv 0.04 / train/inv/ce 3.27 / train/inv/confidence 0.04 / train/inv/confidence_gating 0 / train/inv/effective_rep_weight 0 / train/inv/head_objective 1.07 / train/inv/head_weight 0 / train/inv/objective 1.07 / train/inv/policy_weight_max 1 / train/inv/policy_weight_mean 1 / train/inv/policy_weight_min 1 / train/inv/policy_weight_std 0 / train/inv/valid_frac 1 / train/inv/weight 0 / train/loss/con 0.02 / train/loss/dyn 3.37 / train/loss/image 4.36 / train/loss/inv 0 / train/loss/policy -0.04 / train/loss/rep 3.37 / train/loss/repval 1.24 / train/loss/rew 0.52 / train/loss/value 1.27 / replay/replay_ratio 264 / fps/policy 6.53 / fps/train 1671.99

Writing metrics: /home/zhangpeiying01/lfy/btwm-7.7/runs/dreamerv3_dmc_walker_walk_seed2_dv3_300k_s2/metrics.jsonl
Writing metrics: /home/zhangpeiying01/lfy/btwm-7.7/runs/dreamerv3_dmc_walker_walk_seed2_dv3_300k_s2/scores.jsonl

--------------------[Agent Step 99_888]--------------------
Metrics filtered by: 'score|length|fps|ratio|train/loss/|train/acc/|train/inv/|train/rand/'
train/acc/inv 0.04 / train/inv/ce 3.27 / train/inv/confidence 0.04 / train/inv/confidence_gating 0 / train/inv/effective_rep_weight 0 / train/inv/head_objective 1.07 / train/inv/head_weight 0 / train/inv/objective 1.07 / train/inv/policy_weight_max 1 / train/inv/policy_weight_mean 1 / train/inv/policy_weight_min 1 / train/inv/policy_weight_std 0 / train/inv/valid_frac 1 / train/inv/weight 0 / train/loss/con 0.02 / train/loss/dyn 3.37 / train/loss/image 4.34 / train/loss/inv 0 / train/loss/policy -0.04 / train/loss/rep 3.37 / train/loss/repval 1.24 / train/loss/rew 0.52 / train/loss/value 1.26 / replay/replay_ratio 264 / fps/policy 6.61 / fps/train 1693.25

Writing metrics: /home/zhangpeiying01/lfy/btwm-7.7/runs/dreamerv3_dmc_walker_walk_seed2_dv3_300k_s2/metrics.jsonl
Writing metrics: /home/zhangpeiying01/lfy/btwm-7.7/runs/dreamerv3_dmc_walker_walk_seed2_dv3_300k_s2/scores.jsonl

--------------------[Agent Step 100_720]--------------------
Metrics filtered by: 'score|length|fps|ratio|train/loss/|train/acc/|train/inv/|train/rand/'
train/acc/inv 0.04 / train/inv/ce 3.27 / train/inv/confidence 0.04 / train/inv/confidence_gating 0 / train/inv/effective_rep_weight 0 / train/inv/head_objective 1.07 / train/inv/head_weight 0 / train/inv/objective 1.07 / train/inv/policy_weight_max 1 / train/inv/policy_weight_mean 1 / train/inv/policy_weight_min 1 / train/inv/policy_weight_std 0 / train/inv/valid_frac 1 / train/inv/weight 0 / train/loss/con 0.02 / train/loss/dyn 3.33 / train/loss/image 4.27 / train/loss/inv 0 / train/loss/policy -0.04 / train/loss/rep 3.33 / train/loss/repval 1.25 / train/loss/rew 0.52 / train/loss/value 1.26 / replay/replay_ratio 264 / fps/policy 6.91 / fps/train 1770.03

Writing metrics: /home/zhangpeiying01/lfy/btwm-7.7/runs/dreamerv3_dmc_walker_walk_seed2_dv3_300k_s2/metrics.jsonl
Writing metrics: /home/zhangpeiying01/lfy/btwm-7.7/runs/dreamerv3_dmc_walker_walk_seed2_dv3_300k_s2/scores.jsonl

--------------------[Agent Step 101_520]--------------------
Metrics filtered by: 'score|length|fps|ratio|train/loss/|train/acc/|train/inv/|train/rand/'
train/acc/inv 0.04 / train/inv/ce 3.27 / train/inv/confidence 0.04 / train/inv/confidence_gating 0 / train/inv/effective_rep_weight 0 / train/inv/head_objective 1.07 / train/inv/head_weight 0 / train/inv/objective 1.07 / train/inv/policy_weight_max 1 / train/inv/policy_weight_mean 1 / train/inv/policy_weight_min 1 / train/inv/policy_weight_std 0 / train/inv/valid_frac 1 / train/inv/weight 0 / train/loss/con 0.02 / train/loss/dyn 3.38 / train/loss/image 4.25 / train/loss/inv 0 / train/loss/policy -0.04 / train/loss/rep 3.38 / train/loss/repval 1.25 / train/loss/rew 0.52 / train/loss/value 1.25 / replay/replay_ratio 264 / fps/policy 6.59 / fps/train 1687.62

Writing metrics: /home/zhangpeiying01/lfy/btwm-7.7/runs/dreamerv3_dmc_walker_walk_seed2_dv3_300k_s2/metrics.jsonl
Writing metrics: /home/zhangpeiying01/lfy/btwm-7.7/runs/dreamerv3_dmc_walker_walk_seed2_dv3_300k_s2/scores.jsonl

--------------------[Agent Step 102_304]--------------------
Metrics filtered by: 'score|length|fps|ratio|train/loss/|train/acc/|train/inv/|train/rand/'
train/acc/inv 0.04 / train/inv/ce 3.27 / train/inv/confidence 0.04 / train/inv/confidence_gating 0 / train/inv/effective_rep_weight 0 / train/inv/head_objective 1.07 / train/inv/head_weight 0 / train/inv/objective 1.07 / train/inv/policy_weight_max 1 / train/inv/policy_weight_mean 1 / train/inv/policy_weight_min 1 / train/inv/policy_weight_std 0 / train/inv/valid_frac 1 / train/inv/weight 0 / train/loss/con 0.02 / train/loss/dyn 3.36 / train/loss/image 4.24 / train/loss/inv 0 / train/loss/policy -0.04 / train/loss/rep 3.36 / train/loss/repval 1.25 / train/loss/rew 0.52 / train/loss/value 1.25 / replay/replay_ratio 264 / fps/policy 6.42 / fps/train 1643.16

Writing metrics: /home/zhangpeiying01/lfy/btwm-7.7/runs/dreamerv3_dmc_walker_walk_seed2_dv3_300k_s2/metrics.jsonl
Writing metrics: /home/zhangpeiying01/lfy/btwm-7.7/runs/dreamerv3_dmc_walker_walk_seed2_dv3_300k_s2/scores.jsonl

--------------------[Agent Step 103_120]--------------------
Metrics filtered by: 'score|length|fps|ratio|train/loss/|train/acc/|train/inv/|train/rand/'
train/acc/inv 0.04 / train/inv/ce 3.27 / train/inv/confidence 0.04 / train/inv/confidence_gating 0 / train/inv/effective_rep_weight 0 / train/inv/head_objective 1.07 / train/inv/head_weight 0 / train/inv/objective 1.07 / train/inv/policy_weight_max 1 / train/inv/policy_weight_mean 1 / train/inv/policy_weight_min 1 / train/inv/policy_weight_std 0 / train/inv/valid_frac 1 / train/inv/weight 0 / train/loss/con 0.02 / train/loss/dyn 3.38 / train/loss/image 4.27 / train/loss/inv 0 / train/loss/policy -0.04 / train/loss/rep 3.38 / train/loss/repval 1.25 / train/loss/rew 0.52 / train/loss/value 1.25 / replay/replay_ratio 264 / fps/policy 6.68 / fps/train 1708.83

Writing metrics: /home/zhangpeiying01/lfy/btwm-7.7/runs/dreamerv3_dmc_walker_walk_seed2_dv3_300k_s2/metrics.jsonl
Writing metrics: /home/zhangpeiying01/lfy/btwm-7.7/runs/dreamerv3_dmc_walker_walk_seed2_dv3_300k_s2/scores.jsonl

--------------------[Agent Step 103_888]--------------------
Metrics filtered by: 'score|length|fps|ratio|train/loss/|train/acc/|train/inv/|train/rand/'
train/acc/inv 0.04 / train/inv/ce 3.27 / train/inv/confidence 0.04 / train/inv/confidence_gating 0 / train/inv/effective_rep_weight 0 / train/inv/head_objective 1.07 / train/inv/head_weight 0 / train/inv/objective 1.07 / train/inv/policy_weight_max 1 / train/inv/policy_weight_mean 1 / train/inv/policy_weight_min 1 / train/inv/policy_weight_std 0 / train/inv/valid_frac 1 / train/inv/weight 0 / train/loss/con 0.02 / train/loss/dyn 3.34 / train/loss/image 4.21 / train/loss/inv 0 / train/loss/policy -0.04 / train/loss/rep 3.34 / train/loss/repval 1.25 / train/loss/rew 0.52 / train/loss/value 1.25 / replay/replay_ratio 264 / fps/policy 6.3 / fps/train 1612.65

Writing metrics: /home/zhangpeiying01/lfy/btwm-7.7/runs/dreamerv3_dmc_walker_walk_seed2_dv3_300k_s2/metrics.jsonl
Writing metrics: /home/zhangpeiying01/lfy/btwm-7.7/runs/dreamerv3_dmc_walker_walk_seed2_dv3_300k_s2/scores.jsonl

--------------------[Agent Step 104_672]--------------------
Metrics filtered by: 'score|length|fps|ratio|train/loss/|train/acc/|train/inv/|train/rand/'
train/acc/inv 0.04 / train/inv/ce 3.27 / train/inv/confidence 0.04 / train/inv/confidence_gating 0 / train/inv/effective_rep_weight 0 / train/inv/head_objective 1.07 / train/inv/head_weight 0 / train/inv/objective 1.07 / train/inv/policy_weight_max 1 / train/inv/policy_weight_mean 1 / train/inv/policy_weight_min 1 / train/inv/policy_weight_std 0 / train/inv/valid_frac 1 / train/inv/weight 0 / train/loss/con 0.02 / train/loss/dyn 3.33 / train/loss/image 4.2 / train/loss/inv 0 / train/loss/policy -0.04 / train/loss/rep 3.33 / train/loss/repval 1.25 / train/loss/rew 0.52 / train/loss/value 1.25 / replay/replay_ratio 264 / fps/policy 6.51 / fps/train 1665.48

Writing metrics: /home/zhangpeiying01/lfy/btwm-7.7/runs/dreamerv3_dmc_walker_walk_seed2_dv3_300k_s2/metrics.jsonl
Writing metrics: /home/zhangpeiying01/lfy/btwm-7.7/runs/dreamerv3_dmc_walker_walk_seed2_dv3_300k_s2/scores.jsonl
Saving checkpoint: /home/zhangpeiying01/lfy/btwm-7.7/runs/dreamerv3_dmc_walker_walk_seed2_dv3_300k_s2/ckpt/20260718T021905F814800
Saved checkpoint.

--------------------[Agent Step 105_440]--------------------
Metrics filtered by: 'score|length|fps|ratio|train/loss/|train/acc/|train/inv/|train/rand/'
train/acc/inv 0.04 / train/inv/ce 3.27 / train/inv/confidence 0.04 / train/inv/confidence_gating 0 / train/inv/effective_rep_weight 0 / train/inv/head_objective 1.07 / train/inv/head_weight 0 / train/inv/objective 1.07 / train/inv/policy_weight_max 1 / train/inv/policy_weight_mean 1 / train/inv/policy_weight_min 1 / train/inv/policy_weight_std 0 / train/inv/valid_frac 1 / train/inv/weight 0 / train/loss/con 0.02 / train/loss/dyn 3.32 / train/loss/image 4.17 / train/loss/inv 0 / train/loss/policy -0.04 / train/loss/rep 3.32 / train/loss/repval 1.25 / train/loss/rew 0.52 / train/loss/value 1.24 / replay/replay_ratio 264 / fps/policy 6.36 / fps/train 1628.55

Writing metrics: /home/zhangpeiying01/lfy/btwm-7.7/runs/dreamerv3_dmc_walker_walk_seed2_dv3_300k_s2/scores.jsonl
Writing metrics: /home/zhangpeiying01/lfy/btwm-7.7/runs/dreamerv3_dmc_walker_walk_seed2_dv3_300k_s2/metrics.jsonl

--------------------[Agent Step 106_240]--------------------
Metrics filtered by: 'score|length|fps|ratio|train/loss/|train/acc/|train/inv/|train/rand/'
train/acc/inv 0.04 / train/inv/ce 3.26 / train/inv/confidence 0.04 / train/inv/confidence_gating 0 / train/inv/effective_rep_weight 0 / train/inv/head_objective 1.07 / train/inv/head_weight 0 / train/inv/objective 1.07 / train/inv/policy_weight_max 1 / train/inv/policy_weight_mean 1 / train/inv/policy_weight_min 1 / train/inv/policy_weight_std 0 / train/inv/valid_frac 1 / train/inv/weight 0 / train/loss/con 0.02 / train/loss/dyn 3.3 / train/loss/image 4.11 / train/loss/inv 0 / train/loss/policy -0.04 / train/loss/rep 3.3 / train/loss/repval 1.24 / train/loss/rew 0.52 / train/loss/value 1.24 / replay/replay_ratio 264 / fps/policy 6.65 / fps/train 1701.48

Writing metrics: /home/zhangpeiying01/lfy/btwm-7.7/runs/dreamerv3_dmc_walker_walk_seed2_dv3_300k_s2/metrics.jsonl
Writing metrics: /home/zhangpeiying01/lfy/btwm-7.7/runs/dreamerv3_dmc_walker_walk_seed2_dv3_300k_s2/scores.jsonl

--------------------[Agent Step 107_040]--------------------
Metrics filtered by: 'score|length|fps|ratio|train/loss/|train/acc/|train/inv/|train/rand/'
train/acc/inv 0.04 / train/inv/ce 3.27 / train/inv/confidence 0.04 / train/inv/confidence_gating 0 / train/inv/effective_rep_weight 0 / train/inv/head_objective 1.07 / train/inv/head_weight 0 / train/inv/objective 1.07 / train/inv/policy_weight_max 1 / train/inv/policy_weight_mean 1 / train/inv/policy_weight_min 1 / train/inv/policy_weight_std 0 / train/inv/valid_frac 1 / train/inv/weight 0 / train/loss/con 0.02 / train/loss/dyn 3.28 / train/loss/image 4.07 / train/loss/inv 0 / train/loss/policy -0.04 / train/loss/rep 3.28 / train/loss/repval 1.24 / train/loss/rew 0.52 / train/loss/value 1.23 / replay/replay_ratio 264 / fps/policy 6.58 / fps/train 1685.65

Writing metrics: /home/zhangpeiying01/lfy/btwm-7.7/runs/dreamerv3_dmc_walker_walk_seed2_dv3_300k_s2/metrics.jsonl
Writing metrics: /home/zhangpeiying01/lfy/btwm-7.7/runs/dreamerv3_dmc_walker_walk_seed2_dv3_300k_s2/scores.jsonl

--------------------[Agent Step 107_824]--------------------
Metrics filtered by: 'score|length|fps|ratio|train/loss/|train/acc/|train/inv/|train/rand/'
train/acc/inv 0.04 / train/inv/ce 3.26 / train/inv/confidence 0.04 / train/inv/confidence_gating 0 / train/inv/effective_rep_weight 0 / train/inv/head_objective 1.07 / train/inv/head_weight 0 / train/inv/objective 1.07 / train/inv/policy_weight_max 1 / train/inv/policy_weight_mean 1 / train/inv/policy_weight_min 1 / train/inv/policy_weight_std 0 / train/inv/valid_frac 1 / train/inv/weight 0 / train/loss/con 0.02 / train/loss/dyn 3.29 / train/loss/image 4.09 / train/loss/inv 0 / train/loss/policy -0.04 / train/loss/rep 3.29 / train/loss/repval 1.24 / train/loss/rew 0.52 / train/loss/value 1.22 / replay/replay_ratio 264 / fps/policy 6.45 / fps/train 1651.15

Writing metrics: /home/zhangpeiying01/lfy/btwm-7.7/runs/dreamerv3_dmc_walker_walk_seed2_dv3_300k_s2/metrics.jsonl
Writing metrics: /home/zhangpeiying01/lfy/btwm-7.7/runs/dreamerv3_dmc_walker_walk_seed2_dv3_300k_s2/scores.jsonl

--------------------[Agent Step 108_624]--------------------
Metrics filtered by: 'score|length|fps|ratio|train/loss/|train/acc/|train/inv/|train/rand/'
train/acc/inv 0.04 / train/inv/ce 3.26 / train/inv/confidence 0.04 / train/inv/confidence_gating 0 / train/inv/effective_rep_weight 0 / train/inv/head_objective 1.07 / train/inv/head_weight 0 / train/inv/objective 1.07 / train/inv/policy_weight_max 1 / train/inv/policy_weight_mean 1 / train/inv/policy_weight_min 1 / train/inv/policy_weight_std 0 / train/inv/valid_frac 1 / train/inv/weight 0 / train/loss/con 0.02 / train/loss/dyn 3.22 / train/loss/image 4 / train/loss/inv 0 / train/loss/policy -0.04 / train/loss/rep 3.22 / train/loss/repval 1.24 / train/loss/rew 0.52 / train/loss/value 1.22 / replay/replay_ratio 264 / fps/policy 6.59 / fps/train 1687.84

Writing metrics: /home/zhangpeiying01/lfy/btwm-7.7/runs/dreamerv3_dmc_walker_walk_seed2_dv3_300k_s2/metrics.jsonl
Writing metrics: /home/zhangpeiying01/lfy/btwm-7.7/runs/dreamerv3_dmc_walker_walk_seed2_dv3_300k_s2/scores.jsonl

--------------------[Agent Step 109_424]--------------------
Metrics filtered by: 'score|length|fps|ratio|train/loss/|train/acc/|train/inv/|train/rand/'
train/acc/inv 0.04 / train/inv/ce 3.26 / train/inv/confidence 0.04 / train/inv/confidence_gating 0 / train/inv/effective_rep_weight 0 / train/inv/head_objective 1.07 / train/inv/head_weight 0 / train/inv/objective 1.07 / train/inv/policy_weight_max 1 / train/inv/policy_weight_mean 1 / train/inv/policy_weight_min 1 / train/inv/policy_weight_std 0 / train/inv/valid_frac 1 / train/inv/weight 0 / train/loss/con 0.02 / train/loss/dyn 3.35 / train/loss/image 4.07 / train/loss/inv 0 / train/loss/policy -0.04 / train/loss/rep 3.35 / train/loss/repval 1.24 / train/loss/rew 0.52 / train/loss/value 1.22 / replay/replay_ratio 264 / fps/policy 6.6 / fps/train 1689.13

Writing metrics: /home/zhangpeiying01/lfy/btwm-7.7/runs/dreamerv3_dmc_walker_walk_seed2_dv3_300k_s2/scores.jsonl
Writing metrics: /home/zhangpeiying01/lfy/btwm-7.7/runs/dreamerv3_dmc_walker_walk_seed2_dv3_300k_s2/metrics.jsonl

--------------------[Agent Step 110_224]--------------------
Metrics filtered by: 'score|length|fps|ratio|train/loss/|train/acc/|train/inv/|train/rand/'
train/acc/inv 0.04 / train/inv/ce 3.26 / train/inv/confidence 0.04 / train/inv/confidence_gating 0 / train/inv/effective_rep_weight 0 / train/inv/head_objective 1.07 / train/inv/head_weight 0 / train/inv/objective 1.07 / train/inv/policy_weight_max 1 / train/inv/policy_weight_mean 1 / train/inv/policy_weight_min 1 / train/inv/policy_weight_std 0 / train/inv/valid_frac 1 / train/inv/weight 0 / train/loss/con 0.02 / train/loss/dyn 3.23 / train/loss/image 4 / train/loss/inv 0 / train/loss/policy -0.04 / train/loss/rep 3.23 / train/loss/repval 1.24 / train/loss/rew 0.53 / train/loss/value 1.22 / replay/replay_ratio 264 / fps/policy 6.61 / fps/train 1691.78

Writing metrics: /home/zhangpeiying01/lfy/btwm-7.7/runs/dreamerv3_dmc_walker_walk_seed2_dv3_300k_s2/scores.jsonl
Writing metrics: /home/zhangpeiying01/lfy/btwm-7.7/runs/dreamerv3_dmc_walker_walk_seed2_dv3_300k_s2/metrics.jsonl

--------------------[Agent Step 111_024]--------------------
Metrics filtered by: 'score|length|fps|ratio|train/loss/|train/acc/|train/inv/|train/rand/'
train/acc/inv 0.04 / train/inv/ce 3.27 / train/inv/confidence 0.04 / train/inv/confidence_gating 0 / train/inv/effective_rep_weight 0 / train/inv/head_objective 1.07 / train/inv/head_weight 0 / train/inv/objective 1.07 / train/inv/policy_weight_max 1 / train/inv/policy_weight_mean 1 / train/inv/policy_weight_min 1 / train/inv/policy_weight_std 0 / train/inv/valid_frac 1 / train/inv/weight 0 / train/loss/con 0.02 / train/loss/dyn 3.31 / train/loss/image 4.02 / train/loss/inv 0 / train/loss/policy -0.04 / train/loss/rep 3.31 / train/loss/repval 1.24 / train/loss/rew 0.52 / train/loss/value 1.22 / replay/replay_ratio 264 / fps/policy 6.56 / fps/train 1679.33

Writing metrics: /home/zhangpeiying01/lfy/btwm-7.7/runs/dreamerv3_dmc_walker_walk_seed2_dv3_300k_s2/metrics.jsonl
Writing metrics: /home/zhangpeiying01/lfy/btwm-7.7/runs/dreamerv3_dmc_walker_walk_seed2_dv3_300k_s2/scores.jsonl

--------------------[Agent Step 111_872]--------------------
Metrics filtered by: 'score|length|fps|ratio|train/loss/|train/acc/|train/inv/|train/rand/'
train/acc/inv 0.04 / train/inv/ce 3.27 / train/inv/confidence 0.04 / train/inv/confidence_gating 0 / train/inv/effective_rep_weight 0 / train/inv/head_objective 1.07 / train/inv/head_weight 0 / train/inv/objective 1.07 / train/inv/policy_weight_max 1 / train/inv/policy_weight_mean 1 / train/inv/policy_weight_min 1 / train/inv/policy_weight_std 0 / train/inv/valid_frac 1 / train/inv/weight 0 / train/loss/con 0.02 / train/loss/dyn 3.27 / train/loss/image 3.98 / train/loss/inv 0 / train/loss/policy -0.03 / train/loss/rep 3.27 / train/loss/repval 1.24 / train/loss/rew 0.53 / train/loss/value 1.22 / replay/replay_ratio 264 / fps/policy 7.05 / fps/train 1804.38

Writing metrics: /home/zhangpeiying01/lfy/btwm-7.7/runs/dreamerv3_dmc_walker_walk_seed2_dv3_300k_s2/scores.jsonl
Writing metrics: /home/zhangpeiying01/lfy/btwm-7.7/runs/dreamerv3_dmc_walker_walk_seed2_dv3_300k_s2/metrics.jsonl

--------------------[Agent Step 112_672]--------------------
Metrics filtered by: 'score|length|fps|ratio|train/loss/|train/acc/|train/inv/|train/rand/'
episode/score 811.86 / episode/length 1001 / train/acc/inv 0.04 / train/inv/ce 3.26 / train/inv/confidence 0.04 / train/inv/confidence_gating 0 / train/inv/effective_rep_weight 0 / train/inv/head_objective 1.07 / train/inv/head_weight 0 / train/inv/objective 1.07 / train/inv/policy_weight_max 1 / train/inv/policy_weight_mean 1 / train/inv/policy_weight_min 1 / train/inv/policy_weight_std 0 / train/inv/valid_frac 1 / train/inv/weight 0 / train/loss/con 0.02 / train/loss/dyn 3.42 / train/loss/image 4.15 / train/loss/inv 0 / train/loss/policy -0.04 / train/loss/rep 3.42 / train/loss/repval 1.24 / train/loss/rew 0.53 / train/loss/value 1.21 / replay/replay_ratio 264 / fps/policy 6.52 / fps/train 1668.06

Writing metrics: /home/zhangpeiying01/lfy/btwm-7.7/runs/dreamerv3_dmc_walker_walk_seed2_dv3_300k_s2/scores.jsonl
Writing metrics: /home/zhangpeiying01/lfy/btwm-7.7/runs/dreamerv3_dmc_walker_walk_seed2_dv3_300k_s2/metrics.jsonl

--------------------[Agent Step 113_472]--------------------
Metrics filtered by: 'score|length|fps|ratio|train/loss/|train/acc/|train/inv/|train/rand/'
train/acc/inv 0.04 / train/inv/ce 3.27 / train/inv/confidence 0.04 / train/inv/confidence_gating 0 / train/inv/effective_rep_weight 0 / train/inv/head_objective 1.07 / train/inv/head_weight 0 / train/inv/objective 1.07 / train/inv/policy_weight_max 1 / train/inv/policy_weight_mean 1 / train/inv/policy_weight_min 1 / train/inv/policy_weight_std 0 / train/inv/valid_frac 1 / train/inv/weight 0 / train/loss/con 0.02 / train/loss/dyn 3.38 / train/loss/image 4.17 / train/loss/inv 0 / train/loss/policy -0.03 / train/loss/rep 3.38 / train/loss/repval 1.23 / train/loss/rew 0.53 / train/loss/value 1.2 / replay/replay_ratio 264 / fps/policy 6.57 / fps/train 1682.39

Writing metrics: /home/zhangpeiying01/lfy/btwm-7.7/runs/dreamerv3_dmc_walker_walk_seed2_dv3_300k_s2/metrics.jsonl
Writing metrics: /home/zhangpeiying01/lfy/btwm-7.7/runs/dreamerv3_dmc_walker_walk_seed2_dv3_300k_s2/scores.jsonl

--------------------[Agent Step 114_272]--------------------
Metrics filtered by: 'score|length|fps|ratio|train/loss/|train/acc/|train/inv/|train/rand/'
train/acc/inv 0.04 / train/inv/ce 3.26 / train/inv/confidence 0.04 / train/inv/confidence_gating 0 / train/inv/effective_rep_weight 0 / train/inv/head_objective 1.07 / train/inv/head_weight 0 / train/inv/objective 1.07 / train/inv/policy_weight_max 1 / train/inv/policy_weight_mean 1 / train/inv/policy_weight_min 1 / train/inv/policy_weight_std 0 / train/inv/valid_frac 1 / train/inv/weight 0 / train/loss/con 0.02 / train/loss/dyn 3.34 / train/loss/image 4.1 / train/loss/inv 0 / train/loss/policy -0.03 / train/loss/rep 3.34 / train/loss/repval 1.23 / train/loss/rew 0.53 / train/loss/value 1.19 / replay/replay_ratio 264 / fps/policy 6.66 / fps/train 1705.72

Writing metrics: /home/zhangpeiying01/lfy/btwm-7.7/runs/dreamerv3_dmc_walker_walk_seed2_dv3_300k_s2/metrics.jsonl
Writing metrics: /home/zhangpeiying01/lfy/btwm-7.7/runs/dreamerv3_dmc_walker_walk_seed2_dv3_300k_s2/scores.jsonl

--------------------[Agent Step 115_072]--------------------
Metrics filtered by: 'score|length|fps|ratio|train/loss/|train/acc/|train/inv/|train/rand/'
train/acc/inv 0.04 / train/inv/ce 3.26 / train/inv/confidence 0.04 / train/inv/confidence_gating 0 / train/inv/effective_rep_weight 0 / train/inv/head_objective 1.07 / train/inv/head_weight 0 / train/inv/objective 1.07 / train/inv/policy_weight_max 1 / train/inv/policy_weight_mean 1 / train/inv/policy_weight_min 1 / train/inv/policy_weight_std 0 / train/inv/valid_frac 1 / train/inv/weight 0 / train/loss/con 0.02 / train/loss/dyn 3.29 / train/loss/image 4.04 / train/loss/inv 0 / train/loss/policy -0.03 / train/loss/rep 3.29 / train/loss/repval 1.22 / train/loss/rew 0.53 / train/loss/value 1.18 / replay/replay_ratio 264 / fps/policy 6.59 / fps/train 1687.92

Writing metrics: /home/zhangpeiying01/lfy/btwm-7.7/runs/dreamerv3_dmc_walker_walk_seed2_dv3_300k_s2/scores.jsonl
Writing metrics: /home/zhangpeiying01/lfy/btwm-7.7/runs/dreamerv3_dmc_walker_walk_seed2_dv3_300k_s2/metrics.jsonl

--------------------[Agent Step 115_872]--------------------
Metrics filtered by: 'score|length|fps|ratio|train/loss/|train/acc/|train/inv/|train/rand/'
train/acc/inv 0.04 / train/inv/ce 3.26 / train/inv/confidence 0.04 / train/inv/confidence_gating 0 / train/inv/effective_rep_weight 0 / train/inv/head_objective 1.07 / train/inv/head_weight 0 / train/inv/objective 1.07 / train/inv/policy_weight_max 1 / train/inv/policy_weight_mean 1 / train/inv/policy_weight_min 1 / train/inv/policy_weight_std 0 / train/inv/valid_frac 1 / train/inv/weight 0 / train/loss/con 0.02 / train/loss/dyn 3.26 / train/loss/image 3.98 / train/loss/inv 0 / train/loss/policy -0.03 / train/loss/rep 3.26 / train/loss/repval 1.23 / train/loss/rew 0.53 / train/loss/value 1.18 / replay/replay_ratio 264 / fps/policy 6.58 / fps/train 1683.22

Writing metrics: /home/zhangpeiying01/lfy/btwm-7.7/runs/dreamerv3_dmc_walker_walk_seed2_dv3_300k_s2/scores.jsonl
Writing metrics: /home/zhangpeiying01/lfy/btwm-7.7/runs/dreamerv3_dmc_walker_walk_seed2_dv3_300k_s2/metrics.jsonl

--------------------[Agent Step 116_656]--------------------
Metrics filtered by: 'score|length|fps|ratio|train/loss/|train/acc/|train/inv/|train/rand/'
train/acc/inv 0.04 / train/inv/ce 3.27 / train/inv/confidence 0.04 / train/inv/confidence_gating 0 / train/inv/effective_rep_weight 0 / train/inv/head_objective 1.07 / train/inv/head_weight 0 / train/inv/objective 1.07 / train/inv/policy_weight_max 1 / train/inv/policy_weight_mean 1 / train/inv/policy_weight_min 1 / train/inv/policy_weight_std 0 / train/inv/valid_frac 1 / train/inv/weight 0 / train/loss/con 0.02 / train/loss/dyn 3.26 / train/loss/image 3.97 / train/loss/inv 0 / train/loss/policy -0.03 / train/loss/rep 3.26 / train/loss/repval 1.22 / train/loss/rew 0.53 / train/loss/value 1.18 / replay/replay_ratio 264 / fps/policy 6.52 / fps/train 1667.99

Writing metrics: /home/zhangpeiying01/lfy/btwm-7.7/runs/dreamerv3_dmc_walker_walk_seed2_dv3_300k_s2/metrics.jsonl
Writing metrics: /home/zhangpeiying01/lfy/btwm-7.7/runs/dreamerv3_dmc_walker_walk_seed2_dv3_300k_s2/scores.jsonl

--------------------[Agent Step 117_472]--------------------
Metrics filtered by: 'score|length|fps|ratio|train/loss/|train/acc/|train/inv/|train/rand/'
train/acc/inv 0.04 / train/inv/ce 3.27 / train/inv/confidence 0.04 / train/inv/confidence_gating 0 / train/inv/effective_rep_weight 0 / train/inv/head_objective 1.07 / train/inv/head_weight 0 / train/inv/objective 1.07 / train/inv/policy_weight_max 1 / train/inv/policy_weight_mean 1 / train/inv/policy_weight_min 1 / train/inv/policy_weight_std 0 / train/inv/valid_frac 1 / train/inv/weight 0 / train/loss/con 0.02 / train/loss/dyn 3.27 / train/loss/image 3.93 / train/loss/inv 0 / train/loss/policy -0.02 / train/loss/rep 3.27 / train/loss/repval 1.21 / train/loss/rew 0.53 / train/loss/value 1.17 / replay/replay_ratio 264 / fps/policy 6.67 / fps/train 1708.6

Writing metrics: /home/zhangpeiying01/lfy/btwm-7.7/runs/dreamerv3_dmc_walker_walk_seed2_dv3_300k_s2/scores.jsonl
Writing metrics: /home/zhangpeiying01/lfy/btwm-7.7/runs/dreamerv3_dmc_walker_walk_seed2_dv3_300k_s2/metrics.jsonl

--------------------[Agent Step 118_288]--------------------
Metrics filtered by: 'score|length|fps|ratio|train/loss/|train/acc/|train/inv/|train/rand/'
train/acc/inv 0.04 / train/inv/ce 3.26 / train/inv/confidence 0.04 / train/inv/confidence_gating 0 / train/inv/effective_rep_weight 0 / train/inv/head_objective 1.07 / train/inv/head_weight 0 / train/inv/objective 1.07 / train/inv/policy_weight_max 1 / train/inv/policy_weight_mean 1 / train/inv/policy_weight_min 1 / train/inv/policy_weight_std 0 / train/inv/valid_frac 1 / train/inv/weight 0 / train/loss/con 0.02 / train/loss/dyn 3.28 / train/loss/image 3.9 / train/loss/inv 0 / train/loss/policy -0.03 / train/loss/rep 3.28 / train/loss/repval 1.22 / train/loss/rew 0.53 / train/loss/value 1.16 / replay/replay_ratio 264 / fps/policy 6.68 / fps/train 1710.53

Writing metrics: /home/zhangpeiying01/lfy/btwm-7.7/runs/dreamerv3_dmc_walker_walk_seed2_dv3_300k_s2/metrics.jsonl
Writing metrics: /home/zhangpeiying01/lfy/btwm-7.7/runs/dreamerv3_dmc_walker_walk_seed2_dv3_300k_s2/scores.jsonl

--------------------[Agent Step 119_104]--------------------
Metrics filtered by: 'score|length|fps|ratio|train/loss/|train/acc/|train/inv/|train/rand/'
train/acc/inv 0.04 / train/inv/ce 3.26 / train/inv/confidence 0.04 / train/inv/confidence_gating 0 / train/inv/effective_rep_weight 0 / train/inv/head_objective 1.07 / train/inv/head_weight 0 / train/inv/objective 1.07 / train/inv/policy_weight_max 1 / train/inv/policy_weight_mean 1 / train/inv/policy_weight_min 1 / train/inv/policy_weight_std 0 / train/inv/valid_frac 1 / train/inv/weight 0 / train/loss/con 0.02 / train/loss/dyn 3.29 / train/loss/image 3.95 / train/loss/inv 0 / train/loss/policy -0.03 / train/loss/rep 3.29 / train/loss/repval 1.22 / train/loss/rew 0.53 / train/loss/value 1.17 / replay/replay_ratio 264 / fps/policy 6.68 / fps/train 1711.01

Writing metrics: /home/zhangpeiying01/lfy/btwm-7.7/runs/dreamerv3_dmc_walker_walk_seed2_dv3_300k_s2/metrics.jsonl
Writing metrics: /home/zhangpeiying01/lfy/btwm-7.7/runs/dreamerv3_dmc_walker_walk_seed2_dv3_300k_s2/scores.jsonl

--------------------[Agent Step 119_904]--------------------
Metrics filtered by: 'score|length|fps|ratio|train/loss/|train/acc/|train/inv/|train/rand/'
train/acc/inv 0.04 / train/inv/ce 3.26 / train/inv/confidence 0.04 / train/inv/confidence_gating 0 / train/inv/effective_rep_weight 0 / train/inv/head_objective 1.07 / train/inv/head_weight 0 / train/inv/objective 1.07 / train/inv/policy_weight_max 1 / train/inv/policy_weight_mean 1 / train/inv/policy_weight_min 1 / train/inv/policy_weight_std 0 / train/inv/valid_frac 1 / train/inv/weight 0 / train/loss/con 0.02 / train/loss/dyn 3.25 / train/loss/image 3.89 / train/loss/inv 0 / train/loss/policy -0.03 / train/loss/rep 3.25 / train/loss/repval 1.21 / train/loss/rew 0.53 / train/loss/value 1.16 / replay/replay_ratio 264 / fps/policy 6.64 / fps/train 1700.52

Writing metrics: /home/zhangpeiying01/lfy/btwm-7.7/runs/dreamerv3_dmc_walker_walk_seed2_dv3_300k_s2/metrics.jsonl
Writing metrics: /home/zhangpeiying01/lfy/btwm-7.7/runs/dreamerv3_dmc_walker_walk_seed2_dv3_300k_s2/scores.jsonl

--------------------[Agent Step 120_720]--------------------
Metrics filtered by: 'score|length|fps|ratio|train/loss/|train/acc/|train/inv/|train/rand/'
train/acc/inv 0.04 / train/inv/ce 3.27 / train/inv/confidence 0.04 / train/inv/confidence_gating 0 / train/inv/effective_rep_weight 0 / train/inv/head_objective 1.07 / train/inv/head_weight 0 / train/inv/objective 1.07 / train/inv/policy_weight_max 1 / train/inv/policy_weight_mean 1 / train/inv/policy_weight_min 1 / train/inv/policy_weight_std 0 / train/inv/valid_frac 1 / train/inv/weight 0 / train/loss/con 0.02 / train/loss/dyn 3.22 / train/loss/image 3.86 / train/loss/inv 0 / train/loss/policy -0.03 / train/loss/rep 3.22 / train/loss/repval 1.21 / train/loss/rew 0.53 / train/loss/value 1.16 / replay/replay_ratio 264 / fps/policy 6.72 / fps/train 1721.16

Writing metrics: /home/zhangpeiying01/lfy/btwm-7.7/runs/dreamerv3_dmc_walker_walk_seed2_dv3_300k_s2/scores.jsonl
Writing metrics: /home/zhangpeiying01/lfy/btwm-7.7/runs/dreamerv3_dmc_walker_walk_seed2_dv3_300k_s2/metrics.jsonl

--------------------[Agent Step 121_536]--------------------
Metrics filtered by: 'score|length|fps|ratio|train/loss/|train/acc/|train/inv/|train/rand/'
train/acc/inv 0.04 / train/inv/ce 3.26 / train/inv/confidence 0.04 / train/inv/confidence_gating 0 / train/inv/effective_rep_weight 0 / train/inv/head_objective 1.07 / train/inv/head_weight 0 / train/inv/objective 1.07 / train/inv/policy_weight_max 1 / train/inv/policy_weight_mean 1 / train/inv/policy_weight_min 1 / train/inv/policy_weight_std 0 / train/inv/valid_frac 1 / train/inv/weight 0 / train/loss/con 0.02 / train/loss/dyn 3.25 / train/loss/image 3.84 / train/loss/inv 0 / train/loss/policy -0.03 / train/loss/rep 3.25 / train/loss/repval 1.21 / train/loss/rew 0.53 / train/loss/value 1.15 / replay/replay_ratio 264 / fps/policy 6.68 / fps/train 1709.46

Writing metrics: /home/zhangpeiying01/lfy/btwm-7.7/runs/dreamerv3_dmc_walker_walk_seed2_dv3_300k_s2/metrics.jsonl
Writing metrics: /home/zhangpeiying01/lfy/btwm-7.7/runs/dreamerv3_dmc_walker_walk_seed2_dv3_300k_s2/scores.jsonl

--------------------[Agent Step 122_352]--------------------
Metrics filtered by: 'score|length|fps|ratio|train/loss/|train/acc/|train/inv/|train/rand/'
train/acc/inv 0.04 / train/inv/ce 3.26 / train/inv/confidence 0.04 / train/inv/confidence_gating 0 / train/inv/effective_rep_weight 0 / train/inv/head_objective 1.07 / train/inv/head_weight 0 / train/inv/objective 1.07 / train/inv/policy_weight_max 1 / train/inv/policy_weight_mean 1 / train/inv/policy_weight_min 1 / train/inv/policy_weight_std 0 / train/inv/valid_frac 1 / train/inv/weight 0 / train/loss/con 0.02 / train/loss/dyn 3.2 / train/loss/image 3.83 / train/loss/inv 0 / train/loss/policy -0.03 / train/loss/rep 3.2 / train/loss/repval 1.21 / train/loss/rew 0.53 / train/loss/value 1.15 / replay/replay_ratio 264 / fps/policy 6.77 / fps/train 1733.24

Writing metrics: /home/zhangpeiying01/lfy/btwm-7.7/runs/dreamerv3_dmc_walker_walk_seed2_dv3_300k_s2/metrics.jsonl
Writing metrics: /home/zhangpeiying01/lfy/btwm-7.7/runs/dreamerv3_dmc_walker_walk_seed2_dv3_300k_s2/scores.jsonl

--------------------[Agent Step 123_168]--------------------
Metrics filtered by: 'score|length|fps|ratio|train/loss/|train/acc/|train/inv/|train/rand/'
train/acc/inv 0.04 / train/inv/ce 3.26 / train/inv/confidence 0.04 / train/inv/confidence_gating 0 / train/inv/effective_rep_weight 0 / train/inv/head_objective 1.07 / train/inv/head_weight 0 / train/inv/objective 1.07 / train/inv/policy_weight_max 1 / train/inv/policy_weight_mean 1 / train/inv/policy_weight_min 1 / train/inv/policy_weight_std 0 / train/inv/valid_frac 1 / train/inv/weight 0 / train/loss/con 0.02 / train/loss/dyn 3.29 / train/loss/image 3.84 / train/loss/inv 0 / train/loss/policy -0.03 / train/loss/rep 3.29 / train/loss/repval 1.2 / train/loss/rew 0.53 / train/loss/value 1.14 / replay/replay_ratio 264 / fps/policy 6.67 / fps/train 1707.67

Writing metrics: /home/zhangpeiying01/lfy/btwm-7.7/runs/dreamerv3_dmc_walker_walk_seed2_dv3_300k_s2/metrics.jsonl
Writing metrics: /home/zhangpeiying01/lfy/btwm-7.7/runs/dreamerv3_dmc_walker_walk_seed2_dv3_300k_s2/scores.jsonl

--------------------[Agent Step 123_968]--------------------
Metrics filtered by: 'score|length|fps|ratio|train/loss/|train/acc/|train/inv/|train/rand/'
train/acc/inv 0.04 / train/inv/ce 3.26 / train/inv/confidence 0.04 / train/inv/confidence_gating 0 / train/inv/effective_rep_weight 0 / train/inv/head_objective 1.07 / train/inv/head_weight 0 / train/inv/objective 1.07 / train/inv/policy_weight_max 1 / train/inv/policy_weight_mean 1 / train/inv/policy_weight_min 1 / train/inv/policy_weight_std 0 / train/inv/valid_frac 1 / train/inv/weight 0 / train/loss/con 0.02 / train/loss/dyn 3.22 / train/loss/image 3.79 / train/loss/inv 0 / train/loss/policy -0.03 / train/loss/rep 3.22 / train/loss/repval 1.2 / train/loss/rew 0.53 / train/loss/value 1.13 / replay/replay_ratio 264 / fps/policy 6.57 / fps/train 1683.11

Writing metrics: /home/zhangpeiying01/lfy/btwm-7.7/runs/dreamerv3_dmc_walker_walk_seed2_dv3_300k_s2/scores.jsonl
Writing metrics: /home/zhangpeiying01/lfy/btwm-7.7/runs/dreamerv3_dmc_walker_walk_seed2_dv3_300k_s2/metrics.jsonl

--------------------[Agent Step 124_800]--------------------
Metrics filtered by: 'score|length|fps|ratio|train/loss/|train/acc/|train/inv/|train/rand/'
train/acc/inv 0.04 / train/inv/ce 3.26 / train/inv/confidence 0.04 / train/inv/confidence_gating 0 / train/inv/effective_rep_weight 0 / train/inv/head_objective 1.07 / train/inv/head_weight 0 / train/inv/objective 1.07 / train/inv/policy_weight_max 1 / train/inv/policy_weight_mean 1 / train/inv/policy_weight_min 1 / train/inv/policy_weight_std 0 / train/inv/valid_frac 1 / train/inv/weight 0 / train/loss/con 0.02 / train/loss/dyn 3.21 / train/loss/image 3.79 / train/loss/inv 0 / train/loss/policy -0.03 / train/loss/rep 3.21 / train/loss/repval 1.2 / train/loss/rew 0.53 / train/loss/value 1.13 / replay/replay_ratio 264 / fps/policy 6.8 / fps/train 1741.19

Writing metrics: /home/zhangpeiying01/lfy/btwm-7.7/runs/dreamerv3_dmc_walker_walk_seed2_dv3_300k_s2/metrics.jsonl
Writing metrics: /home/zhangpeiying01/lfy/btwm-7.7/runs/dreamerv3_dmc_walker_walk_seed2_dv3_300k_s2/scores.jsonl

--------------------[Agent Step 125_616]--------------------
Metrics filtered by: 'score|length|fps|ratio|train/loss/|train/acc/|train/inv/|train/rand/'
train/acc/inv 0.04 / train/inv/ce 3.26 / train/inv/confidence 0.04 / train/inv/confidence_gating 0 / train/inv/effective_rep_weight 0 / train/inv/head_objective 1.07 / train/inv/head_weight 0 / train/inv/objective 1.07 / train/inv/policy_weight_max 1 / train/inv/policy_weight_mean 1 / train/inv/policy_weight_min 1 / train/inv/policy_weight_std 0 / train/inv/valid_frac 1 / train/inv/weight 0 / train/loss/con 0.02 / train/loss/dyn 3.2 / train/loss/image 3.75 / train/loss/inv 0 / train/loss/policy -0.03 / train/loss/rep 3.2 / train/loss/repval 1.19 / train/loss/rew 0.53 / train/loss/value 1.13 / replay/replay_ratio 264 / fps/policy 6.68 / fps/train 1709.96

Writing metrics: /home/zhangpeiying01/lfy/btwm-7.7/runs/dreamerv3_dmc_walker_walk_seed2_dv3_300k_s2/metrics.jsonl
Writing metrics: /home/zhangpeiying01/lfy/btwm-7.7/runs/dreamerv3_dmc_walker_walk_seed2_dv3_300k_s2/scores.jsonl

--------------------[Agent Step 126_416]--------------------
Metrics filtered by: 'score|length|fps|ratio|train/loss/|train/acc/|train/inv/|train/rand/'
train/acc/inv 0.04 / train/inv/ce 3.26 / train/inv/confidence 0.04 / train/inv/confidence_gating 0 / train/inv/effective_rep_weight 0 / train/inv/head_objective 1.07 / train/inv/head_weight 0 / train/inv/objective 1.07 / train/inv/policy_weight_max 1 / train/inv/policy_weight_mean 1 / train/inv/policy_weight_min 1 / train/inv/policy_weight_std 0 / train/inv/valid_frac 1 / train/inv/weight 0 / train/loss/con 0.02 / train/loss/dyn 3.25 / train/loss/image 3.75 / train/loss/inv 0 / train/loss/policy -0.03 / train/loss/rep 3.25 / train/loss/repval 1.19 / train/loss/rew 0.53 / train/loss/value 1.12 / replay/replay_ratio 264 / fps/policy 6.67 / fps/train 1706.5

Writing metrics: /home/zhangpeiying01/lfy/btwm-7.7/runs/dreamerv3_dmc_walker_walk_seed2_dv3_300k_s2/metrics.jsonl
Writing metrics: /home/zhangpeiying01/lfy/btwm-7.7/runs/dreamerv3_dmc_walker_walk_seed2_dv3_300k_s2/scores.jsonl

--------------------[Agent Step 127_232]--------------------
Metrics filtered by: 'score|length|fps|ratio|train/loss/|train/acc/|train/inv/|train/rand/'
train/acc/inv 0.04 / train/inv/ce 3.26 / train/inv/confidence 0.04 / train/inv/confidence_gating 0 / train/inv/effective_rep_weight 0 / train/inv/head_objective 1.07 / train/inv/head_weight 0 / train/inv/objective 1.07 / train/inv/policy_weight_max 1 / train/inv/policy_weight_mean 1 / train/inv/policy_weight_min 1 / train/inv/policy_weight_std 0 / train/inv/valid_frac 1 / train/inv/weight 0 / train/loss/con 0.02 / train/loss/dyn 3.18 / train/loss/image 3.74 / train/loss/inv 0 / train/loss/policy -0.03 / train/loss/rep 3.18 / train/loss/repval 1.19 / train/loss/rew 0.53 / train/loss/value 1.13 / replay/replay_ratio 264 / fps/policy 6.79 / fps/train 1737.61

Writing metrics: /home/zhangpeiying01/lfy/btwm-7.7/runs/dreamerv3_dmc_walker_walk_seed2_dv3_300k_s2/metrics.jsonl
Writing metrics: /home/zhangpeiying01/lfy/btwm-7.7/runs/dreamerv3_dmc_walker_walk_seed2_dv3_300k_s2/scores.jsonl

--------------------[Agent Step 128_048]--------------------
Metrics filtered by: 'score|length|fps|ratio|train/loss/|train/acc/|train/inv/|train/rand/'
train/acc/inv 0.04 / train/inv/ce 3.26 / train/inv/confidence 0.04 / train/inv/confidence_gating 0 / train/inv/effective_rep_weight 0 / train/inv/head_objective 1.07 / train/inv/head_weight 0 / train/inv/objective 1.07 / train/inv/policy_weight_max 1 / train/inv/policy_weight_mean 1 / train/inv/policy_weight_min 1 / train/inv/policy_weight_std 0 / train/inv/valid_frac 1 / train/inv/weight 0 / train/loss/con 0.02 / train/loss/dyn 3.33 / train/loss/image 3.81 / train/loss/inv 0 / train/loss/policy -0.03 / train/loss/rep 3.33 / train/loss/repval 1.19 / train/loss/rew 0.53 / train/loss/value 1.12 / replay/replay_ratio 264 / fps/policy 6.69 / fps/train 1713.82

Writing metrics: /home/zhangpeiying01/lfy/btwm-7.7/runs/dreamerv3_dmc_walker_walk_seed2_dv3_300k_s2/metrics.jsonl
Writing metrics: /home/zhangpeiying01/lfy/btwm-7.7/runs/dreamerv3_dmc_walker_walk_seed2_dv3_300k_s2/scores.jsonl

--------------------[Agent Step 128_848]--------------------
Metrics filtered by: 'score|length|fps|ratio|train/loss/|train/acc/|train/inv/|train/rand/'
episode/score 926.72 / episode/length 1001 / train/acc/inv 0.04 / train/inv/ce 3.26 / train/inv/confidence 0.04 / train/inv/confidence_gating 0 / train/inv/effective_rep_weight 0 / train/inv/head_objective 1.07 / train/inv/head_weight 0 / train/inv/objective 1.07 / train/inv/policy_weight_max 1 / train/inv/policy_weight_mean 1 / train/inv/policy_weight_min 1 / train/inv/policy_weight_std 0 / train/inv/valid_frac 1 / train/inv/weight 0 / train/loss/con 0.02 / train/loss/dyn 3.32 / train/loss/image 3.92 / train/loss/inv 0 / train/loss/policy -0.03 / train/loss/rep 3.32 / train/loss/repval 1.18 / train/loss/rew 0.54 / train/loss/value 1.11 / replay/replay_ratio 264 / fps/policy 6.65 / fps/train 1701.88

Writing metrics: /home/zhangpeiying01/lfy/btwm-7.7/runs/dreamerv3_dmc_walker_walk_seed2_dv3_300k_s2/scores.jsonl
Writing metrics: /home/zhangpeiying01/lfy/btwm-7.7/runs/dreamerv3_dmc_walker_walk_seed2_dv3_300k_s2/metrics.jsonl
Saving checkpoint: /home/zhangpeiying01/lfy/btwm-7.7/runs/dreamerv3_dmc_walker_walk_seed2_dv3_300k_s2/ckpt/20260718T031908F279024
Saved checkpoint.

--------------------[Agent Step 129_648]--------------------
Metrics filtered by: 'score|length|fps|ratio|train/loss/|train/acc/|train/inv/|train/rand/'
train/acc/inv 0.04 / train/inv/ce 3.26 / train/inv/confidence 0.04 / train/inv/confidence_gating 0 / train/inv/effective_rep_weight 0 / train/inv/head_objective 1.07 / train/inv/head_weight 0 / train/inv/objective 1.07 / train/inv/policy_weight_max 1 / train/inv/policy_weight_mean 1 / train/inv/policy_weight_min 1 / train/inv/policy_weight_std 0 / train/inv/valid_frac 1 / train/inv/weight 0 / train/loss/con 0.02 / train/loss/dyn 3.34 / train/loss/image 3.96 / train/loss/inv 0 / train/loss/policy -0.02 / train/loss/rep 3.34 / train/loss/repval 1.18 / train/loss/rew 0.53 / train/loss/value 1.12 / replay/replay_ratio 264 / fps/policy 6.57 / fps/train 1682.71

Writing metrics: /home/zhangpeiying01/lfy/btwm-7.7/runs/dreamerv3_dmc_walker_walk_seed2_dv3_300k_s2/scores.jsonl
Writing metrics: /home/zhangpeiying01/lfy/btwm-7.7/runs/dreamerv3_dmc_walker_walk_seed2_dv3_300k_s2/metrics.jsonl

--------------------[Agent Step 130_464]--------------------
Metrics filtered by: 'score|length|fps|ratio|train/loss/|train/acc/|train/inv/|train/rand/'
train/acc/inv 0.04 / train/inv/ce 3.26 / train/inv/confidence 0.04 / train/inv/confidence_gating 0 / train/inv/effective_rep_weight 0 / train/inv/head_objective 1.07 / train/inv/head_weight 0 / train/inv/objective 1.07 / train/inv/policy_weight_max 1 / train/inv/policy_weight_mean 1 / train/inv/policy_weight_min 1 / train/inv/policy_weight_std 0 / train/inv/valid_frac 1 / train/inv/weight 0 / train/loss/con 0.02 / train/loss/dyn 3.26 / train/loss/image 3.89 / train/loss/inv 0 / train/loss/policy -0.02 / train/loss/rep 3.26 / train/loss/repval 1.19 / train/loss/rew 0.54 / train/loss/value 1.12 / replay/replay_ratio 264 / fps/policy 6.68 / fps/train 1710.4

Writing metrics: /home/zhangpeiying01/lfy/btwm-7.7/runs/dreamerv3_dmc_walker_walk_seed2_dv3_300k_s2/metrics.jsonl
Writing metrics: /home/zhangpeiying01/lfy/btwm-7.7/runs/dreamerv3_dmc_walker_walk_seed2_dv3_300k_s2/scores.jsonl

--------------------[Agent Step 131_264]--------------------
Metrics filtered by: 'score|length|fps|ratio|train/loss/|train/acc/|train/inv/|train/rand/'
train/acc/inv 0.04 / train/inv/ce 3.26 / train/inv/confidence 0.04 / train/inv/confidence_gating 0 / train/inv/effective_rep_weight 0 / train/inv/head_objective 1.07 / train/inv/head_weight 0 / train/inv/objective 1.07 / train/inv/policy_weight_max 1 / train/inv/policy_weight_mean 1 / train/inv/policy_weight_min 1 / train/inv/policy_weight_std 0 / train/inv/valid_frac 1 / train/inv/weight 0 / train/loss/con 0.02 / train/loss/dyn 3.21 / train/loss/image 3.84 / train/loss/inv 0 / train/loss/policy -0.03 / train/loss/rep 3.21 / train/loss/repval 1.18 / train/loss/rew 0.54 / train/loss/value 1.11 / replay/replay_ratio 264 / fps/policy 6.61 / fps/train 1692.64

Writing metrics: /home/zhangpeiying01/lfy/btwm-7.7/runs/dreamerv3_dmc_walker_walk_seed2_dv3_300k_s2/scores.jsonl
Writing metrics: /home/zhangpeiying01/lfy/btwm-7.7/runs/dreamerv3_dmc_walker_walk_seed2_dv3_300k_s2/metrics.jsonl

--------------------[Agent Step 132_080]--------------------
Metrics filtered by: 'score|length|fps|ratio|train/loss/|train/acc/|train/inv/|train/rand/'
train/acc/inv 0.04 / train/inv/ce 3.26 / train/inv/confidence 0.04 / train/inv/confidence_gating 0 / train/inv/effective_rep_weight 0 / train/inv/head_objective 1.07 / train/inv/head_weight 0 / train/inv/objective 1.07 / train/inv/policy_weight_max 1 / train/inv/policy_weight_mean 1 / train/inv/policy_weight_min 1 / train/inv/policy_weight_std 0 / train/inv/valid_frac 1 / train/inv/weight 0 / train/loss/con 0.02 / train/loss/dyn 3.23 / train/loss/image 3.78 / train/loss/inv 0 / train/loss/policy -0.02 / train/loss/rep 3.23 / train/loss/repval 1.17 / train/loss/rew 0.53 / train/loss/value 1.1 / replay/replay_ratio 264 / fps/policy 6.68 / fps/train 1711.29

Writing metrics: /home/zhangpeiying01/lfy/btwm-7.7/runs/dreamerv3_dmc_walker_walk_seed2_dv3_300k_s2/metrics.jsonl
Writing metrics: /home/zhangpeiying01/lfy/btwm-7.7/runs/dreamerv3_dmc_walker_walk_seed2_dv3_300k_s2/scores.jsonl

--------------------[Agent Step 132_896]--------------------
Metrics filtered by: 'score|length|fps|ratio|train/loss/|train/acc/|train/inv/|train/rand/'
train/acc/inv 0.04 / train/inv/ce 3.26 / train/inv/confidence 0.04 / train/inv/confidence_gating 0 / train/inv/effective_rep_weight 0 / train/inv/head_objective 1.07 / train/inv/head_weight 0 / train/inv/objective 1.07 / train/inv/policy_weight_max 1 / train/inv/policy_weight_mean 1 / train/inv/policy_weight_min 1 / train/inv/policy_weight_std 0 / train/inv/valid_frac 1 / train/inv/weight 0 / train/loss/con 0.02 / train/loss/dyn 3.19 / train/loss/image 3.75 / train/loss/inv 0 / train/loss/policy -0.03 / train/loss/rep 3.19 / train/loss/repval 1.17 / train/loss/rew 0.54 / train/loss/value 1.09 / replay/replay_ratio 264 / fps/policy 6.79 / fps/train 1737.64

Writing metrics: /home/zhangpeiying01/lfy/btwm-7.7/runs/dreamerv3_dmc_walker_walk_seed2_dv3_300k_s2/scores.jsonl
Writing metrics: /home/zhangpeiying01/lfy/btwm-7.7/runs/dreamerv3_dmc_walker_walk_seed2_dv3_300k_s2/metrics.jsonl

--------------------[Agent Step 133_696]--------------------
Metrics filtered by: 'score|length|fps|ratio|train/loss/|train/acc/|train/inv/|train/rand/'
train/acc/inv 0.04 / train/inv/ce 3.26 / train/inv/confidence 0.04 / train/inv/confidence_gating 0 / train/inv/effective_rep_weight 0 / train/inv/head_objective 1.07 / train/inv/head_weight 0 / train/inv/objective 1.07 / train/inv/policy_weight_max 1 / train/inv/policy_weight_mean 1 / train/inv/policy_weight_min 1 / train/inv/policy_weight_std 0 / train/inv/valid_frac 1 / train/inv/weight 0 / train/loss/con 0.02 / train/loss/dyn 3.2 / train/loss/image 3.77 / train/loss/inv 0 / train/loss/policy -0.03 / train/loss/rep 3.2 / train/loss/repval 1.17 / train/loss/rew 0.53 / train/loss/value 1.09 / replay/replay_ratio 264 / fps/policy 6.64 / fps/train 1700.34

Writing metrics: /home/zhangpeiying01/lfy/btwm-7.7/runs/dreamerv3_dmc_walker_walk_seed2_dv3_300k_s2/metrics.jsonl
Writing metrics: /home/zhangpeiying01/lfy/btwm-7.7/runs/dreamerv3_dmc_walker_walk_seed2_dv3_300k_s2/scores.jsonl

--------------------[Agent Step 134_496]--------------------
Metrics filtered by: 'score|length|fps|ratio|train/loss/|train/acc/|train/inv/|train/rand/'
train/acc/inv 0.04 / train/inv/ce 3.26 / train/inv/confidence 0.04 / train/inv/confidence_gating 0 / train/inv/effective_rep_weight 0 / train/inv/head_objective 1.07 / train/inv/head_weight 0 / train/inv/objective 1.07 / train/inv/policy_weight_max 1 / train/inv/policy_weight_mean 1 / train/inv/policy_weight_min 1 / train/inv/policy_weight_std 0 / train/inv/valid_frac 1 / train/inv/weight 0 / train/loss/con 0.02 / train/loss/dyn 3.18 / train/loss/image 3.7 / train/loss/inv 0 / train/loss/policy -0.03 / train/loss/rep 3.18 / train/loss/repval 1.17 / train/loss/rew 0.54 / train/loss/value 1.09 / replay/replay_ratio 264 / fps/policy 6.62 / fps/train 1695.63

Writing metrics: /home/zhangpeiying01/lfy/btwm-7.7/runs/dreamerv3_dmc_walker_walk_seed2_dv3_300k_s2/metrics.jsonl
Writing metrics: /home/zhangpeiying01/lfy/btwm-7.7/runs/dreamerv3_dmc_walker_walk_seed2_dv3_300k_s2/scores.jsonl

--------------------[Agent Step 135_296]--------------------
Metrics filtered by: 'score|length|fps|ratio|train/loss/|train/acc/|train/inv/|train/rand/'
train/acc/inv 0.04 / train/inv/ce 3.26 / train/inv/confidence 0.04 / train/inv/confidence_gating 0 / train/inv/effective_rep_weight 0 / train/inv/head_objective 1.07 / train/inv/head_weight 0 / train/inv/objective 1.07 / train/inv/policy_weight_max 1 / train/inv/policy_weight_mean 1 / train/inv/policy_weight_min 1 / train/inv/policy_weight_std 0 / train/inv/valid_frac 1 / train/inv/weight 0 / train/loss/con 0.02 / train/loss/dyn 3.2 / train/loss/image 3.7 / train/loss/inv 0 / train/loss/policy -0.03 / train/loss/rep 3.2 / train/loss/repval 1.16 / train/loss/rew 0.54 / train/loss/value 1.08 / replay/replay_ratio 264 / fps/policy 6.67 / fps/train 1708.68

Writing metrics: /home/zhangpeiying01/lfy/btwm-7.7/runs/dreamerv3_dmc_walker_walk_seed2_dv3_300k_s2/scores.jsonl
Writing metrics: /home/zhangpeiying01/lfy/btwm-7.7/runs/dreamerv3_dmc_walker_walk_seed2_dv3_300k_s2/metrics.jsonl

--------------------[Agent Step 136_096]--------------------
Metrics filtered by: 'score|length|fps|ratio|train/loss/|train/acc/|train/inv/|train/rand/'
train/acc/inv 0.04 / train/inv/ce 3.26 / train/inv/confidence 0.04 / train/inv/confidence_gating 0 / train/inv/effective_rep_weight 0 / train/inv/head_objective 1.07 / train/inv/head_weight 0 / train/inv/objective 1.07 / train/inv/policy_weight_max 1 / train/inv/policy_weight_mean 1 / train/inv/policy_weight_min 1 / train/inv/policy_weight_std 0 / train/inv/valid_frac 1 / train/inv/weight 0 / train/loss/con 0.02 / train/loss/dyn 3.18 / train/loss/image 3.69 / train/loss/inv 0 / train/loss/policy -0.02 / train/loss/rep 3.18 / train/loss/repval 1.15 / train/loss/rew 0.54 / train/loss/value 1.08 / replay/replay_ratio 264 / fps/policy 6.54 / fps/train 1673.89

Writing metrics: /home/zhangpeiying01/lfy/btwm-7.7/runs/dreamerv3_dmc_walker_walk_seed2_dv3_300k_s2/metrics.jsonl
Writing metrics: /home/zhangpeiying01/lfy/btwm-7.7/runs/dreamerv3_dmc_walker_walk_seed2_dv3_300k_s2/scores.jsonl

--------------------[Agent Step 136_880]--------------------
Metrics filtered by: 'score|length|fps|ratio|train/loss/|train/acc/|train/inv/|train/rand/'
train/acc/inv 0.04 / train/inv/ce 3.26 / train/inv/confidence 0.04 / train/inv/confidence_gating 0 / train/inv/effective_rep_weight 0 / train/inv/head_objective 1.07 / train/inv/head_weight 0 / train/inv/objective 1.07 / train/inv/policy_weight_max 1 / train/inv/policy_weight_mean 1 / train/inv/policy_weight_min 1 / train/inv/policy_weight_std 0 / train/inv/valid_frac 1 / train/inv/weight 0 / train/loss/con 0.02 / train/loss/dyn 3.16 / train/loss/image 3.65 / train/loss/inv 0 / train/loss/policy -0.03 / train/loss/rep 3.16 / train/loss/repval 1.15 / train/loss/rew 0.54 / train/loss/value 1.07 / replay/replay_ratio 264 / fps/policy 6.52 / fps/train 1669.53

Writing metrics: /home/zhangpeiying01/lfy/btwm-7.7/runs/dreamerv3_dmc_walker_walk_seed2_dv3_300k_s2/metrics.jsonl
Writing metrics: /home/zhangpeiying01/lfy/btwm-7.7/runs/dreamerv3_dmc_walker_walk_seed2_dv3_300k_s2/scores.jsonl

--------------------[Agent Step 137_664]--------------------
Metrics filtered by: 'score|length|fps|ratio|train/loss/|train/acc/|train/inv/|train/rand/'
train/acc/inv 0.04 / train/inv/ce 3.26 / train/inv/confidence 0.04 / train/inv/confidence_gating 0 / train/inv/effective_rep_weight 0 / train/inv/head_objective 1.07 / train/inv/head_weight 0 / train/inv/objective 1.07 / train/inv/policy_weight_max 1 / train/inv/policy_weight_mean 1 / train/inv/policy_weight_min 1 / train/inv/policy_weight_std 0 / train/inv/valid_frac 1 / train/inv/weight 0 / train/loss/con 0.02 / train/loss/dyn 3.17 / train/loss/image 3.65 / train/loss/inv 0 / train/loss/policy -0.03 / train/loss/rep 3.17 / train/loss/repval 1.15 / train/loss/rew 0.54 / train/loss/value 1.06 / replay/replay_ratio 264 / fps/policy 6.52 / fps/train 1669.72

Writing metrics: /home/zhangpeiying01/lfy/btwm-7.7/runs/dreamerv3_dmc_walker_walk_seed2_dv3_300k_s2/metrics.jsonl
Writing metrics: /home/zhangpeiying01/lfy/btwm-7.7/runs/dreamerv3_dmc_walker_walk_seed2_dv3_300k_s2/scores.jsonl

--------------------[Agent Step 138_464]--------------------
Metrics filtered by: 'score|length|fps|ratio|train/loss/|train/acc/|train/inv/|train/rand/'
train/acc/inv 0.04 / train/inv/ce 3.26 / train/inv/confidence 0.04 / train/inv/confidence_gating 0 / train/inv/effective_rep_weight 0 / train/inv/head_objective 1.07 / train/inv/head_weight 0 / train/inv/objective 1.07 / train/inv/policy_weight_max 1 / train/inv/policy_weight_mean 1 / train/inv/policy_weight_min 1 / train/inv/policy_weight_std 0 / train/inv/valid_frac 1 / train/inv/weight 0 / train/loss/con 0.02 / train/loss/dyn 3.21 / train/loss/image 3.65 / train/loss/inv 0 / train/loss/policy -0.03 / train/loss/rep 3.21 / train/loss/repval 1.15 / train/loss/rew 0.54 / train/loss/value 1.06 / replay/replay_ratio 264 / fps/policy 6.55 / fps/train 1677.82

Writing metrics: /home/zhangpeiying01/lfy/btwm-7.7/runs/dreamerv3_dmc_walker_walk_seed2_dv3_300k_s2/metrics.jsonl
Writing metrics: /home/zhangpeiying01/lfy/btwm-7.7/runs/dreamerv3_dmc_walker_walk_seed2_dv3_300k_s2/scores.jsonl

--------------------[Agent Step 139_264]--------------------
Metrics filtered by: 'score|length|fps|ratio|train/loss/|train/acc/|train/inv/|train/rand/'
train/acc/inv 0.04 / train/inv/ce 3.26 / train/inv/confidence 0.04 / train/inv/confidence_gating 0 / train/inv/effective_rep_weight 0 / train/inv/head_objective 1.07 / train/inv/head_weight 0 / train/inv/objective 1.07 / train/inv/policy_weight_max 1 / train/inv/policy_weight_mean 1 / train/inv/policy_weight_min 1 / train/inv/policy_weight_std 0 / train/inv/valid_frac 1 / train/inv/weight 0 / train/loss/con 0.02 / train/loss/dyn 3.14 / train/loss/image 3.62 / train/loss/inv 0 / train/loss/policy -0.03 / train/loss/rep 3.14 / train/loss/repval 1.14 / train/loss/rew 0.54 / train/loss/value 1.05 / replay/replay_ratio 264 / fps/policy 6.62 / fps/train 1695.85

Writing metrics: /home/zhangpeiying01/lfy/btwm-7.7/runs/dreamerv3_dmc_walker_walk_seed2_dv3_300k_s2/metrics.jsonl
Writing metrics: /home/zhangpeiying01/lfy/btwm-7.7/runs/dreamerv3_dmc_walker_walk_seed2_dv3_300k_s2/scores.jsonl

--------------------[Agent Step 140_064]--------------------
Metrics filtered by: 'score|length|fps|ratio|train/loss/|train/acc/|train/inv/|train/rand/'
train/acc/inv 0.04 / train/inv/ce 3.26 / train/inv/confidence 0.04 / train/inv/confidence_gating 0 / train/inv/effective_rep_weight 0 / train/inv/head_objective 1.07 / train/inv/head_weight 0 / train/inv/objective 1.07 / train/inv/policy_weight_max 1 / train/inv/policy_weight_mean 1 / train/inv/policy_weight_min 1 / train/inv/policy_weight_std 0 / train/inv/valid_frac 1 / train/inv/weight 0 / train/loss/con 0.02 / train/loss/dyn 3.16 / train/loss/image 3.61 / train/loss/inv 0 / train/loss/policy -0.03 / train/loss/rep 3.16 / train/loss/repval 1.14 / train/loss/rew 0.54 / train/loss/value 1.05 / replay/replay_ratio 264 / fps/policy 6.6 / fps/train 1689.76

Writing metrics: /home/zhangpeiying01/lfy/btwm-7.7/runs/dreamerv3_dmc_walker_walk_seed2_dv3_300k_s2/metrics.jsonl
Writing metrics: /home/zhangpeiying01/lfy/btwm-7.7/runs/dreamerv3_dmc_walker_walk_seed2_dv3_300k_s2/scores.jsonl

--------------------[Agent Step 140_864]--------------------
Metrics filtered by: 'score|length|fps|ratio|train/loss/|train/acc/|train/inv/|train/rand/'
train/acc/inv 0.04 / train/inv/ce 3.26 / train/inv/confidence 0.04 / train/inv/confidence_gating 0 / train/inv/effective_rep_weight 0 / train/inv/head_objective 1.07 / train/inv/head_weight 0 / train/inv/objective 1.07 / train/inv/policy_weight_max 1 / train/inv/policy_weight_mean 1 / train/inv/policy_weight_min 1 / train/inv/policy_weight_std 0 / train/inv/valid_frac 1 / train/inv/weight 0 / train/loss/con 0.02 / train/loss/dyn 3.19 / train/loss/image 3.62 / train/loss/inv 0 / train/loss/policy -0.03 / train/loss/rep 3.19 / train/loss/repval 1.14 / train/loss/rew 0.54 / train/loss/value 1.05 / replay/replay_ratio 264 / fps/policy 6.65 / fps/train 1702.87

Writing metrics: /home/zhangpeiying01/lfy/btwm-7.7/runs/dreamerv3_dmc_walker_walk_seed2_dv3_300k_s2/metrics.jsonl
Writing metrics: /home/zhangpeiying01/lfy/btwm-7.7/runs/dreamerv3_dmc_walker_walk_seed2_dv3_300k_s2/scores.jsonl

--------------------[Agent Step 141_664]--------------------
Metrics filtered by: 'score|length|fps|ratio|train/loss/|train/acc/|train/inv/|train/rand/'
train/acc/inv 0.04 / train/inv/ce 3.26 / train/inv/confidence 0.04 / train/inv/confidence_gating 0 / train/inv/effective_rep_weight 0 / train/inv/head_objective 1.07 / train/inv/head_weight 0 / train/inv/objective 1.07 / train/inv/policy_weight_max 1 / train/inv/policy_weight_mean 1 / train/inv/policy_weight_min 1 / train/inv/policy_weight_std 0 / train/inv/valid_frac 1 / train/inv/weight 0 / train/loss/con 0.02 / train/loss/dyn 3.17 / train/loss/image 3.59 / train/loss/inv 0 / train/loss/policy -0.03 / train/loss/rep 3.17 / train/loss/repval 1.14 / train/loss/rew 0.54 / train/loss/value 1.04 / replay/replay_ratio 264 / fps/policy 6.63 / fps/train 1698.03

Writing metrics: /home/zhangpeiying01/lfy/btwm-7.7/runs/dreamerv3_dmc_walker_walk_seed2_dv3_300k_s2/metrics.jsonl
Writing metrics: /home/zhangpeiying01/lfy/btwm-7.7/runs/dreamerv3_dmc_walker_walk_seed2_dv3_300k_s2/scores.jsonl

--------------------[Agent Step 142_464]--------------------
Metrics filtered by: 'score|length|fps|ratio|train/loss/|train/acc/|train/inv/|train/rand/'
train/acc/inv 0.04 / train/inv/ce 3.26 / train/inv/confidence 0.04 / train/inv/confidence_gating 0 / train/inv/effective_rep_weight 0 / train/inv/head_objective 1.07 / train/inv/head_weight 0 / train/inv/objective 1.07 / train/inv/policy_weight_max 1 / train/inv/policy_weight_mean 1 / train/inv/policy_weight_min 1 / train/inv/policy_weight_std 0 / train/inv/valid_frac 1 / train/inv/weight 0 / train/loss/con 0.02 / train/loss/dyn 3.13 / train/loss/image 3.55 / train/loss/inv 0 / train/loss/policy -0.03 / train/loss/rep 3.13 / train/loss/repval 1.13 / train/loss/rew 0.54 / train/loss/value 1.04 / replay/replay_ratio 264 / fps/policy 6.53 / fps/train 1672.81

Writing metrics: /home/zhangpeiying01/lfy/btwm-7.7/runs/dreamerv3_dmc_walker_walk_seed2_dv3_300k_s2/scores.jsonl
Writing metrics: /home/zhangpeiying01/lfy/btwm-7.7/runs/dreamerv3_dmc_walker_walk_seed2_dv3_300k_s2/metrics.jsonl

--------------------[Agent Step 143_280]--------------------
Metrics filtered by: 'score|length|fps|ratio|train/loss/|train/acc/|train/inv/|train/rand/'
train/acc/inv 0.04 / train/inv/ce 3.26 / train/inv/confidence 0.04 / train/inv/confidence_gating 0 / train/inv/effective_rep_weight 0 / train/inv/head_objective 1.07 / train/inv/head_weight 0 / train/inv/objective 1.07 / train/inv/policy_weight_max 1 / train/inv/policy_weight_mean 1 / train/inv/policy_weight_min 1 / train/inv/policy_weight_std 0 / train/inv/valid_frac 1 / train/inv/weight 0 / train/loss/con 0.02 / train/loss/dyn 3.14 / train/loss/image 3.56 / train/loss/inv 0 / train/loss/policy -0.03 / train/loss/rep 3.14 / train/loss/repval 1.12 / train/loss/rew 0.54 / train/loss/value 1.02 / replay/replay_ratio 264 / fps/policy 6.7 / fps/train 1715.12

Writing metrics: /home/zhangpeiying01/lfy/btwm-7.7/runs/dreamerv3_dmc_walker_walk_seed2_dv3_300k_s2/metrics.jsonl
Writing metrics: /home/zhangpeiying01/lfy/btwm-7.7/runs/dreamerv3_dmc_walker_walk_seed2_dv3_300k_s2/scores.jsonl

--------------------[Agent Step 144_064]--------------------
Metrics filtered by: 'score|length|fps|ratio|train/loss/|train/acc/|train/inv/|train/rand/'
train/acc/inv 0.04 / train/inv/ce 3.26 / train/inv/confidence 0.04 / train/inv/confidence_gating 0 / train/inv/effective_rep_weight 0 / train/inv/head_objective 1.07 / train/inv/head_weight 0 / train/inv/objective 1.07 / train/inv/policy_weight_max 1 / train/inv/policy_weight_mean 1 / train/inv/policy_weight_min 1 / train/inv/policy_weight_std 0 / train/inv/valid_frac 1 / train/inv/weight 0 / train/loss/con 0.02 / train/loss/dyn 3.13 / train/loss/image 3.53 / train/loss/inv 0 / train/loss/policy -0.03 / train/loss/rep 3.13 / train/loss/repval 1.12 / train/loss/rew 0.54 / train/loss/value 1.02 / replay/replay_ratio 264 / fps/policy 6.45 / fps/train 1652.38

Writing metrics: /home/zhangpeiying01/lfy/btwm-7.7/runs/dreamerv3_dmc_walker_walk_seed2_dv3_300k_s2/metrics.jsonl
Writing metrics: /home/zhangpeiying01/lfy/btwm-7.7/runs/dreamerv3_dmc_walker_walk_seed2_dv3_300k_s2/scores.jsonl

--------------------[Agent Step 144_848]--------------------
Metrics filtered by: 'score|length|fps|ratio|train/loss/|train/acc/|train/inv/|train/rand/'
episode/score 885.1 / episode/length 1001 / train/acc/inv 0.04 / train/inv/ce 3.26 / train/inv/confidence 0.04 / train/inv/confidence_gating 0 / train/inv/effective_rep_weight 0 / train/inv/head_objective 1.07 / train/inv/head_weight 0 / train/inv/objective 1.07 / train/inv/policy_weight_max 1 / train/inv/policy_weight_mean 1 / train/inv/policy_weight_min 1 / train/inv/policy_weight_std 0 / train/inv/valid_frac 1 / train/inv/weight 0 / train/loss/con 0.02 / train/loss/dyn 3.38 / train/loss/image 3.76 / train/loss/inv 0 / train/loss/policy -0.03 / train/loss/rep 3.38 / train/loss/repval 1.12 / train/loss/rew 0.54 / train/loss/value 1.02 / replay/replay_ratio 264 / fps/policy 6.44 / fps/train 1647.92

Writing metrics: /home/zhangpeiying01/lfy/btwm-7.7/runs/dreamerv3_dmc_walker_walk_seed2_dv3_300k_s2/scores.jsonl
Writing metrics: /home/zhangpeiying01/lfy/btwm-7.7/runs/dreamerv3_dmc_walker_walk_seed2_dv3_300k_s2/metrics.jsonl

--------------------[Agent Step 145_632]--------------------
Metrics filtered by: 'score|length|fps|ratio|train/loss/|train/acc/|train/inv/|train/rand/'
train/acc/inv 0.04 / train/inv/ce 3.26 / train/inv/confidence 0.04 / train/inv/confidence_gating 0 / train/inv/effective_rep_weight 0 / train/inv/head_objective 1.07 / train/inv/head_weight 0 / train/inv/objective 1.07 / train/inv/policy_weight_max 1 / train/inv/policy_weight_mean 1 / train/inv/policy_weight_min 1 / train/inv/policy_weight_std 0 / train/inv/valid_frac 1 / train/inv/weight 0 / train/loss/con 0.02 / train/loss/dyn 3.27 / train/loss/image 3.8 / train/loss/inv 0 / train/loss/policy -0.03 / train/loss/rep 3.27 / train/loss/repval 1.12 / train/loss/rew 0.54 / train/loss/value 1.03 / replay/replay_ratio 264 / fps/policy 6.51 / fps/train 1667.24

Writing metrics: /home/zhangpeiying01/lfy/btwm-7.7/runs/dreamerv3_dmc_walker_walk_seed2_dv3_300k_s2/metrics.jsonl
Writing metrics: /home/zhangpeiying01/lfy/btwm-7.7/runs/dreamerv3_dmc_walker_walk_seed2_dv3_300k_s2/scores.jsonl

--------------------[Agent Step 146_432]--------------------
Metrics filtered by: 'score|length|fps|ratio|train/loss/|train/acc/|train/inv/|train/rand/'
train/acc/inv 0.04 / train/inv/ce 3.26 / train/inv/confidence 0.04 / train/inv/confidence_gating 0 / train/inv/effective_rep_weight 0 / train/inv/head_objective 1.07 / train/inv/head_weight 0 / train/inv/objective 1.07 / train/inv/policy_weight_max 1 / train/inv/policy_weight_mean 1 / train/inv/policy_weight_min 1 / train/inv/policy_weight_std 0 / train/inv/valid_frac 1 / train/inv/weight 0 / train/loss/con 0.02 / train/loss/dyn 3.2 / train/loss/image 3.71 / train/loss/inv 0 / train/loss/policy -0.02 / train/loss/rep 3.2 / train/loss/repval 1.12 / train/loss/rew 0.54 / train/loss/value 1.03 / replay/replay_ratio 264 / fps/policy 6.57 / fps/train 1680.95

Writing metrics: /home/zhangpeiying01/lfy/btwm-7.7/runs/dreamerv3_dmc_walker_walk_seed2_dv3_300k_s2/metrics.jsonl
Writing metrics: /home/zhangpeiying01/lfy/btwm-7.7/runs/dreamerv3_dmc_walker_walk_seed2_dv3_300k_s2/scores.jsonl

--------------------[Agent Step 147_248]--------------------
Metrics filtered by: 'score|length|fps|ratio|train/loss/|train/acc/|train/inv/|train/rand/'
train/acc/inv 0.04 / train/inv/ce 3.26 / train/inv/confidence 0.04 / train/inv/confidence_gating 0 / train/inv/effective_rep_weight 0 / train/inv/head_objective 1.07 / train/inv/head_weight 0 / train/inv/objective 1.07 / train/inv/policy_weight_max 1 / train/inv/policy_weight_mean 1 / train/inv/policy_weight_min 1 / train/inv/policy_weight_std 0 / train/inv/valid_frac 1 / train/inv/weight 0 / train/loss/con 0.02 / train/loss/dyn 3.14 / train/loss/image 3.63 / train/loss/inv 0 / train/loss/policy -0.03 / train/loss/rep 3.14 / train/loss/repval 1.12 / train/loss/rew 0.54 / train/loss/value 1.03 / replay/replay_ratio 264 / fps/policy 6.69 / fps/train 1713.52

Writing metrics: /home/zhangpeiying01/lfy/btwm-7.7/runs/dreamerv3_dmc_walker_walk_seed2_dv3_300k_s2/scores.jsonl
Writing metrics: /home/zhangpeiying01/lfy/btwm-7.7/runs/dreamerv3_dmc_walker_walk_seed2_dv3_300k_s2/metrics.jsonl

--------------------[Agent Step 148_032]--------------------
Metrics filtered by: 'score|length|fps|ratio|train/loss/|train/acc/|train/inv/|train/rand/'
train/acc/inv 0.04 / train/inv/ce 3.26 / train/inv/confidence 0.04 / train/inv/confidence_gating 0 / train/inv/effective_rep_weight 0 / train/inv/head_objective 1.07 / train/inv/head_weight 0 / train/inv/objective 1.07 / train/inv/policy_weight_max 1 / train/inv/policy_weight_mean 1 / train/inv/policy_weight_min 1 / train/inv/policy_weight_std 0 / train/inv/valid_frac 1 / train/inv/weight 0 / train/loss/con 0.02 / train/loss/dyn 3.12 / train/loss/image 3.58 / train/loss/inv 0 / train/loss/policy -0.03 / train/loss/rep 3.12 / train/loss/repval 1.13 / train/loss/rew 0.54 / train/loss/value 1.04 / replay/replay_ratio 264 / fps/policy 6.5 / fps/train 1664.73

Writing metrics: /home/zhangpeiying01/lfy/btwm-7.7/runs/dreamerv3_dmc_walker_walk_seed2_dv3_300k_s2/metrics.jsonl
Writing metrics: /home/zhangpeiying01/lfy/btwm-7.7/runs/dreamerv3_dmc_walker_walk_seed2_dv3_300k_s2/scores.jsonl

--------------------[Agent Step 148_816]--------------------
Metrics filtered by: 'score|length|fps|ratio|train/loss/|train/acc/|train/inv/|train/rand/'
train/acc/inv 0.04 / train/inv/ce 3.26 / train/inv/confidence 0.04 / train/inv/confidence_gating 0 / train/inv/effective_rep_weight 0 / train/inv/head_objective 1.07 / train/inv/head_weight 0 / train/inv/objective 1.07 / train/inv/policy_weight_max 1 / train/inv/policy_weight_mean 1 / train/inv/policy_weight_min 1 / train/inv/policy_weight_std 0 / train/inv/valid_frac 1 / train/inv/weight 0 / train/loss/con 0.02 / train/loss/dyn 3.11 / train/loss/image 3.59 / train/loss/inv 0 / train/loss/policy -0.03 / train/loss/rep 3.11 / train/loss/repval 1.13 / train/loss/rew 0.54 / train/loss/value 1.04 / replay/replay_ratio 264 / fps/policy 6.5 / fps/train 1663.58

Writing metrics: /home/zhangpeiying01/lfy/btwm-7.7/runs/dreamerv3_dmc_walker_walk_seed2_dv3_300k_s2/scores.jsonl
Writing metrics: /home/zhangpeiying01/lfy/btwm-7.7/runs/dreamerv3_dmc_walker_walk_seed2_dv3_300k_s2/metrics.jsonl

--------------------[Agent Step 149_616]--------------------
Metrics filtered by: 'score|length|fps|ratio|train/loss/|train/acc/|train/inv/|train/rand/'
train/acc/inv 0.04 / train/inv/ce 3.26 / train/inv/confidence 0.04 / train/inv/confidence_gating 0 / train/inv/effective_rep_weight 0 / train/inv/head_objective 1.07 / train/inv/head_weight 0 / train/inv/objective 1.07 / train/inv/policy_weight_max 1 / train/inv/policy_weight_mean 1 / train/inv/policy_weight_min 1 / train/inv/policy_weight_std 0 / train/inv/valid_frac 1 / train/inv/weight 0 / train/loss/con 0.02 / train/loss/dyn 3.13 / train/loss/image 3.58 / train/loss/inv 0 / train/loss/policy -0.02 / train/loss/rep 3.13 / train/loss/repval 1.12 / train/loss/rew 0.54 / train/loss/value 1.03 / replay/replay_ratio 264 / fps/policy 6.58 / fps/train 1683.52

Writing metrics: /home/zhangpeiying01/lfy/btwm-7.7/runs/dreamerv3_dmc_walker_walk_seed2_dv3_300k_s2/metrics.jsonl
Writing metrics: /home/zhangpeiying01/lfy/btwm-7.7/runs/dreamerv3_dmc_walker_walk_seed2_dv3_300k_s2/scores.jsonl

--------------------[Agent Step 150_400]--------------------
Metrics filtered by: 'score|length|fps|ratio|train/loss/|train/acc/|train/inv/|train/rand/'
train/acc/inv 0.04 / train/inv/ce 3.26 / train/inv/confidence 0.04 / train/inv/confidence_gating 0 / train/inv/effective_rep_weight 0 / train/inv/head_objective 1.07 / train/inv/head_weight 0 / train/inv/objective 1.07 / train/inv/policy_weight_max 1 / train/inv/policy_weight_mean 1 / train/inv/policy_weight_min 1 / train/inv/policy_weight_std 0 / train/inv/valid_frac 1 / train/inv/weight 0 / train/loss/con 0.02 / train/loss/dyn 3.13 / train/loss/image 3.54 / train/loss/inv 0 / train/loss/policy -0.03 / train/loss/rep 3.13 / train/loss/repval 1.12 / train/loss/rew 0.54 / train/loss/value 1.02 / replay/replay_ratio 264 / fps/policy 6.5 / fps/train 1664.75

Writing metrics: /home/zhangpeiying01/lfy/btwm-7.7/runs/dreamerv3_dmc_walker_walk_seed2_dv3_300k_s2/scores.jsonl
Writing metrics: /home/zhangpeiying01/lfy/btwm-7.7/runs/dreamerv3_dmc_walker_walk_seed2_dv3_300k_s2/metrics.jsonl

--------------------[Agent Step 151_200]--------------------
Metrics filtered by: 'score|length|fps|ratio|train/loss/|train/acc/|train/inv/|train/rand/'
train/acc/inv 0.04 / train/inv/ce 3.26 / train/inv/confidence 0.04 / train/inv/confidence_gating 0 / train/inv/effective_rep_weight 0 / train/inv/head_objective 1.07 / train/inv/head_weight 0 / train/inv/objective 1.07 / train/inv/policy_weight_max 1 / train/inv/policy_weight_mean 1 / train/inv/policy_weight_min 1 / train/inv/policy_weight_std 0 / train/inv/valid_frac 1 / train/inv/weight 0 / train/loss/con 0.02 / train/loss/dyn 3.15 / train/loss/image 3.57 / train/loss/inv 0 / train/loss/policy -0.03 / train/loss/rep 3.15 / train/loss/repval 1.11 / train/loss/rew 0.55 / train/loss/value 1.02 / replay/replay_ratio 264 / fps/policy 6.55 / fps/train 1676.93

Writing metrics: /home/zhangpeiying01/lfy/btwm-7.7/runs/dreamerv3_dmc_walker_walk_seed2_dv3_300k_s2/metrics.jsonl
Writing metrics: /home/zhangpeiying01/lfy/btwm-7.7/runs/dreamerv3_dmc_walker_walk_seed2_dv3_300k_s2/scores.jsonl

--------------------[Agent Step 151_968]--------------------
Metrics filtered by: 'score|length|fps|ratio|train/loss/|train/acc/|train/inv/|train/rand/'
train/acc/inv 0.04 / train/inv/ce 3.26 / train/inv/confidence 0.04 / train/inv/confidence_gating 0 / train/inv/effective_rep_weight 0 / train/inv/head_objective 1.07 / train/inv/head_weight 0 / train/inv/objective 1.07 / train/inv/policy_weight_max 1 / train/inv/policy_weight_mean 1 / train/inv/policy_weight_min 1 / train/inv/policy_weight_std 0 / train/inv/valid_frac 1 / train/inv/weight 0 / train/loss/con 0.02 / train/loss/dyn 3.1 / train/loss/image 3.51 / train/loss/inv 0 / train/loss/policy -0.03 / train/loss/rep 3.1 / train/loss/repval 1.11 / train/loss/rew 0.54 / train/loss/value 1.02 / replay/replay_ratio 264 / fps/policy 6.37 / fps/train 1629.53

Writing metrics: /home/zhangpeiying01/lfy/btwm-7.7/runs/dreamerv3_dmc_walker_walk_seed2_dv3_300k_s2/metrics.jsonl
Writing metrics: /home/zhangpeiying01/lfy/btwm-7.7/runs/dreamerv3_dmc_walker_walk_seed2_dv3_300k_s2/scores.jsonl

--------------------[Agent Step 152_736]--------------------
Metrics filtered by: 'score|length|fps|ratio|train/loss/|train/acc/|train/inv/|train/rand/'
train/acc/inv 0.04 / train/inv/ce 3.26 / train/inv/confidence 0.04 / train/inv/confidence_gating 0 / train/inv/effective_rep_weight 0 / train/inv/head_objective 1.07 / train/inv/head_weight 0 / train/inv/objective 1.07 / train/inv/policy_weight_max 1 / train/inv/policy_weight_mean 1 / train/inv/policy_weight_min 1 / train/inv/policy_weight_std 0 / train/inv/valid_frac 1 / train/inv/weight 0 / train/loss/con 0.02 / train/loss/dyn 3.09 / train/loss/image 3.48 / train/loss/inv 0 / train/loss/policy -0.03 / train/loss/rep 3.09 / train/loss/repval 1.11 / train/loss/rew 0.54 / train/loss/value 1.02 / replay/replay_ratio 264 / fps/policy 6.4 / fps/train 1639.23

Writing metrics: /home/zhangpeiying01/lfy/btwm-7.7/runs/dreamerv3_dmc_walker_walk_seed2_dv3_300k_s2/scores.jsonl
Writing metrics: /home/zhangpeiying01/lfy/btwm-7.7/runs/dreamerv3_dmc_walker_walk_seed2_dv3_300k_s2/metrics.jsonl
Saving checkpoint: /home/zhangpeiying01/lfy/btwm-7.7/runs/dreamerv3_dmc_walker_walk_seed2_dv3_300k_s2/ckpt/20260718T041909F540273
Saved checkpoint.

--------------------[Agent Step 153_488]--------------------
Metrics filtered by: 'score|length|fps|ratio|train/loss/|train/acc/|train/inv/|train/rand/'
train/acc/inv 0.04 / train/inv/ce 3.26 / train/inv/confidence 0.04 / train/inv/confidence_gating 0 / train/inv/effective_rep_weight 0 / train/inv/head_objective 1.07 / train/inv/head_weight 0 / train/inv/objective 1.07 / train/inv/policy_weight_max 1 / train/inv/policy_weight_mean 1 / train/inv/policy_weight_min 1 / train/inv/policy_weight_std 0 / train/inv/valid_frac 1 / train/inv/weight 0 / train/loss/con 0.02 / train/loss/dyn 3.11 / train/loss/image 3.5 / train/loss/inv 0 / train/loss/policy -0.03 / train/loss/rep 3.11 / train/loss/repval 1.11 / train/loss/rew 0.55 / train/loss/value 1.02 / replay/replay_ratio 264 / fps/policy 6.18 / fps/train 1581.72

Writing metrics: /home/zhangpeiying01/lfy/btwm-7.7/runs/dreamerv3_dmc_walker_walk_seed2_dv3_300k_s2/scores.jsonl
Writing metrics: /home/zhangpeiying01/lfy/btwm-7.7/runs/dreamerv3_dmc_walker_walk_seed2_dv3_300k_s2/metrics.jsonl

--------------------[Agent Step 154_288]--------------------
Metrics filtered by: 'score|length|fps|ratio|train/loss/|train/acc/|train/inv/|train/rand/'
train/acc/inv 0.04 / train/inv/ce 3.26 / train/inv/confidence 0.04 / train/inv/confidence_gating 0 / train/inv/effective_rep_weight 0 / train/inv/head_objective 1.07 / train/inv/head_weight 0 / train/inv/objective 1.07 / train/inv/policy_weight_max 1 / train/inv/policy_weight_mean 1 / train/inv/policy_weight_min 1 / train/inv/policy_weight_std 0 / train/inv/valid_frac 1 / train/inv/weight 0 / train/loss/con 0.02 / train/loss/dyn 3.12 / train/loss/image 3.47 / train/loss/inv 0 / train/loss/policy -0.03 / train/loss/rep 3.12 / train/loss/repval 1.12 / train/loss/rew 0.55 / train/loss/value 1.02 / replay/replay_ratio 264 / fps/policy 6.64 / fps/train 1699.1

Writing metrics: /home/zhangpeiying01/lfy/btwm-7.7/runs/dreamerv3_dmc_walker_walk_seed2_dv3_300k_s2/metrics.jsonl
Writing metrics: /home/zhangpeiying01/lfy/btwm-7.7/runs/dreamerv3_dmc_walker_walk_seed2_dv3_300k_s2/scores.jsonl

--------------------[Agent Step 155_056]--------------------
Metrics filtered by: 'score|length|fps|ratio|train/loss/|train/acc/|train/inv/|train/rand/'
train/acc/inv 0.04 / train/inv/ce 3.26 / train/inv/confidence 0.04 / train/inv/confidence_gating 0 / train/inv/effective_rep_weight 0 / train/inv/head_objective 1.07 / train/inv/head_weight 0 / train/inv/objective 1.07 / train/inv/policy_weight_max 1 / train/inv/policy_weight_mean 1 / train/inv/policy_weight_min 1 / train/inv/policy_weight_std 0 / train/inv/valid_frac 1 / train/inv/weight 0 / train/loss/con 0.02 / train/loss/dyn 3.09 / train/loss/image 3.47 / train/loss/inv 0 / train/loss/policy -0.03 / train/loss/rep 3.09 / train/loss/repval 1.11 / train/loss/rew 0.55 / train/loss/value 1.02 / replay/replay_ratio 264 / fps/policy 6.37 / fps/train 1630.9

Writing metrics: /home/zhangpeiying01/lfy/btwm-7.7/runs/dreamerv3_dmc_walker_walk_seed2_dv3_300k_s2/metrics.jsonl
Writing metrics: /home/zhangpeiying01/lfy/btwm-7.7/runs/dreamerv3_dmc_walker_walk_seed2_dv3_300k_s2/scores.jsonl

--------------------[Agent Step 155_808]--------------------
Metrics filtered by: 'score|length|fps|ratio|train/loss/|train/acc/|train/inv/|train/rand/'
train/acc/inv 0.04 / train/inv/ce 3.26 / train/inv/confidence 0.04 / train/inv/confidence_gating 0 / train/inv/effective_rep_weight 0 / train/inv/head_objective 1.07 / train/inv/head_weight 0 / train/inv/objective 1.07 / train/inv/policy_weight_max 1 / train/inv/policy_weight_mean 1 / train/inv/policy_weight_min 1 / train/inv/policy_weight_std 0 / train/inv/valid_frac 1 / train/inv/weight 0 / train/loss/con 0.02 / train/loss/dyn 3.11 / train/loss/image 3.46 / train/loss/inv 0 / train/loss/policy -0.03 / train/loss/rep 3.11 / train/loss/repval 1.11 / train/loss/rew 0.55 / train/loss/value 1.01 / replay/replay_ratio 264 / fps/policy 6.23 / fps/train 1595.51

Writing metrics: /home/zhangpeiying01/lfy/btwm-7.7/runs/dreamerv3_dmc_walker_walk_seed2_dv3_300k_s2/metrics.jsonl
Writing metrics: /home/zhangpeiying01/lfy/btwm-7.7/runs/dreamerv3_dmc_walker_walk_seed2_dv3_300k_s2/scores.jsonl

--------------------[Agent Step 156_640]--------------------
Metrics filtered by: 'score|length|fps|ratio|train/loss/|train/acc/|train/inv/|train/rand/'
train/acc/inv 0.04 / train/inv/ce 3.26 / train/inv/confidence 0.04 / train/inv/confidence_gating 0 / train/inv/effective_rep_weight 0 / train/inv/head_objective 1.07 / train/inv/head_weight 0 / train/inv/objective 1.07 / train/inv/policy_weight_max 1 / train/inv/policy_weight_mean 1 / train/inv/policy_weight_min 1 / train/inv/policy_weight_std 0 / train/inv/valid_frac 1 / train/inv/weight 0 / train/loss/con 0.02 / train/loss/dyn 3.09 / train/loss/image 3.44 / train/loss/inv 0 / train/loss/policy -0.03 / train/loss/rep 3.09 / train/loss/repval 1.1 / train/loss/rew 0.55 / train/loss/value 1 / replay/replay_ratio 264 / fps/policy 6.86 / fps/train 1756.57

Writing metrics: /home/zhangpeiying01/lfy/btwm-7.7/runs/dreamerv3_dmc_walker_walk_seed2_dv3_300k_s2/scores.jsonl
Writing metrics: /home/zhangpeiying01/lfy/btwm-7.7/runs/dreamerv3_dmc_walker_walk_seed2_dv3_300k_s2/metrics.jsonl

--------------------[Agent Step 157_856]--------------------
Metrics filtered by: 'score|length|fps|ratio|train/loss/|train/acc/|train/inv/|train/rand/'
train/acc/inv 0.04 / train/inv/ce 3.26 / train/inv/confidence 0.04 / train/inv/confidence_gating 0 / train/inv/effective_rep_weight 0 / train/inv/head_objective 1.07 / train/inv/head_weight 0 / train/inv/objective 1.07 / train/inv/policy_weight_max 1 / train/inv/policy_weight_mean 1 / train/inv/policy_weight_min 1 / train/inv/policy_weight_std 0 / train/inv/valid_frac 1 / train/inv/weight 0 / train/loss/con 0.02 / train/loss/dyn 3.07 / train/loss/image 3.41 / train/loss/inv 0 / train/loss/policy -0.03 / train/loss/rep 3.07 / train/loss/repval 1.09 / train/loss/rew 0.55 / train/loss/value 0.99 / replay/replay_ratio 264 / fps/policy 10.03 / fps/train 2568.45

Writing metrics: /home/zhangpeiying01/lfy/btwm-7.7/runs/dreamerv3_dmc_walker_walk_seed2_dv3_300k_s2/scores.jsonl
Writing metrics: /home/zhangpeiying01/lfy/btwm-7.7/runs/dreamerv3_dmc_walker_walk_seed2_dv3_300k_s2/metrics.jsonl

--------------------[Agent Step 158_880]--------------------
Metrics filtered by: 'score|length|fps|ratio|train/loss/|train/acc/|train/inv/|train/rand/'
train/acc/inv 0.04 / train/inv/ce 3.26 / train/inv/confidence 0.04 / train/inv/confidence_gating 0 / train/inv/effective_rep_weight 0 / train/inv/head_objective 1.07 / train/inv/head_weight 0 / train/inv/objective 1.07 / train/inv/policy_weight_max 1 / train/inv/policy_weight_mean 1 / train/inv/policy_weight_min 1 / train/inv/policy_weight_std 0 / train/inv/valid_frac 1 / train/inv/weight 0 / train/loss/con 0.02 / train/loss/dyn 3.09 / train/loss/image 3.41 / train/loss/inv 0 / train/loss/policy -0.03 / train/loss/rep 3.09 / train/loss/repval 1.09 / train/loss/rew 0.55 / train/loss/value 0.99 / replay/replay_ratio 264 / fps/policy 8.47 / fps/train 2167.46

Writing metrics: /home/zhangpeiying01/lfy/btwm-7.7/runs/dreamerv3_dmc_walker_walk_seed2_dv3_300k_s2/metrics.jsonl
Writing metrics: /home/zhangpeiying01/lfy/btwm-7.7/runs/dreamerv3_dmc_walker_walk_seed2_dv3_300k_s2/scores.jsonl

--------------------[Agent Step 159_968]--------------------
Metrics filtered by: 'score|length|fps|ratio|train/loss/|train/acc/|train/inv/|train/rand/'
train/acc/inv 0.04 / train/inv/ce 3.26 / train/inv/confidence 0.04 / train/inv/confidence_gating 0 / train/inv/effective_rep_weight 0 / train/inv/head_objective 1.07 / train/inv/head_weight 0 / train/inv/objective 1.07 / train/inv/policy_weight_max 1 / train/inv/policy_weight_mean 1 / train/inv/policy_weight_min 1 / train/inv/policy_weight_std 0 / train/inv/valid_frac 1 / train/inv/weight 0 / train/loss/con 0.02 / train/loss/dyn 3.05 / train/loss/image 3.41 / train/loss/inv 0 / train/loss/policy -0.03 / train/loss/rep 3.05 / train/loss/repval 1.09 / train/loss/rew 0.55 / train/loss/value 0.99 / replay/replay_ratio 264 / fps/policy 9.02 / fps/train 2309.7

Writing metrics: /home/zhangpeiying01/lfy/btwm-7.7/runs/dreamerv3_dmc_walker_walk_seed2_dv3_300k_s2/metrics.jsonl
Writing metrics: /home/zhangpeiying01/lfy/btwm-7.7/runs/dreamerv3_dmc_walker_walk_seed2_dv3_300k_s2/scores.jsonl

--------------------[Agent Step 161_200]--------------------
Metrics filtered by: 'score|length|fps|ratio|train/loss/|train/acc/|train/inv/|train/rand/'
episode/score 887.8 / episode/length 1001 / train/acc/inv 0.04 / train/inv/ce 3.26 / train/inv/confidence 0.04 / train/inv/confidence_gating 0 / train/inv/effective_rep_weight 0 / train/inv/head_objective 1.07 / train/inv/head_weight 0 / train/inv/objective 1.07 / train/inv/policy_weight_max 1 / train/inv/policy_weight_mean 1 / train/inv/policy_weight_min 1 / train/inv/policy_weight_std 0 / train/inv/valid_frac 1 / train/inv/weight 0 / train/loss/con 0.02 / train/loss/dyn 3.24 / train/loss/image 3.58 / train/loss/inv 0 / train/loss/policy -0.03 / train/loss/rep 3.24 / train/loss/repval 1.09 / train/loss/rew 0.55 / train/loss/value 0.99 / replay/replay_ratio 264 / fps/policy 10.26 / fps/train 2625.29

Writing metrics: /home/zhangpeiying01/lfy/btwm-7.7/runs/dreamerv3_dmc_walker_walk_seed2_dv3_300k_s2/metrics.jsonl
Writing metrics: /home/zhangpeiying01/lfy/btwm-7.7/runs/dreamerv3_dmc_walker_walk_seed2_dv3_300k_s2/scores.jsonl

--------------------[Agent Step 162_432]--------------------
Metrics filtered by: 'score|length|fps|ratio|train/loss/|train/acc/|train/inv/|train/rand/'
train/acc/inv 0.04 / train/inv/ce 3.26 / train/inv/confidence 0.04 / train/inv/confidence_gating 0 / train/inv/effective_rep_weight 0 / train/inv/head_objective 1.07 / train/inv/head_weight 0 / train/inv/objective 1.07 / train/inv/policy_weight_max 1 / train/inv/policy_weight_mean 1 / train/inv/policy_weight_min 1 / train/inv/policy_weight_std 0 / train/inv/valid_frac 1 / train/inv/weight 0 / train/loss/con 0.02 / train/loss/dyn 3.08 / train/loss/image 3.48 / train/loss/inv 0 / train/loss/policy -0.03 / train/loss/rep 3.08 / train/loss/repval 1.08 / train/loss/rew 0.55 / train/loss/value 0.98 / replay/replay_ratio 264 / fps/policy 10.21 / fps/train 2613.79

Writing metrics: /home/zhangpeiying01/lfy/btwm-7.7/runs/dreamerv3_dmc_walker_walk_seed2_dv3_300k_s2/metrics.jsonl
Writing metrics: /home/zhangpeiying01/lfy/btwm-7.7/runs/dreamerv3_dmc_walker_walk_seed2_dv3_300k_s2/scores.jsonl

--------------------[Agent Step 163_312]--------------------
Metrics filtered by: 'score|length|fps|ratio|train/loss/|train/acc/|train/inv/|train/rand/'
train/acc/inv 0.04 / train/inv/ce 3.26 / train/inv/confidence 0.04 / train/inv/confidence_gating 0 / train/inv/effective_rep_weight 0 / train/inv/head_objective 1.07 / train/inv/head_weight 0 / train/inv/objective 1.07 / train/inv/policy_weight_max 1 / train/inv/policy_weight_mean 1 / train/inv/policy_weight_min 1 / train/inv/policy_weight_std 0 / train/inv/valid_frac 1 / train/inv/weight 0 / train/loss/con 0.02 / train/loss/dyn 3.07 / train/loss/image 3.43 / train/loss/inv 0 / train/loss/policy -0.03 / train/loss/rep 3.07 / train/loss/repval 1.07 / train/loss/rew 0.55 / train/loss/value 0.97 / replay/replay_ratio 264 / fps/policy 7.24 / fps/train 1854.5

Writing metrics: /home/zhangpeiying01/lfy/btwm-7.7/runs/dreamerv3_dmc_walker_walk_seed2_dv3_300k_s2/metrics.jsonl
Writing metrics: /home/zhangpeiying01/lfy/btwm-7.7/runs/dreamerv3_dmc_walker_walk_seed2_dv3_300k_s2/scores.jsonl

--------------------[Agent Step 164_128]--------------------
Metrics filtered by: 'score|length|fps|ratio|train/loss/|train/acc/|train/inv/|train/rand/'
train/acc/inv 0.04 / train/inv/ce 3.26 / train/inv/confidence 0.04 / train/inv/confidence_gating 0 / train/inv/effective_rep_weight 0 / train/inv/head_objective 1.07 / train/inv/head_weight 0 / train/inv/objective 1.07 / train/inv/policy_weight_max 1 / train/inv/policy_weight_mean 1 / train/inv/policy_weight_min 1 / train/inv/policy_weight_std 0 / train/inv/valid_frac 1 / train/inv/weight 0 / train/loss/con 0.02 / train/loss/dyn 3.01 / train/loss/image 3.39 / train/loss/inv 0 / train/loss/policy -0.03 / train/loss/rep 3.01 / train/loss/repval 1.07 / train/loss/rew 0.55 / train/loss/value 0.97 / replay/replay_ratio 264 / fps/policy 6.79 / fps/train 1738.5

Writing metrics: /home/zhangpeiying01/lfy/btwm-7.7/runs/dreamerv3_dmc_walker_walk_seed2_dv3_300k_s2/scores.jsonl
Writing metrics: /home/zhangpeiying01/lfy/btwm-7.7/runs/dreamerv3_dmc_walker_walk_seed2_dv3_300k_s2/metrics.jsonl

--------------------[Agent Step 164_928]--------------------
Metrics filtered by: 'score|length|fps|ratio|train/loss/|train/acc/|train/inv/|train/rand/'
train/acc/inv 0.04 / train/inv/ce 3.26 / train/inv/confidence 0.04 / train/inv/confidence_gating 0 / train/inv/effective_rep_weight 0 / train/inv/head_objective 1.07 / train/inv/head_weight 0 / train/inv/objective 1.07 / train/inv/policy_weight_max 1 / train/inv/policy_weight_mean 1 / train/inv/policy_weight_min 1 / train/inv/policy_weight_std 0 / train/inv/valid_frac 1 / train/inv/weight 0 / train/loss/con 0.02 / train/loss/dyn 3.07 / train/loss/image 3.41 / train/loss/inv 0 / train/loss/policy -0.03 / train/loss/rep 3.07 / train/loss/repval 1.07 / train/loss/rew 0.55 / train/loss/value 0.97 / replay/replay_ratio 264 / fps/policy 6.55 / fps/train 1676.32

Writing metrics: /home/zhangpeiying01/lfy/btwm-7.7/runs/dreamerv3_dmc_walker_walk_seed2_dv3_300k_s2/metrics.jsonl
Writing metrics: /home/zhangpeiying01/lfy/btwm-7.7/runs/dreamerv3_dmc_walker_walk_seed2_dv3_300k_s2/scores.jsonl

--------------------[Agent Step 165_696]--------------------
Metrics filtered by: 'score|length|fps|ratio|train/loss/|train/acc/|train/inv/|train/rand/'
train/acc/inv 0.04 / train/inv/ce 3.25 / train/inv/confidence 0.04 / train/inv/confidence_gating 0 / train/inv/effective_rep_weight 0 / train/inv/head_objective 1.07 / train/inv/head_weight 0 / train/inv/objective 1.07 / train/inv/policy_weight_max 1 / train/inv/policy_weight_mean 1 / train/inv/policy_weight_min 1 / train/inv/policy_weight_std 0 / train/inv/valid_frac 1 / train/inv/weight 0 / train/loss/con 0.02 / train/loss/dyn 3.04 / train/loss/image 3.37 / train/loss/inv 0 / train/loss/policy -0.03 / train/loss/rep 3.04 / train/loss/repval 1.06 / train/loss/rew 0.55 / train/loss/value 0.96 / replay/replay_ratio 264 / fps/policy 6.31 / fps/train 1614.32

Writing metrics: /home/zhangpeiying01/lfy/btwm-7.7/runs/dreamerv3_dmc_walker_walk_seed2_dv3_300k_s2/scores.jsonl
Writing metrics: /home/zhangpeiying01/lfy/btwm-7.7/runs/dreamerv3_dmc_walker_walk_seed2_dv3_300k_s2/metrics.jsonl

--------------------[Agent Step 166_464]--------------------
Metrics filtered by: 'score|length|fps|ratio|train/loss/|train/acc/|train/inv/|train/rand/'
train/acc/inv 0.04 / train/inv/ce 3.26 / train/inv/confidence 0.04 / train/inv/confidence_gating 0 / train/inv/effective_rep_weight 0 / train/inv/head_objective 1.07 / train/inv/head_weight 0 / train/inv/objective 1.07 / train/inv/policy_weight_max 1 / train/inv/policy_weight_mean 1 / train/inv/policy_weight_min 1 / train/inv/policy_weight_std 0 / train/inv/valid_frac 1 / train/inv/weight 0 / train/loss/con 0.02 / train/loss/dyn 3.04 / train/loss/image 3.37 / train/loss/inv 0 / train/loss/policy -0.03 / train/loss/rep 3.04 / train/loss/repval 1.07 / train/loss/rew 0.55 / train/loss/value 0.96 / replay/replay_ratio 264 / fps/policy 6.31 / fps/train 1615.05

Writing metrics: /home/zhangpeiying01/lfy/btwm-7.7/runs/dreamerv3_dmc_walker_walk_seed2_dv3_300k_s2/metrics.jsonl
Writing metrics: /home/zhangpeiying01/lfy/btwm-7.7/runs/dreamerv3_dmc_walker_walk_seed2_dv3_300k_s2/scores.jsonl

--------------------[Agent Step 167_232]--------------------
Metrics filtered by: 'score|length|fps|ratio|train/loss/|train/acc/|train/inv/|train/rand/'
train/acc/inv 0.04 / train/inv/ce 3.26 / train/inv/confidence 0.04 / train/inv/confidence_gating 0 / train/inv/effective_rep_weight 0 / train/inv/head_objective 1.07 / train/inv/head_weight 0 / train/inv/objective 1.07 / train/inv/policy_weight_max 1 / train/inv/policy_weight_mean 1 / train/inv/policy_weight_min 1 / train/inv/policy_weight_std 0 / train/inv/valid_frac 1 / train/inv/weight 0 / train/loss/con 0.02 / train/loss/dyn 3.03 / train/loss/image 3.37 / train/loss/inv 0 / train/loss/policy -0.03 / train/loss/rep 3.03 / train/loss/repval 1.07 / train/loss/rew 0.55 / train/loss/value 0.97 / replay/replay_ratio 264 / fps/policy 6.43 / fps/train 1645.65

Writing metrics: /home/zhangpeiying01/lfy/btwm-7.7/runs/dreamerv3_dmc_walker_walk_seed2_dv3_300k_s2/metrics.jsonl
Writing metrics: /home/zhangpeiying01/lfy/btwm-7.7/runs/dreamerv3_dmc_walker_walk_seed2_dv3_300k_s2/scores.jsonl

--------------------[Agent Step 168_048]--------------------
Metrics filtered by: 'score|length|fps|ratio|train/loss/|train/acc/|train/inv/|train/rand/'
train/acc/inv 0.04 / train/inv/ce 3.25 / train/inv/confidence 0.04 / train/inv/confidence_gating 0 / train/inv/effective_rep_weight 0 / train/inv/head_objective 1.07 / train/inv/head_weight 0 / train/inv/objective 1.07 / train/inv/policy_weight_max 1 / train/inv/policy_weight_mean 1 / train/inv/policy_weight_min 1 / train/inv/policy_weight_std 0 / train/inv/valid_frac 1 / train/inv/weight 0 / train/loss/con 0.02 / train/loss/dyn 3.04 / train/loss/image 3.36 / train/loss/inv 0 / train/loss/policy -0.03 / train/loss/rep 3.04 / train/loss/repval 1.07 / train/loss/rew 0.55 / train/loss/value 0.97 / replay/replay_ratio 264 / fps/policy 6.71 / fps/train 1716.62

Writing metrics: /home/zhangpeiying01/lfy/btwm-7.7/runs/dreamerv3_dmc_walker_walk_seed2_dv3_300k_s2/metrics.jsonl
Writing metrics: /home/zhangpeiying01/lfy/btwm-7.7/runs/dreamerv3_dmc_walker_walk_seed2_dv3_300k_s2/scores.jsonl

--------------------[Agent Step 168_832]--------------------
Metrics filtered by: 'score|length|fps|ratio|train/loss/|train/acc/|train/inv/|train/rand/'
train/acc/inv 0.04 / train/inv/ce 3.26 / train/inv/confidence 0.04 / train/inv/confidence_gating 0 / train/inv/effective_rep_weight 0 / train/inv/head_objective 1.07 / train/inv/head_weight 0 / train/inv/objective 1.07 / train/inv/policy_weight_max 1 / train/inv/policy_weight_mean 1 / train/inv/policy_weight_min 1 / train/inv/policy_weight_std 0 / train/inv/valid_frac 1 / train/inv/weight 0 / train/loss/con 0.02 / train/loss/dyn 3.03 / train/loss/image 3.34 / train/loss/inv 0 / train/loss/policy -0.03 / train/loss/rep 3.03 / train/loss/repval 1.07 / train/loss/rew 0.55 / train/loss/value 0.97 / replay/replay_ratio 264 / fps/policy 6.49 / fps/train 1660.32

Writing metrics: /home/zhangpeiying01/lfy/btwm-7.7/runs/dreamerv3_dmc_walker_walk_seed2_dv3_300k_s2/scores.jsonl
Writing metrics: /home/zhangpeiying01/lfy/btwm-7.7/runs/dreamerv3_dmc_walker_walk_seed2_dv3_300k_s2/metrics.jsonl

--------------------[Agent Step 169_616]--------------------
Metrics filtered by: 'score|length|fps|ratio|train/loss/|train/acc/|train/inv/|train/rand/'
train/acc/inv 0.04 / train/inv/ce 3.25 / train/inv/confidence 0.04 / train/inv/confidence_gating 0 / train/inv/effective_rep_weight 0 / train/inv/head_objective 1.07 / train/inv/head_weight 0 / train/inv/objective 1.07 / train/inv/policy_weight_max 1 / train/inv/policy_weight_mean 1 / train/inv/policy_weight_min 1 / train/inv/policy_weight_std 0 / train/inv/valid_frac 1 / train/inv/weight 0 / train/loss/con 0.02 / train/loss/dyn 3.04 / train/loss/image 3.3 / train/loss/inv 0 / train/loss/policy -0.03 / train/loss/rep 3.04 / train/loss/repval 1.07 / train/loss/rew 0.55 / train/loss/value 0.96 / replay/replay_ratio 264 / fps/policy 6.49 / fps/train 1660.91

Writing metrics: /home/zhangpeiying01/lfy/btwm-7.7/runs/dreamerv3_dmc_walker_walk_seed2_dv3_300k_s2/scores.jsonl
Writing metrics: /home/zhangpeiying01/lfy/btwm-7.7/runs/dreamerv3_dmc_walker_walk_seed2_dv3_300k_s2/metrics.jsonl

--------------------[Agent Step 170_384]--------------------
Metrics filtered by: 'score|length|fps|ratio|train/loss/|train/acc/|train/inv/|train/rand/'
train/acc/inv 0.04 / train/inv/ce 3.25 / train/inv/confidence 0.04 / train/inv/confidence_gating 0 / train/inv/effective_rep_weight 0 / train/inv/head_objective 1.07 / train/inv/head_weight 0 / train/inv/objective 1.07 / train/inv/policy_weight_max 1 / train/inv/policy_weight_mean 1 / train/inv/policy_weight_min 1 / train/inv/policy_weight_std 0 / train/inv/valid_frac 1 / train/inv/weight 0 / train/loss/con 0.02 / train/loss/dyn 3.02 / train/loss/image 3.28 / train/loss/inv 0 / train/loss/policy -0.03 / train/loss/rep 3.02 / train/loss/repval 1.07 / train/loss/rew 0.55 / train/loss/value 0.96 / replay/replay_ratio 264 / fps/policy 6.33 / fps/train 1620.67

Writing metrics: /home/zhangpeiying01/lfy/btwm-7.7/runs/dreamerv3_dmc_walker_walk_seed2_dv3_300k_s2/metrics.jsonl
Writing metrics: /home/zhangpeiying01/lfy/btwm-7.7/runs/dreamerv3_dmc_walker_walk_seed2_dv3_300k_s2/scores.jsonl

--------------------[Agent Step 171_168]--------------------
Metrics filtered by: 'score|length|fps|ratio|train/loss/|train/acc/|train/inv/|train/rand/'
train/acc/inv 0.04 / train/inv/ce 3.25 / train/inv/confidence 0.04 / train/inv/confidence_gating 0 / train/inv/effective_rep_weight 0 / train/inv/head_objective 1.07 / train/inv/head_weight 0 / train/inv/objective 1.07 / train/inv/policy_weight_max 1 / train/inv/policy_weight_mean 1 / train/inv/policy_weight_min 1 / train/inv/policy_weight_std 0 / train/inv/valid_frac 1 / train/inv/weight 0 / train/loss/con 0.02 / train/loss/dyn 3.08 / train/loss/image 3.37 / train/loss/inv 0 / train/loss/policy -0.03 / train/loss/rep 3.08 / train/loss/repval 1.07 / train/loss/rew 0.55 / train/loss/value 0.97 / replay/replay_ratio 264 / fps/policy 6.41 / fps/train 1639.92

Writing metrics: /home/zhangpeiying01/lfy/btwm-7.7/runs/dreamerv3_dmc_walker_walk_seed2_dv3_300k_s2/metrics.jsonl
Writing metrics: /home/zhangpeiying01/lfy/btwm-7.7/runs/dreamerv3_dmc_walker_walk_seed2_dv3_300k_s2/scores.jsonl

--------------------[Agent Step 171_936]--------------------
Metrics filtered by: 'score|length|fps|ratio|train/loss/|train/acc/|train/inv/|train/rand/'
train/acc/inv 0.04 / train/inv/ce 3.25 / train/inv/confidence 0.04 / train/inv/confidence_gating 0 / train/inv/effective_rep_weight 0 / train/inv/head_objective 1.07 / train/inv/head_weight 0 / train/inv/objective 1.07 / train/inv/policy_weight_max 1 / train/inv/policy_weight_mean 1 / train/inv/policy_weight_min 1 / train/inv/policy_weight_std 0 / train/inv/valid_frac 1 / train/inv/weight 0 / train/loss/con 0.02 / train/loss/dyn 3.02 / train/loss/image 3.31 / train/loss/inv 0 / train/loss/policy -0.03 / train/loss/rep 3.02 / train/loss/repval 1.07 / train/loss/rew 0.55 / train/loss/value 0.97 / replay/replay_ratio 264 / fps/policy 6.38 / fps/train 1633.19

Writing metrics: /home/zhangpeiying01/lfy/btwm-7.7/runs/dreamerv3_dmc_walker_walk_seed2_dv3_300k_s2/metrics.jsonl
Writing metrics: /home/zhangpeiying01/lfy/btwm-7.7/runs/dreamerv3_dmc_walker_walk_seed2_dv3_300k_s2/scores.jsonl

--------------------[Agent Step 172_704]--------------------
Metrics filtered by: 'score|length|fps|ratio|train/loss/|train/acc/|train/inv/|train/rand/'
train/acc/inv 0.04 / train/inv/ce 3.25 / train/inv/confidence 0.04 / train/inv/confidence_gating 0 / train/inv/effective_rep_weight 0 / train/inv/head_objective 1.07 / train/inv/head_weight 0 / train/inv/objective 1.07 / train/inv/policy_weight_max 1 / train/inv/policy_weight_mean 1 / train/inv/policy_weight_min 1 / train/inv/policy_weight_std 0 / train/inv/valid_frac 1 / train/inv/weight 0 / train/loss/con 0.02 / train/loss/dyn 3.06 / train/loss/image 3.33 / train/loss/inv 0 / train/loss/policy -0.03 / train/loss/rep 3.06 / train/loss/repval 1.07 / train/loss/rew 0.55 / train/loss/value 0.97 / replay/replay_ratio 264 / fps/policy 6.29 / fps/train 1611.12

Writing metrics: /home/zhangpeiying01/lfy/btwm-7.7/runs/dreamerv3_dmc_walker_walk_seed2_dv3_300k_s2/metrics.jsonl
Writing metrics: /home/zhangpeiying01/lfy/btwm-7.7/runs/dreamerv3_dmc_walker_walk_seed2_dv3_300k_s2/scores.jsonl

--------------------[Agent Step 173_488]--------------------
Metrics filtered by: 'score|length|fps|ratio|train/loss/|train/acc/|train/inv/|train/rand/'
train/acc/inv 0.04 / train/inv/ce 3.25 / train/inv/confidence 0.04 / train/inv/confidence_gating 0 / train/inv/effective_rep_weight 0 / train/inv/head_objective 1.07 / train/inv/head_weight 0 / train/inv/objective 1.07 / train/inv/policy_weight_max 1 / train/inv/policy_weight_mean 1 / train/inv/policy_weight_min 1 / train/inv/policy_weight_std 0 / train/inv/valid_frac 1 / train/inv/weight 0 / train/loss/con 0.02 / train/loss/dyn 3 / train/loss/image 3.29 / train/loss/inv 0 / train/loss/policy -0.03 / train/loss/rep 3 / train/loss/repval 1.07 / train/loss/rew 0.56 / train/loss/value 0.97 / replay/replay_ratio 264 / fps/policy 6.4 / fps/train 1637.7

Writing metrics: /home/zhangpeiying01/lfy/btwm-7.7/runs/dreamerv3_dmc_walker_walk_seed2_dv3_300k_s2/metrics.jsonl
Writing metrics: /home/zhangpeiying01/lfy/btwm-7.7/runs/dreamerv3_dmc_walker_walk_seed2_dv3_300k_s2/scores.jsonl

--------------------[Agent Step 174_288]--------------------
Metrics filtered by: 'score|length|fps|ratio|train/loss/|train/acc/|train/inv/|train/rand/'
train/acc/inv 0.04 / train/inv/ce 3.25 / train/inv/confidence 0.04 / train/inv/confidence_gating 0 / train/inv/effective_rep_weight 0 / train/inv/head_objective 1.07 / train/inv/head_weight 0 / train/inv/objective 1.07 / train/inv/policy_weight_max 1 / train/inv/policy_weight_mean 1 / train/inv/policy_weight_min 1 / train/inv/policy_weight_std 0 / train/inv/valid_frac 1 / train/inv/weight 0 / train/loss/con 0.02 / train/loss/dyn 3.05 / train/loss/image 3.29 / train/loss/inv 0 / train/loss/policy -0.03 / train/loss/rep 3.05 / train/loss/repval 1.06 / train/loss/rew 0.56 / train/loss/value 0.96 / replay/replay_ratio 264 / fps/policy 6.56 / fps/train 1678.93

Writing metrics: /home/zhangpeiying01/lfy/btwm-7.7/runs/dreamerv3_dmc_walker_walk_seed2_dv3_300k_s2/metrics.jsonl
Writing metrics: /home/zhangpeiying01/lfy/btwm-7.7/runs/dreamerv3_dmc_walker_walk_seed2_dv3_300k_s2/scores.jsonl

--------------------[Agent Step 175_072]--------------------
Metrics filtered by: 'score|length|fps|ratio|train/loss/|train/acc/|train/inv/|train/rand/'
train/acc/inv 0.04 / train/inv/ce 3.25 / train/inv/confidence 0.04 / train/inv/confidence_gating 0 / train/inv/effective_rep_weight 0 / train/inv/head_objective 1.07 / train/inv/head_weight 0 / train/inv/objective 1.07 / train/inv/policy_weight_max 1 / train/inv/policy_weight_mean 1 / train/inv/policy_weight_min 1 / train/inv/policy_weight_std 0 / train/inv/valid_frac 1 / train/inv/weight 0 / train/loss/con 0.02 / train/loss/dyn 3.04 / train/loss/image 3.34 / train/loss/inv 0 / train/loss/policy -0.03 / train/loss/rep 3.04 / train/loss/repval 1.07 / train/loss/rew 0.56 / train/loss/value 0.97 / replay/replay_ratio 264 / fps/policy 6.42 / fps/train 1644.8

Writing metrics: /home/zhangpeiying01/lfy/btwm-7.7/runs/dreamerv3_dmc_walker_walk_seed2_dv3_300k_s2/metrics.jsonl
Writing metrics: /home/zhangpeiying01/lfy/btwm-7.7/runs/dreamerv3_dmc_walker_walk_seed2_dv3_300k_s2/scores.jsonl

--------------------[Agent Step 175_856]--------------------
Metrics filtered by: 'score|length|fps|ratio|train/loss/|train/acc/|train/inv/|train/rand/'
train/acc/inv 0.04 / train/inv/ce 3.25 / train/inv/confidence 0.04 / train/inv/confidence_gating 0 / train/inv/effective_rep_weight 0 / train/inv/head_objective 1.07 / train/inv/head_weight 0 / train/inv/objective 1.07 / train/inv/policy_weight_max 1 / train/inv/policy_weight_mean 1 / train/inv/policy_weight_min 1 / train/inv/policy_weight_std 0 / train/inv/valid_frac 1 / train/inv/weight 0 / train/loss/con 0.02 / train/loss/dyn 2.94 / train/loss/image 3.28 / train/loss/inv 0 / train/loss/policy -0.03 / train/loss/rep 2.94 / train/loss/repval 1.07 / train/loss/rew 0.55 / train/loss/value 0.97 / replay/replay_ratio 264 / fps/policy 6.46 / fps/train 1654.12

Writing metrics: /home/zhangpeiying01/lfy/btwm-7.7/runs/dreamerv3_dmc_walker_walk_seed2_dv3_300k_s2/metrics.jsonl
Writing metrics: /home/zhangpeiying01/lfy/btwm-7.7/runs/dreamerv3_dmc_walker_walk_seed2_dv3_300k_s2/scores.jsonl

--------------------[Agent Step 176_640]--------------------
Metrics filtered by: 'score|length|fps|ratio|train/loss/|train/acc/|train/inv/|train/rand/'
episode/score 943.48 / episode/length 1001 / train/acc/inv 0.04 / train/inv/ce 3.25 / train/inv/confidence 0.04 / train/inv/confidence_gating 0 / train/inv/effective_rep_weight 0 / train/inv/head_objective 1.07 / train/inv/head_weight 0 / train/inv/objective 1.07 / train/inv/policy_weight_max 1 / train/inv/policy_weight_mean 1 / train/inv/policy_weight_min 1 / train/inv/policy_weight_std 0 / train/inv/valid_frac 1 / train/inv/weight 0 / train/loss/con 0.02 / train/loss/dyn 3.01 / train/loss/image 3.32 / train/loss/inv 0 / train/loss/policy -0.03 / train/loss/rep 3.01 / train/loss/repval 1.06 / train/loss/rew 0.56 / train/loss/value 0.97 / replay/replay_ratio 264 / fps/policy 6.5 / fps/train 1664.99

Writing metrics: /home/zhangpeiying01/lfy/btwm-7.7/runs/dreamerv3_dmc_walker_walk_seed2_dv3_300k_s2/metrics.jsonl
Writing metrics: /home/zhangpeiying01/lfy/btwm-7.7/runs/dreamerv3_dmc_walker_walk_seed2_dv3_300k_s2/scores.jsonl

--------------------[Agent Step 177_424]--------------------
Metrics filtered by: 'score|length|fps|ratio|train/loss/|train/acc/|train/inv/|train/rand/'
train/acc/inv 0.04 / train/inv/ce 3.25 / train/inv/confidence 0.04 / train/inv/confidence_gating 0 / train/inv/effective_rep_weight 0 / train/inv/head_objective 1.07 / train/inv/head_weight 0 / train/inv/objective 1.07 / train/inv/policy_weight_max 1 / train/inv/policy_weight_mean 1 / train/inv/policy_weight_min 1 / train/inv/policy_weight_std 0 / train/inv/valid_frac 1 / train/inv/weight 0 / train/loss/con 0.02 / train/loss/dyn 3.21 / train/loss/image 3.56 / train/loss/inv 0 / train/loss/policy -0.02 / train/loss/rep 3.21 / train/loss/repval 1.06 / train/loss/rew 0.56 / train/loss/value 0.96 / replay/replay_ratio 264 / fps/policy 6.43 / fps/train 1646.01

Writing metrics: /home/zhangpeiying01/lfy/btwm-7.7/runs/dreamerv3_dmc_walker_walk_seed2_dv3_300k_s2/metrics.jsonl
Writing metrics: /home/zhangpeiying01/lfy/btwm-7.7/runs/dreamerv3_dmc_walker_walk_seed2_dv3_300k_s2/scores.jsonl
Saving checkpoint: /home/zhangpeiying01/lfy/btwm-7.7/runs/dreamerv3_dmc_walker_walk_seed2_dv3_300k_s2/ckpt/20260718T051910F281687
Saved checkpoint.

--------------------[Agent Step 178_176]--------------------
Metrics filtered by: 'score|length|fps|ratio|train/loss/|train/acc/|train/inv/|train/rand/'
train/acc/inv 0.04 / train/inv/ce 3.25 / train/inv/confidence 0.04 / train/inv/confidence_gating 0 / train/inv/effective_rep_weight 0 / train/inv/head_objective 1.07 / train/inv/head_weight 0 / train/inv/objective 1.07 / train/inv/policy_weight_max 1 / train/inv/policy_weight_mean 1 / train/inv/policy_weight_min 1 / train/inv/policy_weight_std 0 / train/inv/valid_frac 1 / train/inv/weight 0 / train/loss/con 0.02 / train/loss/dyn 3.09 / train/loss/image 3.43 / train/loss/inv 0 / train/loss/policy -0.03 / train/loss/rep 3.09 / train/loss/repval 1.06 / train/loss/rew 0.56 / train/loss/value 0.97 / replay/replay_ratio 264 / fps/policy 6.06 / fps/train 1550.94

Writing metrics: /home/zhangpeiying01/lfy/btwm-7.7/runs/dreamerv3_dmc_walker_walk_seed2_dv3_300k_s2/metrics.jsonl
Writing metrics: /home/zhangpeiying01/lfy/btwm-7.7/runs/dreamerv3_dmc_walker_walk_seed2_dv3_300k_s2/scores.jsonl

--------------------[Agent Step 178_960]--------------------
Metrics filtered by: 'score|length|fps|ratio|train/loss/|train/acc/|train/inv/|train/rand/'
train/acc/inv 0.04 / train/inv/ce 3.25 / train/inv/confidence 0.04 / train/inv/confidence_gating 0 / train/inv/effective_rep_weight 0 / train/inv/head_objective 1.07 / train/inv/head_weight 0 / train/inv/objective 1.07 / train/inv/policy_weight_max 1 / train/inv/policy_weight_mean 1 / train/inv/policy_weight_min 1 / train/inv/policy_weight_std 0 / train/inv/valid_frac 1 / train/inv/weight 0 / train/loss/con 0.02 / train/loss/dyn 2.98 / train/loss/image 3.33 / train/loss/inv 0 / train/loss/policy -0.02 / train/loss/rep 2.98 / train/loss/repval 1.06 / train/loss/rew 0.56 / train/loss/value 0.97 / replay/replay_ratio 264 / fps/policy 6.42 / fps/train 1643.82

Writing metrics: /home/zhangpeiying01/lfy/btwm-7.7/runs/dreamerv3_dmc_walker_walk_seed2_dv3_300k_s2/metrics.jsonl
Writing metrics: /home/zhangpeiying01/lfy/btwm-7.7/runs/dreamerv3_dmc_walker_walk_seed2_dv3_300k_s2/scores.jsonl

--------------------[Agent Step 179_744]--------------------
Metrics filtered by: 'score|length|fps|ratio|train/loss/|train/acc/|train/inv/|train/rand/'
train/acc/inv 0.04 / train/inv/ce 3.25 / train/inv/confidence 0.04 / train/inv/confidence_gating 0 / train/inv/effective_rep_weight 0 / train/inv/head_objective 1.07 / train/inv/head_weight 0 / train/inv/objective 1.07 / train/inv/policy_weight_max 1 / train/inv/policy_weight_mean 1 / train/inv/policy_weight_min 1 / train/inv/policy_weight_std 0 / train/inv/valid_frac 1 / train/inv/weight 0 / train/loss/con 0.02 / train/loss/dyn 3.02 / train/loss/image 3.36 / train/loss/inv 0 / train/loss/policy -0.02 / train/loss/rep 3.02 / train/loss/repval 1.05 / train/loss/rew 0.56 / train/loss/value 0.96 / replay/replay_ratio 264 / fps/policy 6.4 / fps/train 1639.62

Writing metrics: /home/zhangpeiying01/lfy/btwm-7.7/runs/dreamerv3_dmc_walker_walk_seed2_dv3_300k_s2/metrics.jsonl
Writing metrics: /home/zhangpeiying01/lfy/btwm-7.7/runs/dreamerv3_dmc_walker_walk_seed2_dv3_300k_s2/scores.jsonl

--------------------[Agent Step 180_528]--------------------
Metrics filtered by: 'score|length|fps|ratio|train/loss/|train/acc/|train/inv/|train/rand/'
train/acc/inv 0.04 / train/inv/ce 3.25 / train/inv/confidence 0.04 / train/inv/confidence_gating 0 / train/inv/effective_rep_weight 0 / train/inv/head_objective 1.07 / train/inv/head_weight 0 / train/inv/objective 1.07 / train/inv/policy_weight_max 1 / train/inv/policy_weight_mean 1 / train/inv/policy_weight_min 1 / train/inv/policy_weight_std 0 / train/inv/valid_frac 1 / train/inv/weight 0 / train/loss/con 0.02 / train/loss/dyn 2.98 / train/loss/image 3.33 / train/loss/inv 0 / train/loss/policy -0.02 / train/loss/rep 2.98 / train/loss/repval 1.06 / train/loss/rew 0.56 / train/loss/value 0.96 / replay/replay_ratio 264 / fps/policy 6.46 / fps/train 1654.37

Writing metrics: /home/zhangpeiying01/lfy/btwm-7.7/runs/dreamerv3_dmc_walker_walk_seed2_dv3_300k_s2/metrics.jsonl
Writing metrics: /home/zhangpeiying01/lfy/btwm-7.7/runs/dreamerv3_dmc_walker_walk_seed2_dv3_300k_s2/scores.jsonl

--------------------[Agent Step 181_296]--------------------
Metrics filtered by: 'score|length|fps|ratio|train/loss/|train/acc/|train/inv/|train/rand/'
train/acc/inv 0.04 / train/inv/ce 3.25 / train/inv/confidence 0.04 / train/inv/confidence_gating 0 / train/inv/effective_rep_weight 0 / train/inv/head_objective 1.07 / train/inv/head_weight 0 / train/inv/objective 1.07 / train/inv/policy_weight_max 1 / train/inv/policy_weight_mean 1 / train/inv/policy_weight_min 1 / train/inv/policy_weight_std 0 / train/inv/valid_frac 1 / train/inv/weight 0 / train/loss/con 0.02 / train/loss/dyn 3.04 / train/loss/image 3.36 / train/loss/inv 0 / train/loss/policy -0.02 / train/loss/rep 3.04 / train/loss/repval 1.05 / train/loss/rew 0.56 / train/loss/value 0.96 / replay/replay_ratio 264 / fps/policy 6.33 / fps/train 1619.77

Writing metrics: /home/zhangpeiying01/lfy/btwm-7.7/runs/dreamerv3_dmc_walker_walk_seed2_dv3_300k_s2/metrics.jsonl
Writing metrics: /home/zhangpeiying01/lfy/btwm-7.7/runs/dreamerv3_dmc_walker_walk_seed2_dv3_300k_s2/scores.jsonl

--------------------[Agent Step 182_064]--------------------
Metrics filtered by: 'score|length|fps|ratio|train/loss/|train/acc/|train/inv/|train/rand/'
train/acc/inv 0.04 / train/inv/ce 3.25 / train/inv/confidence 0.04 / train/inv/confidence_gating 0 / train/inv/effective_rep_weight 0 / train/inv/head_objective 1.07 / train/inv/head_weight 0 / train/inv/objective 1.07 / train/inv/policy_weight_max 1 / train/inv/policy_weight_mean 1 / train/inv/policy_weight_min 1 / train/inv/policy_weight_std 0 / train/inv/valid_frac 1 / train/inv/weight 0 / train/loss/con 0.02 / train/loss/dyn 3 / train/loss/image 3.31 / train/loss/inv 0 / train/loss/policy -0.02 / train/loss/rep 3 / train/loss/repval 1.05 / train/loss/rew 0.56 / train/loss/value 0.96 / replay/replay_ratio 264 / fps/policy 6.38 / fps/train 1633.67

Writing metrics: /home/zhangpeiying01/lfy/btwm-7.7/runs/dreamerv3_dmc_walker_walk_seed2_dv3_300k_s2/metrics.jsonl
Writing metrics: /home/zhangpeiying01/lfy/btwm-7.7/runs/dreamerv3_dmc_walker_walk_seed2_dv3_300k_s2/scores.jsonl

--------------------[Agent Step 182_848]--------------------
Metrics filtered by: 'score|length|fps|ratio|train/loss/|train/acc/|train/inv/|train/rand/'
train/acc/inv 0.04 / train/inv/ce 3.25 / train/inv/confidence 0.04 / train/inv/confidence_gating 0 / train/inv/effective_rep_weight 0 / train/inv/head_objective 1.07 / train/inv/head_weight 0 / train/inv/objective 1.07 / train/inv/policy_weight_max 1 / train/inv/policy_weight_mean 1 / train/inv/policy_weight_min 1 / train/inv/policy_weight_std 0 / train/inv/valid_frac 1 / train/inv/weight 0 / train/loss/con 0.02 / train/loss/dyn 2.97 / train/loss/image 3.26 / train/loss/inv 0 / train/loss/policy -0.02 / train/loss/rep 2.97 / train/loss/repval 1.05 / train/loss/rew 0.56 / train/loss/value 0.96 / replay/replay_ratio 264 / fps/policy 6.42 / fps/train 1644.25

Writing metrics: /home/zhangpeiying01/lfy/btwm-7.7/runs/dreamerv3_dmc_walker_walk_seed2_dv3_300k_s2/metrics.jsonl
Writing metrics: /home/zhangpeiying01/lfy/btwm-7.7/runs/dreamerv3_dmc_walker_walk_seed2_dv3_300k_s2/scores.jsonl

--------------------[Agent Step 183_632]--------------------
Metrics filtered by: 'score|length|fps|ratio|train/loss/|train/acc/|train/inv/|train/rand/'
train/acc/inv 0.04 / train/inv/ce 3.25 / train/inv/confidence 0.04 / train/inv/confidence_gating 0 / train/inv/effective_rep_weight 0 / train/inv/head_objective 1.07 / train/inv/head_weight 0 / train/inv/objective 1.07 / train/inv/policy_weight_max 1 / train/inv/policy_weight_mean 1 / train/inv/policy_weight_min 1 / train/inv/policy_weight_std 0 / train/inv/valid_frac 1 / train/inv/weight 0 / train/loss/con 0.02 / train/loss/dyn 2.98 / train/loss/image 3.26 / train/loss/inv 0 / train/loss/policy -0.02 / train/loss/rep 2.98 / train/loss/repval 1.05 / train/loss/rew 0.56 / train/loss/value 0.96 / replay/replay_ratio 264 / fps/policy 6.45 / fps/train 1649.96

Writing metrics: /home/zhangpeiying01/lfy/btwm-7.7/runs/dreamerv3_dmc_walker_walk_seed2_dv3_300k_s2/scores.jsonl
Writing metrics: /home/zhangpeiying01/lfy/btwm-7.7/runs/dreamerv3_dmc_walker_walk_seed2_dv3_300k_s2/metrics.jsonl

--------------------[Agent Step 184_400]--------------------
Metrics filtered by: 'score|length|fps|ratio|train/loss/|train/acc/|train/inv/|train/rand/'
train/acc/inv 0.04 / train/inv/ce 3.25 / train/inv/confidence 0.04 / train/inv/confidence_gating 0 / train/inv/effective_rep_weight 0 / train/inv/head_objective 1.07 / train/inv/head_weight 0 / train/inv/objective 1.07 / train/inv/policy_weight_max 1 / train/inv/policy_weight_mean 1 / train/inv/policy_weight_min 1 / train/inv/policy_weight_std 0 / train/inv/valid_frac 1 / train/inv/weight 0 / train/loss/con 0.02 / train/loss/dyn 3.08 / train/loss/image 3.31 / train/loss/inv 0 / train/loss/policy -0.02 / train/loss/rep 3.08 / train/loss/repval 1.05 / train/loss/rew 0.56 / train/loss/value 0.95 / replay/replay_ratio 264 / fps/policy 6.39 / fps/train 1636.46

Writing metrics: /home/zhangpeiying01/lfy/btwm-7.7/runs/dreamerv3_dmc_walker_walk_seed2_dv3_300k_s2/scores.jsonl
Writing metrics: /home/zhangpeiying01/lfy/btwm-7.7/runs/dreamerv3_dmc_walker_walk_seed2_dv3_300k_s2/metrics.jsonl

--------------------[Agent Step 185_184]--------------------
Metrics filtered by: 'score|length|fps|ratio|train/loss/|train/acc/|train/inv/|train/rand/'
train/acc/inv 0.04 / train/inv/ce 3.25 / train/inv/confidence 0.04 / train/inv/confidence_gating 0 / train/inv/effective_rep_weight 0 / train/inv/head_objective 1.07 / train/inv/head_weight 0 / train/inv/objective 1.07 / train/inv/policy_weight_max 1 / train/inv/policy_weight_mean 1 / train/inv/policy_weight_min 1 / train/inv/policy_weight_std 0 / train/inv/valid_frac 1 / train/inv/weight 0 / train/loss/con 0.02 / train/loss/dyn 2.96 / train/loss/image 3.25 / train/loss/inv 0 / train/loss/policy -0.03 / train/loss/rep 2.96 / train/loss/repval 1.04 / train/loss/rew 0.56 / train/loss/value 0.95 / replay/replay_ratio 264 / fps/policy 6.49 / fps/train 1662.49

Writing metrics: /home/zhangpeiying01/lfy/btwm-7.7/runs/dreamerv3_dmc_walker_walk_seed2_dv3_300k_s2/metrics.jsonl
Writing metrics: /home/zhangpeiying01/lfy/btwm-7.7/runs/dreamerv3_dmc_walker_walk_seed2_dv3_300k_s2/scores.jsonl

--------------------[Agent Step 185_952]--------------------
Metrics filtered by: 'score|length|fps|ratio|train/loss/|train/acc/|train/inv/|train/rand/'
train/acc/inv 0.04 / train/inv/ce 3.25 / train/inv/confidence 0.04 / train/inv/confidence_gating 0 / train/inv/effective_rep_weight 0 / train/inv/head_objective 1.07 / train/inv/head_weight 0 / train/inv/objective 1.07 / train/inv/policy_weight_max 1 / train/inv/policy_weight_mean 1 / train/inv/policy_weight_min 1 / train/inv/policy_weight_std 0 / train/inv/valid_frac 1 / train/inv/weight 0 / train/loss/con 0.02 / train/loss/dyn 3.04 / train/loss/image 3.3 / train/loss/inv 0 / train/loss/policy -0.03 / train/loss/rep 3.04 / train/loss/repval 1.05 / train/loss/rew 0.56 / train/loss/value 0.95 / replay/replay_ratio 264 / fps/policy 6.27 / fps/train 1606.11

Writing metrics: /home/zhangpeiying01/lfy/btwm-7.7/runs/dreamerv3_dmc_walker_walk_seed2_dv3_300k_s2/metrics.jsonl
Writing metrics: /home/zhangpeiying01/lfy/btwm-7.7/runs/dreamerv3_dmc_walker_walk_seed2_dv3_300k_s2/scores.jsonl

--------------------[Agent Step 186_704]--------------------
Metrics filtered by: 'score|length|fps|ratio|train/loss/|train/acc/|train/inv/|train/rand/'
train/acc/inv 0.04 / train/inv/ce 3.25 / train/inv/confidence 0.04 / train/inv/confidence_gating 0 / train/inv/effective_rep_weight 0 / train/inv/head_objective 1.07 / train/inv/head_weight 0 / train/inv/objective 1.07 / train/inv/policy_weight_max 1 / train/inv/policy_weight_mean 1 / train/inv/policy_weight_min 1 / train/inv/policy_weight_std 0 / train/inv/valid_frac 1 / train/inv/weight 0 / train/loss/con 0.02 / train/loss/dyn 2.96 / train/loss/image 3.24 / train/loss/inv 0 / train/loss/policy -0.02 / train/loss/rep 2.96 / train/loss/repval 1.05 / train/loss/rew 0.56 / train/loss/value 0.96 / replay/replay_ratio 264 / fps/policy 6.2 / fps/train 1587.5

Writing metrics: /home/zhangpeiying01/lfy/btwm-7.7/runs/dreamerv3_dmc_walker_walk_seed2_dv3_300k_s2/metrics.jsonl
Writing metrics: /home/zhangpeiying01/lfy/btwm-7.7/runs/dreamerv3_dmc_walker_walk_seed2_dv3_300k_s2/scores.jsonl

--------------------[Agent Step 187_472]--------------------
Metrics filtered by: 'score|length|fps|ratio|train/loss/|train/acc/|train/inv/|train/rand/'
train/acc/inv 0.04 / train/inv/ce 3.25 / train/inv/confidence 0.04 / train/inv/confidence_gating 0 / train/inv/effective_rep_weight 0 / train/inv/head_objective 1.07 / train/inv/head_weight 0 / train/inv/objective 1.07 / train/inv/policy_weight_max 1 / train/inv/policy_weight_mean 1 / train/inv/policy_weight_min 1 / train/inv/policy_weight_std 0 / train/inv/valid_frac 1 / train/inv/weight 0 / train/loss/con 0.02 / train/loss/dyn 2.97 / train/loss/image 3.28 / train/loss/inv 0 / train/loss/policy -0.03 / train/loss/rep 2.97 / train/loss/repval 1.05 / train/loss/rew 0.56 / train/loss/value 0.96 / replay/replay_ratio 264 / fps/policy 6.32 / fps/train 1618.44

Writing metrics: /home/zhangpeiying01/lfy/btwm-7.7/runs/dreamerv3_dmc_walker_walk_seed2_dv3_300k_s2/metrics.jsonl
Writing metrics: /home/zhangpeiying01/lfy/btwm-7.7/runs/dreamerv3_dmc_walker_walk_seed2_dv3_300k_s2/scores.jsonl

--------------------[Agent Step 188_240]--------------------
Metrics filtered by: 'score|length|fps|ratio|train/loss/|train/acc/|train/inv/|train/rand/'
train/acc/inv 0.04 / train/inv/ce 3.25 / train/inv/confidence 0.04 / train/inv/confidence_gating 0 / train/inv/effective_rep_weight 0 / train/inv/head_objective 1.07 / train/inv/head_weight 0 / train/inv/objective 1.07 / train/inv/policy_weight_max 1 / train/inv/policy_weight_mean 1 / train/inv/policy_weight_min 1 / train/inv/policy_weight_std 0 / train/inv/valid_frac 1 / train/inv/weight 0 / train/loss/con 0.02 / train/loss/dyn 3.02 / train/loss/image 3.28 / train/loss/inv 0 / train/loss/policy -0.03 / train/loss/rep 3.02 / train/loss/repval 1.05 / train/loss/rew 0.56 / train/loss/value 0.95 / replay/replay_ratio 264 / fps/policy 6.35 / fps/train 1624.85

Writing metrics: /home/zhangpeiying01/lfy/btwm-7.7/runs/dreamerv3_dmc_walker_walk_seed2_dv3_300k_s2/metrics.jsonl
Writing metrics: /home/zhangpeiying01/lfy/btwm-7.7/runs/dreamerv3_dmc_walker_walk_seed2_dv3_300k_s2/scores.jsonl

--------------------[Agent Step 189_024]--------------------
Metrics filtered by: 'score|length|fps|ratio|train/loss/|train/acc/|train/inv/|train/rand/'
train/acc/inv 0.04 / train/inv/ce 3.25 / train/inv/confidence 0.04 / train/inv/confidence_gating 0 / train/inv/effective_rep_weight 0 / train/inv/head_objective 1.07 / train/inv/head_weight 0 / train/inv/objective 1.07 / train/inv/policy_weight_max 1 / train/inv/policy_weight_mean 1 / train/inv/policy_weight_min 1 / train/inv/policy_weight_std 0 / train/inv/valid_frac 1 / train/inv/weight 0 / train/loss/con 0.02 / train/loss/dyn 2.97 / train/loss/image 3.22 / train/loss/inv 0 / train/loss/policy -0.02 / train/loss/rep 2.97 / train/loss/repval 1.05 / train/loss/rew 0.56 / train/loss/value 0.95 / replay/replay_ratio 264 / fps/policy 6.39 / fps/train 1635.85

Writing metrics: /home/zhangpeiying01/lfy/btwm-7.7/runs/dreamerv3_dmc_walker_walk_seed2_dv3_300k_s2/scores.jsonl
Writing metrics: /home/zhangpeiying01/lfy/btwm-7.7/runs/dreamerv3_dmc_walker_walk_seed2_dv3_300k_s2/metrics.jsonl

--------------------[Agent Step 189_792]--------------------
Metrics filtered by: 'score|length|fps|ratio|train/loss/|train/acc/|train/inv/|train/rand/'
train/acc/inv 0.04 / train/inv/ce 3.25 / train/inv/confidence 0.04 / train/inv/confidence_gating 0 / train/inv/effective_rep_weight 0 / train/inv/head_objective 1.07 / train/inv/head_weight 0 / train/inv/objective 1.07 / train/inv/policy_weight_max 1 / train/inv/policy_weight_mean 1 / train/inv/policy_weight_min 1 / train/inv/policy_weight_std 0 / train/inv/valid_frac 1 / train/inv/weight 0 / train/loss/con 0.02 / train/loss/dyn 2.96 / train/loss/image 3.21 / train/loss/inv 0 / train/loss/policy -0.02 / train/loss/rep 2.96 / train/loss/repval 1.05 / train/loss/rew 0.56 / train/loss/value 0.96 / replay/replay_ratio 264 / fps/policy 6.33 / fps/train 1621.25

Writing metrics: /home/zhangpeiying01/lfy/btwm-7.7/runs/dreamerv3_dmc_walker_walk_seed2_dv3_300k_s2/scores.jsonl
Writing metrics: /home/zhangpeiying01/lfy/btwm-7.7/runs/dreamerv3_dmc_walker_walk_seed2_dv3_300k_s2/metrics.jsonl

--------------------[Agent Step 190_576]--------------------
Metrics filtered by: 'score|length|fps|ratio|train/loss/|train/acc/|train/inv/|train/rand/'
train/acc/inv 0.04 / train/inv/ce 3.25 / train/inv/confidence 0.04 / train/inv/confidence_gating 0 / train/inv/effective_rep_weight 0 / train/inv/head_objective 1.07 / train/inv/head_weight 0 / train/inv/objective 1.07 / train/inv/policy_weight_max 1 / train/inv/policy_weight_mean 1 / train/inv/policy_weight_min 1 / train/inv/policy_weight_std 0 / train/inv/valid_frac 1 / train/inv/weight 0 / train/loss/con 0.02 / train/loss/dyn 2.93 / train/loss/image 3.18 / train/loss/inv 0 / train/loss/policy -0.03 / train/loss/rep 2.93 / train/loss/repval 1.05 / train/loss/rew 0.56 / train/loss/value 0.95 / replay/replay_ratio 264 / fps/policy 6.41 / fps/train 1640.92

Writing metrics: /home/zhangpeiying01/lfy/btwm-7.7/runs/dreamerv3_dmc_walker_walk_seed2_dv3_300k_s2/metrics.jsonl
Writing metrics: /home/zhangpeiying01/lfy/btwm-7.7/runs/dreamerv3_dmc_walker_walk_seed2_dv3_300k_s2/scores.jsonl

--------------------[Agent Step 191_360]--------------------
Metrics filtered by: 'score|length|fps|ratio|train/loss/|train/acc/|train/inv/|train/rand/'
train/acc/inv 0.04 / train/inv/ce 3.25 / train/inv/confidence 0.04 / train/inv/confidence_gating 0 / train/inv/effective_rep_weight 0 / train/inv/head_objective 1.07 / train/inv/head_weight 0 / train/inv/objective 1.07 / train/inv/policy_weight_max 1 / train/inv/policy_weight_mean 1 / train/inv/policy_weight_min 1 / train/inv/policy_weight_std 0 / train/inv/valid_frac 1 / train/inv/weight 0 / train/loss/con 0.02 / train/loss/dyn 3 / train/loss/image 3.18 / train/loss/inv 0 / train/loss/policy -0.02 / train/loss/rep 3 / train/loss/repval 1.04 / train/loss/rew 0.56 / train/loss/value 0.94 / replay/replay_ratio 264 / fps/policy 6.46 / fps/train 1654.85

Writing metrics: /home/zhangpeiying01/lfy/btwm-7.7/runs/dreamerv3_dmc_walker_walk_seed2_dv3_300k_s2/metrics.jsonl
Writing metrics: /home/zhangpeiying01/lfy/btwm-7.7/runs/dreamerv3_dmc_walker_walk_seed2_dv3_300k_s2/scores.jsonl

--------------------[Agent Step 192_128]--------------------
Metrics filtered by: 'score|length|fps|ratio|train/loss/|train/acc/|train/inv/|train/rand/'
train/acc/inv 0.04 / train/inv/ce 3.25 / train/inv/confidence 0.04 / train/inv/confidence_gating 0 / train/inv/effective_rep_weight 0 / train/inv/head_objective 1.07 / train/inv/head_weight 0 / train/inv/objective 1.07 / train/inv/policy_weight_max 1 / train/inv/policy_weight_mean 1 / train/inv/policy_weight_min 1 / train/inv/policy_weight_std 0 / train/inv/valid_frac 1 / train/inv/weight 0 / train/loss/con 0.02 / train/loss/dyn 2.98 / train/loss/image 3.19 / train/loss/inv 0 / train/loss/policy -0.02 / train/loss/rep 2.98 / train/loss/repval 1.04 / train/loss/rew 0.56 / train/loss/value 0.95 / replay/replay_ratio 264 / fps/policy 6.4 / fps/train 1637.81

Writing metrics: /home/zhangpeiying01/lfy/btwm-7.7/runs/dreamerv3_dmc_walker_walk_seed2_dv3_300k_s2/metrics.jsonl
Writing metrics: /home/zhangpeiying01/lfy/btwm-7.7/runs/dreamerv3_dmc_walker_walk_seed2_dv3_300k_s2/scores.jsonl

--------------------[Agent Step 192_912]--------------------
Metrics filtered by: 'score|length|fps|ratio|train/loss/|train/acc/|train/inv/|train/rand/'
episode/score 813.48 / episode/length 1001 / train/acc/inv 0.04 / train/inv/ce 3.25 / train/inv/confidence 0.04 / train/inv/confidence_gating 0 / train/inv/effective_rep_weight 0 / train/inv/head_objective 1.07 / train/inv/head_weight 0 / train/inv/objective 1.07 / train/inv/policy_weight_max 1 / train/inv/policy_weight_mean 1 / train/inv/policy_weight_min 1 / train/inv/policy_weight_std 0 / train/inv/valid_frac 1 / train/inv/weight 0 / train/loss/con 0.02 / train/loss/dyn 3.14 / train/loss/image 3.39 / train/loss/inv 0 / train/loss/policy -0.02 / train/loss/rep 3.14 / train/loss/repval 1.04 / train/loss/rew 0.56 / train/loss/value 0.95 / replay/replay_ratio 264 / fps/policy 6.51 / fps/train 1666.51

Writing metrics: /home/zhangpeiying01/lfy/btwm-7.7/runs/dreamerv3_dmc_walker_walk_seed2_dv3_300k_s2/metrics.jsonl
Writing metrics: /home/zhangpeiying01/lfy/btwm-7.7/runs/dreamerv3_dmc_walker_walk_seed2_dv3_300k_s2/scores.jsonl

--------------------[Agent Step 193_712]--------------------
Metrics filtered by: 'score|length|fps|ratio|train/loss/|train/acc/|train/inv/|train/rand/'
train/acc/inv 0.04 / train/inv/ce 3.25 / train/inv/confidence 0.04 / train/inv/confidence_gating 0 / train/inv/effective_rep_weight 0 / train/inv/head_objective 1.07 / train/inv/head_weight 0 / train/inv/objective 1.07 / train/inv/policy_weight_max 1 / train/inv/policy_weight_mean 1 / train/inv/policy_weight_min 1 / train/inv/policy_weight_std 0 / train/inv/valid_frac 1 / train/inv/weight 0 / train/loss/con 0.02 / train/loss/dyn 3.06 / train/loss/image 3.34 / train/loss/inv 0 / train/loss/policy -0.02 / train/loss/rep 3.06 / train/loss/repval 1.04 / train/loss/rew 0.56 / train/loss/value 0.94 / replay/replay_ratio 264 / fps/policy 6.55 / fps/train 1677.9

Writing metrics: /home/zhangpeiying01/lfy/btwm-7.7/runs/dreamerv3_dmc_walker_walk_seed2_dv3_300k_s2/metrics.jsonl
Writing metrics: /home/zhangpeiying01/lfy/btwm-7.7/runs/dreamerv3_dmc_walker_walk_seed2_dv3_300k_s2/scores.jsonl

--------------------[Agent Step 194_480]--------------------
Metrics filtered by: 'score|length|fps|ratio|train/loss/|train/acc/|train/inv/|train/rand/'
train/acc/inv 0.04 / train/inv/ce 3.25 / train/inv/confidence 0.04 / train/inv/confidence_gating 0 / train/inv/effective_rep_weight 0 / train/inv/head_objective 1.07 / train/inv/head_weight 0 / train/inv/objective 1.07 / train/inv/policy_weight_max 1 / train/inv/policy_weight_mean 1 / train/inv/policy_weight_min 1 / train/inv/policy_weight_std 0 / train/inv/valid_frac 1 / train/inv/weight 0 / train/loss/con 0.02 / train/loss/dyn 3.02 / train/loss/image 3.3 / train/loss/inv 0 / train/loss/policy -0.02 / train/loss/rep 3.02 / train/loss/repval 1.03 / train/loss/rew 0.56 / train/loss/value 0.93 / replay/replay_ratio 264 / fps/policy 6.3 / fps/train 1613.24

Writing metrics: /home/zhangpeiying01/lfy/btwm-7.7/runs/dreamerv3_dmc_walker_walk_seed2_dv3_300k_s2/scores.jsonl
Writing metrics: /home/zhangpeiying01/lfy/btwm-7.7/runs/dreamerv3_dmc_walker_walk_seed2_dv3_300k_s2/metrics.jsonl

--------------------[Agent Step 195_248]--------------------
Metrics filtered by: 'score|length|fps|ratio|train/loss/|train/acc/|train/inv/|train/rand/'
train/acc/inv 0.04 / train/inv/ce 3.25 / train/inv/confidence 0.04 / train/inv/confidence_gating 0 / train/inv/effective_rep_weight 0 / train/inv/head_objective 1.07 / train/inv/head_weight 0 / train/inv/objective 1.07 / train/inv/policy_weight_max 1 / train/inv/policy_weight_mean 1 / train/inv/policy_weight_min 1 / train/inv/policy_weight_std 0 / train/inv/valid_frac 1 / train/inv/weight 0 / train/loss/con 0.02 / train/loss/dyn 2.96 / train/loss/image 3.27 / train/loss/inv 0 / train/loss/policy -0.02 / train/loss/rep 2.96 / train/loss/repval 1.03 / train/loss/rew 0.56 / train/loss/value 0.93 / replay/replay_ratio 264 / fps/policy 6.3 / fps/train 1611.9

Writing metrics: /home/zhangpeiying01/lfy/btwm-7.7/runs/dreamerv3_dmc_walker_walk_seed2_dv3_300k_s2/metrics.jsonl
Writing metrics: /home/zhangpeiying01/lfy/btwm-7.7/runs/dreamerv3_dmc_walker_walk_seed2_dv3_300k_s2/scores.jsonl

--------------------[Agent Step 196_016]--------------------
Metrics filtered by: 'score|length|fps|ratio|train/loss/|train/acc/|train/inv/|train/rand/'
train/acc/inv 0.04 / train/inv/ce 3.25 / train/inv/confidence 0.04 / train/inv/confidence_gating 0 / train/inv/effective_rep_weight 0 / train/inv/head_objective 1.07 / train/inv/head_weight 0 / train/inv/objective 1.07 / train/inv/policy_weight_max 1 / train/inv/policy_weight_mean 1 / train/inv/policy_weight_min 1 / train/inv/policy_weight_std 0 / train/inv/valid_frac 1 / train/inv/weight 0 / train/loss/con 0.02 / train/loss/dyn 2.97 / train/loss/image 3.25 / train/loss/inv 0 / train/loss/policy -0.02 / train/loss/rep 2.97 / train/loss/repval 1.03 / train/loss/rew 0.56 / train/loss/value 0.93 / replay/replay_ratio 264 / fps/policy 6.28 / fps/train 1607.18

Writing metrics: /home/zhangpeiying01/lfy/btwm-7.7/runs/dreamerv3_dmc_walker_walk_seed2_dv3_300k_s2/metrics.jsonl
Writing metrics: /home/zhangpeiying01/lfy/btwm-7.7/runs/dreamerv3_dmc_walker_walk_seed2_dv3_300k_s2/scores.jsonl

--------------------[Agent Step 196_784]--------------------
Metrics filtered by: 'score|length|fps|ratio|train/loss/|train/acc/|train/inv/|train/rand/'
train/acc/inv 0.04 / train/inv/ce 3.25 / train/inv/confidence 0.04 / train/inv/confidence_gating 0 / train/inv/effective_rep_weight 0 / train/inv/head_objective 1.07 / train/inv/head_weight 0 / train/inv/objective 1.07 / train/inv/policy_weight_max 1 / train/inv/policy_weight_mean 1 / train/inv/policy_weight_min 1 / train/inv/policy_weight_std 0 / train/inv/valid_frac 1 / train/inv/weight 0 / train/loss/con 0.02 / train/loss/dyn 2.98 / train/loss/image 3.25 / train/loss/inv 0 / train/loss/policy -0.02 / train/loss/rep 2.98 / train/loss/repval 1.02 / train/loss/rew 0.56 / train/loss/value 0.93 / replay/replay_ratio 264 / fps/policy 6.33 / fps/train 1620.8

Writing metrics: /home/zhangpeiying01/lfy/btwm-7.7/runs/dreamerv3_dmc_walker_walk_seed2_dv3_300k_s2/scores.jsonl
Writing metrics: /home/zhangpeiying01/lfy/btwm-7.7/runs/dreamerv3_dmc_walker_walk_seed2_dv3_300k_s2/metrics.jsonl

--------------------[Agent Step 197_552]--------------------
Metrics filtered by: 'score|length|fps|ratio|train/loss/|train/acc/|train/inv/|train/rand/'
train/acc/inv 0.04 / train/inv/ce 3.25 / train/inv/confidence 0.04 / train/inv/confidence_gating 0 / train/inv/effective_rep_weight 0 / train/inv/head_objective 1.07 / train/inv/head_weight 0 / train/inv/objective 1.07 / train/inv/policy_weight_max 1 / train/inv/policy_weight_mean 1 / train/inv/policy_weight_min 1 / train/inv/policy_weight_std 0 / train/inv/valid_frac 1 / train/inv/weight 0 / train/loss/con 0.02 / train/loss/dyn 3.02 / train/loss/image 3.23 / train/loss/inv 0 / train/loss/policy -0.02 / train/loss/rep 3.02 / train/loss/repval 1.02 / train/loss/rew 0.56 / train/loss/value 0.92 / replay/replay_ratio 264 / fps/policy 6.28 / fps/train 1608

Writing metrics: /home/zhangpeiying01/lfy/btwm-7.7/runs/dreamerv3_dmc_walker_walk_seed2_dv3_300k_s2/metrics.jsonl
Writing metrics: /home/zhangpeiying01/lfy/btwm-7.7/runs/dreamerv3_dmc_walker_walk_seed2_dv3_300k_s2/scores.jsonl

--------------------[Agent Step 198_320]--------------------
Metrics filtered by: 'score|length|fps|ratio|train/loss/|train/acc/|train/inv/|train/rand/'
train/acc/inv 0.04 / train/inv/ce 3.25 / train/inv/confidence 0.04 / train/inv/confidence_gating 0 / train/inv/effective_rep_weight 0 / train/inv/head_objective 1.07 / train/inv/head_weight 0 / train/inv/objective 1.07 / train/inv/policy_weight_max 1 / train/inv/policy_weight_mean 1 / train/inv/policy_weight_min 1 / train/inv/policy_weight_std 0 / train/inv/valid_frac 1 / train/inv/weight 0 / train/loss/con 0.02 / train/loss/dyn 2.96 / train/loss/image 3.24 / train/loss/inv 0 / train/loss/policy -0.02 / train/loss/rep 2.96 / train/loss/repval 1.03 / train/loss/rew 0.56 / train/loss/value 0.93 / replay/replay_ratio 264 / fps/policy 6.35 / fps/train 1624.53

Writing metrics: /home/zhangpeiying01/lfy/btwm-7.7/runs/dreamerv3_dmc_walker_walk_seed2_dv3_300k_s2/metrics.jsonl
Writing metrics: /home/zhangpeiying01/lfy/btwm-7.7/runs/dreamerv3_dmc_walker_walk_seed2_dv3_300k_s2/scores.jsonl

--------------------[Agent Step 199_088]--------------------
Metrics filtered by: 'score|length|fps|ratio|train/loss/|train/acc/|train/inv/|train/rand/'
train/acc/inv 0.04 / train/inv/ce 3.25 / train/inv/confidence 0.04 / train/inv/confidence_gating 0 / train/inv/effective_rep_weight 0 / train/inv/head_objective 1.07 / train/inv/head_weight 0 / train/inv/objective 1.07 / train/inv/policy_weight_max 1 / train/inv/policy_weight_mean 1 / train/inv/policy_weight_min 1 / train/inv/policy_weight_std 0 / train/inv/valid_frac 1 / train/inv/weight 0 / train/loss/con 0.02 / train/loss/dyn 3.05 / train/loss/image 3.29 / train/loss/inv 0 / train/loss/policy -0.02 / train/loss/rep 3.05 / train/loss/repval 1.03 / train/loss/rew 0.56 / train/loss/value 0.93 / replay/replay_ratio 264 / fps/policy 6.35 / fps/train 1624.76

Writing metrics: /home/zhangpeiying01/lfy/btwm-7.7/runs/dreamerv3_dmc_walker_walk_seed2_dv3_300k_s2/scores.jsonl
Writing metrics: /home/zhangpeiying01/lfy/btwm-7.7/runs/dreamerv3_dmc_walker_walk_seed2_dv3_300k_s2/metrics.jsonl

--------------------[Agent Step 199_872]--------------------
Metrics filtered by: 'score|length|fps|ratio|train/loss/|train/acc/|train/inv/|train/rand/'
train/acc/inv 0.04 / train/inv/ce 3.25 / train/inv/confidence 0.04 / train/inv/confidence_gating 0 / train/inv/effective_rep_weight 0 / train/inv/head_objective 1.07 / train/inv/head_weight 0 / train/inv/objective 1.07 / train/inv/policy_weight_max 1 / train/inv/policy_weight_mean 1 / train/inv/policy_weight_min 1 / train/inv/policy_weight_std 0 / train/inv/valid_frac 1 / train/inv/weight 0 / train/loss/con 0.02 / train/loss/dyn 2.96 / train/loss/image 3.22 / train/loss/inv 0 / train/loss/policy -0.03 / train/loss/rep 2.96 / train/loss/repval 1.04 / train/loss/rew 0.56 / train/loss/value 0.94 / replay/replay_ratio 264 / fps/policy 6.44 / fps/train 1648.17

Writing metrics: /home/zhangpeiying01/lfy/btwm-7.7/runs/dreamerv3_dmc_walker_walk_seed2_dv3_300k_s2/metrics.jsonl
Writing metrics: /home/zhangpeiying01/lfy/btwm-7.7/runs/dreamerv3_dmc_walker_walk_seed2_dv3_300k_s2/scores.jsonl

--------------------[Agent Step 200_656]--------------------
Metrics filtered by: 'score|length|fps|ratio|train/loss/|train/acc/|train/inv/|train/rand/'
train/acc/inv 0.04 / train/inv/ce 3.25 / train/inv/confidence 0.04 / train/inv/confidence_gating 0 / train/inv/effective_rep_weight 0 / train/inv/head_objective 1.07 / train/inv/head_weight 0 / train/inv/objective 1.07 / train/inv/policy_weight_max 1 / train/inv/policy_weight_mean 1 / train/inv/policy_weight_min 1 / train/inv/policy_weight_std 0 / train/inv/valid_frac 1 / train/inv/weight 0 / train/loss/con 0.02 / train/loss/dyn 2.99 / train/loss/image 3.2 / train/loss/inv 0 / train/loss/policy -0.02 / train/loss/rep 2.99 / train/loss/repval 1.03 / train/loss/rew 0.56 / train/loss/value 0.94 / replay/replay_ratio 264 / fps/policy 6.4 / fps/train 1639.41

Writing metrics: /home/zhangpeiying01/lfy/btwm-7.7/runs/dreamerv3_dmc_walker_walk_seed2_dv3_300k_s2/scores.jsonl
Writing metrics: /home/zhangpeiying01/lfy/btwm-7.7/runs/dreamerv3_dmc_walker_walk_seed2_dv3_300k_s2/metrics.jsonl
Saving checkpoint: /home/zhangpeiying01/lfy/btwm-7.7/runs/dreamerv3_dmc_walker_walk_seed2_dv3_300k_s2/ckpt/20260718T061911F426954
Saved checkpoint.

--------------------[Agent Step 201_392]--------------------
Metrics filtered by: 'score|length|fps|ratio|train/loss/|train/acc/|train/inv/|train/rand/'
train/acc/inv 0.04 / train/inv/ce 3.25 / train/inv/confidence 0.04 / train/inv/confidence_gating 0 / train/inv/effective_rep_weight 0 / train/inv/head_objective 1.07 / train/inv/head_weight 0 / train/inv/objective 1.07 / train/inv/policy_weight_max 1 / train/inv/policy_weight_mean 1 / train/inv/policy_weight_min 1 / train/inv/policy_weight_std 0 / train/inv/valid_frac 1 / train/inv/weight 0 / train/loss/con 0.02 / train/loss/dyn 3.02 / train/loss/image 3.23 / train/loss/inv 0 / train/loss/policy -0.02 / train/loss/rep 3.02 / train/loss/repval 1.04 / train/loss/rew 0.56 / train/loss/value 0.94 / replay/replay_ratio 264 / fps/policy 6.05 / fps/train 1549.93

Writing metrics: /home/zhangpeiying01/lfy/btwm-7.7/runs/dreamerv3_dmc_walker_walk_seed2_dv3_300k_s2/metrics.jsonl
Writing metrics: /home/zhangpeiying01/lfy/btwm-7.7/runs/dreamerv3_dmc_walker_walk_seed2_dv3_300k_s2/scores.jsonl

--------------------[Agent Step 202_176]--------------------
Metrics filtered by: 'score|length|fps|ratio|train/loss/|train/acc/|train/inv/|train/rand/'
train/acc/inv 0.04 / train/inv/ce 3.25 / train/inv/confidence 0.04 / train/inv/confidence_gating 0 / train/inv/effective_rep_weight 0 / train/inv/head_objective 1.07 / train/inv/head_weight 0 / train/inv/objective 1.07 / train/inv/policy_weight_max 1 / train/inv/policy_weight_mean 1 / train/inv/policy_weight_min 1 / train/inv/policy_weight_std 0 / train/inv/valid_frac 1 / train/inv/weight 0 / train/loss/con 0.02 / train/loss/dyn 2.91 / train/loss/image 3.2 / train/loss/inv 0 / train/loss/policy -0.02 / train/loss/rep 2.91 / train/loss/repval 1.04 / train/loss/rew 0.56 / train/loss/value 0.94 / replay/replay_ratio 264 / fps/policy 6.53 / fps/train 1672.03

Writing metrics: /home/zhangpeiying01/lfy/btwm-7.7/runs/dreamerv3_dmc_walker_walk_seed2_dv3_300k_s2/metrics.jsonl
Writing metrics: /home/zhangpeiying01/lfy/btwm-7.7/runs/dreamerv3_dmc_walker_walk_seed2_dv3_300k_s2/scores.jsonl

--------------------[Agent Step 202_960]--------------------
Metrics filtered by: 'score|length|fps|ratio|train/loss/|train/acc/|train/inv/|train/rand/'
train/acc/inv 0.04 / train/inv/ce 3.25 / train/inv/confidence 0.04 / train/inv/confidence_gating 0 / train/inv/effective_rep_weight 0 / train/inv/head_objective 1.07 / train/inv/head_weight 0 / train/inv/objective 1.07 / train/inv/policy_weight_max 1 / train/inv/policy_weight_mean 1 / train/inv/policy_weight_min 1 / train/inv/policy_weight_std 0 / train/inv/valid_frac 1 / train/inv/weight 0 / train/loss/con 0.02 / train/loss/dyn 2.96 / train/loss/image 3.17 / train/loss/inv 0 / train/loss/policy -0.02 / train/loss/rep 2.96 / train/loss/repval 1.04 / train/loss/rew 0.56 / train/loss/value 0.94 / replay/replay_ratio 264 / fps/policy 6.41 / fps/train 1640.56

Writing metrics: /home/zhangpeiying01/lfy/btwm-7.7/runs/dreamerv3_dmc_walker_walk_seed2_dv3_300k_s2/scores.jsonl
Writing metrics: /home/zhangpeiying01/lfy/btwm-7.7/runs/dreamerv3_dmc_walker_walk_seed2_dv3_300k_s2/metrics.jsonl

--------------------[Agent Step 203_728]--------------------
Metrics filtered by: 'score|length|fps|ratio|train/loss/|train/acc/|train/inv/|train/rand/'
train/acc/inv 0.04 / train/inv/ce 3.25 / train/inv/confidence 0.04 / train/inv/confidence_gating 0 / train/inv/effective_rep_weight 0 / train/inv/head_objective 1.07 / train/inv/head_weight 0 / train/inv/objective 1.07 / train/inv/policy_weight_max 1 / train/inv/policy_weight_mean 1 / train/inv/policy_weight_min 1 / train/inv/policy_weight_std 0 / train/inv/valid_frac 1 / train/inv/weight 0 / train/loss/con 0.02 / train/loss/dyn 2.92 / train/loss/image 3.14 / train/loss/inv 0 / train/loss/policy -0.01 / train/loss/rep 2.92 / train/loss/repval 1.04 / train/loss/rew 0.56 / train/loss/value 0.94 / replay/replay_ratio 264 / fps/policy 6.41 / fps/train 1641.54

Writing metrics: /home/zhangpeiying01/lfy/btwm-7.7/runs/dreamerv3_dmc_walker_walk_seed2_dv3_300k_s2/metrics.jsonl
Writing metrics: /home/zhangpeiying01/lfy/btwm-7.7/runs/dreamerv3_dmc_walker_walk_seed2_dv3_300k_s2/scores.jsonl

--------------------[Agent Step 204_496]--------------------
Metrics filtered by: 'score|length|fps|ratio|train/loss/|train/acc/|train/inv/|train/rand/'
train/acc/inv 0.04 / train/inv/ce 3.25 / train/inv/confidence 0.04 / train/inv/confidence_gating 0 / train/inv/effective_rep_weight 0 / train/inv/head_objective 1.07 / train/inv/head_weight 0 / train/inv/objective 1.07 / train/inv/policy_weight_max 1 / train/inv/policy_weight_mean 1 / train/inv/policy_weight_min 1 / train/inv/policy_weight_std 0 / train/inv/valid_frac 1 / train/inv/weight 0 / train/loss/con 0.02 / train/loss/dyn 2.98 / train/loss/image 3.18 / train/loss/inv 0 / train/loss/policy -0.01 / train/loss/rep 2.98 / train/loss/repval 1.03 / train/loss/rew 0.56 / train/loss/value 0.94 / replay/replay_ratio 264 / fps/policy 6.31 / fps/train 1614.16

Writing metrics: /home/zhangpeiying01/lfy/btwm-7.7/runs/dreamerv3_dmc_walker_walk_seed2_dv3_300k_s2/metrics.jsonl
Writing metrics: /home/zhangpeiying01/lfy/btwm-7.7/runs/dreamerv3_dmc_walker_walk_seed2_dv3_300k_s2/scores.jsonl

--------------------[Agent Step 205_264]--------------------
Metrics filtered by: 'score|length|fps|ratio|train/loss/|train/acc/|train/inv/|train/rand/'
train/acc/inv 0.04 / train/inv/ce 3.25 / train/inv/confidence 0.04 / train/inv/confidence_gating 0 / train/inv/effective_rep_weight 0 / train/inv/head_objective 1.07 / train/inv/head_weight 0 / train/inv/objective 1.07 / train/inv/policy_weight_max 1 / train/inv/policy_weight_mean 1 / train/inv/policy_weight_min 1 / train/inv/policy_weight_std 0 / train/inv/valid_frac 1 / train/inv/weight 0 / train/loss/con 0.02 / train/loss/dyn 2.95 / train/loss/image 3.17 / train/loss/inv 0 / train/loss/policy -0.02 / train/loss/rep 2.95 / train/loss/repval 1.03 / train/loss/rew 0.57 / train/loss/value 0.94 / replay/replay_ratio 264 / fps/policy 6.31 / fps/train 1615.2

Writing metrics: /home/zhangpeiying01/lfy/btwm-7.7/runs/dreamerv3_dmc_walker_walk_seed2_dv3_300k_s2/scores.jsonl
Writing metrics: /home/zhangpeiying01/lfy/btwm-7.7/runs/dreamerv3_dmc_walker_walk_seed2_dv3_300k_s2/metrics.jsonl

--------------------[Agent Step 206_032]--------------------
Metrics filtered by: 'score|length|fps|ratio|train/loss/|train/acc/|train/inv/|train/rand/'
train/acc/inv 0.04 / train/inv/ce 3.25 / train/inv/confidence 0.04 / train/inv/confidence_gating 0 / train/inv/effective_rep_weight 0 / train/inv/head_objective 1.07 / train/inv/head_weight 0 / train/inv/objective 1.07 / train/inv/policy_weight_max 1 / train/inv/policy_weight_mean 1 / train/inv/policy_weight_min 1 / train/inv/policy_weight_std 0 / train/inv/valid_frac 1 / train/inv/weight 0 / train/loss/con 0.02 / train/loss/dyn 2.93 / train/loss/image 3.13 / train/loss/inv 0 / train/loss/policy -0.02 / train/loss/rep 2.93 / train/loss/repval 1.02 / train/loss/rew 0.57 / train/loss/value 0.93 / replay/replay_ratio 264 / fps/policy 6.39 / fps/train 1634.72

Writing metrics: /home/zhangpeiying01/lfy/btwm-7.7/runs/dreamerv3_dmc_walker_walk_seed2_dv3_300k_s2/scores.jsonl
Writing metrics: /home/zhangpeiying01/lfy/btwm-7.7/runs/dreamerv3_dmc_walker_walk_seed2_dv3_300k_s2/metrics.jsonl

--------------------[Agent Step 206_816]--------------------
Metrics filtered by: 'score|length|fps|ratio|train/loss/|train/acc/|train/inv/|train/rand/'
train/acc/inv 0.04 / train/inv/ce 3.25 / train/inv/confidence 0.04 / train/inv/confidence_gating 0 / train/inv/effective_rep_weight 0 / train/inv/head_objective 1.07 / train/inv/head_weight 0 / train/inv/objective 1.07 / train/inv/policy_weight_max 1 / train/inv/policy_weight_mean 1 / train/inv/policy_weight_min 1 / train/inv/policy_weight_std 0 / train/inv/valid_frac 1 / train/inv/weight 0 / train/loss/con 0.02 / train/loss/dyn 2.94 / train/loss/image 3.15 / train/loss/inv 0 / train/loss/policy -0.02 / train/loss/rep 2.94 / train/loss/repval 1.03 / train/loss/rew 0.56 / train/loss/value 0.94 / replay/replay_ratio 264 / fps/policy 6.42 / fps/train 1644.77

Writing metrics: /home/zhangpeiying01/lfy/btwm-7.7/runs/dreamerv3_dmc_walker_walk_seed2_dv3_300k_s2/scores.jsonl
Writing metrics: /home/zhangpeiying01/lfy/btwm-7.7/runs/dreamerv3_dmc_walker_walk_seed2_dv3_300k_s2/metrics.jsonl

--------------------[Agent Step 207_600]--------------------
Metrics filtered by: 'score|length|fps|ratio|train/loss/|train/acc/|train/inv/|train/rand/'
train/acc/inv 0.04 / train/inv/ce 3.25 / train/inv/confidence 0.04 / train/inv/confidence_gating 0 / train/inv/effective_rep_weight 0 / train/inv/head_objective 1.07 / train/inv/head_weight 0 / train/inv/objective 1.07 / train/inv/policy_weight_max 1 / train/inv/policy_weight_mean 1 / train/inv/policy_weight_min 1 / train/inv/policy_weight_std 0 / train/inv/valid_frac 1 / train/inv/weight 0 / train/loss/con 0.02 / train/loss/dyn 2.96 / train/loss/image 3.12 / train/loss/inv 0 / train/loss/policy -0.03 / train/loss/rep 2.96 / train/loss/repval 1.03 / train/loss/rew 0.57 / train/loss/value 0.93 / replay/replay_ratio 264 / fps/policy 6.44 / fps/train 1648.14

Writing metrics: /home/zhangpeiying01/lfy/btwm-7.7/runs/dreamerv3_dmc_walker_walk_seed2_dv3_300k_s2/metrics.jsonl
Writing metrics: /home/zhangpeiying01/lfy/btwm-7.7/runs/dreamerv3_dmc_walker_walk_seed2_dv3_300k_s2/scores.jsonl

--------------------[Agent Step 208_384]--------------------
Metrics filtered by: 'score|length|fps|ratio|train/loss/|train/acc/|train/inv/|train/rand/'
episode/score 916.41 / episode/length 1001 / train/acc/inv 0.04 / train/inv/ce 3.25 / train/inv/confidence 0.04 / train/inv/confidence_gating 0 / train/inv/effective_rep_weight 0 / train/inv/head_objective 1.07 / train/inv/head_weight 0 / train/inv/objective 1.07 / train/inv/policy_weight_max 1 / train/inv/policy_weight_mean 1 / train/inv/policy_weight_min 1 / train/inv/policy_weight_std 0 / train/inv/valid_frac 1 / train/inv/weight 0 / train/loss/con 0.02 / train/loss/dyn 2.95 / train/loss/image 3.15 / train/loss/inv 0 / train/loss/policy -0.02 / train/loss/rep 2.95 / train/loss/repval 1.02 / train/loss/rew 0.57 / train/loss/value 0.93 / replay/replay_ratio 264 / fps/policy 6.44 / fps/train 1647.71

Writing metrics: /home/zhangpeiying01/lfy/btwm-7.7/runs/dreamerv3_dmc_walker_walk_seed2_dv3_300k_s2/scores.jsonl
Writing metrics: /home/zhangpeiying01/lfy/btwm-7.7/runs/dreamerv3_dmc_walker_walk_seed2_dv3_300k_s2/metrics.jsonl

--------------------[Agent Step 209_168]--------------------
Metrics filtered by: 'score|length|fps|ratio|train/loss/|train/acc/|train/inv/|train/rand/'
train/acc/inv 0.04 / train/inv/ce 3.25 / train/inv/confidence 0.04 / train/inv/confidence_gating 0 / train/inv/effective_rep_weight 0 / train/inv/head_objective 1.07 / train/inv/head_weight 0 / train/inv/objective 1.07 / train/inv/policy_weight_max 1 / train/inv/policy_weight_mean 1 / train/inv/policy_weight_min 1 / train/inv/policy_weight_std 0 / train/inv/valid_frac 1 / train/inv/weight 0 / train/loss/con 0.02 / train/loss/dyn 3.13 / train/loss/image 3.35 / train/loss/inv 0 / train/loss/policy -0.02 / train/loss/rep 3.13 / train/loss/repval 1.03 / train/loss/rew 0.57 / train/loss/value 0.93 / replay/replay_ratio 264 / fps/policy 6.43 / fps/train 1646.15

Writing metrics: /home/zhangpeiying01/lfy/btwm-7.7/runs/dreamerv3_dmc_walker_walk_seed2_dv3_300k_s2/metrics.jsonl
Writing metrics: /home/zhangpeiying01/lfy/btwm-7.7/runs/dreamerv3_dmc_walker_walk_seed2_dv3_300k_s2/scores.jsonl

--------------------[Agent Step 209_952]--------------------
Metrics filtered by: 'score|length|fps|ratio|train/loss/|train/acc/|train/inv/|train/rand/'
train/acc/inv 0.04 / train/inv/ce 3.25 / train/inv/confidence 0.04 / train/inv/confidence_gating 0 / train/inv/effective_rep_weight 0 / train/inv/head_objective 1.07 / train/inv/head_weight 0 / train/inv/objective 1.07 / train/inv/policy_weight_max 1 / train/inv/policy_weight_mean 1 / train/inv/policy_weight_min 1 / train/inv/policy_weight_std 0 / train/inv/valid_frac 1 / train/inv/weight 0 / train/loss/con 0.02 / train/loss/dyn 2.97 / train/loss/image 3.22 / train/loss/inv 0 / train/loss/policy -0.02 / train/loss/rep 2.97 / train/loss/repval 1.02 / train/loss/rew 0.57 / train/loss/value 0.93 / replay/replay_ratio 264 / fps/policy 6.45 / fps/train 1652.27

Writing metrics: /home/zhangpeiying01/lfy/btwm-7.7/runs/dreamerv3_dmc_walker_walk_seed2_dv3_300k_s2/metrics.jsonl
Writing metrics: /home/zhangpeiying01/lfy/btwm-7.7/runs/dreamerv3_dmc_walker_walk_seed2_dv3_300k_s2/scores.jsonl

--------------------[Agent Step 210_720]--------------------
Metrics filtered by: 'score|length|fps|ratio|train/loss/|train/acc/|train/inv/|train/rand/'
train/acc/inv 0.04 / train/inv/ce 3.25 / train/inv/confidence 0.04 / train/inv/confidence_gating 0 / train/inv/effective_rep_weight 0 / train/inv/head_objective 1.07 / train/inv/head_weight 0 / train/inv/objective 1.07 / train/inv/policy_weight_max 1 / train/inv/policy_weight_mean 1 / train/inv/policy_weight_min 1 / train/inv/policy_weight_std 0 / train/inv/valid_frac 1 / train/inv/weight 0 / train/loss/con 0.02 / train/loss/dyn 3.04 / train/loss/image 3.24 / train/loss/inv 0 / train/loss/policy -0.02 / train/loss/rep 3.04 / train/loss/repval 1.01 / train/loss/rew 0.57 / train/loss/value 0.92 / replay/replay_ratio 264 / fps/policy 6.35 / fps/train 1626.47

Writing metrics: /home/zhangpeiying01/lfy/btwm-7.7/runs/dreamerv3_dmc_walker_walk_seed2_dv3_300k_s2/metrics.jsonl
Writing metrics: /home/zhangpeiying01/lfy/btwm-7.7/runs/dreamerv3_dmc_walker_walk_seed2_dv3_300k_s2/scores.jsonl

--------------------[Agent Step 211_488]--------------------
Metrics filtered by: 'score|length|fps|ratio|train/loss/|train/acc/|train/inv/|train/rand/'
train/acc/inv 0.04 / train/inv/ce 3.25 / train/inv/confidence 0.04 / train/inv/confidence_gating 0 / train/inv/effective_rep_weight 0 / train/inv/head_objective 1.07 / train/inv/head_weight 0 / train/inv/objective 1.07 / train/inv/policy_weight_max 1 / train/inv/policy_weight_mean 1 / train/inv/policy_weight_min 1 / train/inv/policy_weight_std 0 / train/inv/valid_frac 1 / train/inv/weight 0 / train/loss/con 0.02 / train/loss/dyn 2.9 / train/loss/image 3.15 / train/loss/inv 0 / train/loss/policy -0.02 / train/loss/rep 2.9 / train/loss/repval 1.01 / train/loss/rew 0.57 / train/loss/value 0.91 / replay/replay_ratio 264 / fps/policy 6.34 / fps/train 1623.63

Writing metrics: /home/zhangpeiying01/lfy/btwm-7.7/runs/dreamerv3_dmc_walker_walk_seed2_dv3_300k_s2/scores.jsonl
Writing metrics: /home/zhangpeiying01/lfy/btwm-7.7/runs/dreamerv3_dmc_walker_walk_seed2_dv3_300k_s2/metrics.jsonl

--------------------[Agent Step 212_272]--------------------
Metrics filtered by: 'score|length|fps|ratio|train/loss/|train/acc/|train/inv/|train/rand/'
train/acc/inv 0.04 / train/inv/ce 3.25 / train/inv/confidence 0.04 / train/inv/confidence_gating 0 / train/inv/effective_rep_weight 0 / train/inv/head_objective 1.07 / train/inv/head_weight 0 / train/inv/objective 1.07 / train/inv/policy_weight_max 1 / train/inv/policy_weight_mean 1 / train/inv/policy_weight_min 1 / train/inv/policy_weight_std 0 / train/inv/valid_frac 1 / train/inv/weight 0 / train/loss/con 0.02 / train/loss/dyn 2.96 / train/loss/image 3.19 / train/loss/inv 0 / train/loss/policy -0.02 / train/loss/rep 2.96 / train/loss/repval 1.01 / train/loss/rew 0.57 / train/loss/value 0.92 / replay/replay_ratio 264 / fps/policy 6.42 / fps/train 1644

Writing metrics: /home/zhangpeiying01/lfy/btwm-7.7/runs/dreamerv3_dmc_walker_walk_seed2_dv3_300k_s2/scores.jsonl
Writing metrics: /home/zhangpeiying01/lfy/btwm-7.7/runs/dreamerv3_dmc_walker_walk_seed2_dv3_300k_s2/metrics.jsonl

--------------------[Agent Step 213_040]--------------------
Metrics filtered by: 'score|length|fps|ratio|train/loss/|train/acc/|train/inv/|train/rand/'
train/acc/inv 0.04 / train/inv/ce 3.25 / train/inv/confidence 0.04 / train/inv/confidence_gating 0 / train/inv/effective_rep_weight 0 / train/inv/head_objective 1.07 / train/inv/head_weight 0 / train/inv/objective 1.07 / train/inv/policy_weight_max 1 / train/inv/policy_weight_mean 1 / train/inv/policy_weight_min 1 / train/inv/policy_weight_std 0 / train/inv/valid_frac 1 / train/inv/weight 0 / train/loss/con 0.02 / train/loss/dyn 3 / train/loss/image 3.16 / train/loss/inv 0 / train/loss/policy -0.02 / train/loss/rep 3 / train/loss/repval 1.02 / train/loss/rew 0.57 / train/loss/value 0.92 / replay/replay_ratio 264 / fps/policy 6.27 / fps/train 1604.91

Writing metrics: /home/zhangpeiying01/lfy/btwm-7.7/runs/dreamerv3_dmc_walker_walk_seed2_dv3_300k_s2/metrics.jsonl
Writing metrics: /home/zhangpeiying01/lfy/btwm-7.7/runs/dreamerv3_dmc_walker_walk_seed2_dv3_300k_s2/scores.jsonl

--------------------[Agent Step 213_808]--------------------
Metrics filtered by: 'score|length|fps|ratio|train/loss/|train/acc/|train/inv/|train/rand/'
train/acc/inv 0.04 / train/inv/ce 3.25 / train/inv/confidence 0.04 / train/inv/confidence_gating 0 / train/inv/effective_rep_weight 0 / train/inv/head_objective 1.07 / train/inv/head_weight 0 / train/inv/objective 1.07 / train/inv/policy_weight_max 1 / train/inv/policy_weight_mean 1 / train/inv/policy_weight_min 1 / train/inv/policy_weight_std 0 / train/inv/valid_frac 1 / train/inv/weight 0 / train/loss/con 0.02 / train/loss/dyn 2.94 / train/loss/image 3.19 / train/loss/inv 0 / train/loss/policy -0.02 / train/loss/rep 2.94 / train/loss/repval 1.02 / train/loss/rew 0.57 / train/loss/value 0.93 / replay/replay_ratio 264 / fps/policy 6.33 / fps/train 1619.81

Writing metrics: /home/zhangpeiying01/lfy/btwm-7.7/runs/dreamerv3_dmc_walker_walk_seed2_dv3_300k_s2/metrics.jsonl
Writing metrics: /home/zhangpeiying01/lfy/btwm-7.7/runs/dreamerv3_dmc_walker_walk_seed2_dv3_300k_s2/scores.jsonl

--------------------[Agent Step 214_576]--------------------
Metrics filtered by: 'score|length|fps|ratio|train/loss/|train/acc/|train/inv/|train/rand/'
train/acc/inv 0.04 / train/inv/ce 3.25 / train/inv/confidence 0.04 / train/inv/confidence_gating 0 / train/inv/effective_rep_weight 0 / train/inv/head_objective 1.07 / train/inv/head_weight 0 / train/inv/objective 1.07 / train/inv/policy_weight_max 1 / train/inv/policy_weight_mean 1 / train/inv/policy_weight_min 1 / train/inv/policy_weight_std 0 / train/inv/valid_frac 1 / train/inv/weight 0 / train/loss/con 0.02 / train/loss/dyn 2.98 / train/loss/image 3.15 / train/loss/inv 0 / train/loss/policy -0.02 / train/loss/rep 2.98 / train/loss/repval 1.02 / train/loss/rew 0.57 / train/loss/value 0.93 / replay/replay_ratio 264 / fps/policy 6.31 / fps/train 1614.63

Writing metrics: /home/zhangpeiying01/lfy/btwm-7.7/runs/dreamerv3_dmc_walker_walk_seed2_dv3_300k_s2/metrics.jsonl
Writing metrics: /home/zhangpeiying01/lfy/btwm-7.7/runs/dreamerv3_dmc_walker_walk_seed2_dv3_300k_s2/scores.jsonl

--------------------[Agent Step 215_360]--------------------
Metrics filtered by: 'score|length|fps|ratio|train/loss/|train/acc/|train/inv/|train/rand/'
train/acc/inv 0.04 / train/inv/ce 3.25 / train/inv/confidence 0.04 / train/inv/confidence_gating 0 / train/inv/effective_rep_weight 0 / train/inv/head_objective 1.07 / train/inv/head_weight 0 / train/inv/objective 1.07 / train/inv/policy_weight_max 1 / train/inv/policy_weight_mean 1 / train/inv/policy_weight_min 1 / train/inv/policy_weight_std 0 / train/inv/valid_frac 1 / train/inv/weight 0 / train/loss/con 0.02 / train/loss/dyn 2.91 / train/loss/image 3.11 / train/loss/inv 0 / train/loss/policy -0.02 / train/loss/rep 2.91 / train/loss/repval 1.02 / train/loss/rew 0.57 / train/loss/value 0.93 / replay/replay_ratio 264 / fps/policy 6.47 / fps/train 1655.79

Writing metrics: /home/zhangpeiying01/lfy/btwm-7.7/runs/dreamerv3_dmc_walker_walk_seed2_dv3_300k_s2/metrics.jsonl
Writing metrics: /home/zhangpeiying01/lfy/btwm-7.7/runs/dreamerv3_dmc_walker_walk_seed2_dv3_300k_s2/scores.jsonl

--------------------[Agent Step 216_160]--------------------
Metrics filtered by: 'score|length|fps|ratio|train/loss/|train/acc/|train/inv/|train/rand/'
train/acc/inv 0.04 / train/inv/ce 3.25 / train/inv/confidence 0.04 / train/inv/confidence_gating 0 / train/inv/effective_rep_weight 0 / train/inv/head_objective 1.07 / train/inv/head_weight 0 / train/inv/objective 1.07 / train/inv/policy_weight_max 1 / train/inv/policy_weight_mean 1 / train/inv/policy_weight_min 1 / train/inv/policy_weight_std 0 / train/inv/valid_frac 1 / train/inv/weight 0 / train/loss/con 0.02 / train/loss/dyn 2.92 / train/loss/image 3.1 / train/loss/inv 0 / train/loss/policy -0.02 / train/loss/rep 2.92 / train/loss/repval 1.02 / train/loss/rew 0.57 / train/loss/value 0.93 / replay/replay_ratio 264 / fps/policy 6.59 / fps/train 1688.11

Writing metrics: /home/zhangpeiying01/lfy/btwm-7.7/runs/dreamerv3_dmc_walker_walk_seed2_dv3_300k_s2/metrics.jsonl
Writing metrics: /home/zhangpeiying01/lfy/btwm-7.7/runs/dreamerv3_dmc_walker_walk_seed2_dv3_300k_s2/scores.jsonl

--------------------[Agent Step 216_960]--------------------
Metrics filtered by: 'score|length|fps|ratio|train/loss/|train/acc/|train/inv/|train/rand/'
train/acc/inv 0.04 / train/inv/ce 3.25 / train/inv/confidence 0.04 / train/inv/confidence_gating 0 / train/inv/effective_rep_weight 0 / train/inv/head_objective 1.07 / train/inv/head_weight 0 / train/inv/objective 1.07 / train/inv/policy_weight_max 1 / train/inv/policy_weight_mean 1 / train/inv/policy_weight_min 1 / train/inv/policy_weight_std 0 / train/inv/valid_frac 1 / train/inv/weight 0 / train/loss/con 0.02 / train/loss/dyn 2.89 / train/loss/image 3.08 / train/loss/inv 0 / train/loss/policy -0.02 / train/loss/rep 2.89 / train/loss/repval 1.02 / train/loss/rew 0.57 / train/loss/value 0.94 / replay/replay_ratio 264 / fps/policy 6.58 / fps/train 1685.66

Writing metrics: /home/zhangpeiying01/lfy/btwm-7.7/runs/dreamerv3_dmc_walker_walk_seed2_dv3_300k_s2/metrics.jsonl
Writing metrics: /home/zhangpeiying01/lfy/btwm-7.7/runs/dreamerv3_dmc_walker_walk_seed2_dv3_300k_s2/scores.jsonl

--------------------[Agent Step 217_776]--------------------
Metrics filtered by: 'score|length|fps|ratio|train/loss/|train/acc/|train/inv/|train/rand/'
train/acc/inv 0.04 / train/inv/ce 3.25 / train/inv/confidence 0.04 / train/inv/confidence_gating 0 / train/inv/effective_rep_weight 0 / train/inv/head_objective 1.07 / train/inv/head_weight 0 / train/inv/objective 1.07 / train/inv/policy_weight_max 1 / train/inv/policy_weight_mean 1 / train/inv/policy_weight_min 1 / train/inv/policy_weight_std 0 / train/inv/valid_frac 1 / train/inv/weight 0 / train/loss/con 0.02 / train/loss/dyn 2.94 / train/loss/image 3.09 / train/loss/inv 0 / train/loss/policy -0.02 / train/loss/rep 2.94 / train/loss/repval 1.03 / train/loss/rew 0.57 / train/loss/value 0.94 / replay/replay_ratio 264 / fps/policy 6.67 / fps/train 1706.79

Writing metrics: /home/zhangpeiying01/lfy/btwm-7.7/runs/dreamerv3_dmc_walker_walk_seed2_dv3_300k_s2/metrics.jsonl
Writing metrics: /home/zhangpeiying01/lfy/btwm-7.7/runs/dreamerv3_dmc_walker_walk_seed2_dv3_300k_s2/scores.jsonl

--------------------[Agent Step 218_576]--------------------
Metrics filtered by: 'score|length|fps|ratio|train/loss/|train/acc/|train/inv/|train/rand/'
train/acc/inv 0.04 / train/inv/ce 3.25 / train/inv/confidence 0.04 / train/inv/confidence_gating 0 / train/inv/effective_rep_weight 0 / train/inv/head_objective 1.07 / train/inv/head_weight 0 / train/inv/objective 1.07 / train/inv/policy_weight_max 1 / train/inv/policy_weight_mean 1 / train/inv/policy_weight_min 1 / train/inv/policy_weight_std 0 / train/inv/valid_frac 1 / train/inv/weight 0 / train/loss/con 0.02 / train/loss/dyn 2.93 / train/loss/image 3.07 / train/loss/inv 0 / train/loss/policy -0.02 / train/loss/rep 2.93 / train/loss/repval 1.02 / train/loss/rew 0.57 / train/loss/value 0.93 / replay/replay_ratio 264 / fps/policy 6.65 / fps/train 1702.88

Writing metrics: /home/zhangpeiying01/lfy/btwm-7.7/runs/dreamerv3_dmc_walker_walk_seed2_dv3_300k_s2/metrics.jsonl
Writing metrics: /home/zhangpeiying01/lfy/btwm-7.7/runs/dreamerv3_dmc_walker_walk_seed2_dv3_300k_s2/scores.jsonl

--------------------[Agent Step 219_376]--------------------
Metrics filtered by: 'score|length|fps|ratio|train/loss/|train/acc/|train/inv/|train/rand/'
train/acc/inv 0.04 / train/inv/ce 3.25 / train/inv/confidence 0.04 / train/inv/confidence_gating 0 / train/inv/effective_rep_weight 0 / train/inv/head_objective 1.07 / train/inv/head_weight 0 / train/inv/objective 1.07 / train/inv/policy_weight_max 1 / train/inv/policy_weight_mean 1 / train/inv/policy_weight_min 1 / train/inv/policy_weight_std 0 / train/inv/valid_frac 1 / train/inv/weight 0 / train/loss/con 0.02 / train/loss/dyn 2.93 / train/loss/image 3.1 / train/loss/inv 0 / train/loss/policy -0.02 / train/loss/rep 2.93 / train/loss/repval 1.02 / train/loss/rew 0.57 / train/loss/value 0.93 / replay/replay_ratio 264 / fps/policy 6.6 / fps/train 1688.76

Writing metrics: /home/zhangpeiying01/lfy/btwm-7.7/runs/dreamerv3_dmc_walker_walk_seed2_dv3_300k_s2/scores.jsonl
Writing metrics: /home/zhangpeiying01/lfy/btwm-7.7/runs/dreamerv3_dmc_walker_walk_seed2_dv3_300k_s2/metrics.jsonl

--------------------[Agent Step 220_192]--------------------
Metrics filtered by: 'score|length|fps|ratio|train/loss/|train/acc/|train/inv/|train/rand/'
train/acc/inv 0.04 / train/inv/ce 3.25 / train/inv/confidence 0.04 / train/inv/confidence_gating 0 / train/inv/effective_rep_weight 0 / train/inv/head_objective 1.07 / train/inv/head_weight 0 / train/inv/objective 1.07 / train/inv/policy_weight_max 1 / train/inv/policy_weight_mean 1 / train/inv/policy_weight_min 1 / train/inv/policy_weight_std 0 / train/inv/valid_frac 1 / train/inv/weight 0 / train/loss/con 0.02 / train/loss/dyn 2.9 / train/loss/image 3.06 / train/loss/inv 0 / train/loss/policy -0.02 / train/loss/rep 2.9 / train/loss/repval 1.02 / train/loss/rew 0.57 / train/loss/value 0.93 / replay/replay_ratio 264 / fps/policy 6.7 / fps/train 1715.63

Writing metrics: /home/zhangpeiying01/lfy/btwm-7.7/runs/dreamerv3_dmc_walker_walk_seed2_dv3_300k_s2/scores.jsonl
Writing metrics: /home/zhangpeiying01/lfy/btwm-7.7/runs/dreamerv3_dmc_walker_walk_seed2_dv3_300k_s2/metrics.jsonl

--------------------[Agent Step 220_976]--------------------
Metrics filtered by: 'score|length|fps|ratio|train/loss/|train/acc/|train/inv/|train/rand/'
train/acc/inv 0.04 / train/inv/ce 3.25 / train/inv/confidence 0.04 / train/inv/confidence_gating 0 / train/inv/effective_rep_weight 0 / train/inv/head_objective 1.07 / train/inv/head_weight 0 / train/inv/objective 1.07 / train/inv/policy_weight_max 1 / train/inv/policy_weight_mean 1 / train/inv/policy_weight_min 1 / train/inv/policy_weight_std 0 / train/inv/valid_frac 1 / train/inv/weight 0 / train/loss/con 0.02 / train/loss/dyn 2.9 / train/loss/image 3.06 / train/loss/inv 0 / train/loss/policy -0.02 / train/loss/rep 2.9 / train/loss/repval 1.02 / train/loss/rew 0.57 / train/loss/value 0.93 / replay/replay_ratio 264 / fps/policy 6.46 / fps/train 1654.58

Writing metrics: /home/zhangpeiying01/lfy/btwm-7.7/runs/dreamerv3_dmc_walker_walk_seed2_dv3_300k_s2/scores.jsonl
Writing metrics: /home/zhangpeiying01/lfy/btwm-7.7/runs/dreamerv3_dmc_walker_walk_seed2_dv3_300k_s2/metrics.jsonl

--------------------[Agent Step 221_776]--------------------
Metrics filtered by: 'score|length|fps|ratio|train/loss/|train/acc/|train/inv/|train/rand/'
train/acc/inv 0.04 / train/inv/ce 3.25 / train/inv/confidence 0.04 / train/inv/confidence_gating 0 / train/inv/effective_rep_weight 0 / train/inv/head_objective 1.07 / train/inv/head_weight 0 / train/inv/objective 1.07 / train/inv/policy_weight_max 1 / train/inv/policy_weight_mean 1 / train/inv/policy_weight_min 1 / train/inv/policy_weight_std 0 / train/inv/valid_frac 1 / train/inv/weight 0 / train/loss/con 0.02 / train/loss/dyn 2.9 / train/loss/image 3.05 / train/loss/inv 0 / train/loss/policy -0.03 / train/loss/rep 2.9 / train/loss/repval 1.01 / train/loss/rew 0.57 / train/loss/value 0.92 / replay/replay_ratio 264 / fps/policy 6.6 / fps/train 1690.86

Writing metrics: /home/zhangpeiying01/lfy/btwm-7.7/runs/dreamerv3_dmc_walker_walk_seed2_dv3_300k_s2/metrics.jsonl
Writing metrics: /home/zhangpeiying01/lfy/btwm-7.7/runs/dreamerv3_dmc_walker_walk_seed2_dv3_300k_s2/scores.jsonl

--------------------[Agent Step 222_576]--------------------
Metrics filtered by: 'score|length|fps|ratio|train/loss/|train/acc/|train/inv/|train/rand/'
train/acc/inv 0.04 / train/inv/ce 3.25 / train/inv/confidence 0.04 / train/inv/confidence_gating 0 / train/inv/effective_rep_weight 0 / train/inv/head_objective 1.07 / train/inv/head_weight 0 / train/inv/objective 1.07 / train/inv/policy_weight_max 1 / train/inv/policy_weight_mean 1 / train/inv/policy_weight_min 1 / train/inv/policy_weight_std 0 / train/inv/valid_frac 1 / train/inv/weight 0 / train/loss/con 0.02 / train/loss/dyn 2.88 / train/loss/image 3.05 / train/loss/inv 0 / train/loss/policy -0.03 / train/loss/rep 2.88 / train/loss/repval 1.01 / train/loss/rew 0.57 / train/loss/value 0.92 / replay/replay_ratio 264 / fps/policy 6.64 / fps/train 1699.81

Writing metrics: /home/zhangpeiying01/lfy/btwm-7.7/runs/dreamerv3_dmc_walker_walk_seed2_dv3_300k_s2/metrics.jsonl
Writing metrics: /home/zhangpeiying01/lfy/btwm-7.7/runs/dreamerv3_dmc_walker_walk_seed2_dv3_300k_s2/scores.jsonl

--------------------[Agent Step 223_376]--------------------
Metrics filtered by: 'score|length|fps|ratio|train/loss/|train/acc/|train/inv/|train/rand/'
train/acc/inv 0.04 / train/inv/ce 3.25 / train/inv/confidence 0.04 / train/inv/confidence_gating 0 / train/inv/effective_rep_weight 0 / train/inv/head_objective 1.07 / train/inv/head_weight 0 / train/inv/objective 1.07 / train/inv/policy_weight_max 1 / train/inv/policy_weight_mean 1 / train/inv/policy_weight_min 1 / train/inv/policy_weight_std 0 / train/inv/valid_frac 1 / train/inv/weight 0 / train/loss/con 0.02 / train/loss/dyn 2.93 / train/loss/image 3.05 / train/loss/inv 0 / train/loss/policy -0.03 / train/loss/rep 2.93 / train/loss/repval 1.01 / train/loss/rew 0.57 / train/loss/value 0.92 / replay/replay_ratio 264 / fps/policy 6.57 / fps/train 1682.95

Writing metrics: /home/zhangpeiying01/lfy/btwm-7.7/runs/dreamerv3_dmc_walker_walk_seed2_dv3_300k_s2/scores.jsonl
Writing metrics: /home/zhangpeiying01/lfy/btwm-7.7/runs/dreamerv3_dmc_walker_walk_seed2_dv3_300k_s2/metrics.jsonl

--------------------[Agent Step 224_160]--------------------
Metrics filtered by: 'score|length|fps|ratio|train/loss/|train/acc/|train/inv/|train/rand/'
train/acc/inv 0.04 / train/inv/ce 3.25 / train/inv/confidence 0.04 / train/inv/confidence_gating 0 / train/inv/effective_rep_weight 0 / train/inv/head_objective 1.07 / train/inv/head_weight 0 / train/inv/objective 1.07 / train/inv/policy_weight_max 1 / train/inv/policy_weight_mean 1 / train/inv/policy_weight_min 1 / train/inv/policy_weight_std 0 / train/inv/valid_frac 1 / train/inv/weight 0 / train/loss/con 0.02 / train/loss/dyn 2.87 / train/loss/image 3.04 / train/loss/inv 0 / train/loss/policy -0.02 / train/loss/rep 2.87 / train/loss/repval 1.01 / train/loss/rew 0.57 / train/loss/value 0.92 / replay/replay_ratio 264 / fps/policy 6.46 / fps/train 1653.17

Writing metrics: /home/zhangpeiying01/lfy/btwm-7.7/runs/dreamerv3_dmc_walker_walk_seed2_dv3_300k_s2/metrics.jsonl
Writing metrics: /home/zhangpeiying01/lfy/btwm-7.7/runs/dreamerv3_dmc_walker_walk_seed2_dv3_300k_s2/scores.jsonl
Saving checkpoint: /home/zhangpeiying01/lfy/btwm-7.7/runs/dreamerv3_dmc_walker_walk_seed2_dv3_300k_s2/ckpt/20260718T071911F854541
Saved checkpoint.

--------------------[Agent Step 224_880]--------------------
Metrics filtered by: 'score|length|fps|ratio|train/loss/|train/acc/|train/inv/|train/rand/'
episode/score 937.95 / episode/length 1001 / train/acc/inv 0.04 / train/inv/ce 3.25 / train/inv/confidence 0.04 / train/inv/confidence_gating 0 / train/inv/effective_rep_weight 0 / train/inv/head_objective 1.07 / train/inv/head_weight 0 / train/inv/objective 1.07 / train/inv/policy_weight_max 1 / train/inv/policy_weight_mean 1 / train/inv/policy_weight_min 1 / train/inv/policy_weight_std 0 / train/inv/valid_frac 1 / train/inv/weight 0 / train/loss/con 0.02 / train/loss/dyn 2.96 / train/loss/image 3.13 / train/loss/inv 0 / train/loss/policy -0.02 / train/loss/rep 2.96 / train/loss/repval 1.01 / train/loss/rew 0.57 / train/loss/value 0.91 / replay/replay_ratio 264 / fps/policy 5.95 / fps/train 1524.41

Writing metrics: /home/zhangpeiying01/lfy/btwm-7.7/runs/dreamerv3_dmc_walker_walk_seed2_dv3_300k_s2/metrics.jsonl
Writing metrics: /home/zhangpeiying01/lfy/btwm-7.7/runs/dreamerv3_dmc_walker_walk_seed2_dv3_300k_s2/scores.jsonl

--------------------[Agent Step 225_680]--------------------
Metrics filtered by: 'score|length|fps|ratio|train/loss/|train/acc/|train/inv/|train/rand/'
train/acc/inv 0.04 / train/inv/ce 3.25 / train/inv/confidence 0.04 / train/inv/confidence_gating 0 / train/inv/effective_rep_weight 0 / train/inv/head_objective 1.07 / train/inv/head_weight 0 / train/inv/objective 1.07 / train/inv/policy_weight_max 1 / train/inv/policy_weight_mean 1 / train/inv/policy_weight_min 1 / train/inv/policy_weight_std 0 / train/inv/valid_frac 1 / train/inv/weight 0 / train/loss/con 0.02 / train/loss/dyn 3.11 / train/loss/image 3.23 / train/loss/inv 0 / train/loss/policy -0.02 / train/loss/rep 3.11 / train/loss/repval 1.01 / train/loss/rew 0.57 / train/loss/value 0.91 / replay/replay_ratio 264 / fps/policy 6.64 / fps/train 1699.41

Writing metrics: /home/zhangpeiying01/lfy/btwm-7.7/runs/dreamerv3_dmc_walker_walk_seed2_dv3_300k_s2/scores.jsonl
Writing metrics: /home/zhangpeiying01/lfy/btwm-7.7/runs/dreamerv3_dmc_walker_walk_seed2_dv3_300k_s2/metrics.jsonl

--------------------[Agent Step 226_464]--------------------
Metrics filtered by: 'score|length|fps|ratio|train/loss/|train/acc/|train/inv/|train/rand/'
train/acc/inv 0.04 / train/inv/ce 3.25 / train/inv/confidence 0.04 / train/inv/confidence_gating 0 / train/inv/effective_rep_weight 0 / train/inv/head_objective 1.07 / train/inv/head_weight 0 / train/inv/objective 1.07 / train/inv/policy_weight_max 1 / train/inv/policy_weight_mean 1 / train/inv/policy_weight_min 1 / train/inv/policy_weight_std 0 / train/inv/valid_frac 1 / train/inv/weight 0 / train/loss/con 0.02 / train/loss/dyn 2.88 / train/loss/image 3.1 / train/loss/inv 0 / train/loss/policy -0.02 / train/loss/rep 2.88 / train/loss/repval 1.01 / train/loss/rew 0.57 / train/loss/value 0.92 / replay/replay_ratio 264 / fps/policy 6.5 / fps/train 1663.54

Writing metrics: /home/zhangpeiying01/lfy/btwm-7.7/runs/dreamerv3_dmc_walker_walk_seed2_dv3_300k_s2/metrics.jsonl
Writing metrics: /home/zhangpeiying01/lfy/btwm-7.7/runs/dreamerv3_dmc_walker_walk_seed2_dv3_300k_s2/scores.jsonl

--------------------[Agent Step 227_248]--------------------
Metrics filtered by: 'score|length|fps|ratio|train/loss/|train/acc/|train/inv/|train/rand/'
train/acc/inv 0.04 / train/inv/ce 3.25 / train/inv/confidence 0.04 / train/inv/confidence_gating 0 / train/inv/effective_rep_weight 0 / train/inv/head_objective 1.07 / train/inv/head_weight 0 / train/inv/objective 1.07 / train/inv/policy_weight_max 1 / train/inv/policy_weight_mean 1 / train/inv/policy_weight_min 1 / train/inv/policy_weight_std 0 / train/inv/valid_frac 1 / train/inv/weight 0 / train/loss/con 0.02 / train/loss/dyn 2.95 / train/loss/image 3.12 / train/loss/inv 0 / train/loss/policy -0.02 / train/loss/rep 2.95 / train/loss/repval 1.02 / train/loss/rew 0.57 / train/loss/value 0.92 / replay/replay_ratio 264 / fps/policy 6.46 / fps/train 1652.56

Writing metrics: /home/zhangpeiying01/lfy/btwm-7.7/runs/dreamerv3_dmc_walker_walk_seed2_dv3_300k_s2/scores.jsonl
Writing metrics: /home/zhangpeiying01/lfy/btwm-7.7/runs/dreamerv3_dmc_walker_walk_seed2_dv3_300k_s2/metrics.jsonl

--------------------[Agent Step 228_032]--------------------
Metrics filtered by: 'score|length|fps|ratio|train/loss/|train/acc/|train/inv/|train/rand/'
train/acc/inv 0.04 / train/inv/ce 3.25 / train/inv/confidence 0.04 / train/inv/confidence_gating 0 / train/inv/effective_rep_weight 0 / train/inv/head_objective 1.07 / train/inv/head_weight 0 / train/inv/objective 1.07 / train/inv/policy_weight_max 1 / train/inv/policy_weight_mean 1 / train/inv/policy_weight_min 1 / train/inv/policy_weight_std 0 / train/inv/valid_frac 1 / train/inv/weight 0 / train/loss/con 0.02 / train/loss/dyn 2.9 / train/loss/image 3.05 / train/loss/inv 0 / train/loss/policy -0.02 / train/loss/rep 2.9 / train/loss/repval 1 / train/loss/rew 0.57 / train/loss/value 0.92 / replay/replay_ratio 264 / fps/policy 6.48 / fps/train 1658.78

Writing metrics: /home/zhangpeiying01/lfy/btwm-7.7/runs/dreamerv3_dmc_walker_walk_seed2_dv3_300k_s2/metrics.jsonl
Writing metrics: /home/zhangpeiying01/lfy/btwm-7.7/runs/dreamerv3_dmc_walker_walk_seed2_dv3_300k_s2/scores.jsonl

--------------------[Agent Step 228_816]--------------------
Metrics filtered by: 'score|length|fps|ratio|train/loss/|train/acc/|train/inv/|train/rand/'
train/acc/inv 0.04 / train/inv/ce 3.25 / train/inv/confidence 0.04 / train/inv/confidence_gating 0 / train/inv/effective_rep_weight 0 / train/inv/head_objective 1.07 / train/inv/head_weight 0 / train/inv/objective 1.07 / train/inv/policy_weight_max 1 / train/inv/policy_weight_mean 1 / train/inv/policy_weight_min 1 / train/inv/policy_weight_std 0 / train/inv/valid_frac 1 / train/inv/weight 0 / train/loss/con 0.02 / train/loss/dyn 2.93 / train/loss/image 3.08 / train/loss/inv 0 / train/loss/policy -0.02 / train/loss/rep 2.93 / train/loss/repval 1.01 / train/loss/rew 0.57 / train/loss/value 0.92 / replay/replay_ratio 264 / fps/policy 6.5 / fps/train 1663.85

Writing metrics: /home/zhangpeiying01/lfy/btwm-7.7/runs/dreamerv3_dmc_walker_walk_seed2_dv3_300k_s2/metrics.jsonl
Writing metrics: /home/zhangpeiying01/lfy/btwm-7.7/runs/dreamerv3_dmc_walker_walk_seed2_dv3_300k_s2/scores.jsonl

--------------------[Agent Step 229_600]--------------------
Metrics filtered by: 'score|length|fps|ratio|train/loss/|train/acc/|train/inv/|train/rand/'
train/acc/inv 0.04 / train/inv/ce 3.25 / train/inv/confidence 0.04 / train/inv/confidence_gating 0 / train/inv/effective_rep_weight 0 / train/inv/head_objective 1.07 / train/inv/head_weight 0 / train/inv/objective 1.07 / train/inv/policy_weight_max 1 / train/inv/policy_weight_mean 1 / train/inv/policy_weight_min 1 / train/inv/policy_weight_std 0 / train/inv/valid_frac 1 / train/inv/weight 0 / train/loss/con 0.02 / train/loss/dyn 2.84 / train/loss/image 3.03 / train/loss/inv 0 / train/loss/policy -0.02 / train/loss/rep 2.84 / train/loss/repval 1.01 / train/loss/rew 0.57 / train/loss/value 0.92 / replay/replay_ratio 264 / fps/policy 6.48 / fps/train 1657.68

Writing metrics: /home/zhangpeiying01/lfy/btwm-7.7/runs/dreamerv3_dmc_walker_walk_seed2_dv3_300k_s2/metrics.jsonl
Writing metrics: /home/zhangpeiying01/lfy/btwm-7.7/runs/dreamerv3_dmc_walker_walk_seed2_dv3_300k_s2/scores.jsonl

--------------------[Agent Step 230_384]--------------------
Metrics filtered by: 'score|length|fps|ratio|train/loss/|train/acc/|train/inv/|train/rand/'
train/acc/inv 0.04 / train/inv/ce 3.25 / train/inv/confidence 0.04 / train/inv/confidence_gating 0 / train/inv/effective_rep_weight 0 / train/inv/head_objective 1.07 / train/inv/head_weight 0 / train/inv/objective 1.07 / train/inv/policy_weight_max 1 / train/inv/policy_weight_mean 1 / train/inv/policy_weight_min 1 / train/inv/policy_weight_std 0 / train/inv/valid_frac 1 / train/inv/weight 0 / train/loss/con 0.02 / train/loss/dyn 2.95 / train/loss/image 3.06 / train/loss/inv 0 / train/loss/policy -0.02 / train/loss/rep 2.95 / train/loss/repval 1 / train/loss/rew 0.57 / train/loss/value 0.92 / replay/replay_ratio 264 / fps/policy 6.46 / fps/train 1654.93

Writing metrics: /home/zhangpeiying01/lfy/btwm-7.7/runs/dreamerv3_dmc_walker_walk_seed2_dv3_300k_s2/metrics.jsonl
Writing metrics: /home/zhangpeiying01/lfy/btwm-7.7/runs/dreamerv3_dmc_walker_walk_seed2_dv3_300k_s2/scores.jsonl

--------------------[Agent Step 231_168]--------------------
Metrics filtered by: 'score|length|fps|ratio|train/loss/|train/acc/|train/inv/|train/rand/'
train/acc/inv 0.04 / train/inv/ce 3.25 / train/inv/confidence 0.04 / train/inv/confidence_gating 0 / train/inv/effective_rep_weight 0 / train/inv/head_objective 1.07 / train/inv/head_weight 0 / train/inv/objective 1.07 / train/inv/policy_weight_max 1 / train/inv/policy_weight_mean 1 / train/inv/policy_weight_min 1 / train/inv/policy_weight_std 0 / train/inv/valid_frac 1 / train/inv/weight 0 / train/loss/con 0.02 / train/loss/dyn 2.85 / train/loss/image 3.01 / train/loss/inv 0 / train/loss/policy -0.02 / train/loss/rep 2.85 / train/loss/repval 1.01 / train/loss/rew 0.57 / train/loss/value 0.92 / replay/replay_ratio 264 / fps/policy 6.44 / fps/train 1649.52

Writing metrics: /home/zhangpeiying01/lfy/btwm-7.7/runs/dreamerv3_dmc_walker_walk_seed2_dv3_300k_s2/metrics.jsonl
Writing metrics: /home/zhangpeiying01/lfy/btwm-7.7/runs/dreamerv3_dmc_walker_walk_seed2_dv3_300k_s2/scores.jsonl

--------------------[Agent Step 231_936]--------------------
Metrics filtered by: 'score|length|fps|ratio|train/loss/|train/acc/|train/inv/|train/rand/'
train/acc/inv 0.04 / train/inv/ce 3.25 / train/inv/confidence 0.04 / train/inv/confidence_gating 0 / train/inv/effective_rep_weight 0 / train/inv/head_objective 1.07 / train/inv/head_weight 0 / train/inv/objective 1.07 / train/inv/policy_weight_max 1 / train/inv/policy_weight_mean 1 / train/inv/policy_weight_min 1 / train/inv/policy_weight_std 0 / train/inv/valid_frac 1 / train/inv/weight 0 / train/loss/con 0.02 / train/loss/dyn 2.87 / train/loss/image 3.03 / train/loss/inv 0 / train/loss/policy -0.02 / train/loss/rep 2.87 / train/loss/repval 1.01 / train/loss/rew 0.57 / train/loss/value 0.92 / replay/replay_ratio 264 / fps/policy 6.33 / fps/train 1620.81

Writing metrics: /home/zhangpeiying01/lfy/btwm-7.7/runs/dreamerv3_dmc_walker_walk_seed2_dv3_300k_s2/metrics.jsonl
Writing metrics: /home/zhangpeiying01/lfy/btwm-7.7/runs/dreamerv3_dmc_walker_walk_seed2_dv3_300k_s2/scores.jsonl

--------------------[Agent Step 232_912]--------------------
Metrics filtered by: 'score|length|fps|ratio|train/loss/|train/acc/|train/inv/|train/rand/'
train/acc/inv 0.04 / train/inv/ce 3.25 / train/inv/confidence 0.04 / train/inv/confidence_gating 0 / train/inv/effective_rep_weight 0 / train/inv/head_objective 1.07 / train/inv/head_weight 0 / train/inv/objective 1.07 / train/inv/policy_weight_max 1 / train/inv/policy_weight_mean 1 / train/inv/policy_weight_min 1 / train/inv/policy_weight_std 0 / train/inv/valid_frac 1 / train/inv/weight 0 / train/loss/con 0.02 / train/loss/dyn 2.92 / train/loss/image 3 / train/loss/inv 0 / train/loss/policy -0.02 / train/loss/rep 2.92 / train/loss/repval 1 / train/loss/rew 0.57 / train/loss/value 0.91 / replay/replay_ratio 264 / fps/policy 8.11 / fps/train 2075.81

Writing metrics: /home/zhangpeiying01/lfy/btwm-7.7/runs/dreamerv3_dmc_walker_walk_seed2_dv3_300k_s2/metrics.jsonl
Writing metrics: /home/zhangpeiying01/lfy/btwm-7.7/runs/dreamerv3_dmc_walker_walk_seed2_dv3_300k_s2/scores.jsonl

--------------------[Agent Step 234_128]--------------------
Metrics filtered by: 'score|length|fps|ratio|train/loss/|train/acc/|train/inv/|train/rand/'
train/acc/inv 0.04 / train/inv/ce 3.25 / train/inv/confidence 0.04 / train/inv/confidence_gating 0 / train/inv/effective_rep_weight 0 / train/inv/head_objective 1.07 / train/inv/head_weight 0 / train/inv/objective 1.07 / train/inv/policy_weight_max 1 / train/inv/policy_weight_mean 1 / train/inv/policy_weight_min 1 / train/inv/policy_weight_std 0 / train/inv/valid_frac 1 / train/inv/weight 0 / train/loss/con 0.02 / train/loss/dyn 2.88 / train/loss/image 3 / train/loss/inv 0 / train/loss/policy -0.02 / train/loss/rep 2.88 / train/loss/repval 1.01 / train/loss/rew 0.57 / train/loss/value 0.92 / replay/replay_ratio 264 / fps/policy 10.13 / fps/train 2592.68

Writing metrics: /home/zhangpeiying01/lfy/btwm-7.7/runs/dreamerv3_dmc_walker_walk_seed2_dv3_300k_s2/scores.jsonl
Writing metrics: /home/zhangpeiying01/lfy/btwm-7.7/runs/dreamerv3_dmc_walker_walk_seed2_dv3_300k_s2/metrics.jsonl

--------------------[Agent Step 235_200]--------------------
Metrics filtered by: 'score|length|fps|ratio|train/loss/|train/acc/|train/inv/|train/rand/'
train/acc/inv 0.04 / train/inv/ce 3.25 / train/inv/confidence 0.04 / train/inv/confidence_gating 0 / train/inv/effective_rep_weight 0 / train/inv/head_objective 1.07 / train/inv/head_weight 0 / train/inv/objective 1.07 / train/inv/policy_weight_max 1 / train/inv/policy_weight_mean 1 / train/inv/policy_weight_min 1 / train/inv/policy_weight_std 0 / train/inv/valid_frac 1 / train/inv/weight 0 / train/loss/con 0.02 / train/loss/dyn 2.88 / train/loss/image 2.99 / train/loss/inv 0 / train/loss/policy -0.02 / train/loss/rep 2.88 / train/loss/repval 1.01 / train/loss/rew 0.57 / train/loss/value 0.91 / replay/replay_ratio 264 / fps/policy 8.86 / fps/train 2269.01

Writing metrics: /home/zhangpeiying01/lfy/btwm-7.7/runs/dreamerv3_dmc_walker_walk_seed2_dv3_300k_s2/metrics.jsonl
Writing metrics: /home/zhangpeiying01/lfy/btwm-7.7/runs/dreamerv3_dmc_walker_walk_seed2_dv3_300k_s2/scores.jsonl

--------------------[Agent Step 236_352]--------------------
Metrics filtered by: 'score|length|fps|ratio|train/loss/|train/acc/|train/inv/|train/rand/'
train/acc/inv 0.04 / train/inv/ce 3.25 / train/inv/confidence 0.04 / train/inv/confidence_gating 0 / train/inv/effective_rep_weight 0 / train/inv/head_objective 1.07 / train/inv/head_weight 0 / train/inv/objective 1.07 / train/inv/policy_weight_max 1 / train/inv/policy_weight_mean 1 / train/inv/policy_weight_min 1 / train/inv/policy_weight_std 0 / train/inv/valid_frac 1 / train/inv/weight 0 / train/loss/con 0.02 / train/loss/dyn 2.88 / train/loss/image 2.98 / train/loss/inv 0 / train/loss/policy -0.02 / train/loss/rep 2.88 / train/loss/repval 1.01 / train/loss/rew 0.57 / train/loss/value 0.92 / replay/replay_ratio 264 / fps/policy 9.6 / fps/train 2457.96

Writing metrics: /home/zhangpeiying01/lfy/btwm-7.7/runs/dreamerv3_dmc_walker_walk_seed2_dv3_300k_s2/metrics.jsonl
Writing metrics: /home/zhangpeiying01/lfy/btwm-7.7/runs/dreamerv3_dmc_walker_walk_seed2_dv3_300k_s2/scores.jsonl

--------------------[Agent Step 237_120]--------------------
Metrics filtered by: 'score|length|fps|ratio|train/loss/|train/acc/|train/inv/|train/rand/'
train/acc/inv 0.04 / train/inv/ce 3.25 / train/inv/confidence 0.04 / train/inv/confidence_gating 0 / train/inv/effective_rep_weight 0 / train/inv/head_objective 1.07 / train/inv/head_weight 0 / train/inv/objective 1.07 / train/inv/policy_weight_max 1 / train/inv/policy_weight_mean 1 / train/inv/policy_weight_min 1 / train/inv/policy_weight_std 0 / train/inv/valid_frac 1 / train/inv/weight 0 / train/loss/con 0.02 / train/loss/dyn 2.89 / train/loss/image 3.01 / train/loss/inv 0 / train/loss/policy -0.02 / train/loss/rep 2.89 / train/loss/repval 1 / train/loss/rew 0.57 / train/loss/value 0.92 / replay/replay_ratio 264 / fps/policy 6.34 / fps/train 1622.66

Writing metrics: /home/zhangpeiying01/lfy/btwm-7.7/runs/dreamerv3_dmc_walker_walk_seed2_dv3_300k_s2/metrics.jsonl
Writing metrics: /home/zhangpeiying01/lfy/btwm-7.7/runs/dreamerv3_dmc_walker_walk_seed2_dv3_300k_s2/scores.jsonl

--------------------[Agent Step 237_904]--------------------
Metrics filtered by: 'score|length|fps|ratio|train/loss/|train/acc/|train/inv/|train/rand/'
train/acc/inv 0.04 / train/inv/ce 3.25 / train/inv/confidence 0.04 / train/inv/confidence_gating 0 / train/inv/effective_rep_weight 0 / train/inv/head_objective 1.07 / train/inv/head_weight 0 / train/inv/objective 1.07 / train/inv/policy_weight_max 1 / train/inv/policy_weight_mean 1 / train/inv/policy_weight_min 1 / train/inv/policy_weight_std 0 / train/inv/valid_frac 1 / train/inv/weight 0 / train/loss/con 0.02 / train/loss/dyn 2.84 / train/loss/image 2.95 / train/loss/inv 0 / train/loss/policy -0.02 / train/loss/rep 2.84 / train/loss/repval 1 / train/loss/rew 0.57 / train/loss/value 0.91 / replay/replay_ratio 264 / fps/policy 6.43 / fps/train 1645.26

Writing metrics: /home/zhangpeiying01/lfy/btwm-7.7/runs/dreamerv3_dmc_walker_walk_seed2_dv3_300k_s2/metrics.jsonl
Writing metrics: /home/zhangpeiying01/lfy/btwm-7.7/runs/dreamerv3_dmc_walker_walk_seed2_dv3_300k_s2/scores.jsonl

--------------------[Agent Step 238_656]--------------------
Metrics filtered by: 'score|length|fps|ratio|train/loss/|train/acc/|train/inv/|train/rand/'
train/acc/inv 0.04 / train/inv/ce 3.25 / train/inv/confidence 0.04 / train/inv/confidence_gating 0 / train/inv/effective_rep_weight 0 / train/inv/head_objective 1.07 / train/inv/head_weight 0 / train/inv/objective 1.07 / train/inv/policy_weight_max 1 / train/inv/policy_weight_mean 1 / train/inv/policy_weight_min 1 / train/inv/policy_weight_std 0 / train/inv/valid_frac 1 / train/inv/weight 0 / train/loss/con 0.02 / train/loss/dyn 2.83 / train/loss/image 2.95 / train/loss/inv 0 / train/loss/policy -0.02 / train/loss/rep 2.83 / train/loss/repval 1 / train/loss/rew 0.57 / train/loss/value 0.91 / replay/replay_ratio 264 / fps/policy 6.18 / fps/train 1582.33

Writing metrics: /home/zhangpeiying01/lfy/btwm-7.7/runs/dreamerv3_dmc_walker_walk_seed2_dv3_300k_s2/scores.jsonl
Writing metrics: /home/zhangpeiying01/lfy/btwm-7.7/runs/dreamerv3_dmc_walker_walk_seed2_dv3_300k_s2/metrics.jsonl

--------------------[Agent Step 239_408]--------------------
Metrics filtered by: 'score|length|fps|ratio|train/loss/|train/acc/|train/inv/|train/rand/'
train/acc/inv 0.04 / train/inv/ce 3.25 / train/inv/confidence 0.04 / train/inv/confidence_gating 0 / train/inv/effective_rep_weight 0 / train/inv/head_objective 1.07 / train/inv/head_weight 0 / train/inv/objective 1.07 / train/inv/policy_weight_max 1 / train/inv/policy_weight_mean 1 / train/inv/policy_weight_min 1 / train/inv/policy_weight_std 0 / train/inv/valid_frac 1 / train/inv/weight 0 / train/loss/con 0.02 / train/loss/dyn 2.86 / train/loss/image 2.96 / train/loss/inv 0 / train/loss/policy -0.02 / train/loss/rep 2.86 / train/loss/repval 1 / train/loss/rew 0.57 / train/loss/value 0.91 / replay/replay_ratio 264 / fps/policy 6.13 / fps/train 1568.01

Writing metrics: /home/zhangpeiying01/lfy/btwm-7.7/runs/dreamerv3_dmc_walker_walk_seed2_dv3_300k_s2/metrics.jsonl
Writing metrics: /home/zhangpeiying01/lfy/btwm-7.7/runs/dreamerv3_dmc_walker_walk_seed2_dv3_300k_s2/scores.jsonl

--------------------[Agent Step 240_144]--------------------
Metrics filtered by: 'score|length|fps|ratio|train/loss/|train/acc/|train/inv/|train/rand/'
train/acc/inv 0.04 / train/inv/ce 3.25 / train/inv/confidence 0.04 / train/inv/confidence_gating 0 / train/inv/effective_rep_weight 0 / train/inv/head_objective 1.07 / train/inv/head_weight 0 / train/inv/objective 1.07 / train/inv/policy_weight_max 1 / train/inv/policy_weight_mean 1 / train/inv/policy_weight_min 1 / train/inv/policy_weight_std 0 / train/inv/valid_frac 1 / train/inv/weight 0 / train/loss/con 0.02 / train/loss/dyn 2.86 / train/loss/image 2.95 / train/loss/inv 0 / train/loss/policy -0.02 / train/loss/rep 2.86 / train/loss/repval 0.99 / train/loss/rew 0.58 / train/loss/value 0.9 / replay/replay_ratio 264 / fps/policy 6.12 / fps/train 1566.59

Writing metrics: /home/zhangpeiying01/lfy/btwm-7.7/runs/dreamerv3_dmc_walker_walk_seed2_dv3_300k_s2/metrics.jsonl
Writing metrics: /home/zhangpeiying01/lfy/btwm-7.7/runs/dreamerv3_dmc_walker_walk_seed2_dv3_300k_s2/scores.jsonl

--------------------[Agent Step 240_880]--------------------
Metrics filtered by: 'score|length|fps|ratio|train/loss/|train/acc/|train/inv/|train/rand/'
episode/score 954.21 / episode/length 1001 / train/acc/inv 0.04 / train/inv/ce 3.25 / train/inv/confidence 0.04 / train/inv/confidence_gating 0 / train/inv/effective_rep_weight 0 / train/inv/head_objective 1.07 / train/inv/head_weight 0 / train/inv/objective 1.07 / train/inv/policy_weight_max 1 / train/inv/policy_weight_mean 1 / train/inv/policy_weight_min 1 / train/inv/policy_weight_std 0 / train/inv/valid_frac 1 / train/inv/weight 0 / train/loss/con 0.02 / train/loss/dyn 3.01 / train/loss/image 3.09 / train/loss/inv 0 / train/loss/policy -0.02 / train/loss/rep 3.01 / train/loss/repval 0.99 / train/loss/rew 0.58 / train/loss/value 0.89 / replay/replay_ratio 264 / fps/policy 6.05 / fps/train 1548.98

Writing metrics: /home/zhangpeiying01/lfy/btwm-7.7/runs/dreamerv3_dmc_walker_walk_seed2_dv3_300k_s2/metrics.jsonl
Writing metrics: /home/zhangpeiying01/lfy/btwm-7.7/runs/dreamerv3_dmc_walker_walk_seed2_dv3_300k_s2/scores.jsonl

--------------------[Agent Step 241_648]--------------------
Metrics filtered by: 'score|length|fps|ratio|train/loss/|train/acc/|train/inv/|train/rand/'
train/acc/inv 0.04 / train/inv/ce 3.25 / train/inv/confidence 0.04 / train/inv/confidence_gating 0 / train/inv/effective_rep_weight 0 / train/inv/head_objective 1.07 / train/inv/head_weight 0 / train/inv/objective 1.07 / train/inv/policy_weight_max 1 / train/inv/policy_weight_mean 1 / train/inv/policy_weight_min 1 / train/inv/policy_weight_std 0 / train/inv/valid_frac 1 / train/inv/weight 0 / train/loss/con 0.02 / train/loss/dyn 2.94 / train/loss/image 3.08 / train/loss/inv 0 / train/loss/policy -0.02 / train/loss/rep 2.94 / train/loss/repval 0.99 / train/loss/rew 0.58 / train/loss/value 0.9 / replay/replay_ratio 264 / fps/policy 6.29 / fps/train 1611.11

Writing metrics: /home/zhangpeiying01/lfy/btwm-7.7/runs/dreamerv3_dmc_walker_walk_seed2_dv3_300k_s2/metrics.jsonl
Writing metrics: /home/zhangpeiying01/lfy/btwm-7.7/runs/dreamerv3_dmc_walker_walk_seed2_dv3_300k_s2/scores.jsonl

--------------------[Agent Step 242_416]--------------------
Metrics filtered by: 'score|length|fps|ratio|train/loss/|train/acc/|train/inv/|train/rand/'
train/acc/inv 0.04 / train/inv/ce 3.25 / train/inv/confidence 0.04 / train/inv/confidence_gating 0 / train/inv/effective_rep_weight 0 / train/inv/head_objective 1.07 / train/inv/head_weight 0 / train/inv/objective 1.07 / train/inv/policy_weight_max 1 / train/inv/policy_weight_mean 1 / train/inv/policy_weight_min 1 / train/inv/policy_weight_std 0 / train/inv/valid_frac 1 / train/inv/weight 0 / train/loss/con 0.02 / train/loss/dyn 2.92 / train/loss/image 3.03 / train/loss/inv 0 / train/loss/policy -0.02 / train/loss/rep 2.92 / train/loss/repval 0.99 / train/loss/rew 0.58 / train/loss/value 0.9 / replay/replay_ratio 264 / fps/policy 6.28 / fps/train 1608.32

Writing metrics: /home/zhangpeiying01/lfy/btwm-7.7/runs/dreamerv3_dmc_walker_walk_seed2_dv3_300k_s2/scores.jsonl
Writing metrics: /home/zhangpeiying01/lfy/btwm-7.7/runs/dreamerv3_dmc_walker_walk_seed2_dv3_300k_s2/metrics.jsonl

--------------------[Agent Step 243_184]--------------------
Metrics filtered by: 'score|length|fps|ratio|train/loss/|train/acc/|train/inv/|train/rand/'
train/acc/inv 0.04 / train/inv/ce 3.25 / train/inv/confidence 0.04 / train/inv/confidence_gating 0 / train/inv/effective_rep_weight 0 / train/inv/head_objective 1.07 / train/inv/head_weight 0 / train/inv/objective 1.07 / train/inv/policy_weight_max 1 / train/inv/policy_weight_mean 1 / train/inv/policy_weight_min 1 / train/inv/policy_weight_std 0 / train/inv/valid_frac 1 / train/inv/weight 0 / train/loss/con 0.02 / train/loss/dyn 2.82 / train/loss/image 2.95 / train/loss/inv 0 / train/loss/policy -0.02 / train/loss/rep 2.82 / train/loss/repval 0.99 / train/loss/rew 0.57 / train/loss/value 0.89 / replay/replay_ratio 264 / fps/policy 6.34 / fps/train 1624.23

Writing metrics: /home/zhangpeiying01/lfy/btwm-7.7/runs/dreamerv3_dmc_walker_walk_seed2_dv3_300k_s2/metrics.jsonl
Writing metrics: /home/zhangpeiying01/lfy/btwm-7.7/runs/dreamerv3_dmc_walker_walk_seed2_dv3_300k_s2/scores.jsonl

--------------------[Agent Step 243_952]--------------------
Metrics filtered by: 'score|length|fps|ratio|train/loss/|train/acc/|train/inv/|train/rand/'
train/acc/inv 0.04 / train/inv/ce 3.25 / train/inv/confidence 0.04 / train/inv/confidence_gating 0 / train/inv/effective_rep_weight 0 / train/inv/head_objective 1.07 / train/inv/head_weight 0 / train/inv/objective 1.07 / train/inv/policy_weight_max 1 / train/inv/policy_weight_mean 1 / train/inv/policy_weight_min 1 / train/inv/policy_weight_std 0 / train/inv/valid_frac 1 / train/inv/weight 0 / train/loss/con 0.02 / train/loss/dyn 2.87 / train/loss/image 2.97 / train/loss/inv 0 / train/loss/policy -0.02 / train/loss/rep 2.87 / train/loss/repval 0.98 / train/loss/rew 0.57 / train/loss/value 0.89 / replay/replay_ratio 264 / fps/policy 6.32 / fps/train 1617.59

Writing metrics: /home/zhangpeiying01/lfy/btwm-7.7/runs/dreamerv3_dmc_walker_walk_seed2_dv3_300k_s2/metrics.jsonl
Writing metrics: /home/zhangpeiying01/lfy/btwm-7.7/runs/dreamerv3_dmc_walker_walk_seed2_dv3_300k_s2/scores.jsonl

--------------------[Agent Step 244_704]--------------------
Metrics filtered by: 'score|length|fps|ratio|train/loss/|train/acc/|train/inv/|train/rand/'
train/acc/inv 0.04 / train/inv/ce 3.25 / train/inv/confidence 0.04 / train/inv/confidence_gating 0 / train/inv/effective_rep_weight 0 / train/inv/head_objective 1.07 / train/inv/head_weight 0 / train/inv/objective 1.07 / train/inv/policy_weight_max 1 / train/inv/policy_weight_mean 1 / train/inv/policy_weight_min 1 / train/inv/policy_weight_std 0 / train/inv/valid_frac 1 / train/inv/weight 0 / train/loss/con 0.02 / train/loss/dyn 2.88 / train/loss/image 3 / train/loss/inv 0 / train/loss/policy -0.02 / train/loss/rep 2.88 / train/loss/repval 0.98 / train/loss/rew 0.57 / train/loss/value 0.89 / replay/replay_ratio 264 / fps/policy 6.15 / fps/train 1573.83

Writing metrics: /home/zhangpeiying01/lfy/btwm-7.7/runs/dreamerv3_dmc_walker_walk_seed2_dv3_300k_s2/metrics.jsonl
Writing metrics: /home/zhangpeiying01/lfy/btwm-7.7/runs/dreamerv3_dmc_walker_walk_seed2_dv3_300k_s2/scores.jsonl

--------------------[Agent Step 245_456]--------------------
Metrics filtered by: 'score|length|fps|ratio|train/loss/|train/acc/|train/inv/|train/rand/'
train/acc/inv 0.04 / train/inv/ce 3.25 / train/inv/confidence 0.04 / train/inv/confidence_gating 0 / train/inv/effective_rep_weight 0 / train/inv/head_objective 1.07 / train/inv/head_weight 0 / train/inv/objective 1.07 / train/inv/policy_weight_max 1 / train/inv/policy_weight_mean 1 / train/inv/policy_weight_min 1 / train/inv/policy_weight_std 0 / train/inv/valid_frac 1 / train/inv/weight 0 / train/loss/con 0.02 / train/loss/dyn 2.85 / train/loss/image 2.97 / train/loss/inv 0 / train/loss/policy -0.02 / train/loss/rep 2.85 / train/loss/repval 0.99 / train/loss/rew 0.58 / train/loss/value 0.89 / replay/replay_ratio 264 / fps/policy 6.15 / fps/train 1573.85

Writing metrics: /home/zhangpeiying01/lfy/btwm-7.7/runs/dreamerv3_dmc_walker_walk_seed2_dv3_300k_s2/metrics.jsonl
Writing metrics: /home/zhangpeiying01/lfy/btwm-7.7/runs/dreamerv3_dmc_walker_walk_seed2_dv3_300k_s2/scores.jsonl

--------------------[Agent Step 246_224]--------------------
Metrics filtered by: 'score|length|fps|ratio|train/loss/|train/acc/|train/inv/|train/rand/'
train/acc/inv 0.04 / train/inv/ce 3.25 / train/inv/confidence 0.04 / train/inv/confidence_gating 0 / train/inv/effective_rep_weight 0 / train/inv/head_objective 1.07 / train/inv/head_weight 0 / train/inv/objective 1.07 / train/inv/policy_weight_max 1 / train/inv/policy_weight_mean 1 / train/inv/policy_weight_min 1 / train/inv/policy_weight_std 0 / train/inv/valid_frac 1 / train/inv/weight 0 / train/loss/con 0.02 / train/loss/dyn 2.85 / train/loss/image 2.98 / train/loss/inv 0 / train/loss/policy -0.03 / train/loss/rep 2.85 / train/loss/repval 0.99 / train/loss/rew 0.57 / train/loss/value 0.89 / replay/replay_ratio 264 / fps/policy 6.31 / fps/train 1614.45

Writing metrics: /home/zhangpeiying01/lfy/btwm-7.7/runs/dreamerv3_dmc_walker_walk_seed2_dv3_300k_s2/scores.jsonl
Writing metrics: /home/zhangpeiying01/lfy/btwm-7.7/runs/dreamerv3_dmc_walker_walk_seed2_dv3_300k_s2/metrics.jsonl

--------------------[Agent Step 246_976]--------------------
Metrics filtered by: 'score|length|fps|ratio|train/loss/|train/acc/|train/inv/|train/rand/'
train/acc/inv 0.04 / train/inv/ce 3.25 / train/inv/confidence 0.04 / train/inv/confidence_gating 0 / train/inv/effective_rep_weight 0 / train/inv/head_objective 1.07 / train/inv/head_weight 0 / train/inv/objective 1.07 / train/inv/policy_weight_max 1 / train/inv/policy_weight_mean 1 / train/inv/policy_weight_min 1 / train/inv/policy_weight_std 0 / train/inv/valid_frac 1 / train/inv/weight 0 / train/loss/con 0.02 / train/loss/dyn 2.83 / train/loss/image 2.93 / train/loss/inv 0 / train/loss/policy -0.02 / train/loss/rep 2.83 / train/loss/repval 0.98 / train/loss/rew 0.58 / train/loss/value 0.89 / replay/replay_ratio 264 / fps/policy 6.16 / fps/train 1575.84

Writing metrics: /home/zhangpeiying01/lfy/btwm-7.7/runs/dreamerv3_dmc_walker_walk_seed2_dv3_300k_s2/metrics.jsonl
Writing metrics: /home/zhangpeiying01/lfy/btwm-7.7/runs/dreamerv3_dmc_walker_walk_seed2_dv3_300k_s2/scores.jsonl

--------------------[Agent Step 247_728]--------------------
Metrics filtered by: 'score|length|fps|ratio|train/loss/|train/acc/|train/inv/|train/rand/'
train/acc/inv 0.04 / train/inv/ce 3.25 / train/inv/confidence 0.04 / train/inv/confidence_gating 0 / train/inv/effective_rep_weight 0 / train/inv/head_objective 1.07 / train/inv/head_weight 0 / train/inv/objective 1.07 / train/inv/policy_weight_max 1 / train/inv/policy_weight_mean 1 / train/inv/policy_weight_min 1 / train/inv/policy_weight_std 0 / train/inv/valid_frac 1 / train/inv/weight 0 / train/loss/con 0.02 / train/loss/dyn 2.86 / train/loss/image 2.99 / train/loss/inv 0 / train/loss/policy -0.03 / train/loss/rep 2.86 / train/loss/repval 0.99 / train/loss/rew 0.58 / train/loss/value 0.89 / replay/replay_ratio 264 / fps/policy 6.24 / fps/train 1596.83

Writing metrics: /home/zhangpeiying01/lfy/btwm-7.7/runs/dreamerv3_dmc_walker_walk_seed2_dv3_300k_s2/metrics.jsonl
Writing metrics: /home/zhangpeiying01/lfy/btwm-7.7/runs/dreamerv3_dmc_walker_walk_seed2_dv3_300k_s2/scores.jsonl
Saving checkpoint: /home/zhangpeiying01/lfy/btwm-7.7/runs/dreamerv3_dmc_walker_walk_seed2_dv3_300k_s2/ckpt/20260718T081913F264368
Saved checkpoint.

--------------------[Agent Step 248_448]--------------------
Metrics filtered by: 'score|length|fps|ratio|train/loss/|train/acc/|train/inv/|train/rand/'
train/acc/inv 0.04 / train/inv/ce 3.25 / train/inv/confidence 0.04 / train/inv/confidence_gating 0 / train/inv/effective_rep_weight 0 / train/inv/head_objective 1.07 / train/inv/head_weight 0 / train/inv/objective 1.07 / train/inv/policy_weight_max 1 / train/inv/policy_weight_mean 1 / train/inv/policy_weight_min 1 / train/inv/policy_weight_std 0 / train/inv/valid_frac 1 / train/inv/weight 0 / train/loss/con 0.02 / train/loss/dyn 2.83 / train/loss/image 2.96 / train/loss/inv 0 / train/loss/policy -0.02 / train/loss/rep 2.83 / train/loss/repval 0.99 / train/loss/rew 0.57 / train/loss/value 0.89 / replay/replay_ratio 264 / fps/policy 5.9 / fps/train 1509.6

Writing metrics: /home/zhangpeiying01/lfy/btwm-7.7/runs/dreamerv3_dmc_walker_walk_seed2_dv3_300k_s2/metrics.jsonl
Writing metrics: /home/zhangpeiying01/lfy/btwm-7.7/runs/dreamerv3_dmc_walker_walk_seed2_dv3_300k_s2/scores.jsonl

--------------------[Agent Step 249_200]--------------------
Metrics filtered by: 'score|length|fps|ratio|train/loss/|train/acc/|train/inv/|train/rand/'
train/acc/inv 0.04 / train/inv/ce 3.25 / train/inv/confidence 0.04 / train/inv/confidence_gating 0 / train/inv/effective_rep_weight 0 / train/inv/head_objective 1.07 / train/inv/head_weight 0 / train/inv/objective 1.07 / train/inv/policy_weight_max 1 / train/inv/policy_weight_mean 1 / train/inv/policy_weight_min 1 / train/inv/policy_weight_std 0 / train/inv/valid_frac 1 / train/inv/weight 0 / train/loss/con 0.02 / train/loss/dyn 2.83 / train/loss/image 2.94 / train/loss/inv 0 / train/loss/policy -0.02 / train/loss/rep 2.83 / train/loss/repval 0.98 / train/loss/rew 0.57 / train/loss/value 0.89 / replay/replay_ratio 264 / fps/policy 6.19 / fps/train 1585.41

Writing metrics: /home/zhangpeiying01/lfy/btwm-7.7/runs/dreamerv3_dmc_walker_walk_seed2_dv3_300k_s2/metrics.jsonl
Writing metrics: /home/zhangpeiying01/lfy/btwm-7.7/runs/dreamerv3_dmc_walker_walk_seed2_dv3_300k_s2/scores.jsonl

--------------------[Agent Step 250_000]--------------------
Metrics filtered by: 'score|length|fps|ratio|train/loss/|train/acc/|train/inv/|train/rand/'
train/acc/inv 0.04 / train/inv/ce 3.25 / train/inv/confidence 0.04 / train/inv/confidence_gating 0 / train/inv/effective_rep_weight 0 / train/inv/head_objective 1.07 / train/inv/head_weight 0 / train/inv/objective 1.07 / train/inv/policy_weight_max 1 / train/inv/policy_weight_mean 1 / train/inv/policy_weight_min 1 / train/inv/policy_weight_std 0 / train/inv/valid_frac 1 / train/inv/weight 0 / train/loss/con 0.02 / train/loss/dyn 2.86 / train/loss/image 2.94 / train/loss/inv 0 / train/loss/policy -0.03 / train/loss/rep 2.86 / train/loss/repval 0.98 / train/loss/rew 0.57 / train/loss/value 0.89 / replay/replay_ratio 264 / fps/policy 6.65 / fps/train 1702.14

Writing metrics: /home/zhangpeiying01/lfy/btwm-7.7/runs/dreamerv3_dmc_walker_walk_seed2_dv3_300k_s2/scores.jsonl
Writing metrics: /home/zhangpeiying01/lfy/btwm-7.7/runs/dreamerv3_dmc_walker_walk_seed2_dv3_300k_s2/metrics.jsonl

--------------------[Agent Step 250_816]--------------------
Metrics filtered by: 'score|length|fps|ratio|train/loss/|train/acc/|train/inv/|train/rand/'
train/acc/inv 0.04 / train/inv/ce 3.25 / train/inv/confidence 0.04 / train/inv/confidence_gating 0 / train/inv/effective_rep_weight 0 / train/inv/head_objective 1.07 / train/inv/head_weight 0 / train/inv/objective 1.07 / train/inv/policy_weight_max 1 / train/inv/policy_weight_mean 1 / train/inv/policy_weight_min 1 / train/inv/policy_weight_std 0 / train/inv/valid_frac 1 / train/inv/weight 0 / train/loss/con 0.02 / train/loss/dyn 2.89 / train/loss/image 2.95 / train/loss/inv 0 / train/loss/policy -0.02 / train/loss/rep 2.89 / train/loss/repval 0.98 / train/loss/rew 0.58 / train/loss/value 0.89 / replay/replay_ratio 264 / fps/policy 6.77 / fps/train 1734.16

Writing metrics: /home/zhangpeiying01/lfy/btwm-7.7/runs/dreamerv3_dmc_walker_walk_seed2_dv3_300k_s2/scores.jsonl
Writing metrics: /home/zhangpeiying01/lfy/btwm-7.7/runs/dreamerv3_dmc_walker_walk_seed2_dv3_300k_s2/metrics.jsonl

--------------------[Agent Step 251_584]--------------------
Metrics filtered by: 'score|length|fps|ratio|train/loss/|train/acc/|train/inv/|train/rand/'
train/acc/inv 0.04 / train/inv/ce 3.25 / train/inv/confidence 0.04 / train/inv/confidence_gating 0 / train/inv/effective_rep_weight 0 / train/inv/head_objective 1.07 / train/inv/head_weight 0 / train/inv/objective 1.07 / train/inv/policy_weight_max 1 / train/inv/policy_weight_mean 1 / train/inv/policy_weight_min 1 / train/inv/policy_weight_std 0 / train/inv/valid_frac 1 / train/inv/weight 0 / train/loss/con 0.02 / train/loss/dyn 2.85 / train/loss/image 2.94 / train/loss/inv 0 / train/loss/policy -0.02 / train/loss/rep 2.85 / train/loss/repval 0.97 / train/loss/rew 0.58 / train/loss/value 0.88 / replay/replay_ratio 264 / fps/policy 6.28 / fps/train 1608.22

Writing metrics: /home/zhangpeiying01/lfy/btwm-7.7/runs/dreamerv3_dmc_walker_walk_seed2_dv3_300k_s2/scores.jsonl
Writing metrics: /home/zhangpeiying01/lfy/btwm-7.7/runs/dreamerv3_dmc_walker_walk_seed2_dv3_300k_s2/metrics.jsonl

--------------------[Agent Step 252_320]--------------------
Metrics filtered by: 'score|length|fps|ratio|train/loss/|train/acc/|train/inv/|train/rand/'
train/acc/inv 0.04 / train/inv/ce 3.25 / train/inv/confidence 0.04 / train/inv/confidence_gating 0 / train/inv/effective_rep_weight 0 / train/inv/head_objective 1.07 / train/inv/head_weight 0 / train/inv/objective 1.07 / train/inv/policy_weight_max 1 / train/inv/policy_weight_mean 1 / train/inv/policy_weight_min 1 / train/inv/policy_weight_std 0 / train/inv/valid_frac 1 / train/inv/weight 0 / train/loss/con 0.02 / train/loss/dyn 2.78 / train/loss/image 2.9 / train/loss/inv 0 / train/loss/policy -0.02 / train/loss/rep 2.78 / train/loss/repval 0.98 / train/loss/rew 0.58 / train/loss/value 0.88 / replay/replay_ratio 264 / fps/policy 6.13 / fps/train 1569.47

Writing metrics: /home/zhangpeiying01/lfy/btwm-7.7/runs/dreamerv3_dmc_walker_walk_seed2_dv3_300k_s2/metrics.jsonl
Writing metrics: /home/zhangpeiying01/lfy/btwm-7.7/runs/dreamerv3_dmc_walker_walk_seed2_dv3_300k_s2/scores.jsonl

--------------------[Agent Step 253_056]--------------------
Metrics filtered by: 'score|length|fps|ratio|train/loss/|train/acc/|train/inv/|train/rand/'
train/acc/inv 0.04 / train/inv/ce 3.25 / train/inv/confidence 0.04 / train/inv/confidence_gating 0 / train/inv/effective_rep_weight 0 / train/inv/head_objective 1.07 / train/inv/head_weight 0 / train/inv/objective 1.07 / train/inv/policy_weight_max 1 / train/inv/policy_weight_mean 1 / train/inv/policy_weight_min 1 / train/inv/policy_weight_std 0 / train/inv/valid_frac 1 / train/inv/weight 0 / train/loss/con 0.02 / train/loss/dyn 2.86 / train/loss/image 2.93 / train/loss/inv 0 / train/loss/policy -0.02 / train/loss/rep 2.86 / train/loss/repval 0.98 / train/loss/rew 0.58 / train/loss/value 0.89 / replay/replay_ratio 264 / fps/policy 6.05 / fps/train 1549.36

Writing metrics: /home/zhangpeiying01/lfy/btwm-7.7/runs/dreamerv3_dmc_walker_walk_seed2_dv3_300k_s2/scores.jsonl
Writing metrics: /home/zhangpeiying01/lfy/btwm-7.7/runs/dreamerv3_dmc_walker_walk_seed2_dv3_300k_s2/metrics.jsonl

--------------------[Agent Step 253_792]--------------------
Metrics filtered by: 'score|length|fps|ratio|train/loss/|train/acc/|train/inv/|train/rand/'
train/acc/inv 0.04 / train/inv/ce 3.25 / train/inv/confidence 0.04 / train/inv/confidence_gating 0 / train/inv/effective_rep_weight 0 / train/inv/head_objective 1.07 / train/inv/head_weight 0 / train/inv/objective 1.07 / train/inv/policy_weight_max 1 / train/inv/policy_weight_mean 1 / train/inv/policy_weight_min 1 / train/inv/policy_weight_std 0 / train/inv/valid_frac 1 / train/inv/weight 0 / train/loss/con 0.02 / train/loss/dyn 2.8 / train/loss/image 2.89 / train/loss/inv 0 / train/loss/policy -0.02 / train/loss/rep 2.8 / train/loss/repval 0.98 / train/loss/rew 0.58 / train/loss/value 0.88 / replay/replay_ratio 264 / fps/policy 6.05 / fps/train 1548.67

Writing metrics: /home/zhangpeiying01/lfy/btwm-7.7/runs/dreamerv3_dmc_walker_walk_seed2_dv3_300k_s2/metrics.jsonl
Writing metrics: /home/zhangpeiying01/lfy/btwm-7.7/runs/dreamerv3_dmc_walker_walk_seed2_dv3_300k_s2/scores.jsonl

--------------------[Agent Step 254_528]--------------------
Metrics filtered by: 'score|length|fps|ratio|train/loss/|train/acc/|train/inv/|train/rand/'
train/acc/inv 0.04 / train/inv/ce 3.25 / train/inv/confidence 0.04 / train/inv/confidence_gating 0 / train/inv/effective_rep_weight 0 / train/inv/head_objective 1.07 / train/inv/head_weight 0 / train/inv/objective 1.07 / train/inv/policy_weight_max 1 / train/inv/policy_weight_mean 1 / train/inv/policy_weight_min 1 / train/inv/policy_weight_std 0 / train/inv/valid_frac 1 / train/inv/weight 0 / train/loss/con 0.02 / train/loss/dyn 2.83 / train/loss/image 2.89 / train/loss/inv 0 / train/loss/policy -0.02 / train/loss/rep 2.83 / train/loss/repval 0.97 / train/loss/rew 0.58 / train/loss/value 0.88 / replay/replay_ratio 264 / fps/policy 6.13 / fps/train 1568.89

Writing metrics: /home/zhangpeiying01/lfy/btwm-7.7/runs/dreamerv3_dmc_walker_walk_seed2_dv3_300k_s2/metrics.jsonl
Writing metrics: /home/zhangpeiying01/lfy/btwm-7.7/runs/dreamerv3_dmc_walker_walk_seed2_dv3_300k_s2/scores.jsonl

--------------------[Agent Step 255_264]--------------------
Metrics filtered by: 'score|length|fps|ratio|train/loss/|train/acc/|train/inv/|train/rand/'
train/acc/inv 0.04 / train/inv/ce 3.25 / train/inv/confidence 0.04 / train/inv/confidence_gating 0 / train/inv/effective_rep_weight 0 / train/inv/head_objective 1.07 / train/inv/head_weight 0 / train/inv/objective 1.07 / train/inv/policy_weight_max 1 / train/inv/policy_weight_mean 1 / train/inv/policy_weight_min 1 / train/inv/policy_weight_std 0 / train/inv/valid_frac 1 / train/inv/weight 0 / train/loss/con 0.02 / train/loss/dyn 2.83 / train/loss/image 2.87 / train/loss/inv 0 / train/loss/policy -0.03 / train/loss/rep 2.83 / train/loss/repval 0.97 / train/loss/rew 0.58 / train/loss/value 0.87 / replay/replay_ratio 264 / fps/policy 6.13 / fps/train 1569.38

Writing metrics: /home/zhangpeiying01/lfy/btwm-7.7/runs/dreamerv3_dmc_walker_walk_seed2_dv3_300k_s2/metrics.jsonl
Writing metrics: /home/zhangpeiying01/lfy/btwm-7.7/runs/dreamerv3_dmc_walker_walk_seed2_dv3_300k_s2/scores.jsonl

--------------------[Agent Step 256_016]--------------------
Metrics filtered by: 'score|length|fps|ratio|train/loss/|train/acc/|train/inv/|train/rand/'
train/acc/inv 0.04 / train/inv/ce 3.25 / train/inv/confidence 0.04 / train/inv/confidence_gating 0 / train/inv/effective_rep_weight 0 / train/inv/head_objective 1.07 / train/inv/head_weight 0 / train/inv/objective 1.07 / train/inv/policy_weight_max 1 / train/inv/policy_weight_mean 1 / train/inv/policy_weight_min 1 / train/inv/policy_weight_std 0 / train/inv/valid_frac 1 / train/inv/weight 0 / train/loss/con 0.02 / train/loss/dyn 2.81 / train/loss/image 2.9 / train/loss/inv 0 / train/loss/policy -0.03 / train/loss/rep 2.81 / train/loss/repval 0.97 / train/loss/rew 0.58 / train/loss/value 0.88 / replay/replay_ratio 264 / fps/policy 6.16 / fps/train 1576.18

Writing metrics: /home/zhangpeiying01/lfy/btwm-7.7/runs/dreamerv3_dmc_walker_walk_seed2_dv3_300k_s2/scores.jsonl
Writing metrics: /home/zhangpeiying01/lfy/btwm-7.7/runs/dreamerv3_dmc_walker_walk_seed2_dv3_300k_s2/metrics.jsonl

--------------------[Agent Step 256_768]--------------------
Metrics filtered by: 'score|length|fps|ratio|train/loss/|train/acc/|train/inv/|train/rand/'
episode/score 952.83 / episode/length 1001 / train/acc/inv 0.04 / train/inv/ce 3.25 / train/inv/confidence 0.04 / train/inv/confidence_gating 0 / train/inv/effective_rep_weight 0 / train/inv/head_objective 1.07 / train/inv/head_weight 0 / train/inv/objective 1.07 / train/inv/policy_weight_max 1 / train/inv/policy_weight_mean 1 / train/inv/policy_weight_min 1 / train/inv/policy_weight_std 0 / train/inv/valid_frac 1 / train/inv/weight 0 / train/loss/con 0.02 / train/loss/dyn 2.95 / train/loss/image 2.98 / train/loss/inv 0 / train/loss/policy -0.02 / train/loss/rep 2.95 / train/loss/repval 0.97 / train/loss/rew 0.58 / train/loss/value 0.88 / replay/replay_ratio 264 / fps/policy 6.16 / fps/train 1576.15

Writing metrics: /home/zhangpeiying01/lfy/btwm-7.7/runs/dreamerv3_dmc_walker_walk_seed2_dv3_300k_s2/scores.jsonl
Writing metrics: /home/zhangpeiying01/lfy/btwm-7.7/runs/dreamerv3_dmc_walker_walk_seed2_dv3_300k_s2/metrics.jsonl

--------------------[Agent Step 257_504]--------------------
Metrics filtered by: 'score|length|fps|ratio|train/loss/|train/acc/|train/inv/|train/rand/'
train/acc/inv 0.04 / train/inv/ce 3.25 / train/inv/confidence 0.04 / train/inv/confidence_gating 0 / train/inv/effective_rep_weight 0 / train/inv/head_objective 1.07 / train/inv/head_weight 0 / train/inv/objective 1.07 / train/inv/policy_weight_max 1 / train/inv/policy_weight_mean 1 / train/inv/policy_weight_min 1 / train/inv/policy_weight_std 0 / train/inv/valid_frac 1 / train/inv/weight 0 / train/loss/con 0.02 / train/loss/dyn 2.89 / train/loss/image 3.01 / train/loss/inv 0 / train/loss/policy -0.02 / train/loss/rep 2.89 / train/loss/repval 0.97 / train/loss/rew 0.58 / train/loss/value 0.88 / replay/replay_ratio 264 / fps/policy 6.08 / fps/train 1556

Writing metrics: /home/zhangpeiying01/lfy/btwm-7.7/runs/dreamerv3_dmc_walker_walk_seed2_dv3_300k_s2/metrics.jsonl
Writing metrics: /home/zhangpeiying01/lfy/btwm-7.7/runs/dreamerv3_dmc_walker_walk_seed2_dv3_300k_s2/scores.jsonl

--------------------[Agent Step 258_240]--------------------
Metrics filtered by: 'score|length|fps|ratio|train/loss/|train/acc/|train/inv/|train/rand/'
train/acc/inv 0.04 / train/inv/ce 3.25 / train/inv/confidence 0.04 / train/inv/confidence_gating 0 / train/inv/effective_rep_weight 0 / train/inv/head_objective 1.07 / train/inv/head_weight 0 / train/inv/objective 1.07 / train/inv/policy_weight_max 1 / train/inv/policy_weight_mean 1 / train/inv/policy_weight_min 1 / train/inv/policy_weight_std 0 / train/inv/valid_frac 1 / train/inv/weight 0 / train/loss/con 0.02 / train/loss/dyn 2.91 / train/loss/image 3.02 / train/loss/inv 0 / train/loss/policy -0.02 / train/loss/rep 2.91 / train/loss/repval 0.97 / train/loss/rew 0.58 / train/loss/value 0.88 / replay/replay_ratio 264 / fps/policy 6.05 / fps/train 1548.94

Writing metrics: /home/zhangpeiying01/lfy/btwm-7.7/runs/dreamerv3_dmc_walker_walk_seed2_dv3_300k_s2/metrics.jsonl
Writing metrics: /home/zhangpeiying01/lfy/btwm-7.7/runs/dreamerv3_dmc_walker_walk_seed2_dv3_300k_s2/scores.jsonl

--------------------[Agent Step 258_976]--------------------
Metrics filtered by: 'score|length|fps|ratio|train/loss/|train/acc/|train/inv/|train/rand/'
train/acc/inv 0.04 / train/inv/ce 3.25 / train/inv/confidence 0.04 / train/inv/confidence_gating 0 / train/inv/effective_rep_weight 0 / train/inv/head_objective 1.07 / train/inv/head_weight 0 / train/inv/objective 1.07 / train/inv/policy_weight_max 1 / train/inv/policy_weight_mean 1 / train/inv/policy_weight_min 1 / train/inv/policy_weight_std 0 / train/inv/valid_frac 1 / train/inv/weight 0 / train/loss/con 0.02 / train/loss/dyn 2.84 / train/loss/image 2.96 / train/loss/inv 0 / train/loss/policy -0.02 / train/loss/rep 2.84 / train/loss/repval 0.97 / train/loss/rew 0.58 / train/loss/value 0.89 / replay/replay_ratio 264 / fps/policy 6.09 / fps/train 1559.08

Writing metrics: /home/zhangpeiying01/lfy/btwm-7.7/runs/dreamerv3_dmc_walker_walk_seed2_dv3_300k_s2/scores.jsonl
Writing metrics: /home/zhangpeiying01/lfy/btwm-7.7/runs/dreamerv3_dmc_walker_walk_seed2_dv3_300k_s2/metrics.jsonl

--------------------[Agent Step 259_728]--------------------
Metrics filtered by: 'score|length|fps|ratio|train/loss/|train/acc/|train/inv/|train/rand/'
train/acc/inv 0.04 / train/inv/ce 3.25 / train/inv/confidence 0.04 / train/inv/confidence_gating 0 / train/inv/effective_rep_weight 0 / train/inv/head_objective 1.07 / train/inv/head_weight 0 / train/inv/objective 1.07 / train/inv/policy_weight_max 1 / train/inv/policy_weight_mean 1 / train/inv/policy_weight_min 1 / train/inv/policy_weight_std 0 / train/inv/valid_frac 1 / train/inv/weight 0 / train/loss/con 0.02 / train/loss/dyn 2.79 / train/loss/image 2.93 / train/loss/inv 0 / train/loss/policy -0.02 / train/loss/rep 2.79 / train/loss/repval 0.97 / train/loss/rew 0.58 / train/loss/value 0.88 / replay/replay_ratio 264 / fps/policy 6.16 / fps/train 1578.05

Writing metrics: /home/zhangpeiying01/lfy/btwm-7.7/runs/dreamerv3_dmc_walker_walk_seed2_dv3_300k_s2/metrics.jsonl
Writing metrics: /home/zhangpeiying01/lfy/btwm-7.7/runs/dreamerv3_dmc_walker_walk_seed2_dv3_300k_s2/scores.jsonl

--------------------[Agent Step 260_480]--------------------
Metrics filtered by: 'score|length|fps|ratio|train/loss/|train/acc/|train/inv/|train/rand/'
train/acc/inv 0.04 / train/inv/ce 3.25 / train/inv/confidence 0.04 / train/inv/confidence_gating 0 / train/inv/effective_rep_weight 0 / train/inv/head_objective 1.07 / train/inv/head_weight 0 / train/inv/objective 1.07 / train/inv/policy_weight_max 1 / train/inv/policy_weight_mean 1 / train/inv/policy_weight_min 1 / train/inv/policy_weight_std 0 / train/inv/valid_frac 1 / train/inv/weight 0 / train/loss/con 0.02 / train/loss/dyn 2.83 / train/loss/image 2.91 / train/loss/inv 0 / train/loss/policy -0.03 / train/loss/rep 2.83 / train/loss/repval 0.97 / train/loss/rew 0.58 / train/loss/value 0.88 / replay/replay_ratio 264 / fps/policy 6.15 / fps/train 1575.37

Writing metrics: /home/zhangpeiying01/lfy/btwm-7.7/runs/dreamerv3_dmc_walker_walk_seed2_dv3_300k_s2/scores.jsonl
Writing metrics: /home/zhangpeiying01/lfy/btwm-7.7/runs/dreamerv3_dmc_walker_walk_seed2_dv3_300k_s2/metrics.jsonl

--------------------[Agent Step 261_216]--------------------
Metrics filtered by: 'score|length|fps|ratio|train/loss/|train/acc/|train/inv/|train/rand/'
train/acc/inv 0.04 / train/inv/ce 3.25 / train/inv/confidence 0.04 / train/inv/confidence_gating 0 / train/inv/effective_rep_weight 0 / train/inv/head_objective 1.07 / train/inv/head_weight 0 / train/inv/objective 1.07 / train/inv/policy_weight_max 1 / train/inv/policy_weight_mean 1 / train/inv/policy_weight_min 1 / train/inv/policy_weight_std 0 / train/inv/valid_frac 1 / train/inv/weight 0 / train/loss/con 0.02 / train/loss/dyn 2.83 / train/loss/image 2.9 / train/loss/inv 0 / train/loss/policy -0.02 / train/loss/rep 2.83 / train/loss/repval 0.97 / train/loss/rew 0.58 / train/loss/value 0.88 / replay/replay_ratio 264 / fps/policy 6.05 / fps/train 1547.98

Writing metrics: /home/zhangpeiying01/lfy/btwm-7.7/runs/dreamerv3_dmc_walker_walk_seed2_dv3_300k_s2/metrics.jsonl
Writing metrics: /home/zhangpeiying01/lfy/btwm-7.7/runs/dreamerv3_dmc_walker_walk_seed2_dv3_300k_s2/scores.jsonl

--------------------[Agent Step 261_952]--------------------
Metrics filtered by: 'score|length|fps|ratio|train/loss/|train/acc/|train/inv/|train/rand/'
train/acc/inv 0.04 / train/inv/ce 3.25 / train/inv/confidence 0.04 / train/inv/confidence_gating 0 / train/inv/effective_rep_weight 0 / train/inv/head_objective 1.07 / train/inv/head_weight 0 / train/inv/objective 1.07 / train/inv/policy_weight_max 1 / train/inv/policy_weight_mean 1 / train/inv/policy_weight_min 1 / train/inv/policy_weight_std 0 / train/inv/valid_frac 1 / train/inv/weight 0 / train/loss/con 0.02 / train/loss/dyn 2.84 / train/loss/image 2.91 / train/loss/inv 0 / train/loss/policy -0.03 / train/loss/rep 2.84 / train/loss/repval 0.97 / train/loss/rew 0.58 / train/loss/value 0.88 / replay/replay_ratio 264 / fps/policy 6.1 / fps/train 1561.66

Writing metrics: /home/zhangpeiying01/lfy/btwm-7.7/runs/dreamerv3_dmc_walker_walk_seed2_dv3_300k_s2/metrics.jsonl
Writing metrics: /home/zhangpeiying01/lfy/btwm-7.7/runs/dreamerv3_dmc_walker_walk_seed2_dv3_300k_s2/scores.jsonl

--------------------[Agent Step 262_688]--------------------
Metrics filtered by: 'score|length|fps|ratio|train/loss/|train/acc/|train/inv/|train/rand/'
train/acc/inv 0.04 / train/inv/ce 3.25 / train/inv/confidence 0.04 / train/inv/confidence_gating 0 / train/inv/effective_rep_weight 0 / train/inv/head_objective 1.07 / train/inv/head_weight 0 / train/inv/objective 1.07 / train/inv/policy_weight_max 1 / train/inv/policy_weight_mean 1 / train/inv/policy_weight_min 1 / train/inv/policy_weight_std 0 / train/inv/valid_frac 1 / train/inv/weight 0 / train/loss/con 0.02 / train/loss/dyn 2.81 / train/loss/image 2.9 / train/loss/inv 0 / train/loss/policy -0.03 / train/loss/rep 2.81 / train/loss/repval 0.97 / train/loss/rew 0.58 / train/loss/value 0.88 / replay/replay_ratio 264 / fps/policy 6.03 / fps/train 1544.07

Writing metrics: /home/zhangpeiying01/lfy/btwm-7.7/runs/dreamerv3_dmc_walker_walk_seed2_dv3_300k_s2/metrics.jsonl
Writing metrics: /home/zhangpeiying01/lfy/btwm-7.7/runs/dreamerv3_dmc_walker_walk_seed2_dv3_300k_s2/scores.jsonl

--------------------[Agent Step 263_424]--------------------
Metrics filtered by: 'score|length|fps|ratio|train/loss/|train/acc/|train/inv/|train/rand/'
train/acc/inv 0.04 / train/inv/ce 3.25 / train/inv/confidence 0.04 / train/inv/confidence_gating 0 / train/inv/effective_rep_weight 0 / train/inv/head_objective 1.07 / train/inv/head_weight 0 / train/inv/objective 1.07 / train/inv/policy_weight_max 1 / train/inv/policy_weight_mean 1 / train/inv/policy_weight_min 1 / train/inv/policy_weight_std 0 / train/inv/valid_frac 1 / train/inv/weight 0 / train/loss/con 0.02 / train/loss/dyn 2.81 / train/loss/image 2.89 / train/loss/inv 0 / train/loss/policy -0.03 / train/loss/rep 2.81 / train/loss/repval 0.96 / train/loss/rew 0.58 / train/loss/value 0.87 / replay/replay_ratio 264 / fps/policy 6.01 / fps/train 1539.81

Writing metrics: /home/zhangpeiying01/lfy/btwm-7.7/runs/dreamerv3_dmc_walker_walk_seed2_dv3_300k_s2/metrics.jsonl
Writing metrics: /home/zhangpeiying01/lfy/btwm-7.7/runs/dreamerv3_dmc_walker_walk_seed2_dv3_300k_s2/scores.jsonl

--------------------[Agent Step 264_160]--------------------
Metrics filtered by: 'score|length|fps|ratio|train/loss/|train/acc/|train/inv/|train/rand/'
train/acc/inv 0.04 / train/inv/ce 3.25 / train/inv/confidence 0.04 / train/inv/confidence_gating 0 / train/inv/effective_rep_weight 0 / train/inv/head_objective 1.07 / train/inv/head_weight 0 / train/inv/objective 1.07 / train/inv/policy_weight_max 1 / train/inv/policy_weight_mean 1 / train/inv/policy_weight_min 1 / train/inv/policy_weight_std 0 / train/inv/valid_frac 1 / train/inv/weight 0 / train/loss/con 0.02 / train/loss/dyn 2.85 / train/loss/image 2.9 / train/loss/inv 0 / train/loss/policy -0.02 / train/loss/rep 2.85 / train/loss/repval 0.96 / train/loss/rew 0.58 / train/loss/value 0.87 / replay/replay_ratio 264 / fps/policy 6.03 / fps/train 1543.92

Writing metrics: /home/zhangpeiying01/lfy/btwm-7.7/runs/dreamerv3_dmc_walker_walk_seed2_dv3_300k_s2/scores.jsonl
Writing metrics: /home/zhangpeiying01/lfy/btwm-7.7/runs/dreamerv3_dmc_walker_walk_seed2_dv3_300k_s2/metrics.jsonl

--------------------[Agent Step 264_896]--------------------
Metrics filtered by: 'score|length|fps|ratio|train/loss/|train/acc/|train/inv/|train/rand/'
train/acc/inv 0.04 / train/inv/ce 3.25 / train/inv/confidence 0.04 / train/inv/confidence_gating 0 / train/inv/effective_rep_weight 0 / train/inv/head_objective 1.07 / train/inv/head_weight 0 / train/inv/objective 1.07 / train/inv/policy_weight_max 1 / train/inv/policy_weight_mean 1 / train/inv/policy_weight_min 1 / train/inv/policy_weight_std 0 / train/inv/valid_frac 1 / train/inv/weight 0 / train/loss/con 0.02 / train/loss/dyn 2.81 / train/loss/image 2.89 / train/loss/inv 0 / train/loss/policy -0.02 / train/loss/rep 2.81 / train/loss/repval 0.97 / train/loss/rew 0.58 / train/loss/value 0.88 / replay/replay_ratio 264 / fps/policy 6.04 / fps/train 1545.86

Writing metrics: /home/zhangpeiying01/lfy/btwm-7.7/runs/dreamerv3_dmc_walker_walk_seed2_dv3_300k_s2/metrics.jsonl
Writing metrics: /home/zhangpeiying01/lfy/btwm-7.7/runs/dreamerv3_dmc_walker_walk_seed2_dv3_300k_s2/scores.jsonl

--------------------[Agent Step 265_632]--------------------
Metrics filtered by: 'score|length|fps|ratio|train/loss/|train/acc/|train/inv/|train/rand/'
train/acc/inv 0.04 / train/inv/ce 3.25 / train/inv/confidence 0.04 / train/inv/confidence_gating 0 / train/inv/effective_rep_weight 0 / train/inv/head_objective 1.07 / train/inv/head_weight 0 / train/inv/objective 1.07 / train/inv/policy_weight_max 1 / train/inv/policy_weight_mean 1 / train/inv/policy_weight_min 1 / train/inv/policy_weight_std 0 / train/inv/valid_frac 1 / train/inv/weight 0 / train/loss/con 0.02 / train/loss/dyn 2.83 / train/loss/image 2.88 / train/loss/inv 0 / train/loss/policy -0.02 / train/loss/rep 2.83 / train/loss/repval 0.96 / train/loss/rew 0.58 / train/loss/value 0.88 / replay/replay_ratio 264 / fps/policy 6.08 / fps/train 1556.76

Writing metrics: /home/zhangpeiying01/lfy/btwm-7.7/runs/dreamerv3_dmc_walker_walk_seed2_dv3_300k_s2/metrics.jsonl
Writing metrics: /home/zhangpeiying01/lfy/btwm-7.7/runs/dreamerv3_dmc_walker_walk_seed2_dv3_300k_s2/scores.jsonl

--------------------[Agent Step 266_368]--------------------
Metrics filtered by: 'score|length|fps|ratio|train/loss/|train/acc/|train/inv/|train/rand/'
train/acc/inv 0.04 / train/inv/ce 3.25 / train/inv/confidence 0.04 / train/inv/confidence_gating 0 / train/inv/effective_rep_weight 0 / train/inv/head_objective 1.07 / train/inv/head_weight 0 / train/inv/objective 1.07 / train/inv/policy_weight_max 1 / train/inv/policy_weight_mean 1 / train/inv/policy_weight_min 1 / train/inv/policy_weight_std 0 / train/inv/valid_frac 1 / train/inv/weight 0 / train/loss/con 0.02 / train/loss/dyn 2.79 / train/loss/image 2.88 / train/loss/inv 0 / train/loss/policy -0.03 / train/loss/rep 2.79 / train/loss/repval 0.96 / train/loss/rew 0.58 / train/loss/value 0.87 / replay/replay_ratio 264 / fps/policy 6.11 / fps/train 1564.86

Writing metrics: /home/zhangpeiying01/lfy/btwm-7.7/runs/dreamerv3_dmc_walker_walk_seed2_dv3_300k_s2/scores.jsonl
Writing metrics: /home/zhangpeiying01/lfy/btwm-7.7/runs/dreamerv3_dmc_walker_walk_seed2_dv3_300k_s2/metrics.jsonl

--------------------[Agent Step 267_120]--------------------
Metrics filtered by: 'score|length|fps|ratio|train/loss/|train/acc/|train/inv/|train/rand/'
train/acc/inv 0.04 / train/inv/ce 3.25 / train/inv/confidence 0.04 / train/inv/confidence_gating 0 / train/inv/effective_rep_weight 0 / train/inv/head_objective 1.07 / train/inv/head_weight 0 / train/inv/objective 1.07 / train/inv/policy_weight_max 1 / train/inv/policy_weight_mean 1 / train/inv/policy_weight_min 1 / train/inv/policy_weight_std 0 / train/inv/valid_frac 1 / train/inv/weight 0 / train/loss/con 0.02 / train/loss/dyn 2.8 / train/loss/image 2.88 / train/loss/inv 0 / train/loss/policy -0.03 / train/loss/rep 2.8 / train/loss/repval 0.96 / train/loss/rew 0.58 / train/loss/value 0.87 / replay/replay_ratio 264 / fps/policy 6.17 / fps/train 1578.32

Writing metrics: /home/zhangpeiying01/lfy/btwm-7.7/runs/dreamerv3_dmc_walker_walk_seed2_dv3_300k_s2/metrics.jsonl
Writing metrics: /home/zhangpeiying01/lfy/btwm-7.7/runs/dreamerv3_dmc_walker_walk_seed2_dv3_300k_s2/scores.jsonl

--------------------[Agent Step 267_856]--------------------
Metrics filtered by: 'score|length|fps|ratio|train/loss/|train/acc/|train/inv/|train/rand/'
train/acc/inv 0.04 / train/inv/ce 3.25 / train/inv/confidence 0.04 / train/inv/confidence_gating 0 / train/inv/effective_rep_weight 0 / train/inv/head_objective 1.07 / train/inv/head_weight 0 / train/inv/objective 1.07 / train/inv/policy_weight_max 1 / train/inv/policy_weight_mean 1 / train/inv/policy_weight_min 1 / train/inv/policy_weight_std 0 / train/inv/valid_frac 1 / train/inv/weight 0 / train/loss/con 0.02 / train/loss/dyn 2.85 / train/loss/image 2.89 / train/loss/inv 0 / train/loss/policy -0.02 / train/loss/rep 2.85 / train/loss/repval 0.96 / train/loss/rew 0.58 / train/loss/value 0.87 / replay/replay_ratio 264 / fps/policy 6.13 / fps/train 1569.56

Writing metrics: /home/zhangpeiying01/lfy/btwm-7.7/runs/dreamerv3_dmc_walker_walk_seed2_dv3_300k_s2/metrics.jsonl
Writing metrics: /home/zhangpeiying01/lfy/btwm-7.7/runs/dreamerv3_dmc_walker_walk_seed2_dv3_300k_s2/scores.jsonl

--------------------[Agent Step 268_592]--------------------
Metrics filtered by: 'score|length|fps|ratio|train/loss/|train/acc/|train/inv/|train/rand/'
train/acc/inv 0.04 / train/inv/ce 3.25 / train/inv/confidence 0.04 / train/inv/confidence_gating 0 / train/inv/effective_rep_weight 0 / train/inv/head_objective 1.07 / train/inv/head_weight 0 / train/inv/objective 1.07 / train/inv/policy_weight_max 1 / train/inv/policy_weight_mean 1 / train/inv/policy_weight_min 1 / train/inv/policy_weight_std 0 / train/inv/valid_frac 1 / train/inv/weight 0 / train/loss/con 0.02 / train/loss/dyn 2.78 / train/loss/image 2.83 / train/loss/inv 0 / train/loss/policy -0.03 / train/loss/rep 2.78 / train/loss/repval 0.96 / train/loss/rew 0.58 / train/loss/value 0.87 / replay/replay_ratio 264 / fps/policy 6.05 / fps/train 1548.68

Writing metrics: /home/zhangpeiying01/lfy/btwm-7.7/runs/dreamerv3_dmc_walker_walk_seed2_dv3_300k_s2/metrics.jsonl
Writing metrics: /home/zhangpeiying01/lfy/btwm-7.7/runs/dreamerv3_dmc_walker_walk_seed2_dv3_300k_s2/scores.jsonl

--------------------[Agent Step 269_328]--------------------
Metrics filtered by: 'score|length|fps|ratio|train/loss/|train/acc/|train/inv/|train/rand/'
train/acc/inv 0.04 / train/inv/ce 3.25 / train/inv/confidence 0.04 / train/inv/confidence_gating 0 / train/inv/effective_rep_weight 0 / train/inv/head_objective 1.07 / train/inv/head_weight 0 / train/inv/objective 1.07 / train/inv/policy_weight_max 1 / train/inv/policy_weight_mean 1 / train/inv/policy_weight_min 1 / train/inv/policy_weight_std 0 / train/inv/valid_frac 1 / train/inv/weight 0 / train/loss/con 0.02 / train/loss/dyn 2.79 / train/loss/image 2.84 / train/loss/inv 0 / train/loss/policy -0.03 / train/loss/rep 2.79 / train/loss/repval 0.96 / train/loss/rew 0.58 / train/loss/value 0.87 / replay/replay_ratio 264 / fps/policy 6.03 / fps/train 1544.44

Writing metrics: /home/zhangpeiying01/lfy/btwm-7.7/runs/dreamerv3_dmc_walker_walk_seed2_dv3_300k_s2/scores.jsonl
Writing metrics: /home/zhangpeiying01/lfy/btwm-7.7/runs/dreamerv3_dmc_walker_walk_seed2_dv3_300k_s2/metrics.jsonl

--------------------[Agent Step 270_064]--------------------
Metrics filtered by: 'score|length|fps|ratio|train/loss/|train/acc/|train/inv/|train/rand/'
train/acc/inv 0.04 / train/inv/ce 3.25 / train/inv/confidence 0.04 / train/inv/confidence_gating 0 / train/inv/effective_rep_weight 0 / train/inv/head_objective 1.07 / train/inv/head_weight 0 / train/inv/objective 1.07 / train/inv/policy_weight_max 1 / train/inv/policy_weight_mean 1 / train/inv/policy_weight_min 1 / train/inv/policy_weight_std 0 / train/inv/valid_frac 1 / train/inv/weight 0 / train/loss/con 0.02 / train/loss/dyn 2.8 / train/loss/image 2.85 / train/loss/inv 0 / train/loss/policy -0.03 / train/loss/rep 2.8 / train/loss/repval 0.96 / train/loss/rew 0.58 / train/loss/value 0.86 / replay/replay_ratio 264 / fps/policy 6.04 / fps/train 1546.21

Writing metrics: /home/zhangpeiying01/lfy/btwm-7.7/runs/dreamerv3_dmc_walker_walk_seed2_dv3_300k_s2/metrics.jsonl
Writing metrics: /home/zhangpeiying01/lfy/btwm-7.7/runs/dreamerv3_dmc_walker_walk_seed2_dv3_300k_s2/scores.jsonl
Saving checkpoint: /home/zhangpeiying01/lfy/btwm-7.7/runs/dreamerv3_dmc_walker_walk_seed2_dv3_300k_s2/ckpt/20260718T091914F350902
Saved checkpoint.

--------------------[Agent Step 270_768]--------------------
Metrics filtered by: 'score|length|fps|ratio|train/loss/|train/acc/|train/inv/|train/rand/'
train/acc/inv 0.04 / train/inv/ce 3.25 / train/inv/confidence 0.04 / train/inv/confidence_gating 0 / train/inv/effective_rep_weight 0 / train/inv/head_objective 1.07 / train/inv/head_weight 0 / train/inv/objective 1.07 / train/inv/policy_weight_max 1 / train/inv/policy_weight_mean 1 / train/inv/policy_weight_min 1 / train/inv/policy_weight_std 0 / train/inv/valid_frac 1 / train/inv/weight 0 / train/loss/con 0.02 / train/loss/dyn 2.8 / train/loss/image 2.82 / train/loss/inv 0 / train/loss/policy -0.03 / train/loss/rep 2.8 / train/loss/repval 0.95 / train/loss/rew 0.58 / train/loss/value 0.86 / replay/replay_ratio 264 / fps/policy 5.81 / fps/train 1487.56

Writing metrics: /home/zhangpeiying01/lfy/btwm-7.7/runs/dreamerv3_dmc_walker_walk_seed2_dv3_300k_s2/metrics.jsonl
Writing metrics: /home/zhangpeiying01/lfy/btwm-7.7/runs/dreamerv3_dmc_walker_walk_seed2_dv3_300k_s2/scores.jsonl

--------------------[Agent Step 271_504]--------------------
Metrics filtered by: 'score|length|fps|ratio|train/loss/|train/acc/|train/inv/|train/rand/'
train/acc/inv 0.04 / train/inv/ce 3.25 / train/inv/confidence 0.04 / train/inv/confidence_gating 0 / train/inv/effective_rep_weight 0 / train/inv/head_objective 1.07 / train/inv/head_weight 0 / train/inv/objective 1.07 / train/inv/policy_weight_max 1 / train/inv/policy_weight_mean 1 / train/inv/policy_weight_min 1 / train/inv/policy_weight_std 0 / train/inv/valid_frac 1 / train/inv/weight 0 / train/loss/con 0.02 / train/loss/dyn 2.81 / train/loss/image 2.84 / train/loss/inv 0 / train/loss/policy -0.03 / train/loss/rep 2.81 / train/loss/repval 0.95 / train/loss/rew 0.58 / train/loss/value 0.86 / replay/replay_ratio 264 / fps/policy 6.11 / fps/train 1565.29

Writing metrics: /home/zhangpeiying01/lfy/btwm-7.7/runs/dreamerv3_dmc_walker_walk_seed2_dv3_300k_s2/metrics.jsonl
Writing metrics: /home/zhangpeiying01/lfy/btwm-7.7/runs/dreamerv3_dmc_walker_walk_seed2_dv3_300k_s2/scores.jsonl

--------------------[Agent Step 272_240]--------------------
Metrics filtered by: 'score|length|fps|ratio|train/loss/|train/acc/|train/inv/|train/rand/'
train/acc/inv 0.04 / train/inv/ce 3.25 / train/inv/confidence 0.04 / train/inv/confidence_gating 0 / train/inv/effective_rep_weight 0 / train/inv/head_objective 1.07 / train/inv/head_weight 0 / train/inv/objective 1.07 / train/inv/policy_weight_max 1 / train/inv/policy_weight_mean 1 / train/inv/policy_weight_min 1 / train/inv/policy_weight_std 0 / train/inv/valid_frac 1 / train/inv/weight 0 / train/loss/con 0.02 / train/loss/dyn 2.78 / train/loss/image 2.82 / train/loss/inv 0 / train/loss/policy -0.03 / train/loss/rep 2.78 / train/loss/repval 0.94 / train/loss/rew 0.58 / train/loss/value 0.85 / replay/replay_ratio 264 / fps/policy 6.13 / fps/train 1569.65

Writing metrics: /home/zhangpeiying01/lfy/btwm-7.7/runs/dreamerv3_dmc_walker_walk_seed2_dv3_300k_s2/metrics.jsonl
Writing metrics: /home/zhangpeiying01/lfy/btwm-7.7/runs/dreamerv3_dmc_walker_walk_seed2_dv3_300k_s2/scores.jsonl

--------------------[Agent Step 272_976]--------------------
Metrics filtered by: 'score|length|fps|ratio|train/loss/|train/acc/|train/inv/|train/rand/'
episode/score 940.54 / episode/length 1001 / train/acc/inv 0.04 / train/inv/ce 3.25 / train/inv/confidence 0.04 / train/inv/confidence_gating 0 / train/inv/effective_rep_weight 0 / train/inv/head_objective 1.07 / train/inv/head_weight 0 / train/inv/objective 1.07 / train/inv/policy_weight_max 1 / train/inv/policy_weight_mean 1 / train/inv/policy_weight_min 1 / train/inv/policy_weight_std 0 / train/inv/valid_frac 1 / train/inv/weight 0 / train/loss/con 0.02 / train/loss/dyn 2.87 / train/loss/image 2.94 / train/loss/inv 0 / train/loss/policy -0.03 / train/loss/rep 2.87 / train/loss/repval 0.95 / train/loss/rew 0.58 / train/loss/value 0.86 / replay/replay_ratio 264 / fps/policy 6.03 / fps/train 1544.32

Writing metrics: /home/zhangpeiying01/lfy/btwm-7.7/runs/dreamerv3_dmc_walker_walk_seed2_dv3_300k_s2/scores.jsonl
Writing metrics: /home/zhangpeiying01/lfy/btwm-7.7/runs/dreamerv3_dmc_walker_walk_seed2_dv3_300k_s2/metrics.jsonl

--------------------[Agent Step 273_696]--------------------
Metrics filtered by: 'score|length|fps|ratio|train/loss/|train/acc/|train/inv/|train/rand/'
train/acc/inv 0.04 / train/inv/ce 3.25 / train/inv/confidence 0.04 / train/inv/confidence_gating 0 / train/inv/effective_rep_weight 0 / train/inv/head_objective 1.07 / train/inv/head_weight 0 / train/inv/objective 1.07 / train/inv/policy_weight_max 1 / train/inv/policy_weight_mean 1 / train/inv/policy_weight_min 1 / train/inv/policy_weight_std 0 / train/inv/valid_frac 1 / train/inv/weight 0 / train/loss/con 0.02 / train/loss/dyn 3.03 / train/loss/image 3.04 / train/loss/inv 0 / train/loss/policy -0.02 / train/loss/rep 3.03 / train/loss/repval 0.95 / train/loss/rew 0.58 / train/loss/value 0.87 / replay/replay_ratio 264 / fps/policy 5.99 / fps/train 1533.37

Writing metrics: /home/zhangpeiying01/lfy/btwm-7.7/runs/dreamerv3_dmc_walker_walk_seed2_dv3_300k_s2/metrics.jsonl
Writing metrics: /home/zhangpeiying01/lfy/btwm-7.7/runs/dreamerv3_dmc_walker_walk_seed2_dv3_300k_s2/scores.jsonl

--------------------[Agent Step 274_416]--------------------
Metrics filtered by: 'score|length|fps|ratio|train/loss/|train/acc/|train/inv/|train/rand/'
train/acc/inv 0.04 / train/inv/ce 3.25 / train/inv/confidence 0.04 / train/inv/confidence_gating 0 / train/inv/effective_rep_weight 0 / train/inv/head_objective 1.07 / train/inv/head_weight 0 / train/inv/objective 1.07 / train/inv/policy_weight_max 1 / train/inv/policy_weight_mean 1 / train/inv/policy_weight_min 1 / train/inv/policy_weight_std 0 / train/inv/valid_frac 1 / train/inv/weight 0 / train/loss/con 0.02 / train/loss/dyn 2.81 / train/loss/image 2.91 / train/loss/inv 0 / train/loss/policy -0.02 / train/loss/rep 2.81 / train/loss/repval 0.96 / train/loss/rew 0.58 / train/loss/value 0.87 / replay/replay_ratio 264 / fps/policy 5.96 / fps/train 1526.22

Writing metrics: /home/zhangpeiying01/lfy/btwm-7.7/runs/dreamerv3_dmc_walker_walk_seed2_dv3_300k_s2/metrics.jsonl
Writing metrics: /home/zhangpeiying01/lfy/btwm-7.7/runs/dreamerv3_dmc_walker_walk_seed2_dv3_300k_s2/scores.jsonl

--------------------[Agent Step 275_136]--------------------
Metrics filtered by: 'score|length|fps|ratio|train/loss/|train/acc/|train/inv/|train/rand/'
train/acc/inv 0.04 / train/inv/ce 3.25 / train/inv/confidence 0.04 / train/inv/confidence_gating 0 / train/inv/effective_rep_weight 0 / train/inv/head_objective 1.07 / train/inv/head_weight 0 / train/inv/objective 1.07 / train/inv/policy_weight_max 1 / train/inv/policy_weight_mean 1 / train/inv/policy_weight_min 1 / train/inv/policy_weight_std 0 / train/inv/valid_frac 1 / train/inv/weight 0 / train/loss/con 0.02 / train/loss/dyn 2.82 / train/loss/image 2.88 / train/loss/inv 0 / train/loss/policy -0.02 / train/loss/rep 2.82 / train/loss/repval 0.96 / train/loss/rew 0.58 / train/loss/value 0.87 / replay/replay_ratio 264 / fps/policy 5.99 / fps/train 1534.19

Writing metrics: /home/zhangpeiying01/lfy/btwm-7.7/runs/dreamerv3_dmc_walker_walk_seed2_dv3_300k_s2/scores.jsonl
Writing metrics: /home/zhangpeiying01/lfy/btwm-7.7/runs/dreamerv3_dmc_walker_walk_seed2_dv3_300k_s2/metrics.jsonl

--------------------[Agent Step 275_872]--------------------
Metrics filtered by: 'score|length|fps|ratio|train/loss/|train/acc/|train/inv/|train/rand/'
train/acc/inv 0.04 / train/inv/ce 3.25 / train/inv/confidence 0.04 / train/inv/confidence_gating 0 / train/inv/effective_rep_weight 0 / train/inv/head_objective 1.07 / train/inv/head_weight 0 / train/inv/objective 1.07 / train/inv/policy_weight_max 1 / train/inv/policy_weight_mean 1 / train/inv/policy_weight_min 1 / train/inv/policy_weight_std 0 / train/inv/valid_frac 1 / train/inv/weight 0 / train/loss/con 0.02 / train/loss/dyn 2.79 / train/loss/image 2.87 / train/loss/inv 0 / train/loss/policy -0.02 / train/loss/rep 2.79 / train/loss/repval 0.96 / train/loss/rew 0.58 / train/loss/value 0.87 / replay/replay_ratio 264 / fps/policy 6.06 / fps/train 1550.1

Writing metrics: /home/zhangpeiying01/lfy/btwm-7.7/runs/dreamerv3_dmc_walker_walk_seed2_dv3_300k_s2/metrics.jsonl
Writing metrics: /home/zhangpeiying01/lfy/btwm-7.7/runs/dreamerv3_dmc_walker_walk_seed2_dv3_300k_s2/scores.jsonl

--------------------[Agent Step 276_608]--------------------
Metrics filtered by: 'score|length|fps|ratio|train/loss/|train/acc/|train/inv/|train/rand/'
train/acc/inv 0.04 / train/inv/ce 3.25 / train/inv/confidence 0.04 / train/inv/confidence_gating 0 / train/inv/effective_rep_weight 0 / train/inv/head_objective 1.07 / train/inv/head_weight 0 / train/inv/objective 1.07 / train/inv/policy_weight_max 1 / train/inv/policy_weight_mean 1 / train/inv/policy_weight_min 1 / train/inv/policy_weight_std 0 / train/inv/valid_frac 1 / train/inv/weight 0 / train/loss/con 0.02 / train/loss/dyn 2.8 / train/loss/image 2.89 / train/loss/inv 0 / train/loss/policy -0.03 / train/loss/rep 2.8 / train/loss/repval 0.97 / train/loss/rew 0.58 / train/loss/value 0.88 / replay/replay_ratio 264 / fps/policy 6.05 / fps/train 1549.65

Writing metrics: /home/zhangpeiying01/lfy/btwm-7.7/runs/dreamerv3_dmc_walker_walk_seed2_dv3_300k_s2/metrics.jsonl
Writing metrics: /home/zhangpeiying01/lfy/btwm-7.7/runs/dreamerv3_dmc_walker_walk_seed2_dv3_300k_s2/scores.jsonl

--------------------[Agent Step 277_344]--------------------
Metrics filtered by: 'score|length|fps|ratio|train/loss/|train/acc/|train/inv/|train/rand/'
train/acc/inv 0.04 / train/inv/ce 3.25 / train/inv/confidence 0.04 / train/inv/confidence_gating 0 / train/inv/effective_rep_weight 0 / train/inv/head_objective 1.07 / train/inv/head_weight 0 / train/inv/objective 1.07 / train/inv/policy_weight_max 1 / train/inv/policy_weight_mean 1 / train/inv/policy_weight_min 1 / train/inv/policy_weight_std 0 / train/inv/valid_frac 1 / train/inv/weight 0 / train/loss/con 0.02 / train/loss/dyn 2.81 / train/loss/image 2.85 / train/loss/inv 0 / train/loss/policy -0.02 / train/loss/rep 2.81 / train/loss/repval 0.95 / train/loss/rew 0.58 / train/loss/value 0.87 / replay/replay_ratio 264 / fps/policy 6 / fps/train 1536.9

Writing metrics: /home/zhangpeiying01/lfy/btwm-7.7/runs/dreamerv3_dmc_walker_walk_seed2_dv3_300k_s2/scores.jsonl
Writing metrics: /home/zhangpeiying01/lfy/btwm-7.7/runs/dreamerv3_dmc_walker_walk_seed2_dv3_300k_s2/metrics.jsonl

--------------------[Agent Step 278_080]--------------------
Metrics filtered by: 'score|length|fps|ratio|train/loss/|train/acc/|train/inv/|train/rand/'
train/acc/inv 0.04 / train/inv/ce 3.25 / train/inv/confidence 0.04 / train/inv/confidence_gating 0 / train/inv/effective_rep_weight 0 / train/inv/head_objective 1.07 / train/inv/head_weight 0 / train/inv/objective 1.07 / train/inv/policy_weight_max 1 / train/inv/policy_weight_mean 1 / train/inv/policy_weight_min 1 / train/inv/policy_weight_std 0 / train/inv/valid_frac 1 / train/inv/weight 0 / train/loss/con 0.02 / train/loss/dyn 2.79 / train/loss/image 2.84 / train/loss/inv 0 / train/loss/policy -0.02 / train/loss/rep 2.79 / train/loss/repval 0.96 / train/loss/rew 0.58 / train/loss/value 0.87 / replay/replay_ratio 264 / fps/policy 6.02 / fps/train 1540.5

Writing metrics: /home/zhangpeiying01/lfy/btwm-7.7/runs/dreamerv3_dmc_walker_walk_seed2_dv3_300k_s2/metrics.jsonl
Writing metrics: /home/zhangpeiying01/lfy/btwm-7.7/runs/dreamerv3_dmc_walker_walk_seed2_dv3_300k_s2/scores.jsonl

--------------------[Agent Step 278_816]--------------------
Metrics filtered by: 'score|length|fps|ratio|train/loss/|train/acc/|train/inv/|train/rand/'
train/acc/inv 0.04 / train/inv/ce 3.25 / train/inv/confidence 0.04 / train/inv/confidence_gating 0 / train/inv/effective_rep_weight 0 / train/inv/head_objective 1.07 / train/inv/head_weight 0 / train/inv/objective 1.07 / train/inv/policy_weight_max 1 / train/inv/policy_weight_mean 1 / train/inv/policy_weight_min 1 / train/inv/policy_weight_std 0 / train/inv/valid_frac 1 / train/inv/weight 0 / train/loss/con 0.02 / train/loss/dyn 2.78 / train/loss/image 2.82 / train/loss/inv 0 / train/loss/policy -0.02 / train/loss/rep 2.78 / train/loss/repval 0.96 / train/loss/rew 0.58 / train/loss/value 0.87 / replay/replay_ratio 264 / fps/policy 6.06 / fps/train 1551.12

Writing metrics: /home/zhangpeiying01/lfy/btwm-7.7/runs/dreamerv3_dmc_walker_walk_seed2_dv3_300k_s2/metrics.jsonl
Writing metrics: /home/zhangpeiying01/lfy/btwm-7.7/runs/dreamerv3_dmc_walker_walk_seed2_dv3_300k_s2/scores.jsonl

--------------------[Agent Step 279_552]--------------------
Metrics filtered by: 'score|length|fps|ratio|train/loss/|train/acc/|train/inv/|train/rand/'
train/acc/inv 0.04 / train/inv/ce 3.25 / train/inv/confidence 0.04 / train/inv/confidence_gating 0 / train/inv/effective_rep_weight 0 / train/inv/head_objective 1.07 / train/inv/head_weight 0 / train/inv/objective 1.07 / train/inv/policy_weight_max 1 / train/inv/policy_weight_mean 1 / train/inv/policy_weight_min 1 / train/inv/policy_weight_std 0 / train/inv/valid_frac 1 / train/inv/weight 0 / train/loss/con 0.02 / train/loss/dyn 2.77 / train/loss/image 2.83 / train/loss/inv 0 / train/loss/policy -0.02 / train/loss/rep 2.77 / train/loss/repval 0.96 / train/loss/rew 0.58 / train/loss/value 0.87 / replay/replay_ratio 264 / fps/policy 6.03 / fps/train 1544.74

Writing metrics: /home/zhangpeiying01/lfy/btwm-7.7/runs/dreamerv3_dmc_walker_walk_seed2_dv3_300k_s2/metrics.jsonl
Writing metrics: /home/zhangpeiying01/lfy/btwm-7.7/runs/dreamerv3_dmc_walker_walk_seed2_dv3_300k_s2/scores.jsonl

--------------------[Agent Step 280_288]--------------------
Metrics filtered by: 'score|length|fps|ratio|train/loss/|train/acc/|train/inv/|train/rand/'
train/acc/inv 0.04 / train/inv/ce 3.25 / train/inv/confidence 0.04 / train/inv/confidence_gating 0 / train/inv/effective_rep_weight 0 / train/inv/head_objective 1.07 / train/inv/head_weight 0 / train/inv/objective 1.07 / train/inv/policy_weight_max 1 / train/inv/policy_weight_mean 1 / train/inv/policy_weight_min 1 / train/inv/policy_weight_std 0 / train/inv/valid_frac 1 / train/inv/weight 0 / train/loss/con 0.02 / train/loss/dyn 2.78 / train/loss/image 2.84 / train/loss/inv 0 / train/loss/policy -0.02 / train/loss/rep 2.78 / train/loss/repval 0.96 / train/loss/rew 0.58 / train/loss/value 0.87 / replay/replay_ratio 264 / fps/policy 6.02 / fps/train 1541.16

Writing metrics: /home/zhangpeiying01/lfy/btwm-7.7/runs/dreamerv3_dmc_walker_walk_seed2_dv3_300k_s2/scores.jsonl
Writing metrics: /home/zhangpeiying01/lfy/btwm-7.7/runs/dreamerv3_dmc_walker_walk_seed2_dv3_300k_s2/metrics.jsonl

--------------------[Agent Step 281_008]--------------------
Metrics filtered by: 'score|length|fps|ratio|train/loss/|train/acc/|train/inv/|train/rand/'
train/acc/inv 0.04 / train/inv/ce 3.25 / train/inv/confidence 0.04 / train/inv/confidence_gating 0 / train/inv/effective_rep_weight 0 / train/inv/head_objective 1.07 / train/inv/head_weight 0 / train/inv/objective 1.07 / train/inv/policy_weight_max 1 / train/inv/policy_weight_mean 1 / train/inv/policy_weight_min 1 / train/inv/policy_weight_std 0 / train/inv/valid_frac 1 / train/inv/weight 0 / train/loss/con 0.02 / train/loss/dyn 2.81 / train/loss/image 2.84 / train/loss/inv 0 / train/loss/policy -0.02 / train/loss/rep 2.81 / train/loss/repval 0.96 / train/loss/rew 0.58 / train/loss/value 0.87 / replay/replay_ratio 264 / fps/policy 5.98 / fps/train 1529.67

Writing metrics: /home/zhangpeiying01/lfy/btwm-7.7/runs/dreamerv3_dmc_walker_walk_seed2_dv3_300k_s2/scores.jsonl
Writing metrics: /home/zhangpeiying01/lfy/btwm-7.7/runs/dreamerv3_dmc_walker_walk_seed2_dv3_300k_s2/metrics.jsonl

--------------------[Agent Step 281_728]--------------------
Metrics filtered by: 'score|length|fps|ratio|train/loss/|train/acc/|train/inv/|train/rand/'
train/acc/inv 0.04 / train/inv/ce 3.25 / train/inv/confidence 0.04 / train/inv/confidence_gating 0 / train/inv/effective_rep_weight 0 / train/inv/head_objective 1.07 / train/inv/head_weight 0 / train/inv/objective 1.07 / train/inv/policy_weight_max 1 / train/inv/policy_weight_mean 1 / train/inv/policy_weight_min 1 / train/inv/policy_weight_std 0 / train/inv/valid_frac 1 / train/inv/weight 0 / train/loss/con 0.02 / train/loss/dyn 2.76 / train/loss/image 2.79 / train/loss/inv 0 / train/loss/policy -0.02 / train/loss/rep 2.76 / train/loss/repval 0.95 / train/loss/rew 0.58 / train/loss/value 0.87 / replay/replay_ratio 264 / fps/policy 5.99 / fps/train 1533.2

Writing metrics: /home/zhangpeiying01/lfy/btwm-7.7/runs/dreamerv3_dmc_walker_walk_seed2_dv3_300k_s2/metrics.jsonl
Writing metrics: /home/zhangpeiying01/lfy/btwm-7.7/runs/dreamerv3_dmc_walker_walk_seed2_dv3_300k_s2/scores.jsonl

--------------------[Agent Step 282_464]--------------------
Metrics filtered by: 'score|length|fps|ratio|train/loss/|train/acc/|train/inv/|train/rand/'
train/acc/inv 0.04 / train/inv/ce 3.25 / train/inv/confidence 0.04 / train/inv/confidence_gating 0 / train/inv/effective_rep_weight 0 / train/inv/head_objective 1.07 / train/inv/head_weight 0 / train/inv/objective 1.07 / train/inv/policy_weight_max 1 / train/inv/policy_weight_mean 1 / train/inv/policy_weight_min 1 / train/inv/policy_weight_std 0 / train/inv/valid_frac 1 / train/inv/weight 0 / train/loss/con 0.02 / train/loss/dyn 2.78 / train/loss/image 2.82 / train/loss/inv 0 / train/loss/policy -0.02 / train/loss/rep 2.78 / train/loss/repval 0.96 / train/loss/rew 0.58 / train/loss/value 0.87 / replay/replay_ratio 264 / fps/policy 5.99 / fps/train 1534.6

Writing metrics: /home/zhangpeiying01/lfy/btwm-7.7/runs/dreamerv3_dmc_walker_walk_seed2_dv3_300k_s2/scores.jsonl
Writing metrics: /home/zhangpeiying01/lfy/btwm-7.7/runs/dreamerv3_dmc_walker_walk_seed2_dv3_300k_s2/metrics.jsonl

--------------------[Agent Step 283_200]--------------------
Metrics filtered by: 'score|length|fps|ratio|train/loss/|train/acc/|train/inv/|train/rand/'
train/acc/inv 0.04 / train/inv/ce 3.25 / train/inv/confidence 0.04 / train/inv/confidence_gating 0 / train/inv/effective_rep_weight 0 / train/inv/head_objective 1.07 / train/inv/head_weight 0 / train/inv/objective 1.07 / train/inv/policy_weight_max 1 / train/inv/policy_weight_mean 1 / train/inv/policy_weight_min 1 / train/inv/policy_weight_std 0 / train/inv/valid_frac 1 / train/inv/weight 0 / train/loss/con 0.02 / train/loss/dyn 2.8 / train/loss/image 2.82 / train/loss/inv 0 / train/loss/policy -0.02 / train/loss/rep 2.8 / train/loss/repval 0.95 / train/loss/rew 0.58 / train/loss/value 0.87 / replay/replay_ratio 264 / fps/policy 6.01 / fps/train 1539.25

Writing metrics: /home/zhangpeiying01/lfy/btwm-7.7/runs/dreamerv3_dmc_walker_walk_seed2_dv3_300k_s2/scores.jsonl
Writing metrics: /home/zhangpeiying01/lfy/btwm-7.7/runs/dreamerv3_dmc_walker_walk_seed2_dv3_300k_s2/metrics.jsonl

--------------------[Agent Step 283_936]--------------------
Metrics filtered by: 'score|length|fps|ratio|train/loss/|train/acc/|train/inv/|train/rand/'
train/acc/inv 0.04 / train/inv/ce 3.25 / train/inv/confidence 0.04 / train/inv/confidence_gating 0 / train/inv/effective_rep_weight 0 / train/inv/head_objective 1.07 / train/inv/head_weight 0 / train/inv/objective 1.07 / train/inv/policy_weight_max 1 / train/inv/policy_weight_mean 1 / train/inv/policy_weight_min 1 / train/inv/policy_weight_std 0 / train/inv/valid_frac 1 / train/inv/weight 0 / train/loss/con 0.02 / train/loss/dyn 2.76 / train/loss/image 2.8 / train/loss/inv 0 / train/loss/policy -0.02 / train/loss/rep 2.76 / train/loss/repval 0.95 / train/loss/rew 0.59 / train/loss/value 0.86 / replay/replay_ratio 264 / fps/policy 6.07 / fps/train 1554.88

Writing metrics: /home/zhangpeiying01/lfy/btwm-7.7/runs/dreamerv3_dmc_walker_walk_seed2_dv3_300k_s2/metrics.jsonl
Writing metrics: /home/zhangpeiying01/lfy/btwm-7.7/runs/dreamerv3_dmc_walker_walk_seed2_dv3_300k_s2/scores.jsonl

--------------------[Agent Step 284_672]--------------------
Metrics filtered by: 'score|length|fps|ratio|train/loss/|train/acc/|train/inv/|train/rand/'
train/acc/inv 0.04 / train/inv/ce 3.25 / train/inv/confidence 0.04 / train/inv/confidence_gating 0 / train/inv/effective_rep_weight 0 / train/inv/head_objective 1.07 / train/inv/head_weight 0 / train/inv/objective 1.07 / train/inv/policy_weight_max 1 / train/inv/policy_weight_mean 1 / train/inv/policy_weight_min 1 / train/inv/policy_weight_std 0 / train/inv/valid_frac 1 / train/inv/weight 0 / train/loss/con 0.02 / train/loss/dyn 2.79 / train/loss/image 2.79 / train/loss/inv 0 / train/loss/policy -0.02 / train/loss/rep 2.79 / train/loss/repval 0.94 / train/loss/rew 0.58 / train/loss/value 0.86 / replay/replay_ratio 264 / fps/policy 6.05 / fps/train 1548.81

Writing metrics: /home/zhangpeiying01/lfy/btwm-7.7/runs/dreamerv3_dmc_walker_walk_seed2_dv3_300k_s2/scores.jsonl
Writing metrics: /home/zhangpeiying01/lfy/btwm-7.7/runs/dreamerv3_dmc_walker_walk_seed2_dv3_300k_s2/metrics.jsonl

--------------------[Agent Step 285_408]--------------------
Metrics filtered by: 'score|length|fps|ratio|train/loss/|train/acc/|train/inv/|train/rand/'
train/acc/inv 0.04 / train/inv/ce 3.25 / train/inv/confidence 0.04 / train/inv/confidence_gating 0 / train/inv/effective_rep_weight 0 / train/inv/head_objective 1.07 / train/inv/head_weight 0 / train/inv/objective 1.07 / train/inv/policy_weight_max 1 / train/inv/policy_weight_mean 1 / train/inv/policy_weight_min 1 / train/inv/policy_weight_std 0 / train/inv/valid_frac 1 / train/inv/weight 0 / train/loss/con 0.02 / train/loss/dyn 2.78 / train/loss/image 2.84 / train/loss/inv 0 / train/loss/policy -0.02 / train/loss/rep 2.78 / train/loss/repval 0.95 / train/loss/rew 0.58 / train/loss/value 0.86 / replay/replay_ratio 264 / fps/policy 6.02 / fps/train 1542.06

Writing metrics: /home/zhangpeiying01/lfy/btwm-7.7/runs/dreamerv3_dmc_walker_walk_seed2_dv3_300k_s2/scores.jsonl
Writing metrics: /home/zhangpeiying01/lfy/btwm-7.7/runs/dreamerv3_dmc_walker_walk_seed2_dv3_300k_s2/metrics.jsonl

--------------------[Agent Step 286_144]--------------------
Metrics filtered by: 'score|length|fps|ratio|train/loss/|train/acc/|train/inv/|train/rand/'
train/acc/inv 0.04 / train/inv/ce 3.25 / train/inv/confidence 0.04 / train/inv/confidence_gating 0 / train/inv/effective_rep_weight 0 / train/inv/head_objective 1.07 / train/inv/head_weight 0 / train/inv/objective 1.07 / train/inv/policy_weight_max 1 / train/inv/policy_weight_mean 1 / train/inv/policy_weight_min 1 / train/inv/policy_weight_std 0 / train/inv/valid_frac 1 / train/inv/weight 0 / train/loss/con 0.02 / train/loss/dyn 2.79 / train/loss/image 2.8 / train/loss/inv 0 / train/loss/policy -0.02 / train/loss/rep 2.79 / train/loss/repval 0.95 / train/loss/rew 0.58 / train/loss/value 0.86 / replay/replay_ratio 264 / fps/policy 6.01 / fps/train 1538.74

Writing metrics: /home/zhangpeiying01/lfy/btwm-7.7/runs/dreamerv3_dmc_walker_walk_seed2_dv3_300k_s2/metrics.jsonl
Writing metrics: /home/zhangpeiying01/lfy/btwm-7.7/runs/dreamerv3_dmc_walker_walk_seed2_dv3_300k_s2/scores.jsonl

--------------------[Agent Step 286_864]--------------------
Metrics filtered by: 'score|length|fps|ratio|train/loss/|train/acc/|train/inv/|train/rand/'
train/acc/inv 0.04 / train/inv/ce 3.25 / train/inv/confidence 0.04 / train/inv/confidence_gating 0 / train/inv/effective_rep_weight 0 / train/inv/head_objective 1.07 / train/inv/head_weight 0 / train/inv/objective 1.07 / train/inv/policy_weight_max 1 / train/inv/policy_weight_mean 1 / train/inv/policy_weight_min 1 / train/inv/policy_weight_std 0 / train/inv/valid_frac 1 / train/inv/weight 0 / train/loss/con 0.02 / train/loss/dyn 2.75 / train/loss/image 2.77 / train/loss/inv 0 / train/loss/policy -0.02 / train/loss/rep 2.75 / train/loss/repval 0.94 / train/loss/rew 0.58 / train/loss/value 0.85 / replay/replay_ratio 264 / fps/policy 6 / fps/train 1537.19

Writing metrics: /home/zhangpeiying01/lfy/btwm-7.7/runs/dreamerv3_dmc_walker_walk_seed2_dv3_300k_s2/scores.jsonl
Writing metrics: /home/zhangpeiying01/lfy/btwm-7.7/runs/dreamerv3_dmc_walker_walk_seed2_dv3_300k_s2/metrics.jsonl

--------------------[Agent Step 287_600]--------------------
Metrics filtered by: 'score|length|fps|ratio|train/loss/|train/acc/|train/inv/|train/rand/'
train/acc/inv 0.04 / train/inv/ce 3.25 / train/inv/confidence 0.04 / train/inv/confidence_gating 0 / train/inv/effective_rep_weight 0 / train/inv/head_objective 1.07 / train/inv/head_weight 0 / train/inv/objective 1.07 / train/inv/policy_weight_max 1 / train/inv/policy_weight_mean 1 / train/inv/policy_weight_min 1 / train/inv/policy_weight_std 0 / train/inv/valid_frac 1 / train/inv/weight 0 / train/loss/con 0.02 / train/loss/dyn 2.77 / train/loss/image 2.76 / train/loss/inv 0 / train/loss/policy -0.02 / train/loss/rep 2.77 / train/loss/repval 0.94 / train/loss/rew 0.59 / train/loss/value 0.85 / replay/replay_ratio 264 / fps/policy 6.01 / fps/train 1538.99

Writing metrics: /home/zhangpeiying01/lfy/btwm-7.7/runs/dreamerv3_dmc_walker_walk_seed2_dv3_300k_s2/scores.jsonl
Writing metrics: /home/zhangpeiying01/lfy/btwm-7.7/runs/dreamerv3_dmc_walker_walk_seed2_dv3_300k_s2/metrics.jsonl

--------------------[Agent Step 288_336]--------------------
Metrics filtered by: 'score|length|fps|ratio|train/loss/|train/acc/|train/inv/|train/rand/'
episode/score 978.83 / episode/length 1001 / train/acc/inv 0.04 / train/inv/ce 3.25 / train/inv/confidence 0.04 / train/inv/confidence_gating 0 / train/inv/effective_rep_weight 0 / train/inv/head_objective 1.07 / train/inv/head_weight 0 / train/inv/objective 1.07 / train/inv/policy_weight_max 1 / train/inv/policy_weight_mean 1 / train/inv/policy_weight_min 1 / train/inv/policy_weight_std 0 / train/inv/valid_frac 1 / train/inv/weight 0 / train/loss/con 0.02 / train/loss/dyn 2.8 / train/loss/image 2.8 / train/loss/inv 0 / train/loss/policy -0.02 / train/loss/rep 2.8 / train/loss/repval 0.94 / train/loss/rew 0.58 / train/loss/value 0.86 / replay/replay_ratio 264 / fps/policy 6.1 / fps/train 1560.52

Writing metrics: /home/zhangpeiying01/lfy/btwm-7.7/runs/dreamerv3_dmc_walker_walk_seed2_dv3_300k_s2/metrics.jsonl
Writing metrics: /home/zhangpeiying01/lfy/btwm-7.7/runs/dreamerv3_dmc_walker_walk_seed2_dv3_300k_s2/scores.jsonl

--------------------[Agent Step 289_072]--------------------
Metrics filtered by: 'score|length|fps|ratio|train/loss/|train/acc/|train/inv/|train/rand/'
train/acc/inv 0.04 / train/inv/ce 3.25 / train/inv/confidence 0.04 / train/inv/confidence_gating 0 / train/inv/effective_rep_weight 0 / train/inv/head_objective 1.07 / train/inv/head_weight 0 / train/inv/objective 1.07 / train/inv/policy_weight_max 1 / train/inv/policy_weight_mean 1 / train/inv/policy_weight_min 1 / train/inv/policy_weight_std 0 / train/inv/valid_frac 1 / train/inv/weight 0 / train/loss/con 0.02 / train/loss/dyn 2.92 / train/loss/image 2.89 / train/loss/inv 0 / train/loss/policy -0.02 / train/loss/rep 2.92 / train/loss/repval 0.94 / train/loss/rew 0.59 / train/loss/value 0.85 / replay/replay_ratio 264 / fps/policy 6.08 / fps/train 1557.69

Writing metrics: /home/zhangpeiying01/lfy/btwm-7.7/runs/dreamerv3_dmc_walker_walk_seed2_dv3_300k_s2/metrics.jsonl
Writing metrics: /home/zhangpeiying01/lfy/btwm-7.7/runs/dreamerv3_dmc_walker_walk_seed2_dv3_300k_s2/scores.jsonl

--------------------[Agent Step 289_808]--------------------
Metrics filtered by: 'score|length|fps|ratio|train/loss/|train/acc/|train/inv/|train/rand/'
train/acc/inv 0.04 / train/inv/ce 3.25 / train/inv/confidence 0.04 / train/inv/confidence_gating 0 / train/inv/effective_rep_weight 0 / train/inv/head_objective 1.07 / train/inv/head_weight 0 / train/inv/objective 1.07 / train/inv/policy_weight_max 1 / train/inv/policy_weight_mean 1 / train/inv/policy_weight_min 1 / train/inv/policy_weight_std 0 / train/inv/valid_frac 1 / train/inv/weight 0 / train/loss/con 0.02 / train/loss/dyn 2.85 / train/loss/image 2.88 / train/loss/inv 0 / train/loss/policy -0.02 / train/loss/rep 2.85 / train/loss/repval 0.94 / train/loss/rew 0.59 / train/loss/value 0.86 / replay/replay_ratio 264 / fps/policy 6.01 / fps/train 1539.53

Writing metrics: /home/zhangpeiying01/lfy/btwm-7.7/runs/dreamerv3_dmc_walker_walk_seed2_dv3_300k_s2/metrics.jsonl
Writing metrics: /home/zhangpeiying01/lfy/btwm-7.7/runs/dreamerv3_dmc_walker_walk_seed2_dv3_300k_s2/scores.jsonl

--------------------[Agent Step 290_576]--------------------
Metrics filtered by: 'score|length|fps|ratio|train/loss/|train/acc/|train/inv/|train/rand/'
train/acc/inv 0.04 / train/inv/ce 3.25 / train/inv/confidence 0.04 / train/inv/confidence_gating 0 / train/inv/effective_rep_weight 0 / train/inv/head_objective 1.07 / train/inv/head_weight 0 / train/inv/objective 1.07 / train/inv/policy_weight_max 1 / train/inv/policy_weight_mean 1 / train/inv/policy_weight_min 1 / train/inv/policy_weight_std 0 / train/inv/valid_frac 1 / train/inv/weight 0 / train/loss/con 0.02 / train/loss/dyn 2.82 / train/loss/image 2.89 / train/loss/inv 0 / train/loss/policy -0.02 / train/loss/rep 2.82 / train/loss/repval 0.94 / train/loss/rew 0.58 / train/loss/value 0.86 / replay/replay_ratio 264 / fps/policy 6.36 / fps/train 1627.63

Writing metrics: /home/zhangpeiying01/lfy/btwm-7.7/runs/dreamerv3_dmc_walker_walk_seed2_dv3_300k_s2/metrics.jsonl
Writing metrics: /home/zhangpeiying01/lfy/btwm-7.7/runs/dreamerv3_dmc_walker_walk_seed2_dv3_300k_s2/scores.jsonl

--------------------[Agent Step 291_312]--------------------
Metrics filtered by: 'score|length|fps|ratio|train/loss/|train/acc/|train/inv/|train/rand/'
train/acc/inv 0.04 / train/inv/ce 3.25 / train/inv/confidence 0.04 / train/inv/confidence_gating 0 / train/inv/effective_rep_weight 0 / train/inv/head_objective 1.07 / train/inv/head_weight 0 / train/inv/objective 1.07 / train/inv/policy_weight_max 1 / train/inv/policy_weight_mean 1 / train/inv/policy_weight_min 1 / train/inv/policy_weight_std 0 / train/inv/valid_frac 1 / train/inv/weight 0 / train/loss/con 0.02 / train/loss/dyn 2.74 / train/loss/image 2.77 / train/loss/inv 0 / train/loss/policy -0.02 / train/loss/rep 2.74 / train/loss/repval 0.94 / train/loss/rew 0.58 / train/loss/value 0.85 / replay/replay_ratio 264 / fps/policy 6.04 / fps/train 1547.42

Writing metrics: /home/zhangpeiying01/lfy/btwm-7.7/runs/dreamerv3_dmc_walker_walk_seed2_dv3_300k_s2/metrics.jsonl
Writing metrics: /home/zhangpeiying01/lfy/btwm-7.7/runs/dreamerv3_dmc_walker_walk_seed2_dv3_300k_s2/scores.jsonl

--------------------[Agent Step 292_048]--------------------
Metrics filtered by: 'score|length|fps|ratio|train/loss/|train/acc/|train/inv/|train/rand/'
train/acc/inv 0.04 / train/inv/ce 3.25 / train/inv/confidence 0.04 / train/inv/confidence_gating 0 / train/inv/effective_rep_weight 0 / train/inv/head_objective 1.07 / train/inv/head_weight 0 / train/inv/objective 1.07 / train/inv/policy_weight_max 1 / train/inv/policy_weight_mean 1 / train/inv/policy_weight_min 1 / train/inv/policy_weight_std 0 / train/inv/valid_frac 1 / train/inv/weight 0 / train/loss/con 0.02 / train/loss/dyn 2.77 / train/loss/image 2.81 / train/loss/inv 0 / train/loss/policy -0.02 / train/loss/rep 2.77 / train/loss/repval 0.94 / train/loss/rew 0.58 / train/loss/value 0.85 / replay/replay_ratio 264 / fps/policy 6.03 / fps/train 1542.59

Writing metrics: /home/zhangpeiying01/lfy/btwm-7.7/runs/dreamerv3_dmc_walker_walk_seed2_dv3_300k_s2/metrics.jsonl
Writing metrics: /home/zhangpeiying01/lfy/btwm-7.7/runs/dreamerv3_dmc_walker_walk_seed2_dv3_300k_s2/scores.jsonl
Saving checkpoint: /home/zhangpeiying01/lfy/btwm-7.7/runs/dreamerv3_dmc_walker_walk_seed2_dv3_300k_s2/ckpt/20260718T101915F753889
Saved checkpoint.

--------------------[Agent Step 292_784]--------------------
Metrics filtered by: 'score|length|fps|ratio|train/loss/|train/acc/|train/inv/|train/rand/'
train/acc/inv 0.04 / train/inv/ce 3.25 / train/inv/confidence 0.04 / train/inv/confidence_gating 0 / train/inv/effective_rep_weight 0 / train/inv/head_objective 1.07 / train/inv/head_weight 0 / train/inv/objective 1.07 / train/inv/policy_weight_max 1 / train/inv/policy_weight_mean 1 / train/inv/policy_weight_min 1 / train/inv/policy_weight_std 0 / train/inv/valid_frac 1 / train/inv/weight 0 / train/loss/con 0.02 / train/loss/dyn 2.75 / train/loss/image 2.8 / train/loss/inv 0 / train/loss/policy -0.02 / train/loss/rep 2.75 / train/loss/repval 0.94 / train/loss/rew 0.58 / train/loss/value 0.85 / replay/replay_ratio 264 / fps/policy 6.05 / fps/train 1548.89

Writing metrics: /home/zhangpeiying01/lfy/btwm-7.7/runs/dreamerv3_dmc_walker_walk_seed2_dv3_300k_s2/metrics.jsonl
Writing metrics: /home/zhangpeiying01/lfy/btwm-7.7/runs/dreamerv3_dmc_walker_walk_seed2_dv3_300k_s2/scores.jsonl

--------------------[Agent Step 293_536]--------------------
Metrics filtered by: 'score|length|fps|ratio|train/loss/|train/acc/|train/inv/|train/rand/'
train/acc/inv 0.04 / train/inv/ce 3.25 / train/inv/confidence 0.04 / train/inv/confidence_gating 0 / train/inv/effective_rep_weight 0 / train/inv/head_objective 1.07 / train/inv/head_weight 0 / train/inv/objective 1.07 / train/inv/policy_weight_max 1 / train/inv/policy_weight_mean 1 / train/inv/policy_weight_min 1 / train/inv/policy_weight_std 0 / train/inv/valid_frac 1 / train/inv/weight 0 / train/loss/con 0.02 / train/loss/dyn 2.77 / train/loss/image 2.8 / train/loss/inv 0 / train/loss/policy -0.02 / train/loss/rep 2.77 / train/loss/repval 0.94 / train/loss/rew 0.58 / train/loss/value 0.86 / replay/replay_ratio 264 / fps/policy 6.22 / fps/train 1593.36

Writing metrics: /home/zhangpeiying01/lfy/btwm-7.7/runs/dreamerv3_dmc_walker_walk_seed2_dv3_300k_s2/metrics.jsonl
Writing metrics: /home/zhangpeiying01/lfy/btwm-7.7/runs/dreamerv3_dmc_walker_walk_seed2_dv3_300k_s2/scores.jsonl

--------------------[Agent Step 294_272]--------------------
Metrics filtered by: 'score|length|fps|ratio|train/loss/|train/acc/|train/inv/|train/rand/'
train/acc/inv 0.04 / train/inv/ce 3.25 / train/inv/confidence 0.04 / train/inv/confidence_gating 0 / train/inv/effective_rep_weight 0 / train/inv/head_objective 1.07 / train/inv/head_weight 0 / train/inv/objective 1.07 / train/inv/policy_weight_max 1 / train/inv/policy_weight_mean 1 / train/inv/policy_weight_min 1 / train/inv/policy_weight_std 0 / train/inv/valid_frac 1 / train/inv/weight 0 / train/loss/con 0.02 / train/loss/dyn 2.77 / train/loss/image 2.76 / train/loss/inv 0 / train/loss/policy -0.02 / train/loss/rep 2.77 / train/loss/repval 0.94 / train/loss/rew 0.59 / train/loss/value 0.85 / replay/replay_ratio 264 / fps/policy 6.06 / fps/train 1552.06

Writing metrics: /home/zhangpeiying01/lfy/btwm-7.7/runs/dreamerv3_dmc_walker_walk_seed2_dv3_300k_s2/scores.jsonl
Writing metrics: /home/zhangpeiying01/lfy/btwm-7.7/runs/dreamerv3_dmc_walker_walk_seed2_dv3_300k_s2/metrics.jsonl

--------------------[Agent Step 295_008]--------------------
Metrics filtered by: 'score|length|fps|ratio|train/loss/|train/acc/|train/inv/|train/rand/'
train/acc/inv 0.04 / train/inv/ce 3.25 / train/inv/confidence 0.04 / train/inv/confidence_gating 0 / train/inv/effective_rep_weight 0 / train/inv/head_objective 1.07 / train/inv/head_weight 0 / train/inv/objective 1.07 / train/inv/policy_weight_max 1 / train/inv/policy_weight_mean 1 / train/inv/policy_weight_min 1 / train/inv/policy_weight_std 0 / train/inv/valid_frac 1 / train/inv/weight 0 / train/loss/con 0.02 / train/loss/dyn 2.79 / train/loss/image 2.78 / train/loss/inv 0 / train/loss/policy -0.03 / train/loss/rep 2.79 / train/loss/repval 0.94 / train/loss/rew 0.59 / train/loss/value 0.85 / replay/replay_ratio 264 / fps/policy 6.12 / fps/train 1567.73

Writing metrics: /home/zhangpeiying01/lfy/btwm-7.7/runs/dreamerv3_dmc_walker_walk_seed2_dv3_300k_s2/metrics.jsonl
Writing metrics: /home/zhangpeiying01/lfy/btwm-7.7/runs/dreamerv3_dmc_walker_walk_seed2_dv3_300k_s2/scores.jsonl

--------------------[Agent Step 296_224]--------------------
Metrics filtered by: 'score|length|fps|ratio|train/loss/|train/acc/|train/inv/|train/rand/'
train/acc/inv 0.04 / train/inv/ce 3.25 / train/inv/confidence 0.04 / train/inv/confidence_gating 0 / train/inv/effective_rep_weight 0 / train/inv/head_objective 1.07 / train/inv/head_weight 0 / train/inv/objective 1.07 / train/inv/policy_weight_max 1 / train/inv/policy_weight_mean 1 / train/inv/policy_weight_min 1 / train/inv/policy_weight_std 0 / train/inv/valid_frac 1 / train/inv/weight 0 / train/loss/con 0.02 / train/loss/dyn 2.75 / train/loss/image 2.77 / train/loss/inv 0 / train/loss/policy -0.03 / train/loss/rep 2.75 / train/loss/repval 0.94 / train/loss/rew 0.58 / train/loss/value 0.86 / replay/replay_ratio 264 / fps/policy 10.12 / fps/train 2591.86

Writing metrics: /home/zhangpeiying01/lfy/btwm-7.7/runs/dreamerv3_dmc_walker_walk_seed2_dv3_300k_s2/scores.jsonl
Writing metrics: /home/zhangpeiying01/lfy/btwm-7.7/runs/dreamerv3_dmc_walker_walk_seed2_dv3_300k_s2/metrics.jsonl

--------------------[Agent Step 297_472]--------------------
Metrics filtered by: 'score|length|fps|ratio|train/loss/|train/acc/|train/inv/|train/rand/'
train/acc/inv 0.04 / train/inv/ce 3.25 / train/inv/confidence 0.04 / train/inv/confidence_gating 0 / train/inv/effective_rep_weight 0 / train/inv/head_objective 1.07 / train/inv/head_weight 0 / train/inv/objective 1.07 / train/inv/policy_weight_max 1 / train/inv/policy_weight_mean 1 / train/inv/policy_weight_min 1 / train/inv/policy_weight_std 0 / train/inv/valid_frac 1 / train/inv/weight 0 / train/loss/con 0.02 / train/loss/dyn 2.74 / train/loss/image 2.74 / train/loss/inv 0 / train/loss/policy -0.03 / train/loss/rep 2.74 / train/loss/repval 0.94 / train/loss/rew 0.58 / train/loss/value 0.85 / replay/replay_ratio 264 / fps/policy 10.26 / fps/train 2627.68

Writing metrics: /home/zhangpeiying01/lfy/btwm-7.7/runs/dreamerv3_dmc_walker_walk_seed2_dv3_300k_s2/metrics.jsonl
Writing metrics: /home/zhangpeiying01/lfy/btwm-7.7/runs/dreamerv3_dmc_walker_walk_seed2_dv3_300k_s2/scores.jsonl

--------------------[Agent Step 298_608]--------------------
Metrics filtered by: 'score|length|fps|ratio|train/loss/|train/acc/|train/inv/|train/rand/'
train/acc/inv 0.04 / train/inv/ce 3.25 / train/inv/confidence 0.04 / train/inv/confidence_gating 0 / train/inv/effective_rep_weight 0 / train/inv/head_objective 1.07 / train/inv/head_weight 0 / train/inv/objective 1.07 / train/inv/policy_weight_max 1 / train/inv/policy_weight_mean 1 / train/inv/policy_weight_min 1 / train/inv/policy_weight_std 0 / train/inv/valid_frac 1 / train/inv/weight 0 / train/loss/con 0.02 / train/loss/dyn 2.76 / train/loss/image 2.77 / train/loss/inv 0 / train/loss/policy -0.02 / train/loss/rep 2.76 / train/loss/repval 0.94 / train/loss/rew 0.59 / train/loss/value 0.85 / replay/replay_ratio 264 / fps/policy 9.38 / fps/train 2401.28

Writing metrics: /home/zhangpeiying01/lfy/btwm-7.7/runs/dreamerv3_dmc_walker_walk_seed2_dv3_300k_s2/metrics.jsonl
Writing metrics: /home/zhangpeiying01/lfy/btwm-7.7/runs/dreamerv3_dmc_walker_walk_seed2_dv3_300k_s2/scores.jsonl

--------------------[Agent Step 299_616]--------------------
Metrics filtered by: 'score|length|fps|ratio|train/loss/|train/acc/|train/inv/|train/rand/'
train/acc/inv 0.04 / train/inv/ce 3.25 / train/inv/confidence 0.04 / train/inv/confidence_gating 0 / train/inv/effective_rep_weight 0 / train/inv/head_objective 1.07 / train/inv/head_weight 0 / train/inv/objective 1.07 / train/inv/policy_weight_max 1 / train/inv/policy_weight_mean 1 / train/inv/policy_weight_min 1 / train/inv/policy_weight_std 0 / train/inv/valid_frac 1 / train/inv/weight 0 / train/loss/con 0.02 / train/loss/dyn 2.76 / train/loss/image 2.74 / train/loss/inv 0 / train/loss/policy -0.03 / train/loss/rep 2.76 / train/loss/repval 0.93 / train/loss/rew 0.59 / train/loss/value 0.85 / replay/replay_ratio 264 / fps/policy 8.41 / fps/train 2151.74

Writing metrics: /home/zhangpeiying01/lfy/btwm-7.7/runs/dreamerv3_dmc_walker_walk_seed2_dv3_300k_s2/metrics.jsonl
Writing metrics: /home/zhangpeiying01/lfy/btwm-7.7/runs/dreamerv3_dmc_walker_walk_seed2_dv3_300k_s2/scores.jsonl
